candidate_count,passive_count,follower_count,leader_count,challenger_count,dormant_count,contender_count,leaders_auditing,election_contacts,hard_safety_violations,minimum_distance,component_count,largest_component_fraction,leader_reachable_fraction,single_leader_components,components_without_leader,components_with_multiple_leaders,heading_variance,goal_alignment,mean_local_coherence,centroid_distance,mean_speed,normalized_mean_speed,moving_fraction,centroid_progress,leader_goal_distance,max_anomaly_counter,swarm_goal_reached,leader_at_goal,mission_success,leader_gate,leader_tether,leader_agreement,round,leader_ids,recognition_precision,recognition_recall
80.000000,0.000000,0.000000,0.000000,0.000000,0.000000,80.000000,0.000000,101.000000,0.000000,5.000000,1.000000,1.000000,0.000000,0.000000,1.000000,0.000000,0.922732,0.003451,0.144482,962.572173,0.062500,0.041667,0.062500,0.052100,,0.000000,False,False,False,,,,0,-,,
80.000000,0.000000,0.000000,0.000000,0.000000,0.000000,80.000000,0.000000,101.000000,0.000000,5.000000,1.000000,1.000000,0.000000,0.000000,1.000000,0.000000,0.924960,0.003904,0.144164,962.538644,0.037500,0.025000,0.037500,0.033529,,0.000000,False,False,False,,,,1,-,,
71.000000,9.000000,0.000000,0.000000,0.000000,0.000000,71.000000,0.000000,98.000000,0.000000,5.000000,1.000000,1.000000,0.000000,0.000000,1.000000,0.000000,0.949061,0.037436,0.121616,962.462349,0.150000,0.100000,0.150000,0.076295,,0.000000,False,False,False,,,,2,-,,
67.000000,13.000000,0.000000,0.000000,0.000000,0.000000,67.000000,0.000000,93.000000,0.000000,5.000000,1.000000,1.000000,0.000000,0.000000,1.000000,0.000000,0.949294,0.027312,0.117340,962.373022,0.200000,0.133333,0.200000,0.089327,,0.000000,False,False,False,,,,3,-,,
53.000000,27.000000,0.000000,0.000000,0.000000,0.000000,53.000000,0.000000,89.000000,0.000000,5.000000,1.000000,1.000000,0.000000,0.000000,1.000000,0.000000,0.850850,0.000769,0.175927,962.315437,0.375000,0.250000,0.375000,0.057585,,0.000000,False,False,False,,,,4,-,,
41.000000,37.000000,0.000000,2.000000,0.000000,0.000000,43.000000,2.000000,78.000000,0.000000,5.000000,1.000000,1.000000,1.000000,0.000000,0.000000,1.000000,0.834119,0.041168,0.189093,962.243583,0.487500,0.325000,0.487500,0.071854,977.003539,0.000000,False,False,False,1.000000,1.000000,0.000000,5,"32,48",,
33.000000,45.000000,0.000000,2.000000,0.000000,0.000000,35.000000,1.000000,71.000000,0.000000,5.000000,1.000000,1.000000,1.000000,0.000000,0.000000,1.000000,0.891970,0.036312,0.134599,962.206109,0.587500,0.391667,0.587500,0.037474,977.003539,0.000000,False,False,False,1.000000,1.000000,0.000000,6,"32,48",,
23.000000,52.000000,3.000000,2.000000,0.000000,0.000000,25.000000,2.000000,61.000000,0.000000,5.000000,1.000000,1.000000,1.000000,0.000000,0.000000,1.000000,0.871968,0.009858,0.182119,962.175173,0.714980,0.476653,0.725000,0.030936,976.003541,0.000000,False,False,False,1.000000,1.000000,0.000000,7,"32,48",,
20.000000,50.000000,8.000000,2.000000,0.000000,0.000000,22.000000,0.000000,54.000000,0.000000,5.000000,1.000000,1.000000,1.000000,0.000000,0.000000,1.000000,0.816610,0.048532,0.221746,962.138289,0.735998,0.490666,0.750000,0.036884,976.003541,0.000000,False,False,False,,,,8,"32,48",0.000000,0.000000
20.000000,43.000000,15.000000,2.000000,0.000000,0.000000,22.000000,0.000000,54.000000,0.000000,5.000000,1.000000,1.000000,1.000000,0.000000,0.000000,1.000000,0.859480,-0.046759,0.196132,962.197090,0.733282,0.488854,0.750000,-0.058801,976.003541,0.000000,False,False,False,,,,9,"32,48",0.000000,0.000000
20.000000,36.000000,22.000000,2.000000,0.000000,0.000000,22.000000,0.000000,47.000000,0.000000,5.000000,1.000000,1.000000,1.000000,0.000000,0.000000,1.000000,0.903366,0.004665,0.164257,962.211696,0.710753,0.473836,0.737500,-0.014606,976.003541,0.000000,False,False,False,,,,10,"32,48",0.000000,0.000000
20.000000,31.000000,28.000000,1.000000,0.000000,0.000000,21.000000,0.000000,42.000000,0.000000,5.033662,1.000000,1.000000,1.000000,1.000000,0.000000,0.000000,0.869563,-0.087409,0.197728,962.312586,0.710384,0.473589,0.750000,-0.100890,976.003541,0.000000,False,False,False,,,,11,32,0.000000,0.000000
20.000000,26.000000,33.000000,1.000000,0.000000,0.000000,21.000000,0.000000,40.000000,0.000000,5.000000,1.000000,1.000000,1.000000,1.000000,0.000000,0.000000,0.885285,-0.080859,0.202010,962.380841,0.676773,0.451182,0.737500,-0.068255,976.003541,0.000000,False,False,False,,,,12,32,0.000000,0.000000
20.000000,19.000000,40.000000,1.000000,0.000000,0.000000,21.000000,0.000000,38.000000,0.000000,5.000000,1.000000,1.000000,1.000000,1.000000,0.000000,0.000000,0.827469,-0.098239,0.193100,962.473742,0.680692,0.453795,0.750000,-0.092901,976.003541,0.000000,False,False,False,,,,13,32,0.000000,0.000000
20.000000,12.000000,47.000000,1.000000,0.000000,0.000000,21.000000,0.000000,39.000000,0.000000,5.004656,1.000000,1.000000,1.000000,1.000000,0.000000,0.000000,0.862328,0.040266,0.154456,962.487740,0.645994,0.430662,0.737500,-0.013998,976.003541,0.000000,False,False,False,,,,14,32,0.000000,0.000000
20.000000,8.000000,51.000000,1.000000,0.000000,0.000000,21.000000,0.000000,35.000000,0.000000,5.000000,1.000000,1.000000,1.000000,1.000000,0.000000,0.000000,0.898284,0.030799,0.178076,962.448950,0.648677,0.432451,0.775000,0.038790,976.003541,0.000000,False,False,False,,,,15,32,0.000000,0.000000
20.000000,4.000000,55.000000,1.000000,0.000000,0.000000,21.000000,0.000000,33.000000,0.000000,5.262618,1.000000,1.000000,1.000000,1.000000,0.000000,0.000000,0.928001,-0.039706,0.178560,962.472029,0.649646,0.433097,0.762500,-0.023079,976.003541,0.000000,False,False,False,,,,16,32,0.000000,0.000000
20.000000,4.000000,55.000000,1.000000,0.000000,0.000000,21.000000,0.000000,37.000000,0.000000,5.000000,1.000000,1.000000,1.000000,1.000000,0.000000,0.000000,0.881570,-0.059041,0.234079,962.481926,0.654880,0.436587,0.787500,-0.009897,976.003541,0.000000,False,False,False,,,,17,32,0.000000,0.000000
20.000000,0.000000,59.000000,1.000000,0.000000,0.000000,21.000000,0.000000,35.000000,0.000000,5.728729,1.000000,1.000000,1.000000,1.000000,0.000000,0.000000,0.858833,-0.017712,0.234008,962.517798,0.659338,0.439559,0.775000,-0.035872,976.003541,0.000000,False,False,False,,,,18,32,0.000000,0.000000
20.000000,0.000000,59.000000,1.000000,0.000000,0.000000,21.000000,0.000000,44.000000,0.000000,5.000000,1.000000,1.000000,1.000000,1.000000,0.000000,0.000000,0.817197,-0.128558,0.270946,962.586920,0.644754,0.429836,0.775000,-0.069122,976.003541,0.000000,False,False,False,,,,19,32,0.000000,0.000000
19.000000,1.000000,59.000000,1.000000,0.000000,0.000000,20.000000,0.000000,38.000000,0.000000,5.717256,1.000000,1.000000,1.000000,1.000000,0.000000,0.000000,0.853868,-0.134496,0.299075,962.684614,0.676639,0.451093,0.762500,-0.097693,976.003541,1.000000,False,False,False,,,,20,32,0.000000,0.000000
19.000000,1.000000,59.000000,1.000000,0.000000,0.000000,20.000000,0.000000,34.000000,0.000000,5.282617,1.000000,1.000000,1.000000,1.000000,0.000000,0.000000,0.863780,-0.102835,0.222332,962.703970,0.675449,0.450299,0.787500,-0.019356,976.003541,2.000000,False,False,False,,,,21,32,0.000000,0.000000
19.000000,1.000000,59.000000,1.000000,0.000000,0.000000,20.000000,0.000000,37.000000,0.000000,5.894453,1.000000,1.000000,1.000000,1.000000,0.000000,0.000000,0.840385,-0.151438,0.269877,962.798300,0.676529,0.451019,0.787500,-0.094330,976.003541,3.000000,False,False,False,,,,22,32,0.000000,0.000000
19.000000,1.000000,59.000000,1.000000,0.000000,0.000000,20.000000,0.000000,36.000000,0.000000,5.749408,1.000000,1.000000,1.000000,1.000000,0.000000,0.000000,0.841907,-0.145954,0.251840,962.880818,0.713455,0.475637,0.812500,-0.082518,976.003541,4.000000,False,False,False,,,,23,32,0.000000,0.000000
19.000000,1.000000,59.000000,1.000000,0.000000,0.000000,20.000000,0.000000,42.000000,0.000000,6.048331,1.000000,1.000000,1.000000,1.000000,0.000000,0.000000,0.772089,-0.211835,0.306982,963.050561,0.704377,0.469585,0.800000,-0.169742,976.003541,4.000000,False,False,False,,,,24,32,0.000000,0.000000
19.000000,1.000000,59.000000,1.000000,0.000000,0.000000,20.000000,0.000000,39.000000,0.000000,5.918416,1.000000,1.000000,1.000000,1.000000,0.000000,0.000000,0.756484,-0.229398,0.251112,963.223857,0.681989,0.454659,0.775000,-0.173296,976.003541,5.000000,False,False,False,,,,25,32,0.000000,0.000000
19.000000,1.000000,59.000000,1.000000,0.000000,0.000000,20.000000,0.000000,40.000000,0.000000,5.800685,1.000000,1.000000,1.000000,1.000000,0.000000,0.000000,0.730420,-0.256527,0.312771,963.396937,0.671821,0.447881,0.787500,-0.173080,976.003541,6.000000,False,False,False,,,,26,32,0.000000,0.000000
17.000000,2.000000,59.000000,2.000000,0.000000,0.000000,19.000000,1.000000,37.000000,0.000000,5.480266,1.000000,1.000000,1.000000,0.000000,0.000000,1.000000,0.795332,-0.193384,0.234036,963.550572,0.676926,0.451284,0.787500,-0.153635,947.280844,7.000000,False,False,False,1.000000,1.000000,0.000000,27,"32,38",0.000000,0.000000
17.000000,2.000000,58.000000,2.000000,1.000000,0.000000,19.000000,0.000000,40.000000,0.000000,5.662837,1.000000,1.000000,1.000000,0.000000,0.000000,1.000000,0.834851,-0.157532,0.234824,963.660060,0.660962,0.440641,0.775000,-0.109488,947.280844,7.000000,False,False,False,,,,28,"32,38",0.000000,0.000000
17.000000,1.000000,56.000000,2.000000,4.000000,0.000000,19.000000,0.000000,38.000000,0.000000,5.502852,1.000000,1.000000,1.000000,0.000000,0.000000,1.000000,0.927451,-0.045856,0.228516,963.715497,0.649112,0.432741,0.762500,-0.055436,947.280844,7.000000,False,False,False,,,,29,"32,38",0.000000,0.000000
17.000000,1.000000,55.000000,2.000000,5.000000,0.000000,19.000000,0.000000,40.000000,0.000000,6.163606,1.000000,1.000000,1.000000,0.000000,0.000000,1.000000,0.833175,-0.122357,0.232726,963.764115,0.653879,0.435919,0.775000,-0.048619,947.280844,7.000000,False,False,False,,,,30,"32,38",0.000000,0.000000
17.000000,1.000000,53.000000,2.000000,7.000000,0.000000,19.000000,0.000000,39.000000,0.000000,5.919615,1.000000,1.000000,1.000000,0.000000,0.000000,1.000000,0.901012,-0.056940,0.265672,963.765398,0.638208,0.425472,0.775000,-0.001283,947.280844,7.000000,False,False,False,,,,31,"32,38",0.000000,0.000000
17.000000,1.000000,51.000000,2.000000,9.000000,0.000000,19.000000,0.000000,39.000000,0.000000,5.242596,1.000000,1.000000,1.000000,0.000000,0.000000,1.000000,0.865251,-0.055995,0.251547,963.778536,0.622831,0.415221,0.762500,-0.013138,947.280844,7.000000,False,False,False,,,,32,"32,38",0.000000,0.000000
16.000000,2.000000,47.000000,2.000000,13.000000,0.000000,18.000000,1.000000,39.000000,0.000000,5.000000,1.000000,1.000000,1.000000,0.000000,0.000000,1.000000,0.920504,-0.028169,0.279141,963.774841,0.639407,0.426271,0.800000,0.003695,948.205928,7.000000,False,False,False,1.000000,1.000000,0.000000,33,"32,38",0.000000,0.000000
18.000000,2.000000,46.000000,2.000000,12.000000,0.000000,20.000000,0.000000,44.000000,0.000000,5.000000,1.000000,1.000000,1.000000,0.000000,0.000000,1.000000,0.833679,-0.108402,0.278179,963.875863,0.648277,0.432184,0.775000,-0.101022,948.205928,7.000000,False,False,False,,,,34,"32,38",0.000000,0.000000
21.000000,2.000000,42.000000,2.000000,13.000000,0.000000,23.000000,0.000000,49.000000,0.000000,5.000000,1.000000,1.000000,1.000000,0.000000,0.000000,1.000000,0.899793,-0.064638,0.220865,963.934279,0.670726,0.447151,0.787500,-0.058416,948.205928,7.000000,False,False,False,,,,35,"32,38",0.000000,0.000000
24.000000,2.000000,38.000000,2.000000,14.000000,0.000000,26.000000,0.000000,51.000000,0.000000,5.000000,1.000000,1.000000,1.000000,0.000000,0.000000,1.000000,0.975803,0.029250,0.272717,963.969156,0.598361,0.398907,0.712500,-0.034877,948.205928,7.000000,False,False,False,,,,36,"32,38",0.000000,0.000000
25.000000,2.000000,39.000000,2.000000,12.000000,0.000000,27.000000,0.000000,53.000000,0.000000,5.000000,1.000000,1.000000,1.000000,0.000000,0.000000,1.000000,0.821482,0.167904,0.315338,963.894495,0.560661,0.373774,0.687500,0.074661,948.205928,3.000000,False,False,False,,,,37,"32,38",0.000000,0.000000
23.000000,4.000000,40.000000,2.000000,11.000000,0.000000,25.000000,0.000000,49.000000,0.000000,5.000000,1.000000,1.000000,1.000000,0.000000,0.000000,1.000000,0.891084,0.115187,0.291871,963.818845,0.574671,0.383114,0.712500,0.075650,948.205928,3.000000,False,False,False,,,,38,"32,38",0.000000,0.000000
27.000000,4.000000,40.000000,2.000000,7.000000,0.000000,29.000000,0.000000,50.000000,0.000000,5.000000,1.000000,1.000000,1.000000,0.000000,0.000000,1.000000,0.949834,0.008546,0.304734,963.878634,0.591834,0.394556,0.725000,-0.059790,948.205928,4.000000,False,False,False,,,,39,"32,38",0.000000,0.000000
28.000000,7.000000,40.000000,2.000000,3.000000,0.000000,30.000000,0.000000,54.000000,0.000000,5.000000,1.000000,1.000000,1.000000,0.000000,0.000000,1.000000,0.914061,0.054489,0.366301,963.882107,0.547427,0.364952,0.687500,-0.003472,948.205928,5.000000,False,False,False,,,,40,"32,38",0.000000,0.000000
28.000000,6.000000,41.000000,2.000000,3.000000,0.000000,30.000000,0.000000,56.000000,0.000000,5.000000,1.000000,1.000000,1.000000,0.000000,0.000000,1.000000,0.946116,0.063135,0.288793,963.863570,0.506823,0.337882,0.650000,0.018537,948.205928,5.000000,False,False,False,,,,41,"32,38",0.000000,0.000000
27.000000,9.000000,41.000000,2.000000,1.000000,0.000000,29.000000,0.000000,57.000000,0.000000,5.000000,1.000000,1.000000,1.000000,0.000000,0.000000,1.000000,0.826405,0.001700,0.245449,963.886898,0.545856,0.363904,0.687500,-0.023328,948.205928,6.000000,False,False,False,,,,42,"32,38",0.000000,0.000000
25.000000,11.000000,42.000000,2.000000,0.000000,0.000000,27.000000,0.000000,56.000000,0.000000,5.000000,1.000000,1.000000,1.000000,0.000000,0.000000,1.000000,0.831080,0.113641,0.236688,963.808341,0.608305,0.405537,0.725000,0.078558,948.205928,7.000000,False,False,False,,,,43,"32,38",0.000000,0.000000
21.000000,14.000000,42.000000,2.000000,1.000000,0.000000,23.000000,0.000000,57.000000,0.000000,5.000000,1.000000,1.000000,1.000000,0.000000,0.000000,1.000000,0.897321,0.061834,0.251213,963.774083,0.603687,0.402458,0.725000,0.034258,948.205928,3.000000,False,False,False,,,,44,"32,38",0.023810,0.038462
19.000000,13.000000,45.000000,2.000000,1.000000,0.000000,21.000000,0.000000,56.000000,0.000000,5.000000,1.000000,1.000000,1.000000,0.000000,0.000000,1.000000,0.977017,0.010174,0.217484,963.796575,0.657739,0.438493,0.750000,-0.022493,948.205928,4.000000,False,False,False,,,,45,"32,38",0.000000,0.000000
16.000000,15.000000,46.000000,2.000000,1.000000,0.000000,18.000000,0.000000,55.000000,0.000000,5.043149,1.000000,1.000000,1.000000,0.000000,0.000000,1.000000,0.896614,0.052694,0.153427,963.793560,0.712122,0.474748,0.787500,0.003015,948.205928,5.000000,False,False,False,,,,46,"32,38",0.000000,0.000000
16.000000,14.000000,47.000000,2.000000,1.000000,0.000000,18.000000,0.000000,54.000000,0.000000,5.399993,1.000000,1.000000,1.000000,0.000000,0.000000,1.000000,0.842690,0.096372,0.159693,963.765801,0.731728,0.487819,0.787500,0.027760,948.205928,6.000000,False,False,False,,,,47,"32,38",0.130435,0.200000
16.000000,13.000000,48.000000,2.000000,1.000000,0.000000,18.000000,0.000000,45.000000,0.000000,5.000000,1.000000,1.000000,1.000000,0.000000,0.000000,1.000000,0.684258,0.272160,0.327582,963.579089,0.703551,0.469034,0.775000,0.186711,948.205928,7.000000,False,False,False,,,,48,"32,38",0.255319,0.387097
15.000000,12.000000,49.000000,2.000000,2.000000,0.000000,17.000000,0.000000,48.000000,0.000000,5.000000,1.000000,1.000000,1.000000,0.000000,0.000000,1.000000,0.774639,0.149426,0.262509,963.520892,0.729162,0.486108,0.812500,0.058198,948.205928,4.000000,False,False,False,,,,49,"32,38",0.208333,0.312500
16.000000,10.000000,51.000000,2.000000,1.000000,0.000000,18.000000,0.000000,46.000000,0.000000,5.000000,1.000000,1.000000,1.000000,0.000000,0.000000,1.000000,0.810444,0.139870,0.254845,963.451912,0.700775,0.467183,0.787500,0.068980,948.205928,5.000000,False,False,False,,,,50,"32,38",0.224490,0.333333
16.000000,7.000000,54.000000,2.000000,1.000000,0.000000,18.000000,0.000000,55.000000,0.000000,5.000000,1.000000,1.000000,1.000000,0.000000,0.000000,1.000000,0.872250,0.108552,0.213866,963.402443,0.706722,0.471148,0.787500,0.049469,948.205928,6.000000,False,False,False,,,,51,"32,38",0.235294,0.333333
15.000000,5.000000,57.000000,2.000000,1.000000,0.000000,17.000000,0.000000,48.000000,0.000000,5.306389,1.000000,1.000000,1.000000,0.000000,0.000000,1.000000,0.837193,0.130299,0.243818,963.343607,0.707008,0.471339,0.787500,0.058836,948.205928,7.000000,False,False,False,,,,52,"32,38",0.222222,0.315789
15.000000,3.000000,57.000000,2.000000,3.000000,0.000000,17.000000,0.000000,49.000000,0.000000,5.405091,1.000000,1.000000,1.000000,0.000000,0.000000,1.000000,0.810829,0.151161,0.267561,963.261271,0.695112,0.463408,0.787500,0.082336,948.205928,7.000000,False,False,False,,,,53,"32,38",0.157895,0.214286
16.000000,3.000000,56.000000,2.000000,3.000000,0.000000,18.000000,0.000000,52.000000,0.000000,5.600201,1.000000,1.000000,1.000000,0.000000,0.000000,1.000000,0.767817,0.173940,0.319703,963.163881,0.683799,0.455866,0.787500,0.097390,948.205928,5.000000,False,False,False,,,,54,"32,38",0.157895,0.214286
16.000000,1.000000,58.000000,2.000000,3.000000,0.000000,18.000000,0.000000,51.000000,0.000000,5.358323,1.000000,1.000000,1.000000,0.000000,0.000000,1.000000,0.883248,0.082710,0.240695,963.134131,0.723821,0.482548,0.787500,0.029749,948.205928,6.000000,False,False,False,,,,55,"32,38",0.160714,0.214286
17.000000,0.000000,59.000000,2.000000,2.000000,0.000000,19.000000,0.000000,50.000000,0.000000,5.400091,1.000000,1.000000,1.000000,0.000000,0.000000,1.000000,0.814233,0.119499,0.317500,963.068534,0.681518,0.454345,0.775000,0.065597,948.205928,7.000000,False,False,False,,,,56,"32,38",0.137931,0.186047
17.000000,0.000000,57.000000,2.000000,4.000000,0.000000,19.000000,0.000000,56.000000,0.000000,5.414598,1.000000,1.000000,1.000000,0.000000,0.000000,1.000000,0.810275,0.151620,0.267904,962.990600,0.683395,0.455597,0.775000,0.077933,948.205928,7.000000,False,False,False,,,,57,"32,38",0.135593,0.177778
19.000000,0.000000,56.000000,2.000000,3.000000,0.000000,21.000000,0.000000,58.000000,0.000000,5.685743,1.000000,1.000000,1.000000,0.000000,0.000000,1.000000,0.859102,0.136408,0.232754,962.945193,0.695709,0.463806,0.775000,0.045407,948.205928,5.000000,False,False,False,,,,58,"32,38",0.140351,0.195122
19.000000,0.000000,56.000000,2.000000,3.000000,0.000000,21.000000,0.000000,55.000000,0.000000,5.000000,1.000000,1.000000,1.000000,0.000000,0.000000,1.000000,0.931389,0.064776,0.198823,962.927617,0.670558,0.447039,0.737500,0.017576,948.205928,6.000000,False,False,False,,,,59,"32,38",0.125000,0.166667
18.000000,1.000000,56.000000,2.000000,3.000000,0.000000,20.000000,0.000000,57.000000,0.000000,5.273418,1.000000,1.000000,1.000000,0.000000,0.000000,1.000000,0.824787,0.125993,0.273138,962.868235,0.671484,0.447656,0.762500,0.059382,947.928844,7.000000,False,False,False,,,,60,"32,38",0.125000,0.175000
18.000000,1.000000,55.000000,2.000000,4.000000,0.000000,20.000000,0.000000,54.000000,0.000000,5.000000,1.000000,1.000000,1.000000,0.000000,0.000000,1.000000,0.892099,0.108823,0.214395,962.787553,0.662738,0.441826,0.750000,0.080682,947.928844,6.000000,False,False,False,,,,61,"32,38",0.035714,0.047619
18.000000,1.000000,55.000000,2.000000,4.000000,0.000000,20.000000,0.000000,51.000000,0.000000,5.000000,1.000000,1.000000,1.000000,0.000000,0.000000,1.000000,0.926754,0.069366,0.235998,962.775456,0.656732,0.437821,0.750000,0.012097,947.928844,7.000000,False,False,False,,,,62,"32,38",0.127273,0.179487
18.000000,2.000000,54.000000,2.000000,4.000000,0.000000,20.000000,0.000000,51.000000,0.000000,5.000000,1.000000,1.000000,1.000000,0.000000,0.000000,1.000000,0.852898,0.153906,0.241196,962.686105,0.663232,0.442155,0.775000,0.089351,947.652354,7.000000,False,False,False,,,,63,"32,38",0.127273,0.166667
19.000000,3.000000,52.000000,2.000000,4.000000,0.000000,21.000000,0.000000,49.000000,0.000000,5.000000,1.000000,1.000000,1.000000,0.000000,0.000000,1.000000,0.874392,0.133018,0.265203,962.627938,0.681590,0.454393,0.775000,0.058167,947.652354,7.000000,False,False,False,,,,64,"32,38",0.037037,0.051282
19.000000,2.000000,50.000000,2.000000,7.000000,0.000000,21.000000,0.000000,52.000000,0.000000,5.000000,1.000000,1.000000,1.000000,0.000000,0.000000,1.000000,0.802715,0.190748,0.319534,962.486185,0.664085,0.442723,0.775000,0.141753,947.376459,7.000000,False,False,False,,,,65,"32,38",0.423077,0.550000
18.000000,3.000000,50.000000,2.000000,7.000000,0.000000,20.000000,0.000000,54.000000,0.000000,5.000000,1.000000,1.000000,1.000000,0.000000,0.000000,1.000000,0.845947,0.162098,0.294139,962.399255,0.631995,0.421330,0.750000,0.086930,947.376459,7.000000,False,False,False,,,,66,"32,38",0.320000,0.432432
18.000000,4.000000,49.000000,2.000000,7.000000,0.000000,20.000000,0.000000,47.000000,0.000000,5.000000,1.000000,1.000000,1.000000,0.000000,0.000000,1.000000,0.800975,0.204265,0.305213,962.284534,0.659019,0.439346,0.787500,0.114721,947.376459,7.000000,False,False,False,,,,67,"32,38",0.140000,0.179487
17.000000,5.000000,49.000000,1.000000,8.000000,0.000000,18.000000,0.000000,51.000000,0.000000,5.000000,1.000000,1.000000,1.000000,1.000000,0.000000,0.000000,0.719574,0.289238,0.388298,962.090662,0.662245,0.441497,0.800000,0.193872,947.376459,7.000000,False,False,False,,,,68,38,0.163265,0.210526
18.000000,6.000000,49.000000,1.000000,6.000000,0.000000,19.000000,0.000000,51.000000,0.000000,5.000000,1.000000,1.000000,1.000000,1.000000,0.000000,0.000000,0.817946,0.183068,0.282808,961.969298,0.685096,0.456731,0.812500,0.121364,947.376459,6.000000,False,False,False,,,,69,38,0.142857,0.280000
21.000000,5.000000,50.000000,1.000000,3.000000,0.000000,22.000000,0.000000,55.000000,0.000000,5.000000,1.000000,1.000000,1.000000,1.000000,0.000000,0.000000,0.826599,0.164100,0.292846,961.862842,0.659422,0.439614,0.775000,0.106456,947.376459,7.000000,False,False,False,,,,70,38,0.285714,0.560000
20.000000,5.000000,51.000000,1.000000,3.000000,0.000000,21.000000,0.000000,52.000000,0.000000,5.000000,1.000000,1.000000,1.000000,1.000000,0.000000,0.000000,0.841445,0.152603,0.225404,961.783115,0.680899,0.453933,0.775000,0.079727,947.376459,7.000000,False,False,False,,,,71,38,0.140000,0.269231
19.000000,6.000000,50.000000,1.000000,4.000000,0.000000,20.000000,0.000000,55.000000,0.000000,5.000000,1.000000,1.000000,1.000000,1.000000,0.000000,0.000000,0.706818,0.264403,0.361755,961.650629,0.679907,0.453272,0.787500,0.132486,947.376459,7.000000,False,False,False,,,,72,38,0.392157,0.769231
20.000000,6.000000,49.000000,1.000000,4.000000,0.000000,21.000000,0.000000,52.000000,0.000000,5.000000,1.000000,1.000000,1.000000,1.000000,0.000000,0.000000,0.690434,0.278163,0.350173,961.497059,0.664159,0.442773,0.762500,0.153570,947.376459,6.000000,False,False,False,,,,73,38,0.240000,0.461538
20.000000,7.000000,49.000000,1.000000,3.000000,0.000000,21.000000,0.000000,52.000000,0.000000,5.000000,1.000000,1.000000,1.000000,1.000000,0.000000,0.000000,0.686730,0.315375,0.375795,961.299952,0.639910,0.426607,0.762500,0.197107,947.376459,7.000000,False,False,False,,,,74,38,0.244898,0.461538
20.000000,7.000000,48.000000,1.000000,4.000000,0.000000,21.000000,0.000000,55.000000,0.000000,5.000000,1.000000,1.000000,1.000000,1.000000,0.000000,0.000000,0.626912,0.338208,0.386175,961.083227,0.629974,0.419982,0.750000,0.216725,947.376459,7.000000,False,False,False,,,,75,38,0.448980,0.846154
20.000000,7.000000,47.000000,1.000000,5.000000,0.000000,21.000000,0.000000,51.000000,0.000000,5.000000,1.000000,1.000000,1.000000,1.000000,0.000000,0.000000,0.704395,0.294571,0.347116,960.919538,0.631943,0.421295,0.750000,0.163690,947.376459,7.000000,False,False,False,,,,76,38,0.270833,0.520000
21.000000,5.000000,47.000000,1.000000,6.000000,0.000000,22.000000,0.000000,49.000000,0.000000,5.000000,1.000000,1.000000,1.000000,1.000000,0.000000,0.000000,0.661521,0.342739,0.363980,960.741328,0.644150,0.429434,0.762500,0.178210,947.376459,2.000000,False,False,False,,,,77,38,0.276596,0.500000
21.000000,5.000000,48.000000,1.000000,5.000000,0.000000,22.000000,0.000000,53.000000,0.000000,5.000000,1.000000,1.000000,1.000000,1.000000,0.000000,0.000000,0.614099,0.388998,0.420269,960.518851,0.620460,0.413640,0.750000,0.222477,947.376459,3.000000,False,False,False,,,,78,38,0.255319,0.461538
20.000000,6.000000,48.000000,1.000000,5.000000,0.000000,21.000000,0.000000,48.000000,0.000000,5.000000,1.000000,1.000000,1.000000,1.000000,0.000000,0.000000,0.566563,0.436831,0.431676,960.259804,0.603235,0.402157,0.750000,0.259047,947.376459,3.000000,False,False,False,,,,79,38,0.270833,0.481481
20.000000,6.000000,49.000000,1.000000,4.000000,0.000000,21.000000,0.000000,52.000000,0.000000,5.000000,1.000000,1.000000,1.000000,1.000000,0.000000,0.000000,0.649416,0.351174,0.372901,960.078840,0.622358,0.414905,0.750000,0.180964,947.376459,4.000000,False,False,False,,,,80,38,0.270833,0.481481
21.000000,6.000000,50.000000,1.000000,2.000000,0.000000,22.000000,0.000000,50.000000,0.000000,5.000000,1.000000,1.000000,1.000000,1.000000,0.000000,0.000000,0.630111,0.371926,0.379314,959.870320,0.624899,0.416599,0.762500,0.208520,947.376459,2.000000,False,False,False,,,,81,38,0.285714,0.500000
21.000000,4.000000,52.000000,1.000000,2.000000,0.000000,22.000000,0.000000,46.000000,0.000000,5.000000,1.000000,1.000000,1.000000,1.000000,0.000000,0.000000,0.666752,0.338345,0.325487,959.670616,0.646297,0.430865,0.775000,0.199704,947.376459,1.000000,False,False,False,,,,82,38,0.300000,0.517241
22.000000,5.000000,52.000000,1.000000,0.000000,0.000000,23.000000,0.000000,56.000000,0.000000,5.000000,1.000000,1.000000,1.000000,1.000000,0.000000,0.000000,0.512889,0.492868,0.486599,959.334717,0.612649,0.408433,0.762500,0.335899,947.376459,2.000000,False,False,False,,,,83,38,0.307692,0.551724
21.000000,5.000000,53.000000,1.000000,0.000000,0.000000,22.000000,0.000000,53.000000,0.000000,5.000000,1.000000,1.000000,1.000000,1.000000,0.000000,0.000000,0.603952,0.397103,0.385858,959.099891,0.603530,0.402353,0.737500,0.234826,947.376459,1.000000,False,False,False,,,,84,38,0.307692,0.551724
19.000000,7.000000,53.000000,1.000000,0.000000,0.000000,20.000000,0.000000,54.000000,0.000000,5.000000,1.000000,1.000000,1.000000,1.000000,0.000000,0.000000,0.624001,0.379855,0.349925,958.891396,0.595712,0.397141,0.750000,0.208495,947.376459,1.000000,False,False,False,,,,85,38,0.301887,0.551724
17.000000,7.000000,55.000000,1.000000,0.000000,0.000000,18.000000,0.000000,55.000000,0.000000,5.000000,1.000000,1.000000,1.000000,1.000000,0.000000,0.000000,0.724360,0.275113,0.274281,958.744683,0.635291,0.423527,0.775000,0.146713,947.376459,2.000000,False,False,False,,,,86,38,0.301887,0.533333
17.000000,7.000000,55.000000,1.000000,0.000000,0.000000,18.000000,0.000000,49.000000,0.000000,5.000000,1.000000,1.000000,1.000000,1.000000,0.000000,0.000000,0.693278,0.281720,0.344677,958.576818,0.634759,0.423173,0.775000,0.167865,947.376459,3.000000,False,False,False,,,,87,38,0.290909,0.533333
15.000000,8.000000,56.000000,1.000000,0.000000,0.000000,16.000000,0.000000,48.000000,0.000000,5.000000,1.000000,1.000000,1.000000,1.000000,0.000000,0.000000,0.697551,0.297282,0.320440,958.386701,0.643396,0.428931,0.800000,0.190117,947.376459,4.000000,False,False,False,,,,88,38,0.272727,0.517241
14.000000,7.000000,58.000000,1.000000,0.000000,0.000000,15.000000,0.000000,53.000000,0.000000,5.054870,1.000000,1.000000,1.000000,1.000000,0.000000,0.000000,0.702414,0.280438,0.317254,958.199791,0.658181,0.438788,0.812500,0.186910,947.376459,5.000000,False,False,False,,,,89,38,0.232143,0.448276
14.000000,7.000000,58.000000,1.000000,0.000000,0.000000,15.000000,0.000000,46.000000,0.000000,5.110589,1.000000,1.000000,1.000000,1.000000,0.000000,0.000000,0.744924,0.237169,0.251239,958.051267,0.697544,0.465029,0.812500,0.148524,947.376459,6.000000,False,False,False,,,,90,38,0.258621,0.483871
14.000000,7.000000,58.000000,1.000000,0.000000,0.000000,15.000000,0.000000,40.000000,0.000000,5.022475,1.000000,1.000000,1.000000,1.000000,0.000000,0.000000,0.643196,0.341263,0.348372,957.819065,0.689638,0.459759,0.825000,0.232202,947.376459,7.000000,False,False,False,,,,91,38,0.258621,0.468750
14.000000,5.000000,59.000000,1.000000,1.000000,0.000000,15.000000,0.000000,46.000000,0.000000,5.577970,1.000000,1.000000,1.000000,1.000000,0.000000,0.000000,0.737805,0.262800,0.266071,957.666756,0.672798,0.448532,0.812500,0.152309,947.376459,7.000000,False,False,False,,,,92,38,0.241379,0.466667
14.000000,4.000000,57.000000,1.000000,4.000000,0.000000,15.000000,0.000000,35.000000,0.000000,5.000000,1.000000,1.000000,1.000000,1.000000,0.000000,0.000000,0.657458,0.343141,0.350702,957.432136,0.669022,0.446015,0.812500,0.234620,947.376459,7.000000,False,False,False,,,,93,38,0.254237,0.483871
14.000000,3.000000,58.000000,1.000000,4.000000,0.000000,15.000000,0.000000,44.000000,0.000000,5.000000,1.000000,1.000000,1.000000,1.000000,0.000000,0.000000,0.663642,0.340044,0.342471,957.215792,0.638807,0.425871,0.812500,0.216344,947.376459,6.000000,False,False,False,,,,94,38,0.228070,0.433333
15.000000,3.000000,58.000000,1.000000,3.000000,0.000000,16.000000,0.000000,44.000000,0.000000,5.000000,1.000000,1.000000,1.000000,1.000000,0.000000,0.000000,0.694181,0.304746,0.322721,957.012806,0.695469,0.463646,0.837500,0.202985,947.158543,7.000000,False,False,False,,,,95,38,0.241379,0.451613
16.000000,3.000000,53.000000,1.000000,7.000000,0.000000,17.000000,0.000000,42.000000,0.000000,5.000000,1.000000,1.000000,1.000000,1.000000,0.000000,0.000000,0.688226,0.315437,0.318630,956.806438,0.680775,0.453850,0.812500,0.206368,947.158543,4.000000,False,False,False,,,,96,38,0.137931,0.242424
16.000000,2.000000,54.000000,1.000000,7.000000,0.000000,17.000000,0.000000,47.000000,0.000000,5.000000,1.000000,1.000000,1.000000,1.000000,0.000000,0.000000,0.742426,0.263346,0.321190,956.641309,0.655059,0.436706,0.800000,0.165129,947.158543,5.000000,False,False,False,,,,97,38,0.245283,0.433333
16.000000,1.000000,55.000000,1.000000,7.000000,0.000000,17.000000,0.000000,43.000000,0.000000,5.000000,1.000000,1.000000,1.000000,1.000000,0.000000,0.000000,0.726926,0.270812,0.338385,956.494400,0.636450,0.424300,0.787500,0.146910,947.158543,6.000000,False,False,False,,,,98,38,0.259259,0.437500
17.000000,2.000000,55.000000,1.000000,5.000000,0.000000,18.000000,0.000000,43.000000,0.000000,5.000000,1.000000,1.000000,1.000000,1.000000,0.000000,0.000000,0.752535,0.222947,0.376085,956.377913,0.667147,0.444764,0.825000,0.116487,947.158543,7.000000,False,False,False,,,,99,38,0.236364,0.406250
18.000000,2.000000,55.000000,1.000000,4.000000,0.000000,19.000000,0.000000,44.000000,0.000000,5.000000,1.000000,1.000000,1.000000,1.000000,0.000000,0.000000,0.780007,0.165600,0.344041,956.322543,0.685127,0.456751,0.837500,0.055370,947.158543,6.000000,False,False,False,,,,100,38,0.218182,0.387097
18.000000,4.000000,55.000000,1.000000,2.000000,0.000000,19.000000,0.000000,46.000000,0.000000,5.000000,1.000000,1.000000,1.000000,1.000000,0.000000,0.000000,0.791457,0.138775,0.335255,956.264438,0.667224,0.444816,0.812500,0.058105,947.158543,7.000000,False,False,False,,,,101,38,0.218182,0.400000
18.000000,5.000000,54.000000,1.000000,2.000000,0.000000,19.000000,0.000000,45.000000,0.000000,5.082896,1.000000,1.000000,1.000000,1.000000,0.000000,0.000000,0.775248,0.172563,0.332501,956.193875,0.672983,0.448656,0.825000,0.070563,947.158543,4.000000,False,False,False,,,,102,38,0.345455,0.655172
18.000000,6.000000,54.000000,1.000000,1.000000,0.000000,19.000000,0.000000,45.000000,0.000000,5.000000,1.000000,1.000000,1.000000,1.000000,0.000000,0.000000,0.794585,0.171690,0.340656,956.136601,0.652826,0.435217,0.800000,0.057275,947.158543,5.000000,False,False,False,,,,103,38,0.333333,0.620690
17.000000,4.000000,56.000000,2.000000,1.000000,0.000000,19.000000,1.000000,47.000000,0.000000,5.482765,1.000000,1.000000,1.000000,0.000000,0.000000,1.000000,0.727394,0.252400,0.341013,956.024137,0.639741,0.426494,0.787500,0.112464,947.158543,6.000000,False,False,False,1.000000,1.000000,0.000000,104,"38,70",0.314815,0.586207
17.000000,5.000000,56.000000,2.000000,0.000000,0.000000,19.000000,0.000000,50.000000,0.000000,5.000000,1.000000,1.000000,1.000000,0.000000,0.000000,1.000000,0.761713,0.204756,0.337455,955.943381,0.628643,0.419095,0.775000,0.080756,947.158543,7.000000,False,False,False,,,,105,"38,70",0.285714,0.380952
15.000000,5.000000,57.000000,2.000000,1.000000,0.000000,17.000000,0.000000,49.000000,0.000000,5.384827,1.000000,1.000000,1.000000,0.000000,0.000000,1.000000,0.779456,0.200015,0.292987,955.828226,0.668048,0.445365,0.787500,0.115154,947.158543,7.000000,False,False,False,,,,106,"38,70",0.303571,0.404762
15.000000,5.000000,56.000000,1.000000,3.000000,0.000000,16.000000,0.000000,46.000000,0.000000,5.035411,1.000000,1.000000,1.000000,1.000000,0.000000,0.000000,0.757214,0.235738,0.294271,955.668382,0.679565,0.453043,0.812500,0.159844,947.158543,7.000000,False,False,False,,,,107,38,0.333333,0.441860
12.000000,8.000000,54.000000,1.000000,5.000000,0.000000,13.000000,0.000000,47.000000,0.000000,5.482765,1.000000,1.000000,1.000000,1.000000,0.000000,0.000000,0.692929,0.303554,0.347237,955.463172,0.690007,0.460005,0.837500,0.205211,947.158543,7.000000,False,False,False,,,,108,38,0.339286,0.633333
10.000000,8.000000,55.000000,1.000000,6.000000,0.000000,11.000000,0.000000,41.000000,0.000000,5.439257,1.000000,1.000000,1.000000,1.000000,0.000000,0.000000,0.719008,0.279031,0.311950,955.299216,0.699546,0.466364,0.862500,0.163955,947.158543,7.000000,False,False,False,,,,109,38,0.222222,0.428571
11.000000,8.000000,50.000000,1.000000,10.000000,0.000000,12.000000,0.000000,41.000000,0.000000,5.153335,1.000000,1.000000,1.000000,1.000000,0.000000,0.000000,0.655750,0.333717,0.374181,955.075069,0.730380,0.486920,0.887500,0.224148,947.897434,7.000000,False,False,False,,,,110,38,0.109091,0.214286
13.000000,7.000000,51.000000,1.000000,8.000000,0.000000,14.000000,0.000000,46.000000,0.000000,5.000000,1.000000,1.000000,1.000000,1.000000,0.000000,0.000000,0.729470,0.175537,0.354691,954.973126,0.733369,0.488913,0.875000,0.101942,947.897434,7.000000,False,False,False,,,,111,38,0.060000,0.120000
13.000000,6.000000,50.000000,1.000000,10.000000,0.000000,14.000000,0.000000,46.000000,0.000000,5.000000,1.000000,1.000000,1.000000,1.000000,0.000000,0.000000,0.814045,0.116623,0.341673,954.914781,0.694202,0.462801,0.837500,0.058346,948.636424,7.000000,False,False,False,,,,112,38,0.098039,0.178571
15.000000,3.000000,52.000000,1.000000,9.000000,0.000000,16.000000,0.000000,47.000000,0.000000,5.000000,1.000000,1.000000,1.000000,1.000000,0.000000,0.000000,0.784499,0.023915,0.405589,954.936527,0.679300,0.452866,0.837500,-0.021747,949.375512,7.000000,False,False,False,,,,113,38,0.060000,0.115385
15.000000,5.000000,50.000000,1.000000,9.000000,0.000000,16.000000,0.000000,54.000000,0.000000,5.000000,1.000000,1.000000,1.000000,1.000000,0.000000,0.000000,0.933875,0.023781,0.400333,954.915009,0.707633,0.471755,0.875000,0.021518,950.114700,7.000000,False,False,False,,,,114,38,0.038462,0.064516
12.000000,8.000000,49.000000,1.000000,10.000000,0.000000,13.000000,0.000000,53.000000,0.000000,5.000000,1.000000,1.000000,1.000000,1.000000,0.000000,0.000000,0.922365,0.059510,0.331706,954.874383,0.710531,0.473688,0.850000,0.040626,950.114700,6.000000,False,False,False,,,,115,38,0.080000,0.133333
16.000000,8.000000,50.000000,1.000000,5.000000,0.000000,17.000000,0.000000,49.000000,0.000000,5.000000,1.000000,1.000000,1.000000,1.000000,0.000000,0.000000,0.908743,0.096659,0.258690,954.824793,0.755473,0.503649,0.875000,0.049590,950.149400,7.000000,False,False,False,,,,116,38,0.510204,0.862069
16.000000,8.000000,50.000000,1.000000,5.000000,0.000000,17.000000,0.000000,51.000000,0.000000,5.000000,1.000000,1.000000,1.000000,1.000000,0.000000,0.000000,0.746432,0.253679,0.381823,954.687146,0.679538,0.453025,0.800000,0.137647,950.149400,3.000000,False,False,False,,,,117,38,0.460000,0.793103
17.000000,8.000000,50.000000,1.000000,4.000000,0.000000,18.000000,0.000000,52.000000,0.000000,5.000000,1.000000,1.000000,1.000000,1.000000,0.000000,0.000000,0.665436,0.334654,0.362713,954.475319,0.676267,0.450845,0.800000,0.211827,950.149400,2.000000,False,False,False,,,,118,38,0.480000,0.857143
17.000000,5.000000,53.000000,1.000000,4.000000,0.000000,18.000000,0.000000,52.000000,0.000000,5.000000,1.000000,1.000000,1.000000,1.000000,0.000000,0.000000,0.575357,0.408517,0.433775,954.227417,0.647096,0.431398,0.775000,0.247901,950.149400,1.000000,False,False,False,,,,119,38,0.480000,0.857143
19.000000,5.000000,53.000000,1.000000,2.000000,0.000000,20.000000,0.000000,41.000000,0.000000,5.000000,1.000000,1.000000,1.000000,1.000000,0.000000,0.000000,0.519396,0.416180,0.457727,953.940479,0.668410,0.445606,0.787500,0.286939,950.149400,0.000000,False,False,False,,,,120,38,0.471698,0.862069
18.000000,6.000000,53.000000,1.000000,2.000000,0.000000,19.000000,0.000000,46.000000,0.000000,5.000000,1.000000,1.000000,1.000000,1.000000,0.000000,0.000000,0.513982,0.435105,0.471441,953.610768,0.677243,0.451495,0.800000,0.329711,950.149400,0.000000,False,False,False,,,,121,38,0.452830,0.857143
19.000000,6.000000,54.000000,1.000000,0.000000,0.000000,20.000000,0.000000,40.000000,0.000000,5.000000,1.000000,1.000000,1.000000,1.000000,0.000000,0.000000,0.485179,0.438529,0.480366,953.317211,0.642967,0.428645,0.775000,0.293557,950.149400,1.000000,False,False,False,,,,122,38,0.433962,0.851852
19.000000,5.000000,55.000000,1.000000,0.000000,0.000000,20.000000,0.000000,40.000000,0.000000,5.000000,1.000000,1.000000,1.000000,1.000000,0.000000,0.000000,0.403926,0.496322,0.561384,952.988246,0.584183,0.389455,0.762500,0.328964,950.149400,2.000000,False,False,False,,,,123,38,0.425926,0.851852
16.000000,7.000000,56.000000,1.000000,0.000000,0.000000,17.000000,0.000000,43.000000,0.000000,5.000000,1.000000,1.000000,1.000000,1.000000,0.000000,0.000000,0.436608,0.512106,0.541570,952.692628,0.600475,0.400317,0.800000,0.295618,950.149400,0.000000,False,False,False,,,,124,38,0.436364,0.888889
15.000000,8.000000,56.000000,1.000000,0.000000,0.000000,16.000000,0.000000,46.000000,0.000000,5.000000,1.000000,1.000000,1.000000,1.000000,0.000000,0.000000,0.534247,0.437807,0.452689,952.448898,0.644202,0.429468,0.812500,0.243731,950.149400,1.000000,False,False,False,,,,125,38,0.428571,0.857143
14.000000,8.000000,57.000000,1.000000,0.000000,0.000000,15.000000,0.000000,38.000000,0.000000,5.000000,1.000000,1.000000,1.000000,1.000000,0.000000,0.000000,0.580675,0.413819,0.429244,952.199228,0.672243,0.448162,0.812500,0.249670,950.149400,2.000000,False,False,False,,,,126,38,0.428571,0.888889
14.000000,8.000000,57.000000,1.000000,0.000000,0.000000,15.000000,0.000000,44.000000,0.000000,5.481736,1.000000,1.000000,1.000000,1.000000,0.000000,0.000000,0.409760,0.587124,0.556055,951.833934,0.637521,0.425014,0.812500,0.365294,950.149400,3.000000,False,False,False,,,,127,38,0.438596,0.892857
13.000000,6.000000,60.000000,1.000000,0.000000,0.000000,14.000000,0.000000,33.000000,0.000000,5.000000,1.000000,1.000000,1.000000,1.000000,0.000000,0.000000,0.455513,0.540666,0.528146,951.505038,0.659424,0.439616,0.825000,0.328896,950.149400,3.000000,False,False,False,,,,128,38,0.456140,0.896552
13.000000,5.000000,61.000000,1.000000,0.000000,0.000000,14.000000,0.000000,40.000000,0.000000,5.000000,1.000000,1.000000,1.000000,1.000000,0.000000,0.000000,0.386715,0.608175,0.579704,951.122774,0.649736,0.433157,0.837500,0.382263,950.149400,4.000000,False,False,False,,,,129,38,0.450000,0.870968
12.000000,6.000000,61.000000,1.000000,0.000000,0.000000,13.000000,0.000000,36.000000,0.000000,5.000000,1.000000,1.000000,1.000000,1.000000,0.000000,0.000000,0.464604,0.530053,0.513964,950.803725,0.666230,0.444153,0.837500,0.319049,950.149400,0.000000,False,False,False,,,,130,38,0.442623,0.870968
12.000000,6.000000,61.000000,1.000000,0.000000,0.000000,13.000000,0.000000,37.000000,0.000000,5.000000,1.000000,1.000000,1.000000,1.000000,0.000000,0.000000,0.495388,0.485148,0.504127,950.527906,0.687288,0.458192,0.850000,0.275819,950.945602,1.000000,False,False,False,,,,131,38,0.459016,0.933333
12.000000,4.000000,63.000000,1.000000,0.000000,0.000000,13.000000,0.000000,35.000000,0.000000,5.014147,1.000000,1.000000,1.000000,1.000000,0.000000,0.000000,0.487381,0.499470,0.480432,950.215915,0.698292,0.465528,0.850000,0.311991,951.741811,2.000000,False,False,False,,,,132,38,0.409836,0.862069
12.000000,4.000000,63.000000,1.000000,0.000000,0.000000,13.000000,0.000000,34.000000,0.000000,5.484695,1.000000,1.000000,1.000000,1.000000,0.000000,0.000000,0.513302,0.477946,0.466509,949.919281,0.697880,0.465254,0.837500,0.296634,951.741811,3.000000,False,False,False,,,,133,38,0.380952,0.800000
12.000000,2.000000,65.000000,1.000000,0.000000,0.000000,13.000000,0.000000,31.000000,0.000000,5.025615,1.000000,1.000000,1.000000,1.000000,0.000000,0.000000,0.486715,0.508085,0.507597,949.605259,0.705284,0.470189,0.850000,0.314021,951.741811,4.000000,False,False,False,,,,134,38,0.412698,0.866667
12.000000,1.000000,66.000000,1.000000,0.000000,0.000000,13.000000,0.000000,30.000000,0.000000,5.877421,1.000000,1.000000,1.000000,1.000000,0.000000,0.000000,0.482430,0.495805,0.506610,949.299096,0.675981,0.450654,0.837500,0.306164,951.741811,5.000000,False,False,False,,,,135,38,0.384615,0.833333
12.000000,1.000000,66.000000,1.000000,0.000000,0.000000,13.000000,0.000000,31.000000,0.000000,5.000000,1.000000,1.000000,1.000000,1.000000,0.000000,0.000000,0.424586,0.548771,0.587278,948.974004,0.667955,0.445304,0.850000,0.325092,951.741811,6.000000,False,False,False,,,,136,38,0.363636,0.827586
12.000000,1.000000,66.000000,1.000000,0.000000,0.000000,13.000000,0.000000,32.000000,0.000000,5.168975,1.000000,1.000000,1.000000,1.000000,0.000000,0.000000,0.505589,0.466989,0.501503,948.689036,0.682065,0.454710,0.837500,0.284968,951.741811,0.000000,False,False,False,,,,137,38,0.363636,0.774194
12.000000,1.000000,66.000000,1.000000,0.000000,0.000000,13.000000,0.000000,33.000000,0.000000,5.012677,1.000000,1.000000,1.000000,1.000000,0.000000,0.000000,0.541056,0.442133,0.453018,948.428089,0.707599,0.471733,0.862500,0.260947,951.741811,1.000000,False,False,False,,,,138,38,0.363636,0.827586
12.000000,1.000000,66.000000,1.000000,0.000000,0.000000,13.000000,0.000000,36.000000,0.000000,5.519212,1.000000,1.000000,1.000000,1.000000,0.000000,0.000000,0.647032,0.302726,0.378957,948.262415,0.701526,0.467684,0.837500,0.165673,951.741811,2.000000,False,False,False,,,,139,38,0.363636,0.827586
12.000000,1.000000,66.000000,1.000000,0.000000,0.000000,13.000000,0.000000,33.000000,0.000000,5.307011,1.000000,1.000000,1.000000,1.000000,0.000000,0.000000,0.555696,0.416376,0.444155,948.001982,0.704411,0.469607,0.837500,0.260433,951.741811,3.000000,False,False,False,,,,140,38,0.363636,0.827586
12.000000,0.000000,67.000000,1.000000,0.000000,0.000000,13.000000,0.000000,31.000000,0.000000,5.776419,1.000000,1.000000,1.000000,1.000000,0.000000,0.000000,0.553079,0.426641,0.452824,947.753248,0.707675,0.471784,0.850000,0.248735,952.538025,4.000000,False,False,False,,,,141,38,0.363636,0.827586
12.000000,0.000000,67.000000,1.000000,0.000000,0.000000,13.000000,0.000000,31.000000,0.000000,5.857992,1.000000,1.000000,1.000000,1.000000,0.000000,0.000000,0.438867,0.519091,0.562772,947.416673,0.699324,0.466216,0.850000,0.336575,952.538025,5.000000,False,False,False,,,,142,38,0.358209,0.800000
12.000000,0.000000,67.000000,1.000000,0.000000,0.000000,13.000000,0.000000,27.000000,0.000000,5.677249,1.000000,1.000000,1.000000,1.000000,0.000000,0.000000,0.522606,0.471959,0.474930,947.109574,0.692701,0.461801,0.837500,0.307099,952.538025,0.000000,False,False,False,,,,143,38,0.358209,0.827586
12.000000,0.000000,67.000000,1.000000,0.000000,0.000000,13.000000,0.000000,24.000000,0.000000,5.928298,1.000000,1.000000,1.000000,1.000000,0.000000,0.000000,0.484569,0.497281,0.512410,946.801401,0.715484,0.476990,0.875000,0.308173,953.334247,1.000000,False,False,False,,,,144,38,0.373134,0.833333
12.000000,0.000000,67.000000,1.000000,0.000000,0.000000,13.000000,0.000000,28.000000,0.000000,5.495387,1.000000,1.000000,1.000000,1.000000,0.000000,0.000000,0.463793,0.520677,0.548373,946.451069,0.702781,0.468521,0.862500,0.350332,954.130474,2.000000,False,False,False,,,,145,38,0.343284,0.793103
12.000000,0.000000,67.000000,1.000000,0.000000,0.000000,13.000000,0.000000,25.000000,0.000000,6.060713,1.000000,1.000000,1.000000,1.000000,0.000000,0.000000,0.500178,0.485514,0.501294,946.154507,0.707155,0.471437,0.875000,0.296563,954.926708,3.000000,False,False,False,,,,146,38,0.298507,0.740741
12.000000,0.000000,67.000000,1.000000,0.000000,0.000000,13.000000,0.000000,24.000000,0.000000,5.261736,1.000000,1.000000,1.000000,1.000000,0.000000,0.000000,0.528511,0.444698,0.518670,945.864574,0.713946,0.475964,0.862500,0.289933,955.722948,4.000000,False,False,False,,,,147,38,0.283582,0.730769
11.000000,1.000000,67.000000,1.000000,0.000000,0.000000,12.000000,0.000000,26.000000,0.000000,6.223872,1.000000,1.000000,1.000000,1.000000,0.000000,0.000000,0.506990,0.421698,0.518718,945.578023,0.703972,0.469314,0.875000,0.286551,956.519194,5.000000,False,False,False,,,,148,38,0.283582,0.730769
10.000000,2.000000,67.000000,1.000000,0.000000,0.000000,11.000000,0.000000,22.000000,0.000000,5.157611,1.000000,1.000000,1.000000,1.000000,0.000000,0.000000,0.426971,0.557668,0.587175,945.182887,0.704612,0.469741,0.862500,0.395136,956.519194,6.000000,False,False,False,,,,149,38,0.283582,0.678571
8.000000,4.000000,67.000000,1.000000,0.000000,0.000000,9.000000,0.000000,26.000000,0.000000,6.183946,1.000000,1.000000,1.000000,1.000000,0.000000,0.000000,0.405634,0.550412,0.610307,944.789673,0.728616,0.485744,0.900000,0.393214,956.519194,0.000000,False,False,False,,,,150,38,0.283582,0.678571
8.000000,3.000000,68.000000,1.000000,0.000000,0.000000,9.000000,0.000000,22.000000,0.000000,5.000000,1.000000,1.000000,1.000000,1.000000,0.000000,0.000000,0.448451,0.528481,0.565592,944.418555,0.750700,0.500467,0.900000,0.371118,957.319182,0.000000,False,False,False,,,,151,38,0.313433,0.724138
8.000000,3.000000,68.000000,1.000000,0.000000,0.000000,9.000000,0.000000,29.000000,0.000000,6.275526,1.000000,1.000000,1.000000,1.000000,0.000000,0.000000,0.507576,0.437867,0.496283,944.112296,0.783217,0.522144,0.912500,0.306259,957.512115,1.000000,False,False,False,,,,152,38,0.268657,0.666667
8.000000,2.000000,69.000000,1.000000,0.000000,0.000000,9.000000,0.000000,22.000000,0.000000,5.554138,1.000000,1.000000,1.000000,1.000000,0.000000,0.000000,0.454363,0.497435,0.525323,943.727075,0.772519,0.515012,0.887500,0.385221,957.512115,2.000000,False,False,False,,,,153,38,0.179104,0.444444
8.000000,1.000000,70.000000,1.000000,0.000000,0.000000,9.000000,0.000000,20.000000,0.000000,6.129361,1.000000,1.000000,1.000000,1.000000,0.000000,0.000000,0.382133,0.565979,0.609524,943.327463,0.757121,0.504747,0.887500,0.399612,957.512115,3.000000,False,False,False,,,,154,38,0.220588,0.500000
8.000000,1.000000,70.000000,1.000000,0.000000,0.000000,9.000000,0.000000,24.000000,0.000000,6.388150,1.000000,1.000000,1.000000,1.000000,0.000000,0.000000,0.357580,0.611993,0.619371,942.880648,0.751834,0.501223,0.900000,0.446814,957.512115,0.000000,False,False,False,,,,155,38,0.217391,0.517241
8.000000,1.000000,70.000000,1.000000,0.000000,0.000000,9.000000,0.000000,20.000000,0.000000,5.464331,1.000000,1.000000,1.000000,1.000000,0.000000,0.000000,0.448405,0.521051,0.550164,942.505251,0.755024,0.503349,0.887500,0.375398,957.512115,0.000000,False,False,False,,,,156,38,0.223881,0.500000
8.000000,1.000000,70.000000,1.000000,0.000000,0.000000,9.000000,0.000000,22.000000,0.000000,6.530393,1.000000,1.000000,1.000000,1.000000,0.000000,0.000000,0.485026,0.491324,0.531866,942.155660,0.782632,0.521755,0.912500,0.349591,957.512115,1.000000,False,False,False,,,,157,38,0.223881,0.500000
8.000000,0.000000,71.000000,1.000000,0.000000,0.000000,9.000000,0.000000,18.000000,0.000000,5.415143,1.000000,1.000000,1.000000,1.000000,0.000000,0.000000,0.469244,0.477769,0.536531,941.801739,0.762410,0.508273,0.887500,0.353921,957.512115,2.000000,False,False,False,,,,158,38,0.223881,0.535714
8.000000,0.000000,71.000000,1.000000,0.000000,0.000000,9.000000,0.000000,24.000000,0.000000,6.691261,1.000000,1.000000,1.000000,1.000000,0.000000,0.000000,0.460520,0.507399,0.527735,941.449352,0.753804,0.502536,0.900000,0.352387,957.512115,3.000000,False,False,False,,,,159,38,0.235294,0.533333
8.000000,0.000000,71.000000,1.000000,0.000000,0.000000,9.000000,0.000000,21.000000,0.000000,5.618394,1.000000,1.000000,1.000000,1.000000,0.000000,0.000000,0.437115,0.512577,0.550138,941.077233,0.748093,0.498729,0.887500,0.372119,957.512115,4.000000,False,False,False,,,,160,38,0.235294,0.551724
8.000000,0.000000,71.000000,1.000000,0.000000,0.000000,9.000000,0.000000,27.000000,0.000000,6.761624,1.000000,1.000000,1.000000,1.000000,0.000000,0.000000,0.450250,0.529348,0.530031,940.697955,0.767454,0.511636,0.900000,0.379278,957.512115,0.000000,False,False,False,,,,161,38,0.235294,0.533333
8.000000,0.000000,71.000000,1.000000,0.000000,0.000000,9.000000,0.000000,21.000000,0.000000,6.115438,1.000000,1.000000,1.000000,1.000000,0.000000,0.000000,0.493018,0.462904,0.506304,940.354102,0.772600,0.515066,0.887500,0.343853,957.512115,1.000000,False,False,False,,,,162,38,0.235294,0.533333
8.000000,0.000000,71.000000,1.000000,0.000000,0.000000,9.000000,0.000000,26.000000,0.000000,6.726730,1.000000,1.000000,1.000000,1.000000,0.000000,0.000000,0.478028,0.511498,0.521315,939.983183,0.782955,0.521970,0.900000,0.370919,957.512115,2.000000,False,False,False,,,,163,38,0.235294,0.533333
8.000000,0.000000,71.000000,1.000000,0.000000,0.000000,9.000000,0.000000,24.000000,0.000000,6.116572,1.000000,1.000000,1.000000,1.000000,0.000000,0.000000,0.464670,0.529892,0.517612,939.581639,0.777056,0.518038,0.887500,0.401544,957.512115,3.000000,False,False,False,,,,164,38,0.235294,0.533333
8.000000,0.000000,71.000000,1.000000,0.000000,0.000000,9.000000,0.000000,18.000000,0.000000,6.498621,1.000000,1.000000,1.000000,1.000000,0.000000,0.000000,0.474387,0.522349,0.522684,939.197628,0.796225,0.530817,0.912500,0.384011,957.655550,4.000000,False,False,False,,,,165,38,0.227273,0.517241
8.000000,0.000000,71.000000,1.000000,0.000000,0.000000,9.000000,0.000000,19.000000,0.000000,6.093936,1.000000,1.000000,1.000000,1.000000,0.000000,0.000000,0.410431,0.581980,0.567853,938.749261,0.781188,0.520792,0.900000,0.448367,957.655550,5.000000,False,False,False,,,,166,38,0.151515,0.344828
8.000000,0.000000,71.000000,1.000000,0.000000,0.000000,9.000000,0.000000,24.000000,0.000000,6.484523,1.000000,1.000000,1.000000,1.000000,0.000000,0.000000,0.447258,0.544679,0.540535,938.353409,0.758491,0.505660,0.887500,0.395852,957.655550,6.000000,False,False,False,,,,167,38,0.212121,0.500000
8.000000,0.000000,71.000000,1.000000,0.000000,0.000000,9.000000,0.000000,21.000000,0.000000,5.559276,1.000000,1.000000,1.000000,1.000000,0.000000,0.000000,0.498406,0.502823,0.494719,937.977552,0.769299,0.512866,0.887500,0.375857,957.655550,7.000000,False,False,False,,,,168,38,0.166667,0.392857
8.000000,0.000000,69.000000,1.000000,2.000000,0.000000,9.000000,0.000000,20.000000,0.000000,6.279252,1.000000,1.000000,1.000000,1.000000,0.000000,0.000000,0.568754,0.431851,0.430194,937.671322,0.769500,0.513000,0.900000,0.306230,957.473496,7.000000,False,False,False,,,,169,38,0.090909,0.214286
8.000000,0.000000,68.000000,1.000000,3.000000,0.000000,9.000000,0.000000,20.000000,0.000000,5.815283,1.000000,1.000000,1.000000,1.000000,0.000000,0.000000,0.548028,0.456501,0.487009,937.333872,0.769106,0.512737,0.900000,0.337449,957.473496,7.000000,False,False,False,,,,170,38,0.046875,0.100000
7.000000,1.000000,67.000000,1.000000,4.000000,0.000000,8.000000,0.000000,23.000000,0.000000,6.035020,1.000000,1.000000,1.000000,1.000000,0.000000,0.000000,0.574728,0.431391,0.504984,937.037638,0.755349,0.503566,0.900000,0.296234,957.473496,4.000000,False,False,False,,,,171,38,0.079365,0.172414
8.000000,1.000000,67.000000,1.000000,3.000000,0.000000,9.000000,0.000000,21.000000,0.000000,5.247450,1.000000,1.000000,1.000000,1.000000,0.000000,0.000000,0.564509,0.433119,0.495054,936.745737,0.780367,0.520245,0.900000,0.291901,957.473496,4.000000,False,False,False,,,,172,38,0.225806,0.500000
9.000000,1.000000,67.000000,1.000000,2.000000,0.000000,10.000000,0.000000,19.000000,0.000000,5.000000,1.000000,1.000000,1.000000,1.000000,0.000000,0.000000,0.524444,0.481225,0.595068,936.384059,0.786609,0.524406,0.900000,0.361679,957.473496,3.000000,False,False,False,,,,173,38,0.241935,0.535714
10.000000,1.000000,67.000000,1.000000,1.000000,0.000000,11.000000,0.000000,24.000000,0.000000,5.000000,1.000000,1.000000,1.000000,1.000000,0.000000,0.000000,0.427367,0.575691,0.667043,935.953608,0.770714,0.513809,0.887500,0.430451,957.473496,0.000000,False,False,False,,,,174,38,0.306452,0.703704
9.000000,2.000000,67.000000,1.000000,1.000000,0.000000,10.000000,0.000000,20.000000,0.000000,5.000000,1.000000,1.000000,1.000000,1.000000,0.000000,0.000000,0.428792,0.572820,0.627427,935.521461,0.759120,0.506080,0.875000,0.432147,957.473496,0.000000,False,False,False,,,,175,38,0.241935,0.535714
9.000000,2.000000,67.000000,1.000000,1.000000,0.000000,10.000000,0.000000,24.000000,0.000000,5.000000,1.000000,1.000000,1.000000,1.000000,0.000000,0.000000,0.305319,0.686331,0.715553,935.005454,0.730651,0.487100,0.875000,0.516007,957.473496,1.000000,False,False,False,,,,176,38,0.209677,0.500000
9.000000,3.000000,67.000000,1.000000,0.000000,0.000000,10.000000,0.000000,19.000000,0.000000,5.000000,1.000000,1.000000,1.000000,1.000000,0.000000,0.000000,0.341064,0.657230,0.670739,934.511521,0.764857,0.509904,0.887500,0.493933,957.473496,0.000000,False,False,False,,,,177,38,0.209677,0.500000
8.000000,4.000000,67.000000,1.000000,0.000000,0.000000,9.000000,0.000000,19.000000,0.000000,5.641330,1.000000,1.000000,1.000000,1.000000,0.000000,0.000000,0.332489,0.663326,0.643239,934.012423,0.762521,0.508347,0.887500,0.499098,957.473496,0.000000,False,False,False,,,,178,38,0.193548,0.480000
7.000000,5.000000,67.000000,1.000000,0.000000,0.000000,8.000000,0.000000,21.000000,0.000000,6.128431,1.000000,1.000000,1.000000,1.000000,0.000000,0.000000,0.367674,0.628175,0.614888,933.548171,0.796035,0.530690,0.912500,0.464252,957.473496,0.000000,False,False,False,,,,179,38,0.193548,0.480000
7.000000,4.000000,68.000000,1.000000,0.000000,0.000000,8.000000,0.000000,15.000000,0.000000,5.969025,1.000000,1.000000,1.000000,1.000000,0.000000,0.000000,0.345533,0.651168,0.646928,933.048086,0.808857,0.539238,0.912500,0.500084,957.473496,1.000000,False,False,False,,,,180,38,0.193548,0.480000
7.000000,4.000000,68.000000,1.000000,0.000000,0.000000,8.000000,0.000000,20.000000,0.000000,6.400638,1.000000,1.000000,1.000000,1.000000,0.000000,0.000000,0.268198,0.728523,0.714972,932.480126,0.791045,0.527363,0.900000,0.567960,957.473496,0.000000,False,False,False,,,,181,38,0.206349,0.520000
7.000000,3.000000,69.000000,1.000000,0.000000,0.000000,8.000000,0.000000,12.000000,0.000000,5.941020,1.000000,1.000000,1.000000,1.000000,0.000000,0.000000,0.325343,0.672818,0.673726,931.971986,0.781574,0.521049,0.900000,0.508140,957.473496,0.000000,False,False,False,,,,182,38,0.190476,0.480000
6.000000,4.000000,69.000000,1.000000,0.000000,0.000000,7.000000,0.000000,15.000000,0.000000,6.249776,1.000000,1.000000,1.000000,1.000000,0.000000,0.000000,0.148379,0.851230,0.837578,931.319512,0.764775,0.509850,0.912500,0.652474,957.473496,1.000000,False,False,False,,,,183,38,0.187500,0.480000
6.000000,4.000000,69.000000,1.000000,0.000000,0.000000,7.000000,0.000000,16.000000,0.000000,6.067405,1.000000,1.000000,1.000000,1.000000,0.000000,0.000000,0.210475,0.788324,0.775038,930.723783,0.769477,0.512985,0.912500,0.595729,957.473496,0.000000,False,False,False,,,,184,38,0.187500,0.500000
6.000000,4.000000,69.000000,1.000000,0.000000,0.000000,7.000000,0.000000,13.000000,0.000000,6.721820,1.000000,1.000000,1.000000,1.000000,0.000000,0.000000,0.261408,0.731766,0.744416,930.173365,0.779605,0.519737,0.912500,0.550419,957.473496,0.000000,False,False,False,,,,185,38,0.187500,0.500000
6.000000,3.000000,70.000000,1.000000,0.000000,0.000000,7.000000,0.000000,10.000000,0.000000,6.135498,1.000000,1.000000,1.000000,1.000000,0.000000,0.000000,0.181174,0.816120,0.820292,929.557987,0.763605,0.509070,0.912500,0.615378,957.473496,0.000000,False,False,False,,,,186,38,0.203125,0.541667
6.000000,2.000000,71.000000,1.000000,0.000000,0.000000,7.000000,0.000000,10.000000,0.000000,6.792004,1.000000,1.000000,1.000000,1.000000,0.000000,0.000000,0.113996,0.884183,0.867003,928.895927,0.745748,0.497166,0.912500,0.662060,957.473496,0.000000,False,False,False,,,,187,38,0.200000,0.541667
6.000000,1.000000,72.000000,1.000000,0.000000,0.000000,7.000000,0.000000,8.000000,0.000000,6.162378,1.000000,1.000000,1.000000,1.000000,0.000000,0.000000,0.197769,0.800467,0.800044,928.317696,0.752345,0.501563,0.925000,0.578231,957.473496,0.000000,False,False,False,,,,188,38,0.196970,0.541667
6.000000,0.000000,73.000000,1.000000,0.000000,0.000000,7.000000,0.000000,9.000000,0.000000,6.879887,1.000000,1.000000,1.000000,1.000000,0.000000,0.000000,0.162529,0.838109,0.817041,927.695387,0.760524,0.507016,0.937500,0.622309,957.473496,0.000000,False,False,False,,,,189,38,0.194030,0.541667
6.000000,0.000000,73.000000,1.000000,0.000000,0.000000,7.000000,0.000000,8.000000,0.000000,5.889122,1.000000,1.000000,1.000000,1.000000,0.000000,0.000000,0.118741,0.880423,0.873110,927.052757,0.739399,0.492932,0.925000,0.642630,957.473496,0.000000,False,False,False,,,,190,38,0.176471,0.521739
6.000000,0.000000,73.000000,1.000000,0.000000,0.000000,7.000000,0.000000,9.000000,0.000000,6.601022,1.000000,1.000000,1.000000,1.000000,0.000000,0.000000,0.129885,0.870068,0.862086,926.411320,0.748499,0.498999,0.937500,0.641438,957.473496,0.000000,False,False,False,,,,191,38,0.161765,0.500000
6.000000,0.000000,73.000000,1.000000,0.000000,0.000000,7.000000,0.000000,11.000000,0.000000,6.254125,1.000000,1.000000,1.000000,1.000000,0.000000,0.000000,0.120736,0.878393,0.859692,925.785707,0.727271,0.484847,0.925000,0.625612,958.200883,0.000000,False,False,False,,,,192,38,0.161765,0.500000
6.000000,0.000000,73.000000,1.000000,0.000000,0.000000,7.000000,0.000000,8.000000,0.000000,6.614361,1.000000,1.000000,1.000000,1.000000,0.000000,0.000000,0.257925,0.735855,0.744105,925.275299,0.727866,0.485244,0.925000,0.510409,958.204783,0.000000,False,False,False,,,,193,38,0.044118,0.136364
6.000000,0.000000,73.000000,1.000000,0.000000,0.000000,7.000000,0.000000,8.000000,0.000000,5.929849,1.000000,1.000000,1.000000,1.000000,0.000000,0.000000,0.301445,0.639411,0.754005,924.830645,0.710558,0.473705,0.925000,0.444654,958.209351,0.000000,False,False,False,,,,194,38,0.029412,0.095238
6.000000,0.000000,73.000000,1.000000,0.000000,0.000000,7.000000,0.000000,10.000000,0.000000,6.653688,1.000000,1.000000,1.000000,1.000000,0.000000,0.000000,0.328012,0.506810,0.733133,924.485248,0.737381,0.491587,0.950000,0.345397,958.209351,0.000000,False,False,False,,,,195,38,0.029412,0.095238
6.000000,0.000000,73.000000,1.000000,0.000000,0.000000,7.000000,0.000000,8.000000,0.000000,6.571833,1.000000,1.000000,1.000000,1.000000,0.000000,0.000000,0.357751,0.512975,0.717515,924.135431,0.727954,0.485303,0.925000,0.349817,958.209351,0.000000,False,False,False,,,,196,38,0.264706,0.857143
6.000000,0.000000,73.000000,1.000000,0.000000,0.000000,7.000000,0.000000,8.000000,0.000000,6.270909,1.000000,1.000000,1.000000,1.000000,0.000000,0.000000,0.240349,0.631817,0.798385,923.709631,0.717172,0.478115,0.937500,0.425799,958.222135,0.000000,False,False,False,,,,197,38,0.161765,0.523810
6.000000,0.000000,73.000000,1.000000,0.000000,0.000000,7.000000,0.000000,11.000000,0.000000,6.608247,1.000000,1.000000,1.000000,1.000000,0.000000,0.000000,0.259781,0.609601,0.753830,923.291963,0.710142,0.473428,0.925000,0.417668,958.222135,0.000000,False,False,False,,,,198,38,0.029412,0.090909
6.000000,0.000000,73.000000,1.000000,0.000000,0.000000,7.000000,0.000000,8.000000,0.000000,6.236742,1.000000,1.000000,1.000000,1.000000,0.000000,0.000000,0.318085,0.506178,0.709980,922.968640,0.728373,0.485582,0.937500,0.323323,958.235586,0.000000,False,False,False,,,,199,38,0.161765,0.500000
6.000000,0.000000,73.000000,1.000000,0.000000,0.000000,7.000000,0.000000,7.000000,0.000000,6.404639,1.000000,1.000000,1.000000,1.000000,0.000000,0.000000,0.250801,0.557770,0.767323,922.598833,0.704352,0.469568,0.925000,0.369807,958.249704,0.000000,False,False,False,,,,200,38,0.029412,0.090909
6.000000,0.000000,73.000000,1.000000,0.000000,0.000000,7.000000,0.000000,8.000000,0.000000,6.185026,1.000000,1.000000,1.000000,1.000000,0.000000,0.000000,0.261019,0.404817,0.783628,922.347865,0.701814,0.467876,0.937500,0.250968,958.264491,0.000000,False,False,False,,,,201,38,0.029412,0.090909
6.000000,0.000000,73.000000,1.000000,0.000000,0.000000,7.000000,0.000000,14.000000,0.000000,6.349312,1.000000,1.000000,1.000000,1.000000,0.000000,0.000000,0.336921,0.291621,0.719819,922.169584,0.722592,0.481728,0.950000,0.178281,958.279945,0.000000,False,False,False,,,,202,38,0.014706,0.045455
6.000000,0.000000,73.000000,1.000000,0.000000,0.000000,7.000000,0.000000,12.000000,0.000000,6.230667,1.000000,1.000000,1.000000,1.000000,0.000000,0.000000,0.388235,0.169686,0.682647,922.090605,0.739989,0.493326,0.925000,0.078980,958.296066,0.000000,False,False,False,,,,203,38,0.029412,0.086957
6.000000,0.000000,73.000000,1.000000,0.000000,0.000000,7.000000,0.000000,12.000000,0.000000,6.143536,1.000000,1.000000,1.000000,1.000000,0.000000,0.000000,0.396831,0.147625,0.690516,922.033283,0.731062,0.487374,0.925000,0.057322,958.312856,0.000000,False,False,False,,,,204,38,0.029412,0.083333
4.000000,2.000000,73.000000,1.000000,0.000000,0.000000,5.000000,0.000000,10.000000,0.000000,6.489532,1.000000,1.000000,1.000000,1.000000,0.000000,0.000000,0.386599,0.096616,0.686763,921.996452,0.770404,0.513603,0.962500,0.036830,958.330312,0.000000,False,False,False,,,,205,38,0.029412,0.083333
4.000000,2.000000,73.000000,1.000000,0.000000,0.000000,5.000000,0.000000,14.000000,0.000000,6.623985,1.000000,1.000000,1.000000,1.000000,0.000000,0.000000,0.406633,0.256429,0.693723,921.836216,0.761381,0.507587,0.937500,0.160237,958.330312,0.000000,False,False,False,,,,206,38,0.058824,0.166667
4.000000,2.000000,73.000000,1.000000,0.000000,0.000000,5.000000,0.000000,12.000000,0.000000,6.425152,1.000000,1.000000,1.000000,1.000000,0.000000,0.000000,0.517061,0.265914,0.539998,921.690600,0.793531,0.529021,0.950000,0.145616,959.125300,0.000000,False,False,False,,,,207,38,0.073529,0.200000
4.000000,2.000000,73.000000,1.000000,0.000000,0.000000,5.000000,0.000000,9.000000,0.000000,6.017648,1.000000,1.000000,1.000000,1.000000,0.000000,0.000000,0.423420,0.345137,0.636389,921.461939,0.782968,0.521979,0.937500,0.228661,959.125300,1.000000,False,False,False,,,,208,38,0.073529,0.200000
4.000000,2.000000,73.000000,1.000000,0.000000,0.000000,5.000000,0.000000,10.000000,0.000000,7.095296,1.000000,1.000000,1.000000,1.000000,0.000000,0.000000,0.353994,0.292840,0.701425,921.276022,0.798328,0.532219,0.962500,0.185917,959.920295,0.000000,False,False,False,,,,209,38,0.058824,0.160000
4.000000,2.000000,73.000000,1.000000,0.000000,0.000000,5.000000,0.000000,13.000000,0.000000,5.867425,1.000000,1.000000,1.000000,1.000000,0.000000,0.000000,0.367003,0.352100,0.679539,921.018497,0.810940,0.540626,0.962500,0.257525,959.920295,0.000000,False,False,False,,,,210,38,0.058824,0.166667
4.000000,2.000000,73.000000,1.000000,0.000000,0.000000,5.000000,0.000000,12.000000,0.000000,7.145927,1.000000,1.000000,1.000000,1.000000,0.000000,0.000000,0.510404,0.312064,0.633434,920.799526,0.834623,0.556416,0.962500,0.218971,960.702303,0.000000,False,False,False,,,,211,38,0.176471,0.500000
4.000000,2.000000,73.000000,1.000000,0.000000,0.000000,5.000000,0.000000,15.000000,0.000000,6.025500,1.000000,1.000000,1.000000,1.000000,0.000000,0.000000,0.319660,0.520584,0.731337,920.394042,0.831104,0.554069,0.950000,0.405483,960.702303,0.000000,False,False,False,,,,212,38,0.058824,0.160000
4.000000,1.000000,74.000000,1.000000,0.000000,0.000000,5.000000,0.000000,11.000000,0.000000,7.060857,1.000000,1.000000,1.000000,1.000000,0.000000,0.000000,0.401098,0.410357,0.652017,920.103853,0.839382,0.559588,0.950000,0.290190,961.490710,0.000000,False,False,False,,,,213,38,0.173913,0.480000
4.000000,0.000000,75.000000,1.000000,0.000000,0.000000,5.000000,0.000000,11.000000,0.000000,6.621971,1.000000,1.000000,1.000000,1.000000,0.000000,0.000000,0.378233,0.493407,0.677794,919.698638,0.857191,0.571460,0.975000,0.405215,961.490710,0.000000,False,False,False,,,,214,38,0.043478,0.120000
4.000000,0.000000,75.000000,1.000000,0.000000,0.000000,5.000000,0.000000,11.000000,0.000000,7.187414,1.000000,1.000000,1.000000,1.000000,0.000000,0.000000,0.443532,0.435711,0.628182,919.358834,0.845240,0.563493,0.950000,0.339804,961.490710,0.000000,False,False,False,,,,215,38,0.267606,0.730769
4.000000,0.000000,76.000000,0.000000,0.000000,0.000000,4.000000,0.000000,7.000000,0.000000,7.086423,1.000000,1.000000,0.000000,0.000000,1.000000,0.000000,0.318007,0.645907,0.761633,918.811580,0.861841,0.574561,0.975000,0.547254,,0.000000,False,False,False,,,,216,-,0.271429,0.730769
4.000000,0.000000,76.000000,0.000000,0.000000,0.000000,4.000000,0.000000,8.000000,0.000000,7.214050,1.000000,1.000000,0.000000,0.000000,1.000000,0.000000,0.405855,0.566006,0.698705,918.333130,0.869080,0.579387,0.975000,0.478450,,0.000000,False,False,False,,,,217,-,0.000000,
4.000000,0.000000,76.000000,0.000000,0.000000,0.000000,4.000000,0.000000,8.000000,0.000000,6.458822,1.000000,1.000000,0.000000,0.000000,1.000000,0.000000,0.349836,0.652697,0.735240,917.786597,0.862917,0.575278,0.962500,0.546533,,0.000000,False,False,False,,,,218,-,0.000000,
4.000000,0.000000,76.000000,0.000000,0.000000,0.000000,4.000000,0.000000,10.000000,0.000000,7.296921,1.000000,1.000000,0.000000,0.000000,1.000000,0.000000,0.462357,0.522572,0.613984,917.340188,0.875622,0.583748,0.975000,0.446409,,0.000000,False,False,False,,,,219,-,0.000000,
4.000000,0.000000,76.000000,0.000000,0.000000,0.000000,4.000000,0.000000,9.000000,0.000000,7.464244,1.000000,1.000000,0.000000,0.000000,1.000000,0.000000,0.377478,0.620071,0.694700,916.819828,0.874968,0.583312,0.962500,0.520360,,0.000000,False,False,False,,,,220,-,0.000000,
4.000000,0.000000,76.000000,0.000000,0.000000,0.000000,4.000000,0.000000,4.000000,0.000000,6.677832,1.000000,1.000000,0.000000,0.000000,1.000000,0.000000,0.447852,0.553318,0.647091,916.368391,0.854576,0.569717,0.950000,0.451436,,0.000000,False,False,False,,,,221,-,0.000000,
4.000000,0.000000,76.000000,0.000000,0.000000,0.000000,4.000000,0.000000,9.000000,0.000000,7.467564,1.000000,1.000000,0.000000,0.000000,1.000000,0.000000,0.153488,0.841490,0.904755,915.655701,0.856078,0.570718,0.975000,0.712691,,0.000000,False,False,False,,,,222,-,0.000000,
4.000000,0.000000,76.000000,0.000000,0.000000,0.000000,4.000000,0.000000,2.000000,0.000000,7.782056,1.000000,1.000000,0.000000,0.000000,1.000000,0.000000,0.225383,0.741861,0.843886,915.046124,0.842643,0.561762,0.950000,0.609577,,0.000000,False,False,False,,,,223,-,0.000000,
4.000000,0.000000,76.000000,0.000000,0.000000,0.000000,4.000000,0.000000,6.000000,0.000000,7.154539,1.000000,1.000000,0.000000,0.000000,1.000000,0.000000,0.170370,0.806343,0.884175,914.366136,0.854500,0.569667,0.987500,0.679987,,0.000000,False,False,False,,,,224,-,0.000000,
4.000000,0.000000,76.000000,0.000000,0.000000,0.000000,4.000000,0.000000,6.000000,0.000000,7.200159,1.000000,1.000000,0.000000,0.000000,1.000000,0.000000,0.235843,0.722860,0.843625,913.756142,0.865255,0.576837,0.975000,0.609994,,0.000000,False,False,False,,,,225,-,0.000000,
4.000000,0.000000,76.000000,0.000000,0.000000,0.000000,4.000000,0.000000,6.000000,0.000000,7.230644,1.000000,1.000000,0.000000,0.000000,1.000000,0.000000,0.159202,0.808098,0.870852,913.061996,0.872454,0.581636,0.975000,0.694147,,0.000000,False,False,False,,,,226,-,0.000000,
4.000000,0.000000,76.000000,0.000000,0.000000,0.000000,4.000000,0.000000,8.000000,0.000000,7.057479,1.000000,1.000000,0.000000,0.000000,1.000000,0.000000,0.290601,0.661500,0.743638,912.488270,0.892524,0.595016,0.987500,0.573726,,0.000000,False,False,False,,,,227,-,0.000000,
4.000000,0.000000,76.000000,0.000000,0.000000,0.000000,4.000000,0.000000,10.000000,0.000000,6.514090,1.000000,1.000000,0.000000,0.000000,1.000000,0.000000,0.197041,0.754028,0.801574,911.825153,0.894677,0.596451,0.975000,0.663117,,0.000000,False,False,False,,,,228,-,0.000000,
4.000000,0.000000,76.000000,0.000000,0.000000,0.000000,4.000000,0.000000,9.000000,0.000000,7.154184,1.000000,1.000000,0.000000,0.000000,1.000000,0.000000,0.290981,0.687861,0.754761,911.242299,0.874232,0.582821,0.950000,0.582854,,0.000000,False,False,False,,,,229,-,0.000000,
4.000000,0.000000,76.000000,0.000000,0.000000,0.000000,4.000000,0.000000,9.000000,0.000000,6.894159,1.000000,1.000000,0.000000,0.000000,1.000000,0.000000,0.276532,0.718362,0.714175,910.619876,0.893222,0.595481,0.975000,0.622423,,0.000000,False,False,False,,,,230,-,0.000000,
4.000000,0.000000,76.000000,0.000000,0.000000,0.000000,4.000000,0.000000,9.000000,0.000000,6.785093,1.000000,1.000000,0.000000,0.000000,1.000000,0.000000,0.255142,0.727777,0.775887,909.990651,0.886614,0.591076,0.962500,0.629225,,0.000000,False,False,False,,,,231,-,0.000000,
4.000000,0.000000,76.000000,0.000000,0.000000,0.000000,4.000000,0.000000,10.000000,0.000000,7.491120,1.000000,1.000000,0.000000,0.000000,1.000000,0.000000,0.208243,0.779403,0.798969,909.329426,0.868878,0.579252,0.950000,0.661224,,0.000000,False,False,False,,,,232,-,0.000000,
4.000000,0.000000,76.000000,0.000000,0.000000,0.000000,4.000000,0.000000,8.000000,0.000000,6.722738,1.000000,1.000000,0.000000,0.000000,1.000000,0.000000,0.259816,0.735405,0.729116,908.704879,0.873491,0.582327,0.962500,0.624548,,0.000000,False,False,False,,,,233,-,0.000000,
4.000000,0.000000,76.000000,0.000000,0.000000,0.000000,4.000000,0.000000,7.000000,0.000000,7.411139,1.000000,1.000000,0.000000,0.000000,1.000000,0.000000,0.253071,0.699288,0.743726,908.085719,0.903305,0.602203,0.987500,0.619160,,0.000000,False,False,False,,,,234,-,0.000000,
4.000000,0.000000,76.000000,0.000000,0.000000,0.000000,4.000000,0.000000,8.000000,0.000000,7.433118,1.000000,1.000000,0.000000,0.000000,1.000000,0.000000,0.164218,0.801436,0.840109,907.379087,0.893198,0.595465,0.962500,0.706632,,0.000000,False,False,False,,,,235,-,0.000000,
4.000000,0.000000,76.000000,0.000000,0.000000,0.000000,4.000000,0.000000,5.000000,0.000000,7.325028,1.000000,1.000000,0.000000,0.000000,1.000000,0.000000,0.154966,0.820792,0.854081,906.651274,0.894467,0.596311,0.975000,0.727812,,0.000000,False,False,False,,,,236,-,0.000000,
4.000000,0.000000,76.000000,0.000000,0.000000,0.000000,4.000000,0.000000,4.000000,0.000000,7.049430,1.000000,1.000000,0.000000,0.000000,1.000000,0.000000,0.170024,0.808255,0.832948,905.944826,0.880922,0.587281,0.962500,0.706449,,0.000000,False,False,False,,,,237,-,0.000000,
3.000000,0.000000,76.000000,1.000000,0.000000,0.000000,4.000000,1.000000,4.000000,0.000000,6.450649,1.000000,1.000000,1.000000,1.000000,0.000000,0.000000,0.119657,0.862504,0.887753,905.189260,0.879635,0.586424,0.975000,0.755566,967.628628,0.000000,False,False,False,1.000000,1.000000,0.000000,238,20,0.000000,
3.000000,0.000000,76.000000,1.000000,0.000000,0.000000,4.000000,1.000000,3.000000,0.000000,7.590650,1.000000,1.000000,1.000000,1.000000,0.000000,0.000000,0.136266,0.845304,0.874118,904.446858,0.880740,0.587160,0.975000,0.742402,966.628889,0.000000,False,False,False,1.000000,1.000000,0.000000,239,20,0.000000,0.000000
3.000000,0.000000,76.000000,1.000000,0.000000,0.000000,4.000000,1.000000,4.000000,0.000000,7.800095,1.000000,1.000000,1.000000,1.000000,0.000000,0.000000,0.083440,0.888316,0.931174,903.663402,0.877733,0.585155,0.975000,0.783456,965.629710,0.000000,False,False,False,1.000000,1.000000,0.000000,240,20,0.000000,0.000000
3.000000,0.000000,76.000000,1.000000,0.000000,0.000000,4.000000,1.000000,2.000000,0.000000,7.287979,1.000000,1.000000,1.000000,1.000000,0.000000,0.000000,0.111117,0.864439,0.917051,902.901882,0.879166,0.586111,0.975000,0.761520,964.629886,0.000000,False,False,False,1.000000,1.000000,0.000000,241,20,0.000000,0.000000
3.000000,0.000000,76.000000,1.000000,0.000000,0.000000,4.000000,1.000000,3.000000,0.000000,7.344393,1.000000,1.000000,1.000000,1.000000,0.000000,0.000000,0.113496,0.854469,0.888977,902.132762,0.901075,0.600717,1.000000,0.769120,963.630224,0.000000,False,False,False,1.000000,1.000000,0.000000,242,20,0.000000,0.000000
3.000000,0.000000,76.000000,1.000000,0.000000,0.000000,4.000000,1.000000,2.000000,0.000000,7.470558,1.000000,1.000000,1.000000,1.000000,0.000000,0.000000,0.105589,0.867885,0.915448,901.349663,0.904387,0.602925,0.987500,0.783098,962.630229,0.000000,False,False,False,1.000000,1.000000,0.000000,243,20,0.000000,0.000000
3.000000,0.000000,76.000000,1.000000,0.000000,0.000000,4.000000,1.000000,1.000000,0.000000,7.875175,1.000000,1.000000,1.000000,1.000000,0.000000,0.000000,0.085764,0.887681,0.925505,900.552589,0.899933,0.599956,0.987500,0.797075,961.630862,0.000000,False,False,False,1.000000,1.000000,0.000000,244,20,0.000000,0.000000
3.000000,0.000000,76.000000,1.000000,0.000000,0.000000,4.000000,0.000000,2.000000,0.000000,7.875175,1.000000,1.000000,1.000000,1.000000,0.000000,0.000000,0.042465,0.944094,0.975284,899.721167,0.877636,0.585090,0.975000,0.831421,961.630862,0.000000,False,False,False,,,,245,20,0.000000,0.000000
3.000000,0.000000,76.000000,1.000000,0.000000,0.000000,4.000000,0.000000,1.000000,0.000000,7.875175,1.000000,1.000000,1.000000,1.000000,0.000000,0.000000,0.062288,0.905867,0.954872,898.933585,0.867402,0.578268,0.975000,0.787582,961.630862,0.000000,False,False,False,,,,246,20,0.000000,0.000000
2.000000,0.000000,76.000000,2.000000,0.000000,0.000000,4.000000,1.000000,3.000000,0.000000,7.669144,1.000000,1.000000,1.000000,0.000000,0.000000,1.000000,0.062104,0.912901,0.963762,898.149890,0.855616,0.570411,0.975000,0.783695,961.630862,0.000000,False,False,False,1.000000,1.000000,0.000000,247,"20,53",0.000000,0.000000
2.000000,0.000000,76.000000,2.000000,0.000000,0.000000,4.000000,1.000000,3.000000,0.000000,7.583845,1.000000,1.000000,1.000000,0.000000,0.000000,1.000000,0.063572,0.910662,0.954845,897.371800,0.854076,0.569384,0.975000,0.778090,961.630862,0.000000,False,False,False,1.000000,1.000000,0.000000,248,"20,53",0.030769,0.105263
2.000000,0.000000,76.000000,2.000000,0.000000,0.000000,4.000000,1.000000,3.000000,0.000000,7.857398,1.000000,1.000000,1.000000,0.000000,0.000000,1.000000,0.074549,0.913765,0.943299,896.593137,0.854205,0.569470,0.975000,0.778664,961.630862,0.000000,False,False,False,1.000000,1.000000,0.000000,249,"20,53",0.246154,0.888889
2.000000,0.000000,76.000000,2.000000,0.000000,0.000000,4.000000,1.000000,3.000000,0.000000,7.517158,1.000000,1.000000,1.000000,0.000000,0.000000,1.000000,0.052595,0.930168,0.958576,895.812678,0.840023,0.560015,0.962500,0.780458,961.630862,0.000000,False,False,False,1.000000,1.000000,0.000000,250,"20,53",0.246154,0.888889
2.000000,0.000000,77.000000,1.000000,0.000000,0.000000,3.000000,1.000000,1.000000,0.000000,7.930108,1.000000,1.000000,1.000000,1.000000,0.000000,0.000000,0.079071,0.908526,0.945940,895.042336,0.851009,0.567339,0.987500,0.770342,966.852021,0.000000,False,False,False,1.000000,1.000000,0.000000,251,53,0.246154,0.888889
2.000000,0.000000,77.000000,1.000000,0.000000,0.000000,3.000000,0.000000,3.000000,0.000000,7.930108,1.000000,1.000000,1.000000,1.000000,0.000000,0.000000,0.037772,0.937969,0.975028,894.253852,0.837287,0.558191,0.975000,0.788484,966.852021,0.000000,False,False,False,,,,252,53,0.000000,0.000000
2.000000,0.000000,77.000000,1.000000,0.000000,0.000000,3.000000,0.000000,1.000000,0.000000,7.930108,1.000000,1.000000,1.000000,1.000000,0.000000,0.000000,0.108884,0.875179,0.921957,893.524618,0.838353,0.558902,0.975000,0.729234,966.852021,0.000000,False,False,False,,,,253,53,0.000000,0.000000
1.000000,1.000000,77.000000,1.000000,0.000000,0.000000,2.000000,0.000000,2.000000,0.000000,7.860590,1.000000,1.000000,1.000000,1.000000,0.000000,0.000000,0.045712,0.923720,0.966382,892.744932,0.841700,0.561134,0.987500,0.779685,966.852021,0.000000,False,False,False,,,,254,53,0.000000,0.000000
1.000000,1.000000,77.000000,1.000000,0.000000,0.000000,2.000000,1.000000,1.000000,0.000000,7.767196,1.000000,1.000000,1.000000,1.000000,0.000000,0.000000,0.096925,0.892882,0.923969,891.990484,0.849731,0.566488,0.987500,0.754448,965.931011,0.000000,False,False,False,1.000000,1.000000,0.000000,255,53,0.181818,1.000000
1.000000,1.000000,77.000000,1.000000,0.000000,0.000000,2.000000,1.000000,2.000000,0.000000,7.495769,1.000000,1.000000,1.000000,1.000000,0.000000,0.000000,0.085193,0.899546,0.910259,891.223272,0.859208,0.572806,1.000000,0.767212,965.005761,0.000000,False,False,False,1.000000,1.000000,0.000000,256,53,0.181818,1.000000
1.000000,1.000000,77.000000,1.000000,0.000000,0.000000,2.000000,1.000000,2.000000,0.000000,7.634439,1.000000,1.000000,1.000000,1.000000,0.000000,0.000000,0.128581,0.866331,0.878490,890.474178,0.872413,0.581609,1.000000,0.749093,964.097649,0.000000,False,False,False,1.000000,1.000000,0.000000,257,53,0.181818,0.923077
1.000000,1.000000,77.000000,1.000000,0.000000,0.000000,2.000000,1.000000,0.000000,0.000000,8.184661,1.000000,1.000000,1.000000,1.000000,0.000000,0.000000,0.064884,0.924024,0.934477,889.673315,0.868987,0.579324,0.987500,0.800863,963.185004,0.000000,False,False,False,1.000000,1.000000,0.000000,258,53,0.181818,0.923077
1.000000,0.000000,78.000000,1.000000,0.000000,0.000000,2.000000,1.000000,1.000000,0.000000,7.875979,1.000000,1.000000,1.000000,1.000000,0.000000,0.000000,0.043985,0.949071,0.970573,888.847629,0.868034,0.578689,1.000000,0.825687,962.266480,0.000000,False,False,False,1.000000,1.000000,0.000000,259,53,0.015152,0.076923
1.000000,0.000000,78.000000,1.000000,0.000000,0.000000,2.000000,1.000000,1.000000,0.000000,7.844091,1.000000,1.000000,1.000000,1.000000,0.000000,0.000000,0.048932,0.947640,0.949717,888.021308,0.874233,0.582822,1.000000,0.826321,961.344910,0.000000,False,False,False,1.000000,1.000000,0.000000,260,53,0.014925,0.071429
1.000000,0.000000,78.000000,1.000000,0.000000,0.000000,2.000000,1.000000,1.000000,0.000000,7.922773,1.000000,1.000000,1.000000,1.000000,0.000000,0.000000,0.039146,0.957388,0.971802,887.177550,0.879953,0.586636,1.000000,0.843757,960.416909,0.000000,False,False,False,1.000000,1.000000,0.000000,261,53,0.014925,0.071429
1.000000,0.000000,78.000000,1.000000,0.000000,0.000000,2.000000,0.000000,1.000000,0.000000,7.848222,1.000000,1.000000,1.000000,1.000000,0.000000,0.000000,0.055531,0.935960,0.955275,886.365122,0.870768,0.580512,0.987500,0.812429,960.416909,0.000000,False,False,False,,,,262,53,0.014925,0.071429
1.000000,0.000000,78.000000,1.000000,0.000000,0.000000,2.000000,1.000000,1.000000,0.000000,7.856097,1.000000,1.000000,1.000000,1.000000,0.000000,0.000000,0.080585,0.914884,0.930199,885.561434,0.879809,0.586540,1.000000,0.803688,959.483381,0.000000,False,False,False,1.000000,1.000000,0.000000,263,53,0.194030,0.928571
0.000000,0.000000,78.000000,2.000000,0.000000,0.000000,2.000000,2.000000,0.000000,0.000000,8.049813,1.000000,1.000000,1.000000,0.000000,0.000000,1.000000,0.050755,0.947015,0.947522,884.723683,0.886550,0.591033,1.000000,0.837750,928.573540,0.000000,False,False,False,1.000000,1.000000,0.000000,264,"53,64",0.194030,0.928571
0.000000,0.000000,78.000000,2.000000,0.000000,0.000000,2.000000,2.000000,0.000000,0.000000,8.003423,1.000000,1.000000,1.000000,0.000000,0.000000,1.000000,0.055394,0.924312,0.954561,883.898308,0.889576,0.593051,1.000000,0.825375,927.588669,0.000000,False,False,False,1.000000,1.000000,0.000000,265,"53,64",0.477612,0.969697
0.000000,0.000000,78.000000,2.000000,0.000000,0.000000,2.000000,2.000000,2.000000,0.000000,7.751788,1.000000,1.000000,1.000000,0.000000,0.000000,1.000000,0.034352,0.959799,0.966762,883.042394,0.892033,0.594689,1.000000,0.855914,926.594462,0.000000,False,False,False,1.000000,1.000000,0.000000,266,"53,64",0.477612,0.969697
0.000000,0.000000,78.000000,2.000000,0.000000,0.000000,2.000000,1.000000,4.000000,0.000000,7.847037,1.000000,1.000000,1.000000,0.000000,0.000000,1.000000,0.039518,0.922375,0.965891,882.224711,0.885216,0.590144,0.987500,0.817683,926.594462,0.000000,False,False,False,1.000000,1.000000,0.000000,267,"53,64",0.477612,0.969697
0.000000,0.000000,78.000000,2.000000,0.000000,0.000000,2.000000,1.000000,2.000000,0.000000,7.610760,1.000000,1.000000,1.000000,0.000000,0.000000,1.000000,0.100671,0.893719,0.896969,881.446590,0.879723,0.586482,0.987500,0.778121,926.594462,0.000000,False,False,False,1.000000,1.000000,0.000000,268,"53,64",0.477612,0.969697
0.000000,0.000000,78.000000,2.000000,0.000000,0.000000,2.000000,2.000000,1.000000,0.000000,7.393782,1.000000,1.000000,1.000000,0.000000,0.000000,1.000000,0.135763,0.825849,0.868573,880.721260,0.885362,0.590241,1.000000,0.725330,925.596472,0.000000,False,False,False,1.000000,1.000000,0.000000,269,"53,64",0.462687,0.968750
0.000000,0.000000,78.000000,2.000000,0.000000,0.000000,2.000000,1.000000,1.000000,0.000000,7.841208,1.000000,1.000000,1.000000,0.000000,0.000000,1.000000,0.065340,0.931120,0.931614,879.903884,0.878426,0.585617,0.987500,0.817376,925.596472,0.000000,False,False,False,1.000000,1.000000,0.000000,270,"53,64",0.469697,0.968750
0.000000,0.000000,78.000000,2.000000,0.000000,0.000000,2.000000,2.000000,1.000000,0.000000,7.508856,1.000000,1.000000,1.000000,0.000000,0.000000,1.000000,0.079884,0.884032,0.943983,879.124004,0.880936,0.587291,1.000000,0.779880,924.597069,0.000000,False,False,False,1.000000,1.000000,0.000000,271,"53,64",0.469697,0.968750
0.000000,0.000000,78.000000,2.000000,0.000000,0.000000,2.000000,2.000000,1.000000,0.000000,7.986406,1.000000,1.000000,1.000000,0.000000,0.000000,1.000000,0.043925,0.950847,0.959039,878.281691,0.887370,0.591580,1.000000,0.842313,923.597246,0.000000,False,False,False,1.000000,1.000000,0.000000,272,"53,64",0.469697,0.968750
0.000000,0.000000,78.000000,2.000000,0.000000,0.000000,2.000000,1.000000,1.000000,0.000000,7.917747,1.000000,1.000000,1.000000,0.000000,0.000000,1.000000,0.071504,0.897049,0.952866,877.490908,0.878971,0.585981,0.987500,0.790783,923.597246,0.000000,False,False,False,1.000000,1.000000,0.000000,273,"53,64",0.484848,0.969697
0.000000,0.000000,78.000000,2.000000,0.000000,0.000000,2.000000,1.000000,0.000000,0.000000,8.047273,1.000000,1.000000,1.000000,0.000000,0.000000,1.000000,0.054145,0.941842,0.942683,876.676546,0.868024,0.578683,0.987500,0.814361,923.597246,0.000000,False,False,False,1.000000,1.000000,0.000000,274,"53,64",0.469697,1.000000
0.000000,0.000000,78.000000,2.000000,0.000000,0.000000,2.000000,2.000000,0.000000,0.000000,8.049545,1.000000,1.000000,1.000000,0.000000,0.000000,1.000000,0.052083,0.926492,0.960223,875.870231,0.869203,0.579469,1.000000,0.806316,922.675322,0.000000,False,False,False,1.000000,1.000000,0.000000,275,"53,64",0.461538,1.000000
0.000000,0.000000,78.000000,2.000000,0.000000,0.000000,2.000000,2.000000,0.000000,0.000000,8.038733,1.000000,1.000000,1.000000,0.000000,0.000000,1.000000,0.035775,0.963314,0.963655,875.029875,0.873060,0.582040,1.000000,0.840356,921.715992,0.000000,False,False,False,1.000000,1.000000,0.000000,276,"53,64",0.461538,1.000000
0.000000,0.000000,78.000000,2.000000,0.000000,0.000000,2.000000,1.000000,0.000000,0.000000,8.026122,1.000000,1.000000,1.000000,0.000000,0.000000,1.000000,0.049902,0.929911,0.960314,874.215319,0.873839,0.582559,1.000000,0.814556,920.735964,0.000000,False,False,False,1.000000,1.000000,0.000000,277,"53,64",0.468750,1.000000
0.000000,0.000000,78.000000,2.000000,0.000000,0.000000,2.000000,1.000000,0.000000,0.000000,8.012021,1.000000,1.000000,1.000000,0.000000,0.000000,1.000000,0.037018,0.962344,0.965592,873.373284,0.875068,0.583379,1.000000,0.842035,919.746328,0.000000,False,False,False,1.000000,1.000000,0.000000,278,"53,64",0.468750,1.000000
0.000000,0.000000,78.000000,2.000000,0.000000,0.000000,2.000000,1.000000,1.000000,0.000000,7.999378,1.000000,1.000000,1.000000,0.000000,0.000000,1.000000,0.044271,0.939616,0.964755,872.547410,0.876360,0.584240,1.000000,0.825874,918.752380,0.000000,False,False,False,1.000000,1.000000,0.000000,279,"53,64",0.468750,1.000000
0.000000,0.000000,78.000000,2.000000,0.000000,0.000000,2.000000,1.000000,1.000000,0.000000,7.809682,1.000000,1.000000,1.000000,0.000000,0.000000,1.000000,0.058084,0.941580,0.945055,871.720912,0.880758,0.587172,1.000000,0.826498,917.755884,0.000000,False,False,False,1.000000,1.000000,0.000000,280,"53,64",0.468750,1.000000
0.000000,0.000000,78.000000,2.000000,0.000000,0.000000,2.000000,1.000000,2.000000,0.000000,6.697186,1.000000,1.000000,1.000000,0.000000,0.000000,1.000000,0.078403,0.902419,0.935421,870.921816,0.884716,0.589811,1.000000,0.799096,916.758428,0.000000,False,False,False,1.000000,1.000000,0.000000,281,"53,64",0.468750,1.000000
0.000000,0.000000,78.000000,2.000000,0.000000,0.000000,2.000000,1.000000,1.000000,0.000000,7.691283,1.000000,1.000000,1.000000,0.000000,0.000000,1.000000,0.063228,0.935848,0.945769,870.103020,0.877645,0.585097,0.987500,0.818795,915.759590,0.000000,False,False,False,1.000000,1.000000,0.000000,282,"53,64",0.468750,1.000000
0.000000,0.000000,78.000000,2.000000,0.000000,0.000000,2.000000,1.000000,0.000000,0.000000,8.125757,1.000000,1.000000,1.000000,0.000000,0.000000,1.000000,0.057986,0.929356,0.954198,869.289105,0.872746,0.581831,0.987500,0.813915,914.760490,0.000000,False,False,False,1.000000,1.000000,0.000000,283,"53,64",0.468750,1.000000
0.000000,0.000000,78.000000,2.000000,0.000000,0.000000,2.000000,1.000000,0.000000,0.000000,8.318505,1.000000,1.000000,1.000000,0.000000,0.000000,1.000000,0.037663,0.962043,0.964292,868.444527,0.877982,0.585321,1.000000,0.844579,913.760633,0.000000,False,False,False,1.000000,1.000000,0.000000,284,"53,64",0.468750,1.000000
0.000000,0.000000,78.000000,2.000000,0.000000,0.000000,2.000000,1.000000,0.000000,0.000000,8.181714,1.000000,1.000000,1.000000,0.000000,0.000000,1.000000,0.049283,0.940752,0.961825,867.613318,0.880314,0.586876,1.000000,0.831208,912.771267,0.000000,False,False,False,1.000000,1.000000,0.000000,285,"53,64",0.484375,1.000000
0.000000,0.000000,78.000000,2.000000,0.000000,0.000000,2.000000,1.000000,0.000000,0.000000,8.131040,1.000000,1.000000,1.000000,0.000000,0.000000,1.000000,0.030163,0.969922,0.970693,866.758248,0.882019,0.588013,1.000000,0.855070,911.775525,0.000000,False,False,False,1.000000,1.000000,0.000000,286,"53,64",0.484375,1.000000
0.000000,0.000000,78.000000,2.000000,0.000000,0.000000,2.000000,1.000000,0.000000,0.000000,8.101913,1.000000,1.000000,1.000000,0.000000,0.000000,1.000000,0.046979,0.946164,0.959178,865.919941,0.883443,0.588962,1.000000,0.838307,910.777473,0.000000,False,False,False,1.000000,1.000000,0.000000,287,"53,64",0.484375,1.000000
0.000000,0.000000,78.000000,2.000000,0.000000,0.000000,2.000000,1.000000,1.000000,0.000000,7.993406,1.000000,1.000000,1.000000,0.000000,0.000000,1.000000,0.034370,0.963870,0.967210,865.067207,0.884608,0.589739,1.000000,0.852734,909.777565,0.000000,False,False,False,1.000000,1.000000,0.000000,288,"53,64",0.484375,1.000000
0.000000,0.000000,78.000000,2.000000,0.000000,0.000000,2.000000,0.000000,0.000000,0.000000,8.092977,1.000000,1.000000,1.000000,0.000000,0.000000,1.000000,0.037444,0.954689,0.969571,864.230153,0.874610,0.583074,0.987500,0.837054,909.777565,0.000000,False,False,False,,,,289,"53,64",0.484375,1.000000
0.000000,0.000000,78.000000,2.000000,0.000000,0.000000,2.000000,1.000000,0.000000,0.000000,8.146881,1.000000,1.000000,1.000000,0.000000,0.000000,1.000000,0.027732,0.970941,0.973080,863.383158,0.873494,0.582329,1.000000,0.846995,908.788439,0.000000,False,False,False,1.000000,1.000000,0.000000,290,"53,64",0.468750,1.000000
0.000000,0.000000,78.000000,2.000000,0.000000,0.000000,2.000000,1.000000,0.000000,0.000000,8.076330,1.000000,1.000000,1.000000,0.000000,0.000000,1.000000,0.044933,0.950680,0.960726,862.548549,0.875661,0.583774,1.000000,0.834608,907.789285,0.000000,False,False,False,1.000000,1.000000,0.000000,291,"53,64",0.468750,1.000000
0.000000,0.000000,78.000000,2.000000,0.000000,0.000000,2.000000,1.000000,0.000000,0.000000,8.067370,1.000000,1.000000,1.000000,0.000000,0.000000,1.000000,0.030400,0.967325,0.972441,861.700512,0.877301,0.584868,1.000000,0.848037,906.789285,0.000000,False,False,False,1.000000,1.000000,0.000000,292,"53,64",0.468750,1.000000
0.000000,0.000000,78.000000,2.000000,0.000000,0.000000,2.000000,1.000000,0.000000,0.000000,8.020706,1.000000,1.000000,1.000000,0.000000,0.000000,1.000000,0.028864,0.966309,0.976020,860.849303,0.878801,0.585867,1.000000,0.851209,905.789367,0.000000,False,False,False,1.000000,1.000000,0.000000,293,"53,64",0.468750,1.000000
0.000000,0.000000,78.000000,2.000000,0.000000,0.000000,2.000000,0.000000,0.000000,0.000000,8.040744,1.000000,1.000000,1.000000,0.000000,0.000000,1.000000,0.020489,0.979394,0.980871,860.010756,0.877553,0.585035,1.000000,0.838547,906.583626,0.000000,False,False,False,,,,294,"53,64",0.468750,1.000000
0.000000,0.000000,78.000000,2.000000,0.000000,0.000000,2.000000,0.000000,2.000000,0.000000,7.244386,1.000000,1.000000,1.000000,0.000000,0.000000,1.000000,0.026414,0.969691,0.975763,859.180041,0.875900,0.583933,1.000000,0.830716,907.377895,0.000000,False,False,False,,,,295,"53,64",0.468750,1.000000
0.000000,0.000000,78.000000,2.000000,0.000000,0.000000,2.000000,0.000000,0.000000,0.000000,8.038412,1.000000,1.000000,1.000000,0.000000,0.000000,1.000000,0.074773,0.922215,0.933954,858.396962,0.857776,0.571851,0.975000,0.783078,907.377895,0.000000,False,False,False,,,,296,"53,64",0.468750,1.000000
0.000000,0.000000,78.000000,2.000000,0.000000,0.000000,2.000000,0.000000,1.000000,0.000000,6.639292,1.000000,1.000000,1.000000,0.000000,0.000000,1.000000,0.028557,0.969413,0.974399,857.584694,0.857405,0.571604,1.000000,0.812268,908.172175,0.000000,False,False,False,,,,297,"53,64",0.453125,1.000000
0.000000,0.000000,78.000000,2.000000,0.000000,0.000000,2.000000,0.000000,3.000000,0.000000,7.420077,1.000000,1.000000,1.000000,0.000000,0.000000,1.000000,0.047133,0.952727,0.954252,856.779974,0.850142,0.566761,0.987500,0.804720,908.172175,0.000000,False,False,False,,,,298,"53,64",0.437500,1.000000
0.000000,0.000000,78.000000,2.000000,0.000000,0.000000,2.000000,0.000000,4.000000,0.000000,6.693011,1.000000,1.000000,1.000000,0.000000,0.000000,1.000000,0.080379,0.918485,0.916168,856.009635,0.847991,0.565328,0.987500,0.770339,908.172175,0.000000,False,False,False,,,,299,"53,64",0.437500,1.000000
0.000000,0.000000,78.000000,2.000000,0.000000,0.000000,2.000000,0.000000,4.000000,0.000000,7.428544,1.000000,1.000000,1.000000,0.000000,0.000000,1.000000,0.127658,0.865145,0.863739,855.296015,0.841212,0.560808,0.975000,0.713620,908.172175,0.000000,False,False,False,,,,300,"53,64",0.444444,1.000000
0.000000,0.000000,78.000000,2.000000,0.000000,0.000000,2.000000,0.000000,4.000000,0.000000,6.827745,1.000000,1.000000,1.000000,0.000000,0.000000,1.000000,0.135306,0.862547,0.862101,854.574607,0.846014,0.564010,0.987500,0.721408,908.172175,0.000000,False,False,False,,,,301,"53,64",0.451613,1.000000
0.000000,0.000000,78.000000,2.000000,0.000000,0.000000,2.000000,0.000000,4.000000,0.000000,7.434134,1.000000,1.000000,1.000000,0.000000,0.000000,1.000000,0.100201,0.893603,0.886321,853.838181,0.839502,0.559668,0.975000,0.736427,908.172175,0.000000,False,False,False,,,,302,"53,64",0.451613,1.000000
0.000000,0.000000,78.000000,2.000000,0.000000,0.000000,2.000000,0.000000,5.000000,0.000000,7.244302,1.000000,1.000000,1.000000,0.000000,0.000000,1.000000,0.121338,0.876144,0.869543,853.117709,0.833495,0.555663,0.975000,0.720471,908.172175,0.000000,False,False,False,,,,303,"53,64",0.442623,1.000000
0.000000,0.000000,78.000000,2.000000,0.000000,0.000000,2.000000,0.000000,2.000000,0.000000,7.366092,1.000000,1.000000,1.000000,0.000000,0.000000,1.000000,0.140205,0.850821,0.851873,852.424338,0.836423,0.557615,0.975000,0.693371,908.172175,0.000000,False,False,False,,,,304,"53,64",0.442623,1.000000
0.000000,0.000000,78.000000,2.000000,0.000000,0.000000,2.000000,0.000000,2.000000,0.000000,7.246642,1.000000,1.000000,1.000000,0.000000,0.000000,1.000000,0.094344,0.903319,0.902562,851.682797,0.851201,0.567468,1.000000,0.741542,908.966464,0.000000,False,False,False,,,,305,"53,64",0.409836,1.000000
0.000000,0.000000,78.000000,2.000000,0.000000,0.000000,2.000000,0.000000,1.000000,0.000000,7.732369,1.000000,1.000000,1.000000,0.000000,0.000000,1.000000,0.058807,0.933876,0.941740,850.906519,0.837283,0.558188,0.975000,0.776278,908.966464,0.000000,False,False,False,,,,306,"53,64",0.406780,1.000000
0.000000,0.000000,78.000000,2.000000,0.000000,0.000000,2.000000,0.000000,1.000000,0.000000,7.657881,1.000000,1.000000,1.000000,0.000000,0.000000,1.000000,0.055041,0.941842,0.946616,850.133218,0.845898,0.563932,1.000000,0.773301,909.760763,0.000000,False,False,False,,,,307,"53,64",0.389831,1.000000
0.000000,0.000000,78.000000,2.000000,0.000000,0.000000,2.000000,0.000000,1.000000,0.000000,7.315926,1.000000,1.000000,1.000000,0.000000,0.000000,1.000000,0.051510,0.934718,0.953101,849.360286,0.850691,0.567127,1.000000,0.772932,910.555073,0.000000,False,False,False,,,,308,"53,64",0.389831,1.000000
0.000000,0.000000,78.000000,2.000000,0.000000,0.000000,2.000000,0.000000,0.000000,0.000000,8.107872,1.000000,1.000000,1.000000,0.000000,0.000000,1.000000,0.053719,0.939275,0.949201,848.572921,0.841017,0.560678,0.987500,0.787365,910.555073,0.000000,False,False,False,,,,309,"53,64",0.389831,1.000000
0.000000,0.000000,78.000000,2.000000,0.000000,0.000000,2.000000,0.000000,1.000000,0.000000,7.043204,1.000000,1.000000,1.000000,0.000000,0.000000,1.000000,0.030582,0.959009,0.970782,847.787742,0.839704,0.559802,1.000000,0.785179,911.349392,0.000000,False,False,False,,,,310,"53,64",0.389831,1.000000
0.000000,0.000000,78.000000,2.000000,0.000000,0.000000,2.000000,0.000000,2.000000,0.000000,7.776262,1.000000,1.000000,1.000000,0.000000,0.000000,1.000000,0.055908,0.939889,0.944837,847.007929,0.832327,0.554885,0.987500,0.779813,911.349392,0.000000,False,False,False,,,,311,"53,64",0.372881,1.000000
0.000000,0.000000,78.000000,2.000000,0.000000,0.000000,2.000000,0.000000,1.000000,0.000000,7.924936,1.000000,1.000000,1.000000,0.000000,0.000000,1.000000,0.067148,0.926646,0.933555,846.245915,0.829982,0.553321,0.987500,0.762014,911.349392,0.000000,False,False,False,,,,312,"53,64",0.372881,1.000000
0.000000,0.000000,78.000000,2.000000,0.000000,0.000000,2.000000,0.000000,2.000000,0.000000,7.234686,1.000000,1.000000,1.000000,0.000000,0.000000,1.000000,0.058862,0.934384,0.938970,845.486560,0.836953,0.557969,1.000000,0.759355,912.143721,0.000000,False,False,False,,,,313,"53,64",0.355932,1.000000
0.000000,0.000000,78.000000,2.000000,0.000000,0.000000,2.000000,0.000000,2.000000,0.000000,7.658393,1.000000,1.000000,1.000000,0.000000,0.000000,1.000000,0.075673,0.918773,0.932756,844.725426,0.835588,0.557059,0.987500,0.761134,912.143721,0.000000,False,False,False,,,,314,"53,64",0.322034,1.000000
0.000000,0.000000,78.000000,2.000000,0.000000,0.000000,2.000000,0.000000,1.000000,0.000000,7.343145,1.000000,1.000000,1.000000,0.000000,0.000000,1.000000,0.069833,0.926786,0.935267,843.956361,0.833508,0.555672,0.987500,0.769065,912.143721,0.000000,False,False,False,,,,315,"53,64",0.305085,1.000000
0.000000,0.000000,78.000000,2.000000,0.000000,0.000000,2.000000,0.000000,3.000000,0.000000,7.891358,1.000000,1.000000,1.000000,0.000000,0.000000,1.000000,0.049829,0.944773,0.955757,843.183879,0.839795,0.559863,1.000000,0.772482,912.938060,0.000000,False,False,False,,,,316,"53,64",0.310345,1.000000
0.000000,0.000000,78.000000,2.000000,0.000000,0.000000,2.000000,0.000000,1.000000,0.000000,7.947641,1.000000,1.000000,1.000000,0.000000,0.000000,1.000000,0.057852,0.939556,0.950127,842.402141,0.835698,0.557132,0.987500,0.781738,912.938060,0.000000,False,False,False,,,,317,"53,64",0.288136,1.000000
0.000000,0.000000,78.000000,2.000000,0.000000,0.000000,2.000000,0.000000,1.000000,0.000000,7.947641,1.000000,1.000000,1.000000,0.000000,0.000000,1.000000,0.036670,0.962496,0.964309,841.617564,0.815253,0.543502,0.975000,0.784577,912.938060,0.000000,False,False,False,,,,318,"53,64",0.293103,1.000000
0.000000,0.000000,78.000000,2.000000,0.000000,0.000000,2.000000,0.000000,1.000000,0.000000,7.947641,1.000000,1.000000,1.000000,0.000000,0.000000,1.000000,0.038791,0.957900,0.966733,840.848415,0.801113,0.534075,0.975000,0.769149,912.938060,0.000000,False,False,False,,,,319,"53,64",0.280702,1.000000
0.000000,0.000000,78.000000,2.000000,0.000000,0.000000,2.000000,0.000000,1.000000,0.000000,7.947641,1.000000,1.000000,1.000000,0.000000,0.000000,1.000000,0.042103,0.953792,0.960140,840.095632,0.788828,0.525886,0.975000,0.752783,912.938060,0.000000,False,False,False,,,,320,"53,64",0.280702,1.000000
0.000000,0.000000,78.000000,2.000000,0.000000,0.000000,2.000000,0.000000,1.000000,0.000000,7.947641,1.000000,1.000000,1.000000,0.000000,0.000000,1.000000,0.038760,0.958947,0.964269,839.348124,0.778398,0.518932,0.975000,0.747508,912.938060,0.000000,False,False,False,,,,321,"53,64",0.263158,1.000000
0.000000,0.000000,79.000000,1.000000,0.000000,0.000000,1.000000,0.000000,0.000000,0.000000,8.363495,1.000000,1.000000,1.000000,1.000000,0.000000,0.000000,0.042257,0.954148,0.961921,838.601343,0.781389,0.520926,0.987500,0.746781,920.829995,0.000000,False,False,False,,,,322,53,0.263158,1.000000
0.000000,0.000000,79.000000,1.000000,0.000000,0.000000,1.000000,0.000000,0.000000,0.000000,8.423763,1.000000,1.000000,1.000000,1.000000,0.000000,0.000000,0.040856,0.955809,0.963103,837.846685,0.786693,0.524462,1.000000,0.754658,920.033701,0.000000,False,False,False,,,,323,53,0.206897,1.000000
0.000000,0.000000,79.000000,1.000000,0.000000,0.000000,1.000000,0.000000,0.000000,0.000000,8.449845,1.000000,1.000000,1.000000,1.000000,0.000000,0.000000,0.033918,0.961795,0.967583,837.085879,0.788817,0.525878,1.000000,0.760806,919.236733,0.000000,False,False,False,,,,324,53,0.210526,1.000000
0.000000,0.000000,79.000000,1.000000,0.000000,0.000000,1.000000,0.000000,0.000000,0.000000,8.426077,1.000000,1.000000,1.000000,1.000000,0.000000,0.000000,0.044931,0.949582,0.960218,836.332811,0.789981,0.526654,1.000000,0.753069,918.439047,0.000000,False,False,False,,,,325,53,0.210526,1.000000
0.000000,0.000000,79.000000,1.000000,0.000000,0.000000,1.000000,0.000000,0.000000,0.000000,8.403786,1.000000,1.000000,1.000000,1.000000,0.000000,0.000000,0.037667,0.958927,0.962125,835.573075,0.790724,0.527149,1.000000,0.759736,917.640760,0.000000,False,False,False,,,,326,53,0.210526,1.000000
0.000000,0.000000,79.000000,1.000000,0.000000,0.000000,1.000000,0.000000,0.000000,0.000000,8.323102,1.000000,1.000000,1.000000,1.000000,0.000000,0.000000,0.035369,0.961722,0.966955,834.809816,0.791189,0.527459,1.000000,0.763259,916.841945,0.000000,False,False,False,,,,327,53,0.210526,1.000000
0.000000,0.000000,79.000000,1.000000,0.000000,0.000000,1.000000,0.000000,0.000000,0.000000,8.252162,1.000000,1.000000,1.000000,1.000000,0.000000,0.000000,0.034880,0.963328,0.967398,834.046352,0.791551,0.527701,1.000000,0.763463,916.042688,0.000000,False,False,False,,,,328,53,0.210526,1.000000
0.000000,0.000000,79.000000,1.000000,0.000000,0.000000,1.000000,0.000000,0.000000,0.000000,8.189432,1.000000,1.000000,1.000000,1.000000,0.000000,0.000000,0.027710,0.971634,0.971776,833.276283,0.791831,0.527887,1.000000,0.770069,915.243096,0.000000,False,False,False,,,,329,53,0.210526,1.000000
0.000000,0.000000,79.000000,1.000000,0.000000,0.000000,1.000000,0.000000,0.000000,0.000000,8.131887,1.000000,1.000000,1.000000,1.000000,0.000000,0.000000,0.031966,0.967019,0.967710,832.509374,0.792050,0.528033,1.000000,0.766909,914.443285,0.000000,False,False,False,,,,330,53,0.210526,1.000000
0.000000,0.000000,79.000000,1.000000,0.000000,0.000000,1.000000,0.000000,0.000000,0.000000,8.078662,1.000000,1.000000,1.000000,1.000000,0.000000,0.000000,0.027483,0.970902,0.973449,831.738649,0.792243,0.528162,1.000000,0.770725,913.643331,0.000000,False,False,False,,,,331,53,0.210526,1.000000
0.000000,0.000000,79.000000,1.000000,0.000000,0.000000,1.000000,0.000000,0.000000,0.000000,8.029503,1.000000,1.000000,1.000000,1.000000,0.000000,0.000000,0.025483,0.973598,0.975131,830.966268,0.792407,0.528271,1.000000,0.772381,912.843332,0.000000,False,False,False,,,,332,53,0.210526,1.000000
0.000000,0.000000,79.000000,1.000000,0.000000,0.000000,1.000000,0.000000,1.000000,0.000000,7.985216,1.000000,1.000000,1.000000,1.000000,0.000000,0.000000,0.026176,0.971618,0.974884,830.195467,0.792545,0.528363,1.000000,0.770801,912.043396,0.000000,False,False,False,,,,333,53,0.210526,1.000000
0.000000,0.000000,79.000000,1.000000,0.000000,0.000000,1.000000,0.000000,0.000000,0.000000,8.257890,1.000000,1.000000,1.000000,1.000000,0.000000,0.000000,0.029582,0.969563,0.973832,829.433617,0.785643,0.523762,0.987500,0.761850,912.043396,0.000000,False,False,False,,,,334,53,0.210526,1.000000
0.000000,0.000000,79.000000,1.000000,0.000000,0.000000,1.000000,0.000000,0.000000,0.000000,8.287918,1.000000,1.000000,1.000000,1.000000,0.000000,0.000000,0.025559,0.969487,0.975565,828.667812,0.788584,0.525723,1.000000,0.765805,911.245118,0.000000,False,False,False,,,,335,53,0.210526,1.000000
0.000000,0.000000,79.000000,1.000000,0.000000,0.000000,1.000000,0.000000,0.000000,0.000000,8.247376,1.000000,1.000000,1.000000,1.000000,0.000000,0.000000,0.019714,0.978178,0.981587,827.895686,0.789484,0.526323,1.000000,0.772126,910.447237,0.000000,False,False,False,,,,336,53,0.210526,1.000000
0.000000,0.000000,79.000000,1.000000,0.000000,0.000000,1.000000,0.000000,0.000000,0.000000,8.241232,1.000000,1.000000,1.000000,1.000000,0.000000,0.000000,0.027812,0.961465,0.973701,827.135912,0.789908,0.526605,1.000000,0.759774,909.649927,0.000000,False,False,False,,,,337,53,0.210526,1.000000
0.000000,0.000000,79.000000,1.000000,0.000000,0.000000,1.000000,0.000000,0.000000,0.000000,8.246107,1.000000,1.000000,1.000000,1.000000,0.000000,0.000000,0.030198,0.964958,0.971540,826.373030,0.790175,0.526783,1.000000,0.762882,908.853202,0.000000,False,False,False,,,,338,53,0.214286,1.000000
0.000000,0.000000,79.000000,1.000000,0.000000,0.000000,1.000000,0.000000,0.000000,0.000000,8.237110,1.000000,1.000000,1.000000,1.000000,0.000000,0.000000,0.024650,0.965237,0.974904,825.609331,0.790376,0.526917,1.000000,0.763699,908.057212,0.000000,False,False,False,,,,339,53,0.218182,1.000000
0.000000,0.000000,79.000000,1.000000,0.000000,0.000000,1.000000,0.000000,0.000000,0.000000,8.194112,1.000000,1.000000,1.000000,1.000000,0.000000,0.000000,0.025082,0.970399,0.976178,824.841752,0.790535,0.527024,1.000000,0.767579,907.262083,0.000000,False,False,False,,,,340,53,0.218182,1.000000
0.000000,0.000000,79.000000,1.000000,0.000000,0.000000,1.000000,0.000000,0.000000,0.000000,8.168044,1.000000,1.000000,1.000000,1.000000,0.000000,0.000000,0.032860,0.958554,0.969953,824.082452,0.790700,0.527134,1.000000,0.759300,906.467940,0.000000,False,False,False,,,,341,53,0.218182,1.000000
0.000000,0.000000,79.000000,1.000000,0.000000,0.000000,1.000000,0.000000,0.000000,0.000000,8.109591,1.000000,1.000000,1.000000,1.000000,0.000000,0.000000,0.025866,0.970420,0.975209,823.314470,0.790810,0.527207,1.000000,0.767982,905.674769,0.000000,False,False,False,,,,342,53,0.218182,1.000000
0.000000,0.000000,79.000000,1.000000,0.000000,0.000000,1.000000,0.000000,0.000000,0.000000,8.102672,1.000000,1.000000,1.000000,1.000000,0.000000,0.000000,0.030869,0.959648,0.967531,822.554747,0.790936,0.527290,1.000000,0.759723,904.882333,0.000000,False,False,False,,,,343,53,0.226415,1.000000
0.000000,0.000000,79.000000,1.000000,0.000000,0.000000,1.000000,0.000000,0.000000,0.000000,8.062215,1.000000,1.000000,1.000000,1.000000,0.000000,0.000000,0.022466,0.974000,0.979169,821.784644,0.791046,0.527364,1.000000,0.770103,904.090630,0.000000,False,False,False,,,,344,53,0.226415,1.000000
0.000000,0.000000,79.000000,1.000000,0.000000,0.000000,1.000000,0.000000,0.000000,0.000000,8.065858,1.000000,1.000000,1.000000,1.000000,0.000000,0.000000,0.032377,0.958364,0.967414,821.025193,0.791164,0.527443,1.000000,0.759451,903.299799,0.000000,False,False,False,,,,345,53,0.226415,1.000000
0.000000,0.000000,79.000000,1.000000,0.000000,0.000000,1.000000,0.000000,1.000000,0.000000,7.995875,1.000000,1.000000,1.000000,1.000000,0.000000,0.000000,0.035732,0.960644,0.966634,820.264609,0.791253,0.527502,1.000000,0.760583,902.509674,0.000000,False,False,False,,,,346,53,0.226415,1.000000
0.000000,0.000000,79.000000,1.000000,0.000000,0.000000,1.000000,0.000000,0.000000,0.000000,8.315446,1.000000,1.000000,1.000000,1.000000,0.000000,0.000000,0.076911,0.913671,0.918471,819.543373,0.796884,0.531256,1.000000,0.721236,901.720424,0.000000,False,False,False,,,,347,53,0.226415,1.000000
0.000000,0.000000,79.000000,1.000000,0.000000,0.000000,1.000000,0.000000,0.000000,0.000000,8.438560,1.000000,1.000000,1.000000,1.000000,0.000000,0.000000,0.040405,0.956486,0.959082,818.780307,0.797707,0.531805,1.000000,0.763066,900.931605,0.000000,False,False,False,,,,348,53,0.260000,1.000000
0.000000,0.000000,79.000000,1.000000,0.000000,0.000000,1.000000,0.000000,0.000000,0.000000,8.438482,1.000000,1.000000,1.000000,1.000000,0.000000,0.000000,0.038884,0.955038,0.961498,818.017293,0.797600,0.531733,1.000000,0.763014,900.144051,0.000000,False,False,False,,,,349,53,0.260000,1.000000
0.000000,0.000000,79.000000,1.000000,0.000000,0.000000,1.000000,0.000000,0.000000,0.000000,8.437437,1.000000,1.000000,1.000000,1.000000,0.000000,0.000000,0.034198,0.962777,0.968778,817.248156,0.797573,0.531715,1.000000,0.769137,899.357125,0.000000,False,False,False,,,,350,53,0.260000,1.000000
0.000000,0.000000,79.000000,1.000000,0.000000,0.000000,1.000000,0.000000,0.000000,0.000000,8.435162,1.000000,1.000000,1.000000,1.000000,0.000000,0.000000,0.030245,0.965052,0.972745,816.476448,0.797561,0.531707,1.000000,0.771708,898.570498,0.000000,False,False,False,,,,351,53,0.260000,1.000000
0.000000,0.000000,79.000000,1.000000,0.000000,0.000000,1.000000,0.000000,0.000000,0.000000,8.432162,1.000000,1.000000,1.000000,1.000000,0.000000,0.000000,0.059469,0.938485,0.944155,815.727096,0.797555,0.531703,1.000000,0.749352,897.784120,0.000000,False,False,False,,,,352,53,0.260000,1.000000
0.000000,0.000000,79.000000,1.000000,0.000000,0.000000,1.000000,0.000000,0.000000,0.000000,8.428652,1.000000,1.000000,1.000000,1.000000,0.000000,0.000000,0.032846,0.962492,0.966224,814.958626,0.797555,0.531703,1.000000,0.768470,896.997658,0.000000,False,False,False,,,,353,53,0.260000,1.000000
0.000000,0.000000,79.000000,1.000000,0.000000,0.000000,1.000000,0.000000,0.000000,0.000000,8.424412,1.000000,1.000000,1.000000,1.000000,0.000000,0.000000,0.038505,0.958881,0.961205,814.194047,0.797560,0.531707,1.000000,0.764579,896.211085,0.000000,False,False,False,,,,354,53,0.260000,1.000000
0.000000,0.000000,79.000000,1.000000,0.000000,0.000000,1.000000,0.000000,0.000000,0.000000,8.420489,1.000000,1.000000,1.000000,1.000000,0.000000,0.000000,0.037517,0.958782,0.961506,813.428666,0.797574,0.531716,1.000000,0.765381,895.424032,0.000000,False,False,False,,,,355,53,0.265306,1.000000
0.000000,0.000000,79.000000,1.000000,0.000000,0.000000,1.000000,0.000000,0.000000,0.000000,8.415927,1.000000,1.000000,1.000000,1.000000,0.000000,0.000000,0.037175,0.961976,0.965338,812.661569,0.797590,0.531727,1.000000,0.767096,894.636887,0.000000,False,False,False,,,,356,53,0.265306,1.000000
0.000000,0.000000,79.000000,1.000000,0.000000,0.000000,1.000000,0.000000,0.000000,0.000000,8.411685,1.000000,1.000000,1.000000,1.000000,0.000000,0.000000,0.030662,0.967399,0.970250,811.888719,0.797605,0.531737,1.000000,0.772850,893.849212,0.000000,False,False,False,,,,357,53,0.270833,1.000000
0.000000,0.000000,79.000000,1.000000,0.000000,0.000000,1.000000,0.000000,0.000000,0.000000,8.406918,1.000000,1.000000,1.000000,1.000000,0.000000,0.000000,0.049461,0.950288,0.950536,811.130680,0.797626,0.531751,1.000000,0.758039,893.061174,0.000000,False,False,False,,,,358,53,0.270833,1.000000
0.000000,0.000000,79.000000,1.000000,0.000000,0.000000,1.000000,0.000000,0.000000,0.000000,8.402607,1.000000,1.000000,1.000000,1.000000,0.000000,0.000000,0.043976,0.954897,0.956628,810.368321,0.797647,0.531765,1.000000,0.762360,892.272515,0.000000,False,False,False,,,,359,53,0.270833,1.000000
0.000000,0.000000,79.000000,1.000000,0.000000,0.000000,1.000000,0.000000,0.000000,0.000000,8.397728,1.000000,1.000000,1.000000,1.000000,0.000000,0.000000,0.056349,0.943174,0.946174,809.616840,0.797668,0.531778,1.000000,0.751481,891.483399,0.000000,False,False,False,,,,360,53,0.270833,1.000000
0.000000,0.000000,79.000000,1.000000,0.000000,0.000000,1.000000,0.000000,0.000000,0.000000,8.393738,1.000000,1.000000,1.000000,1.000000,0.000000,0.000000,0.044272,0.955068,0.957131,808.855488,0.797689,0.531793,1.000000,0.761351,890.693598,0.000000,False,False,False,,,,361,53,0.270833,1.000000
0.000000,0.000000,79.000000,1.000000,0.000000,0.000000,1.000000,0.000000,0.000000,0.000000,8.389200,1.000000,1.000000,1.000000,1.000000,0.000000,0.000000,0.051723,0.945019,0.955307,808.103053,0.797710,0.531807,1.000000,0.752435,889.903411,0.000000,False,False,False,,,,362,53,0.265306,1.000000
0.000000,0.000000,79.000000,1.000000,0.000000,0.000000,1.000000,0.000000,0.000000,0.000000,8.384679,1.000000,1.000000,1.000000,1.000000,0.000000,0.000000,0.059454,0.940613,0.948076,807.354001,0.797731,0.531821,1.000000,0.749052,889.112604,0.000000,False,False,False,,,,363,53,0.265306,1.000000
0.000000,0.000000,79.000000,1.000000,0.000000,0.000000,1.000000,0.000000,0.000000,0.000000,8.380130,1.000000,1.000000,1.000000,1.000000,0.000000,0.000000,0.058201,0.938933,0.958453,806.607326,0.797752,0.531835,1.000000,0.746675,888.321167,0.000000,False,False,False,,,,364,53,0.265306,1.000000
0.000000,0.000000,79.000000,1.000000,0.000000,0.000000,1.000000,0.000000,0.000000,0.000000,8.376288,1.000000,1.000000,1.000000,1.000000,0.000000,0.000000,0.056363,0.939678,0.952351,805.858940,0.797772,0.531848,1.000000,0.748385,887.529086,0.000000,False,False,False,,,,365,53,0.265306,1.000000
0.000000,0.000000,79.000000,1.000000,0.000000,0.000000,1.000000,0.000000,0.000000,0.000000,8.372251,1.000000,1.000000,1.000000,1.000000,0.000000,0.000000,0.057850,0.927228,0.960608,805.120604,0.797791,0.531861,1.000000,0.738337,886.736543,0.000000,False,False,False,,,,366,53,0.244898,1.000000
0.000000,0.000000,79.000000,1.000000,0.000000,0.000000,1.000000,0.000000,0.000000,0.000000,8.368786,1.000000,1.000000,1.000000,1.000000,0.000000,0.000000,0.066853,0.922163,0.944654,804.386523,0.797811,0.531874,1.000000,0.734081,885.943467,0.000000,False,False,False,,,,367,53,0.265306,1.000000
0.000000,0.000000,79.000000,1.000000,0.000000,0.000000,1.000000,0.000000,0.000000,0.000000,8.364889,1.000000,1.000000,1.000000,1.000000,0.000000,0.000000,0.079569,0.908762,0.948229,803.664314,0.797829,0.531886,1.000000,0.722209,885.150012,0.000000,False,False,False,,,,368,53,0.255319,1.000000
0.000000,0.000000,79.000000,1.000000,0.000000,0.000000,1.000000,0.000000,0.000000,0.000000,8.361821,1.000000,1.000000,1.000000,1.000000,0.000000,0.000000,0.063151,0.918882,0.958730,802.933430,0.797845,0.531897,1.000000,0.730884,884.356041,0.000000,False,False,False,,,,369,53,0.255319,1.000000
0.000000,0.000000,79.000000,1.000000,0.000000,0.000000,1.000000,0.000000,0.000000,0.000000,8.358939,1.000000,1.000000,1.000000,1.000000,0.000000,0.000000,0.059044,0.914887,0.964325,802.204931,0.797861,0.531908,1.000000,0.728499,883.561787,0.000000,False,False,False,,,,370,53,0.255319,1.000000
0.000000,0.000000,79.000000,1.000000,0.000000,0.000000,1.000000,0.000000,0.000000,0.000000,8.356147,1.000000,1.000000,1.000000,1.000000,0.000000,0.000000,0.068022,0.908996,0.958053,801.481503,0.797879,0.531919,1.000000,0.723428,882.767299,0.000000,False,False,False,,,,371,53,0.282609,1.000000
0.000000,0.000000,79.000000,1.000000,0.000000,0.000000,1.000000,0.000000,0.000000,0.000000,8.353250,1.000000,1.000000,1.000000,1.000000,0.000000,0.000000,0.070624,0.901944,0.955983,800.763536,0.797895,0.531930,1.000000,0.717968,881.972586,0.000000,False,False,False,,,,372,53,0.260870,1.000000
0.000000,0.000000,79.000000,1.000000,0.000000,0.000000,1.000000,0.000000,0.000000,0.000000,8.350616,1.000000,1.000000,1.000000,1.000000,0.000000,0.000000,0.072792,0.892129,0.958465,800.053693,0.797910,0.531940,1.000000,0.709842,881.177578,0.000000,False,False,False,,,,373,53,0.260870,1.000000
0.000000,0.000000,79.000000,1.000000,0.000000,0.000000,1.000000,0.000000,0.000000,0.000000,8.348031,1.000000,1.000000,1.000000,1.000000,0.000000,0.000000,0.076321,0.900064,0.947282,799.337129,0.797925,0.531950,1.000000,0.716564,880.382356,0.000000,False,False,False,,,,374,53,0.279070,1.000000
0.000000,0.000000,79.000000,1.000000,0.000000,0.000000,1.000000,0.000000,0.000000,0.000000,8.345602,1.000000,1.000000,1.000000,1.000000,0.000000,0.000000,0.078454,0.907655,0.949082,798.614397,0.797940,0.531960,1.000000,0.722732,879.586916,0.000000,False,False,False,,,,375,53,0.292683,1.000000
0.000000,0.000000,79.000000,1.000000,0.000000,0.000000,1.000000,0.000000,0.000000,0.000000,8.343181,1.000000,1.000000,1.000000,1.000000,0.000000,0.000000,0.062153,0.919866,0.961099,797.881249,0.797956,0.531971,1.000000,0.733147,878.791304,0.000000,False,False,False,,,,376,53,0.317073,1.000000
0.000000,0.000000,79.000000,1.000000,0.000000,0.000000,1.000000,0.000000,0.000000,0.000000,8.340752,1.000000,1.000000,1.000000,1.000000,0.000000,0.000000,0.065688,0.914738,0.959680,797.152301,0.797970,0.531980,1.000000,0.728949,877.995499,0.000000,False,False,False,,,,377,53,0.292683,1.000000
0.000000,0.000000,79.000000,1.000000,0.000000,0.000000,1.000000,0.000000,0.000000,0.000000,8.338597,1.000000,1.000000,1.000000,1.000000,0.000000,0.000000,0.077197,0.897904,0.942906,796.436584,0.797985,0.531990,1.000000,0.715717,877.199478,0.000000,False,False,False,,,,378,53,0.292683,1.000000
0.000000,0.000000,79.000000,1.000000,0.000000,0.000000,1.000000,0.000000,0.000000,0.000000,8.336544,1.000000,1.000000,1.000000,1.000000,0.000000,0.000000,0.068950,0.911992,0.957952,795.709617,0.798000,0.532000,1.000000,0.726966,876.403350,0.000000,False,False,False,,,,379,53,0.317073,1.000000
0.000000,0.000000,79.000000,1.000000,0.000000,0.000000,1.000000,0.000000,0.000000,0.000000,8.334364,1.000000,1.000000,1.000000,1.000000,0.000000,0.000000,0.068493,0.918247,0.956238,794.977544,0.798014,0.532009,1.000000,0.732073,875.607159,0.000000,False,False,False,,,,380,53,0.300000,1.000000
0.000000,0.000000,79.000000,1.000000,0.000000,0.000000,1.000000,0.000000,0.000000,0.000000,8.332437,1.000000,1.000000,1.000000,1.000000,0.000000,0.000000,0.086810,0.895033,0.942348,794.264909,0.798027,0.532018,1.000000,0.712636,874.810797,0.000000,False,False,False,,,,381,53,0.300000,1.000000
0.000000,0.000000,79.000000,1.000000,0.000000,0.000000,1.000000,0.000000,0.000000,0.000000,8.330539,1.000000,1.000000,1.000000,1.000000,0.000000,0.000000,0.066712,0.914866,0.955608,793.535587,0.798042,0.532028,1.000000,0.729322,874.014450,0.000000,False,False,False,,,,382,53,0.325000,1.000000
0.000000,0.000000,79.000000,1.000000,0.000000,0.000000,1.000000,0.000000,0.000000,0.000000,8.328691,1.000000,1.000000,1.000000,1.000000,0.000000,0.000000,0.084721,0.897326,0.941854,792.820639,0.798055,0.532036,1.000000,0.714948,873.218067,0.000000,False,False,False,,,,383,53,0.300000,1.000000
0.000000,0.000000,79.000000,1.000000,0.000000,0.000000,1.000000,0.000000,0.000000,0.000000,8.326877,1.000000,1.000000,1.000000,1.000000,0.000000,0.000000,0.092488,0.882486,0.939825,792.116702,0.798069,0.532046,1.000000,0.703937,872.421658,0.000000,False,False,False,,,,384,53,0.333333,1.000000
0.000000,0.000000,79.000000,1.000000,0.000000,0.000000,1.000000,0.000000,0.000000,0.000000,8.325086,1.000000,1.000000,1.000000,1.000000,0.000000,0.000000,0.091205,0.889014,0.931376,791.407454,0.798083,0.532055,1.000000,0.709248,871.625217,0.000000,False,False,False,,,,385,53,0.351351,1.000000
0.000000,0.000000,79.000000,1.000000,0.000000,0.000000,1.000000,0.000000,0.000000,0.000000,8.323334,1.000000,1.000000,1.000000,1.000000,0.000000,0.000000,0.086046,0.883369,0.940207,790.702728,0.798095,0.532063,1.000000,0.704726,870.828844,0.000000,False,False,False,,,,386,53,0.324324,1.000000
0.000000,0.000000,79.000000,1.000000,0.000000,0.000000,1.000000,0.000000,0.000000,0.000000,8.321631,1.000000,1.000000,1.000000,1.000000,0.000000,0.000000,0.074987,0.903862,0.951783,789.982245,0.798108,0.532072,1.000000,0.720483,870.032416,0.000000,False,False,False,,,,387,53,0.371429,1.000000
0.000000,0.000000,79.000000,1.000000,0.000000,0.000000,1.000000,0.000000,0.000000,0.000000,8.319889,1.000000,1.000000,1.000000,1.000000,0.000000,0.000000,0.092881,0.882800,0.944777,789.277984,0.798121,0.532080,1.000000,0.704261,869.235969,0.000000,False,False,False,,,,388,53,0.352941,1.000000
0.000000,0.000000,79.000000,1.000000,0.000000,0.000000,1.000000,0.000000,0.000000,0.000000,8.318163,1.000000,1.000000,1.000000,1.000000,0.000000,0.000000,0.090564,0.894584,0.935866,788.564532,0.798133,0.532089,1.000000,0.713452,868.439422,0.000000,False,False,False,,,,389,53,0.382353,1.000000
0.000000,0.000000,79.000000,1.000000,0.000000,0.000000,1.000000,0.000000,0.000000,0.000000,8.316552,1.000000,1.000000,1.000000,1.000000,0.000000,0.000000,0.084217,0.897736,0.938887,787.847544,0.798146,0.532097,1.000000,0.716988,867.642994,0.000000,False,False,False,,,,390,53,0.382353,1.000000
0.000000,0.000000,79.000000,1.000000,0.000000,0.000000,1.000000,0.000000,0.000000,0.000000,8.314969,1.000000,1.000000,1.000000,1.000000,0.000000,0.000000,0.086073,0.901448,0.941481,787.128812,0.798159,0.532106,1.000000,0.718732,866.846587,0.000000,False,False,False,,,,391,53,0.393939,1.000000
0.000000,0.000000,79.000000,1.000000,0.000000,0.000000,1.000000,0.000000,0.000000,0.000000,8.313389,1.000000,1.000000,1.000000,1.000000,0.000000,0.000000,0.073708,0.911285,0.954045,786.402154,0.798171,0.532114,1.000000,0.726658,866.050203,0.000000,False,False,False,,,,392,53,0.393939,1.000000
0.000000,0.000000,79.000000,1.000000,0.000000,0.000000,1.000000,0.000000,0.000000,0.000000,8.311843,1.000000,1.000000,1.000000,1.000000,0.000000,0.000000,0.070375,0.917875,0.946644,785.669578,0.798184,0.532122,1.000000,0.732576,865.253886,0.000000,False,False,False,,,,393,53,0.393939,1.000000
0.000000,0.000000,79.000000,1.000000,0.000000,0.000000,1.000000,0.000000,0.000000,0.000000,8.310328,1.000000,1.000000,1.000000,1.000000,0.000000,0.000000,0.082121,0.894923,0.941431,784.955163,0.798196,0.532130,1.000000,0.714415,864.457619,0.000000,False,False,False,,,,394,53,0.393939,1.000000
0.000000,0.000000,79.000000,1.000000,0.000000,0.000000,1.000000,0.000000,0.000000,0.000000,8.308837,1.000000,1.000000,1.000000,1.000000,0.000000,0.000000,0.078611,0.909550,0.933177,784.228988,0.798208,0.532138,1.000000,0.726175,863.661389,0.000000,False,False,False,,,,395,53,0.393939,1.000000
0.000000,0.000000,79.000000,1.000000,0.000000,0.000000,1.000000,0.000000,0.000000,0.000000,8.307312,1.000000,1.000000,1.000000,1.000000,0.000000,0.000000,0.082292,0.899740,0.933848,783.510754,0.798219,0.532146,1.000000,0.718234,862.865143,0.000000,False,False,False,,,,396,53,0.363636,1.000000
0.000000,0.000000,79.000000,1.000000,0.000000,0.000000,1.000000,0.000000,0.000000,0.000000,8.305822,1.000000,1.000000,1.000000,1.000000,0.000000,0.000000,0.075905,0.910617,0.934836,782.783442,0.798230,0.532154,1.000000,0.727312,862.068997,0.000000,False,False,False,,,,397,53,0.406250,1.000000
0.000000,0.000000,79.000000,1.000000,0.000000,0.000000,1.000000,0.000000,0.000000,0.000000,8.304384,1.000000,1.000000,1.000000,1.000000,0.000000,0.000000,0.077642,0.909558,0.935041,782.056396,0.798242,0.532161,1.000000,0.727046,861.272934,0.000000,False,False,False,,,,398,53,0.419355,1.000000
0.000000,0.000000,79.000000,1.000000,0.000000,0.000000,1.000000,0.000000,0.000000,0.000000,8.302951,1.000000,1.000000,1.000000,1.000000,0.000000,0.000000,0.065065,0.925176,0.942155,781.316778,0.798253,0.532169,1.000000,0.739618,860.476850,0.000000,False,False,False,,,,399,53,0.419355,1.000000
0.000000,0.000000,79.000000,1.000000,0.000000,0.000000,1.000000,0.000000,0.000000,0.000000,8.301552,1.000000,1.000000,1.000000,1.000000,0.000000,0.000000,0.061332,0.930438,0.945441,780.572659,0.798264,0.532176,1.000000,0.744119,859.680825,0.000000,False,False,False,,,,400,53,0.387097,1.000000
0.000000,0.000000,79.000000,1.000000,0.000000,0.000000,1.000000,0.000000,0.000000,0.000000,8.300159,1.000000,1.000000,1.000000,1.000000,0.000000,0.000000,0.065830,0.930985,0.940234,779.829251,0.798275,0.532184,1.000000,0.743408,858.884805,0.000000,False,False,False,,,,401,53,0.419355,1.000000
0.000000,0.000000,79.000000,1.000000,0.000000,0.000000,1.000000,0.000000,0.000000,0.000000,8.298767,1.000000,1.000000,1.000000,1.000000,0.000000,0.000000,0.053665,0.943924,0.951538,779.075292,0.798287,0.532191,1.000000,0.753958,858.088763,0.000000,False,False,False,,,,402,53,0.419355,1.000000
0.000000,0.000000,79.000000,1.000000,0.000000,0.000000,1.000000,0.000000,0.000000,0.000000,8.297410,1.000000,1.000000,1.000000,1.000000,0.000000,0.000000,0.058869,0.938974,0.944472,778.324583,0.798298,0.532199,1.000000,0.750710,857.292787,0.000000,False,False,False,,,,403,53,0.448276,1.000000
0.000000,0.000000,79.000000,1.000000,0.000000,0.000000,1.000000,0.000000,0.000000,0.000000,8.296041,1.000000,1.000000,1.000000,1.000000,0.000000,0.000000,0.065410,0.930886,0.941097,777.578864,0.798309,0.532206,1.000000,0.745719,856.496817,0.000000,False,False,False,,,,404,53,0.448276,1.000000
0.000000,0.000000,79.000000,1.000000,0.000000,0.000000,1.000000,0.000000,0.000000,0.000000,8.294706,1.000000,1.000000,1.000000,1.000000,0.000000,0.000000,0.063431,0.934829,0.941692,776.831385,0.798320,0.532213,1.000000,0.747479,855.700919,0.000000,False,False,False,,,,405,53,0.448276,1.000000
0.000000,0.000000,79.000000,1.000000,0.000000,0.000000,1.000000,0.000000,0.000000,0.000000,8.293379,1.000000,1.000000,1.000000,1.000000,0.000000,0.000000,0.057093,0.941271,0.949971,776.078750,0.798331,0.532221,1.000000,0.752635,854.905059,0.000000,False,False,False,,,,406,53,0.448276,1.000000
0.000000,0.000000,79.000000,1.000000,0.000000,0.000000,1.000000,0.000000,0.000000,0.000000,8.292073,1.000000,1.000000,1.000000,1.000000,0.000000,0.000000,0.053132,0.945295,0.949141,775.323639,0.798341,0.532227,1.000000,0.755111,854.109247,0.000000,False,False,False,,,,407,53,0.428571,1.000000
0.000000,0.000000,79.000000,1.000000,0.000000,0.000000,1.000000,0.000000,0.000000,0.000000,8.290772,1.000000,1.000000,1.000000,1.000000,0.000000,0.000000,0.043049,0.954372,0.959806,774.560910,0.798352,0.532234,1.000000,0.762729,853.313431,0.000000,False,False,False,,,,408,53,0.464286,1.000000
0.000000,0.000000,79.000000,1.000000,0.000000,0.000000,1.000000,0.000000,0.000000,0.000000,8.289461,1.000000,1.000000,1.000000,1.000000,0.000000,0.000000,0.049266,0.947191,0.953377,773.803312,0.798362,0.532242,1.000000,0.757599,852.517598,0.000000,False,False,False,,,,409,53,0.464286,1.000000
0.000000,0.000000,79.000000,1.000000,0.000000,0.000000,1.000000,0.000000,0.000000,0.000000,8.288173,1.000000,1.000000,1.000000,1.000000,0.000000,0.000000,0.056440,0.940238,0.947312,773.051221,0.798373,0.532249,1.000000,0.752090,851.721841,0.000000,False,False,False,,,,410,53,0.464286,1.000000
0.000000,0.000000,79.000000,1.000000,0.000000,0.000000,1.000000,0.000000,0.000000,0.000000,8.286910,1.000000,1.000000,1.000000,1.000000,0.000000,0.000000,0.044655,0.952302,0.957084,772.289129,0.798384,0.532256,1.000000,0.762092,850.926141,0.000000,False,False,False,,,,411,53,0.448276,1.000000
0.000000,0.000000,79.000000,1.000000,0.000000,0.000000,1.000000,0.000000,0.000000,0.000000,8.285615,1.000000,1.000000,1.000000,1.000000,0.000000,0.000000,0.060058,0.937580,0.940144,771.539629,0.798394,0.532263,1.000000,0.749500,850.130438,0.000000,False,False,False,,,,412,53,0.448276,1.000000
0.000000,0.000000,79.000000,1.000000,0.000000,0.000000,1.000000,0.000000,0.000000,0.000000,8.284367,1.000000,1.000000,1.000000,1.000000,0.000000,0.000000,0.074253,0.923126,0.926908,770.800653,0.798405,0.532270,1.000000,0.738977,849.334829,0.000000,False,False,False,,,,413,53,0.464286,1.000000
0.000000,0.000000,79.000000,1.000000,0.000000,0.000000,1.000000,0.000000,0.000000,0.000000,8.283122,1.000000,1.000000,1.000000,1.000000,0.000000,0.000000,0.063841,0.934333,0.934846,770.054437,0.798415,0.532277,1.000000,0.746216,848.539200,0.000000,False,False,False,,,,414,53,0.464286,1.000000
0.000000,0.000000,79.000000,1.000000,0.000000,0.000000,1.000000,0.000000,0.000000,0.000000,8.281892,1.000000,1.000000,1.000000,1.000000,0.000000,0.000000,0.061463,0.936207,0.937036,769.305937,0.798426,0.532284,1.000000,0.748500,847.743535,0.000000,False,False,False,,,,415,53,0.464286,1.000000
0.000000,0.000000,79.000000,1.000000,0.000000,0.000000,1.000000,0.000000,0.000000,0.000000,8.280677,1.000000,1.000000,1.000000,1.000000,0.000000,0.000000,0.085268,0.912304,0.918208,768.576424,0.798436,0.532291,1.000000,0.729513,846.947910,0.000000,False,False,False,,,,416,53,0.464286,1.000000
0.000000,0.000000,79.000000,1.000000,0.000000,0.000000,1.000000,0.000000,0.000000,0.000000,8.279471,1.000000,1.000000,1.000000,1.000000,0.000000,0.000000,0.067211,0.927316,0.934119,767.833780,0.798446,0.532297,1.000000,0.742644,846.152285,0.000000,False,False,False,,,,417,53,0.464286,1.000000
0.000000,0.000000,79.000000,1.000000,0.000000,0.000000,1.000000,0.000000,0.000000,0.000000,8.278255,1.000000,1.000000,1.000000,1.000000,0.000000,0.000000,0.071934,0.923805,0.929992,767.094010,0.798456,0.532304,1.000000,0.739771,845.356686,0.000000,False,False,False,,,,418,53,0.464286,1.000000
0.000000,0.000000,79.000000,1.000000,0.000000,0.000000,1.000000,0.000000,0.000000,0.000000,8.277064,1.000000,1.000000,1.000000,1.000000,0.000000,0.000000,0.046852,0.951367,0.953780,766.333953,0.798466,0.532311,1.000000,0.760057,844.561154,0.000000,False,False,False,,,,419,53,0.464286,1.000000
0.000000,0.000000,79.000000,1.000000,0.000000,0.000000,1.000000,0.000000,0.000000,0.000000,8.275870,1.000000,1.000000,1.000000,1.000000,0.000000,0.000000,0.044795,0.954709,0.956012,765.571277,0.798477,0.532318,1.000000,0.762676,843.765649,0.000000,False,False,False,,,,420,53,0.464286,1.000000
0.000000,0.000000,79.000000,1.000000,0.000000,0.000000,1.000000,0.000000,0.000000,0.000000,8.274691,1.000000,1.000000,1.000000,1.000000,0.000000,0.000000,0.054298,0.944566,0.946358,764.816153,0.798487,0.532324,1.000000,0.755123,842.970204,0.000000,False,False,False,,,,421,53,0.481481,1.000000
0.000000,0.000000,79.000000,1.000000,0.000000,0.000000,1.000000,0.000000,0.000000,0.000000,8.273527,1.000000,1.000000,1.000000,1.000000,0.000000,0.000000,0.063967,0.934916,0.937917,764.069478,0.798497,0.532331,1.000000,0.746676,842.174733,0.000000,False,False,False,,,,422,53,0.481481,1.000000
0.000000,0.000000,79.000000,1.000000,0.000000,0.000000,1.000000,0.000000,0.000000,0.000000,8.272371,1.000000,1.000000,1.000000,1.000000,0.000000,0.000000,0.048311,0.950829,0.952442,763.309720,0.798506,0.532338,1.000000,0.759758,841.379278,0.000000,False,False,False,,,,423,53,0.481481,1.000000
0.000000,0.000000,79.000000,1.000000,0.000000,0.000000,1.000000,0.000000,0.000000,0.000000,8.271186,1.000000,1.000000,1.000000,1.000000,0.000000,0.000000,0.053699,0.945576,0.945927,762.554144,0.798516,0.532344,1.000000,0.755576,840.583814,0.000000,False,False,False,,,,424,53,0.481481,1.000000
0.000000,0.000000,79.000000,1.000000,0.000000,0.000000,1.000000,0.000000,0.000000,0.000000,8.270045,1.000000,1.000000,1.000000,1.000000,0.000000,0.000000,0.047876,0.950653,0.952720,761.794953,0.798526,0.532351,1.000000,0.759191,839.788276,0.000000,False,False,False,,,,425,53,0.481481,1.000000
0.000000,0.000000,79.000000,1.000000,0.000000,0.000000,1.000000,0.000000,0.000000,0.000000,8.268909,1.000000,1.000000,1.000000,1.000000,0.000000,0.000000,0.057346,0.941961,0.944816,761.042888,0.798536,0.532357,1.000000,0.752065,838.992759,0.000000,False,False,False,,,,426,53,0.481481,1.000000
0.000000,0.000000,79.000000,1.000000,0.000000,0.000000,1.000000,0.000000,0.000000,0.000000,8.267669,1.000000,1.000000,1.000000,1.000000,0.000000,0.000000,0.058645,0.941037,0.939417,760.291367,0.798545,0.532364,1.000000,0.751522,838.197223,0.000000,False,False,False,,,,427,53,0.481481,1.000000
0.000000,0.000000,79.000000,1.000000,0.000000,0.000000,1.000000,0.000000,0.000000,0.000000,8.266523,1.000000,1.000000,1.000000,1.000000,0.000000,0.000000,0.051349,0.947702,0.947674,759.534592,0.798554,0.532369,1.000000,0.756775,837.401550,0.000000,False,False,False,,,,428,53,0.461538,1.000000
0.000000,0.000000,79.000000,1.000000,0.000000,0.000000,1.000000,0.000000,0.000000,0.000000,8.265391,1.000000,1.000000,1.000000,1.000000,0.000000,0.000000,0.051623,0.947503,0.948794,758.777286,0.798564,0.532376,1.000000,0.757306,836.605812,0.000000,False,False,False,,,,429,53,0.500000,1.000000
0.000000,0.000000,79.000000,1.000000,0.000000,0.000000,1.000000,0.000000,0.000000,0.000000,8.264286,1.000000,1.000000,1.000000,1.000000,0.000000,0.000000,0.058804,0.940413,0.942984,758.025738,0.798573,0.532382,1.000000,0.751549,835.810023,0.000000,False,False,False,,,,430,53,0.500000,1.000000
0.000000,0.000000,79.000000,1.000000,0.000000,0.000000,1.000000,0.000000,0.000000,0.000000,8.263190,1.000000,1.000000,1.000000,1.000000,0.000000,0.000000,0.053274,0.944518,0.947980,757.270432,0.798582,0.532388,1.000000,0.755306,835.014223,0.000000,False,False,False,,,,431,53,0.461538,1.000000
0.000000,0.000000,79.000000,1.000000,0.000000,0.000000,1.000000,0.000000,0.000000,0.000000,8.262088,1.000000,1.000000,1.000000,1.000000,0.000000,0.000000,0.067759,0.931872,0.937832,756.526844,0.798591,0.532394,1.000000,0.743588,834.218447,0.000000,False,False,False,,,,432,53,0.500000,1.000000
0.000000,0.000000,79.000000,1.000000,0.000000,0.000000,1.000000,0.000000,0.000000,0.000000,8.260988,1.000000,1.000000,1.000000,1.000000,0.000000,0.000000,0.061206,0.937744,0.940125,755.777977,0.798600,0.532400,1.000000,0.748868,833.422636,0.000000,False,False,False,,,,433,53,0.480000,1.000000
0.000000,0.000000,79.000000,1.000000,0.000000,0.000000,1.000000,0.000000,0.000000,0.000000,8.259845,1.000000,1.000000,1.000000,1.000000,0.000000,0.000000,0.059557,0.938500,0.944539,755.028038,0.798609,0.532406,1.000000,0.749938,832.626779,0.000000,False,False,False,,,,434,53,0.500000,1.000000
0.000000,0.000000,79.000000,1.000000,0.000000,0.000000,1.000000,0.000000,0.000000,0.000000,8.258775,1.000000,1.000000,1.000000,1.000000,0.000000,0.000000,0.050912,0.948952,0.946797,754.270319,0.798618,0.532412,1.000000,0.757719,831.830825,0.000000,False,False,False,,,,435,53,0.500000,1.000000
0.000000,0.000000,79.000000,1.000000,0.000000,0.000000,1.000000,0.000000,0.000000,0.000000,8.257696,1.000000,1.000000,1.000000,1.000000,0.000000,0.000000,0.042552,0.957520,0.957997,753.505856,0.798627,0.532418,1.000000,0.764463,831.034870,0.000000,False,False,False,,,,436,53,0.480000,1.000000
0.000000,0.000000,79.000000,1.000000,0.000000,0.000000,1.000000,0.000000,0.000000,0.000000,8.256619,1.000000,1.000000,1.000000,1.000000,0.000000,0.000000,0.053546,0.946844,0.951039,752.750378,0.798635,0.532424,1.000000,0.755479,830.238873,0.000000,False,False,False,,,,437,53,0.520000,1.000000
0.000000,0.000000,79.000000,1.000000,0.000000,0.000000,1.000000,0.000000,0.000000,0.000000,8.255564,1.000000,1.000000,1.000000,1.000000,0.000000,0.000000,0.069106,0.928327,0.930652,752.008087,0.798644,0.532430,1.000000,0.742291,829.442829,0.000000,False,False,False,,,,438,53,0.520000,1.000000
0.000000,0.000000,79.000000,1.000000,0.000000,0.000000,1.000000,0.000000,0.000000,0.000000,8.254520,1.000000,1.000000,1.000000,1.000000,0.000000,0.000000,0.054216,0.944208,0.945315,751.253613,0.798653,0.532436,1.000000,0.754474,828.646816,0.000000,False,False,False,,,,439,53,0.520000,1.000000
0.000000,0.000000,79.000000,1.000000,0.000000,0.000000,1.000000,0.000000,0.000000,0.000000,8.253481,1.000000,1.000000,1.000000,1.000000,0.000000,0.000000,0.044740,0.953812,0.961323,750.491967,0.798662,0.532441,1.000000,0.761646,827.850807,0.000000,False,False,False,,,,440,53,0.520000,1.000000
0.000000,0.000000,79.000000,1.000000,0.000000,0.000000,1.000000,0.000000,0.000000,0.000000,8.252382,1.000000,1.000000,1.000000,1.000000,0.000000,0.000000,0.049860,0.949873,0.952221,749.733700,0.798671,0.532447,1.000000,0.758267,827.054822,0.000000,False,False,False,,,,441,53,0.520000,1.000000
0.000000,0.000000,79.000000,1.000000,0.000000,0.000000,1.000000,0.000000,0.000000,0.000000,8.251355,1.000000,1.000000,1.000000,1.000000,0.000000,0.000000,0.060936,0.938070,0.941099,748.983700,0.798680,0.532453,1.000000,0.750000,826.258953,0.000000,False,False,False,,,,442,53,0.520000,1.000000
0.000000,0.000000,79.000000,1.000000,0.000000,0.000000,1.000000,0.000000,0.000000,0.000000,8.250329,1.000000,1.000000,1.000000,1.000000,0.000000,0.000000,0.059837,0.937684,0.943962,748.234608,0.798688,0.532459,1.000000,0.749092,825.463120,0.000000,False,False,False,,,,443,53,0.480000,1.000000
0.000000,0.000000,79.000000,1.000000,0.000000,0.000000,1.000000,0.000000,0.000000,0.000000,8.249282,1.000000,1.000000,1.000000,1.000000,0.000000,0.000000,0.039001,0.959029,0.965426,747.468565,0.798696,0.532464,1.000000,0.766043,824.667256,0.000000,False,False,False,,,,444,53,0.520000,1.000000
0.000000,0.000000,79.000000,1.000000,0.000000,0.000000,1.000000,0.000000,0.000000,0.000000,8.248276,1.000000,1.000000,1.000000,1.000000,0.000000,0.000000,0.044387,0.955217,0.956412,746.705559,0.798704,0.532470,1.000000,0.763006,823.871323,0.000000,False,False,False,,,,445,53,0.480000,1.000000
0.000000,0.000000,79.000000,1.000000,0.000000,0.000000,1.000000,0.000000,0.000000,0.000000,8.247270,1.000000,1.000000,1.000000,1.000000,0.000000,0.000000,0.052442,0.946261,0.946195,745.949216,0.798713,0.532475,1.000000,0.756343,823.075392,0.000000,False,False,False,,,,446,53,0.520000,1.000000
0.000000,0.000000,79.000000,1.000000,0.000000,0.000000,1.000000,0.000000,0.000000,0.000000,8.246231,1.000000,1.000000,1.000000,1.000000,0.000000,0.000000,0.058927,0.941450,0.947891,745.197721,0.798721,0.532481,1.000000,0.751495,822.279438,0.000000,False,False,False,,,,447,53,0.480000,1.000000
0.000000,0.000000,79.000000,1.000000,0.000000,0.000000,1.000000,0.000000,0.000000,0.000000,8.245240,1.000000,1.000000,1.000000,1.000000,0.000000,0.000000,0.043590,0.956620,0.960266,744.434006,0.798729,0.532486,1.000000,0.763716,821.483405,0.000000,False,False,False,,,,448,53,0.520000,1.000000
0.000000,0.000000,79.000000,1.000000,0.000000,0.000000,1.000000,0.000000,0.000000,0.000000,8.244235,1.000000,1.000000,1.000000,1.000000,0.000000,0.000000,0.069845,0.928915,0.931061,743.691060,0.798737,0.532491,1.000000,0.742945,820.687363,0.000000,False,False,False,,,,449,53,0.480000,1.000000
0.000000,0.000000,79.000000,1.000000,0.000000,0.000000,1.000000,0.000000,0.000000,0.000000,8.243243,1.000000,1.000000,1.000000,1.000000,0.000000,0.000000,0.065368,0.935231,0.937787,742.944806,0.798745,0.532497,1.000000,0.746255,819.891267,0.000000,False,False,False,,,,450,53,0.520000,1.000000
0.000000,0.000000,79.000000,1.000000,0.000000,0.000000,1.000000,0.000000,0.000000,0.000000,8.242258,1.000000,1.000000,1.000000,1.000000,0.000000,0.000000,0.059403,0.938323,0.944175,742.194430,0.798753,0.532502,1.000000,0.750376,819.095130,0.000000,False,False,False,,,,451,53,0.520000,1.000000
0.000000,0.000000,79.000000,1.000000,0.000000,0.000000,1.000000,0.000000,0.000000,0.000000,8.241286,1.000000,1.000000,1.000000,1.000000,0.000000,0.000000,0.035569,0.962816,0.967518,741.424736,0.798762,0.532508,1.000000,0.769694,818.298953,0.000000,False,False,False,,,,452,53,0.520000,1.000000
0.000000,0.000000,79.000000,1.000000,0.000000,0.000000,1.000000,0.000000,0.000000,0.000000,8.240328,1.000000,1.000000,1.000000,1.000000,0.000000,0.000000,0.038534,0.959952,0.961973,740.656779,0.798770,0.532513,1.000000,0.767957,817.502820,0.000000,False,False,False,,,,453,53,0.520000,1.000000
0.000000,0.000000,79.000000,1.000000,0.000000,0.000000,1.000000,0.000000,0.000000,0.000000,8.239344,1.000000,1.000000,1.000000,1.000000,0.000000,0.000000,0.050689,0.947280,0.948438,739.899040,0.798777,0.532518,1.000000,0.757740,816.706703,0.000000,False,False,False,,,,454,53,0.461538,1.000000
0.000000,0.000000,79.000000,1.000000,0.000000,0.000000,1.000000,0.000000,0.000000,0.000000,8.238385,1.000000,1.000000,1.000000,1.000000,0.000000,0.000000,0.047034,0.950215,0.954470,739.138678,0.798785,0.532524,1.000000,0.760362,815.910522,0.000000,False,False,False,,,,455,53,0.500000,1.000000
0.000000,0.000000,79.000000,1.000000,0.000000,0.000000,1.000000,0.000000,0.000000,0.000000,8.237438,1.000000,1.000000,1.000000,1.000000,0.000000,0.000000,0.059046,0.938975,0.940178,738.387944,0.798793,0.532529,1.000000,0.750733,815.114388,0.000000,False,False,False,,,,456,53,0.480000,1.000000
0.000000,0.000000,79.000000,1.000000,0.000000,0.000000,1.000000,0.000000,0.000000,0.000000,8.236500,1.000000,1.000000,1.000000,1.000000,0.000000,0.000000,0.044499,0.952510,0.958725,737.624894,0.798801,0.532534,1.000000,0.763050,814.318234,0.000000,False,False,False,,,,457,53,0.500000,1.000000
0.000000,0.000000,79.000000,1.000000,0.000000,0.000000,1.000000,0.000000,0.000000,0.000000,8.235565,1.000000,1.000000,1.000000,1.000000,0.000000,0.000000,0.046197,0.951869,0.956530,736.863052,0.798809,0.532539,1.000000,0.761842,813.522081,0.000000,False,False,False,,,,458,53,0.500000,1.000000
0.000000,0.000000,79.000000,1.000000,0.000000,0.000000,1.000000,0.000000,0.000000,0.000000,8.234628,1.000000,1.000000,1.000000,1.000000,0.000000,0.000000,0.047313,0.952202,0.959078,736.102209,0.798817,0.532544,1.000000,0.760843,812.725957,0.000000,False,False,False,,,,459,53,0.500000,1.000000
0.000000,0.000000,79.000000,1.000000,0.000000,0.000000,1.000000,0.000000,0.000000,0.000000,8.233697,1.000000,1.000000,1.000000,1.000000,0.000000,0.000000,0.040833,0.958842,0.962964,735.336029,0.798824,0.532549,1.000000,0.766180,811.929797,0.000000,False,False,False,,,,460,53,0.461538,1.000000
0.000000,0.000000,79.000000,1.000000,0.000000,0.000000,1.000000,0.000000,0.000000,0.000000,8.232714,1.000000,1.000000,1.000000,1.000000,0.000000,0.000000,0.044106,0.955104,0.957416,734.572501,0.798832,0.532554,1.000000,0.763528,811.133600,0.000000,False,False,False,,,,461,53,0.500000,1.000000
0.000000,0.000000,79.000000,1.000000,0.000000,0.000000,1.000000,0.000000,0.000000,0.000000,8.231780,1.000000,1.000000,1.000000,1.000000,0.000000,0.000000,0.051666,0.947027,0.952727,733.814953,0.798839,0.532559,1.000000,0.757549,810.337307,0.000000,False,False,False,,,,462,53,0.461538,1.000000
0.000000,0.000000,79.000000,1.000000,0.000000,0.000000,1.000000,0.000000,0.000000,0.000000,8.230875,1.000000,1.000000,1.000000,1.000000,0.000000,0.000000,0.037336,0.961610,0.964463,733.045989,0.798847,0.532564,1.000000,0.768963,809.541085,0.000000,False,False,False,,,,463,53,0.500000,1.000000
0.000000,0.000000,79.000000,1.000000,0.000000,0.000000,1.000000,0.000000,0.000000,0.000000,8.229975,1.000000,1.000000,1.000000,1.000000,0.000000,0.000000,0.033771,0.964778,0.967922,732.274179,0.798854,0.532570,1.000000,0.771810,808.744863,0.000000,False,False,False,,,,464,53,0.520000,1.000000
0.000000,0.000000,79.000000,1.000000,0.000000,0.000000,1.000000,0.000000,0.000000,0.000000,8.229073,1.000000,1.000000,1.000000,1.000000,0.000000,0.000000,0.035924,0.963404,0.963869,731.504027,0.798862,0.532575,1.000000,0.770152,807.948627,0.000000,False,False,False,,,,465,53,0.520000,1.000000
0.000000,0.000000,79.000000,1.000000,0.000000,0.000000,1.000000,0.000000,0.000000,0.000000,8.228179,1.000000,1.000000,1.000000,1.000000,0.000000,0.000000,0.034434,0.964942,0.966372,730.732824,0.798869,0.532579,1.000000,0.771203,807.152440,0.000000,False,False,False,,,,466,53,0.480000,1.000000
0.000000,0.000000,79.000000,1.000000,0.000000,0.000000,1.000000,0.000000,0.000000,0.000000,8.227261,1.000000,1.000000,1.000000,1.000000,0.000000,0.000000,0.042094,0.956601,0.961705,729.967705,0.798876,0.532584,1.000000,0.765119,806.356223,0.000000,False,False,False,,,,467,53,0.480000,1.000000
0.000000,0.000000,79.000000,1.000000,0.000000,0.000000,1.000000,0.000000,0.000000,0.000000,8.226338,1.000000,1.000000,1.000000,1.000000,0.000000,0.000000,0.054697,0.945373,0.950988,729.212797,0.798883,0.532589,1.000000,0.754908,805.559938,0.000000,False,False,False,,,,468,53,0.520000,1.000000
0.000000,0.000000,79.000000,1.000000,0.000000,0.000000,1.000000,0.000000,0.000000,0.000000,8.225468,1.000000,1.000000,1.000000,1.000000,0.000000,0.000000,0.049395,0.950395,0.952201,728.453345,0.798890,0.532594,1.000000,0.759453,804.763575,0.000000,False,False,False,,,,469,53,0.480000,1.000000
0.000000,0.000000,79.000000,1.000000,0.000000,0.000000,1.000000,0.000000,0.000000,0.000000,8.224602,1.000000,1.000000,1.000000,1.000000,0.000000,0.000000,0.048994,0.951347,0.956413,727.693751,0.798898,0.532598,1.000000,0.759594,803.967220,0.000000,False,False,False,,,,470,53,0.520000,1.000000
0.000000,0.000000,79.000000,1.000000,0.000000,0.000000,1.000000,0.000000,0.000000,0.000000,8.223743,1.000000,1.000000,1.000000,1.000000,0.000000,0.000000,0.056166,0.943352,0.946890,726.939697,0.798905,0.532603,1.000000,0.754054,803.170877,0.000000,False,False,False,,,,471,53,0.541667,1.000000
0.000000,0.000000,79.000000,1.000000,0.000000,0.000000,1.000000,0.000000,0.000000,0.000000,8.222882,1.000000,1.000000,1.000000,1.000000,0.000000,0.000000,0.039764,0.959294,0.961775,726.172548,0.798912,0.532608,1.000000,0.767149,802.374534,0.000000,False,False,False,,,,472,53,0.541667,1.000000
0.000000,0.000000,79.000000,1.000000,0.000000,0.000000,1.000000,0.000000,0.000000,0.000000,8.222033,1.000000,1.000000,1.000000,1.000000,0.000000,0.000000,0.062688,0.936230,0.938310,725.423796,0.798919,0.532613,1.000000,0.748752,801.578230,0.000000,False,False,False,,,,473,53,0.500000,1.000000
0.000000,0.000000,79.000000,1.000000,0.000000,0.000000,1.000000,0.000000,0.000000,0.000000,8.221184,1.000000,1.000000,1.000000,1.000000,0.000000,0.000000,0.043042,0.956874,0.956863,724.659294,0.798926,0.532617,1.000000,0.764502,800.781949,0.000000,False,False,False,,,,474,53,0.500000,1.000000
0.000000,0.000000,79.000000,1.000000,0.000000,0.000000,1.000000,0.000000,0.000000,0.000000,8.220316,1.000000,1.000000,1.000000,1.000000,0.000000,0.000000,0.046776,0.952078,0.954126,723.898013,0.798933,0.532622,1.000000,0.761281,799.985651,0.000000,False,False,False,,,,475,53,0.541667,1.000000
0.000000,0.000000,79.000000,1.000000,0.000000,0.000000,1.000000,0.000000,0.000000,0.000000,8.219480,1.000000,1.000000,1.000000,1.000000,0.000000,0.000000,0.050402,0.948414,0.950349,723.139715,0.798939,0.532626,1.000000,0.758298,799.189294,0.000000,False,False,False,,,,476,53,0.500000,1.000000
0.000000,0.000000,79.000000,1.000000,0.000000,0.000000,1.000000,0.000000,0.000000,0.000000,8.218647,1.000000,1.000000,1.000000,1.000000,0.000000,0.000000,0.087019,0.911581,0.905761,722.410732,0.798946,0.532631,1.000000,0.728983,798.392958,0.000000,False,False,False,,,,477,53,0.500000,1.000000
0.000000,0.000000,79.000000,1.000000,0.000000,0.000000,1.000000,0.000000,0.000000,0.000000,8.217819,1.000000,1.000000,1.000000,1.000000,0.000000,0.000000,0.060255,0.939816,0.944629,721.660103,0.798953,0.532635,1.000000,0.750630,797.596608,0.000000,False,False,False,,,,478,53,0.541667,1.000000
0.000000,0.000000,79.000000,1.000000,0.000000,0.000000,1.000000,0.000000,0.000000,0.000000,8.216904,1.000000,1.000000,1.000000,1.000000,0.000000,0.000000,0.057036,0.942508,0.945726,720.907447,0.798959,0.532639,1.000000,0.752656,796.800247,0.000000,False,False,False,,,,479,53,0.500000,1.000000
0.000000,0.000000,79.000000,1.000000,0.000000,0.000000,1.000000,0.000000,0.000000,0.000000,8.216072,1.000000,1.000000,1.000000,1.000000,0.000000,0.000000,0.069594,0.930045,0.929890,720.164139,0.798966,0.532644,1.000000,0.743308,796.004015,0.000000,False,False,False,,,,480,53,0.541667,1.000000
0.000000,0.000000,79.000000,1.000000,0.000000,0.000000,1.000000,0.000000,0.000000,0.000000,8.215262,1.000000,1.000000,1.000000,1.000000,0.000000,0.000000,0.045976,0.952706,0.955371,719.401935,0.798973,0.532649,1.000000,0.762204,795.207843,0.000000,False,False,False,,,,481,53,0.541667,1.000000
0.000000,0.000000,79.000000,1.000000,0.000000,0.000000,1.000000,0.000000,0.000000,0.000000,8.214458,1.000000,1.000000,1.000000,1.000000,0.000000,0.000000,0.048327,0.950933,0.950872,718.641621,0.798980,0.532653,1.000000,0.760314,794.411676,0.000000,False,False,False,,,,482,53,0.541667,1.000000
0.000000,0.000000,79.000000,1.000000,0.000000,0.000000,1.000000,0.000000,0.000000,0.000000,8.213659,1.000000,1.000000,1.000000,1.000000,0.000000,0.000000,0.053822,0.945086,0.949910,717.885762,0.798986,0.532657,1.000000,0.755859,793.615531,0.000000,False,False,False,,,,483,53,0.500000,1.000000
0.000000,0.000000,79.000000,1.000000,0.000000,0.000000,1.000000,0.000000,0.000000,0.000000,8.212864,1.000000,1.000000,1.000000,1.000000,0.000000,0.000000,0.060661,0.938115,0.940687,717.135474,0.798992,0.532662,1.000000,0.750289,792.819387,0.000000,False,False,False,,,,484,53,0.500000,1.000000
0.000000,0.000000,79.000000,1.000000,0.000000,0.000000,1.000000,0.000000,0.000000,0.000000,8.212058,1.000000,1.000000,1.000000,1.000000,0.000000,0.000000,0.060085,0.939114,0.940484,716.384566,0.798999,0.532666,1.000000,0.750908,792.023241,0.000000,False,False,False,,,,485,53,0.541667,1.000000
0.000000,0.000000,79.000000,1.000000,0.000000,0.000000,1.000000,0.000000,0.000000,0.000000,8.211273,1.000000,1.000000,1.000000,1.000000,0.000000,0.000000,0.069758,0.929550,0.935563,715.641332,0.799005,0.532670,1.000000,0.743233,791.227052,0.000000,False,False,False,,,,486,53,0.500000,1.000000
0.000000,0.000000,79.000000,1.000000,0.000000,0.000000,1.000000,0.000000,0.000000,0.000000,8.210471,1.000000,1.000000,1.000000,1.000000,0.000000,0.000000,0.066709,0.931914,0.936736,714.895664,0.799012,0.532675,1.000000,0.745668,790.430882,0.000000,False,False,False,,,,487,53,0.541667,1.000000
0.000000,0.000000,79.000000,1.000000,0.000000,0.000000,1.000000,0.000000,0.000000,0.000000,8.209667,1.000000,1.000000,1.000000,1.000000,0.000000,0.000000,0.039077,0.959563,0.963355,714.127955,0.799018,0.532679,1.000000,0.767710,789.634661,0.000000,False,False,False,,,,488,53,0.500000,1.000000
0.000000,0.000000,79.000000,1.000000,0.000000,0.000000,1.000000,0.000000,0.000000,0.000000,8.208881,1.000000,1.000000,1.000000,1.000000,0.000000,0.000000,0.047617,0.950723,0.957229,713.367307,0.799024,0.532683,1.000000,0.760648,788.838378,0.000000,False,False,False,,,,489,53,0.541667,1.000000
0.000000,0.000000,79.000000,1.000000,0.000000,0.000000,1.000000,0.000000,0.000000,0.000000,8.208108,1.000000,1.000000,1.000000,1.000000,0.000000,0.000000,0.045640,0.953822,0.956151,712.605127,0.799031,0.532687,1.000000,0.762180,788.042153,0.000000,False,False,False,,,,490,53,0.541667,1.000000
0.000000,0.000000,79.000000,1.000000,0.000000,0.000000,1.000000,0.000000,0.000000,0.000000,8.207347,1.000000,1.000000,1.000000,1.000000,0.000000,0.000000,0.050780,0.946251,0.956632,711.847537,0.799037,0.532691,1.000000,0.757590,787.245973,0.000000,False,False,False,,,,491,53,0.500000,1.000000
0.000000,0.000000,79.000000,1.000000,0.000000,0.000000,1.000000,0.000000,0.000000,0.000000,8.206550,1.000000,1.000000,1.000000,1.000000,0.000000,0.000000,0.062778,0.933394,0.942817,711.099945,0.799043,0.532695,1.000000,0.747591,786.449785,0.000000,False,False,False,,,,492,53,0.541667,1.000000
0.000000,0.000000,79.000000,1.000000,0.000000,0.000000,1.000000,0.000000,0.000000,0.000000,8.205760,1.000000,1.000000,1.000000,1.000000,0.000000,0.000000,0.052150,0.946023,0.952332,710.343189,0.799050,0.532700,1.000000,0.756756,785.653525,0.000000,False,False,False,,,,493,53,0.541667,1.000000
0.000000,0.000000,79.000000,1.000000,0.000000,0.000000,1.000000,0.000000,0.000000,0.000000,8.204974,1.000000,1.000000,1.000000,1.000000,0.000000,0.000000,0.042561,0.956078,0.960778,709.578688,0.799056,0.532704,1.000000,0.764501,784.857343,0.000000,False,False,False,,,,494,53,0.541667,1.000000
0.000000,0.000000,79.000000,1.000000,0.000000,0.000000,1.000000,0.000000,0.000000,0.000000,8.204223,1.000000,1.000000,1.000000,1.000000,0.000000,0.000000,0.045967,0.954477,0.953005,708.816482,0.799062,0.532708,1.000000,0.762206,784.061242,0.000000,False,False,False,,,,495,53,0.541667,1.000000
0.000000,0.000000,79.000000,1.000000,0.000000,0.000000,1.000000,0.000000,0.000000,0.000000,8.203476,1.000000,1.000000,1.000000,1.000000,0.000000,0.000000,0.050778,0.948455,0.949301,708.058112,0.799068,0.532712,1.000000,0.758370,783.265128,0.000000,False,False,False,,,,496,53,0.500000,1.000000
0.000000,0.000000,79.000000,1.000000,0.000000,0.000000,1.000000,0.000000,0.000000,0.000000,8.202733,1.000000,1.000000,1.000000,1.000000,0.000000,0.000000,0.059628,0.939645,0.940164,707.306717,0.799074,0.532716,1.000000,0.751395,782.469045,0.000000,False,False,False,,,,497,53,0.541667,1.000000
0.000000,0.000000,79.000000,1.000000,0.000000,0.000000,1.000000,0.000000,0.000000,0.000000,8.201977,1.000000,1.000000,1.000000,1.000000,0.000000,0.000000,0.047140,0.953052,0.951594,706.545701,0.799080,0.532720,1.000000,0.761016,781.672994,0.000000,False,False,False,,,,498,53,0.500000,1.000000
0.000000,0.000000,79.000000,1.000000,0.000000,0.000000,1.000000,0.000000,0.000000,0.000000,8.201239,1.000000,1.000000,1.000000,1.000000,0.000000,0.000000,0.061110,0.938036,0.937905,705.795485,0.799086,0.532724,1.000000,0.750216,780.876890,0.000000,False,False,False,,,,499,53,0.541667,1.000000
0.000000,0.000000,79.000000,1.000000,0.000000,0.000000,1.000000,0.000000,0.000000,0.000000,8.200514,1.000000,1.000000,1.000000,1.000000,0.000000,0.000000,0.046186,0.953297,0.954228,705.033406,0.799092,0.532728,1.000000,0.762078,780.080760,0.000000,False,False,False,,,,500,53,0.541667,1.000000
0.000000,0.000000,79.000000,1.000000,0.000000,0.000000,1.000000,0.000000,0.000000,0.000000,8.199777,1.000000,1.000000,1.000000,1.000000,0.000000,0.000000,0.068051,0.930588,0.929683,704.288723,0.799098,0.532732,1.000000,0.744684,779.284635,0.000000,False,False,False,,,,501,53,0.500000,1.000000
0.000000,0.000000,79.000000,1.000000,0.000000,0.000000,1.000000,0.000000,0.000000,0.000000,8.199046,1.000000,1.000000,1.000000,1.000000,0.000000,0.000000,0.062945,0.935068,0.941125,703.540454,0.799103,0.532736,1.000000,0.748269,778.488467,0.000000,False,False,False,,,,502,53,0.500000,1.000000
0.000000,0.000000,79.000000,1.000000,0.000000,0.000000,1.000000,0.000000,0.000000,0.000000,8.198331,1.000000,1.000000,1.000000,1.000000,0.000000,0.000000,0.052469,0.944887,0.943342,702.784630,0.799109,0.532739,1.000000,0.755823,777.692257,0.000000,False,False,False,,,,503,53,0.520000,1.000000
0.000000,0.000000,79.000000,1.000000,0.000000,0.000000,1.000000,0.000000,0.000000,0.000000,8.197608,1.000000,1.000000,1.000000,1.000000,0.000000,0.000000,0.074978,0.922730,0.925764,702.045915,0.799115,0.532743,1.000000,0.738715,776.896038,0.000000,False,False,False,,,,504,53,0.480000,1.000000
0.000000,0.000000,79.000000,1.000000,0.000000,0.000000,1.000000,0.000000,0.000000,0.000000,8.196890,1.000000,1.000000,1.000000,1.000000,0.000000,0.000000,0.076338,0.921643,0.922340,701.308554,0.799120,0.532747,1.000000,0.737361,776.099776,0.000000,False,False,False,,,,505,53,0.480000,1.000000
0.000000,0.000000,79.000000,1.000000,0.000000,0.000000,1.000000,0.000000,0.000000,0.000000,8.196130,1.000000,1.000000,1.000000,1.000000,0.000000,0.000000,0.072958,0.924902,0.921398,700.568953,0.799126,0.532751,1.000000,0.739602,775.303477,0.000000,False,False,False,,,,506,53,0.520000,1.000000
0.000000,0.000000,79.000000,1.000000,0.000000,0.000000,1.000000,0.000000,0.000000,0.000000,8.195434,1.000000,1.000000,1.000000,1.000000,0.000000,0.000000,0.063168,0.932207,0.931192,699.823777,0.799132,0.532754,1.000000,0.745176,774.507089,0.000000,False,False,False,,,,507,53,0.480000,1.000000
0.000000,0.000000,79.000000,1.000000,0.000000,0.000000,1.000000,0.000000,0.000000,0.000000,8.194737,1.000000,1.000000,1.000000,1.000000,0.000000,0.000000,0.054830,0.937640,0.944236,699.073843,0.799137,0.532758,1.000000,0.749934,773.710701,0.000000,False,False,False,,,,508,53,0.520000,1.000000
0.000000,0.000000,79.000000,1.000000,0.000000,0.000000,1.000000,0.000000,0.000000,0.000000,8.194048,1.000000,1.000000,1.000000,1.000000,0.000000,0.000000,0.061101,0.932761,0.931068,698.328255,0.799143,0.532762,1.000000,0.745588,772.914344,0.000000,False,False,False,,,,509,53,0.520000,1.000000
0.000000,0.000000,79.000000,1.000000,0.000000,0.000000,1.000000,0.000000,0.000000,0.000000,8.193322,1.000000,1.000000,1.000000,1.000000,0.000000,0.000000,0.075008,0.918158,0.918862,697.594469,0.799149,0.532766,1.000000,0.733786,772.118004,0.000000,False,False,False,,,,510,53,0.520000,1.000000
0.000000,0.000000,79.000000,1.000000,0.000000,0.000000,1.000000,0.000000,0.000000,0.000000,8.192642,1.000000,1.000000,1.000000,1.000000,0.000000,0.000000,0.072431,0.921821,0.925380,696.856083,0.799154,0.532769,1.000000,0.738386,771.321755,0.000000,False,False,False,,,,511,53,0.480000,1.000000
0.000000,0.000000,79.000000,1.000000,0.000000,0.000000,1.000000,0.000000,0.000000,0.000000,8.191950,1.000000,1.000000,1.000000,1.000000,0.000000,0.000000,0.074158,0.911285,0.928896,696.125234,0.799160,0.532773,1.000000,0.730849,770.525528,0.000000,False,False,False,,,,512,53,0.520000,1.000000
0.000000,0.000000,79.000000,1.000000,0.000000,0.000000,1.000000,0.000000,0.000000,0.000000,8.191276,1.000000,1.000000,1.000000,1.000000,0.000000,0.000000,0.056779,0.933895,0.940169,695.377143,0.799165,0.532777,1.000000,0.748091,769.729358,0.000000,False,False,False,,,,513,53,0.520000,1.000000
0.000000,0.000000,79.000000,1.000000,0.000000,0.000000,1.000000,0.000000,0.000000,0.000000,8.190589,1.000000,1.000000,1.000000,1.000000,0.000000,0.000000,0.059400,0.934293,0.937270,694.629606,0.799171,0.532781,1.000000,0.747537,768.933181,0.000000,False,False,False,,,,514,53,0.520000,1.000000
0.000000,0.000000,79.000000,1.000000,0.000000,0.000000,1.000000,0.000000,0.000000,0.000000,8.189900,1.000000,1.000000,1.000000,1.000000,0.000000,0.000000,0.072658,0.920684,0.926320,693.892580,0.799176,0.532784,1.000000,0.737026,768.137069,0.000000,False,False,False,,,,515,53,0.520000,1.000000
0.000000,0.000000,79.000000,1.000000,0.000000,0.000000,1.000000,0.000000,0.000000,0.000000,8.189241,1.000000,1.000000,1.000000,1.000000,0.000000,0.000000,0.092582,0.901804,0.904195,693.170701,0.799182,0.532788,1.000000,0.721878,767.341029,0.000000,False,False,False,,,,516,53,0.520000,1.000000
0.000000,0.000000,79.000000,1.000000,0.000000,0.000000,1.000000,0.000000,0.000000,0.000000,8.188521,1.000000,1.000000,1.000000,1.000000,0.000000,0.000000,0.077621,0.920203,0.922683,692.434803,0.799187,0.532791,1.000000,0.735899,766.545004,0.000000,False,False,False,,,,517,53,0.480000,1.000000
0.000000,0.000000,79.000000,1.000000,0.000000,0.000000,1.000000,0.000000,0.000000,0.000000,8.187827,1.000000,1.000000,1.000000,1.000000,0.000000,0.000000,0.057426,0.939858,0.944491,691.683108,0.799193,0.532795,1.000000,0.751695,765.748883,0.000000,False,False,False,,,,518,53,0.520000,1.000000
0.000000,0.000000,79.000000,1.000000,0.000000,0.000000,1.000000,0.000000,0.000000,0.000000,8.187164,1.000000,1.000000,1.000000,1.000000,0.000000,0.000000,0.072083,0.925925,0.924796,690.942068,0.799198,0.532799,1.000000,0.741040,764.952854,0.000000,False,False,False,,,,519,53,0.520000,1.000000
0.000000,0.000000,79.000000,1.000000,0.000000,0.000000,1.000000,0.000000,0.000000,0.000000,8.186521,1.000000,1.000000,1.000000,1.000000,0.000000,0.000000,0.073041,0.925490,0.928764,690.201546,0.799203,0.532802,1.000000,0.740522,764.156883,0.000000,False,False,False,,,,520,53,0.520000,1.000000
0.000000,0.000000,79.000000,1.000000,0.000000,0.000000,1.000000,0.000000,0.000000,0.000000,8.185875,1.000000,1.000000,1.000000,1.000000,0.000000,0.000000,0.059555,0.938629,0.939428,689.450503,0.799209,0.532806,1.000000,0.751043,763.360930,0.000000,False,False,False,,,,521,53,0.520000,1.000000
0.000000,0.000000,79.000000,1.000000,0.000000,0.000000,1.000000,0.000000,0.000000,0.000000,8.185207,1.000000,1.000000,1.000000,1.000000,0.000000,0.000000,0.074715,0.922548,0.922289,688.712139,0.799214,0.532809,1.000000,0.738364,762.565019,0.000000,False,False,False,,,,522,53,0.480000,1.000000
0.000000,0.000000,79.000000,1.000000,0.000000,0.000000,1.000000,0.000000,0.000000,0.000000,8.184547,1.000000,1.000000,1.000000,1.000000,0.000000,0.000000,0.046406,0.952754,0.952375,687.950506,0.799219,0.532813,1.000000,0.761633,761.769041,0.000000,False,False,False,,,,523,53,0.520000,1.000000
0.000000,0.000000,79.000000,1.000000,0.000000,0.000000,1.000000,0.000000,0.000000,0.000000,8.183827,1.000000,1.000000,1.000000,1.000000,0.000000,0.000000,0.055118,0.943964,0.941350,687.195818,0.799224,0.532816,1.000000,0.754688,760.973001,0.000000,False,False,False,,,,524,53,0.461538,1.000000
0.000000,0.000000,79.000000,1.000000,0.000000,0.000000,1.000000,0.000000,0.000000,0.000000,8.183185,1.000000,1.000000,1.000000,1.000000,0.000000,0.000000,0.080837,0.916902,0.916714,686.462319,0.799229,0.532819,1.000000,0.733499,760.176847,0.000000,False,False,False,,,,525,53,0.461538,1.000000
0.000000,0.000000,79.000000,1.000000,0.000000,0.000000,1.000000,0.000000,0.000000,0.000000,8.182550,1.000000,1.000000,1.000000,1.000000,0.000000,0.000000,0.068504,0.926131,0.928530,685.721907,0.799234,0.532822,1.000000,0.740412,759.380646,0.000000,False,False,False,,,,526,53,0.500000,1.000000
0.000000,0.000000,79.000000,1.000000,0.000000,0.000000,1.000000,0.000000,0.000000,0.000000,8.181913,1.000000,1.000000,1.000000,1.000000,0.000000,0.000000,0.053581,0.940525,0.944555,684.969753,0.799239,0.532826,1.000000,0.752154,758.584406,0.000000,False,False,False,,,,527,53,0.500000,1.000000
0.000000,0.000000,79.000000,1.000000,0.000000,0.000000,1.000000,0.000000,0.000000,0.000000,8.181289,1.000000,1.000000,1.000000,1.000000,0.000000,0.000000,0.061368,0.930482,0.936959,684.225662,0.799244,0.532829,1.000000,0.744092,757.788118,0.000000,False,False,False,,,,528,53,0.500000,1.000000
0.000000,0.000000,79.000000,1.000000,0.000000,0.000000,1.000000,0.000000,0.000000,0.000000,8.180680,1.000000,1.000000,1.000000,1.000000,0.000000,0.000000,0.060242,0.933291,0.940266,683.479234,0.799249,0.532832,1.000000,0.746428,756.991880,0.000000,False,False,False,,,,529,53,0.461538,1.000000
0.000000,0.000000,79.000000,1.000000,0.000000,0.000000,1.000000,0.000000,0.000000,0.000000,8.180072,1.000000,1.000000,1.000000,1.000000,0.000000,0.000000,0.072967,0.923802,0.921843,682.740815,0.799254,0.532836,1.000000,0.738419,756.195636,0.000000,False,False,False,,,,530,53,0.481481,1.000000
0.000000,0.000000,79.000000,1.000000,0.000000,0.000000,1.000000,0.000000,0.000000,0.000000,8.179470,1.000000,1.000000,1.000000,1.000000,0.000000,0.000000,0.053783,0.940857,0.940501,681.988794,0.799259,0.532839,1.000000,0.752021,755.399380,0.000000,False,False,False,,,,531,53,0.481481,1.000000
0.000000,0.000000,79.000000,1.000000,0.000000,0.000000,1.000000,0.000000,0.000000,0.000000,8.178836,1.000000,1.000000,1.000000,1.000000,0.000000,0.000000,0.061692,0.930214,0.931828,681.244568,0.799264,0.532842,1.000000,0.744226,754.603126,0.000000,False,False,False,,,,532,53,0.481481,1.000000
0.000000,0.000000,79.000000,1.000000,0.000000,0.000000,1.000000,0.000000,0.000000,0.000000,8.178243,1.000000,1.000000,1.000000,1.000000,0.000000,0.000000,0.053963,0.936278,0.948306,680.495879,0.799269,0.532846,1.000000,0.748689,753.806957,0.000000,False,False,False,,,,533,53,0.481481,1.000000
0.000000,0.000000,79.000000,1.000000,0.000000,0.000000,1.000000,0.000000,0.000000,0.000000,8.177652,1.000000,1.000000,1.000000,1.000000,0.000000,0.000000,0.033799,0.956397,0.965541,679.731669,0.799273,0.532849,1.000000,0.764211,753.010800,0.000000,False,False,False,,,,534,53,0.481481,1.000000
0.000000,0.000000,79.000000,1.000000,0.000000,0.000000,1.000000,0.000000,0.000000,0.000000,8.177059,1.000000,1.000000,1.000000,1.000000,0.000000,0.000000,0.060633,0.930315,0.935232,678.988765,0.799278,0.532852,1.000000,0.742903,752.214667,0.000000,False,False,False,,,,535,53,0.481481,1.000000
0.000000,0.000000,79.000000,1.000000,0.000000,0.000000,1.000000,0.000000,0.000000,0.000000,8.176446,1.000000,1.000000,1.000000,1.000000,0.000000,0.000000,0.049600,0.946055,0.948919,678.232618,0.799283,0.532855,1.000000,0.756148,751.418507,0.000000,False,False,False,,,,536,53,0.481481,1.000000
0.000000,0.000000,79.000000,1.000000,0.000000,0.000000,1.000000,0.000000,0.000000,0.000000,8.175868,1.000000,1.000000,1.000000,1.000000,0.000000,0.000000,0.066819,0.931164,0.934121,677.487443,0.799288,0.532859,1.000000,0.745175,750.622427,0.000000,False,False,False,,,,537,53,0.481481,1.000000
0.000000,0.000000,79.000000,1.000000,0.000000,0.000000,1.000000,0.000000,0.000000,0.000000,8.175287,1.000000,1.000000,1.000000,1.000000,0.000000,0.000000,0.057008,0.940069,0.944156,676.735935,0.799293,0.532862,1.000000,0.751508,749.826348,0.000000,False,False,False,,,,538,53,0.481481,1.000000
0.000000,0.000000,79.000000,1.000000,0.000000,0.000000,1.000000,0.000000,0.000000,0.000000,8.174687,1.000000,1.000000,1.000000,1.000000,0.000000,0.000000,0.045956,0.950323,0.950916,675.976490,0.799297,0.532865,1.000000,0.759445,749.030312,0.000000,False,False,False,,,,539,53,0.481481,1.000000
0.000000,0.000000,79.000000,1.000000,0.000000,0.000000,1.000000,0.000000,0.000000,0.000000,8.174114,1.000000,1.000000,1.000000,1.000000,0.000000,0.000000,0.068930,0.925012,0.925054,675.237331,0.799302,0.532868,1.000000,0.739159,748.234214,0.000000,False,False,False,,,,540,53,0.481481,1.000000
0.000000,0.000000,79.000000,1.000000,0.000000,0.000000,1.000000,0.000000,0.000000,0.000000,8.173488,1.000000,1.000000,1.000000,1.000000,0.000000,0.000000,0.052159,0.944624,0.944535,674.482942,0.799307,0.532871,1.000000,0.754388,747.438156,0.000000,False,False,False,,,,541,53,0.481481,1.000000
0.000000,0.000000,79.000000,1.000000,0.000000,0.000000,1.000000,0.000000,0.000000,0.000000,8.172904,1.000000,1.000000,1.000000,1.000000,0.000000,0.000000,0.055221,0.940765,0.942388,673.732016,0.799311,0.532874,1.000000,0.750926,746.642004,0.000000,False,False,False,,,,542,53,0.481481,1.000000
0.000000,0.000000,79.000000,1.000000,0.000000,0.000000,1.000000,0.000000,0.000000,0.000000,8.172321,1.000000,1.000000,1.000000,1.000000,0.000000,0.000000,0.071435,0.927368,0.926113,672.991222,0.799316,0.532877,1.000000,0.740794,745.845798,0.000000,False,False,False,,,,543,53,0.481481,1.000000
0.000000,0.000000,79.000000,1.000000,0.000000,0.000000,1.000000,0.000000,0.000000,0.000000,8.171717,1.000000,1.000000,1.000000,1.000000,0.000000,0.000000,0.043829,0.955862,0.958244,672.227268,0.799321,0.532880,1.000000,0.763954,745.049535,0.000000,False,False,False,,,,544,53,0.481481,1.000000
0.000000,0.000000,79.000000,1.000000,0.000000,0.000000,1.000000,0.000000,0.000000,0.000000,8.171168,1.000000,1.000000,1.000000,1.000000,0.000000,0.000000,0.038560,0.962483,0.962971,671.458795,0.799325,0.532883,1.000000,0.768473,744.253190,0.000000,False,False,False,,,,545,53,0.481481,1.000000
0.000000,0.000000,79.000000,1.000000,0.000000,0.000000,1.000000,0.000000,0.000000,0.000000,8.170604,1.000000,1.000000,1.000000,1.000000,0.000000,0.000000,0.058629,0.942453,0.946931,670.706634,0.799330,0.532886,1.000000,0.752161,743.456852,0.000000,False,False,False,,,,546,53,0.500000,1.000000
0.000000,0.000000,79.000000,1.000000,0.000000,0.000000,1.000000,0.000000,0.000000,0.000000,8.170056,1.000000,1.000000,1.000000,1.000000,0.000000,0.000000,0.045511,0.955752,0.958282,669.943969,0.799334,0.532889,1.000000,0.762665,742.660467,0.000000,False,False,False,,,,547,53,0.481481,1.000000
0.000000,0.000000,79.000000,1.000000,0.000000,0.000000,1.000000,0.000000,0.000000,0.000000,8.169517,1.000000,1.000000,1.000000,1.000000,0.000000,0.000000,0.044242,0.956293,0.957238,669.180107,0.799339,0.532892,1.000000,0.763861,741.864061,0.000000,False,False,False,,,,548,53,0.481481,1.000000
0.000000,0.000000,79.000000,1.000000,0.000000,0.000000,1.000000,0.000000,0.000000,0.000000,8.168962,1.000000,1.000000,1.000000,1.000000,0.000000,0.000000,0.056583,0.943296,0.944805,668.426201,0.799343,0.532895,1.000000,0.753906,741.067651,0.000000,False,False,False,,,,549,53,0.481481,1.000000
0.000000,0.000000,79.000000,1.000000,0.000000,0.000000,1.000000,0.000000,0.000000,0.000000,8.168426,1.000000,1.000000,1.000000,1.000000,0.000000,0.000000,0.069408,0.929036,0.929821,667.683187,0.799347,0.532898,1.000000,0.743015,740.271195,0.000000,False,False,False,,,,550,53,0.481481,1.000000
0.000000,0.000000,79.000000,1.000000,0.000000,0.000000,1.000000,0.000000,0.000000,0.000000,8.167893,1.000000,1.000000,1.000000,1.000000,0.000000,0.000000,0.050836,0.946254,0.945906,666.925752,0.799352,0.532901,1.000000,0.757435,739.474772,0.000000,False,False,False,,,,551,53,0.481481,0.928571
0.000000,0.000000,79.000000,1.000000,0.000000,0.000000,1.000000,0.000000,0.000000,0.000000,8.167368,1.000000,1.000000,1.000000,1.000000,0.000000,0.000000,0.055378,0.941860,0.946040,666.172028,0.799357,0.532904,1.000000,0.753724,738.678332,0.000000,False,False,False,,,,552,53,0.464286,0.928571
0.000000,0.000000,79.000000,1.000000,0.000000,0.000000,1.000000,0.000000,0.000000,0.000000,8.166836,1.000000,1.000000,1.000000,1.000000,0.000000,0.000000,0.048573,0.949362,0.952375,665.412361,0.799361,0.532907,1.000000,0.759667,737.881914,0.000000,False,False,False,,,,553,53,0.464286,0.928571
0.000000,0.000000,79.000000,1.000000,0.000000,0.000000,1.000000,0.000000,0.000000,0.000000,8.166298,1.000000,1.000000,1.000000,1.000000,0.000000,0.000000,0.039318,0.958130,0.962480,664.646404,0.799366,0.532910,1.000000,0.765958,737.085461,0.000000,False,False,False,,,,554,53,0.464286,0.928571
0.000000,0.000000,79.000000,1.000000,0.000000,0.000000,1.000000,0.000000,0.000000,0.000000,8.165781,1.000000,1.000000,1.000000,1.000000,0.000000,0.000000,0.045023,0.953564,0.957604,663.883943,0.799370,0.532913,1.000000,0.762460,736.289072,0.000000,False,False,False,,,,555,53,0.464286,0.928571
0.000000,0.000000,79.000000,1.000000,0.000000,0.000000,1.000000,0.000000,0.000000,0.000000,8.165270,1.000000,1.000000,1.000000,1.000000,0.000000,0.000000,0.069923,0.928591,0.929532,663.141494,0.799375,0.532916,1.000000,0.742450,735.492718,0.000000,False,False,False,,,,556,53,0.464286,0.928571
0.000000,0.000000,79.000000,1.000000,0.000000,0.000000,1.000000,0.000000,0.000000,0.000000,8.164762,1.000000,1.000000,1.000000,1.000000,0.000000,0.000000,0.060167,0.936902,0.941874,662.391687,0.799379,0.532919,1.000000,0.749806,734.696387,0.000000,False,False,False,,,,557,53,0.448276,0.928571
0.000000,0.000000,79.000000,1.000000,0.000000,0.000000,1.000000,0.000000,0.000000,0.000000,8.164242,1.000000,1.000000,1.000000,1.000000,0.000000,0.000000,0.068142,0.927731,0.934921,661.649531,0.799384,0.532922,1.000000,0.742156,733.900040,0.000000,False,False,False,,,,558,53,0.448276,0.928571
0.000000,0.000000,79.000000,1.000000,0.000000,0.000000,1.000000,0.000000,0.000000,0.000000,8.163711,1.000000,1.000000,1.000000,1.000000,0.000000,0.000000,0.057763,0.935342,0.948757,660.902210,0.799388,0.532925,1.000000,0.747322,733.103755,0.000000,False,False,False,,,,559,53,0.448276,0.928571
0.000000,0.000000,79.000000,1.000000,0.000000,0.000000,1.000000,0.000000,0.000000,0.000000,8.163116,1.000000,1.000000,1.000000,1.000000,0.000000,0.000000,0.034655,0.961619,0.968649,660.133545,0.799392,0.532928,1.000000,0.768664,732.307549,0.000000,False,False,False,,,,560,53,0.448276,0.928571
0.000000,0.000000,79.000000,1.000000,0.000000,0.000000,1.000000,0.000000,0.000000,0.000000,8.162602,1.000000,1.000000,1.000000,1.000000,0.000000,0.000000,0.055955,0.940035,0.949269,659.381161,0.799396,0.532931,1.000000,0.752384,731.511480,0.000000,False,False,False,,,,561,53,0.448276,0.928571
0.000000,0.000000,79.000000,1.000000,0.000000,0.000000,1.000000,0.000000,0.000000,0.000000,8.161862,1.000000,1.000000,1.000000,1.000000,0.000000,0.000000,0.052370,0.937595,0.948792,658.630156,0.799401,0.532934,1.000000,0.751005,730.715481,0.000000,False,False,False,,,,562,53,0.448276,0.928571
0.000000,0.000000,79.000000,1.000000,0.000000,0.000000,1.000000,0.000000,0.000000,0.000000,8.161266,1.000000,1.000000,1.000000,1.000000,0.000000,0.000000,0.055845,0.931645,0.941600,657.884358,0.799405,0.532937,1.000000,0.745797,729.919701,0.000000,False,False,False,,,,563,53,0.448276,0.928571
0.000000,0.000000,79.000000,1.000000,0.000000,0.000000,1.000000,0.000000,0.000000,0.000000,8.160616,1.000000,1.000000,1.000000,1.000000,0.000000,0.000000,0.067704,0.914782,0.930494,657.151918,0.799409,0.532940,1.000000,0.732441,729.124071,0.000000,False,False,False,,,,564,53,0.448276,0.928571
0.000000,0.000000,79.000000,1.000000,0.000000,0.000000,1.000000,0.000000,0.000000,0.000000,8.159916,1.000000,1.000000,1.000000,1.000000,0.000000,0.000000,0.070548,0.916206,0.925959,656.417987,0.799413,0.532942,1.000000,0.733931,728.328631,0.000000,False,False,False,,,,565,53,0.448276,0.928571
0.000000,0.000000,79.000000,1.000000,0.000000,0.000000,1.000000,0.000000,0.000000,0.000000,8.159276,1.000000,1.000000,1.000000,1.000000,0.000000,0.000000,0.062417,0.923602,0.942042,655.678445,0.799418,0.532945,1.000000,0.739542,727.533410,0.000000,False,False,False,,,,566,53,0.448276,0.928571
0.000000,0.000000,79.000000,1.000000,0.000000,0.000000,1.000000,0.000000,0.000000,0.000000,8.158712,1.000000,1.000000,1.000000,1.000000,0.000000,0.000000,0.048174,0.944382,0.954020,654.923474,0.799422,0.532948,1.000000,0.754971,726.738384,0.000000,False,False,False,,,,567,53,0.448276,0.928571
0.000000,0.000000,79.000000,1.000000,0.000000,0.000000,1.000000,0.000000,0.000000,0.000000,8.158172,1.000000,1.000000,1.000000,1.000000,0.000000,0.000000,0.062843,0.927060,0.940789,654.181416,0.799426,0.532951,1.000000,0.742058,725.943511,0.000000,False,False,False,,,,568,53,0.448276,0.928571
0.000000,0.000000,79.000000,1.000000,0.000000,0.000000,1.000000,0.000000,0.000000,0.000000,8.157478,1.000000,1.000000,1.000000,1.000000,0.000000,0.000000,0.055963,0.938468,0.947628,653.430460,0.799430,0.532953,1.000000,0.750956,725.148774,0.000000,False,False,False,,,,569,53,0.448276,0.928571
0.000000,0.000000,79.000000,1.000000,0.000000,0.000000,1.000000,0.000000,0.000000,0.000000,8.156930,1.000000,1.000000,1.000000,1.000000,0.000000,0.000000,0.060094,0.931386,0.941503,652.685478,0.799434,0.532956,1.000000,0.744982,724.354277,0.000000,False,False,False,,,,570,53,0.448276,0.928571
0.000000,0.000000,79.000000,1.000000,0.000000,0.000000,1.000000,0.000000,0.000000,0.000000,8.156472,1.000000,1.000000,1.000000,1.000000,0.000000,0.000000,0.056884,0.932760,0.947270,651.939299,0.799438,0.532959,1.000000,0.746179,723.559936,0.000000,False,False,False,,,,571,53,0.448276,0.928571
0.000000,0.000000,79.000000,1.000000,0.000000,0.000000,1.000000,0.000000,0.000000,0.000000,8.155885,1.000000,1.000000,1.000000,1.000000,0.000000,0.000000,0.048842,0.936163,0.952324,651.191688,0.799442,0.532961,1.000000,0.747612,722.765604,0.000000,False,False,False,,,,572,53,0.448276,0.928571
0.000000,0.000000,79.000000,1.000000,0.000000,0.000000,1.000000,0.000000,0.000000,0.000000,8.155358,1.000000,1.000000,1.000000,1.000000,0.000000,0.000000,0.060771,0.924431,0.940326,650.452874,0.799446,0.532964,1.000000,0.738814,721.971463,0.000000,False,False,False,,,,573,53,0.448276,0.928571
0.000000,0.000000,79.000000,1.000000,0.000000,0.000000,1.000000,0.000000,0.000000,0.000000,8.154845,1.000000,1.000000,1.000000,1.000000,0.000000,0.000000,0.076875,0.905899,0.920964,649.727687,0.799450,0.532967,1.000000,0.725187,721.177468,0.000000,False,False,False,,,,574,53,0.448276,0.928571
0.000000,0.000000,79.000000,1.000000,0.000000,0.000000,1.000000,0.000000,0.000000,0.000000,8.154277,1.000000,1.000000,1.000000,1.000000,0.000000,0.000000,0.049418,0.938076,0.955810,648.977501,0.799454,0.532969,1.000000,0.750186,720.383613,0.000000,False,False,False,,,,575,53,0.448276,0.928571
0.000000,0.000000,79.000000,1.000000,0.000000,0.000000,1.000000,0.000000,0.000000,0.000000,8.153632,1.000000,1.000000,1.000000,1.000000,0.000000,0.000000,0.052294,0.938128,0.950325,648.225890,0.799458,0.532972,1.000000,0.751611,719.589950,0.000000,False,False,False,,,,576,53,0.448276,0.928571
0.000000,0.000000,79.000000,1.000000,0.000000,0.000000,1.000000,0.000000,0.000000,0.000000,8.153054,1.000000,1.000000,1.000000,1.000000,0.000000,0.000000,0.054489,0.936695,0.947502,647.475763,0.799462,0.532974,1.000000,0.750127,718.796535,0.000000,False,False,False,,,,577,53,0.448276,0.928571
0.000000,0.000000,79.000000,1.000000,0.000000,0.000000,1.000000,0.000000,0.000000,0.000000,8.152367,1.000000,1.000000,1.000000,1.000000,0.000000,0.000000,0.049644,0.942186,0.953464,646.720967,0.799466,0.532977,1.000000,0.754796,718.003332,0.000000,False,False,False,,,,578,53,0.448276,0.866667
0.000000,0.000000,79.000000,1.000000,0.000000,0.000000,1.000000,0.000000,0.000000,0.000000,8.151713,1.000000,1.000000,1.000000,1.000000,0.000000,0.000000,0.053318,0.939346,0.949118,645.968618,0.799470,0.532980,1.000000,0.752349,717.210415,0.000000,False,False,False,,,,579,53,0.448276,0.866667
0.000000,0.000000,79.000000,1.000000,0.000000,0.000000,1.000000,0.000000,0.000000,0.000000,8.151269,1.000000,1.000000,1.000000,1.000000,0.000000,0.000000,0.059439,0.927354,0.944960,645.225414,0.799474,0.532983,1.000000,0.743204,716.417771,0.000000,False,False,False,,,,580,53,0.448276,0.866667
0.000000,0.000000,79.000000,1.000000,0.000000,0.000000,1.000000,0.000000,0.000000,0.000000,8.150596,1.000000,1.000000,1.000000,1.000000,0.000000,0.000000,0.054557,0.935898,0.943851,644.476407,0.799478,0.532985,1.000000,0.749006,715.625201,0.000000,False,False,False,,,,581,53,0.448276,0.866667
0.000000,0.000000,79.000000,1.000000,0.000000,0.000000,1.000000,0.000000,0.000000,0.000000,8.150141,1.000000,1.000000,1.000000,1.000000,0.000000,0.000000,0.056735,0.931151,0.942051,643.730987,0.799482,0.532988,1.000000,0.745421,714.832927,0.000000,False,False,False,,,,582,53,0.448276,0.866667
0.000000,0.000000,79.000000,1.000000,0.000000,0.000000,1.000000,0.000000,0.000000,0.000000,8.149709,1.000000,1.000000,1.000000,1.000000,0.000000,0.000000,0.054554,0.933836,0.943335,642.982853,0.799486,0.532991,1.000000,0.748133,714.040768,0.000000,False,False,False,,,,583,53,0.448276,0.866667
0.000000,0.000000,79.000000,1.000000,0.000000,0.000000,1.000000,0.000000,0.000000,0.000000,8.149136,1.000000,1.000000,1.000000,1.000000,0.000000,0.000000,0.059850,0.931017,0.939231,642.237263,0.799490,0.532993,1.000000,0.745590,713.248684,0.000000,False,False,False,,,,584,53,0.448276,0.866667
0.000000,0.000000,79.000000,1.000000,0.000000,0.000000,1.000000,0.000000,0.000000,0.000000,8.148645,1.000000,1.000000,1.000000,1.000000,0.000000,0.000000,0.069662,0.921246,0.930334,641.499520,0.799494,0.532996,1.000000,0.737743,712.456847,0.000000,False,False,False,,,,585,53,0.448276,0.866667
0.000000,0.000000,79.000000,1.000000,0.000000,0.000000,1.000000,0.000000,0.000000,0.000000,8.148078,1.000000,1.000000,1.000000,1.000000,0.000000,0.000000,0.056898,0.935980,0.943870,640.751077,0.799497,0.532998,1.000000,0.748443,711.665191,0.000000,False,False,False,,,,586,53,0.448276,0.866667
0.000000,0.000000,79.000000,1.000000,0.000000,0.000000,1.000000,0.000000,0.000000,0.000000,8.147627,1.000000,1.000000,1.000000,1.000000,0.000000,0.000000,0.057593,0.936043,0.947447,640.001548,0.799501,0.533001,1.000000,0.749528,710.873790,0.000000,False,False,False,,,,587,53,0.448276,0.866667
0.000000,0.000000,79.000000,1.000000,0.000000,0.000000,1.000000,0.000000,0.000000,0.000000,8.147204,1.000000,1.000000,1.000000,1.000000,0.000000,0.000000,0.064887,0.928582,0.934929,639.257499,0.799607,0.533072,1.000000,0.744049,710.082534,0.000000,False,False,False,,,,588,53,0.464286,0.866667
0.000000,0.000000,79.000000,1.000000,0.000000,0.000000,1.000000,0.000000,0.000000,0.000000,8.146698,1.000000,1.000000,1.000000,1.000000,0.000000,0.000000,0.062827,0.932273,0.938781,638.509853,0.799688,0.533126,1.000000,0.747646,709.291378,0.000000,False,False,False,,,,589,53,0.464286,0.866667
0.000000,0.000000,79.000000,1.000000,0.000000,0.000000,1.000000,0.000000,0.000000,0.000000,8.146291,1.000000,1.000000,1.000000,1.000000,0.000000,0.000000,0.065623,0.929718,0.936491,637.764320,0.800159,0.533439,1.000000,0.745533,708.500440,0.000000,False,False,False,,,,590,53,0.464286,0.866667
0.000000,0.000000,79.000000,1.000000,0.000000,0.000000,1.000000,0.000000,0.000000,0.000000,8.145888,1.000000,1.000000,1.000000,1.000000,0.000000,0.000000,0.055424,0.939749,0.942936,637.010345,0.800598,0.533732,1.000000,0.753975,707.709577,0.000000,False,False,False,,,,591,53,0.464286,0.866667
0.000000,0.000000,79.000000,1.000000,0.000000,0.000000,1.000000,0.000000,0.000000,0.000000,8.145495,1.000000,1.000000,1.000000,1.000000,0.000000,0.000000,0.051149,0.944653,0.947115,636.252216,0.801017,0.534012,1.000000,0.758129,706.918685,0.000000,False,False,False,,,,592,53,0.464286,0.866667
0.000000,0.000000,79.000000,1.000000,0.000000,0.000000,1.000000,0.000000,0.000000,0.000000,8.103223,1.000000,1.000000,1.000000,1.000000,0.000000,0.000000,0.064281,0.931227,0.936330,635.503729,0.801867,0.534578,1.000000,0.748487,706.127826,0.000000,False,False,False,,,,593,53,0.464286,0.866667
0.000000,0.000000,79.000000,1.000000,0.000000,0.000000,1.000000,0.000000,0.000000,0.000000,8.003434,1.000000,1.000000,1.000000,1.000000,0.000000,0.000000,0.061340,0.935283,0.942081,634.752500,0.802619,0.535079,1.000000,0.751229,705.336911,0.000000,False,False,False,,,,594,53,0.464286,0.866667
0.000000,0.000000,79.000000,1.000000,0.000000,0.000000,1.000000,0.000000,1.000000,0.000000,7.939655,1.000000,1.000000,1.000000,1.000000,0.000000,0.000000,0.049237,0.947697,0.951168,633.990959,0.803476,0.535650,1.000000,0.761541,704.545874,0.000000,False,False,False,,,,595,53,0.464286,0.866667
0.000000,0.000000,79.000000,1.000000,0.000000,0.000000,1.000000,0.000000,0.000000,0.000000,8.086016,1.000000,1.000000,1.000000,1.000000,0.000000,0.000000,0.052158,0.943511,0.945632,633.226822,0.809424,0.539616,1.000000,0.764137,703.754902,0.000000,False,False,False,,,,596,53,0.464286,0.866667
0.000000,0.000000,79.000000,1.000000,0.000000,0.000000,1.000000,0.000000,0.000000,0.000000,8.049306,1.000000,1.000000,1.000000,1.000000,0.000000,0.000000,0.066998,0.929330,0.931297,632.471446,0.811681,0.541121,1.000000,0.755376,702.963887,0.000000,False,False,False,,,,597,53,0.448276,0.866667
0.000000,0.000000,79.000000,1.000000,0.000000,0.000000,1.000000,0.000000,0.000000,0.000000,8.012321,1.000000,1.000000,1.000000,1.000000,0.000000,0.000000,0.057279,0.936075,0.942426,631.708771,0.813524,0.542349,1.000000,0.762675,702.172612,0.000000,False,False,False,,,,598,53,0.464286,0.866667
0.000000,0.000000,79.000000,1.000000,0.000000,0.000000,1.000000,0.000000,1.000000,0.000000,7.987134,1.000000,1.000000,1.000000,1.000000,0.000000,0.000000,0.065744,0.925204,0.931504,630.953432,0.815136,0.543424,1.000000,0.755339,701.381333,0.000000,False,False,False,,,,599,53,0.464286,0.866667
0.000000,0.000000,79.000000,1.000000,0.000000,0.000000,1.000000,0.000000,0.000000,0.000000,8.182197,1.000000,1.000000,1.000000,1.000000,0.000000,0.000000,0.088842,0.903958,0.905150,630.213209,0.821446,0.547630,1.000000,0.740223,700.590057,0.000000,False,False,False,,,,600,53,0.464286,0.866667
0.000000,0.000000,79.000000,1.000000,0.000000,0.000000,1.000000,0.000000,0.000000,0.000000,8.165565,1.000000,1.000000,1.000000,1.000000,0.000000,0.000000,0.040755,0.956130,0.956543,629.425240,0.823779,0.549186,1.000000,0.787969,699.798773,0.000000,False,False,False,,,,601,53,0.464286,0.866667
0.000000,0.000000,79.000000,1.000000,0.000000,0.000000,1.000000,0.000000,0.000000,0.000000,8.192113,1.000000,1.000000,1.000000,1.000000,0.000000,0.000000,0.055811,0.943798,0.941294,628.645889,0.825792,0.550528,1.000000,0.779351,699.007389,0.000000,False,False,False,,,,602,53,0.464286,0.866667
0.000000,0.000000,79.000000,1.000000,0.000000,0.000000,1.000000,0.000000,0.000000,0.000000,8.149838,1.000000,1.000000,1.000000,1.000000,0.000000,0.000000,0.066376,0.932263,0.933076,627.873196,0.827686,0.551790,1.000000,0.772693,698.216023,0.000000,False,False,False,,,,603,53,0.464286,0.866667
0.000000,0.000000,79.000000,1.000000,0.000000,0.000000,1.000000,0.000000,0.000000,0.000000,8.067217,1.000000,1.000000,1.000000,1.000000,0.000000,0.000000,0.082290,0.916914,0.913396,627.111043,0.830318,0.553546,1.000000,0.762153,697.424543,0.000000,False,False,False,,,,604,53,0.464286,0.866667
0.000000,0.000000,79.000000,1.000000,0.000000,0.000000,1.000000,0.000000,1.000000,0.000000,7.991150,1.000000,1.000000,1.000000,1.000000,0.000000,0.000000,0.089963,0.906890,0.903214,626.353559,0.833223,0.555482,1.000000,0.757484,696.633245,0.000000,False,False,False,,,,605,53,0.464286,0.866667
0.000000,0.000000,79.000000,1.000000,0.000000,0.000000,1.000000,0.000000,0.000000,0.000000,8.281423,1.000000,1.000000,1.000000,1.000000,0.000000,0.000000,0.071529,0.925448,0.926818,625.573311,0.841134,0.560756,1.000000,0.780247,695.842044,0.000000,False,False,False,,,,606,53,0.464286,0.866667
0.000000,0.000000,79.000000,1.000000,0.000000,0.000000,1.000000,0.000000,0.000000,0.000000,8.287908,1.000000,1.000000,1.000000,1.000000,0.000000,0.000000,0.062829,0.935879,0.939441,624.780784,0.844941,0.563294,1.000000,0.792528,695.050980,0.000000,False,False,False,,,,607,53,0.464286,0.866667
0.000000,0.000000,79.000000,1.000000,0.000000,0.000000,1.000000,0.000000,0.000000,0.000000,8.280327,1.000000,1.000000,1.000000,1.000000,0.000000,0.000000,0.061463,0.937806,0.938818,623.984520,0.847913,0.565276,1.000000,0.796264,694.259847,0.000000,False,False,False,,,,608,53,0.464286,0.866667
0.000000,0.000000,79.000000,1.000000,0.000000,0.000000,1.000000,0.000000,0.000000,0.000000,8.084391,1.000000,1.000000,1.000000,1.000000,0.000000,0.000000,0.055880,0.943575,0.942035,623.181616,0.850116,0.566744,1.000000,0.802904,693.468725,0.000000,False,False,False,,,,609,53,0.464286,0.866667
0.000000,0.000000,79.000000,1.000000,0.000000,0.000000,1.000000,0.000000,1.000000,0.000000,7.883732,1.000000,1.000000,1.000000,1.000000,0.000000,0.000000,0.048875,0.950186,0.950358,622.370909,0.852171,0.568114,1.000000,0.810706,692.677791,0.000000,False,False,False,,,,610,53,0.464286,0.866667
0.000000,0.000000,79.000000,1.000000,0.000000,0.000000,1.000000,0.000000,0.000000,0.000000,8.388157,1.000000,1.000000,1.000000,1.000000,0.000000,0.000000,0.089249,0.909212,0.905112,621.589291,0.858487,0.572325,1.000000,0.781618,691.887047,0.000000,False,False,False,,,,611,53,0.464286,0.866667
0.000000,0.000000,79.000000,1.000000,0.000000,0.000000,1.000000,0.000000,0.000000,0.000000,8.222365,1.000000,1.000000,1.000000,1.000000,0.000000,0.000000,0.106549,0.891275,0.886248,620.821461,0.860409,0.573606,1.000000,0.767830,691.096328,0.000000,False,False,False,,,,612,53,0.464286,0.866667
0.000000,0.000000,79.000000,1.000000,0.000000,0.000000,1.000000,0.000000,0.000000,0.000000,8.194134,1.000000,1.000000,1.000000,1.000000,0.000000,0.000000,0.057777,0.940281,0.940774,620.008297,0.863637,0.575758,1.000000,0.813165,690.305617,0.000000,False,False,False,,,,613,53,0.464286,0.866667
0.000000,0.000000,79.000000,1.000000,0.000000,0.000000,1.000000,0.000000,0.000000,0.000000,8.113223,1.000000,1.000000,1.000000,1.000000,0.000000,0.000000,0.054233,0.942230,0.947374,619.190219,0.865917,0.577278,1.000000,0.818078,689.515054,0.000000,False,False,False,,,,614,53,0.464286,0.866667
0.000000,0.000000,79.000000,1.000000,0.000000,0.000000,1.000000,0.000000,0.000000,0.000000,8.075747,1.000000,1.000000,1.000000,1.000000,0.000000,0.000000,0.062844,0.933167,0.934207,618.378414,0.867984,0.578656,1.000000,0.811804,688.724823,0.000000,False,False,False,,,,615,53,0.464286,0.866667
0.000000,0.000000,79.000000,1.000000,0.000000,0.000000,1.000000,0.000000,0.000000,0.000000,8.022178,1.000000,1.000000,1.000000,1.000000,0.000000,0.000000,0.080422,0.914741,0.918827,617.583255,0.868413,0.578942,1.000000,0.795159,687.934856,0.000000,False,False,False,,,,616,53,0.464286,0.866667
0.000000,0.000000,79.000000,1.000000,0.000000,0.000000,1.000000,0.000000,0.000000,0.000000,8.002798,1.000000,1.000000,1.000000,1.000000,0.000000,0.000000,0.054975,0.939925,0.946913,616.764130,0.870845,0.580563,1.000000,0.819125,687.145207,0.000000,False,False,False,,,,617,53,0.464286,0.866667
0.000000,0.000000,79.000000,1.000000,0.000000,0.000000,1.000000,0.000000,1.000000,0.000000,7.980707,1.000000,1.000000,1.000000,1.000000,0.000000,0.000000,0.057930,0.934485,0.942176,615.944539,0.874233,0.582822,1.000000,0.819591,686.355877,0.000000,False,False,False,,,,618,53,0.464286,0.866667
0.000000,0.000000,79.000000,1.000000,0.000000,0.000000,1.000000,0.000000,0.000000,0.000000,8.256862,1.000000,1.000000,1.000000,1.000000,0.000000,0.000000,0.061385,0.936079,0.937673,615.119630,0.881164,0.587443,1.000000,0.824908,685.566873,0.000000,False,False,False,,,,619,53,0.464286,0.928571
0.000000,0.000000,79.000000,1.000000,0.000000,0.000000,1.000000,0.000000,0.000000,0.000000,8.219742,1.000000,1.000000,1.000000,1.000000,0.000000,0.000000,0.044406,0.948770,0.957276,614.278142,0.884873,0.589915,1.000000,0.841489,684.778276,0.000000,False,False,False,,,,620,53,0.464286,0.928571
0.000000,0.000000,79.000000,1.000000,0.000000,0.000000,1.000000,0.000000,0.000000,0.000000,8.168021,1.000000,1.000000,1.000000,1.000000,0.000000,0.000000,0.051381,0.946708,0.951217,613.437547,0.887730,0.591820,1.000000,0.840595,683.989885,0.000000,False,False,False,,,,621,53,0.464286,0.928571
0.000000,0.000000,79.000000,1.000000,0.000000,0.000000,1.000000,0.000000,0.000000,0.000000,8.105990,1.000000,1.000000,1.000000,1.000000,0.000000,0.000000,0.076228,0.919747,0.924654,612.623096,0.888235,0.592157,1.000000,0.814451,683.201733,0.000000,False,False,False,,,,622,53,0.464286,0.928571
0.000000,0.000000,79.000000,1.000000,0.000000,0.000000,1.000000,0.000000,0.000000,0.000000,8.061476,1.000000,1.000000,1.000000,1.000000,0.000000,0.000000,0.082747,0.914442,0.918299,611.808383,0.891888,0.594592,1.000000,0.814713,682.414119,0.000000,False,False,False,,,,623,53,0.464286,0.928571
0.000000,0.000000,79.000000,1.000000,0.000000,0.000000,1.000000,0.000000,0.000000,0.000000,8.012768,1.000000,1.000000,1.000000,1.000000,0.000000,0.000000,0.068916,0.928203,0.926514,610.979024,0.894397,0.596265,1.000000,0.829359,681.626678,0.000000,False,False,False,,,,624,53,0.464286,0.928571
0.000000,0.000000,79.000000,1.000000,0.000000,0.000000,1.000000,0.000000,1.000000,0.000000,7.995077,1.000000,1.000000,1.000000,1.000000,0.000000,0.000000,0.072592,0.923353,0.926285,610.150726,0.896626,0.597751,1.000000,0.828298,680.839971,0.000000,False,False,False,,,,625,53,0.464286,0.928571
0.000000,0.000000,79.000000,1.000000,0.000000,0.000000,1.000000,0.000000,0.000000,0.000000,8.187412,1.000000,1.000000,1.000000,1.000000,0.000000,0.000000,0.070814,0.926469,0.921690,609.315040,0.902126,0.601417,1.000000,0.835686,680.053570,0.000000,False,False,False,,,,626,53,0.464286,0.928571
0.000000,0.000000,79.000000,1.000000,0.000000,0.000000,1.000000,0.000000,0.000000,0.000000,8.180968,1.000000,1.000000,1.000000,1.000000,0.000000,0.000000,0.059401,0.929839,0.938856,608.472088,0.904895,0.603263,1.000000,0.842952,679.267865,0.000000,False,False,False,,,,627,53,0.464286,0.928571
0.000000,0.000000,79.000000,1.000000,0.000000,0.000000,1.000000,0.000000,0.000000,0.000000,8.115513,1.000000,1.000000,1.000000,1.000000,0.000000,0.000000,0.038911,0.955674,0.960253,607.604769,0.906896,0.604597,1.000000,0.867318,678.481755,0.000000,False,False,False,,,,628,53,0.464286,0.928571
0.000000,0.000000,79.000000,1.000000,0.000000,0.000000,1.000000,0.000000,0.000000,0.000000,8.069449,1.000000,1.000000,1.000000,1.000000,0.000000,0.000000,0.070745,0.922142,0.928356,606.770023,0.906836,0.604557,1.000000,0.834746,677.696068,0.000000,False,False,False,,,,629,53,0.464286,0.928571
0.000000,0.000000,79.000000,1.000000,0.000000,0.000000,1.000000,0.000000,0.000000,0.000000,8.018879,1.000000,1.000000,1.000000,1.000000,0.000000,0.000000,0.080469,0.915616,0.915740,605.937987,0.909997,0.606665,1.000000,0.832037,676.910837,0.000000,False,False,False,,,,630,53,0.464286,0.928571
0.000000,0.000000,79.000000,1.000000,0.000000,0.000000,1.000000,0.000000,1.000000,0.000000,7.993722,1.000000,1.000000,1.000000,1.000000,0.000000,0.000000,0.055573,0.938329,0.948436,605.081839,0.912065,0.608043,1.000000,0.856147,676.126263,0.000000,False,False,False,,,,631,53,0.464286,0.928571
0.000000,0.000000,79.000000,1.000000,0.000000,0.000000,1.000000,0.000000,0.000000,0.000000,8.032583,1.000000,1.000000,1.000000,1.000000,0.000000,0.000000,0.045689,0.951364,0.954904,604.208348,0.916845,0.611230,1.000000,0.873491,675.342252,0.000000,False,False,False,,,,632,53,0.464286,0.928571
0.000000,0.000000,79.000000,1.000000,0.000000,0.000000,1.000000,0.000000,0.000000,0.000000,8.007499,1.000000,1.000000,1.000000,1.000000,0.000000,0.000000,0.053014,0.942701,0.949035,603.340567,0.918908,0.612605,1.000000,0.867781,674.558980,0.000000,False,False,False,,,,633,53,0.464286,0.928571
0.000000,0.000000,79.000000,1.000000,0.000000,0.000000,1.000000,0.000000,1.000000,0.000000,7.989101,1.000000,1.000000,1.000000,1.000000,0.000000,0.000000,0.048716,0.948188,0.953328,602.466958,0.920704,0.613803,1.000000,0.873609,673.775894,0.000000,False,False,False,,,,634,53,0.428571,0.923077
0.000000,0.000000,79.000000,1.000000,0.000000,0.000000,1.000000,0.000000,0.000000,0.000000,8.566489,1.000000,1.000000,1.000000,1.000000,0.000000,0.000000,0.079869,0.912638,0.913954,601.626154,0.923539,0.615692,1.000000,0.840804,672.993599,0.000000,False,False,False,,,,635,53,0.428571,0.923077
0.000000,0.000000,79.000000,1.000000,0.000000,0.000000,1.000000,0.000000,0.000000,0.000000,8.511217,1.000000,1.000000,1.000000,1.000000,0.000000,0.000000,0.072967,0.921528,0.923405,600.770961,0.927413,0.618275,1.000000,0.855194,672.211403,0.000000,False,False,False,,,,636,53,0.428571,0.923077
0.000000,0.000000,79.000000,1.000000,0.000000,0.000000,1.000000,0.000000,0.000000,0.000000,8.413140,1.000000,1.000000,1.000000,1.000000,0.000000,0.000000,0.051418,0.944944,0.951330,599.892707,0.929144,0.619429,1.000000,0.878254,671.429470,0.000000,False,False,False,,,,637,53,0.428571,0.923077
0.000000,0.000000,79.000000,1.000000,0.000000,0.000000,1.000000,0.000000,0.000000,0.000000,8.240289,1.000000,1.000000,1.000000,1.000000,0.000000,0.000000,0.046558,0.944845,0.958908,599.012482,0.930495,0.620330,1.000000,0.880225,670.648221,0.000000,False,False,False,,,,638,53,0.428571,0.923077
0.000000,0.000000,79.000000,1.000000,0.000000,0.000000,1.000000,0.000000,0.000000,0.000000,8.138547,1.000000,1.000000,1.000000,1.000000,0.000000,0.000000,0.048938,0.940718,0.953225,598.135672,0.931680,0.621120,1.000000,0.876810,669.867500,0.000000,False,False,False,,,,639,53,0.444444,0.923077
0.000000,0.000000,79.000000,1.000000,0.000000,0.000000,1.000000,0.000000,0.000000,0.000000,8.115551,1.000000,1.000000,1.000000,1.000000,0.000000,0.000000,0.041520,0.947839,0.960178,597.251518,0.932682,0.621788,1.000000,0.884154,669.087194,0.000000,False,False,False,,,,640,53,0.444444,0.923077
0.000000,0.000000,79.000000,1.000000,0.000000,0.000000,1.000000,0.000000,0.000000,0.000000,8.146593,1.000000,1.000000,1.000000,1.000000,0.000000,0.000000,0.056732,0.933960,0.946099,596.382808,0.931116,0.620744,1.000000,0.868710,668.307888,0.000000,False,False,False,,,,641,53,0.444444,0.923077
0.000000,0.000000,79.000000,1.000000,0.000000,0.000000,1.000000,0.000000,0.000000,0.000000,8.033490,1.000000,1.000000,1.000000,1.000000,0.000000,0.000000,0.054451,0.933346,0.947293,595.509215,0.934570,0.623047,1.000000,0.873592,667.529595,0.000000,False,False,False,,,,642,53,0.444444,0.923077
0.000000,0.000000,79.000000,1.000000,0.000000,0.000000,1.000000,0.000000,0.000000,0.000000,8.015496,1.000000,1.000000,1.000000,1.000000,0.000000,0.000000,0.062179,0.927489,0.939039,594.640681,0.935739,0.623826,1.000000,0.868534,666.752791,0.000000,False,False,False,,,,643,53,0.444444,0.923077
0.000000,0.000000,79.000000,1.000000,0.000000,0.000000,1.000000,0.000000,2.000000,0.000000,7.937285,1.000000,1.000000,1.000000,1.000000,0.000000,0.000000,0.053355,0.937735,0.947697,593.761874,0.936703,0.624469,1.000000,0.878807,665.976396,0.000000,False,False,False,,,,644,53,0.444444,0.923077
0.000000,0.000000,79.000000,1.000000,0.000000,0.000000,1.000000,0.000000,0.000000,0.000000,8.067050,1.000000,1.000000,1.000000,1.000000,0.000000,0.000000,0.125697,0.862121,0.867157,592.949273,0.943352,0.628901,1.000000,0.812601,665.201455,0.000000,False,False,False,,,,645,53,0.444444,0.923077
0.000000,0.000000,79.000000,1.000000,0.000000,0.000000,1.000000,0.000000,0.000000,0.000000,8.076306,1.000000,1.000000,1.000000,1.000000,0.000000,0.000000,0.075633,0.912025,0.922792,592.085667,0.944986,0.629991,1.000000,0.863605,664.427315,0.000000,False,False,False,,,,646,53,0.444444,0.923077
0.000000,0.000000,79.000000,1.000000,0.000000,0.000000,1.000000,0.000000,0.000000,0.000000,8.051170,1.000000,1.000000,1.000000,1.000000,0.000000,0.000000,0.051923,0.932484,0.950806,591.206640,0.944054,0.629369,1.000000,0.879028,663.656546,0.000000,False,False,False,,,,647,53,0.444444,0.923077
0.000000,0.000000,79.000000,1.000000,0.000000,0.000000,1.000000,0.000000,1.000000,0.000000,7.896331,1.000000,1.000000,1.000000,1.000000,0.000000,0.000000,0.049382,0.929060,0.955091,590.325880,0.946693,0.631128,1.000000,0.880760,662.889818,0.000000,False,False,False,,,,648,53,0.444444,0.923077
0.000000,0.000000,79.000000,1.000000,0.000000,0.000000,1.000000,0.000000,0.000000,0.000000,8.399885,1.000000,1.000000,1.000000,1.000000,0.000000,0.000000,0.079547,0.902432,0.921869,589.466227,0.950487,0.633658,1.000000,0.859653,662.127146,0.000000,False,False,False,,,,649,53,0.444444,0.923077
0.000000,0.000000,79.000000,1.000000,0.000000,0.000000,1.000000,0.000000,0.000000,0.000000,8.366977,1.000000,1.000000,1.000000,1.000000,0.000000,0.000000,0.077478,0.901930,0.929209,588.605872,0.951348,0.634232,1.000000,0.860354,661.368879,0.000000,False,False,False,,,,650,53,0.444444,0.923077
0.000000,0.000000,79.000000,1.000000,0.000000,0.000000,1.000000,0.000000,0.000000,0.000000,8.355903,1.000000,1.000000,1.000000,1.000000,0.000000,0.000000,0.083863,0.898593,0.927004,587.749103,0.952124,0.634749,1.000000,0.856769,660.614330,0.000000,False,False,False,,,,651,53,0.444444,0.923077
0.000000,0.000000,79.000000,1.000000,0.000000,0.000000,1.000000,0.000000,0.000000,0.000000,8.303620,1.000000,1.000000,1.000000,1.000000,0.000000,0.000000,0.076934,0.905452,0.935571,586.883619,0.952834,0.635223,1.000000,0.865484,659.864118,0.000000,False,False,False,,,,652,53,0.444444,0.923077
0.000000,0.000000,79.000000,1.000000,0.000000,0.000000,1.000000,0.000000,0.000000,0.000000,8.292926,1.000000,1.000000,1.000000,1.000000,0.000000,0.000000,0.080814,0.899007,0.927876,586.029181,0.950810,0.633873,1.000000,0.854437,659.117826,0.000000,False,False,False,,,,653,53,0.444444,0.923077
0.000000,0.000000,79.000000,1.000000,0.000000,0.000000,1.000000,0.000000,0.000000,0.000000,8.254793,1.000000,1.000000,1.000000,1.000000,0.000000,0.000000,0.084522,0.887402,0.921405,585.182500,0.953869,0.635912,1.000000,0.846681,658.375597,0.000000,False,False,False,,,,654,53,0.444444,0.923077
0.000000,0.000000,79.000000,1.000000,0.000000,0.000000,1.000000,0.000000,0.000000,0.000000,8.232115,1.000000,1.000000,1.000000,1.000000,0.000000,0.000000,0.076168,0.903372,0.931447,584.318321,0.955275,0.636850,1.000000,0.864179,657.636661,0.000000,False,False,False,,,,655,53,0.444444,0.923077
0.000000,0.000000,79.000000,1.000000,0.000000,0.000000,1.000000,0.000000,0.000000,0.000000,8.188379,1.000000,1.000000,1.000000,1.000000,0.000000,0.000000,0.073337,0.908937,0.936317,583.447320,0.956175,0.637450,1.000000,0.871001,656.900850,0.000000,False,False,False,,,,656,53,0.461538,0.923077
0.000000,0.000000,79.000000,1.000000,0.000000,0.000000,1.000000,0.000000,0.000000,0.000000,8.131881,1.000000,1.000000,1.000000,1.000000,0.000000,0.000000,0.059859,0.917967,0.946254,582.567981,0.956768,0.637846,1.000000,0.879340,656.168112,0.000000,False,False,False,,,,657,53,0.461538,0.923077
0.000000,0.000000,79.000000,1.000000,0.000000,0.000000,1.000000,0.000000,0.000000,0.000000,8.095182,1.000000,1.000000,1.000000,1.000000,0.000000,0.000000,0.096248,0.876322,0.908000,581.731484,0.954948,0.636632,1.000000,0.836497,655.438190,0.000000,False,False,False,,,,658,53,0.461538,0.923077
0.000000,0.000000,79.000000,1.000000,0.000000,0.000000,1.000000,0.000000,0.000000,0.000000,8.021208,1.000000,1.000000,1.000000,1.000000,0.000000,0.000000,0.050965,0.929721,0.957612,580.839565,0.957935,0.638623,1.000000,0.891919,654.710492,0.000000,False,False,False,,,,659,53,0.444444,0.923077
0.000000,0.000000,79.000000,1.000000,0.000000,0.000000,1.000000,0.000000,1.000000,0.000000,7.981937,1.000000,1.000000,1.000000,1.000000,0.000000,0.000000,0.057999,0.918181,0.953867,579.957121,0.958982,0.639321,1.000000,0.882443,653.985199,0.000000,False,False,False,,,,660,53,0.444444,0.923077
0.000000,0.000000,79.000000,1.000000,0.000000,0.000000,1.000000,0.000000,0.000000,0.000000,8.044895,1.000000,1.000000,1.000000,1.000000,0.000000,0.000000,0.084524,0.904712,0.915782,579.085963,0.961946,0.641298,1.000000,0.871158,653.262174,0.000000,False,False,False,,,,661,53,0.461538,0.923077
0.000000,0.000000,79.000000,1.000000,0.000000,0.000000,1.000000,0.000000,0.000000,0.000000,8.013555,1.000000,1.000000,1.000000,1.000000,0.000000,0.000000,0.075724,0.917433,0.932424,578.207561,0.959748,0.639832,1.000000,0.878402,652.540848,0.000000,False,False,False,,,,662,53,0.461538,0.923077
0.000000,0.000000,79.000000,1.000000,0.000000,0.000000,1.000000,0.000000,0.000000,0.000000,8.029146,1.000000,1.000000,1.000000,1.000000,0.000000,0.000000,0.066718,0.925353,0.939206,577.315127,0.963131,0.642088,1.000000,0.892434,651.819403,0.000000,False,False,False,,,,663,53,0.461538,0.923077
0.000000,0.000000,79.000000,1.000000,0.000000,0.000000,1.000000,0.000000,0.000000,0.000000,8.015003,1.000000,1.000000,1.000000,1.000000,0.000000,0.000000,0.073006,0.921311,0.936140,576.425410,0.964468,0.642979,1.000000,0.889716,651.097886,0.000000,False,False,False,,,,664,53,0.461538,0.923077
0.000000,0.000000,79.000000,1.000000,0.000000,0.000000,1.000000,0.000000,0.000000,0.000000,8.001487,1.000000,1.000000,1.000000,1.000000,0.000000,0.000000,0.090468,0.904768,0.913488,575.551207,0.965021,0.643347,1.000000,0.874204,650.375388,0.000000,False,False,False,,,,665,53,0.461538,0.923077
0.000000,0.000000,79.000000,1.000000,0.000000,0.000000,1.000000,0.000000,1.000000,0.000000,7.967495,1.000000,1.000000,1.000000,1.000000,0.000000,0.000000,0.060748,0.931345,0.950180,574.653933,0.964100,0.642733,1.000000,0.897274,649.652176,0.000000,False,False,False,,,,666,53,0.461538,0.923077
0.000000,0.000000,79.000000,1.000000,0.000000,0.000000,1.000000,0.000000,0.000000,0.000000,8.084644,1.000000,1.000000,1.000000,1.000000,0.000000,0.000000,0.077327,0.912576,0.931123,573.769204,0.968488,0.645658,1.000000,0.884729,648.928239,0.000000,False,False,False,,,,667,53,0.461538,0.923077
0.000000,0.000000,79.000000,1.000000,0.000000,0.000000,1.000000,0.000000,0.000000,0.000000,8.033898,1.000000,1.000000,1.000000,1.000000,0.000000,0.000000,0.049845,0.938227,0.959877,572.858359,0.969481,0.646320,1.000000,0.910845,648.203632,0.000000,False,False,False,,,,668,53,0.461538,0.923077
0.000000,0.000000,79.000000,1.000000,0.000000,0.000000,1.000000,0.000000,1.000000,0.000000,7.989398,1.000000,1.000000,1.000000,1.000000,0.000000,0.000000,0.064775,0.922752,0.942564,571.961148,0.970019,0.646680,1.000000,0.897211,647.478140,0.000000,False,False,False,,,,669,53,0.461538,0.923077
0.000000,0.000000,79.000000,1.000000,0.000000,0.000000,1.000000,0.000000,1.000000,0.000000,7.737164,1.000000,1.000000,1.000000,1.000000,0.000000,0.000000,0.080202,0.910381,0.929325,571.079146,0.969769,0.646513,1.000000,0.882003,646.752681,0.000000,False,False,False,,,,670,53,0.440000,0.916667
0.000000,0.000000,79.000000,1.000000,0.000000,0.000000,1.000000,0.000000,1.000000,0.000000,7.576750,1.000000,1.000000,1.000000,1.000000,0.000000,0.000000,0.085387,0.905048,0.919912,570.196726,0.974707,0.649805,1.000000,0.882419,646.027472,0.000000,False,False,False,,,,671,53,0.480000,0.923077
0.000000,0.000000,79.000000,1.000000,0.000000,0.000000,1.000000,0.000000,0.000000,0.000000,8.151264,1.000000,1.000000,1.000000,1.000000,0.000000,0.000000,0.101933,0.890285,0.898453,569.325321,0.978191,0.652128,1.000000,0.871405,645.302503,0.000000,False,False,False,,,,672,53,0.480000,0.923077
0.000000,0.000000,79.000000,1.000000,0.000000,0.000000,1.000000,0.000000,1.000000,0.000000,7.961802,1.000000,1.000000,1.000000,1.000000,0.000000,0.000000,0.053758,0.938674,0.950659,568.406888,0.979006,0.652671,1.000000,0.918433,644.576439,0.000000,False,False,False,,,,673,53,0.480000,0.923077
0.000000,0.000000,79.000000,1.000000,0.000000,0.000000,1.000000,0.000000,1.000000,0.000000,7.953495,1.000000,1.000000,1.000000,1.000000,0.000000,0.000000,0.068776,0.923044,0.931687,567.505091,0.978360,0.652240,1.000000,0.901797,643.849542,0.000000,False,False,False,,,,674,53,0.480000,0.923077
0.000000,0.000000,79.000000,1.000000,0.000000,0.000000,1.000000,0.000000,0.000000,0.000000,8.186443,1.000000,1.000000,1.000000,1.000000,0.000000,0.000000,0.069688,0.921798,0.929103,566.599828,0.982736,0.655157,1.000000,0.905263,643.122423,0.000000,False,False,False,,,,675,53,0.440000,0.916667
0.000000,0.000000,79.000000,1.000000,0.000000,0.000000,1.000000,0.000000,0.000000,0.000000,8.278396,1.000000,1.000000,1.000000,1.000000,0.000000,0.000000,0.055235,0.932442,0.950356,565.682251,0.984391,0.656261,1.000000,0.917577,642.394580,0.000000,False,False,False,,,,676,53,0.440000,0.916667
0.000000,0.000000,79.000000,1.000000,0.000000,0.000000,1.000000,0.000000,0.000000,0.000000,8.322016,1.000000,1.000000,1.000000,1.000000,0.000000,0.000000,0.067274,0.918351,0.933786,564.779609,0.984844,0.656563,1.000000,0.902641,641.665652,0.000000,False,False,False,,,,677,53,0.480000,0.923077
0.000000,0.000000,79.000000,1.000000,0.000000,0.000000,1.000000,0.000000,0.000000,0.000000,8.243101,1.000000,1.000000,1.000000,1.000000,0.000000,0.000000,0.086240,0.897725,0.917920,563.893916,0.985215,0.656810,1.000000,0.885693,640.937720,0.000000,False,False,False,,,,678,53,0.440000,0.916667
0.000000,0.000000,79.000000,1.000000,0.000000,0.000000,1.000000,0.000000,0.000000,0.000000,8.158085,1.000000,1.000000,1.000000,1.000000,0.000000,0.000000,0.063702,0.929869,0.940174,562.982406,0.983263,0.655509,1.000000,0.911510,640.196139,0.000000,False,False,False,,,,679,53,0.440000,0.916667
0.000000,0.000000,79.000000,1.000000,0.000000,0.000000,1.000000,0.000000,0.000000,0.000000,8.020188,1.000000,1.000000,1.000000,1.000000,0.000000,0.000000,0.071680,0.917356,0.934428,562.079307,0.985322,0.656882,1.000000,0.903099,639.456197,0.000000,False,False,False,,,,680,53,0.440000,0.916667
0.000000,0.000000,79.000000,1.000000,0.000000,0.000000,1.000000,0.000000,0.000000,0.000000,8.040687,1.000000,1.000000,1.000000,1.000000,0.000000,0.000000,0.071446,0.915603,0.939139,561.175760,0.986354,0.657569,1.000000,0.903547,638.713615,0.000000,False,False,False,,,,681,53,0.440000,0.916667
0.000000,0.000000,79.000000,1.000000,0.000000,0.000000,1.000000,0.000000,0.000000,0.000000,8.020840,1.000000,1.000000,1.000000,1.000000,0.000000,0.000000,0.077380,0.906396,0.931644,560.277010,0.986716,0.657810,1.000000,0.898750,637.971416,0.000000,False,False,False,,,,682,53,0.440000,0.916667
0.000000,0.000000,79.000000,1.000000,0.000000,0.000000,1.000000,0.000000,0.000000,0.000000,8.232457,1.000000,1.000000,1.000000,1.000000,0.000000,0.000000,0.079137,0.907344,0.929095,559.382636,0.985071,0.656714,1.000000,0.894374,637.230627,0.000000,False,False,False,,,,683,53,0.458333,0.916667
0.000000,0.000000,79.000000,1.000000,0.000000,0.000000,1.000000,0.000000,0.000000,0.000000,8.111364,1.000000,1.000000,1.000000,1.000000,0.000000,0.000000,0.062372,0.924862,0.947837,558.468387,0.987058,0.658039,1.000000,0.914249,636.490791,0.000000,False,False,False,,,,684,53,0.458333,0.916667
0.000000,0.000000,79.000000,1.000000,0.000000,0.000000,1.000000,0.000000,0.000000,0.000000,8.201573,1.000000,1.000000,1.000000,1.000000,0.000000,0.000000,0.074025,0.913123,0.934904,557.565143,0.987938,0.658625,1.000000,0.903244,635.753055,0.000000,False,False,False,,,,685,53,0.458333,0.916667
0.000000,0.000000,79.000000,1.000000,0.000000,0.000000,1.000000,0.000000,0.000000,0.000000,8.148816,1.000000,1.000000,1.000000,1.000000,0.000000,0.000000,0.063961,0.924285,0.942751,556.649626,0.988411,0.658941,1.000000,0.915517,635.016565,0.000000,False,False,False,,,,686,53,0.458333,0.916667
0.000000,0.000000,79.000000,1.000000,0.000000,0.000000,1.000000,0.000000,0.000000,0.000000,8.127818,1.000000,1.000000,1.000000,1.000000,0.000000,0.000000,0.070291,0.915704,0.934635,555.743594,0.988700,0.659133,1.000000,0.906032,634.281231,0.000000,False,False,False,,,,687,53,0.458333,0.916667
0.000000,0.000000,79.000000,1.000000,0.000000,0.000000,1.000000,0.000000,0.000000,0.000000,8.073264,1.000000,1.000000,1.000000,1.000000,0.000000,0.000000,0.069466,0.917818,0.935647,554.839457,0.987023,0.658016,1.000000,0.904136,633.546178,0.000000,False,False,False,,,,688,53,0.458333,0.916667
0.000000,0.000000,79.000000,1.000000,0.000000,0.000000,1.000000,0.000000,0.000000,0.000000,8.112640,1.000000,1.000000,1.000000,1.000000,0.000000,0.000000,0.072392,0.910516,0.936935,553.938221,0.988944,0.659296,1.000000,0.901236,632.812327,0.000000,False,False,False,,,,689,53,0.458333,0.916667
0.000000,0.000000,79.000000,1.000000,0.000000,0.000000,1.000000,0.000000,1.000000,0.000000,7.983491,1.000000,1.000000,1.000000,1.000000,0.000000,0.000000,0.070778,0.916076,0.937381,553.031659,0.989566,0.659710,1.000000,0.906562,632.078702,0.000000,False,False,False,,,,690,53,0.458333,0.916667
0.000000,0.000000,79.000000,1.000000,0.000000,0.000000,1.000000,0.000000,0.000000,0.000000,8.096439,1.000000,1.000000,1.000000,1.000000,0.000000,0.000000,0.109357,0.871492,0.903983,552.168987,0.989664,0.659776,1.000000,0.862672,631.345848,0.000000,False,False,False,,,,691,53,0.440000,0.916667
0.000000,0.000000,79.000000,1.000000,0.000000,0.000000,1.000000,0.000000,0.000000,0.000000,8.103856,1.000000,1.000000,1.000000,1.000000,0.000000,0.000000,0.062055,0.926150,0.946404,551.251186,0.991993,0.661329,1.000000,0.917800,630.612983,0.000000,False,False,False,,,,692,53,0.611111,0.916667
0.000000,0.000000,79.000000,1.000000,0.000000,0.000000,1.000000,0.000000,0.000000,0.000000,8.034374,1.000000,1.000000,1.000000,1.000000,0.000000,0.000000,0.051058,0.942182,0.957331,550.317810,0.992759,0.661839,1.000000,0.933377,629.876341,0.000000,False,False,False,,,,693,53,0.611111,0.916667
0.000000,0.000000,79.000000,1.000000,0.000000,0.000000,1.000000,0.000000,2.000000,0.000000,7.960527,1.000000,1.000000,1.000000,1.000000,0.000000,0.000000,0.060639,0.934825,0.946347,549.392082,0.992931,0.661954,1.000000,0.925727,629.135916,0.000000,False,False,False,,,,694,53,0.611111,0.916667
0.000000,0.000000,79.000000,1.000000,0.000000,0.000000,1.000000,0.000000,1.000000,0.000000,7.520165,1.000000,1.000000,1.000000,1.000000,0.000000,0.000000,0.126258,0.875477,0.862415,548.525291,0.996388,0.664259,1.000000,0.866792,628.391698,0.000000,False,False,False,,,,695,53,0.611111,0.916667
0.000000,0.000000,79.000000,1.000000,0.000000,0.000000,1.000000,0.000000,1.000000,0.000000,7.656646,1.000000,1.000000,1.000000,1.000000,0.000000,0.000000,0.062893,0.937604,0.935393,547.594809,0.995533,0.663689,1.000000,0.930481,627.643412,0.000000,False,False,False,,,,696,53,0.611111,0.916667
0.000000,0.000000,79.000000,1.000000,0.000000,0.000000,1.000000,0.000000,0.000000,0.000000,8.073773,1.000000,1.000000,1.000000,1.000000,0.000000,0.000000,0.060037,0.940004,0.938829,546.655841,0.999709,0.666473,1.000000,0.938969,626.887915,0.000000,False,False,False,,,,697,53,0.611111,0.916667
0.000000,0.000000,79.000000,1.000000,0.000000,0.000000,1.000000,0.000000,1.000000,0.000000,7.917073,1.000000,1.000000,1.000000,1.000000,0.000000,0.000000,0.056643,0.942358,0.944353,545.711700,1.000759,0.667173,1.000000,0.944141,626.125853,0.000000,False,False,False,,,,698,53,0.611111,0.916667
0.000000,0.000000,79.000000,1.000000,0.000000,0.000000,1.000000,0.000000,0.000000,0.000000,8.103814,1.000000,1.000000,1.000000,1.000000,0.000000,0.000000,0.097833,0.900690,0.907990,544.808065,1.002444,0.668296,1.000000,0.903635,625.357445,0.000000,False,False,False,,,,699,53,0.611111,0.916667
0.000000,0.000000,79.000000,1.000000,0.000000,0.000000,1.000000,0.000000,0.000000,0.000000,8.028306,1.000000,1.000000,1.000000,1.000000,0.000000,0.000000,0.076984,0.922719,0.923259,543.883026,1.002297,0.668198,1.000000,0.925038,624.583864,0.000000,False,False,False,,,,700,53,0.611111,0.916667
0.000000,0.000000,79.000000,1.000000,0.000000,0.000000,1.000000,0.000000,1.000000,0.000000,7.824361,1.000000,1.000000,1.000000,1.000000,0.000000,0.000000,0.069007,0.929995,0.929069,542.948754,1.002321,0.668214,1.000000,0.934272,623.805247,0.000000,False,False,False,,,,701,53,0.611111,0.916667
0.000000,0.000000,79.000000,1.000000,0.000000,0.000000,1.000000,0.000000,0.000000,0.000000,8.030658,1.000000,1.000000,1.000000,1.000000,0.000000,0.000000,0.077354,0.923398,0.918561,542.027257,1.001683,0.667789,1.000000,0.921497,623.023049,0.000000,False,False,False,,,,702,53,0.611111,0.916667
0.000000,0.000000,79.000000,1.000000,0.000000,0.000000,1.000000,0.000000,0.000000,0.000000,8.099038,1.000000,1.000000,1.000000,1.000000,0.000000,0.000000,0.082757,0.916376,0.910998,541.107407,1.003658,0.669105,1.000000,0.919850,622.238453,0.000000,False,False,False,,,,703,53,0.611111,0.916667
0.000000,0.000000,79.000000,1.000000,0.000000,0.000000,1.000000,0.000000,0.000000,0.000000,8.160749,1.000000,1.000000,1.000000,1.000000,0.000000,0.000000,0.058086,0.941246,0.937934,540.162623,1.003799,0.669199,1.000000,0.944783,621.451726,0.000000,False,False,False,,,,704,53,0.611111,0.916667
0.000000,0.000000,79.000000,1.000000,0.000000,0.000000,1.000000,0.000000,0.000000,0.000000,8.029712,1.000000,1.000000,1.000000,1.000000,0.000000,0.000000,0.066208,0.932648,0.931956,539.228044,1.001850,0.667900,1.000000,0.934580,620.663035,0.000000,False,False,False,,,,705,53,0.611111,0.916667
0.000000,0.000000,79.000000,1.000000,0.000000,0.000000,1.000000,0.000000,0.000000,0.000000,8.128076,1.000000,1.000000,1.000000,1.000000,0.000000,0.000000,0.077994,0.921482,0.919829,538.302524,1.004098,0.669398,1.000000,0.925520,619.873249,0.000000,False,False,False,,,,706,53,0.611111,0.916667
0.000000,0.000000,79.000000,1.000000,0.000000,0.000000,1.000000,0.000000,1.000000,0.000000,7.944102,1.000000,1.000000,1.000000,1.000000,0.000000,0.000000,0.077783,0.919755,0.918490,537.376198,1.004537,0.669691,1.000000,0.926326,619.082696,0.000000,False,False,False,,,,707,53,0.611111,0.916667
0.000000,0.000000,79.000000,1.000000,0.000000,0.000000,1.000000,0.000000,1.000000,0.000000,7.560772,1.000000,1.000000,1.000000,1.000000,0.000000,0.000000,0.087265,0.910140,0.904926,536.459684,1.005609,0.670406,1.000000,0.916514,618.291672,0.000000,False,False,False,,,,708,53,0.611111,0.916667
0.000000,0.000000,79.000000,1.000000,0.000000,0.000000,1.000000,0.000000,1.000000,0.000000,7.838776,1.000000,1.000000,1.000000,1.000000,0.000000,0.000000,0.067135,0.931063,0.925111,535.521434,1.006923,0.671282,1.000000,0.938250,617.500257,0.000000,False,False,False,,,,709,53,0.611111,0.916667
0.000000,0.000000,79.000000,1.000000,0.000000,0.000000,1.000000,0.000000,0.000000,0.000000,8.322765,1.000000,1.000000,1.000000,1.000000,0.000000,0.000000,0.093299,0.902832,0.902955,534.612681,1.005633,0.670422,1.000000,0.908753,616.708558,0.000000,False,False,False,,,,710,53,0.555556,0.909091
0.000000,0.000000,79.000000,1.000000,0.000000,0.000000,1.000000,0.000000,0.000000,0.000000,8.364648,1.000000,1.000000,1.000000,1.000000,0.000000,0.000000,0.074220,0.922868,0.922484,533.682778,1.008112,0.672075,1.000000,0.929904,615.916586,0.000000,False,False,False,,,,711,53,0.555556,0.909091
0.000000,0.000000,79.000000,1.000000,0.000000,0.000000,1.000000,0.000000,0.000000,0.000000,8.433839,1.000000,1.000000,1.000000,1.000000,0.000000,0.000000,0.051814,0.945739,0.947163,532.728534,1.008399,0.672266,1.000000,0.954244,615.124047,0.000000,False,False,False,,,,712,53,0.555556,0.909091
0.000000,0.000000,79.000000,1.000000,0.000000,0.000000,1.000000,0.000000,0.000000,0.000000,8.403953,1.000000,1.000000,1.000000,1.000000,0.000000,0.000000,0.042842,0.955677,0.957375,531.764074,1.008700,0.672467,1.000000,0.964460,614.331202,0.000000,False,False,False,,,,713,53,0.555556,0.909091
0.000000,0.000000,79.000000,1.000000,0.000000,0.000000,1.000000,0.000000,0.000000,0.000000,8.451445,1.000000,1.000000,1.000000,1.000000,0.000000,0.000000,0.062137,0.933810,0.936328,530.824226,1.006849,0.671233,1.000000,0.939848,613.538141,0.000000,False,False,False,,,,714,53,0.555556,0.909091
0.000000,0.000000,79.000000,1.000000,0.000000,0.000000,1.000000,0.000000,0.000000,0.000000,8.422784,1.000000,1.000000,1.000000,1.000000,0.000000,0.000000,0.063093,0.931998,0.935597,529.884208,1.008242,0.672162,1.000000,0.940018,612.744940,0.000000,False,False,False,,,,715,53,0.555556,0.909091
0.000000,0.000000,79.000000,1.000000,0.000000,0.000000,1.000000,0.000000,0.000000,0.000000,8.448176,1.000000,1.000000,1.000000,1.000000,0.000000,0.000000,0.064075,0.931328,0.935501,528.942824,1.008982,0.672655,1.000000,0.941384,611.951633,0.000000,False,False,False,,,,716,53,0.555556,0.909091
0.000000,0.000000,79.000000,1.000000,0.000000,0.000000,1.000000,0.000000,0.000000,0.000000,8.244986,1.000000,1.000000,1.000000,1.000000,0.000000,0.000000,0.043311,0.954403,0.956460,527.981279,1.009015,0.672676,1.000000,0.961545,611.158388,0.000000,False,False,False,,,,717,53,0.555556,0.909091
0.000000,0.000000,79.000000,1.000000,0.000000,0.000000,1.000000,0.000000,0.000000,0.000000,8.416832,1.000000,1.000000,1.000000,1.000000,0.000000,0.000000,0.053169,0.944665,0.943512,527.028342,1.009159,0.672772,1.000000,0.952937,610.365097,0.000000,False,False,False,,,,718,53,0.555556,0.909091
0.000000,0.000000,79.000000,1.000000,0.000000,0.000000,1.000000,0.000000,0.000000,0.000000,8.316152,1.000000,1.000000,1.000000,1.000000,0.000000,0.000000,0.064303,0.932734,0.933488,526.087709,1.009096,0.672730,1.000000,0.940633,609.572012,0.000000,False,False,False,,,,719,53,0.555556,0.909091
0.000000,0.000000,79.000000,1.000000,0.000000,0.000000,1.000000,0.000000,0.000000,0.000000,8.426900,1.000000,1.000000,1.000000,1.000000,0.000000,0.000000,0.074951,0.919900,0.927010,525.161169,1.007356,0.671571,1.000000,0.926540,608.778886,0.000000,False,False,False,,,,720,53,0.500000,0.900000
0.000000,0.000000,79.000000,1.000000,0.000000,0.000000,1.000000,0.000000,0.000000,0.000000,8.280089,1.000000,1.000000,1.000000,1.000000,0.000000,0.000000,0.076016,0.920190,0.918748,524.232193,1.008939,0.672626,1.000000,0.928975,607.985827,0.000000,False,False,False,,,,721,53,0.500000,0.900000
0.000000,0.000000,79.000000,1.000000,0.000000,0.000000,1.000000,0.000000,0.000000,0.000000,8.387385,1.000000,1.000000,1.000000,1.000000,0.000000,0.000000,0.053788,0.941647,0.945681,523.281039,1.009203,0.672802,1.000000,0.951155,607.193021,0.000000,False,False,False,,,,722,53,0.500000,0.900000
0.000000,0.000000,79.000000,1.000000,0.000000,0.000000,1.000000,0.000000,0.000000,0.000000,8.260352,1.000000,1.000000,1.000000,1.000000,0.000000,0.000000,0.052961,0.944440,0.944318,522.328965,1.009672,0.673114,1.000000,0.952073,606.400339,0.000000,False,False,False,,,,723,53,0.500000,0.900000
0.000000,0.000000,79.000000,1.000000,0.000000,0.000000,1.000000,0.000000,0.000000,0.000000,8.396884,1.000000,1.000000,1.000000,1.000000,0.000000,0.000000,0.077770,0.915647,0.921033,521.403534,1.009636,0.673090,1.000000,0.925431,605.608009,0.000000,False,False,False,,,,724,53,0.500000,0.900000
0.000000,0.000000,79.000000,1.000000,0.000000,0.000000,1.000000,0.000000,0.000000,0.000000,8.288468,1.000000,1.000000,1.000000,1.000000,0.000000,0.000000,0.066522,0.927476,0.932776,520.472110,1.006806,0.671204,1.000000,0.931424,604.815833,0.000000,False,False,False,,,,725,53,0.500000,0.900000
0.000000,0.000000,79.000000,1.000000,0.000000,0.000000,1.000000,0.000000,0.000000,0.000000,8.288525,1.000000,1.000000,1.000000,1.000000,0.000000,0.000000,0.064180,0.931772,0.937790,519.531577,1.008803,0.672535,1.000000,0.940534,604.023892,0.000000,False,False,False,,,,726,53,0.500000,0.900000
0.000000,0.000000,79.000000,1.000000,0.000000,0.000000,1.000000,0.000000,0.000000,0.000000,8.242877,1.000000,1.000000,1.000000,1.000000,0.000000,0.000000,0.067218,0.929973,0.930590,518.593899,1.009141,0.672761,1.000000,0.937678,603.232198,0.000000,False,False,False,,,,727,53,0.500000,0.900000
0.000000,0.000000,79.000000,1.000000,0.000000,0.000000,1.000000,0.000000,0.000000,0.000000,8.351910,1.000000,1.000000,1.000000,1.000000,0.000000,0.000000,0.067443,0.930459,0.931778,517.654163,1.009443,0.672962,1.000000,0.939736,602.440675,0.000000,False,False,False,,,,728,53,0.500000,0.900000
0.000000,0.000000,79.000000,1.000000,0.000000,0.000000,1.000000,0.000000,0.000000,0.000000,8.285325,1.000000,1.000000,1.000000,1.000000,0.000000,0.000000,0.067849,0.929431,0.931625,516.722846,1.006957,0.671305,1.000000,0.931317,601.649223,0.000000,False,False,False,,,,729,53,0.500000,0.900000
0.000000,0.000000,79.000000,1.000000,0.000000,0.000000,1.000000,0.000000,0.000000,0.000000,8.285517,1.000000,1.000000,1.000000,1.000000,0.000000,0.000000,0.052785,0.940404,0.946121,515.773507,1.008936,0.672624,1.000000,0.949339,600.858030,0.000000,False,False,False,,,,730,53,0.500000,0.900000
0.000000,0.000000,79.000000,1.000000,0.000000,0.000000,1.000000,0.000000,0.000000,0.000000,8.283819,1.000000,1.000000,1.000000,1.000000,0.000000,0.000000,0.046224,0.950182,0.954012,514.815639,1.009487,0.672991,1.000000,0.957868,600.066960,0.000000,False,False,False,,,,731,53,0.500000,0.900000
0.000000,0.000000,79.000000,1.000000,0.000000,0.000000,1.000000,0.000000,0.000000,0.000000,8.264010,1.000000,1.000000,1.000000,1.000000,0.000000,0.000000,0.036204,0.960833,0.962845,513.846492,1.009494,0.672996,1.000000,0.969147,599.276286,0.000000,False,False,False,,,,732,53,0.500000,0.900000
0.000000,0.000000,79.000000,1.000000,0.000000,0.000000,1.000000,0.000000,0.000000,0.000000,8.382158,1.000000,1.000000,1.000000,1.000000,0.000000,0.000000,0.052985,0.945593,0.948918,512.893930,1.009395,0.672930,1.000000,0.952562,598.485986,0.000000,False,False,False,,,,733,53,0.500000,0.900000
0.000000,0.000000,79.000000,1.000000,0.000000,0.000000,1.000000,0.000000,0.000000,0.000000,8.202415,1.000000,1.000000,1.000000,1.000000,0.000000,0.000000,0.046414,0.951304,0.955668,511.934421,1.009368,0.672912,1.000000,0.959509,597.695856,0.000000,False,False,False,,,,734,53,0.500000,0.900000
0.000000,0.000000,79.000000,1.000000,0.000000,0.000000,1.000000,0.000000,0.000000,0.000000,8.374853,1.000000,1.000000,1.000000,1.000000,0.000000,0.000000,0.065337,0.933101,0.933462,510.998139,1.007456,0.671637,1.000000,0.936282,596.906111,0.000000,False,False,False,,,,735,53,0.500000,0.900000
0.000000,0.000000,79.000000,1.000000,0.000000,0.000000,1.000000,0.000000,0.000000,0.000000,8.279228,1.000000,1.000000,1.000000,1.000000,0.000000,0.000000,0.086178,0.908269,0.912998,510.078363,1.008907,0.672604,1.000000,0.919776,596.116378,0.000000,False,False,False,,,,736,53,0.500000,0.900000
0.000000,0.000000,79.000000,1.000000,0.000000,0.000000,1.000000,0.000000,0.000000,0.000000,8.302534,1.000000,1.000000,1.000000,1.000000,0.000000,0.000000,0.070832,0.925695,0.930214,509.146141,1.009060,0.672707,1.000000,0.932222,595.326851,0.000000,False,False,False,,,,737,53,0.500000,0.900000
0.000000,0.000000,79.000000,1.000000,0.000000,0.000000,1.000000,0.000000,0.000000,0.000000,8.183632,1.000000,1.000000,1.000000,1.000000,0.000000,0.000000,0.073552,0.925105,0.926350,508.216178,1.008497,0.672332,1.000000,0.929962,594.537567,0.000000,False,False,False,,,,738,53,0.555556,1.000000
0.000000,0.000000,79.000000,1.000000,0.000000,0.000000,1.000000,0.000000,0.000000,0.000000,8.225216,1.000000,1.000000,1.000000,1.000000,0.000000,0.000000,0.054989,0.937233,0.944015,507.269582,1.007510,0.671673,1.000000,0.946596,593.748362,0.000000,False,False,False,,,,739,53,0.555556,1.000000
0.000000,0.000000,79.000000,1.000000,0.000000,0.000000,1.000000,0.000000,0.000000,0.000000,8.186824,1.000000,1.000000,1.000000,1.000000,0.000000,0.000000,0.053928,0.945772,0.946424,506.319131,1.007176,0.671451,1.000000,0.950451,592.959434,0.000000,False,False,False,,,,740,53,0.500000,1.000000
0.000000,0.000000,79.000000,1.000000,0.000000,0.000000,1.000000,0.000000,0.000000,0.000000,8.100329,1.000000,1.000000,1.000000,1.000000,0.000000,0.000000,0.048230,0.946383,0.952659,505.367250,1.006965,0.671310,1.000000,0.951881,592.170698,0.000000,False,False,False,,,,741,53,0.500000,1.000000
0.000000,0.000000,79.000000,1.000000,0.000000,0.000000,1.000000,0.000000,0.000000,0.000000,8.112117,1.000000,1.000000,1.000000,1.000000,0.000000,0.000000,0.060758,0.936673,0.940837,504.430495,1.005351,0.670234,1.000000,0.936755,591.382180,0.000000,False,False,False,,,,742,53,0.500000,1.000000
0.000000,0.000000,79.000000,1.000000,0.000000,0.000000,1.000000,0.000000,0.000000,0.000000,8.061213,1.000000,1.000000,1.000000,1.000000,0.000000,0.000000,0.074866,0.918116,0.923216,503.505917,1.006926,0.671284,1.000000,0.924578,590.593553,0.000000,False,False,False,,,,743,53,0.500000,1.000000
0.000000,0.000000,79.000000,1.000000,0.000000,0.000000,1.000000,0.000000,0.000000,0.000000,8.040204,1.000000,1.000000,1.000000,1.000000,0.000000,0.000000,0.054374,0.943383,0.946073,502.558007,1.007083,0.671389,1.000000,0.947910,589.805016,0.000000,False,False,False,,,,744,53,0.500000,1.000000
0.000000,0.000000,79.000000,1.000000,0.000000,0.000000,1.000000,0.000000,0.000000,0.000000,8.016543,1.000000,1.000000,1.000000,1.000000,0.000000,0.000000,0.064394,0.929612,0.934783,501.622705,1.006768,0.671178,1.000000,0.935302,589.016299,0.000000,False,False,False,,,,745,53,0.500000,1.000000
0.000000,0.000000,79.000000,1.000000,0.000000,0.000000,1.000000,0.000000,0.000000,0.000000,8.092307,1.000000,1.000000,1.000000,1.000000,0.000000,0.000000,0.094168,0.901074,0.906420,500.718306,1.006467,0.670978,1.000000,0.904399,588.227860,0.000000,False,False,False,,,,746,53,0.500000,1.000000
0.000000,0.000000,79.000000,1.000000,0.000000,0.000000,1.000000,0.000000,0.000000,0.000000,8.024599,1.000000,1.000000,1.000000,1.000000,0.000000,0.000000,0.053737,0.939855,0.945261,499.777478,1.004707,0.669805,1.000000,0.940828,587.439377,0.000000,False,False,False,,,,747,53,0.500000,1.000000
0.000000,0.000000,79.000000,1.000000,0.000000,0.000000,1.000000,0.000000,0.000000,0.000000,8.142066,1.000000,1.000000,1.000000,1.000000,0.000000,0.000000,0.049836,0.946788,0.947260,498.826868,1.005765,0.670510,1.000000,0.950610,586.651155,0.000000,False,False,False,,,,748,53,0.500000,1.000000
0.000000,0.000000,79.000000,1.000000,0.000000,0.000000,1.000000,0.000000,1.000000,0.000000,7.946037,1.000000,1.000000,1.000000,1.000000,0.000000,0.000000,0.054078,0.939309,0.943614,497.882321,1.005637,0.670425,1.000000,0.944547,585.863283,0.000000,False,False,False,,,,749,53,0.500000,1.000000
0.000000,0.000000,79.000000,1.000000,0.000000,0.000000,1.000000,0.000000,0.000000,0.000000,8.002810,1.000000,1.000000,1.000000,1.000000,0.000000,0.000000,0.086018,0.912925,0.910325,496.966473,1.006460,0.670973,1.000000,0.915847,585.075816,0.000000,False,False,False,,,,750,53,0.500000,1.000000
0.000000,0.000000,79.000000,1.000000,0.000000,0.000000,1.000000,0.000000,0.000000,0.000000,8.116427,1.000000,1.000000,1.000000,1.000000,0.000000,0.000000,0.074216,0.918738,0.923110,496.041179,1.006388,0.670925,1.000000,0.925294,584.288866,0.000000,False,False,False,,,,751,53,0.500000,1.000000
0.000000,0.000000,79.000000,1.000000,0.000000,0.000000,1.000000,0.000000,0.000000,0.000000,8.195599,1.000000,1.000000,1.000000,1.000000,0.000000,0.000000,0.078014,0.918198,0.920948,495.118801,1.006000,0.670667,1.000000,0.922378,583.502176,0.000000,False,False,False,,,,752,53,0.500000,1.000000
0.000000,0.000000,79.000000,1.000000,0.000000,0.000000,1.000000,0.000000,0.000000,0.000000,8.188250,1.000000,1.000000,1.000000,1.000000,0.000000,0.000000,0.071129,0.922892,0.930382,494.190420,1.005588,0.670392,1.000000,0.928381,582.715588,0.000000,False,False,False,,,,753,53,0.500000,1.000000
0.000000,0.000000,79.000000,1.000000,0.000000,0.000000,1.000000,0.000000,0.000000,0.000000,8.269084,1.000000,1.000000,1.000000,1.000000,0.000000,0.000000,0.065143,0.930823,0.936270,493.258088,1.004296,0.669530,1.000000,0.932332,581.929652,0.000000,False,False,False,,,,754,53,0.444444,1.000000
0.000000,0.000000,79.000000,1.000000,0.000000,0.000000,1.000000,0.000000,1.000000,0.000000,7.906728,1.000000,1.000000,1.000000,1.000000,0.000000,0.000000,0.051664,0.946631,0.948044,492.309519,1.005174,0.670116,1.000000,0.948569,581.143959,0.000000,False,False,False,,,,755,53,0.444444,1.000000
0.000000,0.000000,79.000000,1.000000,0.000000,0.000000,1.000000,0.000000,1.000000,0.000000,7.865350,1.000000,1.000000,1.000000,1.000000,0.000000,0.000000,0.065004,0.933063,0.929408,491.372988,1.006209,0.670806,1.000000,0.936530,580.358557,0.000000,False,False,False,,,,756,53,0.444444,1.000000
0.000000,0.000000,79.000000,1.000000,0.000000,0.000000,1.000000,0.000000,0.000000,0.000000,8.028865,1.000000,1.000000,1.000000,1.000000,0.000000,0.000000,0.093837,0.906394,0.900199,490.461383,1.007301,0.671534,1.000000,0.911605,579.573498,0.000000,False,False,False,,,,757,53,0.444444,1.000000
0.000000,0.000000,79.000000,1.000000,0.000000,0.000000,1.000000,0.000000,0.000000,0.000000,8.203741,1.000000,1.000000,1.000000,1.000000,0.000000,0.000000,0.071721,0.929526,0.932814,489.527211,1.007371,0.671581,1.000000,0.934172,578.788568,0.000000,False,False,False,,,,758,53,0.444444,1.000000
0.000000,0.000000,79.000000,1.000000,0.000000,0.000000,1.000000,0.000000,0.000000,0.000000,8.362822,1.000000,1.000000,1.000000,1.000000,0.000000,0.000000,0.084709,0.908294,0.913029,488.609333,1.007055,0.671370,1.000000,0.917877,578.003845,0.000000,False,False,False,,,,759,53,0.444444,1.000000
0.000000,0.000000,79.000000,1.000000,0.000000,0.000000,1.000000,0.000000,0.000000,0.000000,8.504096,1.000000,1.000000,1.000000,1.000000,0.000000,0.000000,0.090816,0.907427,0.905640,487.699771,1.005336,0.670224,1.000000,0.909562,577.218882,0.000000,False,False,False,,,,760,53,0.444444,1.000000
0.000000,0.000000,79.000000,1.000000,0.000000,0.000000,1.000000,0.000000,0.000000,0.000000,8.377622,1.000000,1.000000,1.000000,1.000000,0.000000,0.000000,0.068669,0.927524,0.927573,486.766613,1.006639,0.671092,1.000000,0.933158,576.434172,0.000000,False,False,False,,,,761,53,0.444444,1.000000
0.000000,0.000000,79.000000,1.000000,0.000000,0.000000,1.000000,0.000000,0.000000,0.000000,8.658839,1.000000,1.000000,1.000000,1.000000,0.000000,0.000000,0.071600,0.921414,0.926502,485.836353,1.006711,0.671140,1.000000,0.930260,575.649589,0.000000,False,False,False,,,,762,53,0.444444,1.000000
0.000000,0.000000,79.000000,1.000000,0.000000,0.000000,1.000000,0.000000,0.000000,0.000000,8.425615,1.000000,1.000000,1.000000,1.000000,0.000000,0.000000,0.063298,0.934166,0.939066,484.899081,1.006547,0.671031,1.000000,0.937271,574.865334,0.000000,False,False,False,,,,763,53,0.444444,1.000000
0.000000,0.000000,79.000000,1.000000,0.000000,0.000000,1.000000,0.000000,0.000000,0.000000,8.437073,1.000000,1.000000,1.000000,1.000000,0.000000,0.000000,0.052031,0.941711,0.946040,483.949300,1.006440,0.670960,1.000000,0.949781,574.081055,0.000000,False,False,False,,,,764,53,0.444444,1.000000
0.000000,0.000000,79.000000,1.000000,0.000000,0.000000,1.000000,0.000000,0.000000,0.000000,8.050306,1.000000,1.000000,1.000000,1.000000,0.000000,0.000000,0.084446,0.907002,0.913540,483.034982,1.006239,0.670826,1.000000,0.914318,573.297362,0.000000,False,False,False,,,,765,53,0.444444,1.000000
0.000000,0.000000,79.000000,1.000000,0.000000,0.000000,1.000000,0.000000,0.000000,0.000000,8.171506,1.000000,1.000000,1.000000,1.000000,0.000000,0.000000,0.076250,0.918226,0.925186,482.115036,1.004104,0.669402,1.000000,0.919946,572.513786,0.000000,False,False,False,,,,766,53,0.444444,1.000000
0.000000,0.000000,79.000000,1.000000,0.000000,0.000000,1.000000,0.000000,0.000000,0.000000,8.062291,1.000000,1.000000,1.000000,1.000000,0.000000,0.000000,0.055452,0.941478,0.943296,481.171995,1.003971,0.669314,1.000000,0.943041,571.847524,0.000000,False,False,False,0.974821,0.854340,0.949642,767,53,0.444444,1.000000
5.000000,0.000000,75.000000,0.000000,0.000000,0.000000,5.000000,0.000000,1.000000,0.000000,7.961963,1.000000,1.000000,0.000000,0.000000,1.000000,0.000000,0.175118,0.823942,0.877909,480.360183,0.992149,0.661433,1.000000,0.811812,,0.000000,False,False,False,,,,768,-,0.000000,
5.000000,0.000000,75.000000,0.000000,0.000000,0.000000,5.000000,0.000000,0.000000,0.000000,8.367623,1.000000,1.000000,0.000000,0.000000,1.000000,0.000000,0.185563,0.810101,0.857362,479.556830,0.992689,0.661793,1.000000,0.803353,,0.000000,False,False,False,,,,769,-,0.000000,
5.000000,0.000000,75.000000,0.000000,0.000000,0.000000,5.000000,0.000000,0.000000,0.000000,8.662999,1.000000,1.000000,0.000000,0.000000,1.000000,0.000000,0.181909,0.815650,0.867149,478.750402,0.992719,0.661812,1.000000,0.806428,,0.000000,False,False,False,,,,770,-,0.000000,
5.000000,0.000000,75.000000,0.000000,0.000000,0.000000,5.000000,0.000000,0.000000,0.000000,8.524272,1.000000,1.000000,0.000000,0.000000,1.000000,0.000000,0.189790,0.802451,0.861509,477.954195,0.992495,0.661664,1.000000,0.796206,,0.000000,False,False,False,,,,771,-,0.000000,
5.000000,0.000000,75.000000,0.000000,0.000000,0.000000,5.000000,0.000000,0.000000,0.000000,8.124982,1.000000,1.000000,0.000000,0.000000,1.000000,0.000000,0.221176,0.776136,0.842631,477.187942,0.992213,0.661475,1.000000,0.766253,,0.000000,False,False,False,,,,772,-,0.000000,
0.000000,0.000000,75.000000,5.000000,0.000000,0.000000,5.000000,5.000000,1.000000,0.000000,7.509770,1.000000,1.000000,1.000000,0.000000,0.000000,1.000000,0.080784,0.912087,0.917550,476.393125,0.991917,0.661278,1.000000,0.794817,334.786799,0.000000,False,False,False,1.000000,1.000000,0.000000,773,"10,17,27,49,78",0.000000,
0.000000,0.000000,75.000000,5.000000,0.000000,0.000000,5.000000,3.000000,2.000000,0.000000,7.250089,1.000000,1.000000,1.000000,0.000000,0.000000,1.000000,0.095274,0.901804,0.905312,475.590824,0.966580,0.644387,0.975000,0.802301,335.786797,0.000000,False,False,False,1.000000,1.000000,0.000000,774,"10,17,27,49,78",0.000000,0.000000
0.000000,0.000000,75.000000,5.000000,0.000000,0.000000,5.000000,2.000000,3.000000,0.000000,7.509770,1.000000,1.000000,1.000000,0.000000,0.000000,1.000000,0.125235,0.863302,0.871358,474.822078,0.949632,0.633088,0.962500,0.768746,336.786795,0.000000,False,False,False,1.000000,1.000000,0.000000,775,"10,17,27,49,78",0.000000,0.000000
0.000000,0.000000,75.000000,5.000000,0.000000,0.000000,5.000000,1.000000,1.000000,0.000000,7.509770,1.000000,1.000000,1.000000,0.000000,0.000000,1.000000,0.133080,0.862147,0.864288,474.053580,0.931512,0.621008,0.950000,0.768498,337.782370,0.000000,False,False,False,1.000000,1.000000,0.000000,776,"10,17,27,49,78",0.000000,0.000000
0.000000,0.000000,76.000000,4.000000,0.000000,0.000000,4.000000,3.000000,1.000000,0.000000,7.035474,1.000000,1.000000,1.000000,0.000000,0.000000,1.000000,0.117406,0.879504,0.888864,473.275162,0.954299,0.636199,0.987500,0.778418,338.777971,0.000000,False,False,False,1.000000,1.000000,0.000000,777,"10,17,49,78",0.000000,0.000000
0.000000,0.000000,76.000000,4.000000,0.000000,0.000000,4.000000,3.000000,1.000000,0.000000,7.834250,1.000000,1.000000,1.000000,0.000000,0.000000,1.000000,0.102248,0.897899,0.900281,472.491788,0.956621,0.637747,0.987500,0.783374,339.773623,0.000000,False,False,False,1.000000,1.000000,0.000000,778,"10,17,49,78",0.166667,0.333333
0.000000,0.000000,76.000000,4.000000,0.000000,0.000000,4.000000,3.000000,2.000000,0.000000,7.785206,1.000000,1.000000,1.000000,0.000000,0.000000,1.000000,0.084435,0.912674,0.919831,471.689988,0.957369,0.638246,0.987500,0.801800,340.767686,0.000000,False,False,False,1.000000,1.000000,0.000000,779,"10,17,49,78",0.166667,0.333333
0.000000,0.000000,76.000000,4.000000,0.000000,0.000000,4.000000,2.000000,1.000000,0.000000,6.802897,1.000000,1.000000,1.000000,0.000000,0.000000,1.000000,0.088660,0.907103,0.906856,470.880234,0.945905,0.630604,0.975000,0.809753,341.759825,0.000000,False,False,False,1.000000,1.000000,0.000000,780,"10,17,49,78",0.210526,0.444444
0.000000,0.000000,76.000000,4.000000,0.000000,0.000000,4.000000,3.000000,2.000000,0.000000,7.416730,1.000000,1.000000,1.000000,0.000000,0.000000,1.000000,0.088979,0.910890,0.913841,470.090544,0.949439,0.632959,0.987500,0.789690,342.749700,0.000000,False,False,False,1.000000,1.000000,0.000000,781,"10,17,49,78",0.277778,0.555556
0.000000,0.000000,76.000000,4.000000,0.000000,0.000000,4.000000,2.000000,1.000000,0.000000,6.771613,1.000000,1.000000,1.000000,0.000000,0.000000,1.000000,0.072851,0.924771,0.921712,469.271816,0.940057,0.626705,0.975000,0.818728,343.737725,0.000000,False,False,False,1.000000,1.000000,0.000000,782,"10,17,49,78",0.294118,0.555556
0.000000,0.000000,76.000000,4.000000,0.000000,0.000000,4.000000,3.000000,3.000000,0.000000,7.216651,1.000000,1.000000,1.000000,0.000000,0.000000,1.000000,0.098486,0.902651,0.898665,468.493786,0.943659,0.629106,0.987500,0.778031,344.725340,0.000000,False,False,False,1.000000,1.000000,0.000000,783,"10,17,49,78",0.352941,0.666667
0.000000,0.000000,76.000000,4.000000,0.000000,0.000000,4.000000,2.000000,1.000000,0.000000,6.724378,1.000000,1.000000,1.000000,0.000000,0.000000,1.000000,0.085558,0.912236,0.912024,467.691439,0.934782,0.623188,0.975000,0.802347,345.712683,0.000000,False,False,False,1.000000,1.000000,0.000000,784,"10,17,49,78",0.352941,0.545455
0.000000,0.000000,76.000000,4.000000,0.000000,0.000000,4.000000,3.000000,3.000000,0.000000,7.164439,1.000000,1.000000,1.000000,0.000000,0.000000,1.000000,0.102146,0.895135,0.893020,466.922305,0.937804,0.625203,0.987500,0.769134,346.684385,0.000000,False,False,False,1.000000,1.000000,0.000000,785,"10,17,49,78",0.375000,0.545455
0.000000,0.000000,76.000000,4.000000,0.000000,0.000000,4.000000,2.000000,1.000000,0.000000,6.703933,1.000000,1.000000,1.000000,0.000000,0.000000,1.000000,0.093541,0.904311,0.908185,466.132915,0.930126,0.620084,0.975000,0.789390,347.655328,0.000000,False,False,False,1.000000,1.000000,0.000000,786,"10,17,49,78",0.411765,0.636364
0.000000,0.000000,76.000000,4.000000,0.000000,0.000000,4.000000,3.000000,3.000000,0.000000,7.020221,1.000000,1.000000,1.000000,0.000000,0.000000,1.000000,0.094772,0.904229,0.901545,465.364868,0.931814,0.621209,0.987500,0.768046,348.623704,0.000000,False,False,False,1.000000,1.000000,0.000000,787,"10,17,49,78",0.470588,0.666667
0.000000,0.000000,76.000000,4.000000,0.000000,0.000000,4.000000,2.000000,3.000000,0.000000,6.694796,1.000000,1.000000,1.000000,0.000000,0.000000,1.000000,0.114938,0.883316,0.878745,464.597844,0.927246,0.618164,0.975000,0.767024,349.591520,0.000000,False,False,False,1.000000,1.000000,0.000000,788,"10,17,49,78",0.470588,0.666667
0.000000,0.000000,76.000000,4.000000,0.000000,0.000000,4.000000,1.000000,4.000000,0.000000,7.144889,1.000000,1.000000,1.000000,0.000000,0.000000,1.000000,0.110223,0.884710,0.888002,463.821288,0.908048,0.605365,0.962500,0.776557,349.591520,0.000000,False,False,False,1.000000,1.000000,0.000000,789,"10,17,49,78",0.500000,0.750000
0.000000,0.000000,76.000000,4.000000,0.000000,0.000000,4.000000,1.000000,2.000000,0.000000,6.696169,1.000000,1.000000,1.000000,0.000000,0.000000,1.000000,0.091851,0.901891,0.904639,463.030348,0.905878,0.603919,0.962500,0.790940,350.553891,0.000000,False,False,False,1.000000,1.000000,0.000000,790,"10,17,49,78",0.500000,0.750000
0.000000,0.000000,76.000000,4.000000,0.000000,0.000000,4.000000,2.000000,4.000000,0.000000,7.178817,1.000000,1.000000,1.000000,0.000000,0.000000,1.000000,0.088394,0.908884,0.902928,462.256754,0.905854,0.603903,0.975000,0.773594,351.513110,0.000000,False,False,False,1.000000,1.000000,0.000000,791,"10,17,49,78",0.529412,0.750000
0.000000,0.000000,76.000000,4.000000,0.000000,0.000000,4.000000,0.000000,2.000000,0.000000,7.178817,1.000000,1.000000,1.000000,0.000000,0.000000,1.000000,0.094116,0.902770,0.905522,461.459651,0.888764,0.592509,0.950000,0.797103,351.513110,0.000000,False,False,False,,,,792,"10,17,49,78",0.529412,0.692308
0.000000,0.000000,77.000000,3.000000,0.000000,0.000000,3.000000,2.000000,2.000000,0.000000,7.711633,1.000000,1.000000,1.000000,0.000000,0.000000,1.000000,0.080596,0.917341,0.918586,460.677645,0.907406,0.604937,0.987500,0.782006,352.469506,0.000000,False,False,False,1.000000,1.000000,0.000000,793,"10,17,78",0.578947,0.846154
0.000000,0.000000,77.000000,3.000000,0.000000,0.000000,3.000000,1.000000,0.000000,0.000000,8.427136,1.000000,1.000000,1.000000,0.000000,0.000000,1.000000,0.106139,0.887122,0.899283,459.897471,0.902211,0.601474,0.975000,0.780175,353.423820,0.000000,False,False,False,1.000000,1.000000,0.000000,794,"10,17,78",0.250000,0.333333
0.000000,0.000000,77.000000,3.000000,0.000000,0.000000,3.000000,3.000000,1.000000,0.000000,7.663442,1.000000,1.000000,1.000000,0.000000,0.000000,1.000000,0.080429,0.917965,0.924629,459.129289,0.914011,0.609341,1.000000,0.768182,354.379001,0.000000,False,False,False,1.000000,1.000000,0.000000,795,"10,17,78",0.476190,0.666667
0.000000,0.000000,77.000000,3.000000,0.000000,0.000000,3.000000,2.000000,1.000000,0.000000,7.505273,1.000000,1.000000,1.000000,0.000000,0.000000,1.000000,0.068500,0.928932,0.932929,458.329750,0.912042,0.608028,0.987500,0.799539,355.328832,0.000000,False,False,False,1.000000,1.000000,0.000000,796,"10,17,78",0.476190,0.666667
0.000000,0.000000,77.000000,3.000000,0.000000,0.000000,3.000000,2.000000,2.000000,0.000000,7.586396,1.000000,1.000000,1.000000,0.000000,0.000000,1.000000,0.076372,0.921595,0.917912,457.540395,0.910996,0.607331,0.987500,0.789354,356.269737,0.000000,False,False,False,1.000000,1.000000,0.000000,797,"10,17,78",0.571429,0.800000
0.000000,0.000000,77.000000,3.000000,0.000000,0.000000,3.000000,1.000000,1.000000,0.000000,7.730098,1.000000,1.000000,1.000000,0.000000,0.000000,1.000000,0.103708,0.893995,0.893356,456.765042,0.899932,0.599955,0.975000,0.775354,357.267012,0.000000,False,False,False,1.000000,1.000000,0.000000,798,"10,17,78",0.571429,0.800000
0.000000,0.000000,77.000000,3.000000,0.000000,0.000000,3.000000,2.000000,1.000000,0.000000,6.789088,1.000000,1.000000,1.000000,0.000000,0.000000,1.000000,0.101725,0.892645,0.899046,456.009668,0.901279,0.600853,0.987500,0.755373,358.267012,0.000000,False,False,False,1.000000,1.000000,0.000000,799,"10,17,78",0.571429,0.800000
0.000000,0.000000,77.000000,3.000000,0.000000,0.000000,3.000000,2.000000,1.000000,0.000000,7.738377,1.000000,1.000000,1.000000,0.000000,0.000000,1.000000,0.090931,0.905890,0.905900,455.226434,0.900916,0.600611,0.987500,0.783234,359.267005,0.000000,False,False,False,1.000000,1.000000,0.000000,800,"10,17,78",0.590909,0.866667
0.000000,0.000000,77.000000,3.000000,0.000000,0.000000,3.000000,2.000000,0.000000,0.000000,8.348555,1.000000,1.000000,1.000000,0.000000,0.000000,1.000000,0.090617,0.905365,0.902784,454.437146,0.901004,0.600670,0.987500,0.789288,360.265257,0.000000,False,False,False,1.000000,1.000000,0.000000,801,"10,17,78",0.590909,0.866667
0.000000,0.000000,77.000000,3.000000,0.000000,0.000000,3.000000,3.000000,2.000000,0.000000,6.948473,1.000000,1.000000,1.000000,0.000000,0.000000,1.000000,0.076528,0.921199,0.913539,453.646031,0.912010,0.608007,1.000000,0.791115,361.263058,0.000000,False,False,False,1.000000,1.000000,0.000000,802,"10,17,78",0.636364,0.933333
0.000000,0.000000,77.000000,3.000000,0.000000,0.000000,3.000000,0.000000,1.000000,0.000000,7.831559,1.000000,1.000000,1.000000,0.000000,0.000000,1.000000,0.095889,0.903443,0.900360,452.842434,0.899094,0.599396,0.975000,0.803597,361.263058,0.000000,False,False,False,,,,803,"10,17,78",0.636364,0.933333
0.000000,0.000000,77.000000,3.000000,0.000000,0.000000,3.000000,0.000000,2.000000,0.000000,7.772190,1.000000,1.000000,1.000000,0.000000,0.000000,1.000000,0.072776,0.924725,0.928786,452.033938,0.896908,0.597939,0.987500,0.808496,362.030651,0.000000,False,False,False,,,,804,"10,17,78",0.636364,0.933333
0.000000,0.000000,77.000000,3.000000,0.000000,0.000000,3.000000,0.000000,1.000000,0.000000,7.166011,1.000000,1.000000,1.000000,0.000000,0.000000,1.000000,0.111962,0.886196,0.891278,451.253106,0.888609,0.592406,0.975000,0.780832,362.030651,0.000000,False,False,False,,,,805,"10,17,78",0.636364,0.933333
0.000000,0.000000,77.000000,3.000000,0.000000,0.000000,3.000000,0.000000,2.000000,0.000000,7.095391,1.000000,1.000000,1.000000,0.000000,0.000000,1.000000,0.081589,0.917791,0.919358,450.460291,0.888780,0.592520,0.987500,0.792815,362.798385,0.000000,False,False,False,,,,806,"10,17,78",0.636364,0.933333
0.000000,0.000000,77.000000,3.000000,0.000000,0.000000,3.000000,0.000000,3.000000,0.000000,6.981351,1.000000,1.000000,1.000000,0.000000,0.000000,1.000000,0.071762,0.928978,0.936597,449.648426,0.879684,0.586456,0.975000,0.811866,362.798385,0.000000,False,False,False,,,,807,"10,17,78",0.636364,0.933333
0.000000,0.000000,77.000000,3.000000,0.000000,0.000000,3.000000,0.000000,3.000000,0.000000,7.027074,1.000000,1.000000,1.000000,0.000000,0.000000,1.000000,0.088984,0.909597,0.912115,448.860182,0.873842,0.582561,0.975000,0.788243,362.798385,0.000000,False,False,False,,,,808,"10,17,78",0.636364,0.933333
0.000000,0.000000,78.000000,2.000000,0.000000,0.000000,2.000000,0.000000,1.000000,0.000000,7.550926,1.000000,1.000000,1.000000,0.000000,0.000000,1.000000,0.084370,0.916673,0.916986,448.060206,0.883261,0.588840,0.987500,0.799977,370.368265,0.000000,False,False,False,,,,809,"10,17",0.636364,0.933333
0.000000,0.000000,78.000000,2.000000,0.000000,0.000000,2.000000,0.000000,1.000000,0.000000,7.717766,1.000000,1.000000,1.000000,0.000000,0.000000,1.000000,0.054993,0.943602,0.948243,447.227865,0.885885,0.590590,0.987500,0.832341,370.368265,0.000000,False,False,False,,,,810,"10,17",0.652174,0.937500
0.000000,0.000000,78.000000,2.000000,0.000000,0.000000,2.000000,0.000000,2.000000,0.000000,7.823007,1.000000,1.000000,1.000000,0.000000,0.000000,1.000000,0.052092,0.947078,0.951447,446.393351,0.885608,0.590405,0.987500,0.834514,370.368265,0.000000,False,False,False,,,,811,"10,17",0.652174,0.937500
0.000000,0.000000,78.000000,2.000000,0.000000,0.000000,2.000000,0.000000,1.000000,0.000000,7.925398,1.000000,1.000000,1.000000,0.000000,0.000000,1.000000,0.088408,0.907239,0.914265,445.592564,0.887314,0.591543,0.987500,0.800786,370.368265,0.000000,False,False,False,,,,812,"10,17",0.652174,0.937500
0.000000,0.000000,78.000000,2.000000,0.000000,0.000000,2.000000,0.000000,0.000000,0.000000,8.357595,1.000000,1.000000,1.000000,0.000000,0.000000,1.000000,0.063322,0.938019,0.939916,444.768377,0.886043,0.590696,0.987500,0.824187,370.368265,0.000000,False,False,False,,,,813,"10,17",0.652174,0.937500
0.000000,0.000000,78.000000,2.000000,0.000000,0.000000,2.000000,0.000000,1.000000,0.000000,7.187382,1.000000,1.000000,1.000000,0.000000,0.000000,1.000000,0.047137,0.951007,0.956036,443.939773,0.892130,0.594753,1.000000,0.828604,371.162184,0.000000,False,False,False,,,,814,"10,17",0.608696,0.933333
0.000000,0.000000,78.000000,2.000000,0.000000,0.000000,2.000000,0.000000,1.000000,0.000000,7.187382,1.000000,1.000000,1.000000,0.000000,0.000000,1.000000,0.053005,0.949433,0.951850,443.114077,0.876370,0.584247,0.975000,0.825696,371.162184,0.000000,False,False,False,,,,815,"10,17",0.608696,0.933333
0.000000,0.000000,78.000000,2.000000,0.000000,0.000000,2.000000,0.000000,1.000000,0.000000,7.187382,1.000000,1.000000,1.000000,0.000000,0.000000,1.000000,0.044247,0.955843,0.957391,442.294679,0.860474,0.573649,0.975000,0.819397,371.162184,0.000000,False,False,False,,,,816,"10,17",0.625000,0.882353
0.000000,0.000000,79.000000,1.000000,0.000000,0.000000,1.000000,0.000000,1.000000,0.000000,7.906420,1.000000,1.000000,1.000000,1.000000,0.000000,0.000000,0.052171,0.945251,0.950184,441.482461,0.859281,0.572854,0.987500,0.812218,378.296085,0.000000,False,False,False,,,,817,17,0.625000,0.833333
0.000000,0.000000,79.000000,1.000000,0.000000,0.000000,1.000000,0.000000,0.000000,0.000000,8.294671,1.000000,1.000000,1.000000,1.000000,0.000000,0.000000,0.087892,0.908404,0.912239,440.706310,0.859378,0.572919,0.987500,0.776152,378.296085,0.000000,False,False,False,,,,818,17,0.200000,0.263158
0.000000,0.000000,79.000000,1.000000,0.000000,0.000000,1.000000,0.000000,0.000000,0.000000,8.368297,1.000000,1.000000,1.000000,1.000000,0.000000,0.000000,0.060168,0.935161,0.943645,439.895288,0.864457,0.576304,1.000000,0.811022,377.496431,0.000000,False,False,False,,,,819,17,0.200000,0.263158
0.000000,0.000000,79.000000,1.000000,0.000000,0.000000,1.000000,0.000000,0.000000,0.000000,8.380460,1.000000,1.000000,1.000000,1.000000,0.000000,0.000000,0.054404,0.944498,0.947252,439.075680,0.870471,0.580314,1.000000,0.819608,376.696442,0.000000,False,False,False,,,,820,17,0.200000,0.263158
0.000000,0.000000,79.000000,1.000000,0.000000,0.000000,1.000000,0.000000,0.000000,0.000000,8.433420,1.000000,1.000000,1.000000,1.000000,0.000000,0.000000,0.042838,0.952418,0.957909,438.238081,0.875710,0.583806,1.000000,0.837599,375.896510,0.000000,False,False,False,,,,821,17,0.200000,0.263158
0.000000,0.000000,79.000000,1.000000,0.000000,0.000000,1.000000,0.000000,0.000000,0.000000,8.427085,1.000000,1.000000,1.000000,1.000000,0.000000,0.000000,0.055925,0.943056,0.947164,437.409401,0.879942,0.586628,1.000000,0.828680,375.096895,0.000000,False,False,False,,,,822,17,0.200000,0.263158
0.000000,0.000000,79.000000,1.000000,0.000000,0.000000,1.000000,0.000000,0.000000,0.000000,8.441475,1.000000,1.000000,1.000000,1.000000,0.000000,0.000000,0.059972,0.937597,0.942698,436.577928,0.883603,0.589068,1.000000,0.831473,374.297847,0.000000,False,False,False,,,,823,17,0.200000,0.263158
0.000000,0.000000,79.000000,1.000000,0.000000,0.000000,1.000000,0.000000,0.000000,0.000000,8.484934,1.000000,1.000000,1.000000,1.000000,0.000000,0.000000,0.051052,0.949257,0.950868,435.736968,0.887018,0.591345,1.000000,0.840960,373.499501,0.000000,False,False,False,,,,824,17,0.200000,0.263158
0.000000,0.000000,79.000000,1.000000,0.000000,0.000000,1.000000,0.000000,0.000000,0.000000,8.547848,1.000000,1.000000,1.000000,1.000000,0.000000,0.000000,0.057098,0.940229,0.945732,434.898113,0.890239,0.593493,1.000000,0.838855,372.701957,0.000000,False,False,False,,,,825,17,0.200000,0.263158
0.000000,0.000000,79.000000,1.000000,0.000000,0.000000,1.000000,0.000000,0.000000,0.000000,8.612425,1.000000,1.000000,1.000000,1.000000,0.000000,0.000000,0.046193,0.953637,0.955943,434.048343,0.892101,0.594734,1.000000,0.849770,371.905204,0.000000,False,False,False,,,,826,17,0.200000,0.263158
0.000000,0.000000,79.000000,1.000000,0.000000,0.000000,1.000000,0.000000,0.000000,0.000000,8.584864,1.000000,1.000000,1.000000,1.000000,0.000000,0.000000,0.039664,0.957363,0.961112,433.188517,0.894299,0.596199,1.000000,0.859826,371.109343,0.000000,False,False,False,,,,827,17,0.200000,0.263158
0.000000,0.000000,79.000000,1.000000,0.000000,0.000000,1.000000,0.000000,0.000000,0.000000,8.599715,1.000000,1.000000,1.000000,1.000000,0.000000,0.000000,0.056208,0.941771,0.945595,432.342314,0.896396,0.597598,1.000000,0.846202,370.314349,0.000000,False,False,False,,,,828,17,0.200000,0.263158
0.000000,0.000000,79.000000,1.000000,0.000000,0.000000,1.000000,0.000000,0.000000,0.000000,8.578786,1.000000,1.000000,1.000000,1.000000,0.000000,0.000000,0.047484,0.948358,0.951892,431.487348,0.898301,0.598867,1.000000,0.854966,369.520085,0.000000,False,False,False,,,,829,17,0.200000,0.263158
0.000000,0.000000,79.000000,1.000000,0.000000,0.000000,1.000000,0.000000,0.000000,0.000000,8.661071,1.000000,1.000000,1.000000,1.000000,0.000000,0.000000,0.045497,0.951468,0.955254,430.629395,0.899970,0.599980,1.000000,0.857953,368.726604,0.000000,False,False,False,,,,830,17,0.200000,0.263158
0.000000,0.000000,79.000000,1.000000,0.000000,0.000000,1.000000,0.000000,0.000000,0.000000,8.631591,1.000000,1.000000,1.000000,1.000000,0.000000,0.000000,0.060385,0.936533,0.940018,429.782236,0.901295,0.600863,1.000000,0.847159,367.933884,0.000000,False,False,False,,,,831,17,0.200000,0.277778
0.000000,0.000000,79.000000,1.000000,0.000000,0.000000,1.000000,0.000000,0.000000,0.000000,8.681801,1.000000,1.000000,1.000000,1.000000,0.000000,0.000000,0.051383,0.946114,0.951326,428.925706,0.902345,0.601563,1.000000,0.856530,367.141892,0.000000,False,False,False,,,,832,17,0.200000,0.277778
0.000000,0.000000,79.000000,1.000000,0.000000,0.000000,1.000000,0.000000,0.000000,0.000000,8.673087,1.000000,1.000000,1.000000,1.000000,0.000000,0.000000,0.053114,0.945780,0.951316,428.070266,0.903103,0.602068,1.000000,0.855440,366.350417,0.000000,False,False,False,,,,833,17,0.200000,0.263158
0.000000,0.000000,79.000000,1.000000,0.000000,0.000000,1.000000,0.000000,0.000000,0.000000,8.703644,1.000000,1.000000,1.000000,1.000000,0.000000,0.000000,0.050439,0.947208,0.950060,427.212486,0.903822,0.602548,1.000000,0.857780,365.559625,0.000000,False,False,False,,,,834,17,0.200000,0.263158
0.000000,0.000000,79.000000,1.000000,0.000000,0.000000,1.000000,0.000000,0.000000,0.000000,8.646753,1.000000,1.000000,1.000000,1.000000,0.000000,0.000000,0.060611,0.933102,0.943664,426.361099,0.904554,0.603036,1.000000,0.851387,364.769417,0.000000,False,False,False,,,,835,17,0.200000,0.277778
0.000000,0.000000,79.000000,1.000000,0.000000,0.000000,1.000000,0.000000,0.000000,0.000000,8.832911,1.000000,1.000000,1.000000,1.000000,0.000000,0.000000,0.047033,0.947186,0.955007,425.501454,0.905338,0.603559,1.000000,0.859646,363.979725,0.000000,False,False,False,,,,836,17,0.200000,0.277778
0.000000,0.000000,79.000000,1.000000,0.000000,0.000000,1.000000,0.000000,0.000000,0.000000,8.606547,1.000000,1.000000,1.000000,1.000000,0.000000,0.000000,0.049055,0.945587,0.954062,424.638928,0.905890,0.603927,1.000000,0.862526,363.190507,0.000000,False,False,False,,,,837,17,0.200000,0.277778
0.000000,0.000000,79.000000,1.000000,0.000000,0.000000,1.000000,0.000000,0.000000,0.000000,8.698020,1.000000,1.000000,1.000000,1.000000,0.000000,0.000000,0.046004,0.948927,0.955041,423.777048,0.906236,0.604158,1.000000,0.861879,362.401841,0.000000,False,False,False,,,,838,17,0.200000,0.277778
0.000000,0.000000,79.000000,1.000000,0.000000,0.000000,1.000000,0.000000,0.000000,0.000000,8.672739,1.000000,1.000000,1.000000,1.000000,0.000000,0.000000,0.075747,0.915643,0.932042,422.939907,0.906996,0.604664,1.000000,0.837141,361.613597,0.000000,False,False,False,,,,839,17,0.200000,0.277778
0.000000,0.000000,79.000000,1.000000,0.000000,0.000000,1.000000,0.000000,0.000000,0.000000,8.645216,1.000000,1.000000,1.000000,1.000000,0.000000,0.000000,0.063852,0.928429,0.937615,422.090044,0.907683,0.605122,1.000000,0.849863,360.825818,0.000000,False,False,False,,,,840,17,0.200000,0.277778
0.000000,0.000000,79.000000,1.000000,0.000000,0.000000,1.000000,0.000000,0.000000,0.000000,8.524401,1.000000,1.000000,1.000000,1.000000,0.000000,0.000000,0.050570,0.941749,0.949631,421.228998,0.908139,0.605426,1.000000,0.861046,360.038361,0.000000,False,False,False,,,,841,17,0.200000,0.277778
0.000000,0.000000,79.000000,1.000000,0.000000,0.000000,1.000000,0.000000,0.000000,0.000000,8.441153,1.000000,1.000000,1.000000,1.000000,0.000000,0.000000,0.054211,0.938169,0.948750,420.370770,0.908713,0.605809,1.000000,0.858228,359.251215,0.000000,False,False,False,,,,842,17,0.200000,0.277778
0.000000,0.000000,79.000000,1.000000,0.000000,0.000000,1.000000,0.000000,0.000000,0.000000,8.317759,1.000000,1.000000,1.000000,1.000000,0.000000,0.000000,0.047211,0.945226,0.954008,419.505485,0.909136,0.606091,1.000000,0.865285,358.464391,0.000000,False,False,False,,,,843,17,0.200000,0.277778
0.000000,0.000000,79.000000,1.000000,0.000000,0.000000,1.000000,0.000000,0.000000,0.000000,8.224029,1.000000,1.000000,1.000000,1.000000,0.000000,0.000000,0.047927,0.943530,0.955860,418.645621,0.909705,0.606470,1.000000,0.859865,357.677883,0.000000,False,False,False,,,,844,17,0.200000,0.277778
0.000000,0.000000,79.000000,1.000000,0.000000,0.000000,1.000000,0.000000,0.000000,0.000000,8.114899,1.000000,1.000000,1.000000,1.000000,0.000000,0.000000,0.073597,0.919882,0.929239,417.799904,0.910709,0.607139,1.000000,0.845717,356.891782,0.000000,False,False,False,,,,845,17,0.200000,0.294118
0.000000,0.000000,79.000000,1.000000,0.000000,0.000000,1.000000,0.000000,0.000000,0.000000,8.017245,1.000000,1.000000,1.000000,1.000000,0.000000,0.000000,0.054210,0.941966,0.944755,416.937865,0.910937,0.607291,1.000000,0.862038,356.105925,0.000000,False,False,False,,,,846,17,0.200000,0.294118
0.000000,0.000000,79.000000,1.000000,0.000000,0.000000,1.000000,0.000000,1.000000,0.000000,7.927349,1.000000,1.000000,1.000000,1.000000,0.000000,0.000000,0.064271,0.931066,0.934933,416.082840,0.911577,0.607718,1.000000,0.855025,355.320627,0.000000,False,False,False,,,,847,17,0.200000,0.294118
0.000000,0.000000,79.000000,1.000000,0.000000,0.000000,1.000000,0.000000,0.000000,0.000000,8.796065,1.000000,1.000000,1.000000,1.000000,0.000000,0.000000,0.097523,0.895034,0.895928,415.273921,0.902482,0.601655,0.987500,0.808919,355.320627,0.000000,False,False,False,,,,848,17,0.200000,0.294118
0.000000,0.000000,79.000000,1.000000,0.000000,0.000000,1.000000,0.000000,0.000000,0.000000,8.736405,1.000000,1.000000,1.000000,1.000000,0.000000,0.000000,0.060716,0.931918,0.941398,414.429085,0.904671,0.603114,1.000000,0.844836,354.536197,0.000000,False,False,False,,,,849,17,0.333333,0.562500
0.000000,0.000000,79.000000,1.000000,0.000000,0.000000,1.000000,0.000000,0.000000,0.000000,8.631344,1.000000,1.000000,1.000000,1.000000,0.000000,0.000000,0.051739,0.940892,0.951531,413.569947,0.905180,0.603454,1.000000,0.859139,353.755330,0.000000,False,False,False,,,,850,17,0.333333,0.562500
0.000000,0.000000,79.000000,1.000000,0.000000,0.000000,1.000000,0.000000,0.000000,0.000000,8.443908,1.000000,1.000000,1.000000,1.000000,0.000000,0.000000,0.055632,0.944659,0.947474,412.714985,0.906545,0.604363,1.000000,0.854962,352.968421,0.000000,False,False,False,,,,851,17,0.333333,0.562500
0.000000,0.000000,79.000000,1.000000,0.000000,0.000000,1.000000,0.000000,0.000000,0.000000,8.380004,1.000000,1.000000,1.000000,1.000000,0.000000,0.000000,0.066261,0.932831,0.930189,411.867919,0.907987,0.605325,1.000000,0.847066,352.184561,0.000000,False,False,False,,,,852,17,0.333333,0.562500
0.000000,0.000000,79.000000,1.000000,0.000000,0.000000,1.000000,0.000000,0.000000,0.000000,8.198221,1.000000,1.000000,1.000000,1.000000,0.000000,0.000000,0.078605,0.915497,0.924457,411.032777,0.905877,0.603918,1.000000,0.835142,351.395628,0.000000,False,False,False,,,,853,17,0.346154,0.562500
0.000000,0.000000,79.000000,1.000000,0.000000,0.000000,1.000000,0.000000,0.000000,0.000000,8.147604,1.000000,1.000000,1.000000,1.000000,0.000000,0.000000,0.076330,0.923356,0.922424,410.194265,0.908644,0.605763,1.000000,0.838512,350.609406,0.000000,False,False,False,,,,854,17,0.346154,0.562500
0.000000,0.000000,79.000000,1.000000,0.000000,0.000000,1.000000,0.000000,1.000000,0.000000,7.974224,1.000000,1.000000,1.000000,1.000000,0.000000,0.000000,0.064731,0.930940,0.934902,409.346604,0.907123,0.604749,1.000000,0.847661,349.819114,0.000000,False,False,False,,,,855,17,0.346154,0.562500
0.000000,0.000000,79.000000,1.000000,0.000000,0.000000,1.000000,0.000000,0.000000,0.000000,8.972593,1.000000,1.000000,1.000000,1.000000,0.000000,0.000000,0.077164,0.920284,0.922644,408.519168,0.900714,0.600476,0.987500,0.827436,349.819114,0.000000,False,False,False,,,,856,17,0.346154,0.562500
0.000000,0.000000,79.000000,1.000000,0.000000,0.000000,1.000000,0.000000,0.000000,0.000000,8.873210,1.000000,1.000000,1.000000,1.000000,0.000000,0.000000,0.066867,0.935479,0.937806,407.680735,0.900141,0.600094,1.000000,0.838433,349.028084,0.000000,False,False,False,,,,857,17,0.346154,0.529412
0.000000,0.000000,79.000000,1.000000,0.000000,0.000000,1.000000,0.000000,0.000000,0.000000,8.880320,1.000000,1.000000,1.000000,1.000000,0.000000,0.000000,0.067711,0.927513,0.935134,406.840976,0.900283,0.600189,1.000000,0.839759,348.239590,0.000000,False,False,False,,,,858,17,0.346154,0.562500
0.000000,0.000000,79.000000,1.000000,0.000000,0.000000,1.000000,0.000000,0.000000,0.000000,8.747753,1.000000,1.000000,1.000000,1.000000,0.000000,0.000000,0.053559,0.944341,0.946551,405.986982,0.902241,0.601494,1.000000,0.853994,347.448257,0.000000,False,False,False,,,,859,17,0.346154,0.562500
0.000000,0.000000,79.000000,1.000000,0.000000,0.000000,1.000000,0.000000,0.000000,0.000000,8.704869,1.000000,1.000000,1.000000,1.000000,0.000000,0.000000,0.056046,0.939102,0.949133,405.133412,0.903732,0.602488,1.000000,0.853570,346.658890,0.000000,False,False,False,,,,860,17,0.346154,0.562500
0.000000,0.000000,79.000000,1.000000,0.000000,0.000000,1.000000,0.000000,0.000000,0.000000,8.569389,1.000000,1.000000,1.000000,1.000000,0.000000,0.000000,0.049546,0.950472,0.950731,404.276954,0.902255,0.601504,1.000000,0.856458,345.867056,0.000000,False,False,False,,,,861,17,0.346154,0.562500
0.000000,0.000000,79.000000,1.000000,0.000000,0.000000,1.000000,0.000000,0.000000,0.000000,8.519790,1.000000,1.000000,1.000000,1.000000,0.000000,0.000000,0.060899,0.938314,0.939484,403.428321,0.904731,0.603154,1.000000,0.848633,345.076860,0.000000,False,False,False,,,,862,17,0.346154,0.562500
0.000000,0.000000,79.000000,1.000000,0.000000,0.000000,1.000000,0.000000,0.000000,0.000000,8.384578,1.000000,1.000000,1.000000,1.000000,0.000000,0.000000,0.051776,0.946617,0.952349,402.571626,0.903859,0.602573,1.000000,0.856695,344.284561,0.000000,False,False,False,,,,863,17,0.346154,0.562500
0.000000,0.000000,79.000000,1.000000,0.000000,0.000000,1.000000,0.000000,0.000000,0.000000,8.332144,1.000000,1.000000,1.000000,1.000000,0.000000,0.000000,0.044768,0.950873,0.958065,401.705758,0.905821,0.603881,1.000000,0.865868,343.493796,0.000000,False,False,False,,,,864,17,0.346154,0.562500
0.000000,0.000000,79.000000,1.000000,0.000000,0.000000,1.000000,0.000000,0.000000,0.000000,8.195977,1.000000,1.000000,1.000000,1.000000,0.000000,0.000000,0.051477,0.947231,0.952269,400.848867,0.904567,0.603044,1.000000,0.856892,342.700911,0.000000,False,False,False,,,,865,17,0.346154,0.562500
0.000000,0.000000,79.000000,1.000000,0.000000,0.000000,1.000000,0.000000,0.000000,0.000000,8.157067,1.000000,1.000000,1.000000,1.000000,0.000000,0.000000,0.053858,0.940531,0.950342,399.990886,0.906514,0.604343,1.000000,0.857980,341.909770,0.000000,False,False,False,,,,866,17,0.346154,0.562500
0.000000,0.000000,79.000000,1.000000,0.000000,0.000000,1.000000,0.000000,0.000000,0.000000,8.017749,1.000000,1.000000,1.000000,1.000000,0.000000,0.000000,0.053353,0.946397,0.951417,399.136206,0.904973,0.603315,1.000000,0.854681,341.116314,0.000000,False,False,False,,,,867,17,0.346154,0.562500
0.000000,0.000000,79.000000,1.000000,0.000000,0.000000,1.000000,0.000000,1.000000,0.000000,7.983056,1.000000,1.000000,1.000000,1.000000,0.000000,0.000000,0.047060,0.948670,0.955014,398.271700,0.907182,0.604788,1.000000,0.864506,340.324870,0.000000,False,False,False,,,,868,17,0.346154,0.562500
0.000000,0.000000,79.000000,1.000000,0.000000,0.000000,1.000000,0.000000,0.000000,0.000000,8.983042,1.000000,1.000000,1.000000,1.000000,0.000000,0.000000,0.079823,0.918491,0.914677,397.448056,0.898467,0.598978,0.987500,0.823644,340.324870,0.000000,False,False,False,,,,869,17,0.346154,0.562500
0.000000,0.000000,79.000000,1.000000,0.000000,0.000000,1.000000,0.000000,0.000000,0.000000,9.053134,1.000000,1.000000,1.000000,1.000000,0.000000,0.000000,0.071457,0.924871,0.927627,396.615966,0.897355,0.598237,1.000000,0.832090,339.532883,0.000000,False,False,False,,,,870,17,0.346154,0.529412
0.000000,0.000000,79.000000,1.000000,0.000000,0.000000,1.000000,0.000000,0.000000,0.000000,9.002951,1.000000,1.000000,1.000000,1.000000,0.000000,0.000000,0.057150,0.943765,0.942522,395.768412,0.899100,0.599400,1.000000,0.847554,338.738934,0.000000,False,False,False,,,,871,17,0.346154,0.529412
0.000000,0.000000,79.000000,1.000000,0.000000,0.000000,1.000000,0.000000,0.000000,0.000000,9.045942,1.000000,1.000000,1.000000,1.000000,0.000000,0.000000,0.039775,0.958780,0.960575,394.904849,0.900449,0.600300,1.000000,0.863563,337.946513,0.000000,False,False,False,,,,872,17,0.346154,0.529412
0.000000,0.000000,79.000000,1.000000,0.000000,0.000000,1.000000,0.000000,0.000000,0.000000,8.956260,1.000000,1.000000,1.000000,1.000000,0.000000,0.000000,0.066371,0.931747,0.935328,394.065493,0.898819,0.599213,1.000000,0.839356,337.152218,0.000000,False,False,False,,,,873,17,0.346154,0.529412
0.000000,0.000000,79.000000,1.000000,0.000000,0.000000,1.000000,0.000000,0.000000,0.000000,8.990402,1.000000,1.000000,1.000000,1.000000,0.000000,0.000000,0.061285,0.930561,0.939569,393.223198,0.901683,0.601122,1.000000,0.842295,336.359598,0.000000,False,False,False,,,,874,17,0.346154,0.529412
0.000000,0.000000,79.000000,1.000000,0.000000,0.000000,1.000000,0.000000,0.000000,0.000000,8.892652,1.000000,1.000000,1.000000,1.000000,0.000000,0.000000,0.055818,0.939922,0.948682,392.374635,0.900323,0.600215,1.000000,0.848563,335.565182,0.000000,False,False,False,,,,875,17,0.346154,0.529412
0.000000,0.000000,79.000000,1.000000,0.000000,0.000000,1.000000,0.000000,0.000000,0.000000,8.941056,1.000000,1.000000,1.000000,1.000000,0.000000,0.000000,0.069404,0.922394,0.934727,391.537123,0.902686,0.601791,1.000000,0.837512,334.772839,0.000000,False,False,False,,,,876,17,0.346154,0.529412
0.000000,0.000000,79.000000,1.000000,0.000000,0.000000,1.000000,0.000000,0.000000,0.000000,8.828820,1.000000,1.000000,1.000000,1.000000,0.000000,0.000000,0.080498,0.916475,0.923299,390.708538,0.901492,0.600995,1.000000,0.828585,333.978496,0.000000,False,False,False,,,,877,17,0.346154,0.529412
0.000000,0.000000,79.000000,1.000000,0.000000,0.000000,1.000000,0.000000,0.000000,0.000000,8.869697,1.000000,1.000000,1.000000,1.000000,0.000000,0.000000,0.076356,0.917964,0.925951,389.874793,0.903615,0.602410,1.000000,0.833745,333.186245,0.000000,False,False,False,,,,878,17,0.346154,0.529412
0.000000,0.000000,79.000000,1.000000,0.000000,0.000000,1.000000,0.000000,0.000000,0.000000,8.748852,1.000000,1.000000,1.000000,1.000000,0.000000,0.000000,0.043816,0.954616,0.957071,389.012693,0.902275,0.601517,1.000000,0.862100,332.392020,0.000000,False,False,False,,,,879,17,0.346154,0.529412
0.000000,0.000000,79.000000,1.000000,0.000000,0.000000,1.000000,0.000000,0.000000,0.000000,8.778358,1.000000,1.000000,1.000000,1.000000,0.000000,0.000000,0.056217,0.937687,0.941669,388.161197,0.904072,0.602714,1.000000,0.851496,331.599821,0.000000,False,False,False,,,,880,17,0.346154,0.529412
0.000000,0.000000,79.000000,1.000000,0.000000,0.000000,1.000000,0.000000,0.000000,0.000000,8.656617,1.000000,1.000000,1.000000,1.000000,0.000000,0.000000,0.050229,0.944645,0.953862,387.303954,0.902396,0.601598,1.000000,0.857243,330.805679,0.000000,False,False,False,,,,881,17,0.346154,0.529412
0.000000,0.000000,79.000000,1.000000,0.000000,0.000000,1.000000,0.000000,0.000000,0.000000,8.688865,1.000000,1.000000,1.000000,1.000000,0.000000,0.000000,0.073067,0.920336,0.928293,386.468870,0.904137,0.602758,1.000000,0.835084,330.013578,0.000000,False,False,False,,,,882,17,0.346154,0.529412
0.000000,0.000000,79.000000,1.000000,0.000000,0.000000,1.000000,0.000000,0.000000,0.000000,8.645115,1.000000,1.000000,1.000000,1.000000,0.000000,0.000000,0.048817,0.947555,0.951169,385.607629,0.904686,0.603124,1.000000,0.861240,329.219461,0.000000,False,False,False,,,,883,17,0.384615,0.555556
0.000000,0.000000,79.000000,1.000000,0.000000,0.000000,1.000000,0.000000,0.000000,0.000000,8.577135,1.000000,1.000000,1.000000,1.000000,0.000000,0.000000,0.039939,0.951917,0.960858,384.744052,0.904543,0.603029,1.000000,0.863577,328.427365,0.000000,False,False,False,,,,884,17,0.384615,0.555556
0.000000,0.000000,79.000000,1.000000,0.000000,0.000000,1.000000,0.000000,0.000000,0.000000,8.543021,1.000000,1.000000,1.000000,1.000000,0.000000,0.000000,0.050384,0.947212,0.952514,383.883997,0.904928,0.603285,1.000000,0.860055,327.633096,0.000000,False,False,False,,,,885,17,0.384615,0.555556
0.000000,0.000000,79.000000,1.000000,0.000000,0.000000,1.000000,0.000000,0.000000,0.000000,8.479489,1.000000,1.000000,1.000000,1.000000,0.000000,0.000000,0.049356,0.948395,0.950676,383.025339,0.903846,0.602564,1.000000,0.858658,326.840835,0.000000,False,False,False,,,,886,17,0.384615,0.555556
0.000000,0.000000,79.000000,1.000000,0.000000,0.000000,1.000000,0.000000,0.000000,0.000000,8.435342,1.000000,1.000000,1.000000,1.000000,0.000000,0.000000,0.059818,0.938058,0.940631,382.174380,0.905006,0.603337,1.000000,0.850959,326.046706,0.000000,False,False,False,,,,887,17,0.384615,0.555556
0.000000,0.000000,79.000000,1.000000,0.000000,0.000000,1.000000,0.000000,0.000000,0.000000,8.378425,1.000000,1.000000,1.000000,1.000000,0.000000,0.000000,0.063656,0.930584,0.938358,381.327384,0.905033,0.603355,1.000000,0.846996,325.254487,0.000000,False,False,False,,,,888,17,0.416667,0.555556
0.000000,0.000000,79.000000,1.000000,0.000000,0.000000,1.000000,0.000000,0.000000,0.000000,8.345940,1.000000,1.000000,1.000000,1.000000,0.000000,0.000000,0.051398,0.944180,0.947203,380.471772,0.903224,0.602150,1.000000,0.855612,324.460151,0.000000,False,False,False,,,,889,17,0.416667,0.555556
0.000000,0.000000,79.000000,1.000000,0.000000,0.000000,1.000000,0.000000,0.000000,0.000000,8.290195,1.000000,1.000000,1.000000,1.000000,0.000000,0.000000,0.058466,0.938429,0.942905,379.619887,0.904994,0.603330,1.000000,0.851884,323.667825,0.000000,False,False,False,,,,890,17,0.416667,0.555556
0.000000,0.000000,79.000000,1.000000,0.000000,0.000000,1.000000,0.000000,0.000000,0.000000,8.263579,1.000000,1.000000,1.000000,1.000000,0.000000,0.000000,0.059450,0.937847,0.940955,378.772298,0.903108,0.602072,1.000000,0.847589,322.873672,0.000000,False,False,False,,,,891,17,0.476190,0.555556
0.000000,0.000000,79.000000,1.000000,0.000000,0.000000,1.000000,0.000000,0.000000,0.000000,8.212442,1.000000,1.000000,1.000000,1.000000,0.000000,0.000000,0.075359,0.917958,0.923306,377.936117,0.905065,0.603377,1.000000,0.836182,322.081554,0.000000,False,False,False,,,,892,17,0.476190,0.555556
0.000000,0.000000,79.000000,1.000000,0.000000,0.000000,1.000000,0.000000,0.000000,0.000000,8.190645,1.000000,1.000000,1.000000,1.000000,0.000000,0.000000,0.073022,0.927642,0.929014,377.100328,0.903473,0.602315,1.000000,0.835789,321.287362,0.000000,False,False,False,,,,893,17,0.555556,0.555556
0.000000,0.000000,79.000000,1.000000,0.000000,0.000000,1.000000,0.000000,0.000000,0.000000,8.156814,1.000000,1.000000,1.000000,1.000000,0.000000,0.000000,0.071112,0.923275,0.932146,376.259025,0.905839,0.603893,1.000000,0.841303,320.495235,0.000000,False,False,False,,,,894,17,0.555556,0.555556
0.000000,0.000000,79.000000,1.000000,0.000000,0.000000,1.000000,0.000000,0.000000,0.000000,8.143534,1.000000,1.000000,1.000000,1.000000,0.000000,0.000000,0.069473,0.926811,0.928717,375.417875,0.905393,0.603595,1.000000,0.841150,319.701296,0.000000,False,False,False,,,,895,17,0.555556,0.555556
0.000000,0.000000,79.000000,1.000000,0.000000,0.000000,1.000000,0.000000,0.000000,0.000000,8.113856,1.000000,1.000000,1.000000,1.000000,0.000000,0.000000,0.098418,0.897292,0.900445,374.599784,0.908010,0.605340,1.000000,0.818091,318.909405,0.000000,False,False,False,,,,896,17,0.555556,0.555556
0.000000,0.000000,79.000000,1.000000,0.000000,0.000000,1.000000,0.000000,0.000000,0.000000,8.117311,1.000000,1.000000,1.000000,1.000000,0.000000,0.000000,0.072894,0.926672,0.927399,373.759864,0.907032,0.604688,1.000000,0.839920,318.115523,0.000000,False,False,False,,,,897,17,0.555556,0.555556
0.000000,0.000000,79.000000,1.000000,0.000000,0.000000,1.000000,0.000000,0.000000,0.000000,8.100497,1.000000,1.000000,1.000000,1.000000,0.000000,0.000000,0.070376,0.924145,0.931257,372.913159,0.910403,0.606935,1.000000,0.846705,317.323859,0.000000,False,False,False,,,,898,17,0.555556,0.555556
0.000000,0.000000,79.000000,1.000000,0.000000,0.000000,1.000000,0.000000,0.000000,0.000000,8.081241,1.000000,1.000000,1.000000,1.000000,0.000000,0.000000,0.071981,0.928071,0.929043,372.066270,0.912760,0.608507,1.000000,0.846889,316.530296,0.000000,False,False,False,,,,899,17,0.611111,0.611111
0.000000,0.000000,79.000000,1.000000,0.000000,0.000000,1.000000,0.000000,0.000000,0.000000,8.065414,1.000000,1.000000,1.000000,1.000000,0.000000,0.000000,0.063684,0.932660,0.936678,371.208794,0.914751,0.609834,1.000000,0.857476,315.738838,0.000000,False,False,False,,,,900,17,0.611111,0.611111
0.000000,0.000000,79.000000,1.000000,0.000000,0.000000,1.000000,0.000000,0.000000,0.000000,8.050940,1.000000,1.000000,1.000000,1.000000,0.000000,0.000000,0.069651,0.928693,0.932714,370.354752,0.917830,0.611887,1.000000,0.854041,314.945382,0.000000,False,False,False,,,,901,17,0.611111,0.647059
0.000000,0.000000,79.000000,1.000000,0.000000,0.000000,1.000000,0.000000,0.000000,0.000000,8.026071,1.000000,1.000000,1.000000,1.000000,0.000000,0.000000,0.073986,0.921208,0.923321,369.500418,0.921104,0.614069,1.000000,0.854335,314.153699,0.000000,False,False,False,,,,902,17,0.647059,0.647059
0.000000,0.000000,79.000000,1.000000,0.000000,0.000000,1.000000,0.000000,0.000000,0.000000,8.008001,1.000000,1.000000,1.000000,1.000000,0.000000,0.000000,0.068782,0.926032,0.930264,368.639143,0.923860,0.615906,1.000000,0.861275,313.360470,0.000000,False,False,False,,,,903,17,0.647059,0.647059
0.000000,0.000000,79.000000,1.000000,0.000000,0.000000,1.000000,0.000000,0.000000,0.000000,8.003990,1.000000,1.000000,1.000000,1.000000,0.000000,0.000000,0.082213,0.915166,0.916218,367.786577,0.928430,0.618953,1.000000,0.852566,312.568376,0.000000,False,False,False,,,,904,17,0.647059,0.647059
0.000000,0.000000,79.000000,1.000000,0.000000,0.000000,1.000000,0.000000,1.000000,0.000000,7.961667,1.000000,1.000000,1.000000,1.000000,0.000000,0.000000,0.063297,0.934056,0.937708,366.913333,0.931081,0.620721,1.000000,0.873244,311.775001,0.000000,False,False,False,,,,905,17,0.647059,0.647059
0.000000,0.000000,79.000000,1.000000,0.000000,0.000000,1.000000,0.000000,0.000000,0.000000,8.935924,1.000000,1.000000,1.000000,1.000000,0.000000,0.000000,0.094808,0.898928,0.904265,366.078057,0.924147,0.616098,0.987500,0.835276,311.775001,0.000000,False,False,False,,,,906,17,0.687500,0.647059
0.000000,0.000000,79.000000,1.000000,0.000000,0.000000,1.000000,0.000000,0.000000,0.000000,9.000265,1.000000,1.000000,1.000000,1.000000,0.000000,0.000000,0.091855,0.904433,0.906725,365.236661,0.924787,0.616525,1.000000,0.841396,310.981199,0.000000,False,False,False,,,,907,17,0.812500,0.764706
0.000000,0.000000,79.000000,1.000000,0.000000,0.000000,1.000000,0.000000,0.000000,0.000000,8.996272,1.000000,1.000000,1.000000,1.000000,0.000000,0.000000,0.099110,0.895449,0.897175,364.400822,0.926923,0.617949,1.000000,0.835839,310.188141,0.000000,False,False,False,,,,908,17,0.812500,0.764706
0.000000,0.000000,79.000000,1.000000,0.000000,0.000000,1.000000,0.000000,0.000000,0.000000,8.996342,1.000000,1.000000,1.000000,1.000000,0.000000,0.000000,0.079590,0.912407,0.925260,363.543324,0.929362,0.619574,1.000000,0.857498,309.394033,0.000000,False,False,False,,,,909,17,0.812500,0.764706
0.000000,0.000000,79.000000,1.000000,0.000000,0.000000,1.000000,0.000000,0.000000,0.000000,8.972031,1.000000,1.000000,1.000000,1.000000,0.000000,0.000000,0.075519,0.918230,0.920753,362.686743,0.927425,0.618283,1.000000,0.856581,308.600652,0.000000,False,False,False,,,,910,17,0.812500,0.764706
0.000000,0.000000,79.000000,1.000000,0.000000,0.000000,1.000000,0.000000,0.000000,0.000000,8.929564,1.000000,1.000000,1.000000,1.000000,0.000000,0.000000,0.085655,0.907719,0.918285,361.835800,0.930471,0.620314,1.000000,0.850943,307.806445,0.000000,False,False,False,,,,911,17,0.812500,0.764706
0.000000,0.000000,79.000000,1.000000,0.000000,0.000000,1.000000,0.000000,0.000000,0.000000,8.866717,1.000000,1.000000,1.000000,1.000000,0.000000,0.000000,0.083581,0.909306,0.912928,360.981325,0.932785,0.621857,1.000000,0.854475,307.012807,0.000000,False,False,False,,,,912,17,0.812500,0.764706
0.000000,0.000000,79.000000,1.000000,0.000000,0.000000,1.000000,0.000000,0.000000,0.000000,8.857106,1.000000,1.000000,1.000000,1.000000,0.000000,0.000000,0.087739,0.904981,0.914924,360.126364,0.934151,0.622767,1.000000,0.854960,306.218405,0.000000,False,False,False,,,,913,17,0.812500,0.764706
0.000000,0.000000,79.000000,1.000000,0.000000,0.000000,1.000000,0.000000,0.000000,0.000000,8.821153,1.000000,1.000000,1.000000,1.000000,0.000000,0.000000,0.077979,0.916002,0.918737,359.262464,0.935465,0.623643,1.000000,0.863900,305.424484,0.000000,False,False,False,,,,914,17,0.812500,0.764706
0.000000,0.000000,79.000000,1.000000,0.000000,0.000000,1.000000,0.000000,0.000000,0.000000,8.845816,1.000000,1.000000,1.000000,1.000000,0.000000,0.000000,0.084877,0.910613,0.915853,358.405723,0.936026,0.624017,1.000000,0.856741,304.629885,0.000000,False,False,False,,,,915,17,0.812500,0.764706
0.000000,0.000000,79.000000,1.000000,0.000000,0.000000,1.000000,0.000000,0.000000,0.000000,8.819713,1.000000,1.000000,1.000000,1.000000,0.000000,0.000000,0.094787,0.902879,0.899454,357.559702,0.932783,0.621856,1.000000,0.846021,303.835820,0.000000,False,False,False,,,,916,17,0.812500,0.764706
0.000000,0.000000,79.000000,1.000000,0.000000,0.000000,1.000000,0.000000,0.000000,0.000000,8.847449,1.000000,1.000000,1.000000,1.000000,0.000000,0.000000,0.076723,0.919468,0.921067,356.693074,0.934978,0.623318,1.000000,0.866628,303.040909,0.000000,False,False,False,,,,917,17,0.812500,0.764706
0.000000,0.000000,79.000000,1.000000,0.000000,0.000000,1.000000,0.000000,0.000000,0.000000,8.814984,1.000000,1.000000,1.000000,1.000000,0.000000,0.000000,0.061618,0.937454,0.935704,355.812925,0.936421,0.624281,1.000000,0.880148,302.246639,0.000000,False,False,False,,,,918,17,0.812500,0.764706
0.000000,0.000000,79.000000,1.000000,0.000000,0.000000,1.000000,0.000000,0.000000,0.000000,8.820554,1.000000,1.000000,1.000000,1.000000,0.000000,0.000000,0.074787,0.922691,0.925714,354.944083,0.936765,0.624510,1.000000,0.868842,301.451827,0.000000,False,False,False,,,,919,17,0.812500,0.764706
0.000000,0.000000,79.000000,1.000000,0.000000,0.000000,1.000000,0.000000,0.000000,0.000000,8.809148,1.000000,1.000000,1.000000,1.000000,0.000000,0.000000,0.066759,0.926794,0.933428,354.067441,0.936875,0.624584,1.000000,0.876642,300.657651,0.000000,False,False,False,,,,920,17,0.812500,0.764706
0.000000,0.000000,79.000000,1.000000,0.000000,0.000000,1.000000,0.000000,0.000000,0.000000,8.853788,1.000000,1.000000,1.000000,1.000000,0.000000,0.000000,0.084729,0.908960,0.912107,353.207771,0.936303,0.624202,1.000000,0.859671,299.862881,0.000000,False,False,False,,,,921,17,0.812500,0.764706
0.000000,0.000000,79.000000,1.000000,0.000000,0.000000,1.000000,0.000000,0.000000,0.000000,8.872354,1.000000,1.000000,1.000000,1.000000,0.000000,0.000000,0.075130,0.917110,0.925436,352.339702,0.935918,0.623946,1.000000,0.868068,299.068848,0.000000,False,False,False,,,,922,17,0.812500,0.764706
0.000000,0.000000,79.000000,1.000000,0.000000,0.000000,1.000000,0.000000,0.000000,0.000000,8.909130,1.000000,1.000000,1.000000,1.000000,0.000000,0.000000,0.068596,0.930447,0.930862,351.473757,0.931407,0.620938,1.000000,0.865946,298.274304,0.000000,False,False,False,,,,923,17,0.812500,0.764706
0.000000,0.000000,79.000000,1.000000,0.000000,0.000000,1.000000,0.000000,0.000000,0.000000,8.914762,1.000000,1.000000,1.000000,1.000000,0.000000,0.000000,0.071225,0.921143,0.929407,350.603764,0.933176,0.622117,1.000000,0.869992,297.480406,0.000000,False,False,False,,,,924,17,0.812500,0.764706
0.000000,0.000000,79.000000,1.000000,0.000000,0.000000,1.000000,0.000000,0.000000,0.000000,8.979040,1.000000,1.000000,1.000000,1.000000,0.000000,0.000000,0.072054,0.922672,0.926880,349.735505,0.933912,0.622608,1.000000,0.868259,296.685960,0.000000,False,False,False,,,,925,17,0.812500,0.764706
0.000000,0.000000,79.000000,1.000000,0.000000,0.000000,1.000000,0.000000,0.000000,0.000000,8.990986,1.000000,1.000000,1.000000,1.000000,0.000000,0.000000,0.084280,0.914599,0.914719,348.879452,0.934150,0.622767,1.000000,0.856053,295.892248,0.000000,False,False,False,,,,926,17,0.812500,0.764706
0.000000,0.000000,79.000000,1.000000,0.000000,0.000000,1.000000,0.000000,0.000000,0.000000,9.036225,1.000000,1.000000,1.000000,1.000000,0.000000,0.000000,0.089082,0.903379,0.911299,348.024619,0.934145,0.622763,1.000000,0.854833,295.098058,0.000000,False,False,False,,,,927,17,0.812500,0.764706
0.000000,0.000000,79.000000,1.000000,0.000000,0.000000,1.000000,0.000000,0.000000,0.000000,9.037249,1.000000,1.000000,1.000000,1.000000,0.000000,0.000000,0.089111,0.908115,0.911983,347.176278,0.934030,0.622687,1.000000,0.848342,294.304559,0.000000,False,False,False,,,,928,17,0.812500,0.764706
0.000000,0.000000,79.000000,1.000000,0.000000,0.000000,1.000000,0.000000,0.000000,0.000000,9.055157,1.000000,1.000000,1.000000,1.000000,0.000000,0.000000,0.085124,0.903587,0.920864,346.316602,0.933860,0.622574,1.000000,0.859676,293.510551,0.000000,False,False,False,,,,929,17,0.812500,0.764706
0.000000,0.000000,79.000000,1.000000,0.000000,0.000000,1.000000,0.000000,0.000000,0.000000,9.045848,1.000000,1.000000,1.000000,1.000000,0.000000,0.000000,0.076069,0.918685,0.922746,345.462602,0.929898,0.619932,1.000000,0.854000,292.717250,0.000000,False,False,False,,,,930,17,0.812500,0.764706
0.000000,0.000000,79.000000,1.000000,0.000000,0.000000,1.000000,0.000000,0.000000,0.000000,9.095493,1.000000,1.000000,1.000000,1.000000,0.000000,0.000000,0.071604,0.917659,0.931323,344.594830,0.931591,0.621061,1.000000,0.867772,291.923288,0.000000,False,False,False,,,,931,17,0.812500,0.764706
0.000000,0.000000,79.000000,1.000000,0.000000,0.000000,1.000000,0.000000,0.000000,0.000000,9.095866,1.000000,1.000000,1.000000,1.000000,0.000000,0.000000,0.061872,0.931785,0.936567,343.720155,0.931769,0.621180,1.000000,0.874675,291.130094,0.000000,False,False,False,,,,932,17,0.812500,0.764706
0.000000,0.000000,79.000000,1.000000,0.000000,0.000000,1.000000,0.000000,0.000000,0.000000,9.099250,1.000000,1.000000,1.000000,1.000000,0.000000,0.000000,0.067429,0.921727,0.934648,342.851351,0.931515,0.621010,1.000000,0.868804,290.336533,0.000000,False,False,False,,,,933,17,0.812500,0.722222
0.000000,0.000000,79.000000,1.000000,0.000000,0.000000,1.000000,0.000000,0.000000,0.000000,9.108690,1.000000,1.000000,1.000000,1.000000,0.000000,0.000000,0.060642,0.932875,0.938434,341.974855,0.931096,0.620731,1.000000,0.876497,289.542362,0.000000,False,False,False,,,,934,17,0.812500,0.722222
0.000000,0.000000,79.000000,1.000000,0.000000,0.000000,1.000000,0.000000,0.000000,0.000000,9.118529,1.000000,1.000000,1.000000,1.000000,0.000000,0.000000,0.059706,0.931947,0.941870,341.098154,0.930278,0.620185,1.000000,0.876701,288.748478,0.000000,False,False,False,,,,935,17,0.866667,0.764706
0.000000,0.000000,79.000000,1.000000,0.000000,0.000000,1.000000,0.000000,0.000000,0.000000,9.142187,1.000000,1.000000,1.000000,1.000000,0.000000,0.000000,0.073698,0.920036,0.926820,340.242097,0.925662,0.617108,1.000000,0.856057,287.954063,0.000000,False,False,False,,,,936,17,0.866667,0.764706
0.000000,0.000000,79.000000,1.000000,0.000000,0.000000,1.000000,0.000000,0.000000,0.000000,9.136095,1.000000,1.000000,1.000000,1.000000,0.000000,0.000000,0.067540,0.924542,0.933229,339.376959,0.926745,0.617830,1.000000,0.865137,287.160077,0.000000,False,False,False,,,,937,17,0.866667,0.764706
0.000000,0.000000,79.000000,1.000000,0.000000,0.000000,1.000000,0.000000,0.000000,0.000000,9.166549,2.000000,0.950000,0.950000,1.000000,1.000000,0.000000,0.062841,0.928119,0.938003,338.506585,0.927229,0.618153,1.000000,0.870374,286.365586,0.000000,False,False,False,,,,938,17,0.866667,0.722222
0.000000,0.000000,79.000000,1.000000,0.000000,0.000000,1.000000,0.000000,0.000000,0.000000,9.167216,2.000000,0.950000,0.950000,1.000000,1.000000,0.000000,0.067014,0.925934,0.932580,337.643485,0.926831,0.617887,1.000000,0.863100,285.571460,0.000000,False,False,False,,,,939,17,0.866667,0.722222
0.000000,0.000000,79.000000,1.000000,0.000000,0.000000,1.000000,0.000000,0.000000,0.000000,9.188332,2.000000,0.950000,0.950000,1.000000,1.000000,0.000000,0.067886,0.925948,0.932611,336.777467,0.926489,0.617659,1.000000,0.866017,284.776898,0.000000,False,False,False,,,,940,17,0.866667,0.722222
0.000000,0.000000,79.000000,1.000000,0.000000,0.000000,1.000000,0.000000,0.000000,0.000000,9.191918,2.000000,0.950000,0.950000,1.000000,1.000000,0.000000,0.059546,0.936493,0.939411,335.906322,0.926493,0.617662,1.000000,0.871146,283.982657,0.000000,False,False,False,,,,941,17,0.866667,0.764706
0.000000,0.000000,79.000000,1.000000,0.000000,0.000000,1.000000,0.000000,0.000000,0.000000,9.205920,2.000000,0.950000,0.950000,1.000000,1.000000,0.000000,0.065441,0.928359,0.933387,335.038388,0.926370,0.617580,1.000000,0.867934,283.187994,0.000000,False,False,False,,,,942,17,0.866667,0.764706
0.000000,0.000000,79.000000,1.000000,0.000000,0.000000,1.000000,0.000000,0.000000,0.000000,9.204944,2.000000,0.950000,0.950000,1.000000,1.000000,0.000000,0.075169,0.919399,0.924671,334.186629,0.922731,0.615154,1.000000,0.851759,282.393630,0.000000,False,False,False,,,,943,17,0.866667,0.722222
0.000000,0.000000,79.000000,1.000000,0.000000,0.000000,1.000000,0.000000,0.000000,0.000000,9.244066,2.000000,0.950000,0.950000,1.000000,1.000000,0.000000,0.070658,0.922350,0.930487,333.325135,0.925229,0.616820,1.000000,0.861495,281.598752,0.000000,False,False,False,,,,944,17,0.866667,0.722222
0.000000,0.000000,79.000000,1.000000,0.000000,0.000000,1.000000,0.000000,0.000000,0.000000,9.235028,2.000000,0.950000,0.950000,1.000000,1.000000,0.000000,0.073765,0.922986,0.926542,332.466996,0.926908,0.617939,1.000000,0.858139,280.804170,0.000000,False,False,False,,,,945,17,0.866667,0.722222
0.000000,0.000000,79.000000,1.000000,0.000000,0.000000,1.000000,0.000000,0.000000,0.000000,9.275699,2.000000,0.950000,0.950000,1.000000,1.000000,0.000000,0.075668,0.917994,0.925638,331.607866,0.927458,0.618305,1.000000,0.859130,280.009161,0.000000,False,False,False,,,,946,17,0.866667,0.764706
0.000000,0.000000,79.000000,1.000000,0.000000,0.000000,1.000000,0.000000,0.000000,0.000000,9.252617,2.000000,0.950000,0.950000,1.000000,1.000000,0.000000,0.074494,0.925380,0.925735,330.750199,0.927622,0.618415,1.000000,0.857666,279.214413,0.000000,False,False,False,,,,947,17,0.866667,0.722222
0.000000,0.000000,79.000000,1.000000,0.000000,0.000000,1.000000,0.000000,0.000000,0.000000,9.264321,2.000000,0.950000,0.950000,1.000000,1.000000,0.000000,0.091742,0.901012,0.905817,329.904749,0.927828,0.618552,1.000000,0.845451,278.419285,0.000000,False,False,False,,,,948,17,0.866667,0.722222
0.000000,0.000000,79.000000,1.000000,0.000000,0.000000,1.000000,0.000000,0.000000,0.000000,9.243598,2.000000,0.950000,0.950000,1.000000,1.000000,0.000000,0.060855,0.938601,0.938828,329.033998,0.927971,0.618648,1.000000,0.870750,277.624083,0.000000,False,False,False,,,,949,17,0.866667,0.722222
0.000000,0.000000,79.000000,1.000000,0.000000,0.000000,1.000000,0.000000,0.000000,0.000000,9.262565,2.000000,0.950000,0.950000,1.000000,1.000000,0.000000,0.073396,0.918432,0.927735,328.171030,0.928030,0.618686,1.000000,0.862968,276.828359,0.000000,False,False,False,,,,950,17,0.866667,0.722222
0.000000,0.000000,79.000000,1.000000,0.000000,0.000000,1.000000,0.000000,0.000000,0.000000,9.271233,2.000000,0.950000,0.950000,1.000000,1.000000,0.000000,0.071012,0.924501,0.928830,327.311864,0.927949,0.618633,1.000000,0.859166,276.032753,0.000000,False,False,False,,,,951,17,0.866667,0.722222
0.000000,0.000000,79.000000,1.000000,0.000000,0.000000,1.000000,0.000000,0.000000,0.000000,9.316711,2.000000,0.950000,0.950000,1.000000,1.000000,0.000000,0.071455,0.918048,0.929652,326.448811,0.927944,0.618629,1.000000,0.863054,275.236646,0.000000,False,False,False,,,,952,17,0.866667,0.722222
0.000000,0.000000,79.000000,1.000000,0.000000,0.000000,1.000000,0.000000,0.000000,0.000000,9.301155,2.000000,0.950000,0.950000,1.000000,1.000000,0.000000,0.077317,0.918343,0.921474,325.592428,0.927944,0.618629,1.000000,0.856383,274.440774,0.000000,False,False,False,,,,953,17,0.866667,0.722222
0.000000,0.000000,79.000000,1.000000,0.000000,0.000000,1.000000,0.000000,0.000000,0.000000,9.327897,2.000000,0.950000,0.950000,1.000000,1.000000,0.000000,0.077186,0.917474,0.927012,324.736106,0.927146,0.618098,1.000000,0.856322,273.644532,0.000000,False,False,False,,,,954,17,0.866667,0.722222
0.000000,0.000000,79.000000,1.000000,0.000000,0.000000,1.000000,0.000000,0.000000,0.000000,9.315350,2.000000,0.950000,0.950000,1.000000,1.000000,0.000000,0.068368,0.927050,0.933039,323.872688,0.926431,0.617621,1.000000,0.863418,272.848485,0.000000,False,False,False,,,,955,17,0.866667,0.722222
0.000000,0.000000,79.000000,1.000000,0.000000,0.000000,1.000000,0.000000,0.000000,0.000000,9.357918,2.000000,0.950000,0.950000,1.000000,1.000000,0.000000,0.063384,0.932009,0.937747,323.005131,0.925781,0.617187,1.000000,0.867557,272.052107,0.000000,False,False,False,,,,956,17,0.866667,0.722222
0.000000,0.000000,79.000000,1.000000,0.000000,0.000000,1.000000,0.000000,0.000000,0.000000,9.346661,2.000000,0.950000,0.950000,1.000000,1.000000,0.000000,0.065359,0.933133,0.935667,322.141102,0.925249,0.616832,1.000000,0.864029,271.255940,0.000000,False,False,False,,,,957,17,0.866667,0.722222
0.000000,0.000000,79.000000,1.000000,0.000000,0.000000,1.000000,0.000000,0.000000,0.000000,9.379938,2.000000,0.950000,0.950000,1.000000,1.000000,0.000000,0.071947,0.919419,0.930083,321.281224,0.924626,0.616417,1.000000,0.859878,270.459388,0.000000,False,False,False,,,,958,17,0.866667,0.722222
0.000000,0.000000,79.000000,1.000000,0.000000,0.000000,1.000000,0.000000,0.000000,0.000000,9.380752,2.000000,0.950000,0.950000,1.000000,1.000000,0.000000,0.043628,0.953161,0.955451,320.398053,0.924077,0.616051,1.000000,0.883171,269.663083,0.000000,False,False,False,,,,959,17,0.866667,0.722222
0.000000,0.000000,79.000000,1.000000,0.000000,0.000000,1.000000,0.000000,0.000000,0.000000,9.408609,2.000000,0.950000,0.950000,1.000000,1.000000,0.000000,0.053860,0.941481,0.944973,319.525276,0.923425,0.615616,1.000000,0.872777,268.866465,0.000000,False,False,False,,,,960,17,0.866667,0.722222
0.000000,0.000000,79.000000,1.000000,0.000000,0.000000,1.000000,0.000000,0.000000,0.000000,9.396747,2.000000,0.950000,0.950000,1.000000,1.000000,0.000000,0.064225,0.932853,0.935720,318.668211,0.918362,0.612241,1.000000,0.857065,268.070020,0.000000,False,False,False,,,,961,17,0.866667,0.722222
0.000000,0.000000,79.000000,1.000000,0.000000,0.000000,1.000000,0.000000,0.000000,0.000000,9.432724,2.000000,0.950000,0.950000,1.000000,1.000000,0.000000,0.073106,0.923336,0.927782,317.815952,0.919932,0.613288,1.000000,0.852259,267.273256,0.000000,False,False,False,,,,962,17,0.866667,0.722222
0.000000,0.000000,79.000000,1.000000,0.000000,0.000000,1.000000,0.000000,0.000000,0.000000,9.425549,2.000000,0.950000,0.950000,1.000000,1.000000,0.000000,0.061067,0.929954,0.938979,316.952760,0.920344,0.613563,1.000000,0.863192,266.476654,0.000000,False,False,False,,,,963,17,0.866667,0.722222
0.000000,0.000000,79.000000,1.000000,0.000000,0.000000,1.000000,0.000000,0.000000,0.000000,9.466429,2.000000,0.950000,0.950000,1.000000,1.000000,0.000000,0.058957,0.939884,0.939359,316.087213,0.920215,0.613476,1.000000,0.865546,265.679747,0.000000,False,False,False,,,,964,17,0.866667,0.722222
0.000000,0.000000,79.000000,1.000000,0.000000,0.000000,1.000000,0.000000,0.000000,0.000000,9.464538,2.000000,0.950000,0.950000,1.000000,1.000000,0.000000,0.059324,0.934880,0.940201,315.221698,0.919810,0.613206,1.000000,0.865515,264.883036,0.000000,False,False,False,,,,965,17,0.866667,0.722222
0.000000,0.000000,79.000000,1.000000,0.000000,0.000000,1.000000,0.000000,0.000000,0.000000,9.478765,2.000000,0.950000,0.950000,1.000000,1.000000,0.000000,0.073012,0.926882,0.929137,314.369552,0.919275,0.612850,1.000000,0.852147,264.086029,0.000000,False,False,False,,,,966,17,0.866667,0.722222
0.000000,0.000000,79.000000,1.000000,0.000000,0.000000,1.000000,0.000000,0.000000,0.000000,9.471796,2.000000,0.950000,0.950000,1.000000,1.000000,0.000000,0.071492,0.918767,0.932935,313.513734,0.918683,0.612455,1.000000,0.855818,263.289182,0.000000,False,False,False,,,,967,17,0.866667,0.722222
0.000000,0.000000,79.000000,1.000000,0.000000,0.000000,1.000000,0.000000,0.000000,0.000000,9.512213,2.000000,0.950000,0.950000,1.000000,1.000000,0.000000,0.052466,0.947919,0.947876,312.644801,0.918064,0.612043,1.000000,0.868933,262.492058,0.000000,False,False,False,,,,968,17,0.866667,0.722222
0.000000,0.000000,79.000000,1.000000,0.000000,0.000000,1.000000,0.000000,0.000000,0.000000,9.500718,2.000000,0.950000,0.950000,1.000000,1.000000,0.000000,0.061683,0.929408,0.939878,311.781612,0.917432,0.611621,1.000000,0.863189,261.695050,0.000000,False,False,False,,,,969,17,0.866667,0.722222
0.000000,0.000000,79.000000,1.000000,0.000000,0.000000,1.000000,0.000000,0.000000,0.000000,9.533768,2.000000,0.950000,0.950000,1.000000,1.000000,0.000000,0.078604,0.922735,0.926262,310.942691,0.912990,0.608660,1.000000,0.838921,260.897755,0.000000,False,False,False,,,,970,17,0.866667,0.722222
0.000000,0.000000,79.000000,1.000000,0.000000,0.000000,1.000000,0.000000,0.000000,0.000000,9.534454,2.000000,0.950000,0.950000,1.000000,1.000000,0.000000,0.065978,0.927492,0.934858,310.086984,0.914263,0.609509,1.000000,0.855707,260.100623,0.000000,False,False,False,,,,971,17,0.866667,0.722222
0.000000,0.000000,79.000000,1.000000,0.000000,0.000000,1.000000,0.000000,0.000000,0.000000,9.576068,2.000000,0.950000,0.950000,1.000000,1.000000,0.000000,0.059613,0.943142,0.944342,309.228233,0.914587,0.609725,1.000000,0.858751,259.303144,0.000000,False,False,False,,,,972,17,0.866667,0.722222
0.000000,0.000000,79.000000,1.000000,0.000000,0.000000,1.000000,0.000000,0.000000,0.000000,9.570226,2.000000,0.950000,0.950000,1.000000,1.000000,0.000000,0.067982,0.923480,0.937755,308.373045,0.914439,0.609626,1.000000,0.855189,258.505915,0.000000,False,False,False,,,,973,17,0.866667,0.722222
0.000000,0.000000,79.000000,1.000000,0.000000,0.000000,1.000000,0.000000,0.000000,0.000000,9.598043,2.000000,0.950000,0.950000,1.000000,1.000000,0.000000,0.092018,0.903993,0.912648,307.546975,0.914053,0.609369,1.000000,0.826069,257.708422,0.000000,False,False,False,,,,974,17,0.866667,0.722222
0.000000,0.000000,79.000000,1.000000,0.000000,0.000000,1.000000,0.000000,0.000000,0.000000,9.593936,2.000000,0.950000,0.950000,1.000000,1.000000,0.000000,0.070559,0.921724,0.931559,306.696827,0.913550,0.609033,1.000000,0.850148,256.911142,0.000000,False,False,False,,,,975,17,0.866667,0.722222
0.000000,0.000000,79.000000,1.000000,0.000000,0.000000,1.000000,0.000000,0.000000,0.000000,9.615860,2.000000,0.950000,0.950000,1.000000,1.000000,0.000000,0.086631,0.904578,0.917214,305.860532,0.912997,0.608665,1.000000,0.836295,256.113598,0.000000,False,False,False,,,,976,17,0.866667,0.722222
0.000000,0.000000,79.000000,1.000000,0.000000,0.000000,1.000000,0.000000,0.000000,0.000000,9.614742,2.000000,0.950000,0.950000,1.000000,1.000000,0.000000,0.084593,0.906874,0.917417,305.023875,0.912419,0.608279,1.000000,0.836657,255.316225,0.000000,False,False,False,,,,977,17,0.866667,0.722222
0.000000,0.000000,79.000000,1.000000,0.000000,0.000000,1.000000,0.000000,0.000000,0.000000,9.652430,2.000000,0.950000,0.950000,1.000000,1.000000,0.000000,0.064122,0.930493,0.936784,304.170653,0.911827,0.607884,1.000000,0.853222,254.518578,0.000000,False,False,False,,,,978,17,0.866667,0.722222
0.000000,0.000000,79.000000,1.000000,0.000000,0.000000,1.000000,0.000000,0.000000,0.000000,9.648253,2.000000,0.950000,0.950000,1.000000,1.000000,0.000000,0.057379,0.932787,0.945107,303.311804,0.911228,0.607485,1.000000,0.858848,253.721159,0.000000,False,False,False,,,,979,17,0.866667,0.722222
0.000000,0.000000,79.000000,1.000000,0.000000,0.000000,1.000000,0.000000,0.000000,0.000000,9.687198,2.000000,0.950000,0.950000,1.000000,1.000000,0.000000,0.061993,0.933779,0.935728,302.456968,0.910639,0.607093,1.000000,0.854836,252.923451,0.000000,False,False,False,,,,980,17,0.866667,0.722222
0.000000,0.000000,79.000000,1.000000,0.000000,0.000000,1.000000,0.000000,0.000000,0.000000,9.675505,2.000000,0.950000,0.950000,1.000000,1.000000,0.000000,0.052149,0.942253,0.946062,301.593225,0.910050,0.606700,1.000000,0.863743,252.125978,0.000000,False,False,False,,,,981,17,0.866667,0.722222
0.000000,0.000000,79.000000,1.000000,0.000000,0.000000,1.000000,0.000000,0.000000,0.000000,9.691616,2.000000,0.950000,0.950000,1.000000,1.000000,0.000000,0.081255,0.912803,0.920692,300.755413,0.909519,0.606346,1.000000,0.837812,251.328255,0.000000,False,False,False,,,,982,17,0.800000,0.705882
0.000000,0.000000,79.000000,1.000000,0.000000,0.000000,1.000000,0.000000,0.000000,0.000000,9.702728,2.000000,0.950000,0.950000,1.000000,1.000000,0.000000,0.069637,0.923578,0.932756,299.907942,0.908973,0.605982,1.000000,0.847471,250.530733,0.000000,False,False,False,,,,983,17,0.800000,0.705882
0.000000,0.000000,79.000000,1.000000,0.000000,0.000000,1.000000,0.000000,0.000000,0.000000,9.714970,2.000000,0.950000,0.950000,1.000000,1.000000,0.000000,0.058392,0.933913,0.939568,299.052715,0.908421,0.605614,1.000000,0.855227,249.732930,0.000000,False,False,False,,,,984,17,0.800000,0.705882
0.000000,0.000000,79.000000,1.000000,0.000000,0.000000,1.000000,0.000000,0.000000,0.000000,9.718417,2.000000,0.950000,0.950000,1.000000,1.000000,0.000000,0.071811,0.923699,0.927141,298.210234,0.907874,0.605249,1.000000,0.842481,248.935281,0.000000,False,False,False,,,,985,17,0.800000,0.705882
0.000000,0.000000,79.000000,1.000000,0.000000,0.000000,1.000000,0.000000,0.000000,0.000000,9.760437,2.000000,0.950000,0.950000,1.000000,1.000000,0.000000,0.076950,0.913667,0.925835,297.370411,0.907327,0.604885,1.000000,0.839822,248.137296,0.000000,False,False,False,,,,986,17,0.800000,0.705882
0.000000,0.000000,79.000000,1.000000,0.000000,0.000000,1.000000,0.000000,0.000000,0.000000,9.742620,2.000000,0.950000,0.950000,1.000000,1.000000,0.000000,0.054736,0.943849,0.944229,296.513349,0.906788,0.604525,1.000000,0.857062,247.339556,0.000000,False,False,False,,,,987,17,0.800000,0.705882
0.000000,0.000000,79.000000,1.000000,0.000000,0.000000,1.000000,0.000000,0.000000,0.000000,9.766689,2.000000,0.950000,0.950000,1.000000,1.000000,0.000000,0.075927,0.913133,0.924821,295.674501,0.906251,0.604167,1.000000,0.838848,246.541507,0.000000,False,False,False,,,,988,17,0.800000,0.705882
0.000000,0.000000,79.000000,1.000000,0.000000,0.000000,1.000000,0.000000,0.000000,0.000000,9.749803,2.000000,0.950000,0.950000,1.000000,1.000000,0.000000,0.062893,0.938454,0.940124,294.826396,0.905724,0.603816,1.000000,0.848105,245.743659,0.000000,False,False,False,,,,989,17,0.800000,0.705882
0.000000,0.000000,79.000000,1.000000,0.000000,0.000000,1.000000,0.000000,0.000000,0.000000,9.773231,2.000000,0.950000,0.950000,1.000000,1.000000,0.000000,0.063037,0.928858,0.938567,293.975510,0.905188,0.603459,1.000000,0.850886,244.945507,0.000000,False,False,False,,,,990,17,0.800000,0.705882
0.000000,0.000000,79.000000,1.000000,0.000000,0.000000,1.000000,0.000000,0.000000,0.000000,9.790273,2.000000,0.950000,0.950000,1.000000,1.000000,0.000000,0.083839,0.918515,0.916904,293.152451,0.900314,0.600209,1.000000,0.823059,244.147519,0.000000,False,False,False,,,,991,17,0.800000,0.705882
0.000000,0.000000,79.000000,1.000000,0.000000,0.000000,1.000000,0.000000,0.000000,0.000000,9.810366,2.000000,0.950000,0.950000,1.000000,1.000000,0.000000,0.090557,0.901032,0.915924,292.329472,0.901976,0.601317,1.000000,0.822978,243.349216,0.000000,False,False,False,,,,992,17,0.800000,0.705882
0.000000,0.000000,79.000000,1.000000,0.000000,0.000000,1.000000,0.000000,0.000000,0.000000,9.801273,2.000000,0.950000,0.950000,1.000000,1.000000,0.000000,0.076279,0.920161,0.926428,291.497721,0.902539,0.601693,1.000000,0.831751,242.551175,0.000000,False,False,False,,,,993,17,0.800000,0.705882
0.000000,0.000000,79.000000,1.000000,0.000000,0.000000,1.000000,0.000000,0.000000,0.000000,9.854274,2.000000,0.950000,0.950000,1.000000,1.000000,0.000000,0.069354,0.920817,0.936163,290.654701,0.902576,0.601718,1.000000,0.843020,241.752772,0.000000,False,False,False,,,,994,17,0.800000,0.705882
0.000000,0.000000,79.000000,1.000000,0.000000,0.000000,1.000000,0.000000,0.000000,0.000000,9.822457,2.000000,0.950000,0.950000,1.000000,1.000000,0.000000,0.074776,0.924427,0.925788,289.819428,0.902334,0.601556,1.000000,0.835273,240.954639,0.000000,False,False,False,,,,995,17,0.800000,0.705882
0.000000,0.000000,79.000000,1.000000,0.000000,0.000000,1.000000,0.000000,0.000000,0.000000,9.870805,2.000000,0.950000,0.950000,1.000000,1.000000,0.000000,0.068682,0.918923,0.932019,288.977905,0.901961,0.601307,1.000000,0.841523,240.156204,0.000000,False,False,False,,,,996,17,0.800000,0.705882
0.000000,0.000000,79.000000,1.000000,0.000000,0.000000,1.000000,0.000000,0.000000,0.000000,9.857068,2.000000,0.950000,0.950000,1.000000,1.000000,0.000000,0.090770,0.909699,0.909947,288.158099,0.901528,0.601019,1.000000,0.819806,239.358054,0.000000,False,False,False,,,,997,17,0.933333,0.823529
0.000000,0.000000,79.000000,1.000000,0.000000,0.000000,1.000000,0.000000,0.000000,0.000000,9.871943,2.000000,0.950000,0.950000,1.000000,1.000000,0.000000,0.096447,0.892707,0.906806,287.340556,0.901061,0.600708,1.000000,0.817543,238.559626,0.000000,False,False,False,,,,998,17,0.933333,0.823529
0.000000,0.000000,79.000000,1.000000,0.000000,0.000000,1.000000,0.000000,0.000000,0.000000,9.867780,2.000000,0.950000,0.950000,1.000000,1.000000,0.000000,0.081876,0.915611,0.915074,286.513469,0.900583,0.600389,1.000000,0.827087,237.761329,0.000000,False,False,False,,,,999,17,0.933333,0.823529
0.000000,0.000000,79.000000,1.000000,0.000000,0.000000,1.000000,0.000000,0.000000,0.000000,9.895203,2.000000,0.950000,0.950000,1.000000,1.000000,0.000000,0.066750,0.933345,0.933112,285.674010,0.900103,0.600069,1.000000,0.839459,236.962909,0.000000,False,False,False,,,,1000,17,0.933333,0.823529
0.000000,0.000000,79.000000,1.000000,0.000000,0.000000,1.000000,0.000000,0.000000,0.000000,9.930424,2.000000,0.950000,0.950000,1.000000,1.000000,0.000000,0.062806,0.937341,0.933904,284.835554,0.895771,0.597181,1.000000,0.838456,236.164501,0.000000,False,False,False,,,,1001,17,0.933333,0.823529
0.000000,0.000000,79.000000,1.000000,0.000000,0.000000,1.000000,0.000000,0.000000,0.000000,9.903285,2.000000,0.950000,0.950000,1.000000,1.000000,0.000000,0.071536,0.921294,0.926403,284.001364,0.897222,0.598148,1.000000,0.834190,235.365839,0.000000,False,False,False,,,,1002,17,0.933333,0.823529
0.000000,0.000000,79.000000,1.000000,0.000000,0.000000,1.000000,0.000000,0.000000,0.000000,9.936858,2.000000,0.950000,0.950000,1.000000,1.000000,0.000000,0.068556,0.925411,0.930633,283.164022,0.897709,0.598473,1.000000,0.837342,234.567290,0.000000,False,False,False,,,,1003,17,0.933333,0.823529
0.000000,0.000000,79.000000,1.000000,0.000000,0.000000,1.000000,0.000000,0.000000,0.000000,9.984637,2.000000,0.950000,0.950000,1.000000,1.000000,0.000000,0.065591,0.930393,0.932053,282.323741,0.897718,0.598479,1.000000,0.840281,233.768652,0.000000,False,False,False,,,,1004,17,0.933333,0.823529
0.000000,0.000000,79.000000,1.000000,0.000000,0.000000,1.000000,0.000000,0.000000,0.000000,9.943285,2.000000,0.950000,0.950000,1.000000,1.000000,0.000000,0.071783,0.922093,0.924971,281.488633,0.897487,0.598324,1.000000,0.835108,232.970423,0.000000,False,False,False,,,,1005,17,0.933333,0.823529
0.000000,0.000000,79.000000,1.000000,0.000000,0.000000,1.000000,0.000000,0.000000,0.000000,9.983754,2.000000,0.950000,0.950000,1.000000,1.000000,0.000000,0.074932,0.922207,0.929298,280.657170,0.897146,0.598097,1.000000,0.831463,232.171523,0.000000,False,False,False,,,,1006,17,0.933333,0.823529
0.000000,0.000000,79.000000,1.000000,0.000000,0.000000,1.000000,0.000000,0.000000,0.000000,9.974929,2.000000,0.950000,0.950000,1.000000,1.000000,0.000000,0.082222,0.913198,0.918546,279.832572,0.896744,0.597829,1.000000,0.824598,231.372915,0.000000,False,False,False,,,,1007,17,0.933333,0.823529
0.000000,0.000000,79.000000,1.000000,0.000000,0.000000,1.000000,0.000000,0.000000,0.000000,10.030514,2.000000,0.950000,0.950000,1.000000,1.000000,0.000000,0.086782,0.906099,0.914739,279.013242,0.896319,0.597546,1.000000,0.819329,230.573641,0.000000,False,False,False,,,,1008,17,0.933333,0.823529
0.000000,0.000000,79.000000,1.000000,0.000000,0.000000,1.000000,0.000000,0.000000,0.000000,10.021214,2.000000,0.950000,0.950000,1.000000,1.000000,0.000000,0.068820,0.924051,0.930298,278.176455,0.895881,0.597254,1.000000,0.836788,229.774836,0.000000,False,False,False,,,,1009,17,0.933333,0.823529
0.000000,0.000000,79.000000,1.000000,0.000000,0.000000,1.000000,0.000000,0.000000,0.000000,10.019103,2.000000,0.950000,0.950000,1.000000,1.000000,0.000000,0.071910,0.919226,0.929789,277.342497,0.895438,0.596958,1.000000,0.833958,228.976046,0.000000,False,False,False,,,,1010,17,0.933333,0.823529
0.000000,0.000000,79.000000,1.000000,0.000000,0.000000,1.000000,0.000000,0.000000,0.000000,9.998596,2.000000,0.950000,0.950000,1.000000,1.000000,0.000000,0.066802,0.926975,0.932821,276.505802,0.894997,0.596665,1.000000,0.836695,228.177228,0.000000,False,False,False,,,,1011,17,0.933333,0.823529
0.000000,0.000000,79.000000,1.000000,0.000000,0.000000,1.000000,0.000000,0.000000,0.000000,9.969305,2.000000,0.950000,0.950000,1.000000,1.000000,0.000000,0.070625,0.922425,0.927531,275.678426,0.890707,0.593805,1.000000,0.827376,227.378213,0.000000,False,False,False,,,,1012,17,0.933333,0.823529
0.000000,0.000000,79.000000,1.000000,0.000000,0.000000,1.000000,0.000000,0.000000,0.000000,9.955593,2.000000,0.950000,0.950000,1.000000,1.000000,0.000000,0.066313,0.933988,0.936406,274.844576,0.892195,0.594797,1.000000,0.833849,226.579303,0.000000,False,False,False,,,,1013,17,0.933333,0.823529
0.000000,0.000000,79.000000,1.000000,0.000000,0.000000,1.000000,0.000000,0.000000,0.000000,9.942248,2.000000,0.950000,0.950000,1.000000,1.000000,0.000000,0.069823,0.926694,0.933040,274.012123,0.892719,0.595146,1.000000,0.832453,225.780318,0.000000,False,False,False,,,,1014,17,0.933333,0.823529
0.000000,0.000000,79.000000,1.000000,0.000000,0.000000,1.000000,0.000000,0.000000,0.000000,9.929030,2.000000,0.950000,0.950000,1.000000,1.000000,0.000000,0.047623,0.947457,0.954660,273.159737,0.892766,0.595177,1.000000,0.852387,224.981701,0.000000,False,False,False,,,,1015,17,0.933333,0.823529
0.000000,0.000000,79.000000,1.000000,0.000000,0.000000,1.000000,0.000000,0.000000,0.000000,9.911613,2.000000,0.950000,0.950000,1.000000,1.000000,0.000000,0.063412,0.930535,0.934870,272.322374,0.892575,0.595050,1.000000,0.837363,224.182564,0.000000,False,False,False,,,,1016,17,0.933333,0.823529
0.000000,0.000000,79.000000,1.000000,0.000000,0.000000,1.000000,0.000000,0.000000,0.000000,9.888838,2.000000,0.950000,0.950000,1.000000,1.000000,0.000000,0.083039,0.907090,0.915967,271.502357,0.892270,0.594847,1.000000,0.820017,223.383891,0.000000,False,False,False,,,,1017,17,0.933333,0.823529
0.000000,0.000000,79.000000,1.000000,0.000000,0.000000,1.000000,0.000000,0.000000,0.000000,9.874217,2.000000,0.950000,0.950000,1.000000,1.000000,0.000000,0.072539,0.921483,0.925752,270.673895,0.891907,0.594605,1.000000,0.828462,222.584719,0.000000,False,False,False,,,,1018,17,0.933333,0.823529
0.000000,0.000000,79.000000,1.000000,0.000000,0.000000,1.000000,0.000000,0.000000,0.000000,9.849464,2.000000,0.950000,0.950000,1.000000,1.000000,0.000000,0.081494,0.911206,0.916529,269.853084,0.891515,0.594343,1.000000,0.820811,221.785674,0.000000,False,False,False,,,,1019,17,0.933333,0.823529
0.000000,0.000000,79.000000,1.000000,0.000000,0.000000,1.000000,0.000000,0.000000,0.000000,9.823685,2.000000,0.950000,0.950000,1.000000,1.000000,0.000000,0.059442,0.933760,0.941003,269.013543,0.891111,0.594074,1.000000,0.839541,220.986586,0.000000,False,False,False,,,,1020,17,0.933333,0.823529
0.000000,0.000000,79.000000,1.000000,0.000000,0.000000,1.000000,0.000000,0.000000,0.000000,9.801014,2.000000,0.950000,0.950000,1.000000,1.000000,0.000000,0.071210,0.920310,0.928693,268.184898,0.890701,0.593801,1.000000,0.828645,220.187616,0.000000,False,False,False,,,,1021,17,0.933333,0.823529
0.000000,0.000000,79.000000,1.000000,0.000000,0.000000,1.000000,0.000000,0.000000,0.000000,9.779460,2.000000,0.950000,0.950000,1.000000,1.000000,0.000000,0.093666,0.900632,0.908064,267.378392,0.890292,0.593528,1.000000,0.806505,219.388227,0.000000,False,False,False,,,,1022,17,0.933333,0.823529
0.000000,0.000000,79.000000,1.000000,0.000000,0.000000,1.000000,0.000000,0.000000,0.000000,9.760689,2.000000,0.950000,0.950000,1.000000,1.000000,0.000000,0.064694,0.932727,0.932889,266.544599,0.889829,0.593219,1.000000,0.833793,218.589207,0.000000,False,False,False,,,,1023,17,0.933333,0.823529
0.000000,0.000000,79.000000,1.000000,0.000000,0.000000,1.000000,0.000000,0.000000,0.000000,9.734346,2.000000,0.950000,0.950000,1.000000,1.000000,0.000000,0.060952,0.937606,0.937603,265.708375,0.889445,0.592963,1.000000,0.836225,217.789713,0.000000,False,False,False,,,,1024,17,0.933333,0.823529
0.000000,0.000000,79.000000,1.000000,0.000000,0.000000,1.000000,0.000000,0.000000,0.000000,9.715666,2.000000,0.950000,0.950000,1.000000,1.000000,0.000000,0.064590,0.928712,0.935509,264.874652,0.889056,0.592704,1.000000,0.833723,216.990335,0.000000,False,False,False,,,,1025,17,0.933333,0.823529
0.000000,0.000000,79.000000,1.000000,0.000000,0.000000,1.000000,0.000000,0.000000,0.000000,9.698864,2.000000,0.950000,0.950000,1.000000,1.000000,0.000000,0.081590,0.917382,0.921441,264.057467,0.888663,0.592442,1.000000,0.817185,216.190937,0.000000,False,False,False,,,,1026,17,0.933333,0.823529
0.000000,0.000000,79.000000,1.000000,0.000000,0.000000,1.000000,0.000000,0.000000,0.000000,9.675086,2.000000,0.950000,0.950000,1.000000,1.000000,0.000000,0.073136,0.914742,0.930274,263.231280,0.888266,0.592178,1.000000,0.826187,215.391649,0.000000,False,False,False,,,,1027,17,0.933333,0.823529
0.000000,0.000000,79.000000,1.000000,0.000000,0.000000,1.000000,0.000000,0.000000,0.000000,9.654677,2.000000,0.950000,0.950000,1.000000,1.000000,0.000000,0.078446,0.917047,0.920596,262.412751,0.887870,0.591914,1.000000,0.818529,214.592062,0.000000,False,False,False,,,,1028,17,0.933333,0.823529
0.000000,0.000000,79.000000,1.000000,0.000000,0.000000,1.000000,0.000000,0.000000,0.000000,9.634399,2.000000,0.950000,0.950000,1.000000,1.000000,0.000000,0.076918,0.913647,0.920500,261.590581,0.887476,0.591651,1.000000,0.822169,213.792705,0.000000,False,False,False,,,,1029,17,0.933333,0.823529
0.000000,0.000000,79.000000,1.000000,0.000000,0.000000,1.000000,0.000000,0.000000,0.000000,9.600527,2.000000,0.950000,0.950000,1.000000,1.000000,0.000000,0.072316,0.925776,0.926314,260.766255,0.887088,0.591392,1.000000,0.824326,212.993298,0.000000,False,False,False,,,,1030,17,0.933333,0.823529
0.000000,0.000000,79.000000,1.000000,0.000000,0.000000,1.000000,0.000000,0.000000,0.000000,9.581169,2.000000,0.950000,0.950000,1.000000,1.000000,0.000000,0.053334,0.940666,0.944200,259.925871,0.886699,0.591133,1.000000,0.840384,212.194121,0.000000,False,False,False,,,,1031,17,0.933333,0.823529
0.000000,0.000000,79.000000,1.000000,0.000000,0.000000,1.000000,0.000000,0.000000,0.000000,9.555439,2.000000,0.950000,0.950000,1.000000,1.000000,0.000000,0.062529,0.937702,0.937482,259.094594,0.886293,0.590862,1.000000,0.831277,211.394609,0.000000,False,False,False,,,,1032,17,0.933333,0.823529
0.000000,0.000000,79.000000,1.000000,0.000000,0.000000,1.000000,0.000000,0.000000,0.000000,9.533193,2.000000,0.950000,0.950000,1.000000,1.000000,0.000000,0.078760,0.911787,0.921127,258.274788,0.885902,0.590601,1.000000,0.819805,210.595304,0.000000,False,False,False,,,,1033,17,0.933333,0.823529
0.000000,0.000000,79.000000,1.000000,0.000000,0.000000,1.000000,0.000000,0.000000,0.000000,9.504340,2.000000,0.950000,0.950000,1.000000,1.000000,0.000000,0.099214,0.890859,0.908059,257.474987,0.885525,0.590350,1.000000,0.799801,209.795619,0.000000,False,False,False,,,,1034,17,0.933333,0.823529
0.000000,0.000000,79.000000,1.000000,0.000000,0.000000,1.000000,0.000000,0.000000,0.000000,9.475341,2.000000,0.950000,0.950000,1.000000,1.000000,0.000000,0.070334,0.917311,0.929070,256.655839,0.881212,0.587475,1.000000,0.819149,208.996116,0.000000,False,False,False,,,,1035,17,0.933333,0.823529
0.000000,0.000000,79.000000,1.000000,0.000000,0.000000,1.000000,0.000000,0.000000,0.000000,9.445641,2.000000,0.950000,0.950000,1.000000,1.000000,0.000000,0.083978,0.916422,0.916729,255.846960,0.882823,0.588549,1.000000,0.808879,208.196580,0.000000,False,False,False,,,,1036,17,0.933333,0.823529
0.000000,0.000000,79.000000,1.000000,0.000000,0.000000,1.000000,0.000000,0.000000,0.000000,9.426731,2.000000,0.950000,0.950000,1.000000,1.000000,0.000000,0.072369,0.921806,0.926044,255.025517,0.883234,0.588822,1.000000,0.821443,207.397125,0.000000,False,False,False,,,,1037,17,0.933333,0.823529
0.000000,0.000000,79.000000,1.000000,0.000000,0.000000,1.000000,0.000000,0.000000,0.000000,9.398987,2.000000,0.950000,0.950000,1.000000,1.000000,0.000000,0.081971,0.915500,0.920759,254.213330,0.883324,0.588883,1.000000,0.812187,206.597445,0.000000,False,False,False,,,,1038,17,0.933333,0.823529
0.000000,0.000000,79.000000,1.000000,0.000000,0.000000,1.000000,0.000000,0.000000,0.000000,9.380731,2.000000,0.950000,0.950000,1.000000,1.000000,0.000000,0.075578,0.919747,0.925630,253.394560,0.883296,0.588864,1.000000,0.818770,205.797947,0.000000,False,False,False,,,,1039,17,0.933333,0.823529
0.000000,0.000000,79.000000,1.000000,0.000000,0.000000,1.000000,0.000000,0.000000,0.000000,9.360458,2.000000,0.950000,0.950000,1.000000,1.000000,0.000000,0.070464,0.925025,0.930283,252.571397,0.883108,0.588739,1.000000,0.823163,204.998416,0.000000,False,False,False,,,,1040,17,0.933333,0.823529
0.000000,0.000000,79.000000,1.000000,0.000000,0.000000,1.000000,0.000000,0.000000,0.000000,9.341922,2.000000,0.950000,0.950000,1.000000,1.000000,0.000000,0.057252,0.939991,0.940650,251.738346,0.882828,0.588552,1.000000,0.833051,204.199025,0.000000,False,False,False,,,,1041,17,0.933333,0.823529
0.000000,0.000000,79.000000,1.000000,0.000000,0.000000,1.000000,0.000000,0.000000,0.000000,9.333725,2.000000,0.950000,0.950000,1.000000,1.000000,0.000000,0.083667,0.904492,0.922813,250.926495,0.882503,0.588335,1.000000,0.811851,203.399384,0.000000,False,False,False,,,,1042,17,0.933333,0.823529
0.000000,0.000000,79.000000,1.000000,0.000000,0.000000,1.000000,0.000000,0.000000,0.000000,9.303593,2.000000,0.950000,0.950000,1.000000,1.000000,0.000000,0.076617,0.922521,0.925331,250.111774,0.882177,0.588118,1.000000,0.814721,202.599959,0.000000,False,False,False,,,,1043,17,0.933333,0.823529
0.000000,0.000000,79.000000,1.000000,0.000000,0.000000,1.000000,0.000000,0.000000,0.000000,9.286131,2.000000,0.950000,0.950000,1.000000,1.000000,0.000000,0.082780,0.905667,0.921104,249.299813,0.881836,0.587890,1.000000,0.811961,201.800215,0.000000,False,False,False,,,,1044,17,0.933333,0.823529
0.000000,0.000000,79.000000,1.000000,0.000000,0.000000,1.000000,0.000000,0.000000,0.000000,9.256615,2.000000,0.950000,0.950000,1.000000,1.000000,0.000000,0.090789,0.903150,0.910917,248.496934,0.881504,0.587670,1.000000,0.802879,201.000464,0.000000,False,False,False,,,,1045,17,0.933333,0.823529
0.000000,0.000000,79.000000,1.000000,0.000000,0.000000,1.000000,0.000000,0.000000,0.000000,9.237391,2.000000,0.950000,0.950000,1.000000,1.000000,0.000000,0.084873,0.904231,0.915752,247.688416,0.881157,0.587438,1.000000,0.808518,200.200686,0.000000,False,False,False,,,,1046,17,0.933333,0.823529
0.000000,0.000000,79.000000,1.000000,0.000000,0.000000,1.000000,0.000000,0.000000,0.000000,9.210609,2.000000,0.950000,0.950000,1.000000,1.000000,0.000000,0.069905,0.918822,0.928651,246.872210,0.876960,0.584640,1.000000,0.816206,199.400917,0.000000,False,False,False,,,,1047,17,0.933333,0.823529
0.000000,0.000000,79.000000,1.000000,0.000000,0.000000,1.000000,0.000000,0.000000,0.000000,9.191508,2.000000,0.950000,0.950000,1.000000,1.000000,0.000000,0.083244,0.913544,0.918192,246.065802,0.878574,0.585716,1.000000,0.806408,198.601160,0.000000,False,False,False,,,,1048,17,0.933333,0.823529
0.000000,0.000000,79.000000,1.000000,0.000000,0.000000,1.000000,0.000000,0.000000,0.000000,9.162820,2.000000,0.950000,0.950000,1.000000,1.000000,0.000000,0.078314,0.915446,0.919498,245.257327,0.878617,0.585744,1.000000,0.808475,197.801400,0.000000,False,False,False,,,,1049,17,0.933333,0.823529
0.000000,0.000000,79.000000,1.000000,0.000000,0.000000,1.000000,0.000000,0.000000,0.000000,9.143160,2.000000,0.950000,0.950000,1.000000,1.000000,0.000000,0.085399,0.915556,0.920154,244.453050,0.878575,0.585717,1.000000,0.804277,197.001655,0.000000,False,False,False,,,,1050,17,0.933333,0.823529
0.000000,0.000000,79.000000,1.000000,0.000000,0.000000,1.000000,0.000000,0.000000,0.000000,9.118154,2.000000,0.950000,0.950000,1.000000,1.000000,0.000000,0.091774,0.901416,0.907161,243.655636,0.878506,0.585670,1.000000,0.797414,196.201907,0.000000,False,False,False,,,,1051,17,0.933333,0.823529
0.000000,0.000000,79.000000,1.000000,0.000000,0.000000,1.000000,0.000000,0.000000,0.000000,9.097869,2.000000,0.950000,0.950000,1.000000,1.000000,0.000000,0.079676,0.924297,0.921821,242.846504,0.878659,0.585772,1.000000,0.809132,195.402165,0.000000,False,False,False,,,,1052,17,0.933333,0.823529
0.000000,0.000000,79.000000,1.000000,0.000000,0.000000,1.000000,0.000000,0.000000,0.000000,9.079851,2.000000,0.950000,0.950000,1.000000,1.000000,0.000000,0.066140,0.922349,0.937664,242.024618,0.878684,0.585789,1.000000,0.821886,194.602466,0.000000,False,False,False,,,,1053,17,0.933333,0.823529
0.000000,0.000000,79.000000,1.000000,0.000000,0.000000,1.000000,0.000000,0.000000,0.000000,9.043081,2.000000,0.950000,0.950000,1.000000,1.000000,0.000000,0.083220,0.914370,0.918334,241.218537,0.878702,0.585801,1.000000,0.806081,193.802696,0.000000,False,False,False,,,,1054,17,0.933333,0.823529
0.000000,0.000000,79.000000,1.000000,0.000000,0.000000,1.000000,0.000000,0.000000,0.000000,9.034194,2.000000,0.950000,0.950000,1.000000,1.000000,0.000000,0.106983,0.881164,0.894133,240.430296,0.878736,0.585824,1.000000,0.788241,193.003062,0.000000,False,False,False,,,,1055,17,0.933333,0.823529
0.000000,0.000000,79.000000,1.000000,0.000000,0.000000,1.000000,0.000000,0.000000,0.000000,9.001839,2.000000,0.950000,0.950000,1.000000,1.000000,0.000000,0.074450,0.915779,0.927477,239.614712,0.879041,0.586028,1.000000,0.815584,192.203315,0.000000,False,False,False,,,,1056,17,0.933333,0.823529
0.000000,0.000000,79.000000,1.000000,0.000000,0.000000,1.000000,0.000000,0.000000,0.000000,8.971707,2.000000,0.950000,0.950000,1.000000,1.000000,0.000000,0.085039,0.908089,0.915345,238.807860,0.879307,0.586205,1.000000,0.806852,191.403654,0.000000,False,False,False,,,,1057,17,0.933333,0.823529
0.000000,0.000000,79.000000,1.000000,0.000000,0.000000,1.000000,0.000000,0.000000,0.000000,8.938989,2.000000,0.950000,0.950000,1.000000,1.000000,0.000000,0.082220,0.909681,0.920903,237.999331,0.879538,0.586359,1.000000,0.808529,190.603883,0.000000,False,False,False,,,,1058,17,0.933333,0.823529
0.000000,0.000000,79.000000,1.000000,0.000000,0.000000,1.000000,0.000000,0.000000,0.000000,8.920182,2.000000,0.950000,0.950000,1.000000,1.000000,0.000000,0.077085,0.910473,0.924565,237.185611,0.879843,0.586562,1.000000,0.813720,189.804243,0.000000,False,False,False,,,,1059,17,0.933333,0.823529
0.000000,0.000000,79.000000,1.000000,0.000000,0.000000,1.000000,0.000000,0.000000,0.000000,8.901583,2.000000,0.950000,0.950000,1.000000,1.000000,0.000000,0.092152,0.895656,0.908584,236.390614,0.876458,0.584305,1.000000,0.794997,189.004471,0.000000,False,False,False,,,,1060,17,0.933333,0.823529
0.000000,0.000000,79.000000,1.000000,0.000000,0.000000,1.000000,0.000000,0.000000,0.000000,8.882622,2.000000,0.950000,0.950000,1.000000,1.000000,0.000000,0.101702,0.878124,0.908665,235.597743,0.878758,0.585838,1.000000,0.792871,188.204767,0.000000,False,False,False,,,,1061,17,0.933333,0.823529
0.000000,0.000000,79.000000,1.000000,0.000000,0.000000,1.000000,0.000000,0.000000,0.000000,8.862785,2.000000,0.950000,0.950000,1.000000,1.000000,0.000000,0.096243,0.883128,0.910202,234.804567,0.879977,0.586652,1.000000,0.793175,187.404972,0.000000,False,False,False,,,,1062,17,0.933333,0.823529
0.000000,0.000000,79.000000,1.000000,0.000000,0.000000,1.000000,0.000000,0.000000,0.000000,8.843646,2.000000,0.950000,0.950000,1.000000,1.000000,0.000000,0.098996,0.880021,0.902223,234.009349,0.880979,0.587320,1.000000,0.795218,186.605272,0.000000,False,False,False,,,,1063,17,0.933333,0.823529
0.000000,0.000000,79.000000,1.000000,0.000000,0.000000,1.000000,0.000000,0.000000,0.000000,8.823590,2.000000,0.950000,0.950000,1.000000,1.000000,0.000000,0.076714,0.894368,0.926926,233.195543,0.881081,0.587387,1.000000,0.813806,185.805468,0.000000,False,False,False,,,,1064,17,0.933333,0.823529
0.000000,0.000000,79.000000,1.000000,0.000000,0.000000,1.000000,0.000000,0.000000,0.000000,8.809688,2.000000,0.950000,0.950000,1.000000,1.000000,0.000000,0.070072,0.897969,0.941191,232.373795,0.882358,0.588239,1.000000,0.821748,185.005762,0.000000,False,False,False,,,,1065,17,0.933333,0.823529
0.000000,0.000000,79.000000,1.000000,0.000000,0.000000,1.000000,0.000000,0.000000,0.000000,8.794649,2.000000,0.950000,0.950000,1.000000,1.000000,0.000000,0.072811,0.899041,0.929315,231.553684,0.883678,0.589119,1.000000,0.820111,184.205963,0.000000,False,False,False,,,,1066,17,0.933333,0.823529
0.000000,0.000000,79.000000,1.000000,0.000000,0.000000,1.000000,0.000000,0.000000,0.000000,8.782177,2.000000,0.950000,0.950000,1.000000,1.000000,0.000000,0.070233,0.904705,0.934134,230.732303,0.885004,0.590002,1.000000,0.821381,183.406230,0.000000,False,False,False,,,,1067,17,0.933333,0.823529
0.000000,0.000000,79.000000,1.000000,0.000000,0.000000,1.000000,0.000000,0.000000,0.000000,8.768058,2.000000,0.950000,0.950000,1.000000,1.000000,0.000000,0.113508,0.896476,0.894312,229.920521,0.886804,0.591203,1.000000,0.811782,182.606416,0.000000,False,False,False,,,,1068,17,0.933333,0.823529
0.000000,0.000000,79.000000,1.000000,0.000000,0.000000,1.000000,0.000000,0.000000,0.000000,8.756180,2.000000,0.950000,0.950000,1.000000,1.000000,0.000000,0.105466,0.900366,0.902676,229.103613,0.888707,0.592471,1.000000,0.816908,181.806665,0.000000,False,False,False,,,,1069,17,0.933333,0.823529
0.000000,0.000000,79.000000,1.000000,0.000000,0.000000,1.000000,0.000000,0.000000,0.000000,8.745707,2.000000,0.950000,0.950000,1.000000,1.000000,0.000000,0.109981,0.894643,0.899298,228.293712,0.891318,0.594212,1.000000,0.809902,181.006841,0.000000,False,False,False,,,,1070,17,0.933333,0.823529
0.000000,0.000000,79.000000,1.000000,0.000000,0.000000,1.000000,0.000000,0.000000,0.000000,8.738541,2.000000,0.950000,0.950000,1.000000,1.000000,0.000000,0.104912,0.893480,0.906068,227.483126,0.894076,0.596050,1.000000,0.810586,180.207086,0.000000,False,False,False,,,,1071,17,0.933333,0.823529
0.000000,0.000000,79.000000,1.000000,0.000000,0.000000,1.000000,0.000000,0.000000,0.000000,8.732418,2.000000,0.950000,0.950000,1.000000,1.000000,0.000000,0.101543,0.884933,0.908626,226.672011,0.897215,0.598143,1.000000,0.811115,179.407259,0.000000,False,False,False,,,,1072,17,0.933333,0.823529
0.000000,0.000000,79.000000,1.000000,0.000000,0.000000,1.000000,0.000000,0.000000,0.000000,8.729073,2.000000,0.950000,0.950000,1.000000,1.000000,0.000000,0.105078,0.883850,0.902273,225.861602,0.900766,0.600511,1.000000,0.810409,178.607476,0.000000,False,False,False,,,,1073,17,0.933333,0.823529
0.000000,0.000000,79.000000,1.000000,0.000000,0.000000,1.000000,0.000000,0.000000,0.000000,8.722581,2.000000,0.950000,0.950000,1.000000,1.000000,0.000000,0.095047,0.890112,0.914581,225.039770,0.904022,0.602682,1.000000,0.821833,177.807642,0.000000,False,False,False,,,,1074,17,0.933333,0.823529
0.000000,0.000000,79.000000,1.000000,0.000000,0.000000,1.000000,0.000000,0.000000,0.000000,8.719196,2.000000,0.950000,0.950000,1.000000,1.000000,0.000000,0.112073,0.870150,0.901804,224.225142,0.907017,0.604678,1.000000,0.814628,177.007888,0.000000,False,False,False,,,,1075,17,0.933333,0.823529
0.000000,0.000000,79.000000,1.000000,0.000000,0.000000,1.000000,0.000000,0.000000,0.000000,8.712924,2.000000,0.950000,0.950000,1.000000,1.000000,0.000000,0.114782,0.868917,0.898440,223.411427,0.909823,0.606549,1.000000,0.813715,176.208032,0.000000,False,False,False,,,,1076,17,0.933333,0.823529
0.000000,0.000000,79.000000,1.000000,0.000000,0.000000,1.000000,0.000000,0.000000,0.000000,8.707348,2.000000,0.950000,0.950000,1.000000,1.000000,0.000000,0.109097,0.868947,0.902899,222.589647,0.912196,0.608131,1.000000,0.821780,175.408297,0.000000,False,False,False,,,,1077,17,0.933333,0.823529
0.000000,0.000000,79.000000,1.000000,0.000000,0.000000,1.000000,0.000000,0.000000,0.000000,8.699007,2.000000,0.950000,0.950000,1.000000,1.000000,0.000000,0.091380,0.880836,0.921759,221.747388,0.914430,0.609620,1.000000,0.842259,174.608437,0.000000,False,False,False,,,,1078,17,0.933333,0.823529
0.000000,0.000000,79.000000,1.000000,0.000000,0.000000,1.000000,0.000000,0.000000,0.000000,8.696028,2.000000,0.950000,0.950000,1.000000,1.000000,0.000000,0.101223,0.870166,0.907977,220.911499,0.916701,0.611134,1.000000,0.835889,173.808641,0.000000,False,False,False,,,,1079,17,0.933333,0.823529
0.000000,0.000000,79.000000,1.000000,0.000000,0.000000,1.000000,0.000000,0.000000,0.000000,8.690226,2.000000,0.950000,0.950000,1.000000,1.000000,0.000000,0.113443,0.857724,0.894437,220.083924,0.918338,0.612225,1.000000,0.827574,173.008765,0.000000,False,False,False,,,,1080,17,0.933333,0.823529
0.000000,0.000000,79.000000,1.000000,0.000000,0.000000,1.000000,0.000000,0.000000,0.000000,8.687443,2.000000,0.950000,0.950000,1.000000,1.000000,0.000000,0.105408,0.856540,0.901706,219.242189,0.920079,0.613386,1.000000,0.841736,172.208968,0.000000,False,False,False,,,,1081,17,0.933333,0.823529
0.000000,0.000000,79.000000,1.000000,0.000000,0.000000,1.000000,0.000000,0.000000,0.000000,8.682237,2.000000,0.950000,0.950000,1.000000,1.000000,0.000000,0.089603,0.875949,0.913726,218.386230,0.919311,0.612874,1.000000,0.855959,171.409103,0.000000,False,False,False,,,,1082,17,0.933333,0.823529
0.000000,0.000000,79.000000,1.000000,0.000000,0.000000,1.000000,0.000000,0.000000,0.000000,8.676611,2.000000,0.950000,0.950000,1.000000,1.000000,0.000000,0.126786,0.878642,0.886921,217.540043,0.922190,0.614793,1.000000,0.846187,170.609319,0.000000,False,False,False,,,,1083,17,0.933333,0.823529
0.000000,0.000000,79.000000,1.000000,0.000000,0.000000,1.000000,0.000000,0.000000,0.000000,8.668646,2.000000,0.950000,0.950000,1.000000,1.000000,0.000000,0.136601,0.815348,0.901303,216.771128,0.922332,0.614888,1.000000,0.768915,169.809436,0.000000,False,False,False,,,,1084,17,0.933333,0.777778
0.000000,0.000000,79.000000,1.000000,0.000000,0.000000,1.000000,0.000000,0.000000,0.000000,8.667674,2.000000,0.950000,0.950000,1.000000,1.000000,0.000000,0.117052,0.836206,0.912200,215.974062,0.923629,0.615753,1.000000,0.797066,169.009650,0.000000,False,False,False,,,,1085,17,0.933333,0.777778
0.000000,0.000000,79.000000,1.000000,0.000000,0.000000,1.000000,0.000000,0.000000,0.000000,8.663752,2.000000,0.950000,0.950000,1.000000,1.000000,0.000000,0.119469,0.850408,0.924677,215.148150,0.928007,0.618671,1.000000,0.825912,168.209764,0.000000,False,False,False,,,,1086,17,0.933333,0.777778
0.000000,0.000000,79.000000,1.000000,0.000000,0.000000,1.000000,0.000000,0.000000,0.000000,8.661366,2.000000,0.950000,0.950000,1.000000,1.000000,0.000000,0.132369,0.830999,0.924116,214.363190,0.931143,0.620762,1.000000,0.784960,167.409941,0.000000,False,False,False,,,,1087,17,0.933333,0.777778
0.000000,0.000000,79.000000,1.000000,0.000000,0.000000,1.000000,0.000000,0.000000,0.000000,8.655150,2.000000,0.950000,0.950000,1.000000,1.000000,0.000000,0.111112,0.823857,0.915850,213.600129,0.933548,0.622366,1.000000,0.763061,166.610050,0.000000,False,False,False,,,,1088,17,0.933333,0.777778
0.000000,0.000000,79.000000,1.000000,0.000000,0.000000,1.000000,0.000000,0.000000,0.000000,8.654805,2.000000,0.950000,0.950000,1.000000,1.000000,0.000000,0.130574,0.840308,0.914850,212.773776,0.933133,0.622088,1.000000,0.826353,165.810217,0.000000,False,False,False,,,,1089,17,0.933333,0.777778
0.000000,0.000000,79.000000,1.000000,0.000000,0.000000,1.000000,0.000000,0.000000,0.000000,8.656382,2.000000,0.950000,0.950000,1.000000,1.000000,0.000000,0.101348,0.830394,0.926650,211.988465,0.935466,0.623644,1.000000,0.785311,165.010319,0.000000,False,False,False,,,,1090,17,0.933333,0.777778
0.000000,0.000000,79.000000,1.000000,0.000000,0.000000,1.000000,0.000000,0.000000,0.000000,8.654229,2.000000,0.950000,0.950000,1.000000,1.000000,0.000000,0.131874,0.839535,0.919453,211.160004,0.935707,0.623804,1.000000,0.828461,164.210487,0.000000,False,False,False,,,,1091,17,0.933333,0.777778
0.000000,0.000000,79.000000,1.000000,0.000000,0.000000,1.000000,0.000000,0.000000,0.000000,8.649338,2.000000,0.950000,0.950000,1.000000,1.000000,0.000000,0.109093,0.819723,0.921252,210.387167,0.938858,0.625905,1.000000,0.772837,163.410585,0.000000,False,False,False,,,,1092,17,0.933333,0.777778
0.000000,0.000000,79.000000,1.000000,0.000000,0.000000,1.000000,0.000000,0.000000,0.000000,8.648679,2.000000,0.950000,0.950000,1.000000,1.000000,0.000000,0.122921,0.840767,0.931702,209.556030,0.938791,0.625861,1.000000,0.831136,162.610749,0.000000,False,False,False,,,,1093,17,0.933333,0.777778
0.000000,0.000000,79.000000,1.000000,0.000000,0.000000,1.000000,0.000000,0.000000,0.000000,8.644275,2.000000,0.950000,0.950000,1.000000,1.000000,0.000000,0.115996,0.814244,0.909088,208.788220,0.939816,0.626544,1.000000,0.767810,161.810856,0.000000,False,False,False,,,,1094,17,0.933333,0.777778
0.000000,0.000000,79.000000,1.000000,0.000000,0.000000,1.000000,0.000000,0.000000,0.000000,8.641543,2.000000,0.950000,0.950000,1.000000,1.000000,0.000000,0.113610,0.837682,0.914366,207.965616,0.941452,0.627635,1.000000,0.822604,161.011021,0.000000,False,False,False,,,,1095,17,0.933333,0.777778
0.000000,0.000000,79.000000,1.000000,0.000000,0.000000,1.000000,0.000000,0.000000,0.000000,8.645569,2.000000,0.950000,0.950000,1.000000,1.000000,0.000000,0.115498,0.853948,0.933761,207.124075,0.940797,0.627198,1.000000,0.841541,160.211112,0.000000,False,False,False,,,,1096,17,0.933333,0.777778
0.000000,0.000000,79.000000,1.000000,0.000000,0.000000,1.000000,0.000000,0.000000,0.000000,8.642283,2.000000,0.950000,0.950000,1.000000,1.000000,0.000000,0.122452,0.811370,0.905790,206.361725,0.941681,0.627787,1.000000,0.762351,159.411288,0.000000,False,False,False,,,,1097,17,0.933333,0.777778
0.000000,0.000000,79.000000,1.000000,0.000000,0.000000,1.000000,0.000000,0.000000,0.000000,8.644982,2.000000,0.950000,0.950000,1.000000,1.000000,0.000000,0.117502,0.815056,0.909454,205.550225,0.943006,0.628671,1.000000,0.811500,158.611381,0.000000,False,False,False,,,,1098,17,0.933333,0.777778
0.000000,0.000000,79.000000,1.000000,0.000000,0.000000,1.000000,0.000000,0.000000,0.000000,8.642218,2.000000,0.950000,0.950000,1.000000,1.000000,0.000000,0.157484,0.829493,0.907733,204.731634,0.942378,0.628252,1.000000,0.818591,157.811515,0.000000,False,False,False,,,,1099,17,0.933333,0.777778
0.000000,0.000000,79.000000,1.000000,0.000000,0.000000,1.000000,0.000000,0.000000,0.000000,8.649282,2.000000,0.950000,0.950000,1.000000,1.000000,0.000000,0.124974,0.820145,0.905991,203.970861,0.943217,0.628811,1.000000,0.760773,157.011599,0.000000,False,False,False,,,,1100,17,0.933333,0.777778
0.000000,0.000000,79.000000,1.000000,0.000000,0.000000,1.000000,0.000000,0.000000,0.000000,8.648995,2.000000,0.950000,0.950000,1.000000,1.000000,0.000000,0.109624,0.832174,0.927617,203.158001,0.944117,0.629412,1.000000,0.812860,156.211713,0.000000,False,False,False,,,,1101,17,0.933333,0.777778
0.000000,0.000000,79.000000,1.000000,0.000000,0.000000,1.000000,0.000000,0.000000,0.000000,8.644822,2.000000,0.950000,0.950000,1.000000,1.000000,0.000000,0.154340,0.823760,0.918018,202.331131,0.942449,0.628300,1.000000,0.826870,155.411783,0.000000,False,False,False,,,,1102,17,0.933333,0.777778
0.000000,0.000000,79.000000,1.000000,0.000000,0.000000,1.000000,0.000000,0.000000,0.000000,8.645405,2.000000,0.950000,0.950000,1.000000,1.000000,0.000000,0.104684,0.847787,0.925338,201.547085,0.942744,0.628496,1.000000,0.784046,154.611901,0.000000,False,False,False,,,,1103,17,0.933333,0.777778
0.000000,0.000000,79.000000,1.000000,0.000000,0.000000,1.000000,0.000000,0.000000,0.000000,8.638200,2.000000,0.950000,0.950000,1.000000,1.000000,0.000000,0.106349,0.819883,0.927968,200.724468,0.943416,0.628944,1.000000,0.822617,153.811974,0.000000,False,False,False,,,,1104,17,0.933333,0.777778
0.000000,0.000000,79.000000,1.000000,0.000000,0.000000,1.000000,0.000000,0.000000,0.000000,8.642964,2.000000,0.950000,0.950000,1.000000,1.000000,0.000000,0.110304,0.835319,0.924310,199.881941,0.944477,0.629652,1.000000,0.842527,153.012078,0.000000,False,False,False,,,,1105,17,0.933333,0.777778
0.000000,0.000000,79.000000,1.000000,0.000000,0.000000,1.000000,0.000000,0.000000,0.000000,8.637445,2.000000,0.950000,0.950000,1.000000,1.000000,0.000000,0.143120,0.861387,0.940217,199.036315,0.944449,0.629633,1.000000,0.845626,152.212141,0.000000,False,False,False,,,,1106,17,0.933333,0.777778
0.000000,0.000000,79.000000,1.000000,0.000000,0.000000,1.000000,0.000000,0.000000,0.000000,8.637454,2.000000,0.950000,0.950000,1.000000,1.000000,0.000000,0.118249,0.848092,0.890509,198.268701,0.945295,0.630197,1.000000,0.767614,151.412231,0.000000,False,False,False,,,,1107,17,0.933333,0.777778
0.000000,0.000000,79.000000,1.000000,0.000000,0.000000,1.000000,0.000000,0.000000,0.000000,8.632232,2.000000,0.950000,0.950000,1.000000,1.000000,0.000000,0.120134,0.829929,0.890984,197.459278,0.946829,0.631220,1.000000,0.809423,150.612285,0.000000,False,False,False,,,,1108,17,0.933333,0.777778
0.000000,0.000000,79.000000,1.000000,0.000000,0.000000,1.000000,0.000000,0.000000,0.000000,8.634181,2.000000,0.950000,0.950000,1.000000,1.000000,0.000000,0.135046,0.847823,0.878096,196.612402,0.948460,0.632307,1.000000,0.846876,149.812382,0.000000,False,False,False,,,,1109,17,0.933333,0.777778
0.000000,0.000000,79.000000,1.000000,0.000000,0.000000,1.000000,0.000000,0.000000,0.000000,8.628049,2.000000,0.950000,0.950000,1.000000,1.000000,0.000000,0.109853,0.880778,0.888333,195.766440,0.950383,0.633589,1.000000,0.845962,149.012439,0.000000,False,False,False,,,,1110,17,0.933333,0.777778
0.000000,0.000000,79.000000,1.000000,0.000000,0.000000,1.000000,0.000000,0.000000,0.000000,8.624846,2.000000,0.950000,0.950000,1.000000,1.000000,0.000000,0.152847,0.884515,0.904786,194.905166,0.952874,0.635249,1.000000,0.861274,148.212488,0.000000,False,False,False,,,,1111,17,0.933333,0.777778
0.000000,0.000000,79.000000,1.000000,0.000000,0.000000,1.000000,0.000000,0.000000,0.000000,8.630906,2.000000,0.950000,0.950000,1.000000,1.000000,0.000000,0.122048,0.892681,0.909533,194.104813,0.955423,0.636949,1.000000,0.800353,147.412570,0.000000,False,False,False,,,,1112,17,0.933333,0.777778
0.000000,0.000000,79.000000,1.000000,0.000000,0.000000,1.000000,0.000000,0.000000,0.000000,8.629073,2.000000,0.950000,0.950000,1.000000,1.000000,0.000000,0.113922,0.893176,0.905540,193.287597,0.958050,0.638700,1.000000,0.817216,146.612612,0.000000,False,False,False,,,,1113,17,0.933333,0.777778
0.000000,0.000000,79.000000,1.000000,0.000000,0.000000,1.000000,0.000000,0.000000,0.000000,8.627073,2.000000,0.950000,0.950000,1.000000,1.000000,0.000000,0.134433,0.912592,0.921891,192.452596,0.960946,0.640630,1.000000,0.835001,145.812638,0.000000,False,False,False,,,,1114,17,0.933333,0.777778
0.000000,0.000000,79.000000,1.000000,0.000000,0.000000,1.000000,0.000000,0.000000,0.000000,8.624246,2.000000,0.950000,0.950000,1.000000,1.000000,0.000000,0.127126,0.906745,0.920254,191.632279,0.964337,0.642891,1.000000,0.820317,145.012759,0.000000,False,False,False,,,,1115,17,0.933333,0.777778
0.000000,0.000000,79.000000,1.000000,0.000000,0.000000,1.000000,0.000000,0.000000,0.000000,8.616310,2.000000,0.950000,0.950000,1.000000,1.000000,0.000000,0.114920,0.914655,0.927054,190.788142,0.967176,0.644784,1.000000,0.844137,144.212852,0.000000,False,False,False,,,,1116,17,0.933333,0.777778
0.000000,0.000000,79.000000,1.000000,0.000000,0.000000,1.000000,0.000000,0.000000,0.000000,8.611988,2.000000,0.950000,0.950000,1.000000,1.000000,0.000000,0.130131,0.917667,0.923585,189.945371,0.970372,0.646914,1.000000,0.842770,143.412943,0.000000,False,False,False,,,,1117,17,0.933333,0.777778
0.000000,0.000000,79.000000,1.000000,0.000000,0.000000,1.000000,0.000000,0.000000,0.000000,8.607571,2.000000,0.950000,0.950000,1.000000,1.000000,0.000000,0.126365,0.901522,0.915057,189.116765,0.973432,0.648955,1.000000,0.828606,142.613030,0.000000,False,False,False,,,,1118,17,0.933333,0.777778
0.000000,0.000000,79.000000,1.000000,0.000000,0.000000,1.000000,0.000000,0.000000,0.000000,8.605003,2.000000,0.950000,0.950000,1.000000,1.000000,0.000000,0.120268,0.904510,0.925503,188.265931,0.976030,0.650687,1.000000,0.850834,141.813108,0.000000,False,False,False,,,,1119,17,0.933333,0.777778
0.000000,0.000000,79.000000,1.000000,0.000000,0.000000,1.000000,0.000000,0.000000,0.000000,8.600714,2.000000,0.950000,0.950000,1.000000,1.000000,0.000000,0.136039,0.907646,0.917215,187.422536,0.978561,0.652374,1.000000,0.843395,141.013188,0.000000,False,False,False,,,,1120,17,0.933333,0.777778
0.000000,0.000000,79.000000,1.000000,0.000000,0.000000,1.000000,0.000000,0.000000,0.000000,8.600571,2.000000,0.950000,0.950000,1.000000,1.000000,0.000000,0.134949,0.884400,0.913055,186.592732,0.981051,0.654034,1.000000,0.829805,140.213250,0.000000,False,False,False,,,,1121,17,0.933333,0.777778
0.000000,0.000000,79.000000,1.000000,0.000000,0.000000,1.000000,0.000000,0.000000,0.000000,8.598161,2.000000,0.950000,0.950000,1.000000,1.000000,0.000000,0.142615,0.898613,0.904634,185.750335,0.982730,0.655154,1.000000,0.842397,139.413324,0.000000,False,False,False,,,,1122,17,0.933333,0.777778
0.000000,0.000000,79.000000,1.000000,0.000000,0.000000,1.000000,0.000000,0.000000,0.000000,8.598666,2.000000,0.950000,0.950000,1.000000,1.000000,0.000000,0.132200,0.900000,0.924915,184.904809,0.985120,0.656746,1.000000,0.845526,138.613390,0.000000,False,False,False,,,,1123,17,0.933333,0.777778
0.000000,0.000000,79.000000,1.000000,0.000000,0.000000,1.000000,0.000000,0.000000,0.000000,8.595657,2.000000,0.950000,0.950000,1.000000,1.000000,0.000000,0.135363,0.885348,0.901020,184.076387,0.987126,0.658084,1.000000,0.828422,137.813450,0.000000,False,False,False,,,,1124,17,0.933333,0.777778
0.000000,0.000000,79.000000,1.000000,0.000000,0.000000,1.000000,0.000000,0.000000,0.000000,8.592972,2.000000,0.950000,0.950000,1.000000,1.000000,0.000000,0.146438,0.870900,0.900057,183.240628,0.989043,0.659362,1.000000,0.835760,137.013521,0.000000,False,False,False,,,,1125,17,0.933333,0.777778
0.000000,0.000000,79.000000,1.000000,0.000000,0.000000,1.000000,0.000000,0.000000,0.000000,8.591382,2.000000,0.950000,0.950000,1.000000,1.000000,0.000000,0.139774,0.889145,0.921742,182.389630,0.990954,0.660636,1.000000,0.850997,136.213589,0.000000,False,False,False,,,,1126,17,0.933333,0.777778
0.000000,0.000000,79.000000,1.000000,0.000000,0.000000,1.000000,0.000000,0.000000,0.000000,8.590819,2.000000,0.950000,0.950000,1.000000,1.000000,0.000000,0.117523,0.887284,0.932748,181.533618,0.992893,0.661929,1.000000,0.856012,135.413648,0.000000,False,False,False,,,,1127,17,0.933333,0.777778
0.000000,0.000000,79.000000,1.000000,0.000000,0.000000,1.000000,0.000000,0.000000,0.000000,8.589961,2.000000,0.950000,0.950000,1.000000,1.000000,0.000000,0.122938,0.914679,0.929859,180.666137,0.994788,0.663192,1.000000,0.867481,134.613716,0.000000,False,False,False,,,,1128,17,0.933333,0.777778
0.000000,0.000000,79.000000,1.000000,0.000000,0.000000,1.000000,0.000000,0.000000,0.000000,8.587209,2.000000,0.950000,0.950000,1.000000,1.000000,0.000000,0.106308,0.905029,0.936030,179.796939,0.996287,0.664191,1.000000,0.869198,133.813786,0.000000,False,False,False,,,,1129,17,0.933333,0.777778
0.000000,0.000000,79.000000,1.000000,0.000000,0.000000,1.000000,0.000000,0.000000,0.000000,8.588788,2.000000,0.950000,0.950000,1.000000,1.000000,0.000000,0.117710,0.920043,0.934514,178.917041,1.000008,0.666672,1.000000,0.879898,133.013859,0.000000,False,False,False,,,,1130,17,0.933333,0.736842
0.000000,0.000000,79.000000,1.000000,0.000000,0.000000,1.000000,0.000000,0.000000,0.000000,8.593266,2.000000,0.950000,0.950000,1.000000,1.000000,0.000000,0.104662,0.900810,0.939639,178.039321,1.003053,0.668702,1.000000,0.877720,132.213921,0.000000,False,False,False,,,,1131,17,0.933333,0.777778
0.000000,0.000000,79.000000,1.000000,0.000000,0.000000,1.000000,0.000000,0.000000,0.000000,8.596334,2.000000,0.950000,0.950000,1.000000,1.000000,0.000000,0.124972,0.910428,0.924143,177.169850,1.003032,0.668688,1.000000,0.869471,131.414002,0.000000,False,False,False,,,,1132,17,0.933333,0.777778
0.000000,0.000000,79.000000,1.000000,0.000000,0.000000,1.000000,0.000000,0.000000,0.000000,8.596826,2.000000,0.950000,0.950000,1.000000,1.000000,0.000000,0.121056,0.901992,0.933554,176.292403,1.008478,0.672318,1.000000,0.877447,130.614082,0.000000,False,False,False,,,,1133,17,0.933333,0.736842
0.000000,0.000000,79.000000,1.000000,0.000000,0.000000,1.000000,0.000000,0.000000,0.000000,8.601887,2.000000,0.950000,0.950000,1.000000,1.000000,0.000000,0.085898,0.915110,0.950293,175.395438,1.011525,0.674350,1.000000,0.896965,129.814167,0.000000,False,False,False,,,,1134,17,0.933333,0.736842
0.000000,0.000000,79.000000,1.000000,0.000000,0.000000,1.000000,0.000000,0.000000,0.000000,8.604714,2.000000,0.950000,0.950000,1.000000,1.000000,0.000000,0.131821,0.899326,0.938887,174.501808,1.014487,0.676325,1.000000,0.893630,129.014259,0.000000,False,False,False,,,,1135,17,0.933333,0.736842
0.000000,0.000000,79.000000,1.000000,0.000000,0.000000,1.000000,0.000000,0.000000,0.000000,8.606128,2.000000,0.950000,0.950000,1.000000,1.000000,0.000000,0.112057,0.891046,0.934451,173.633275,1.017241,0.678161,1.000000,0.868533,128.214349,0.000000,False,False,False,,,,1136,17,0.933333,0.736842
0.000000,0.000000,79.000000,1.000000,0.000000,0.000000,1.000000,0.000000,0.000000,0.000000,8.607260,2.000000,0.950000,0.950000,1.000000,1.000000,0.000000,0.122377,0.857650,0.913750,172.770000,1.020063,0.680042,1.000000,0.863275,127.414464,0.000000,False,False,False,,,,1137,17,0.933333,0.736842
0.000000,0.000000,79.000000,1.000000,0.000000,0.000000,1.000000,0.000000,0.000000,0.000000,8.609139,2.000000,0.950000,0.950000,1.000000,1.000000,0.000000,0.130105,0.873928,0.916224,171.890349,1.022738,0.681825,1.000000,0.879651,126.614560,0.000000,False,False,False,,,,1138,17,0.933333,0.736842
0.000000,0.000000,79.000000,1.000000,0.000000,0.000000,1.000000,0.000000,0.000000,0.000000,8.608066,2.000000,0.950000,0.950000,1.000000,1.000000,0.000000,0.130598,0.867758,0.918453,171.009718,1.025094,0.683396,1.000000,0.880631,125.814681,0.000000,False,False,False,,,,1139,17,0.933333,0.736842
0.000000,0.000000,79.000000,1.000000,0.000000,0.000000,1.000000,0.000000,0.000000,0.000000,8.606564,2.000000,0.950000,0.950000,1.000000,1.000000,0.000000,0.118123,0.880017,0.928785,170.119737,1.027497,0.684998,1.000000,0.889981,125.014796,0.000000,False,False,False,,,,1140,17,0.933333,0.736842
0.000000,0.000000,79.000000,1.000000,0.000000,0.000000,1.000000,0.000000,0.000000,0.000000,8.607672,2.000000,0.950000,0.950000,1.000000,1.000000,0.000000,0.105061,0.889175,0.943043,169.200222,1.029638,0.686425,1.000000,0.919516,124.214927,0.000000,False,False,False,,,,1141,17,0.933333,0.736842
0.000000,0.000000,79.000000,1.000000,0.000000,0.000000,1.000000,0.000000,0.000000,0.000000,8.605534,2.000000,0.950000,0.950000,1.000000,1.000000,0.000000,0.106045,0.890699,0.937537,168.279039,1.031648,0.687765,1.000000,0.921182,123.415052,0.000000,False,False,False,,,,1142,17,0.933333,0.736842
0.000000,0.000000,79.000000,1.000000,0.000000,0.000000,1.000000,0.000000,0.000000,0.000000,8.608405,2.000000,0.950000,0.950000,1.000000,1.000000,0.000000,0.114370,0.877664,0.931466,167.360027,1.032604,0.688402,1.000000,0.919012,122.615179,0.000000,False,False,False,,,,1143,17,0.933333,0.700000
0.000000,0.000000,79.000000,1.000000,0.000000,0.000000,1.000000,0.000000,0.000000,0.000000,8.607715,2.000000,0.950000,0.950000,1.000000,1.000000,0.000000,0.117909,0.904094,0.915737,166.449986,1.033541,0.689027,1.000000,0.910041,121.815308,0.000000,False,False,False,,,,1144,17,0.933333,0.700000
0.000000,0.000000,79.000000,1.000000,0.000000,0.000000,1.000000,0.000000,0.000000,0.000000,8.607279,2.000000,0.950000,0.950000,1.000000,1.000000,0.000000,0.105722,0.867906,0.916355,165.561035,1.034524,0.689682,1.000000,0.888951,121.015419,0.000000,False,False,False,,,,1145,17,0.933333,0.700000
0.000000,0.000000,79.000000,1.000000,0.000000,0.000000,1.000000,0.000000,0.000000,0.000000,8.602637,2.000000,0.950000,0.950000,1.000000,1.000000,0.000000,0.125464,0.904998,0.895515,164.630085,1.035653,0.690435,1.000000,0.930950,120.215570,0.000000,False,False,False,,,,1146,17,0.866667,0.684211
0.000000,0.000000,79.000000,1.000000,0.000000,0.000000,1.000000,0.000000,0.000000,0.000000,8.596955,2.000000,0.950000,0.950000,1.000000,1.000000,0.000000,0.175195,0.847267,0.863102,163.759667,1.037011,0.691341,1.000000,0.870418,119.415662,0.000000,False,False,False,,,,1147,17,0.866667,0.684211
0.000000,0.000000,79.000000,1.000000,0.000000,0.000000,1.000000,0.000000,0.000000,0.000000,8.594355,2.000000,0.950000,0.950000,1.000000,1.000000,0.000000,0.108501,0.857805,0.908554,162.883576,1.038468,0.692312,1.000000,0.876091,118.615809,0.000000,False,False,False,,,,1148,17,0.866667,0.684211
0.000000,0.000000,79.000000,1.000000,0.000000,0.000000,1.000000,0.000000,0.000000,0.000000,8.587102,2.000000,0.950000,0.950000,1.000000,1.000000,0.000000,0.108044,0.890218,0.915429,161.931949,1.040202,0.693468,1.000000,0.951627,117.815942,0.000000,False,False,False,,,,1149,17,0.866667,0.684211
0.000000,0.000000,79.000000,1.000000,0.000000,0.000000,1.000000,0.000000,0.000000,0.000000,8.581022,2.000000,0.950000,0.950000,1.000000,1.000000,0.000000,0.107410,0.862512,0.921784,161.045081,1.042199,0.694800,1.000000,0.886869,117.016115,0.000000,False,False,False,,,,1150,17,0.866667,0.684211
0.000000,0.000000,79.000000,1.000000,0.000000,0.000000,1.000000,0.000000,0.000000,0.000000,8.570190,2.000000,0.950000,0.950000,1.000000,1.000000,0.000000,0.091563,0.849949,0.930804,160.126315,1.044082,0.696055,1.000000,0.918766,116.216272,0.000000,False,False,False,,,,1151,17,0.866667,0.684211
0.000000,0.000000,79.000000,1.000000,0.000000,0.000000,1.000000,0.000000,0.000000,0.000000,8.558300,2.000000,0.950000,0.950000,1.000000,1.000000,0.000000,0.095975,0.915131,0.928568,159.153162,1.045869,0.697246,1.000000,0.973153,115.416478,0.000000,False,False,False,,,,1152,17,0.866667,0.684211
0.000000,0.000000,79.000000,1.000000,0.000000,0.000000,1.000000,0.000000,0.000000,0.000000,8.541644,2.000000,0.950000,0.950000,1.000000,1.000000,0.000000,0.097652,0.860567,0.926134,158.245202,1.048000,0.698667,1.000000,0.907960,114.616659,0.000000,False,False,False,,,,1153,17,0.866667,0.684211
0.000000,0.000000,79.000000,1.000000,0.000000,0.000000,1.000000,0.000000,0.000000,0.000000,8.531236,2.000000,0.950000,0.950000,1.000000,1.000000,0.000000,0.135860,0.890407,0.922276,157.280923,1.050198,0.700132,1.000000,0.964280,113.816817,0.000000,False,False,False,,,,1154,17,0.866667,0.684211
0.000000,0.000000,79.000000,1.000000,0.000000,0.000000,1.000000,0.000000,0.000000,0.000000,8.514861,2.000000,0.950000,0.950000,1.000000,1.000000,0.000000,0.137002,0.862449,0.907852,156.398109,1.051811,0.701207,1.000000,0.882814,113.017134,0.000000,False,False,False,,,,1155,17,0.866667,0.684211
0.000000,0.000000,79.000000,1.000000,0.000000,0.000000,1.000000,0.000000,0.000000,0.000000,8.498036,2.000000,0.950000,0.950000,1.000000,1.000000,0.000000,0.151292,0.851021,0.900515,155.525275,1.053151,0.702101,1.000000,0.872834,112.217500,0.000000,False,False,False,,,,1156,17,0.875000,0.736842
0.000000,0.000000,79.000000,1.000000,0.000000,0.000000,1.000000,0.000000,0.000000,0.000000,8.484349,2.000000,0.950000,0.950000,1.000000,1.000000,0.000000,0.148516,0.843404,0.903973,154.651070,1.052719,0.701813,1.000000,0.874206,111.417866,0.000000,False,False,False,,,,1157,17,0.875000,0.736842
0.000000,0.000000,79.000000,1.000000,0.000000,0.000000,1.000000,0.000000,0.000000,0.000000,8.470505,2.000000,0.950000,0.950000,1.000000,1.000000,0.000000,0.143984,0.840925,0.899768,153.767568,1.052939,0.701959,1.000000,0.883502,110.618220,0.000000,False,False,False,,,,1158,17,0.875000,0.736842
0.000000,0.000000,79.000000,1.000000,0.000000,0.000000,1.000000,0.000000,0.000000,0.000000,8.460681,2.000000,0.950000,0.950000,1.000000,1.000000,0.000000,0.120976,0.863411,0.928376,152.838617,1.052239,0.701493,1.000000,0.928951,109.818555,0.000000,False,False,False,,,,1159,17,0.875000,0.736842
0.000000,0.000000,79.000000,1.000000,0.000000,0.000000,1.000000,0.000000,0.000000,0.000000,8.452380,2.000000,0.950000,0.950000,1.000000,1.000000,0.000000,0.127194,0.867119,0.923584,151.919141,1.052068,0.701378,1.000000,0.919477,109.018846,0.000000,False,False,False,,,,1160,17,0.875000,0.736842
0.000000,0.000000,79.000000,1.000000,0.000000,0.000000,1.000000,0.000000,0.000000,0.000000,8.448155,2.000000,0.950000,0.950000,1.000000,1.000000,0.000000,0.142713,0.860481,0.914317,151.014856,1.052246,0.701497,1.000000,0.904285,108.219117,0.000000,False,False,False,,,,1161,17,0.875000,0.736842
0.000000,0.000000,79.000000,1.000000,0.000000,0.000000,1.000000,0.000000,0.000000,0.000000,8.439418,2.000000,0.950000,0.950000,1.000000,1.000000,0.000000,0.139277,0.833394,0.906075,150.134534,1.052184,0.701456,1.000000,0.880321,107.419358,0.000000,False,False,False,,,,1162,17,0.875000,0.736842
0.000000,0.000000,79.000000,1.000000,0.000000,0.000000,1.000000,0.000000,0.000000,0.000000,8.431532,2.000000,0.950000,0.950000,1.000000,1.000000,0.000000,0.117058,0.825188,0.919295,149.228811,1.052147,0.701431,1.000000,0.905723,106.619551,0.000000,False,False,False,,,,1163,17,0.875000,0.736842
0.000000,0.000000,79.000000,1.000000,0.000000,0.000000,1.000000,0.000000,0.000000,0.000000,8.426597,2.000000,0.950000,0.950000,1.000000,1.000000,0.000000,0.107254,0.863949,0.929684,148.277541,1.052128,0.701419,1.000000,0.951269,105.819712,0.000000,False,False,False,,,,1164,17,0.875000,0.736842
0.000000,0.000000,79.000000,1.000000,0.000000,0.000000,1.000000,0.000000,0.000000,0.000000,8.422692,2.000000,0.950000,0.950000,1.000000,1.000000,0.000000,0.103270,0.830952,0.928062,147.345581,1.052376,0.701584,1.000000,0.931961,105.019836,0.000000,False,False,False,,,,1165,17,0.875000,0.736842
0.000000,0.000000,79.000000,1.000000,0.000000,0.000000,1.000000,0.000000,0.000000,0.000000,8.428600,2.000000,0.950000,0.950000,1.000000,1.000000,0.000000,0.097355,0.882294,0.917334,146.383685,1.052445,0.701630,1.000000,0.961895,104.219909,0.000000,False,False,False,,,,1166,17,0.875000,0.736842
0.000000,0.000000,79.000000,1.000000,0.000000,0.000000,1.000000,0.000000,0.000000,0.000000,8.430293,2.000000,0.950000,0.950000,1.000000,1.000000,0.000000,0.101865,0.818698,0.918768,145.435289,1.052210,0.701474,1.000000,0.948397,103.420074,0.000000,False,False,False,,,,1167,17,0.875000,0.736842
0.000000,0.000000,79.000000,1.000000,0.000000,0.000000,1.000000,0.000000,0.000000,0.000000,8.430831,2.000000,0.950000,0.950000,1.000000,1.000000,0.000000,0.149119,0.816738,0.870621,144.515153,1.049706,0.699804,1.000000,0.920136,102.620249,0.000000,False,False,False,,,,1168,17,0.875000,0.736842
0.000000,0.000000,79.000000,1.000000,0.000000,0.000000,1.000000,0.000000,0.000000,0.000000,8.433025,2.000000,0.950000,0.950000,1.000000,1.000000,0.000000,0.157050,0.818490,0.890996,143.617511,1.047697,0.698464,1.000000,0.897641,101.820421,0.000000,False,False,False,,,,1169,17,0.875000,0.736842
0.000000,0.000000,79.000000,1.000000,0.000000,0.000000,1.000000,0.000000,0.000000,0.000000,8.434582,2.000000,0.950000,0.950000,1.000000,1.000000,0.000000,0.135192,0.812322,0.905110,142.737601,1.046002,0.697334,1.000000,0.879910,101.020574,0.000000,False,False,False,,,,1170,17,0.882353,0.789474
0.000000,0.000000,79.000000,1.000000,0.000000,0.000000,1.000000,0.000000,0.000000,0.000000,8.445737,2.000000,0.950000,0.950000,1.000000,1.000000,0.000000,0.147627,0.824708,0.905470,141.842926,1.044356,0.696237,1.000000,0.894676,100.220689,0.000000,False,False,False,,,,1171,17,0.882353,0.789474
0.000000,0.000000,79.000000,1.000000,0.000000,0.000000,1.000000,0.000000,0.000000,0.000000,8.449844,2.000000,0.950000,0.950000,1.000000,1.000000,0.000000,0.118443,0.834768,0.919532,140.945351,1.041472,0.694314,1.000000,0.897574,99.420775,0.000000,False,False,False,,,,1172,17,0.882353,0.789474
0.000000,0.000000,79.000000,1.000000,0.000000,0.000000,1.000000,0.000000,0.000000,0.000000,8.465592,2.000000,0.950000,0.950000,1.000000,1.000000,0.000000,0.133852,0.834346,0.932676,140.041460,1.038966,0.692644,1.000000,0.903891,98.620827,0.000000,False,False,False,,,,1173,17,0.882353,0.789474
0.000000,0.000000,79.000000,1.000000,0.000000,0.000000,1.000000,0.000000,0.000000,0.000000,8.460548,2.000000,0.950000,0.950000,1.000000,1.000000,0.000000,0.132052,0.850072,0.918012,139.150086,1.036620,0.691080,1.000000,0.891374,97.820850,0.000000,False,False,False,,,,1174,17,0.882353,0.789474
0.000000,0.000000,79.000000,1.000000,0.000000,0.000000,1.000000,0.000000,0.000000,0.000000,8.477124,2.000000,0.950000,0.950000,1.000000,1.000000,0.000000,0.139128,0.847219,0.911211,138.293596,1.034186,0.689457,1.000000,0.856489,97.020879,0.000000,False,False,False,,,,1175,17,0.882353,0.750000
0.000000,0.000000,79.000000,1.000000,0.000000,0.000000,1.000000,0.000000,0.000000,0.000000,8.485098,2.000000,0.950000,0.950000,1.000000,1.000000,0.000000,0.143469,0.846445,0.909025,137.439211,1.031789,0.687860,1.000000,0.854386,96.220896,0.000000,False,False,False,,,,1176,17,0.882353,0.750000
0.000000,0.000000,79.000000,1.000000,0.000000,0.000000,1.000000,0.000000,0.000000,0.000000,8.500943,2.000000,0.950000,0.950000,1.000000,1.000000,0.000000,0.142471,0.856965,0.901739,136.590287,1.029452,0.686301,1.000000,0.848923,95.420910,0.000000,False,False,False,,,,1177,17,0.888889,0.800000
0.000000,0.000000,79.000000,1.000000,0.000000,0.000000,1.000000,0.000000,0.000000,0.000000,8.507693,2.000000,0.950000,0.950000,1.000000,1.000000,0.000000,0.131331,0.890920,0.913109,135.732919,1.027176,0.684784,1.000000,0.857369,94.620920,0.000000,False,False,False,,,,1178,17,0.941176,0.800000
0.000000,0.000000,79.000000,1.000000,0.000000,0.000000,1.000000,0.000000,0.000000,0.000000,8.542470,2.000000,0.950000,0.950000,1.000000,1.000000,0.000000,0.115117,0.890914,0.925004,134.851045,1.024896,0.683264,1.000000,0.881874,93.834331,0.000000,False,False,False,0.983237,1.000000,0.966474,1179,17,0.937500,0.789474
0.000000,0.000000,79.000000,1.000000,0.000000,0.000000,1.000000,0.000000,0.000000,0.000000,8.562381,2.000000,0.950000,0.950000,1.000000,1.000000,0.000000,0.096002,0.923049,0.941338,133.938047,1.022703,0.681802,1.000000,0.912998,93.041146,0.000000,False,False,False,0.991481,1.000000,0.982963,1180,17,0.937500,0.789474
0.000000,0.000000,79.000000,1.000000,0.000000,0.000000,1.000000,0.000000,0.000000,0.000000,8.573674,2.000000,0.950000,0.950000,1.000000,1.000000,0.000000,0.094939,0.914268,0.941892,133.022842,1.020552,0.680368,1.000000,0.915205,92.247149,0.000000,False,False,False,0.992496,1.000000,0.984992,1181,17,0.937500,0.789474
0.000000,0.000000,79.000000,1.000000,0.000000,0.000000,1.000000,0.000000,0.000000,0.000000,8.575921,2.000000,0.950000,0.950000,1.000000,1.000000,0.000000,0.125132,0.908266,0.938016,132.118550,1.018444,0.678963,1.000000,0.904291,91.454850,0.000000,False,False,False,0.990373,1.000000,0.980747,1182,17,0.937500,0.789474
0.000000,0.000000,79.000000,1.000000,0.000000,0.000000,1.000000,0.000000,0.000000,0.000000,8.618937,2.000000,0.950000,0.950000,1.000000,1.000000,0.000000,0.115931,0.889305,0.931156,131.237047,1.016229,0.677486,1.000000,0.881504,90.661373,0.000000,False,False,False,0.991846,1.000000,0.983693,1183,17,0.937500,0.714286
0.000000,0.000000,79.000000,1.000000,0.000000,0.000000,1.000000,0.000000,0.000000,0.000000,8.649691,2.000000,0.950000,0.950000,1.000000,1.000000,0.000000,0.085634,0.929349,0.954161,130.316476,1.014054,0.676036,1.000000,0.920571,89.875546,0.000000,False,False,False,0.982284,1.000000,0.964569,1184,17,0.875000,0.700000
0.000000,0.000000,79.000000,1.000000,0.000000,0.000000,1.000000,0.000000,0.000000,0.000000,8.737301,2.000000,0.950000,0.950000,1.000000,1.000000,0.000000,0.106367,0.923266,0.940802,129.394528,1.011907,0.674604,1.000000,0.921948,89.086399,0.000000,False,False,False,0.986433,1.000000,0.972866,1185,17,0.875000,0.700000
0.000000,0.000000,79.000000,1.000000,0.000000,0.000000,1.000000,0.000000,0.000000,0.000000,8.823161,2.000000,0.950000,0.950000,1.000000,1.000000,0.000000,0.128651,0.859445,0.905774,128.528209,1.009742,0.673161,1.000000,0.866319,88.295155,0.000000,False,False,False,0.989055,1.000000,0.978110,1186,17,0.875000,0.700000
0.000000,0.000000,79.000000,1.000000,0.000000,0.000000,1.000000,0.000000,0.000000,0.000000,8.923071,2.000000,0.950000,0.950000,1.000000,1.000000,0.000000,0.126112,0.861116,0.910810,127.652211,1.007572,0.671715,1.000000,0.875998,87.514699,0.000000,False,False,False,0.975570,1.000000,0.951141,1187,17,0.875000,0.700000
0.000000,0.000000,79.000000,1.000000,0.000000,0.000000,1.000000,0.000000,0.000000,0.000000,8.896526,2.000000,0.950000,0.950000,1.000000,1.000000,0.000000,0.131578,0.880306,0.906308,126.763448,1.005568,0.670379,1.000000,0.888764,86.723366,0.000000,False,False,False,0.989166,1.000000,0.978331,1188,17,0.875000,0.700000
0.000000,0.000000,79.000000,1.000000,0.000000,0.000000,1.000000,0.000000,0.000000,0.000000,8.858379,2.000000,0.950000,0.950000,1.000000,1.000000,0.000000,0.119035,0.862040,0.914774,125.892571,1.003748,0.669165,1.000000,0.870877,85.935072,0.000000,False,False,False,0.985367,1.000000,0.970735,1189,17,0.875000,0.700000
0.000000,0.000000,79.000000,1.000000,0.000000,0.000000,1.000000,0.000000,0.000000,0.000000,8.821509,2.000000,0.950000,0.950000,1.000000,1.000000,0.000000,0.137160,0.850203,0.897929,125.035975,1.001723,0.667815,1.000000,0.856596,85.150204,0.000000,False,False,False,0.981085,1.000000,0.962170,1190,17,0.875000,0.700000
0.000000,0.000000,79.000000,1.000000,0.000000,0.000000,1.000000,0.000000,0.000000,0.000000,8.785577,2.000000,0.950000,0.950000,1.000000,1.000000,0.000000,0.104947,0.896775,0.937372,124.125199,0.999789,0.666526,1.000000,0.910776,84.364816,0.000000,False,False,False,0.981736,1.000000,0.963472,1191,17,0.875000,0.700000
0.000000,0.000000,79.000000,1.000000,0.000000,0.000000,1.000000,0.000000,0.000000,0.000000,8.750437,2.000000,0.950000,0.950000,1.000000,1.000000,0.000000,0.134133,0.875459,0.933675,123.250084,0.997656,0.665104,1.000000,0.875115,83.583771,0.000000,False,False,False,0.976306,1.000000,0.952613,1192,17,0.875000,0.700000
0.000000,0.000000,79.000000,1.000000,0.000000,0.000000,1.000000,0.000000,0.000000,0.000000,8.711951,2.000000,0.950000,0.950000,1.000000,1.000000,0.000000,0.126141,0.852230,0.931553,122.384249,0.995653,0.663768,1.000000,0.865835,82.798556,0.000000,False,False,False,0.981518,1.000000,0.963037,1193,17,0.875000,0.700000
0.000000,0.000000,79.000000,1.000000,0.000000,0.000000,1.000000,0.000000,0.000000,0.000000,8.686901,2.000000,0.950000,0.950000,1.000000,1.000000,0.000000,0.107841,0.877769,0.945012,121.487543,0.993750,0.662500,1.000000,0.896706,82.017262,0.000000,False,False,False,0.976618,1.000000,0.953236,1194,17,0.875000,0.700000
0.000000,0.000000,79.000000,1.000000,0.000000,0.000000,1.000000,0.000000,0.000000,0.000000,8.659338,2.000000,0.950000,0.950000,1.000000,1.000000,0.000000,0.115840,0.869379,0.939008,120.612225,0.991883,0.661255,1.000000,0.875319,81.230895,0.000000,False,False,False,0.982958,1.000000,0.965916,1195,17,0.875000,0.700000
0.000000,0.000000,79.000000,1.000000,0.000000,0.000000,1.000000,0.000000,0.000000,0.000000,8.636052,2.000000,0.950000,0.950000,1.000000,1.000000,0.000000,0.152719,0.827506,0.903372,119.777755,0.990158,0.660105,1.000000,0.834470,80.442343,0.000000,False,False,False,0.985691,1.000000,0.971381,1196,17,0.875000,0.700000
0.000000,0.000000,79.000000,1.000000,0.000000,0.000000,1.000000,0.000000,0.000000,0.000000,8.617451,1.000000,1.000000,1.000000,1.000000,0.000000,0.000000,0.146152,0.841453,0.910570,118.939815,0.988269,0.658846,1.000000,0.837940,79.659551,0.000000,False,False,False,0.978489,1.000000,0.956979,1197,17,0.875000,0.700000
0.000000,0.000000,79.000000,1.000000,0.000000,0.000000,1.000000,0.000000,0.000000,0.000000,8.594322,1.000000,1.000000,1.000000,1.000000,0.000000,0.000000,0.140519,0.825615,0.910750,118.096519,0.986116,0.657410,1.000000,0.843296,78.874437,0.000000,False,False,False,0.981393,1.000000,0.962785,1198,17,0.875000,0.700000
0.000000,0.000000,79.000000,1.000000,0.000000,0.000000,1.000000,0.000000,0.000000,0.000000,8.574241,1.000000,1.000000,1.000000,1.000000,0.000000,0.000000,0.148454,0.798615,0.904427,117.274224,0.983963,0.655976,1.000000,0.822295,78.089381,0.000000,False,False,False,0.981320,1.000000,0.962640,1199,17,0.875000,0.700000
0.000000,0.000000,79.000000,1.000000,0.000000,0.000000,1.000000,0.000000,0.000000,0.000000,8.562795,1.000000,1.000000,1.000000,1.000000,0.000000,0.000000,0.158141,0.784098,0.862688,116.463124,0.981756,0.654504,1.000000,0.811100,77.303198,0.000000,False,False,False,0.982729,1.000000,0.965457,1200,17,0.875000,0.700000
0.000000,0.000000,79.000000,1.000000,0.000000,0.000000,1.000000,0.000000,0.000000,0.000000,8.550270,1.000000,1.000000,1.000000,1.000000,0.000000,0.000000,0.119279,0.824599,0.917763,115.614357,0.979769,0.653179,1.000000,0.848767,76.516698,0.000000,False,False,False,0.983125,1.000000,0.966250,1201,17,0.875000,0.700000
0.000000,0.000000,79.000000,1.000000,0.000000,0.000000,1.000000,0.000000,0.000000,0.000000,8.545860,1.000000,1.000000,1.000000,1.000000,0.000000,0.000000,0.131864,0.823816,0.910690,114.755070,0.977792,0.651861,1.000000,0.859287,75.723443,0.000000,False,False,False,0.991569,1.000000,0.983137,1202,17,0.875000,0.700000
0.000000,0.000000,79.000000,1.000000,0.000000,0.000000,1.000000,0.000000,0.000000,0.000000,8.550227,1.000000,1.000000,1.000000,1.000000,0.000000,0.000000,0.115535,0.837425,0.902091,113.919095,0.975367,0.650245,1.000000,0.835975,74.934371,0.000000,False,False,False,0.986340,1.000000,0.972679,1203,17,0.823529,0.700000
0.000000,0.000000,79.000000,1.000000,0.000000,0.000000,1.000000,0.000000,0.000000,0.000000,8.543723,1.000000,1.000000,1.000000,1.000000,0.000000,0.000000,0.113864,0.843138,0.897861,113.047852,0.973117,0.648745,1.000000,0.871242,74.143330,0.000000,False,False,False,0.988801,1.000000,0.977603,1204,17,0.823529,0.700000
0.000000,0.000000,79.000000,1.000000,0.000000,0.000000,1.000000,0.000000,0.000000,0.000000,8.540946,1.000000,1.000000,1.000000,1.000000,0.000000,0.000000,0.132590,0.848108,0.872198,112.179735,0.970910,0.647273,1.000000,0.868118,73.351361,0.000000,False,False,False,0.989962,1.000000,0.979923,1205,17,0.823529,0.700000
0.000000,0.000000,79.000000,1.000000,0.000000,0.000000,1.000000,0.000000,0.000000,0.000000,8.529075,1.000000,1.000000,1.000000,1.000000,0.000000,0.000000,0.152706,0.834591,0.855331,111.387160,0.968685,0.645790,1.000000,0.792574,72.570938,0.000000,False,False,False,0.975529,1.000000,0.951058,1206,17,0.823529,0.700000
0.000000,0.000000,79.000000,1.000000,0.000000,0.000000,1.000000,0.000000,0.000000,0.000000,8.520410,1.000000,1.000000,1.000000,1.000000,0.000000,0.000000,0.114415,0.848639,0.894119,110.521134,0.966440,0.644293,1.000000,0.866026,71.785430,0.000000,False,False,False,0.981885,1.000000,0.963770,1207,17,0.777778,0.700000
0.000000,0.000000,79.000000,1.000000,0.000000,0.000000,1.000000,0.000000,0.000000,0.000000,8.517646,1.000000,1.000000,1.000000,1.000000,0.000000,0.000000,0.132864,0.847711,0.887005,109.640279,0.964290,0.642860,1.000000,0.880855,70.997731,0.000000,False,False,False,0.984624,1.000000,0.969247,1208,17,0.777778,0.700000
0.000000,0.000000,79.000000,1.000000,0.000000,0.000000,1.000000,0.000000,0.000000,0.000000,8.511119,1.000000,1.000000,1.000000,1.000000,0.000000,0.000000,0.118415,0.843664,0.905640,108.803899,0.962105,0.641403,1.000000,0.836380,70.214980,0.000000,False,False,False,0.978438,1.000000,0.956876,1209,17,0.823529,0.700000
0.000000,0.000000,79.000000,1.000000,0.000000,0.000000,1.000000,0.000000,0.000000,0.000000,8.506530,1.000000,1.000000,1.000000,1.000000,0.000000,0.000000,0.171201,0.835555,0.867462,107.978350,0.960044,0.640029,1.000000,0.825549,69.429448,0.000000,False,False,False,0.981916,1.000000,0.963832,1210,17,0.823529,0.700000
0.000000,0.000000,79.000000,1.000000,0.000000,0.000000,1.000000,0.000000,0.000000,0.000000,8.498578,1.000000,1.000000,1.000000,1.000000,0.000000,0.000000,0.112844,0.862217,0.911898,107.150115,0.958214,0.638810,1.000000,0.828235,68.656619,0.000000,False,False,False,0.966035,1.000000,0.932071,1211,17,0.823529,0.700000
0.000000,0.000000,79.000000,1.000000,0.000000,0.000000,1.000000,0.000000,0.000000,0.000000,8.492411,1.000000,1.000000,1.000000,1.000000,0.000000,0.000000,0.126612,0.851627,0.895439,106.326126,0.956407,0.637604,1.000000,0.823989,67.868936,0.000000,False,False,False,0.984604,1.000000,0.969208,1212,17,0.823529,0.700000
0.000000,0.000000,79.000000,1.000000,0.000000,0.000000,1.000000,0.000000,0.000000,0.000000,8.485628,1.000000,1.000000,1.000000,1.000000,0.000000,0.000000,0.128679,0.856694,0.901685,105.475281,0.954753,0.636502,1.000000,0.850845,67.080508,0.000000,False,False,False,0.985535,1.000000,0.971069,1213,17,0.823529,0.700000
0.000000,0.000000,79.000000,1.000000,0.000000,0.000000,1.000000,0.000000,0.000000,0.000000,8.486120,1.000000,1.000000,1.000000,1.000000,0.000000,0.000000,0.132977,0.838020,0.898107,104.653365,0.953387,0.635592,1.000000,0.821916,66.294040,0.000000,False,False,False,0.983085,1.000000,0.966171,1214,17,0.823529,0.700000
0.000000,0.000000,79.000000,1.000000,0.000000,0.000000,1.000000,0.000000,0.000000,0.000000,8.486524,1.000000,1.000000,1.000000,1.000000,0.000000,0.000000,0.125363,0.858237,0.904159,103.813666,0.951737,0.634491,1.000000,0.839699,65.522095,0.000000,False,False,False,0.964932,1.000000,0.929864,1215,17,0.875000,0.700000
0.000000,0.000000,79.000000,1.000000,0.000000,0.000000,1.000000,0.000000,0.000000,0.000000,8.488401,1.000000,1.000000,1.000000,1.000000,0.000000,0.000000,0.114699,0.860877,0.913800,102.944947,0.950430,0.633620,1.000000,0.868719,64.735374,0.000000,False,False,False,0.983400,1.000000,0.966800,1216,17,0.875000,0.700000
0.000000,0.000000,79.000000,1.000000,0.000000,0.000000,1.000000,0.000000,0.000000,0.000000,8.480313,1.000000,1.000000,1.000000,1.000000,0.000000,0.000000,0.121662,0.836231,0.908946,102.111996,0.949335,0.632890,1.000000,0.832951,63.945392,0.000000,False,False,False,0.987478,1.000000,0.974957,1217,17,0.875000,0.700000
0.000000,0.000000,79.000000,1.000000,0.000000,0.000000,1.000000,0.000000,0.000000,0.000000,8.478785,1.000000,1.000000,1.000000,1.000000,0.000000,0.000000,0.129730,0.843012,0.895439,101.280195,0.948195,0.632130,1.000000,0.831801,63.155681,0.000000,False,False,False,0.987139,1.000000,0.974278,1218,17,0.875000,0.700000
0.000000,0.000000,79.000000,1.000000,0.000000,0.000000,1.000000,0.000000,0.000000,0.000000,8.482701,1.000000,1.000000,1.000000,1.000000,0.000000,0.000000,0.134962,0.856918,0.902506,100.438233,0.947227,0.631485,1.000000,0.841962,62.379672,0.000000,False,False,False,0.970010,1.000000,0.940021,1219,17,0.875000,0.700000
0.000000,0.000000,79.000000,1.000000,0.000000,0.000000,1.000000,0.000000,0.000000,0.000000,8.494910,1.000000,1.000000,1.000000,1.000000,0.000000,0.000000,0.144208,0.858848,0.898388,99.601231,0.946124,0.630749,1.000000,0.837003,61.592511,0.000000,False,False,False,0.983951,1.000000,0.967903,1220,17,0.875000,0.700000
0.000000,0.000000,79.000000,1.000000,0.000000,0.000000,1.000000,0.000000,0.000000,0.000000,8.496904,1.000000,1.000000,1.000000,1.000000,0.000000,0.000000,0.115340,0.855979,0.901956,98.776756,0.944865,0.629910,1.000000,0.824474,60.809696,0.000000,False,False,False,0.978519,1.000000,0.957038,1221,17,0.882353,0.750000
0.000000,0.000000,79.000000,1.000000,0.000000,0.000000,1.000000,0.000000,0.000000,0.000000,8.495143,1.000000,1.000000,1.000000,1.000000,0.000000,0.000000,0.144071,0.854702,0.876409,97.925147,0.943830,0.629220,1.000000,0.851609,60.025672,0.000000,False,False,False,0.980030,1.000000,0.960060,1222,17,0.882353,0.750000
0.000000,0.000000,79.000000,1.000000,0.000000,0.000000,1.000000,0.000000,0.000000,0.000000,8.494526,1.000000,1.000000,1.000000,1.000000,0.000000,0.000000,0.177309,0.857302,0.857222,97.096258,0.942688,0.628459,1.000000,0.828890,59.238419,0.000000,False,False,False,0.984066,1.000000,0.968132,1223,17,0.882353,0.750000
0.000000,0.000000,79.000000,1.000000,0.000000,0.000000,1.000000,0.000000,0.000000,0.000000,8.511141,1.000000,1.000000,1.000000,1.000000,0.000000,0.000000,0.106505,0.807722,0.896713,96.285610,0.941914,0.627943,1.000000,0.810648,58.451210,0.000000,False,False,False,0.984012,1.000000,0.968023,1224,17,0.882353,0.750000
0.000000,0.000000,79.000000,1.000000,0.000000,0.000000,1.000000,0.000000,0.000000,0.000000,8.517677,1.000000,1.000000,1.000000,1.000000,0.000000,0.000000,0.161379,0.885005,0.866730,95.433296,0.941013,0.627342,1.000000,0.852314,57.672600,0.000000,False,False,False,0.973262,1.000000,0.946524,1225,17,0.937500,0.750000
0.000000,0.000000,79.000000,1.000000,0.000000,0.000000,1.000000,0.000000,0.000000,0.000000,8.501838,1.000000,1.000000,1.000000,1.000000,0.000000,0.000000,0.140644,0.833629,0.888290,94.623580,0.940033,0.626689,1.000000,0.809716,56.884174,0.000000,False,False,False,0.985533,1.000000,0.971066,1226,17,0.937500,0.750000
0.000000,0.000000,79.000000,1.000000,0.000000,0.000000,1.000000,0.000000,0.000000,0.000000,8.505123,1.000000,1.000000,1.000000,1.000000,0.000000,0.000000,0.155769,0.825502,0.881561,93.817581,0.939161,0.626107,1.000000,0.805999,56.090875,0.000000,False,False,False,0.991623,1.000000,0.983247,1227,17,1.000000,0.750000
0.000000,0.000000,79.000000,1.000000,0.000000,0.000000,1.000000,0.000000,0.000000,0.000000,8.649323,1.000000,1.000000,1.000000,1.000000,0.000000,0.000000,0.115319,0.844100,0.907929,92.979088,0.938228,0.625486,1.000000,0.838493,55.301874,0.000000,False,False,False,0.986252,1.000000,0.972503,1228,17,1.000000,0.750000
0.000000,0.000000,79.000000,1.000000,0.000000,0.000000,1.000000,0.000000,0.000000,0.000000,8.654457,1.000000,1.000000,1.000000,1.000000,0.000000,0.000000,0.153596,0.854358,0.882414,92.137926,0.937390,0.624926,1.000000,0.841162,54.523163,0.000000,False,False,False,0.973389,1.000000,0.946778,1229,17,1.000000,0.750000
0.000000,0.000000,79.000000,1.000000,0.000000,0.000000,1.000000,0.000000,0.000000,0.000000,8.712102,1.000000,1.000000,1.000000,1.000000,0.000000,0.000000,0.125019,0.837189,0.902175,91.315209,0.936364,0.624242,1.000000,0.822717,53.735543,0.000000,False,False,False,0.984525,1.000000,0.969050,1230,17,1.000000,0.750000
0.000000,0.000000,79.000000,1.000000,0.000000,0.000000,1.000000,0.000000,0.000000,0.000000,8.761612,1.000000,1.000000,1.000000,1.000000,0.000000,0.000000,0.123205,0.839297,0.901039,90.482270,0.935581,0.623721,1.000000,0.832939,52.944665,0.000000,False,False,False,0.988597,1.000000,0.977195,1231,17,1.000000,0.750000
0.000000,0.000000,79.000000,1.000000,0.000000,0.000000,1.000000,0.000000,0.000000,0.000000,8.793372,1.000000,1.000000,1.000000,1.000000,0.000000,0.000000,0.145512,0.842913,0.890338,89.653985,0.934586,0.623057,1.000000,0.828285,52.157186,0.000000,False,False,False,0.984349,1.000000,0.968698,1232,17,1.000000,0.750000
0.000000,0.000000,79.000000,1.000000,0.000000,0.000000,1.000000,0.000000,0.000000,0.000000,8.810847,1.000000,1.000000,1.000000,1.000000,0.000000,0.000000,0.103105,0.835353,0.912878,88.816198,0.933802,0.622535,1.000000,0.837787,51.368758,0.000000,False,False,False,0.985534,1.000000,0.971069,1233,17,1.000000,0.750000
0.000000,0.000000,79.000000,1.000000,0.000000,0.000000,1.000000,0.000000,0.000000,0.000000,8.823590,1.000000,1.000000,1.000000,1.000000,0.000000,0.000000,0.155036,0.848434,0.881598,87.973581,0.932774,0.621849,1.000000,0.842617,50.577570,0.000000,False,False,False,0.988985,1.000000,0.977971,1234,17,1.000000,0.750000
0.000000,0.000000,79.000000,1.000000,0.000000,0.000000,1.000000,0.000000,0.000000,0.000000,8.806956,1.000000,1.000000,1.000000,1.000000,0.000000,0.000000,0.156387,0.814717,0.879806,87.161470,0.931978,0.621319,1.000000,0.812112,49.791927,0.000000,False,False,False,0.982053,1.000000,0.964107,1235,17,1.000000,0.750000
0.000000,0.000000,79.000000,1.000000,0.000000,0.000000,1.000000,0.000000,0.000000,0.000000,8.791959,1.000000,1.000000,1.000000,1.000000,0.000000,0.000000,0.115927,0.807105,0.915343,86.328751,0.930951,0.620634,1.000000,0.832719,49.004475,0.000000,False,False,False,0.984316,1.000000,0.968631,1236,17,1.000000,0.750000
0.000000,0.000000,79.000000,1.000000,0.000000,0.000000,1.000000,0.000000,0.000000,0.000000,8.778948,1.000000,1.000000,1.000000,1.000000,0.000000,0.000000,0.155504,0.822230,0.873518,85.487605,0.929870,0.619913,1.000000,0.841146,48.215936,0.000000,False,False,False,0.985674,1.000000,0.971347,1237,17,1.000000,0.750000
0.000000,0.000000,79.000000,1.000000,0.000000,0.000000,1.000000,0.000000,0.000000,0.000000,8.764826,1.000000,1.000000,1.000000,1.000000,0.000000,0.000000,0.141879,0.809361,0.879520,84.655486,0.928489,0.618993,1.000000,0.832119,47.436704,0.000000,False,False,False,0.974040,1.000000,0.948081,1238,17,1.000000,0.714286
0.000000,0.000000,79.000000,1.000000,0.000000,0.000000,1.000000,0.000000,0.000000,0.000000,8.749617,1.000000,1.000000,1.000000,1.000000,0.000000,0.000000,0.143888,0.834346,0.877342,83.813682,0.927433,0.618289,1.000000,0.841805,46.651050,0.000000,False,False,False,0.982068,1.000000,0.964135,1239,17,1.000000,0.714286
0.000000,0.000000,79.000000,1.000000,0.000000,0.000000,1.000000,0.000000,0.000000,0.000000,8.734223,1.000000,1.000000,1.000000,1.000000,0.000000,0.000000,0.140820,0.837176,0.884449,82.967338,0.926049,0.617366,1.000000,0.846344,45.858207,0.000000,False,False,False,0.991053,1.000000,0.982107,1240,17,1.000000,0.681818
0.000000,0.000000,79.000000,1.000000,0.000000,0.000000,1.000000,0.000000,0.000000,0.000000,8.696488,1.000000,1.000000,1.000000,1.000000,0.000000,0.000000,0.134652,0.830387,0.886726,82.125682,0.925026,0.616684,1.000000,0.841656,45.064891,0.000000,False,False,False,0.991645,1.000000,0.983290,1241,17,1.000000,0.681818
0.000000,0.000000,79.000000,1.000000,0.000000,0.000000,1.000000,0.000000,0.000000,0.000000,8.691341,1.000000,1.000000,1.000000,1.000000,0.000000,0.000000,0.139793,0.788911,0.879289,81.302675,0.923723,0.615816,1.000000,0.823006,44.277991,0.000000,False,False,False,0.983625,1.000000,0.967249,1242,17,1.000000,0.681818
0.000000,0.000000,79.000000,1.000000,0.000000,0.000000,1.000000,0.000000,0.000000,0.000000,8.664849,1.000000,1.000000,1.000000,1.000000,0.000000,0.000000,0.133178,0.806205,0.887299,80.464089,0.922277,0.614852,1.000000,0.838587,43.494763,0.000000,False,False,False,0.979035,1.000000,0.958071,1243,17,1.000000,0.681818
0.000000,0.000000,79.000000,1.000000,0.000000,0.000000,1.000000,0.000000,0.000000,0.000000,8.662092,1.000000,1.000000,1.000000,1.000000,0.000000,0.000000,0.126784,0.800300,0.890688,79.635306,0.921010,0.614007,1.000000,0.828783,42.706322,0.000000,False,False,False,0.985551,1.000000,0.971102,1244,17,1.000000,0.681818
0.000000,0.000000,79.000000,1.000000,0.000000,0.000000,1.000000,0.000000,0.000000,0.000000,8.623935,1.000000,1.000000,1.000000,1.000000,0.000000,0.000000,0.141536,0.800961,0.881235,78.804031,0.919765,0.613176,1.000000,0.831275,41.914679,0.000000,False,False,False,0.989554,1.000000,0.979108,1245,17,1.000000,0.681818
0.000000,0.000000,79.000000,1.000000,0.000000,0.000000,1.000000,0.000000,0.000000,0.000000,8.593789,1.000000,1.000000,1.000000,1.000000,0.000000,0.000000,0.150861,0.772964,0.868502,77.991722,0.918146,0.612098,1.000000,0.812308,41.127791,0.000000,False,False,False,0.983610,1.000000,0.967219,1246,17,1.000000,0.681818
0.000000,0.000000,79.000000,1.000000,0.000000,0.000000,1.000000,0.000000,0.000000,0.000000,8.571600,1.000000,1.000000,1.000000,1.000000,0.000000,0.000000,0.188549,0.777319,0.835130,77.179825,0.916635,0.611090,1.000000,0.811897,40.343958,0.000000,False,False,False,0.979791,1.000000,0.959583,1247,17,1.000000,0.681818
0.000000,0.000000,79.000000,1.000000,0.000000,0.000000,1.000000,0.000000,0.000000,0.000000,8.556300,1.000000,1.000000,1.000000,1.000000,0.000000,0.000000,0.144544,0.763870,0.870358,76.383397,0.915104,0.610069,1.000000,0.796428,39.561800,0.000000,False,False,False,0.977697,1.000000,0.955394,1248,17,1.000000,0.681818
0.000000,0.000000,79.000000,1.000000,0.000000,0.000000,1.000000,0.000000,0.000000,0.000000,8.557987,1.000000,1.000000,1.000000,1.000000,0.000000,0.000000,0.182073,0.780987,0.857088,75.568543,0.913682,0.609121,1.000000,0.814854,38.770119,0.000000,False,False,False,0.989601,1.000000,0.979203,1249,17,1.000000,0.681818
0.000000,0.000000,79.000000,1.000000,0.000000,0.000000,1.000000,0.000000,0.000000,0.000000,8.580952,1.000000,1.000000,1.000000,1.000000,0.000000,0.000000,0.196609,0.772752,0.841316,74.775941,0.912279,0.608186,1.000000,0.792602,37.981571,0.000000,False,False,False,0.985685,1.000000,0.971369,1250,17,1.000000,0.681818
0.000000,0.000000,79.000000,1.000000,0.000000,0.000000,1.000000,0.000000,0.000000,0.000000,8.628572,1.000000,1.000000,1.000000,1.000000,0.000000,0.000000,0.142863,0.727487,0.890912,74.016890,0.910878,0.607252,1.000000,0.759052,37.196334,0.000000,False,False,False,0.981546,1.000000,0.963093,1251,17,1.000000,0.681818
0.000000,0.000000,79.000000,1.000000,0.000000,0.000000,1.000000,0.000000,0.000000,0.000000,8.707671,1.000000,1.000000,1.000000,1.000000,0.000000,0.000000,0.209247,0.762293,0.849244,73.233877,0.909523,0.606349,1.000000,0.783012,36.407194,0.000000,False,False,False,0.986425,1.000000,0.972850,1252,17,1.000000,0.681818
0.000000,0.000000,79.000000,1.000000,0.000000,0.000000,1.000000,0.000000,0.000000,0.000000,8.715263,1.000000,1.000000,1.000000,1.000000,0.000000,0.000000,0.184594,0.714610,0.868500,72.486483,0.908078,0.605386,1.000000,0.747395,35.629791,0.000000,False,False,False,0.971754,1.000000,0.943509,1253,17,1.000000,0.681818
0.000000,0.000000,79.000000,1.000000,0.000000,0.000000,1.000000,0.000000,0.000000,0.000000,8.740888,1.000000,1.000000,1.000000,1.000000,0.000000,0.000000,0.212850,0.737081,0.851955,71.704875,0.906501,0.604334,1.000000,0.781608,34.861490,0.000000,False,False,False,0.960376,1.000000,0.920751,1254,17,1.000000,0.681818
0.000000,0.000000,79.000000,1.000000,0.000000,0.000000,1.000000,0.000000,0.000000,0.000000,8.671704,1.000000,1.000000,1.000000,1.000000,0.000000,0.000000,0.164604,0.705006,0.879504,70.979245,0.905057,0.603371,1.000000,0.725629,34.084148,0.000000,False,False,False,0.971678,1.000000,0.943356,1255,17,1.000000,0.681818
0.000000,0.000000,79.000000,1.000000,0.000000,0.000000,1.000000,0.000000,0.000000,0.000000,8.639817,1.000000,1.000000,1.000000,1.000000,0.000000,0.000000,0.221943,0.718603,0.851025,70.212140,0.903616,0.602411,1.000000,0.767105,33.308712,0.000000,False,False,False,0.969294,1.000000,0.938589,1256,17,1.000000,0.681818
0.000000,0.000000,79.000000,1.000000,0.000000,0.000000,1.000000,0.000000,0.000000,0.000000,8.506001,1.000000,1.000000,1.000000,1.000000,0.000000,0.000000,0.197286,0.675789,0.859862,69.464876,0.902270,0.601513,1.000000,0.747264,32.526654,0.000000,False,False,False,0.977573,1.000000,0.955146,1257,17,1.000000,0.681818
0.000000,0.000000,79.000000,1.000000,0.000000,0.000000,1.000000,0.000000,0.000000,0.000000,8.493822,1.000000,1.000000,1.000000,1.000000,0.000000,0.000000,0.209010,0.685667,0.869330,68.705289,0.900724,0.600483,1.000000,0.759588,31.762823,0.000000,False,False,False,0.954789,1.000000,0.909578,1258,17,1.000000,0.681818
0.000000,0.000000,79.000000,1.000000,0.000000,0.000000,1.000000,0.000000,0.000000,0.000000,8.368513,1.000000,1.000000,1.000000,1.000000,0.000000,0.000000,0.198736,0.663924,0.868812,67.952502,0.899322,0.599548,1.000000,0.752787,30.987970,0.000000,False,False,False,0.968565,1.000000,0.937130,1259,17,1.000000,0.681818
0.000000,0.000000,79.000000,1.000000,0.000000,0.000000,1.000000,0.000000,0.000000,0.000000,8.240429,1.000000,1.000000,1.000000,1.000000,0.000000,0.000000,0.215825,0.664265,0.859642,67.214307,0.898022,0.598681,1.000000,0.738195,30.208594,0.000000,False,False,False,0.974220,1.000000,0.948441,1260,17,1.000000,0.681818
0.000000,0.000000,79.000000,1.000000,0.000000,0.000000,1.000000,0.000000,0.000000,0.000000,8.177328,1.000000,1.000000,1.000000,1.000000,0.000000,0.000000,0.203430,0.658922,0.862514,66.459007,0.896692,0.597794,1.000000,0.755301,29.430865,0.000000,False,False,False,0.972161,1.000000,0.944322,1261,17,1.000000,0.681818
0.000000,0.000000,79.000000,1.000000,0.000000,0.000000,1.000000,0.000000,0.000000,0.000000,8.100282,1.000000,1.000000,1.000000,1.000000,0.000000,0.000000,0.219714,0.654349,0.844414,65.740181,0.895165,0.596777,1.000000,0.718826,28.671839,0.000000,False,False,False,0.948782,1.000000,0.897565,1262,17,1.000000,0.681818
0.000000,0.000000,79.000000,1.000000,0.000000,0.000000,1.000000,0.000000,0.000000,0.000000,8.045007,1.000000,1.000000,1.000000,1.000000,0.000000,0.000000,0.253305,0.683746,0.820385,64.998312,0.893808,0.595872,1.000000,0.741869,27.898385,0.000000,False,False,False,0.966818,1.000000,0.933636,1263,17,1.000000,0.681818
0.000000,0.000000,79.000000,1.000000,0.000000,0.000000,1.000000,0.000000,2.000000,0.000000,7.739360,1.000000,1.000000,1.000000,1.000000,0.000000,0.000000,0.224815,0.664968,0.848878,64.278264,0.892035,0.594690,1.000000,0.720048,27.161900,0.000000,False,False,False,0.920606,1.000000,0.841212,1264,17,1.000000,0.681818
0.000000,0.000000,79.000000,1.000000,0.000000,0.000000,1.000000,0.000000,0.000000,0.000000,8.246516,1.000000,1.000000,1.000000,1.000000,0.000000,0.000000,0.279748,0.622048,0.789927,63.572816,0.896015,0.597343,1.000000,0.705448,26.427022,0.000000,False,False,False,0.918597,1.000000,0.837194,1265,17,1.000000,0.681818
0.000000,0.000000,79.000000,1.000000,0.000000,0.000000,1.000000,0.000000,0.000000,0.000000,8.044818,1.000000,1.000000,1.000000,1.000000,0.000000,0.000000,0.225213,0.646960,0.834554,62.869819,0.894268,0.596178,1.000000,0.702997,25.736608,0.000000,False,False,False,0.863018,1.000000,0.726037,1266,17,1.000000,0.681818
0.000000,0.000000,79.000000,1.000000,0.000000,0.000000,1.000000,0.000000,2.000000,0.000000,7.600141,1.000000,1.000000,1.000000,1.000000,0.000000,0.000000,0.245144,0.650632,0.818133,62.135959,0.892462,0.594975,1.000000,0.733860,24.994191,0.000000,False,False,False,0.928021,1.000000,0.856042,1267,17,1.000000,0.681818
0.000000,0.000000,79.000000,1.000000,0.000000,0.000000,1.000000,0.000000,1.000000,0.000000,7.898029,1.000000,1.000000,1.000000,1.000000,0.000000,0.000000,0.278592,0.644681,0.793421,61.427096,0.897791,0.598527,1.000000,0.708863,24.250324,0.000000,False,False,False,0.929834,1.000000,0.859668,1268,17,1.000000,0.681818
0.000000,0.000000,79.000000,1.000000,0.000000,0.000000,1.000000,0.000000,0.000000,0.000000,8.274944,1.000000,1.000000,1.000000,1.000000,0.000000,0.000000,0.244083,0.600048,0.813019,60.765294,0.899563,0.599709,1.000000,0.661802,23.567171,0.000000,False,False,False,0.853942,1.000000,0.707883,1269,17,1.000000,0.681818
0.000000,0.000000,79.000000,1.000000,0.000000,0.000000,1.000000,0.000000,0.000000,0.000000,8.059354,1.000000,1.000000,1.000000,1.000000,0.000000,0.000000,0.235860,0.623261,0.831160,60.026289,0.897566,0.598377,1.000000,0.739005,22.880728,0.000000,False,False,False,0.858054,1.000000,0.716108,1270,17,1.000000,0.681818
0.000000,0.000000,79.000000,1.000000,0.000000,0.000000,1.000000,0.000000,1.000000,0.000000,7.814655,1.000000,1.000000,1.000000,1.000000,0.000000,0.000000,0.272530,0.641088,0.812823,59.298319,0.895644,0.597096,1.000000,0.727970,22.125524,0.000000,False,False,False,0.944005,1.000000,0.888010,1271,17,1.000000,0.727273
0.000000,0.000000,79.000000,1.000000,0.000000,0.000000,1.000000,0.000000,1.000000,0.000000,7.915793,1.000000,1.000000,1.000000,1.000000,0.000000,0.000000,0.253069,0.610338,0.822352,58.598596,0.896685,0.597790,1.000000,0.699723,21.390518,0.000000,False,False,False,0.918757,1.000000,0.837513,1272,17,1.000000,0.727273
0.000000,0.000000,79.000000,1.000000,0.000000,0.000000,1.000000,0.000000,0.000000,0.000000,8.008473,1.000000,1.000000,1.000000,1.000000,0.000000,0.000000,0.294167,0.640106,0.784803,57.875767,0.897700,0.598467,1.000000,0.722829,20.677625,0.000000,False,False,False,0.891116,1.000000,0.782232,1273,17,1.000000,0.727273
0.000000,0.000000,79.000000,1.000000,0.000000,0.000000,1.000000,0.000000,1.000000,0.000000,7.832965,1.000000,1.000000,1.000000,1.000000,0.000000,0.000000,0.226842,0.598451,0.844631,57.185784,0.895264,0.596842,1.000000,0.689983,20.021243,0.000000,False,False,False,0.820478,1.000000,0.640956,1274,17,1.000000,0.727273
0.000000,0.000000,79.000000,1.000000,0.000000,0.000000,1.000000,0.000000,1.000000,0.000000,7.915115,1.000000,1.000000,1.000000,1.000000,0.000000,0.000000,0.318305,0.623970,0.791019,56.466267,0.885485,0.590323,0.987500,0.719517,20.021243,0.000000,False,False,False,,,,1275,17,1.000000,0.727273
0.000000,0.000000,79.000000,1.000000,0.000000,0.000000,1.000000,0.000000,0.000000,0.000000,8.202721,1.000000,1.000000,1.000000,1.000000,0.000000,0.000000,0.267867,0.558423,0.824068,55.811160,0.875604,0.583736,0.987500,0.655107,20.021243,0.000000,False,False,False,,,,1276,17,1.000000,0.818182
0.000000,0.000000,79.000000,1.000000,0.000000,0.000000,1.000000,0.000000,0.000000,0.000000,8.099840,1.000000,1.000000,1.000000,1.000000,0.000000,0.000000,0.307476,0.595895,0.830442,55.136016,0.873372,0.582248,1.000000,0.675144,19.356669,0.000000,False,False,False,0.830717,1.000000,0.661434,1277,17,1.000000,0.900000
0.000000,0.000000,79.000000,1.000000,0.000000,0.000000,1.000000,0.000000,1.000000,0.000000,7.993646,1.000000,1.000000,1.000000,1.000000,0.000000,0.000000,0.238114,0.541969,0.849450,54.531423,0.871116,0.580744,1.000000,0.604593,18.673066,0.000000,False,False,False,0.854504,1.000000,0.709008,1278,17,1.000000,0.900000
0.000000,0.000000,79.000000,1.000000,0.000000,0.000000,1.000000,0.000000,0.000000,0.000000,8.119029,1.000000,1.000000,1.000000,1.000000,0.000000,0.000000,0.330227,0.609273,0.785983,53.850225,0.862517,0.575011,0.987500,0.681198,18.673066,0.000000,False,False,False,,,,1279,17,1.000000,0.904762
0.000000,0.000000,79.000000,1.000000,0.000000,0.000000,1.000000,0.000000,0.000000,0.000000,8.149971,1.000000,1.000000,1.000000,1.000000,0.000000,0.000000,0.252815,0.539817,0.830220,53.229976,0.860981,0.573988,1.000000,0.620249,17.988358,0.000000,False,False,False,0.855885,1.000000,0.711771,1280,17,1.000000,1.000000
0.000000,0.000000,79.000000,1.000000,0.000000,0.000000,1.000000,0.000000,0.000000,0.000000,8.210921,1.000000,1.000000,1.000000,1.000000,0.000000,0.000000,0.296254,0.603014,0.828298,52.547613,0.859090,0.572727,1.000000,0.682363,17.283408,0.000000,False,False,False,0.881188,1.000000,0.762376,1281,17,1.000000,0.952381
0.000000,0.000000,79.000000,1.000000,0.000000,0.000000,1.000000,0.000000,0.000000,0.000000,8.266103,1.000000,1.000000,1.000000,1.000000,0.000000,0.000000,0.313892,0.581309,0.806964,51.886000,0.857497,0.571664,1.000000,0.661613,16.563941,0.000000,False,False,False,0.899333,1.000000,0.798666,1282,17,1.000000,0.952381
0.000000,0.000000,79.000000,1.000000,0.000000,0.000000,1.000000,0.000000,0.000000,0.000000,8.286259,1.000000,1.000000,1.000000,1.000000,0.000000,0.000000,0.305552,0.556325,0.825130,51.250120,0.855135,0.570090,1.000000,0.635879,15.912328,0.000000,False,False,False,0.814516,1.000000,0.629032,1283,17,1.000000,0.952381
0.000000,0.000000,79.000000,1.000000,0.000000,0.000000,1.000000,0.000000,0.000000,0.000000,8.181168,1.000000,1.000000,1.000000,1.000000,0.000000,0.000000,0.288026,0.535794,0.815337,50.631973,0.853001,0.568667,1.000000,0.618147,15.246827,0.000000,False,False,False,0.831876,1.000000,0.663752,1284,17,1.000000,0.952381
0.000000,0.000000,79.000000,1.000000,0.000000,0.000000,1.000000,0.000000,0.000000,0.000000,8.068400,1.000000,1.000000,1.000000,1.000000,0.000000,0.000000,0.282210,0.556291,0.819293,49.982444,0.850923,0.567282,1.000000,0.649529,14.580373,0.000000,False,False,False,0.833068,1.000000,0.666135,1285,17,1.000000,0.952381
0.000000,0.000000,79.000000,1.000000,0.000000,0.000000,1.000000,0.000000,0.000000,0.000000,8.011521,1.000000,1.000000,1.000000,1.000000,0.000000,0.000000,0.302306,0.555212,0.795213,49.336176,0.848719,0.565813,1.000000,0.646268,13.925792,0.000000,False,False,False,0.818226,1.000000,0.636452,1286,17,1.000000,0.952381
0.000000,0.000000,79.000000,1.000000,0.000000,0.000000,1.000000,0.000000,1.000000,0.000000,7.951173,1.000000,1.000000,1.000000,1.000000,0.000000,0.000000,0.301344,0.561977,0.798177,48.695084,0.846652,0.564435,1.000000,0.641092,13.262622,0.000000,False,False,False,0.828964,1.000000,0.657927,1287,17,1.000000,0.952381
0.000000,0.000000,79.000000,1.000000,0.000000,0.000000,1.000000,0.000000,0.000000,0.000000,8.120998,1.000000,1.000000,1.000000,1.000000,0.000000,0.000000,0.328418,0.567694,0.776822,48.086733,0.849422,0.566281,1.000000,0.608351,12.605752,0.000000,False,False,False,0.821087,1.000000,0.642173,1288,17,1.000000,0.909091
0.000000,0.000000,79.000000,1.000000,0.000000,0.000000,1.000000,0.000000,2.000000,0.000000,7.809774,1.000000,1.000000,1.000000,1.000000,0.000000,0.000000,0.234685,0.581609,0.818307,47.476200,0.847790,0.565193,1.000000,0.610533,11.988206,0.000000,False,False,False,0.771933,1.000000,0.543866,1289,17,1.000000,0.909091
0.000000,0.000000,79.000000,1.000000,0.000000,0.000000,1.000000,0.000000,1.000000,0.000000,6.712690,1.000000,1.000000,1.000000,1.000000,0.000000,0.000000,0.340042,0.610592,0.738163,46.802824,0.855636,0.570424,1.000000,0.673376,11.284780,0.000000,False,False,False,0.879282,1.000000,0.758564,1290,17,1.000000,0.909091
0.000000,0.000000,79.000000,1.000000,0.000000,0.000000,1.000000,0.000000,1.000000,0.000000,6.920237,1.000000,1.000000,1.000000,1.000000,0.000000,0.000000,0.286244,0.556167,0.752460,46.207120,0.857884,0.571923,1.000000,0.595703,10.679489,0.000000,False,False,False,0.756614,1.000000,0.513228,1291,17,1.000000,0.913043
0.000000,0.000000,79.000000,1.000000,0.000000,0.000000,1.000000,0.000000,0.000000,0.000000,8.146936,1.000000,1.000000,1.000000,1.000000,0.000000,0.000000,0.362293,0.552730,0.722099,45.584213,0.859770,0.573180,1.000000,0.622907,10.050918,0.000000,False,False,False,0.785714,1.000000,0.571429,1292,17,1.000000,0.913043
0.000000,0.000000,79.000000,1.000000,0.000000,0.000000,1.000000,0.000000,0.000000,0.000000,8.039880,1.000000,1.000000,1.000000,1.000000,0.000000,0.000000,0.306821,0.565723,0.759853,44.989388,0.856605,0.571070,1.000000,0.594825,9.513394,0.000000,False,False,False,0.671905,1.000000,0.343809,1293,17,1.000000,0.913043
0.000000,0.000000,79.000000,1.000000,0.000000,0.000000,1.000000,0.000000,2.000000,0.000000,7.878950,1.000000,1.000000,1.000000,1.000000,0.000000,0.000000,0.336077,0.561537,0.756039,44.331198,0.853195,0.568797,1.000000,0.658190,8.911641,0.000000,False,False,False,0.752191,1.000000,0.504382,1294,17,1.000000,0.913043
0.000000,0.000000,79.000000,1.000000,0.000000,0.000000,1.000000,0.000000,2.000000,0.000000,7.536230,1.000000,1.000000,1.000000,1.000000,0.000000,0.000000,0.350566,0.527427,0.732044,43.761087,0.848502,0.565668,0.987500,0.570111,8.911641,0.000000,False,False,False,,,,1295,17,1.000000,0.909091
0.000000,0.000000,79.000000,1.000000,0.000000,0.000000,1.000000,0.000000,1.000000,0.000000,7.336683,1.000000,1.000000,1.000000,1.000000,0.000000,0.000000,0.403935,0.555430,0.687267,43.179648,0.845435,0.563624,0.987500,0.581439,8.911641,0.000000,False,False,False,,,,1296,17,1.000000,0.904762
0.000000,0.000000,79.000000,1.000000,0.000000,0.000000,1.000000,0.000000,1.000000,0.000000,7.377897,1.000000,1.000000,1.000000,1.000000,0.000000,0.000000,0.269925,0.487666,0.760891,42.691287,0.847889,0.565259,1.000000,0.488361,8.358642,0.000000,False,False,False,0.691248,1.000000,0.382497,1297,17,1.000000,0.904762
0.000000,0.000000,79.000000,1.000000,0.000000,0.000000,1.000000,0.000000,2.000000,0.000000,7.555033,1.000000,1.000000,1.000000,1.000000,0.000000,0.000000,0.395175,0.581858,0.716121,42.013470,0.851071,0.567381,1.000000,0.677817,7.694734,0.000000,False,True,False,0.829886,1.000000,0.659771,1298,17,1.000000,0.904762
0.000000,0.000000,79.000000,1.000000,0.000000,0.000000,1.000000,0.000000,2.000000,0.000000,7.587996,1.000000,1.000000,1.000000,1.000000,0.000000,0.000000,0.315923,0.576164,0.706419,41.507657,0.847583,0.565055,0.987500,0.505813,7.694734,1.000000,False,True,False,1.000000,1.000000,1.000000,1299,17,1.000000,0.904762
0.000000,0.000000,79.000000,1.000000,0.000000,0.000000,1.000000,0.000000,1.000000,0.000000,7.807003,1.000000,1.000000,1.000000,1.000000,0.000000,0.000000,0.511677,0.635842,0.682437,40.846950,0.844990,0.563327,0.987500,0.660707,7.694734,0.000000,False,True,False,1.000000,1.000000,1.000000,1300,17,1.000000,0.904762
0.000000,0.000000,79.000000,1.000000,0.000000,0.000000,1.000000,0.000000,1.000000,0.000000,7.789219,1.000000,1.000000,1.000000,1.000000,0.000000,0.000000,0.249150,0.486607,0.761764,40.469628,0.840139,0.560093,0.987500,0.377322,7.694734,1.000000,False,True,False,1.000000,1.000000,1.000000,1301,17,1.000000,0.904762
0.000000,0.000000,79.000000,1.000000,0.000000,0.000000,1.000000,0.000000,1.000000,0.000000,6.382769,1.000000,1.000000,1.000000,1.000000,0.000000,0.000000,0.463503,0.656493,0.654070,39.772269,0.835585,0.557057,0.987500,0.697359,7.694734,0.000000,True,True,True,1.000000,1.000000,1.000000,1302,17,1.000000,0.904762
0.000000,0.000000,79.000000,1.000000,0.000000,0.000000,1.000000,0.000000,2.000000,0.000000,7.410810,1.000000,1.000000,1.000000,1.000000,0.000000,0.000000,0.255360,0.592128,0.747386,39.328267,0.828971,0.552647,0.987500,0.444003,7.694734,1.000000,True,True,True,1.000000,1.000000,1.000000,1303,17,1.000000,0.863636
0.000000,0.000000,79.000000,1.000000,0.000000,0.000000,1.000000,0.000000,3.000000,0.000000,6.243168,1.000000,1.000000,1.000000,1.000000,0.000000,0.000000,0.454560,0.718069,0.694504,38.611945,0.826307,0.550871,0.987500,0.716322,7.694734,0.000000,True,True,True,1.000000,1.000000,1.000000,1304,17,1.000000,0.863636
0.000000,0.000000,79.000000,1.000000,0.000000,0.000000,1.000000,0.000000,2.000000,0.000000,7.641219,1.000000,1.000000,1.000000,1.000000,0.000000,0.000000,0.292715,0.681316,0.747498,38.097337,0.830210,0.553473,0.987500,0.514608,7.694734,1.000000,True,True,True,1.000000,1.000000,1.000000,1305,17,1.000000,0.863636
0.000000,0.000000,79.000000,1.000000,0.000000,0.000000,1.000000,0.000000,2.000000,0.000000,7.869154,1.000000,1.000000,1.000000,1.000000,0.000000,0.000000,0.397027,0.694540,0.750808,37.450694,0.830956,0.553971,0.987500,0.646643,7.694734,0.000000,True,True,True,1.000000,1.000000,1.000000,1306,17,1.000000,0.909091
0.000000,0.000000,79.000000,1.000000,0.000000,0.000000,1.000000,0.000000,3.000000,0.000000,7.684120,1.000000,1.000000,1.000000,1.000000,0.000000,0.000000,0.353176,0.652042,0.744758,36.955742,0.827177,0.551451,0.987500,0.494952,7.694734,0.000000,True,True,True,,,,1307,17,1.000000,0.913043
0.000000,0.000000,79.000000,1.000000,0.000000,0.000000,1.000000,0.000000,2.000000,0.000000,7.375050,1.000000,1.000000,1.000000,1.000000,0.000000,0.000000,0.414803,0.707534,0.761508,36.349953,0.827706,0.551804,0.987500,0.605790,7.694734,0.000000,True,True,True,,,,1308,17,1.000000,0.880000
0.000000,0.000000,79.000000,1.000000,0.000000,0.000000,1.000000,0.000000,1.000000,0.000000,7.262599,1.000000,1.000000,1.000000,1.000000,0.000000,0.000000,0.335069,0.673115,0.774596,35.832520,0.825789,0.550526,0.987500,0.517432,7.694734,0.000000,True,True,True,1.000000,1.000000,1.000000,1309,17,1.000000,0.880000
0.000000,0.000000,79.000000,1.000000,0.000000,0.000000,1.000000,0.000000,2.000000,0.000000,7.862986,1.000000,1.000000,1.000000,1.000000,0.000000,0.000000,0.349867,0.722218,0.814237,35.229690,0.818883,0.545922,0.987500,0.602830,7.694734,0.000000,True,True,True,,,,1310,17,1.000000,0.875000
0.000000,0.000000,79.000000,1.000000,0.000000,0.000000,1.000000,0.000000,2.000000,0.000000,7.489141,1.000000,1.000000,1.000000,1.000000,0.000000,0.000000,0.347720,0.726407,0.795460,34.624602,0.814651,0.543101,0.987500,0.605088,7.694734,0.000000,True,True,True,,,,1311,17,1.000000,0.884615
0.000000,0.000000,79.000000,1.000000,0.000000,0.000000,1.000000,0.000000,2.000000,0.000000,7.730470,1.000000,1.000000,1.000000,1.000000,0.000000,0.000000,0.359039,0.690195,0.804692,34.038339,0.811099,0.540733,0.987500,0.586263,7.694734,0.000000,True,True,True,,,,1312,17,1.000000,0.961538
0.000000,0.000000,79.000000,1.000000,0.000000,0.000000,1.000000,0.000000,3.000000,0.000000,7.422909,1.000000,1.000000,1.000000,1.000000,0.000000,0.000000,0.331678,0.697391,0.815335,33.454117,0.807825,0.538550,0.987500,0.584223,7.694734,0.000000,True,True,True,,,,1313,17,1.000000,0.961538
0.000000,0.000000,79.000000,1.000000,0.000000,0.000000,1.000000,0.000000,3.000000,0.000000,7.595808,1.000000,1.000000,1.000000,1.000000,0.000000,0.000000,0.365379,0.698864,0.807882,32.875276,0.807473,0.538315,0.987500,0.578841,7.694734,0.000000,True,True,True,,,,1314,17,1.000000,1.000000
0.000000,0.000000,79.000000,1.000000,0.000000,0.000000,1.000000,0.000000,4.000000,0.000000,6.692804,1.000000,1.000000,1.000000,1.000000,0.000000,0.000000,0.388532,0.628439,0.762488,32.375984,0.808818,0.539212,0.987500,0.499291,7.694734,0.000000,True,True,True,,,,1315,17,1.000000,0.964286
0.000000,0.000000,79.000000,1.000000,0.000000,0.000000,1.000000,0.000000,4.000000,0.000000,7.248118,1.000000,1.000000,1.000000,1.000000,0.000000,0.000000,0.411637,0.669967,0.755992,31.817909,0.815947,0.543965,0.987500,0.558075,7.694734,0.000000,True,True,True,,,,1316,17,1.000000,0.964286
0.000000,0.000000,79.000000,1.000000,0.000000,0.000000,1.000000,0.000000,5.000000,0.000000,7.093235,1.000000,1.000000,1.000000,1.000000,0.000000,0.000000,0.306004,0.657426,0.824121,31.262851,0.820025,0.546683,0.987500,0.555057,7.694734,0.000000,True,True,True,,,,1317,17,1.000000,0.900000
0.000000,0.000000,79.000000,1.000000,0.000000,0.000000,1.000000,0.000000,5.000000,0.000000,7.134756,1.000000,1.000000,1.000000,1.000000,0.000000,0.000000,0.435265,0.659728,0.721025,30.685573,0.826944,0.551296,0.987500,0.577278,7.694734,0.000000,True,True,True,,,,1318,17,1.000000,0.933333
0.000000,0.000000,79.000000,1.000000,0.000000,0.000000,1.000000,0.000000,6.000000,0.000000,6.773228,1.000000,1.000000,1.000000,1.000000,0.000000,0.000000,0.397763,0.567205,0.699810,30.153417,0.833410,0.555607,0.987500,0.532156,7.694734,0.000000,True,True,True,1.000000,1.000000,1.000000,1319,17,1.000000,0.933333
0.000000,0.000000,79.000000,1.000000,0.000000,0.000000,1.000000,0.000000,6.000000,0.000000,6.179298,1.000000,1.000000,1.000000,1.000000,0.000000,0.000000,0.357624,0.677582,0.746253,29.548870,0.840049,0.560033,0.987500,0.604547,7.694734,0.000000,True,True,True,,,,1320,17,1.000000,0.933333
0.000000,0.000000,79.000000,1.000000,0.000000,0.000000,1.000000,0.000000,6.000000,0.000000,7.026438,1.000000,1.000000,1.000000,1.000000,0.000000,0.000000,0.366492,0.542925,0.711336,28.988324,0.848108,0.565405,0.987500,0.560547,7.694734,0.000000,True,True,True,,,,1321,17,1.000000,1.000000
0.000000,0.000000,79.000000,1.000000,0.000000,0.000000,1.000000,0.000000,5.000000,0.000000,6.589917,1.000000,1.000000,1.000000,1.000000,0.000000,0.000000,0.447829,0.600120,0.682202,28.407038,0.853180,0.568787,0.987500,0.581286,7.694734,0.000000,True,True,True,1.000000,1.000000,1.000000,1322,17,1.000000,0.967742
0.000000,0.000000,79.000000,1.000000,0.000000,0.000000,1.000000,0.000000,5.000000,0.000000,7.198670,1.000000,1.000000,1.000000,1.000000,0.000000,0.000000,0.385237,0.560553,0.716469,27.885525,0.856035,0.570690,0.987500,0.521513,7.694734,0.000000,True,True,True,1.000000,1.000000,1.000000,1323,17,1.000000,0.967742
0.000000,0.000000,79.000000,1.000000,0.000000,0.000000,1.000000,0.000000,5.000000,0.000000,6.590502,1.000000,1.000000,1.000000,1.000000,0.000000,0.000000,0.478012,0.644483,0.691849,27.298720,0.856501,0.571000,0.987500,0.586805,7.694734,0.000000,True,True,True,,,,1324,17,1.000000,0.967742
0.000000,0.000000,79.000000,1.000000,0.000000,0.000000,1.000000,0.000000,4.000000,0.000000,7.455082,1.000000,1.000000,1.000000,1.000000,0.000000,0.000000,0.303776,0.544756,0.769371,26.812125,0.855513,0.570342,0.987500,0.486595,7.694734,0.000000,True,True,True,1.000000,1.000000,1.000000,1325,17,1.000000,0.967742
0.000000,0.000000,79.000000,1.000000,0.000000,0.000000,1.000000,0.000000,5.000000,0.000000,6.793157,1.000000,1.000000,1.000000,1.000000,0.000000,0.000000,0.475768,0.680643,0.699717,26.156561,0.851865,0.567910,0.987500,0.655564,7.694734,0.000000,True,True,True,,,,1326,17,1.000000,0.937500
0.000000,0.000000,79.000000,1.000000,0.000000,0.000000,1.000000,0.000000,4.000000,0.000000,7.479086,1.000000,1.000000,1.000000,1.000000,0.000000,0.000000,0.321990,0.544561,0.734034,25.656773,0.852218,0.568145,0.987500,0.499788,7.694734,0.000000,True,True,True,1.000000,1.000000,1.000000,1327,17,1.000000,0.909091
0.000000,0.000000,79.000000,1.000000,0.000000,0.000000,1.000000,0.000000,6.000000,0.000000,6.970216,1.000000,1.000000,1.000000,1.000000,0.000000,0.000000,0.431022,0.713632,0.712221,25.013952,0.851953,0.567969,0.987500,0.642821,7.694734,0.000000,True,True,True,1.000000,1.000000,1.000000,1328,17,1.000000,0.909091
0.000000,0.000000,79.000000,1.000000,0.000000,0.000000,1.000000,0.000000,4.000000,0.000000,7.744733,1.000000,1.000000,1.000000,1.000000,0.000000,0.000000,0.443841,0.579168,0.673758,24.514841,0.854222,0.569481,0.987500,0.499111,7.694734,1.000000,True,True,True,,,,1329,17,1.000000,0.885714
0.000000,0.000000,79.000000,1.000000,0.000000,0.000000,1.000000,0.000000,8.000000,0.000000,6.866035,1.000000,1.000000,1.000000,1.000000,0.000000,0.000000,0.427165,0.643160,0.736120,23.923663,0.853343,0.568895,0.987500,0.591178,7.694734,0.000000,True,True,True,1.000000,1.000000,1.000000,1330,17,1.000000,0.885714
0.000000,0.000000,79.000000,1.000000,0.000000,0.000000,1.000000,0.000000,9.000000,0.000000,6.811915,1.000000,1.000000,1.000000,1.000000,0.000000,0.000000,0.435846,0.540618,0.671365,23.437778,0.863428,0.575619,0.987500,0.485885,7.694734,0.000000,True,True,True,,,,1331,17,1.000000,0.861111
0.000000,0.000000,79.000000,1.000000,0.000000,0.000000,1.000000,0.000000,10.000000,0.000000,6.160642,1.000000,1.000000,1.000000,1.000000,0.000000,0.000000,0.487171,0.600185,0.640820,22.832823,0.870538,0.580359,0.987500,0.604955,7.694734,0.000000,True,True,True,,,,1332,17,1.000000,0.861111
0.000000,0.000000,79.000000,1.000000,0.000000,0.000000,1.000000,0.000000,8.000000,0.000000,6.599857,1.000000,1.000000,1.000000,1.000000,0.000000,0.000000,0.458797,0.459626,0.614722,22.375695,0.874123,0.582749,0.987500,0.457127,7.694734,1.000000,True,True,True,,,,1333,17,1.000000,0.918919
0.000000,0.000000,79.000000,1.000000,0.000000,0.000000,1.000000,0.000000,8.000000,0.000000,6.539339,1.000000,1.000000,1.000000,1.000000,0.000000,0.000000,0.472540,0.509430,0.661546,21.805268,0.877136,0.584758,0.987500,0.570428,7.694734,1.000000,True,True,True,,,,1334,17,1.000000,0.945946
0.000000,0.000000,79.000000,1.000000,0.000000,0.000000,1.000000,0.000000,10.000000,0.000000,6.688875,1.000000,1.000000,1.000000,1.000000,0.000000,0.000000,0.481941,0.509440,0.607007,21.245396,0.879779,0.586520,0.987500,0.559872,7.694734,0.000000,True,True,True,,,,1335,17,1.000000,0.972973
0.000000,0.000000,79.000000,1.000000,0.000000,0.000000,1.000000,0.000000,8.000000,0.000000,6.660289,1.000000,1.000000,1.000000,1.000000,0.000000,0.000000,0.475767,0.495447,0.577214,20.702671,0.884772,0.589848,0.987500,0.542725,7.694734,1.000000,True,True,True,,,,1336,17,1.000000,0.972973
0.000000,0.000000,79.000000,1.000000,0.000000,0.000000,1.000000,0.000000,7.000000,0.000000,6.627195,1.000000,1.000000,1.000000,1.000000,0.000000,0.000000,0.467362,0.541959,0.637766,20.087068,0.888328,0.592219,0.987500,0.615603,7.694734,2.000000,True,True,True,1.000000,1.000000,1.000000,1337,17,1.000000,0.972973
0.000000,0.000000,79.000000,1.000000,0.000000,0.000000,1.000000,0.000000,8.000000,0.000000,6.626765,1.000000,1.000000,1.000000,1.000000,0.000000,0.000000,0.463026,0.493254,0.603009,19.541858,0.886463,0.590975,0.987500,0.545210,7.694734,3.000000,True,True,True,,,,1338,17,1.000000,0.918919
0.000000,0.000000,79.000000,1.000000,0.000000,0.000000,1.000000,0.000000,9.000000,0.000000,6.760919,1.000000,1.000000,1.000000,1.000000,0.000000,0.000000,0.472040,0.495344,0.636622,18.994671,0.887336,0.591558,0.987500,0.547187,7.694734,4.000000,True,True,True,1.000000,1.000000,1.000000,1339,17,1.000000,0.918919
0.000000,0.000000,79.000000,1.000000,0.000000,0.000000,1.000000,0.000000,13.000000,0.000000,6.929875,1.000000,1.000000,1.000000,1.000000,0.000000,0.000000,0.408688,0.493332,0.669766,18.452548,0.890161,0.593441,0.987500,0.542124,7.694734,0.000000,True,True,True,,,,1340,17,1.000000,0.918919
0.000000,0.000000,79.000000,1.000000,0.000000,0.000000,1.000000,0.000000,9.000000,0.000000,6.963919,1.000000,1.000000,1.000000,1.000000,0.000000,0.000000,0.556626,0.436347,0.535637,17.977653,0.903153,0.602102,0.987500,0.474895,7.694734,0.000000,True,True,True,,,,1341,17,1.000000,0.945946
0.000000,0.000000,79.000000,1.000000,0.000000,0.000000,1.000000,0.000000,11.000000,0.000000,6.669210,1.000000,1.000000,1.000000,1.000000,0.000000,0.000000,0.411980,0.422131,0.641288,17.449709,0.906151,0.604101,0.987500,0.527944,7.694734,1.000000,True,True,True,1.000000,1.000000,1.000000,1342,17,1.000000,0.921053
0.000000,0.000000,79.000000,1.000000,0.000000,0.000000,1.000000,0.000000,13.000000,0.000000,6.460670,1.000000,1.000000,1.000000,1.000000,0.000000,0.000000,0.525762,0.509778,0.561422,16.895548,0.910671,0.607114,0.987500,0.554161,7.694734,0.000000,True,True,True,,,,1343,17,1.000000,0.875000
0.000000,0.000000,79.000000,1.000000,0.000000,0.000000,1.000000,0.000000,12.000000,0.000000,6.864013,1.000000,1.000000,1.000000,1.000000,0.000000,0.000000,0.508243,0.326425,0.537009,16.428292,0.916191,0.610794,0.987500,0.467256,7.694734,1.000000,True,True,True,,,,1344,17,1.000000,0.947368
0.000000,0.000000,79.000000,1.000000,0.000000,0.000000,1.000000,0.000000,14.000000,0.000000,6.811838,1.000000,1.000000,1.000000,1.000000,0.000000,0.000000,0.603161,0.401379,0.504255,15.951246,0.920116,0.613411,0.987500,0.477046,7.694734,2.000000,True,True,True,,,,1345,17,1.000000,0.948718
0.000000,0.000000,79.000000,1.000000,0.000000,0.000000,1.000000,0.000000,12.000000,0.000000,6.602624,1.000000,1.000000,1.000000,1.000000,0.000000,0.000000,0.484277,0.302669,0.566973,15.502932,0.925417,0.616945,0.987500,0.448314,7.694734,3.000000,True,True,True,,,,1346,17,1.000000,0.950000
0.000000,0.000000,79.000000,1.000000,0.000000,0.000000,1.000000,0.000000,16.000000,0.000000,6.983009,1.000000,1.000000,1.000000,1.000000,0.000000,0.000000,0.601602,0.410166,0.514192,14.922428,0.928041,0.618694,0.987500,0.580503,7.694734,4.000000,True,True,True,,,,1347,17,1.000000,0.975000
0.000000,0.000000,79.000000,1.000000,0.000000,0.000000,1.000000,0.000000,13.000000,0.000000,6.779355,1.000000,1.000000,1.000000,1.000000,0.000000,0.000000,0.514290,0.320802,0.497126,14.549120,0.936899,0.624599,0.987500,0.373308,7.694734,5.000000,True,True,True,,,,1348,17,1.000000,0.950000
0.000000,0.000000,79.000000,1.000000,0.000000,0.000000,1.000000,0.000000,14.000000,0.000000,6.793219,1.000000,1.000000,1.000000,1.000000,0.000000,0.000000,0.639542,0.329287,0.478756,14.046559,0.938173,0.625449,0.987500,0.502561,7.694734,6.000000,True,True,True,1.000000,1.000000,1.000000,1349,17,1.000000,0.975610
0.000000,0.000000,79.000000,1.000000,0.000000,0.000000,1.000000,0.000000,8.000000,0.000000,7.118943,1.000000,1.000000,1.000000,1.000000,0.000000,0.000000,0.467230,0.138106,0.537751,13.721197,0.940976,0.627317,0.987500,0.325362,7.694734,7.000000,True,True,True,,,,1350,17,1.000000,0.928571
0.000000,0.000000,79.000000,1.000000,0.000000,0.000000,1.000000,0.000000,9.000000,0.000000,6.939267,1.000000,1.000000,1.000000,1.000000,0.000000,0.000000,0.586298,0.443863,0.561208,13.077492,0.935236,0.623491,0.987500,0.643705,7.694734,3.000000,True,True,True,1.000000,1.000000,1.000000,1351,17,1.000000,0.928571
0.000000,0.000000,79.000000,1.000000,0.000000,0.000000,1.000000,0.000000,13.000000,0.000000,6.679887,1.000000,1.000000,1.000000,1.000000,0.000000,0.000000,0.381863,0.244119,0.609405,12.630648,0.930436,0.620290,0.987500,0.446844,7.694734,1.000000,True,True,True,,,,1352,17,1.000000,0.928571
0.000000,0.000000,79.000000,1.000000,0.000000,0.000000,1.000000,0.000000,8.000000,0.000000,6.299174,1.000000,1.000000,1.000000,1.000000,0.000000,0.000000,0.620027,0.388539,0.514103,12.006738,0.932772,0.621848,0.987500,0.623911,7.694734,2.000000,True,True,True,1.000000,1.000000,1.000000,1353,17,1.000000,0.951220
0.000000,0.000000,79.000000,1.000000,0.000000,0.000000,1.000000,0.000000,15.000000,0.000000,6.844703,1.000000,1.000000,1.000000,1.000000,0.000000,0.000000,0.385987,0.205135,0.604512,11.594654,0.929322,0.619548,0.987500,0.412084,7.694734,3.000000,True,True,True,,,,1354,17,1.000000,0.928571
0.000000,0.000000,79.000000,1.000000,0.000000,0.000000,1.000000,0.000000,12.000000,0.000000,6.107997,1.000000,1.000000,1.000000,1.000000,0.000000,0.000000,0.626192,0.410835,0.479181,10.992330,0.935426,0.623617,0.987500,0.602324,7.694734,2.000000,True,True,True,1.000000,1.000000,1.000000,1355,17,1.000000,0.952381
0.000000,0.000000,79.000000,1.000000,0.000000,0.000000,1.000000,0.000000,16.000000,0.000000,6.434752,1.000000,1.000000,1.000000,1.000000,0.000000,0.000000,0.422995,0.222507,0.555130,10.614842,0.936879,0.624586,0.987500,0.377488,7.694734,3.000000,True,True,True,,,,1356,17,1.000000,0.930233
0.000000,0.000000,79.000000,1.000000,0.000000,0.000000,1.000000,0.000000,14.000000,0.000000,6.538292,1.000000,1.000000,1.000000,1.000000,0.000000,0.000000,0.732064,0.402245,0.433055,10.044589,0.942148,0.628099,0.987500,0.570253,7.694734,4.000000,True,True,True,1.000000,1.000000,1.000000,1357,17,1.000000,0.976190
0.000000,0.000000,79.000000,1.000000,0.000000,0.000000,1.000000,0.000000,15.000000,0.000000,6.841129,1.000000,1.000000,1.000000,1.000000,0.000000,0.000000,0.527513,0.075753,0.453319,9.828820,0.946179,0.630786,0.987500,0.215769,7.694734,3.000000,True,True,True,,,,1358,17,1.000000,0.976190
0.000000,0.000000,79.000000,1.000000,0.000000,0.000000,1.000000,0.000000,12.000000,0.000000,6.514024,1.000000,1.000000,1.000000,1.000000,0.000000,0.000000,0.757765,0.370979,0.416440,9.278690,0.946837,0.631225,0.987500,0.550130,7.694734,4.000000,True,True,True,1.000000,1.000000,1.000000,1359,17,1.000000,0.952381
0.000000,0.000000,79.000000,1.000000,0.000000,0.000000,1.000000,0.000000,17.000000,0.000000,6.593280,1.000000,1.000000,1.000000,1.000000,0.000000,0.000000,0.434321,0.043976,0.549611,9.080165,0.948057,0.632038,0.987500,0.198525,7.694734,5.000000,True,True,True,,,,1360,17,1.000000,0.953488
0.000000,0.000000,79.000000,1.000000,0.000000,0.000000,1.000000,0.000000,9.000000,0.000000,5.880870,1.000000,1.000000,1.000000,1.000000,0.000000,0.000000,0.890252,0.249718,0.486530,8.536451,0.954182,0.636122,0.987500,0.543714,7.694734,0.000000,True,True,True,,,,1361,17,1.000000,0.952381
0.000000,0.000000,79.000000,1.000000,0.000000,0.000000,1.000000,0.000000,15.000000,0.000000,6.207053,1.000000,1.000000,1.000000,1.000000,0.000000,0.000000,0.482801,0.011939,0.530303,8.354096,0.950568,0.633712,0.987500,0.182355,7.694734,1.000000,True,True,True,,,,1362,17,1.000000,0.953488
0.000000,0.000000,79.000000,1.000000,0.000000,0.000000,1.000000,0.000000,10.000000,0.000000,6.320548,1.000000,1.000000,1.000000,1.000000,0.000000,0.000000,0.790644,0.209445,0.423778,7.830629,0.952829,0.635220,0.987500,0.523468,7.694734,0.000000,True,True,True,,,,1363,17,1.000000,0.976190
0.000000,0.000000,79.000000,1.000000,0.000000,0.000000,1.000000,0.000000,14.000000,0.000000,6.656034,1.000000,1.000000,1.000000,1.000000,0.000000,0.000000,0.474456,0.048159,0.538389,7.525205,0.951038,0.634025,0.987500,0.305424,7.694734,1.000000,True,True,True,,,,1364,17,1.000000,0.975610
0.000000,0.000000,79.000000,1.000000,0.000000,0.000000,1.000000,0.000000,10.000000,0.000000,6.499361,1.000000,1.000000,1.000000,1.000000,0.000000,0.000000,0.736799,0.247547,0.417415,6.991653,0.952965,0.635310,0.987500,0.533552,7.694734,2.000000,True,True,True,,,,1365,17,1.000000,1.000000
0.000000,0.000000,79.000000,1.000000,0.000000,0.000000,1.000000,0.000000,11.000000,0.000000,6.876559,1.000000,1.000000,1.000000,1.000000,0.000000,0.000000,0.523282,0.092794,0.495223,6.608874,0.952703,0.635135,0.987500,0.382779,7.694734,3.000000,True,True,True,,,,1366,17,1.000000,1.000000
0.000000,0.000000,79.000000,1.000000,0.000000,0.000000,1.000000,0.000000,11.000000,0.000000,6.774089,1.000000,1.000000,1.000000,1.000000,0.000000,0.000000,0.658267,0.315641,0.480683,6.006443,0.950550,0.633700,0.987500,0.602431,7.694734,2.000000,True,True,True,,,,1367,17,1.000000,0.975000
0.000000,0.000000,79.000000,1.000000,0.000000,0.000000,1.000000,0.000000,13.000000,0.000000,6.848223,1.000000,1.000000,1.000000,1.000000,0.000000,0.000000,0.567292,0.102001,0.433794,5.665773,0.950388,0.633592,0.987500,0.340670,7.694734,3.000000,True,True,True,1.000000,1.000000,1.000000,1368,17,1.000000,0.975000
0.000000,0.000000,79.000000,1.000000,0.000000,0.000000,1.000000,0.000000,12.000000,0.000000,6.828334,1.000000,1.000000,1.000000,1.000000,0.000000,0.000000,0.758197,0.213200,0.412284,5.154782,0.951539,0.634359,0.987500,0.510991,7.694734,4.000000,True,True,True,,,,1369,17,1.000000,0.951220
0.000000,0.000000,79.000000,1.000000,0.000000,0.000000,1.000000,0.000000,14.000000,0.000000,6.461789,1.000000,1.000000,1.000000,1.000000,0.000000,0.000000,0.574487,-0.054707,0.427080,4.984370,0.954286,0.636190,0.987500,0.170413,7.694734,5.000000,True,True,True,1.000000,1.000000,1.000000,1370,17,1.000000,0.928571
0.000000,0.000000,79.000000,1.000000,0.000000,0.000000,1.000000,0.000000,10.000000,0.000000,6.500835,1.000000,1.000000,1.000000,1.000000,0.000000,0.000000,0.852244,0.303101,0.377942,4.417972,0.956451,0.637634,0.987500,0.566398,7.694734,6.000000,True,True,True,1.000000,1.000000,1.000000,1371,17,1.000000,0.928571
0.000000,0.000000,79.000000,1.000000,0.000000,0.000000,1.000000,0.000000,15.000000,0.000000,6.211847,1.000000,1.000000,1.000000,1.000000,0.000000,0.000000,0.476810,0.026230,0.498711,4.286343,0.954411,0.636274,0.987500,0.131629,7.694734,7.000000,True,True,True,1.000000,1.000000,1.000000,1372,17,1.000000,0.928571
0.000000,0.000000,79.000000,1.000000,0.000000,0.000000,1.000000,0.000000,14.000000,0.000000,5.844828,1.000000,1.000000,1.000000,1.000000,0.000000,0.000000,0.825805,0.340678,0.404864,3.727401,0.958238,0.638826,0.987500,0.558942,7.694734,0.000000,True,True,True,1.000000,1.000000,1.000000,1373,17,1.000000,0.952381
0.000000,0.000000,79.000000,1.000000,0.000000,0.000000,1.000000,0.000000,15.000000,0.000000,5.933696,1.000000,1.000000,1.000000,1.000000,0.000000,0.000000,0.538420,0.071091,0.436466,3.546010,0.959838,0.639892,0.987500,0.181392,7.694734,1.000000,True,True,True,1.000000,1.000000,1.000000,1374,17,1.000000,0.930233
0.000000,0.000000,79.000000,1.000000,0.000000,0.000000,1.000000,0.000000,9.000000,0.000000,6.130648,1.000000,1.000000,1.000000,1.000000,0.000000,0.000000,0.839095,0.244759,0.389630,3.025200,0.961667,0.641111,0.987500,0.520809,7.694734,2.000000,True,True,True,1.000000,1.000000,1.000000,1375,17,1.000000,0.928571
0.000000,0.000000,79.000000,1.000000,0.000000,0.000000,1.000000,0.000000,12.000000,0.000000,6.516884,1.000000,1.000000,1.000000,1.000000,0.000000,0.000000,0.499755,0.052561,0.519713,2.828192,0.958108,0.638739,0.987500,0.197008,7.694734,3.000000,True,True,True,,,,1376,17,1.000000,0.926829
0.000000,0.000000,79.000000,1.000000,0.000000,0.000000,1.000000,0.000000,14.000000,0.000000,6.087426,1.000000,1.000000,1.000000,1.000000,0.000000,0.000000,0.763971,0.364694,0.445001,2.304562,0.956914,0.637943,0.987500,0.523630,7.694734,0.000000,True,True,True,1.000000,1.000000,1.000000,1377,17,1.000000,0.926829
0.000000,0.000000,79.000000,1.000000,0.000000,0.000000,1.000000,0.000000,15.000000,0.000000,6.567684,1.000000,1.000000,1.000000,1.000000,0.000000,0.000000,0.628069,0.086424,0.401795,2.148758,0.958692,0.639128,0.987500,0.155804,7.694734,1.000000,True,True,True,,,,1378,17,1.000000,0.925000
0.000000,0.000000,79.000000,1.000000,0.000000,0.000000,1.000000,0.000000,14.000000,0.000000,6.979532,1.000000,1.000000,1.000000,1.000000,0.000000,0.000000,0.794795,0.305972,0.342684,1.755554,0.960445,0.640296,0.987500,0.393204,7.694734,2.000000,True,True,True,1.000000,1.000000,1.000000,1379,17,1.000000,0.975000
0.000000,0.000000,79.000000,1.000000,0.000000,0.000000,1.000000,0.000000,16.000000,0.000000,6.227747,1.000000,1.000000,1.000000,1.000000,0.000000,0.000000,0.597424,0.160666,0.441329,1.623913,0.960790,0.640527,0.987500,0.131641,7.694734,3.000000,True,True,True,,,,1380,17,1.000000,0.975000
0.000000,0.000000,79.000000,1.000000,0.000000,0.000000,1.000000,0.000000,12.000000,0.000000,6.899751,1.000000,1.000000,1.000000,1.000000,0.000000,0.000000,0.660157,0.224100,0.412087,1.570706,0.960698,0.640465,0.987500,0.053207,7.694734,4.000000,True,True,True,,,,1381,17,1.000000,0.975610
0.000000,0.000000,79.000000,1.000000,0.000000,0.000000,1.000000,0.000000,20.000000,0.000000,6.510632,1.000000,1.000000,1.000000,1.000000,0.000000,0.000000,0.703668,0.281762,0.371109,1.616955,0.959602,0.639735,0.987500,-0.046249,7.694734,5.000000,True,True,True,,,,1382,17,1.000000,0.975610
0.000000,0.000000,79.000000,1.000000,0.000000,0.000000,1.000000,0.000000,17.000000,0.000000,6.644077,1.000000,1.000000,1.000000,1.000000,0.000000,0.000000,0.694002,0.154734,0.321365,1.795789,0.962508,0.641672,0.987500,-0.178835,7.694734,6.000000,True,True,True,,,,1383,17,1.000000,0.952381
0.000000,0.000000,79.000000,1.000000,0.000000,0.000000,1.000000,0.000000,15.000000,0.000000,6.368983,1.000000,1.000000,1.000000,1.000000,0.000000,0.000000,0.807145,0.219439,0.287500,2.036945,0.964677,0.643118,0.987500,-0.241156,7.694734,7.000000,True,True,True,,,,1384,17,1.000000,0.976190
0.000000,0.000000,78.000000,1.000000,1.000000,0.000000,1.000000,0.000000,20.000000,0.000000,6.627449,1.000000,1.000000,1.000000,1.000000,0.000000,0.000000,0.653924,0.126535,0.389576,2.262435,0.962838,0.641892,0.987500,-0.225490,7.694734,6.000000,True,True,True,,,,1385,17,1.000000,0.976744
0.000000,0.000000,78.000000,1.000000,1.000000,0.000000,1.000000,0.000000,17.000000,0.000000,5.733992,1.000000,1.000000,1.000000,1.000000,0.000000,0.000000,0.757745,0.226887,0.354809,2.619035,0.963277,0.642185,0.987500,-0.356599,7.694734,7.000000,True,True,True,,,,1386,17,1.000000,1.000000
0.000000,0.000000,77.000000,1.000000,2.000000,0.000000,1.000000,0.000000,18.000000,0.000000,6.018286,1.000000,1.000000,1.000000,1.000000,0.000000,0.000000,0.667259,0.073011,0.351169,2.914498,0.962668,0.641779,0.987500,-0.295463,7.694734,6.000000,True,True,True,1.000000,1.000000,1.000000,1387,17,1.000000,1.000000
0.000000,0.000000,77.000000,1.000000,2.000000,0.000000,1.000000,0.000000,18.000000,0.000000,6.373598,1.000000,1.000000,1.000000,1.000000,0.000000,0.000000,0.867452,0.169468,0.281256,3.242950,0.960157,0.640105,0.987500,-0.328452,7.694734,7.000000,True,True,True,,,,1388,17,1.000000,0.975610
1.000000,0.000000,75.000000,1.000000,3.000000,0.000000,2.000000,0.000000,18.000000,0.000000,6.711980,1.000000,1.000000,1.000000,1.000000,0.000000,0.000000,0.760288,0.073877,0.284294,3.458945,0.956415,0.637610,0.987500,-0.215995,7.694734,7.000000,True,True,True,,,,1389,17,1.000000,0.976190
1.000000,0.000000,72.000000,1.000000,6.000000,0.000000,2.000000,0.000000,18.000000,0.000000,6.214573,1.000000,1.000000,1.000000,1.000000,0.000000,0.000000,0.811502,0.288034,0.341994,3.780304,0.936276,0.624184,0.975000,-0.321359,7.694734,7.000000,True,True,True,,,,1390,17,1.000000,0.974359
1.000000,0.000000,72.000000,1.000000,6.000000,0.000000,2.000000,0.000000,22.000000,0.000000,5.501387,1.000000,1.000000,1.000000,1.000000,0.000000,0.000000,0.715846,0.215346,0.351981,3.966839,0.921095,0.614063,0.975000,-0.186534,7.694734,5.000000,True,True,True,,,,1391,17,1.000000,1.000000
3.000000,0.000000,72.000000,1.000000,4.000000,0.000000,4.000000,0.000000,18.000000,0.000000,5.013916,1.000000,1.000000,1.000000,1.000000,0.000000,0.000000,0.701935,0.344592,0.417553,4.408875,0.920434,0.613623,0.975000,-0.442037,7.694734,6.000000,True,True,True,,,,1392,17,1.000000,0.945946
3.000000,0.000000,72.000000,1.000000,4.000000,0.000000,4.000000,0.000000,145.000000,34.000000,0.000000,1.000000,1.000000,1.000000,1.000000,0.000000,0.000000,0.610071,0.224952,0.414075,5.297763,0.888661,0.592440,0.950000,-0.888888,7.694734,7.000000,True,True,True,,,,1393,17,1.000000,0.921053
4.000000,0.000000,72.000000,1.000000,3.000000,0.000000,5.000000,0.000000,139.000000,39.000000,2.615739,1.000000,1.000000,1.000000,1.000000,0.000000,0.000000,0.602350,0.278189,0.429955,5.236305,0.915137,0.610092,0.950000,0.061458,7.694734,6.000000,True,True,True,,,,1394,17,0.909091,0.869565
4.000000,1.000000,72.000000,1.000000,2.000000,0.000000,5.000000,0.000000,133.000000,32.000000,2.799880,1.000000,1.000000,1.000000,1.000000,0.000000,0.000000,0.416980,0.201601,0.611793,5.249423,0.923910,0.615940,0.950000,-0.013118,7.694734,1.000000,True,True,True,,,,1395,17,0.933333,0.913043
6.000000,1.000000,72.000000,1.000000,0.000000,0.000000,7.000000,0.000000,118.000000,32.000000,2.901148,1.000000,1.000000,1.000000,1.000000,0.000000,0.000000,0.381852,0.149323,0.626023,5.364586,0.919615,0.613077,0.937500,-0.115163,7.742517,1.000000,True,True,True,,,,1396,17,0.958333,1.000000
6.000000,1.000000,72.000000,1.000000,0.000000,0.000000,7.000000,0.000000,119.000000,32.000000,2.974351,1.000000,1.000000,1.000000,1.000000,0.000000,0.000000,0.390270,0.164971,0.622297,5.542045,0.895663,0.597108,0.912500,-0.177459,8.231120,2.000000,True,False,False,,,,1397,17,0.793103,1.000000
5.000000,2.000000,72.000000,1.000000,0.000000,0.000000,6.000000,0.000000,117.000000,32.000000,3.021037,1.000000,1.000000,1.000000,1.000000,0.000000,0.000000,0.312307,-0.003064,0.686062,5.817764,0.917116,0.611410,0.925000,-0.275719,8.712651,0.000000,True,False,False,,,,1398,17,0.793103,1.000000
5.000000,2.000000,73.000000,0.000000,0.000000,0.000000,5.000000,0.000000,110.000000,32.000000,3.053431,1.000000,1.000000,0.000000,0.000000,1.000000,0.000000,0.421054,0.048202,0.586088,6.010069,0.926201,0.617467,0.937500,-0.192305,,0.000000,True,False,False,,,,1399,-,0.793103,1.000000
4.000000,3.000000,73.000000,0.000000,0.000000,0.000000,4.000000,0.000000,106.000000,32.000000,3.069670,1.000000,1.000000,0.000000,0.000000,1.000000,0.000000,0.358591,-0.064026,0.637363,6.259192,0.943191,0.628794,0.950000,-0.249123,,0.000000,True,False,False,,,,1400,-,0.000000,
4.000000,3.000000,73.000000,0.000000,0.000000,0.000000,4.000000,0.000000,102.000000,32.000000,3.088149,1.000000,1.000000,0.000000,0.000000,1.000000,0.000000,0.390865,-0.023857,0.590944,6.484655,0.940913,0.627276,0.950000,-0.225463,,0.000000,True,False,False,,,,1401,-,0.000000,
4.000000,3.000000,73.000000,0.000000,0.000000,0.000000,4.000000,0.000000,98.000000,32.000000,3.096300,1.000000,1.000000,0.000000,0.000000,1.000000,0.000000,0.328368,-0.048403,0.665306,6.776117,0.937292,0.624862,0.950000,-0.291462,,0.000000,True,False,False,,,,1402,-,0.000000,
4.000000,3.000000,73.000000,0.000000,0.000000,0.000000,4.000000,0.000000,92.000000,32.000000,3.092606,1.000000,1.000000,0.000000,0.000000,1.000000,0.000000,0.382132,0.004633,0.595063,7.018965,0.932459,0.621640,0.950000,-0.242848,,0.000000,True,False,False,,,,1403,-,0.000000,
4.000000,3.000000,73.000000,0.000000,0.000000,0.000000,4.000000,0.000000,90.000000,32.000000,3.100104,1.000000,1.000000,0.000000,0.000000,1.000000,0.000000,0.344650,0.001031,0.648304,7.308401,0.931612,0.621075,0.950000,-0.289436,,0.000000,True,False,False,,,,1404,-,0.000000,
4.000000,3.000000,73.000000,0.000000,0.000000,0.000000,4.000000,0.000000,92.000000,30.000000,3.072298,1.000000,1.000000,0.000000,0.000000,1.000000,0.000000,0.480354,0.069558,0.510250,7.558291,0.927440,0.618293,0.950000,-0.249890,,0.000000,True,False,False,,,,1405,-,0.000000,
4.000000,1.000000,75.000000,0.000000,0.000000,0.000000,4.000000,0.000000,89.000000,30.000000,3.144401,1.000000,1.000000,0.000000,0.000000,1.000000,0.000000,0.341404,0.063163,0.658704,7.830229,0.930370,0.620246,0.950000,-0.271938,,0.000000,True,False,False,,,,1406,-,0.000000,
4.000000,1.000000,75.000000,0.000000,0.000000,0.000000,4.000000,0.000000,93.000000,30.000000,3.183147,1.000000,1.000000,0.000000,0.000000,1.000000,0.000000,0.509112,0.168564,0.484064,7.956839,0.926928,0.617952,0.950000,-0.126611,,0.000000,True,False,False,,,,1407,-,0.000000,
4.000000,0.000000,76.000000,0.000000,0.000000,0.000000,4.000000,0.000000,95.000000,30.000000,3.233907,1.000000,1.000000,0.000000,0.000000,1.000000,0.000000,0.474870,0.161323,0.507320,8.121821,0.933998,0.622665,0.950000,-0.164981,,1.000000,True,False,False,,,,1408,-,0.000000,
4.000000,0.000000,76.000000,0.000000,0.000000,0.000000,4.000000,0.000000,84.000000,30.000000,3.248805,1.000000,1.000000,0.000000,0.000000,1.000000,0.000000,0.507596,0.121036,0.466146,8.260716,0.934433,0.622955,0.950000,-0.138895,,0.000000,True,False,False,,,,1409,-,0.000000,
4.000000,0.000000,76.000000,0.000000,0.000000,0.000000,4.000000,0.000000,85.000000,30.000000,3.264172,1.000000,1.000000,0.000000,0.000000,1.000000,0.000000,0.388394,0.098291,0.599558,8.510691,0.930206,0.620138,0.950000,-0.249975,,0.000000,True,False,False,,,,1410,-,0.000000,
4.000000,0.000000,76.000000,0.000000,0.000000,0.000000,4.000000,0.000000,83.000000,30.000000,3.264086,1.000000,1.000000,0.000000,0.000000,1.000000,0.000000,0.499392,0.090467,0.470717,8.657291,0.929944,0.619963,0.950000,-0.146600,,0.000000,True,False,False,,,,1411,-,0.000000,
4.000000,0.000000,76.000000,0.000000,0.000000,0.000000,4.000000,0.000000,88.000000,29.000000,3.298538,1.000000,1.000000,0.000000,0.000000,1.000000,0.000000,0.517844,0.141403,0.470552,8.866973,0.928583,0.619055,0.950000,-0.209682,,0.000000,True,False,False,,,,1412,-,0.000000,
4.000000,0.000000,76.000000,0.000000,0.000000,0.000000,4.000000,0.000000,85.000000,29.000000,3.369909,1.000000,1.000000,0.000000,0.000000,1.000000,0.000000,0.520397,0.131038,0.473643,8.999400,0.929018,0.619345,0.950000,-0.132427,,0.000000,True,False,False,,,,1413,-,0.000000,
4.000000,0.000000,76.000000,0.000000,0.000000,0.000000,4.000000,0.000000,84.000000,29.000000,3.383018,1.000000,1.000000,0.000000,0.000000,1.000000,0.000000,0.439611,0.091362,0.569688,9.220477,0.927982,0.618655,0.950000,-0.221077,,1.000000,True,False,False,,,,1414,-,0.000000,
4.000000,0.000000,76.000000,0.000000,0.000000,0.000000,4.000000,0.000000,88.000000,29.000000,3.417302,1.000000,1.000000,0.000000,0.000000,1.000000,0.000000,0.559312,0.162591,0.441096,9.330107,0.925191,0.616794,0.950000,-0.109630,,0.000000,True,False,False,,,,1415,-,0.000000,
4.000000,0.000000,76.000000,0.000000,0.000000,0.000000,4.000000,0.000000,85.000000,29.000000,3.416319,1.000000,1.000000,0.000000,0.000000,1.000000,0.000000,0.469703,0.071032,0.515916,9.531726,0.932902,0.621935,0.950000,-0.201620,,1.000000,True,False,False,,,,1416,-,0.000000,
4.000000,0.000000,76.000000,0.000000,0.000000,0.000000,4.000000,0.000000,89.000000,28.000000,3.582462,1.000000,1.000000,0.000000,0.000000,1.000000,0.000000,0.523570,0.074507,0.458263,9.799574,0.931484,0.620989,0.950000,-0.267848,,0.000000,True,False,False,,,,1417,-,0.000000,
4.000000,0.000000,76.000000,0.000000,0.000000,0.000000,4.000000,0.000000,86.000000,27.000000,3.670651,1.000000,1.000000,0.000000,0.000000,1.000000,0.000000,0.434730,0.100365,0.546452,10.044762,0.935619,0.623746,0.950000,-0.245188,,1.000000,True,False,False,,,,1418,-,0.000000,
4.000000,0.000000,76.000000,0.000000,0.000000,0.000000,4.000000,0.000000,89.000000,27.000000,3.657985,1.000000,1.000000,0.000000,0.000000,1.000000,0.000000,0.559207,0.182294,0.443768,10.165405,0.930906,0.620604,0.950000,-0.120643,,0.000000,True,False,False,,,,1419,-,0.000000,
4.000000,0.000000,76.000000,0.000000,0.000000,0.000000,4.000000,0.000000,80.000000,27.000000,3.675870,1.000000,1.000000,0.000000,0.000000,1.000000,0.000000,0.385292,0.011660,0.593999,10.463488,0.934299,0.622866,0.950000,-0.298082,,1.000000,True,False,False,,,,1420,-,0.000000,
4.000000,0.000000,76.000000,0.000000,0.000000,0.000000,4.000000,0.000000,84.000000,27.000000,3.627959,1.000000,1.000000,0.000000,0.000000,1.000000,0.000000,0.569501,0.149562,0.411551,10.581589,0.929707,0.619805,0.950000,-0.118102,,0.000000,True,False,False,,,,1421,-,0.000000,
4.000000,0.000000,76.000000,0.000000,0.000000,0.000000,4.000000,0.000000,81.000000,27.000000,3.646033,1.000000,1.000000,0.000000,0.000000,1.000000,0.000000,0.485467,0.066779,0.476185,10.781371,0.934555,0.623037,0.950000,-0.199782,,1.000000,True,False,False,,,,1422,-,0.000000,
4.000000,0.000000,76.000000,0.000000,0.000000,0.000000,4.000000,0.000000,82.000000,27.000000,3.554747,1.000000,1.000000,0.000000,0.000000,1.000000,0.000000,0.542805,0.008436,0.425266,10.939944,0.936049,0.624033,0.950000,-0.158573,,2.000000,True,False,False,,,,1423,-,0.000000,
4.000000,0.000000,76.000000,0.000000,0.000000,0.000000,4.000000,0.000000,79.000000,27.000000,3.608665,1.000000,1.000000,0.000000,0.000000,1.000000,0.000000,0.507151,0.081398,0.472363,11.141968,0.936097,0.624065,0.950000,-0.202024,,1.000000,True,False,False,,,,1424,-,0.000000,
4.000000,0.000000,76.000000,0.000000,0.000000,0.000000,4.000000,0.000000,77.000000,26.000000,3.555458,1.000000,1.000000,0.000000,0.000000,1.000000,0.000000,0.533700,0.081336,0.462401,11.436119,0.931954,0.621303,0.950000,-0.294150,,2.000000,True,False,False,,,,1425,-,0.000000,
4.000000,0.000000,76.000000,0.000000,0.000000,0.000000,4.000000,0.000000,75.000000,26.000000,3.735943,1.000000,1.000000,0.000000,0.000000,1.000000,0.000000,0.514329,0.065022,0.481777,11.677629,0.929904,0.619936,0.950000,-0.241510,,0.000000,True,False,False,,,,1426,-,0.000000,
4.000000,0.000000,76.000000,0.000000,0.000000,0.000000,4.000000,0.000000,77.000000,26.000000,3.673987,1.000000,1.000000,0.000000,0.000000,1.000000,0.000000,0.613545,0.192867,0.412551,11.806334,0.922472,0.614982,0.950000,-0.128705,,1.000000,True,False,False,,,,1427,-,0.000000,
4.000000,0.000000,76.000000,0.000000,0.000000,0.000000,4.000000,0.000000,78.000000,26.000000,3.760465,1.000000,1.000000,0.000000,0.000000,1.000000,0.000000,0.494422,0.065412,0.536291,12.042024,0.920349,0.613566,0.950000,-0.235690,,2.000000,True,False,False,,,,1428,-,0.000000,
4.000000,0.000000,76.000000,0.000000,0.000000,0.000000,4.000000,0.000000,68.000000,26.000000,3.708008,1.000000,1.000000,0.000000,0.000000,1.000000,0.000000,0.635943,0.137380,0.373914,12.127793,0.925206,0.616804,0.950000,-0.085769,,0.000000,True,False,False,,,,1429,-,0.000000,
4.000000,0.000000,76.000000,0.000000,0.000000,0.000000,4.000000,0.000000,65.000000,25.000000,3.827307,1.000000,1.000000,0.000000,0.000000,1.000000,0.000000,0.520916,0.126879,0.476733,12.281632,0.929246,0.619497,0.950000,-0.153839,,1.000000,True,False,False,,,,1430,-,0.000000,
4.000000,0.000000,76.000000,0.000000,0.000000,0.000000,4.000000,0.000000,65.000000,25.000000,3.804106,1.000000,1.000000,0.000000,0.000000,1.000000,0.000000,0.582814,0.155315,0.391659,12.389871,0.931306,0.620871,0.950000,-0.108239,,2.000000,True,False,False,,,,1431,-,0.000000,
4.000000,0.000000,76.000000,0.000000,0.000000,0.000000,4.000000,0.000000,62.000000,25.000000,3.924306,1.000000,1.000000,0.000000,0.000000,1.000000,0.000000,0.464917,0.065542,0.510511,12.625459,0.931818,0.621212,0.950000,-0.235589,,3.000000,True,False,False,,,,1432,-,0.000000,
4.000000,0.000000,76.000000,0.000000,0.000000,0.000000,4.000000,0.000000,60.000000,25.000000,3.870632,1.000000,1.000000,0.000000,0.000000,1.000000,0.000000,0.586205,0.159753,0.405304,12.751240,0.929209,0.619473,0.950000,-0.125781,,3.000000,True,False,False,,,,1433,-,0.000000,
4.000000,0.000000,76.000000,0.000000,0.000000,0.000000,4.000000,0.000000,60.000000,25.000000,3.966112,1.000000,1.000000,0.000000,0.000000,1.000000,0.000000,0.567373,0.121977,0.430216,12.897830,0.927517,0.618344,0.950000,-0.146590,,4.000000,True,False,False,,,,1434,-,0.000000,
4.000000,0.000000,76.000000,0.000000,0.000000,0.000000,4.000000,0.000000,62.000000,25.000000,3.920916,1.000000,1.000000,0.000000,0.000000,1.000000,0.000000,0.638546,0.172183,0.350258,12.980882,0.927661,0.618440,0.950000,-0.083052,,5.000000,True,False,False,,,,1435,-,0.000000,
4.000000,0.000000,76.000000,0.000000,0.000000,0.000000,4.000000,0.000000,62.000000,25.000000,3.992214,1.000000,1.000000,0.000000,0.000000,1.000000,0.000000,0.571298,0.136837,0.405744,13.125497,0.930426,0.620284,0.950000,-0.144614,,6.000000,True,False,False,,,,1436,-,0.000000,
4.000000,0.000000,76.000000,0.000000,0.000000,0.000000,4.000000,0.000000,61.000000,25.000000,3.956683,1.000000,1.000000,0.000000,0.000000,1.000000,0.000000,0.665984,0.148681,0.299610,13.181954,0.932641,0.621761,0.950000,-0.056457,,7.000000,True,False,False,,,,1437,-,0.000000,
4.000000,0.000000,75.000000,0.000000,1.000000,0.000000,4.000000,0.000000,57.000000,25.000000,3.999509,1.000000,1.000000,0.000000,0.000000,1.000000,0.000000,0.662663,0.161889,0.342515,13.220809,0.932721,0.621814,0.950000,-0.038854,,7.000000,True,False,False,,,,1438,-,0.000000,
4.000000,0.000000,74.000000,0.000000,2.000000,0.000000,4.000000,0.000000,56.000000,24.000000,4.054748,1.000000,1.000000,0.000000,0.000000,1.000000,0.000000,0.657775,0.199501,0.338907,13.229442,0.934346,0.622897,0.950000,-0.008633,,6.000000,True,False,False,,,,1439,-,0.000000,
4.000000,0.000000,74.000000,0.000000,2.000000,0.000000,4.000000,0.000000,55.000000,24.000000,4.100042,1.000000,1.000000,0.000000,0.000000,1.000000,0.000000,0.629831,0.200771,0.389831,13.287694,0.934130,0.622754,0.950000,-0.058252,,7.000000,True,False,False,,,,1440,-,0.000000,
4.000000,0.000000,72.000000,0.000000,4.000000,0.000000,4.000000,0.000000,59.000000,24.000000,4.141073,1.000000,1.000000,0.000000,0.000000,1.000000,0.000000,0.755202,0.308775,0.341775,13.359312,0.925623,0.617082,0.950000,-0.071618,,6.000000,True,False,False,,,,1441,-,0.000000,
5.000000,0.000000,72.000000,0.000000,3.000000,0.000000,5.000000,0.000000,57.000000,23.000000,4.235831,1.000000,1.000000,0.000000,0.000000,1.000000,0.000000,0.719810,0.307969,0.381188,13.367738,0.929883,0.619922,0.950000,-0.008426,,7.000000,True,False,False,,,,1442,-,0.000000,
5.000000,0.000000,71.000000,0.000000,4.000000,0.000000,5.000000,0.000000,58.000000,23.000000,4.294139,1.000000,1.000000,0.000000,0.000000,1.000000,0.000000,0.784511,0.311705,0.312535,13.346501,0.913622,0.609081,0.937500,0.021237,,6.000000,True,False,False,,,,1443,-,0.000000,
6.000000,0.000000,71.000000,0.000000,3.000000,0.000000,6.000000,0.000000,57.000000,23.000000,4.323219,1.000000,1.000000,0.000000,0.000000,1.000000,0.000000,0.700663,0.284154,0.406142,13.417042,0.904554,0.603036,0.937500,-0.070541,,7.000000,True,False,False,,,,1444,-,0.000000,
7.000000,0.000000,65.000000,0.000000,8.000000,0.000000,7.000000,0.000000,49.000000,23.000000,4.339674,1.000000,1.000000,0.000000,0.000000,1.000000,0.000000,0.845821,0.320043,0.283134,13.392061,0.877630,0.585087,0.925000,0.024982,,6.000000,True,False,False,,,,1445,-,0.000000,
7.000000,0.000000,65.000000,0.000000,8.000000,0.000000,7.000000,0.000000,54.000000,22.000000,4.371571,1.000000,1.000000,0.000000,0.000000,1.000000,0.000000,0.788108,0.419640,0.384233,13.309543,0.858844,0.572562,0.925000,0.082518,,7.000000,True,False,False,,,,1446,-,0.000000,
7.000000,0.000000,61.000000,0.000000,12.000000,0.000000,7.000000,0.000000,55.000000,22.000000,4.445727,1.000000,1.000000,0.000000,0.000000,1.000000,0.000000,0.860755,0.448068,0.348505,13.186649,0.836422,0.557615,0.912500,0.122894,,4.000000,True,False,False,,,,1447,-,0.000000,
9.000000,1.000000,61.000000,0.000000,9.000000,0.000000,9.000000,0.000000,53.000000,22.000000,4.474697,1.000000,1.000000,0.000000,0.000000,1.000000,0.000000,0.815017,0.440798,0.374386,13.132823,0.859243,0.572829,0.937500,0.053826,,5.000000,True,False,False,,,,1448,-,0.000000,
10.000000,1.000000,61.000000,0.000000,8.000000,0.000000,10.000000,0.000000,56.000000,22.000000,4.515929,1.000000,1.000000,0.000000,0.000000,1.000000,0.000000,0.945166,0.520749,0.383412,12.996565,0.813407,0.542271,0.887500,0.136259,,6.000000,True,False,False,,,,1449,-,0.000000,
12.000000,3.000000,61.000000,0.000000,4.000000,0.000000,12.000000,0.000000,54.000000,22.000000,4.516879,1.000000,1.000000,0.000000,0.000000,1.000000,0.000000,0.815746,0.450773,0.377162,12.980505,0.825964,0.550643,0.900000,0.016059,,5.000000,True,False,False,,,,1450,-,0.000000,
13.000000,3.000000,61.000000,0.000000,3.000000,0.000000,13.000000,0.000000,59.000000,20.000000,4.528864,1.000000,1.000000,0.000000,0.000000,1.000000,0.000000,0.955119,0.435489,0.281117,12.888133,0.790371,0.526914,0.862500,0.092372,,6.000000,True,False,False,,,,1451,-,0.000000,
13.000000,6.000000,61.000000,0.000000,0.000000,0.000000,13.000000,0.000000,63.000000,22.000000,4.602716,1.000000,1.000000,0.000000,0.000000,1.000000,0.000000,0.841496,0.409735,0.356918,12.836644,0.807066,0.538044,0.875000,0.051489,,7.000000,True,False,False,,,,1452,-,0.000000,
12.000000,6.000000,57.000000,0.000000,5.000000,0.000000,12.000000,0.000000,63.000000,21.000000,4.760733,1.000000,1.000000,0.000000,0.000000,1.000000,0.000000,0.667859,0.255216,0.382280,12.987623,0.791522,0.527681,0.850000,-0.150978,,5.000000,True,False,False,,,,1453,-,0.000000,
11.000000,7.000000,57.000000,0.000000,5.000000,0.000000,11.000000,0.000000,64.000000,20.000000,4.898653,1.000000,1.000000,0.000000,0.000000,1.000000,0.000000,0.668138,0.194465,0.384405,13.084138,0.805325,0.536884,0.875000,-0.096515,,6.000000,True,False,False,,,,1454,-,0.000000,
6.000000,12.000000,57.000000,0.000000,5.000000,0.000000,6.000000,0.000000,67.000000,19.000000,4.951333,1.000000,1.000000,0.000000,0.000000,1.000000,0.000000,0.596688,0.104081,0.435990,13.258638,0.867698,0.578465,0.925000,-0.174501,,7.000000,True,False,False,,,,1455,-,0.000000,
7.000000,12.000000,56.000000,0.000000,5.000000,0.000000,7.000000,0.000000,69.000000,19.000000,4.973168,1.000000,1.000000,0.000000,0.000000,1.000000,0.000000,0.622656,-0.001938,0.378667,13.419441,0.890015,0.593343,0.925000,-0.160802,,3.000000,True,False,False,,,,1456,-,0.000000,
8.000000,12.000000,56.000000,0.000000,4.000000,0.000000,8.000000,0.000000,65.000000,14.000000,4.982894,1.000000,1.000000,0.000000,0.000000,1.000000,0.000000,0.567198,-0.103633,0.423764,13.621562,0.890593,0.593729,0.912500,-0.202121,,4.000000,True,False,False,,,,1457,-,0.000000,
9.000000,9.000000,59.000000,0.000000,3.000000,0.000000,9.000000,0.000000,62.000000,16.000000,4.986268,1.000000,1.000000,0.000000,0.000000,1.000000,0.000000,0.634109,-0.026104,0.357383,13.746877,0.874867,0.583245,0.900000,-0.125316,,5.000000,True,False,False,,,,1458,-,0.000000,
7.000000,11.000000,59.000000,0.000000,3.000000,0.000000,7.000000,0.000000,62.000000,19.000000,4.989260,1.000000,1.000000,0.000000,0.000000,1.000000,0.000000,0.653825,0.070802,0.339704,13.843626,0.884894,0.589929,0.912500,-0.096749,,6.000000,True,False,False,,,,1459,-,0.000000,
10.000000,10.000000,60.000000,0.000000,0.000000,0.000000,10.000000,0.000000,55.000000,19.000000,4.986712,1.000000,1.000000,0.000000,0.000000,1.000000,0.000000,0.637571,-0.034215,0.358263,13.959285,0.895152,0.596768,0.912500,-0.115660,,7.000000,True,False,False,,,,1460,-,0.000000,
10.000000,8.000000,61.000000,0.000000,1.000000,0.000000,10.000000,0.000000,57.000000,19.000000,4.985005,1.000000,1.000000,0.000000,0.000000,1.000000,0.000000,0.696493,0.030827,0.337732,14.012343,0.850496,0.566997,0.875000,-0.053058,,7.000000,True,False,False,,,,1461,-,0.000000,
9.000000,7.000000,62.000000,0.000000,2.000000,0.000000,9.000000,0.000000,55.000000,19.000000,4.983078,1.000000,1.000000,0.000000,0.000000,1.000000,0.000000,0.642683,0.053731,0.382068,14.107347,0.839930,0.559954,0.887500,-0.095004,,5.000000,True,False,False,,,,1462,-,0.000000,
9.000000,6.000000,63.000000,0.000000,2.000000,0.000000,9.000000,0.000000,60.000000,19.000000,4.982854,1.000000,1.000000,0.000000,0.000000,1.000000,0.000000,0.598025,0.025003,0.399305,14.237974,0.841091,0.560727,0.887500,-0.130627,,6.000000,True,False,False,,,,1463,-,0.000000,
10.000000,4.000000,65.000000,0.000000,1.000000,0.000000,10.000000,0.000000,60.000000,16.000000,4.982054,1.000000,1.000000,0.000000,0.000000,1.000000,0.000000,0.580812,0.002556,0.392701,14.381866,0.850910,0.567273,0.887500,-0.143893,,7.000000,True,False,False,,,,1464,-,0.000000,
9.000000,3.000000,65.000000,0.000000,3.000000,0.000000,9.000000,0.000000,57.000000,16.000000,4.983721,1.000000,1.000000,0.000000,0.000000,1.000000,0.000000,0.666718,0.059016,0.330658,14.471547,0.849822,0.566548,0.887500,-0.089681,,7.000000,True,False,False,,,,1465,-,0.000000,
9.000000,3.000000,65.000000,0.000000,3.000000,0.000000,9.000000,0.000000,56.000000,16.000000,4.990790,1.000000,1.000000,0.000000,0.000000,1.000000,0.000000,0.710810,0.111602,0.309232,14.536958,0.859551,0.573034,0.900000,-0.065411,,7.000000,True,False,False,,,,1466,-,0.000000,
9.000000,3.000000,64.000000,0.000000,4.000000,0.000000,9.000000,0.000000,60.000000,16.000000,4.995916,1.000000,1.000000,0.000000,0.000000,1.000000,0.000000,0.763348,0.173917,0.288869,14.562981,0.849769,0.566513,0.887500,-0.026023,,7.000000,True,False,False,,,,1467,-,0.000000,
9.000000,3.000000,63.000000,0.000000,5.000000,0.000000,9.000000,0.000000,64.000000,10.000000,4.999382,1.000000,1.000000,0.000000,0.000000,1.000000,0.000000,0.823520,0.227207,0.264971,14.527372,0.850170,0.566780,0.887500,0.035608,,7.000000,True,False,False,,,,1468,-,0.000000,
9.000000,2.000000,63.000000,0.000000,6.000000,0.000000,9.000000,0.000000,63.000000,12.000000,4.999280,1.000000,1.000000,0.000000,0.000000,1.000000,0.000000,0.786444,0.195107,0.280401,14.534886,0.855490,0.570327,0.887500,-0.007514,,4.000000,True,False,False,,,,1469,-,0.000000,
11.000000,2.000000,63.000000,0.000000,4.000000,0.000000,11.000000,0.000000,63.000000,10.000000,4.999300,1.000000,1.000000,0.000000,0.000000,1.000000,0.000000,0.813132,0.248677,0.284321,14.505571,0.842152,0.561435,0.887500,0.029315,,5.000000,True,False,False,,,,1470,-,0.000000,
12.000000,2.000000,63.000000,0.000000,3.000000,0.000000,12.000000,0.000000,67.000000,11.000000,4.999337,1.000000,1.000000,0.000000,0.000000,1.000000,0.000000,0.788953,0.259631,0.291209,14.519293,0.824278,0.549519,0.862500,-0.013721,,6.000000,True,False,False,,,,1471,-,0.000000,
13.000000,2.000000,63.000000,0.000000,2.000000,0.000000,13.000000,0.000000,63.000000,7.000000,4.999337,1.000000,1.000000,0.000000,0.000000,1.000000,0.000000,0.765543,0.234086,0.266808,14.581130,0.815565,0.543710,0.850000,-0.061838,,7.000000,True,False,False,,,,1472,-,0.000000,
15.000000,2.000000,58.000000,0.000000,5.000000,0.000000,15.000000,0.000000,66.000000,7.000000,4.999534,1.000000,1.000000,0.000000,0.000000,1.000000,0.000000,0.840179,0.274890,0.273814,14.580706,0.790830,0.527220,0.837500,0.000424,,6.000000,True,False,False,,,,1473,-,0.000000,
14.000000,2.000000,59.000000,0.000000,5.000000,0.000000,14.000000,0.000000,62.000000,4.000000,4.999699,1.000000,1.000000,0.000000,0.000000,1.000000,0.000000,0.802570,0.317979,0.305408,14.601351,0.774925,0.516617,0.825000,-0.020645,,7.000000,True,False,False,,,,1474,-,0.000000,
14.000000,2.000000,59.000000,0.000000,5.000000,0.000000,14.000000,0.000000,73.000000,3.000000,4.999991,1.000000,1.000000,0.000000,0.000000,1.000000,0.000000,0.760122,0.292015,0.349026,14.684956,0.768068,0.512045,0.825000,-0.083605,,5.000000,True,False,False,,,,1475,-,0.000000,
16.000000,4.000000,59.000000,0.000000,1.000000,0.000000,16.000000,0.000000,72.000000,0.000000,5.000000,1.000000,1.000000,0.000000,0.000000,1.000000,0.000000,0.717879,0.133466,0.276645,14.785112,0.828667,0.552444,0.850000,-0.100156,,6.000000,True,False,False,,,,1476,-,0.000000,
16.000000,2.000000,61.000000,0.000000,1.000000,0.000000,16.000000,0.000000,70.000000,0.000000,5.000000,1.000000,1.000000,0.000000,0.000000,1.000000,0.000000,0.618015,0.061217,0.358523,14.963916,0.782998,0.521999,0.800000,-0.178804,,7.000000,True,False,False,,,,1477,-,0.000000,
16.000000,3.000000,59.000000,0.000000,2.000000,0.000000,16.000000,0.000000,67.000000,0.000000,5.000000,1.000000,1.000000,0.000000,0.000000,1.000000,0.000000,0.738863,0.166780,0.274145,15.045857,0.778928,0.519285,0.812500,-0.081941,,6.000000,True,False,False,,,,1478,-,0.000000,
16.000000,3.000000,59.000000,0.000000,2.000000,0.000000,16.000000,0.000000,68.000000,0.000000,5.000000,1.000000,1.000000,0.000000,0.000000,1.000000,0.000000,0.724970,0.113577,0.268495,15.155924,0.770320,0.513546,0.800000,-0.110067,,7.000000,True,False,False,,,,1479,-,0.000000,
15.000000,4.000000,58.000000,0.000000,3.000000,0.000000,15.000000,0.000000,63.000000,0.000000,5.000000,1.000000,1.000000,0.000000,0.000000,1.000000,0.000000,0.641765,0.058626,0.314445,15.305683,0.787279,0.524852,0.812500,-0.149759,,7.000000,True,False,False,,,,1480,-,0.000000,
14.000000,6.000000,56.000000,0.000000,4.000000,0.000000,14.000000,0.000000,60.000000,0.000000,5.000000,1.000000,1.000000,0.000000,0.000000,1.000000,0.000000,0.840564,0.154152,0.189123,15.291939,0.813643,0.542429,0.850000,0.013744,,7.000000,True,False,False,,,,1481,-,0.000000,
15.000000,6.000000,54.000000,0.000000,5.000000,0.000000,15.000000,0.000000,64.000000,0.000000,5.000000,1.000000,1.000000,0.000000,0.000000,1.000000,0.000000,0.855518,0.280619,0.288832,15.276199,0.778143,0.518762,0.825000,0.015740,,7.000000,True,False,False,,,,1482,-,0.000000,
14.000000,6.000000,54.000000,0.000000,6.000000,0.000000,14.000000,0.000000,64.000000,0.000000,5.000000,1.000000,1.000000,0.000000,0.000000,1.000000,0.000000,0.854793,0.220511,0.240636,15.234822,0.781755,0.521170,0.825000,0.041377,,7.000000,True,False,False,,,,1483,-,0.000000,
15.000000,5.000000,56.000000,0.000000,4.000000,0.000000,15.000000,0.000000,65.000000,0.000000,5.000000,1.000000,1.000000,0.000000,0.000000,1.000000,0.000000,0.791878,0.112578,0.270161,15.263796,0.813604,0.542402,0.850000,-0.028975,,7.000000,True,False,False,,,,1484,-,0.000000,
16.000000,4.000000,56.000000,0.000000,4.000000,0.000000,16.000000,0.000000,64.000000,0.000000,5.000000,1.000000,1.000000,0.000000,0.000000,1.000000,0.000000,0.882145,0.250743,0.232451,15.232258,0.777863,0.518575,0.812500,0.031539,,7.000000,True,False,False,,,,1485,-,0.000000,
16.000000,4.000000,52.000000,0.000000,8.000000,0.000000,16.000000,0.000000,64.000000,0.000000,5.000000,1.000000,1.000000,0.000000,0.000000,1.000000,0.000000,0.771065,0.219524,0.290637,15.320047,0.745977,0.497318,0.800000,-0.087789,,6.000000,True,False,False,,,,1486,-,0.000000,
17.000000,2.000000,55.000000,0.000000,6.000000,0.000000,17.000000,0.000000,66.000000,0.000000,5.000000,1.000000,1.000000,0.000000,0.000000,1.000000,0.000000,0.843420,0.309296,0.279927,15.327390,0.753386,0.502257,0.812500,-0.007343,,7.000000,True,False,False,,,,1487,-,0.000000,
19.000000,2.000000,53.000000,0.000000,6.000000,0.000000,19.000000,0.000000,65.000000,0.000000,5.000000,1.000000,1.000000,0.000000,0.000000,1.000000,0.000000,0.859861,0.335679,0.280127,15.350693,0.726915,0.484610,0.787500,-0.023302,,7.000000,True,False,False,,,,1488,-,0.000000,
18.000000,3.000000,51.000000,0.000000,8.000000,0.000000,18.000000,0.000000,67.000000,0.000000,5.000000,1.000000,1.000000,0.000000,0.000000,1.000000,0.000000,0.858794,0.336623,0.331074,15.425543,0.700238,0.466825,0.775000,-0.074851,,5.000000,True,False,False,,,,1489,-,0.000000,
20.000000,3.000000,52.000000,0.000000,5.000000,0.000000,20.000000,0.000000,65.000000,0.000000,5.000000,1.000000,1.000000,0.000000,0.000000,1.000000,0.000000,0.894830,0.314232,0.234137,15.407585,0.735996,0.490664,0.800000,0.017959,,4.000000,True,False,False,,,,1490,-,0.000000,
21.000000,4.000000,52.000000,0.000000,3.000000,0.000000,21.000000,0.000000,67.000000,0.000000,5.000000,1.000000,1.000000,0.000000,0.000000,1.000000,0.000000,0.861551,0.354411,0.327833,15.452822,0.707790,0.471860,0.775000,-0.045237,,5.000000,True,False,False,,,,1491,-,0.000000,
20.000000,5.000000,52.000000,0.000000,3.000000,0.000000,20.000000,0.000000,65.000000,0.000000,5.000000,1.000000,1.000000,0.000000,0.000000,1.000000,0.000000,0.865603,0.263506,0.235037,15.451894,0.716310,0.477540,0.775000,0.000928,,6.000000,True,False,False,,,,1492,-,0.000000,
20.000000,5.000000,52.000000,0.000000,3.000000,0.000000,20.000000,0.000000,60.000000,0.000000,5.000000,1.000000,1.000000,0.000000,0.000000,1.000000,0.000000,0.816289,0.249349,0.275435,15.504108,0.714297,0.476198,0.762500,-0.052214,,7.000000,True,False,False,,,,1493,-,0.000000,
19.000000,5.000000,52.000000,0.000000,4.000000,0.000000,19.000000,0.000000,65.000000,0.000000,5.000000,1.000000,1.000000,0.000000,0.000000,1.000000,0.000000,0.778253,0.294571,0.318125,15.511358,0.706982,0.471321,0.787500,-0.007250,,4.000000,True,False,False,,,,1494,-,0.000000,
19.000000,5.000000,53.000000,0.000000,3.000000,0.000000,19.000000,0.000000,66.000000,0.000000,5.000000,1.000000,1.000000,0.000000,0.000000,1.000000,0.000000,0.788511,0.138756,0.275751,15.569939,0.740214,0.493476,0.800000,-0.058581,,5.000000,True,False,False,,,,1495,-,0.000000,
21.000000,5.000000,53.000000,0.000000,1.000000,0.000000,21.000000,0.000000,65.000000,0.000000,5.000000,1.000000,1.000000,0.000000,0.000000,1.000000,0.000000,0.710662,0.225791,0.342604,15.654377,0.732355,0.488236,0.787500,-0.084438,,6.000000,True,False,False,,,,1496,-,0.000000,
17.000000,9.000000,53.000000,0.000000,1.000000,0.000000,17.000000,0.000000,64.000000,0.000000,5.000000,1.000000,1.000000,0.000000,0.000000,1.000000,0.000000,0.654684,0.098808,0.393073,15.822269,0.754636,0.503091,0.812500,-0.167892,,7.000000,True,False,False,,,,1497,-,0.000000,
16.000000,10.000000,53.000000,0.000000,1.000000,0.000000,16.000000,0.000000,72.000000,0.000000,5.000000,1.000000,1.000000,0.000000,0.000000,1.000000,0.000000,0.737715,0.173456,0.310244,15.930629,0.745642,0.497094,0.800000,-0.108359,,3.000000,True,False,False,,,,1498,-,0.000000,
15.000000,9.000000,55.000000,0.000000,1.000000,0.000000,15.000000,0.000000,64.000000,0.000000,5.000000,1.000000,1.000000,0.000000,0.000000,1.000000,0.000000,0.744890,0.070854,0.257103,16.080607,0.808412,0.538941,0.837500,-0.149978,,4.000000,True,False,False,,,,1499,-,0.000000,
14.000000,11.000000,55.000000,0.000000,0.000000,0.000000,14.000000,0.000000,64.000000,0.000000,5.000000,1.000000,1.000000,0.000000,0.000000,1.000000,0.000000,0.838785,0.129723,0.175330,16.117811,0.816462,0.544308,0.850000,-0.037204,,5.000000,True,False,False,,,,1500,-,0.000000,
14.000000,8.000000,58.000000,0.000000,0.000000,0.000000,14.000000,0.000000,60.000000,0.000000,5.000000,1.000000,1.000000,0.000000,0.000000,1.000000,0.000000,0.863499,0.180961,0.235165,16.112528,0.812474,0.541649,0.850000,0.005283,,6.000000,True,False,False,,,,1501,-,0.000000,
14.000000,8.000000,58.000000,0.000000,0.000000,0.000000,14.000000,0.000000,64.000000,0.000000,5.000000,1.000000,1.000000,0.000000,0.000000,1.000000,0.000000,0.846937,0.153734,0.178093,16.126023,0.817699,0.545133,0.850000,-0.013495,,7.000000,True,False,False,,,,1502,-,0.000000,
14.000000,7.000000,58.000000,0.000000,1.000000,0.000000,14.000000,0.000000,61.000000,0.000000,5.000000,1.000000,1.000000,0.000000,0.000000,1.000000,0.000000,0.844686,0.248750,0.271554,16.130048,0.786511,0.524340,0.825000,-0.004025,,5.000000,True,False,False,,,,1503,-,0.000000,
14.000000,6.000000,59.000000,0.000000,1.000000,0.000000,14.000000,0.000000,68.000000,0.000000,5.000000,1.000000,1.000000,0.000000,0.000000,1.000000,0.000000,0.835117,0.225613,0.230336,16.130163,0.782010,0.521340,0.825000,-0.000114,,6.000000,True,False,False,,,,1504,-,0.000000,
14.000000,4.000000,61.000000,0.000000,1.000000,0.000000,14.000000,0.000000,59.000000,0.000000,5.000000,1.000000,1.000000,0.000000,0.000000,1.000000,0.000000,0.819088,0.187602,0.254161,16.137195,0.790402,0.526934,0.825000,-0.007032,,7.000000,True,False,False,,,,1505,-,0.000000,
14.000000,4.000000,60.000000,0.000000,2.000000,0.000000,14.000000,0.000000,67.000000,0.000000,5.000000,1.000000,1.000000,0.000000,0.000000,1.000000,0.000000,0.877002,0.174296,0.185259,16.108092,0.786665,0.524443,0.825000,0.029102,,7.000000,True,False,False,,,,1506,-,0.000000,
13.000000,3.000000,54.000000,0.000000,10.000000,0.000000,13.000000,0.000000,60.000000,0.000000,5.000000,1.000000,1.000000,0.000000,0.000000,1.000000,0.000000,0.768070,0.231632,0.327121,16.092454,0.776698,0.517799,0.837500,0.015639,,7.000000,True,False,False,,,,1507,-,0.000000,
13.000000,2.000000,50.000000,0.000000,15.000000,0.000000,13.000000,0.000000,68.000000,0.000000,5.000000,1.000000,1.000000,0.000000,0.000000,1.000000,0.000000,0.859802,0.346444,0.289430,16.033515,0.773838,0.515892,0.837500,0.058939,,6.000000,True,False,False,,,,1508,-,0.000000,
14.000000,2.000000,50.000000,0.000000,14.000000,0.000000,14.000000,0.000000,62.000000,0.000000,5.000000,1.000000,1.000000,0.000000,0.000000,1.000000,0.000000,0.881732,0.337226,0.304480,15.990952,0.766832,0.511221,0.837500,0.042563,,7.000000,True,False,False,,,,1509,-,0.000000,
14.000000,3.000000,49.000000,0.000000,14.000000,0.000000,14.000000,0.000000,68.000000,0.000000,5.000000,1.000000,1.000000,0.000000,0.000000,1.000000,0.000000,0.973802,0.398940,0.287285,15.885815,0.774384,0.516256,0.837500,0.105137,,6.000000,True,False,False,,,,1510,-,0.000000,
15.000000,1.000000,51.000000,0.000000,13.000000,0.000000,15.000000,0.000000,68.000000,0.000000,5.000000,1.000000,1.000000,0.000000,0.000000,1.000000,0.000000,0.920846,0.384156,0.295851,15.845255,0.763640,0.509094,0.825000,0.040561,,7.000000,True,False,False,,,,1511,-,0.000000,
19.000000,2.000000,50.000000,0.000000,9.000000,0.000000,19.000000,0.000000,65.000000,0.000000,5.000000,1.000000,1.000000,0.000000,0.000000,1.000000,0.000000,0.962886,0.374484,0.283264,15.761751,0.773182,0.515455,0.825000,0.083503,,6.000000,True,False,False,,,,1512,-,0.000000,
22.000000,2.000000,50.000000,0.000000,6.000000,0.000000,22.000000,0.000000,73.000000,0.000000,5.000000,1.000000,1.000000,0.000000,0.000000,1.000000,0.000000,0.986077,0.489185,0.334290,15.646535,0.713957,0.475972,0.775000,0.115216,,7.000000,True,False,False,,,,1513,-,0.000000,
23.000000,3.000000,50.000000,0.000000,4.000000,0.000000,23.000000,0.000000,74.000000,0.000000,5.000000,1.000000,1.000000,0.000000,0.000000,1.000000,0.000000,0.964744,0.379450,0.268897,15.554138,0.689801,0.459867,0.737500,0.092398,,6.000000,True,False,False,,,,1514,-,0.000000,
22.000000,7.000000,50.000000,0.000000,1.000000,0.000000,22.000000,0.000000,81.000000,0.000000,5.000000,1.000000,1.000000,0.000000,0.000000,1.000000,0.000000,0.824706,0.221637,0.255277,15.604625,0.729411,0.486274,0.762500,-0.050487,,7.000000,True,False,False,,,,1515,-,0.000000,
21.000000,8.000000,49.000000,0.000000,2.000000,0.000000,21.000000,0.000000,78.000000,0.000000,5.000000,1.000000,1.000000,0.000000,0.000000,1.000000,0.000000,0.765447,0.110187,0.228117,15.683995,0.723619,0.482413,0.737500,-0.079370,,5.000000,True,False,False,,,,1516,-,0.000000,
21.000000,8.000000,50.000000,0.000000,1.000000,0.000000,21.000000,0.000000,73.000000,0.000000,5.000000,1.000000,1.000000,0.000000,0.000000,1.000000,0.000000,0.702695,0.142646,0.327716,15.811286,0.717145,0.478097,0.750000,-0.127292,,6.000000,True,False,False,,,,1517,-,0.000000,
20.000000,8.000000,51.000000,0.000000,1.000000,0.000000,20.000000,0.000000,77.000000,0.000000,5.000000,1.000000,1.000000,0.000000,0.000000,1.000000,0.000000,0.748513,0.158173,0.260005,15.895104,0.711959,0.474639,0.750000,-0.083817,,7.000000,True,False,False,,,,1518,-,0.000000,
18.000000,8.000000,52.000000,0.000000,2.000000,0.000000,18.000000,0.000000,66.000000,0.000000,5.000000,1.000000,1.000000,0.000000,0.000000,1.000000,0.000000,0.699119,0.096102,0.288647,16.037969,0.750169,0.500113,0.775000,-0.142865,,5.000000,True,False,False,,,,1519,-,0.000000,
18.000000,8.000000,53.000000,0.000000,1.000000,0.000000,18.000000,0.000000,73.000000,0.000000,5.000000,1.000000,1.000000,0.000000,0.000000,1.000000,0.000000,0.780274,0.136617,0.235500,16.100027,0.762842,0.508561,0.800000,-0.062059,,6.000000,True,False,False,,,,1520,-,0.000000,
17.000000,7.000000,55.000000,0.000000,1.000000,0.000000,17.000000,0.000000,69.000000,0.000000,5.000000,1.000000,1.000000,0.000000,0.000000,1.000000,0.000000,0.818705,0.200676,0.251181,16.100339,0.770506,0.513671,0.812500,-0.000311,,7.000000,True,False,False,,,,1521,-,0.000000,
17.000000,5.000000,55.000000,0.000000,3.000000,0.000000,17.000000,0.000000,70.000000,0.000000,5.000000,1.000000,1.000000,0.000000,0.000000,1.000000,0.000000,0.869190,0.258043,0.258094,16.066963,0.757196,0.504797,0.800000,0.033375,,7.000000,True,False,False,,,,1522,-,0.000000,
17.000000,4.000000,53.000000,0.000000,6.000000,0.000000,17.000000,0.000000,73.000000,0.000000,5.000000,1.000000,1.000000,0.000000,0.000000,1.000000,0.000000,0.925063,0.287585,0.257252,15.996359,0.747217,0.498145,0.800000,0.070604,,5.000000,True,False,False,,,,1523,-,0.000000,
18.000000,2.000000,55.000000,0.000000,5.000000,0.000000,18.000000,0.000000,71.000000,0.000000,5.000000,1.000000,1.000000,0.000000,0.000000,1.000000,0.000000,0.894927,0.304518,0.253336,15.948639,0.745236,0.496824,0.787500,0.047720,,6.000000,True,False,False,,,,1524,-,0.000000,
17.000000,3.000000,55.000000,0.000000,5.000000,0.000000,17.000000,0.000000,69.000000,0.000000,5.089018,1.000000,1.000000,0.000000,0.000000,1.000000,0.000000,0.889754,0.267499,0.266293,15.742846,0.733758,0.489172,0.787500,0.205793,,7.000000,True,False,False,,,,1525,-,0.000000,
17.000000,1.000000,54.000000,0.000000,8.000000,0.000000,17.000000,0.000000,73.000000,0.000000,5.000000,1.000000,1.000000,0.000000,0.000000,1.000000,0.000000,0.955080,0.381955,0.268489,15.794244,0.724112,0.482742,0.787500,-0.051398,,7.000000,True,False,False,,,,1526,-,0.000000,
18.000000,1.000000,52.000000,0.000000,9.000000,0.000000,18.000000,0.000000,65.000000,0.000000,5.000000,1.000000,1.000000,0.000000,0.000000,1.000000,0.000000,0.835594,0.191825,0.240833,15.829728,0.739997,0.493331,0.787500,-0.035484,,7.000000,True,False,False,,,,1527,-,0.000000,
19.000000,1.000000,48.000000,0.000000,12.000000,0.000000,19.000000,0.000000,76.000000,0.000000,5.000000,1.000000,1.000000,0.000000,0.000000,1.000000,0.000000,0.887980,0.388048,0.342650,15.786233,0.702346,0.468231,0.787500,0.043495,,5.000000,True,False,False,,,,1528,-,0.000000,
19.000000,2.000000,48.000000,0.000000,11.000000,0.000000,19.000000,0.000000,76.000000,0.000000,5.000000,1.000000,1.000000,0.000000,0.000000,1.000000,0.000000,0.856217,0.278214,0.296480,15.797974,0.699250,0.466167,0.775000,-0.011741,,6.000000,True,False,False,,,,1529,-,0.000000,
22.000000,3.000000,48.000000,0.000000,7.000000,0.000000,22.000000,0.000000,81.000000,0.000000,5.000000,1.000000,1.000000,0.000000,0.000000,1.000000,0.000000,0.837548,0.318925,0.308155,15.814788,0.734901,0.489934,0.787500,-0.016814,,7.000000,True,False,False,,,,1530,-,0.000000,
25.000000,3.000000,48.000000,0.000000,4.000000,0.000000,25.000000,0.000000,80.000000,0.000000,5.000000,1.000000,1.000000,0.000000,0.000000,1.000000,0.000000,0.820379,0.220925,0.281497,15.843827,0.704724,0.469816,0.750000,-0.029038,,2.000000,True,False,False,,,,1531,-,0.000000,
25.000000,4.000000,48.000000,0.000000,3.000000,0.000000,25.000000,0.000000,80.000000,0.000000,5.000000,1.000000,1.000000,0.000000,0.000000,1.000000,0.000000,0.862649,0.251144,0.259058,15.874993,0.652364,0.434909,0.700000,-0.031166,,3.000000,True,False,False,,,,1532,-,0.000000,
25.000000,5.000000,48.000000,0.000000,2.000000,0.000000,25.000000,0.000000,71.000000,0.000000,5.000000,1.000000,1.000000,0.000000,0.000000,1.000000,0.000000,0.827691,0.055758,0.191972,15.952008,0.680327,0.453551,0.700000,-0.077015,,4.000000,True,False,False,,,,1533,-,0.000000,
24.000000,8.000000,48.000000,0.000000,0.000000,0.000000,24.000000,0.000000,79.000000,0.000000,5.000000,1.000000,1.000000,0.000000,0.000000,1.000000,0.000000,0.870721,0.228112,0.237990,15.970814,0.672891,0.448594,0.737500,-0.018806,,5.000000,True,False,False,,,,1534,-,0.000000,
24.000000,8.000000,48.000000,0.000000,0.000000,0.000000,24.000000,0.000000,74.000000,0.000000,5.000000,1.000000,1.000000,0.000000,0.000000,1.000000,0.000000,0.824445,0.237576,0.264197,16.035567,0.658214,0.438809,0.700000,-0.064753,,6.000000,True,False,False,,,,1535,-,0.000000,
20.000000,10.000000,50.000000,0.000000,0.000000,0.000000,20.000000,0.000000,78.000000,0.000000,5.000000,1.000000,1.000000,0.000000,0.000000,1.000000,0.000000,0.886939,0.310727,0.234922,16.025675,0.689743,0.459829,0.750000,0.009891,,6.000000,True,False,False,,,,1536,-,0.000000,
17.000000,12.000000,51.000000,0.000000,0.000000,0.000000,17.000000,0.000000,73.000000,0.000000,5.000000,1.000000,1.000000,0.000000,0.000000,1.000000,0.000000,0.846992,0.261374,0.237638,16.058217,0.742567,0.495044,0.787500,-0.032541,,7.000000,True,False,False,,,,1537,-,0.000000,
16.000000,11.000000,52.000000,0.000000,1.000000,0.000000,16.000000,0.000000,73.000000,0.000000,5.000000,1.000000,1.000000,0.000000,0.000000,1.000000,0.000000,0.878088,0.218681,0.186059,16.065768,0.765408,0.510272,0.800000,-0.007552,,7.000000,True,False,False,,,,1538,-,0.000000,
15.000000,8.000000,55.000000,0.000000,2.000000,0.000000,15.000000,0.000000,78.000000,0.000000,5.000000,1.000000,1.000000,0.000000,0.000000,1.000000,0.000000,0.911519,0.265957,0.204665,16.034231,0.772325,0.514883,0.812500,0.031537,,7.000000,True,False,False,,,,1539,-,0.000000,
15.000000,8.000000,51.000000,0.000000,6.000000,0.000000,15.000000,0.000000,75.000000,0.000000,5.000000,1.000000,1.000000,0.000000,0.000000,1.000000,0.000000,0.880401,0.164800,0.211439,16.029573,0.778816,0.519211,0.812500,0.004658,,7.000000,True,False,False,,,,1540,-,0.000000,
15.000000,8.000000,49.000000,0.000000,8.000000,0.000000,15.000000,0.000000,75.000000,0.000000,5.000000,1.000000,1.000000,0.000000,0.000000,1.000000,0.000000,0.818008,0.236569,0.255630,16.099271,0.764450,0.509634,0.812500,-0.069698,,7.000000,True,False,False,,,,1541,-,0.000000,
16.000000,7.000000,48.000000,0.000000,9.000000,0.000000,16.000000,0.000000,74.000000,0.000000,5.000000,1.000000,1.000000,0.000000,0.000000,1.000000,0.000000,0.855962,0.306921,0.239141,16.087194,0.760567,0.507044,0.812500,0.012076,,7.000000,True,False,False,,,,1542,-,0.000000,
17.000000,6.000000,48.000000,0.000000,9.000000,0.000000,17.000000,0.000000,77.000000,0.000000,5.000000,1.000000,1.000000,0.000000,0.000000,1.000000,0.000000,0.865059,0.211022,0.212650,16.089272,0.763621,0.509081,0.812500,-0.002078,,7.000000,True,False,False,,,,1543,-,0.000000,
20.000000,5.000000,49.000000,0.000000,6.000000,0.000000,20.000000,0.000000,74.000000,0.000000,5.000000,1.000000,1.000000,0.000000,0.000000,1.000000,0.000000,0.896274,0.358943,0.253873,16.001140,0.766081,0.510721,0.812500,0.088132,,6.000000,True,False,False,,,,1544,-,0.000000,
22.000000,5.000000,49.000000,0.000000,4.000000,0.000000,22.000000,0.000000,85.000000,0.000000,5.000000,1.000000,1.000000,0.000000,0.000000,1.000000,0.000000,0.974048,0.370465,0.266646,15.907330,0.712584,0.475056,0.762500,0.093810,,7.000000,True,False,False,,,,1545,-,0.000000,
20.000000,8.000000,48.000000,0.000000,4.000000,0.000000,20.000000,0.000000,75.000000,0.000000,5.000000,1.000000,1.000000,0.000000,0.000000,1.000000,0.000000,0.948227,0.324410,0.215033,15.842688,0.717933,0.478622,0.762500,0.064642,,4.000000,True,False,False,,,,1546,-,0.000000,
20.000000,6.000000,50.000000,0.000000,4.000000,0.000000,20.000000,0.000000,83.000000,0.000000,5.000000,1.000000,1.000000,0.000000,0.000000,1.000000,0.000000,0.879960,0.277251,0.250289,15.856020,0.718587,0.479058,0.775000,-0.013332,,5.000000,True,False,False,,,,1547,-,0.000000,
17.000000,7.000000,52.000000,0.000000,4.000000,0.000000,17.000000,0.000000,75.000000,0.000000,5.000000,1.000000,1.000000,0.000000,0.000000,1.000000,0.000000,0.910917,0.273244,0.188943,15.812968,0.783204,0.522136,0.812500,0.043052,,6.000000,True,False,False,,,,1548,-,0.000000,
20.000000,7.000000,52.000000,0.000000,1.000000,0.000000,20.000000,0.000000,77.000000,0.000000,5.000000,1.000000,1.000000,0.000000,0.000000,1.000000,0.000000,0.860740,0.313893,0.277747,15.835108,0.774986,0.516658,0.812500,-0.022140,,7.000000,True,False,False,,,,1549,-,0.000000,
20.000000,7.000000,50.000000,0.000000,3.000000,0.000000,20.000000,0.000000,81.000000,0.000000,5.000000,1.000000,1.000000,0.000000,0.000000,1.000000,0.000000,0.839537,0.240560,0.226469,15.860228,0.747064,0.498042,0.775000,-0.025120,,7.000000,True,False,False,,,,1550,-,0.000000,
20.000000,6.000000,51.000000,0.000000,3.000000,0.000000,20.000000,0.000000,80.000000,0.000000,5.000000,1.000000,1.000000,0.000000,0.000000,1.000000,0.000000,0.802965,0.247280,0.275752,15.944982,0.733265,0.488843,0.775000,-0.084754,,7.000000,True,False,False,,,,1551,-,0.000000,
19.000000,6.000000,51.000000,0.000000,4.000000,0.000000,19.000000,0.000000,80.000000,0.000000,5.000000,1.000000,1.000000,0.000000,0.000000,1.000000,0.000000,0.867340,0.243890,0.225422,15.937241,0.738889,0.492593,0.775000,0.007741,,5.000000,True,False,False,,,,1552,-,0.000000,
20.000000,6.000000,51.000000,0.000000,3.000000,0.000000,20.000000,0.000000,81.000000,0.000000,5.000000,1.000000,1.000000,0.000000,0.000000,1.000000,0.000000,0.820912,0.290911,0.274023,15.981095,0.734701,0.489801,0.775000,-0.043854,,6.000000,True,False,False,,,,1553,-,0.000000,
20.000000,4.000000,53.000000,0.000000,3.000000,0.000000,20.000000,0.000000,80.000000,0.000000,5.000000,1.000000,1.000000,0.000000,0.000000,1.000000,0.000000,0.849315,0.262036,0.235165,16.007850,0.712785,0.475190,0.750000,-0.026755,,7.000000,True,False,False,,,,1554,-,0.000000,
21.000000,4.000000,53.000000,0.000000,2.000000,0.000000,21.000000,0.000000,81.000000,0.000000,5.000000,1.000000,1.000000,0.000000,0.000000,1.000000,0.000000,0.850070,0.261669,0.266699,16.047303,0.707527,0.471685,0.750000,-0.039453,,7.000000,True,False,False,,,,1555,-,0.000000,
22.000000,4.000000,52.000000,0.000000,2.000000,0.000000,22.000000,0.000000,76.000000,0.000000,5.000000,1.000000,1.000000,0.000000,0.000000,1.000000,0.000000,0.839151,0.257256,0.236213,16.081813,0.702155,0.468103,0.737500,-0.034510,,7.000000,True,False,False,,,,1556,-,0.000000,
22.000000,4.000000,52.000000,0.000000,2.000000,0.000000,22.000000,0.000000,79.000000,0.000000,5.000000,1.000000,1.000000,0.000000,0.000000,1.000000,0.000000,0.829232,0.361340,0.317334,16.071168,0.677626,0.451751,0.737500,0.010646,,7.000000,True,False,False,,,,1557,-,0.000000,
22.000000,4.000000,50.000000,0.000000,4.000000,0.000000,22.000000,0.000000,81.000000,0.000000,5.000000,1.000000,1.000000,0.000000,0.000000,1.000000,0.000000,0.850884,0.301931,0.245045,16.074194,0.678993,0.452662,0.725000,-0.003027,,7.000000,True,False,False,,,,1558,-,0.000000,
22.000000,3.000000,48.000000,0.000000,7.000000,0.000000,22.000000,0.000000,79.000000,0.000000,5.000000,1.000000,1.000000,0.000000,0.000000,1.000000,0.000000,0.856165,0.298780,0.274772,16.088667,0.667796,0.445197,0.725000,-0.014473,,5.000000,True,False,False,,,,1559,-,0.000000,
23.000000,1.000000,50.000000,0.000000,6.000000,0.000000,23.000000,0.000000,77.000000,0.000000,5.000000,1.000000,1.000000,0.000000,0.000000,1.000000,0.000000,0.825538,0.219826,0.239997,16.142742,0.673074,0.448716,0.725000,-0.054075,,6.000000,True,False,False,,,,1560,-,0.000000,
23.000000,2.000000,50.000000,0.000000,5.000000,0.000000,23.000000,0.000000,78.000000,0.000000,5.000000,1.000000,1.000000,0.000000,0.000000,1.000000,0.000000,0.858595,0.310637,0.276595,16.160488,0.659308,0.439538,0.725000,-0.017745,,7.000000,True,False,False,,,,1561,-,0.000000,
24.000000,2.000000,49.000000,0.000000,5.000000,0.000000,24.000000,0.000000,83.000000,0.000000,5.000000,1.000000,1.000000,0.000000,0.000000,1.000000,0.000000,0.904848,0.349699,0.268589,16.129838,0.638952,0.425968,0.712500,0.030649,,6.000000,True,False,False,,,,1562,-,0.000000,
23.000000,3.000000,49.000000,0.000000,5.000000,0.000000,23.000000,0.000000,76.000000,0.000000,5.000000,1.000000,1.000000,0.000000,0.000000,1.000000,0.000000,0.854901,0.265341,0.243766,16.127739,0.660440,0.440294,0.712500,0.002099,,7.000000,True,False,False,,,,1563,-,0.000000,
22.000000,6.000000,49.000000,0.000000,3.000000,0.000000,22.000000,0.000000,82.000000,0.000000,5.000000,1.000000,1.000000,0.000000,0.000000,1.000000,0.000000,0.843956,0.370854,0.291569,16.086343,0.680409,0.453606,0.762500,0.041396,,6.000000,True,False,False,,,,1564,-,0.000000,
23.000000,6.000000,49.000000,0.000000,2.000000,0.000000,23.000000,0.000000,84.000000,0.000000,5.000000,1.000000,1.000000,0.000000,0.000000,1.000000,0.000000,0.851718,0.337590,0.296398,16.039916,0.654938,0.436625,0.725000,0.046427,,7.000000,True,False,False,,,,1565,-,0.000000,
21.000000,8.000000,48.000000,0.000000,3.000000,0.000000,21.000000,0.000000,73.000000,0.000000,5.000000,1.000000,1.000000,0.000000,0.000000,1.000000,0.000000,0.817297,0.285822,0.256685,16.021724,0.674322,0.449548,0.737500,0.018192,,7.000000,True,False,False,,,,1566,-,0.000000,
19.000000,11.000000,47.000000,0.000000,3.000000,0.000000,19.000000,0.000000,79.000000,0.000000,5.000000,1.000000,1.000000,0.000000,0.000000,1.000000,0.000000,0.909551,0.215002,0.196675,16.040920,0.708474,0.472316,0.775000,-0.019196,,7.000000,True,False,False,,,,1567,-,0.000000,
16.000000,13.000000,46.000000,0.000000,5.000000,0.000000,16.000000,0.000000,66.000000,0.000000,5.000000,1.000000,1.000000,0.000000,0.000000,1.000000,0.000000,0.911265,0.245866,0.191835,16.027777,0.732869,0.488580,0.800000,0.013143,,5.000000,True,False,False,,,,1568,-,0.000000,
16.000000,10.000000,49.000000,0.000000,5.000000,0.000000,16.000000,0.000000,76.000000,0.000000,5.000000,1.000000,1.000000,0.000000,0.000000,1.000000,0.000000,0.828942,0.262940,0.242206,16.083226,0.720184,0.480123,0.800000,-0.055449,,6.000000,True,False,False,,,,1569,-,0.000000,
16.000000,10.000000,50.000000,0.000000,4.000000,0.000000,16.000000,0.000000,75.000000,0.000000,5.000000,1.000000,1.000000,0.000000,0.000000,1.000000,0.000000,0.793998,0.201215,0.251721,16.163057,0.741365,0.494244,0.812500,-0.079831,,7.000000,True,False,False,,,,1570,-,0.000000,
17.000000,8.000000,50.000000,0.000000,5.000000,0.000000,17.000000,0.000000,67.000000,0.000000,5.000000,1.000000,1.000000,0.000000,0.000000,1.000000,0.000000,0.748225,0.105496,0.271731,16.270938,0.758705,0.505803,0.800000,-0.107881,,5.000000,True,False,False,,,,1571,-,0.000000,
18.000000,7.000000,51.000000,0.000000,4.000000,0.000000,18.000000,0.000000,70.000000,0.000000,5.000000,1.000000,1.000000,0.000000,0.000000,1.000000,0.000000,0.656181,0.093789,0.344897,16.456342,0.737398,0.491599,0.800000,-0.185403,,6.000000,True,False,False,,,,1572,-,0.000000,
19.000000,5.000000,53.000000,0.000000,3.000000,0.000000,19.000000,0.000000,71.000000,0.000000,5.000000,1.000000,1.000000,0.000000,0.000000,1.000000,0.000000,0.703594,0.064728,0.273004,16.628853,0.739904,0.493269,0.775000,-0.172511,,7.000000,True,False,False,,,,1573,-,0.000000,
20.000000,3.000000,54.000000,0.000000,3.000000,0.000000,20.000000,0.000000,69.000000,0.000000,5.000000,1.000000,1.000000,0.000000,0.000000,1.000000,0.000000,0.713203,0.123966,0.309303,16.753062,0.711656,0.474438,0.775000,-0.124209,,7.000000,True,False,False,,,,1574,-,0.000000,
20.000000,4.000000,53.000000,0.000000,3.000000,0.000000,20.000000,0.000000,70.000000,0.000000,5.000000,1.000000,1.000000,0.000000,0.000000,1.000000,0.000000,0.802052,0.176443,0.261222,16.808107,0.712119,0.474746,0.775000,-0.055044,,6.000000,True,False,False,,,,1575,-,0.000000,
20.000000,3.000000,54.000000,0.000000,3.000000,0.000000,20.000000,0.000000,72.000000,0.000000,5.000000,1.000000,1.000000,0.000000,0.000000,1.000000,0.000000,0.876857,0.306457,0.268145,16.782977,0.683387,0.455591,0.762500,0.025129,,7.000000,True,False,False,,,,1576,-,0.000000,
18.000000,5.000000,53.000000,0.000000,4.000000,0.000000,18.000000,0.000000,75.000000,0.000000,5.000000,1.000000,1.000000,0.000000,0.000000,1.000000,0.000000,0.881425,0.215251,0.200511,16.788163,0.713283,0.475522,0.775000,-0.005185,,7.000000,True,False,False,,,,1577,-,0.000000,
19.000000,5.000000,52.000000,0.000000,4.000000,0.000000,19.000000,0.000000,70.000000,0.000000,5.000000,1.000000,1.000000,0.000000,0.000000,1.000000,0.000000,0.943952,0.238392,0.197398,16.723210,0.733940,0.489293,0.787500,0.064953,,7.000000,True,False,False,,,,1578,-,0.000000,
19.000000,6.000000,51.000000,0.000000,4.000000,0.000000,19.000000,0.000000,71.000000,0.000000,5.000000,1.000000,1.000000,0.000000,0.000000,1.000000,0.000000,0.966537,0.316834,0.234153,16.664697,0.745923,0.497282,0.800000,0.058513,,7.000000,True,False,False,,,,1579,-,0.000000,
18.000000,7.000000,52.000000,0.000000,3.000000,0.000000,18.000000,0.000000,76.000000,0.000000,5.000000,1.000000,1.000000,0.000000,0.000000,1.000000,0.000000,0.839246,0.323266,0.248029,16.554374,0.743534,0.495689,0.800000,0.110322,,7.000000,True,False,False,,,,1580,-,0.000000,
18.000000,7.000000,50.000000,0.000000,5.000000,0.000000,18.000000,0.000000,74.000000,0.000000,5.000000,1.000000,1.000000,0.000000,0.000000,1.000000,0.000000,0.916828,0.203811,0.184545,16.553400,0.730056,0.486704,0.775000,0.000974,,7.000000,True,False,False,,,,1581,-,0.000000,
15.000000,8.000000,51.000000,0.000000,6.000000,0.000000,15.000000,0.000000,75.000000,0.000000,5.000000,1.000000,1.000000,0.000000,0.000000,1.000000,0.000000,0.856161,0.264188,0.190636,16.528618,0.751172,0.500781,0.812500,0.024782,,6.000000,True,False,False,,,,1582,-,0.000000,
17.000000,7.000000,52.000000,0.000000,4.000000,0.000000,17.000000,0.000000,67.000000,0.000000,5.000000,1.000000,1.000000,0.000000,0.000000,1.000000,0.000000,0.715553,0.091536,0.270811,16.656574,0.767772,0.511848,0.812500,-0.127956,,7.000000,True,False,False,,,,1583,-,0.000000,
17.000000,6.000000,53.000000,0.000000,4.000000,0.000000,17.000000,0.000000,72.000000,0.000000,5.000000,1.000000,1.000000,0.000000,0.000000,1.000000,0.000000,0.740815,0.138534,0.270028,16.813773,0.733303,0.488869,0.787500,-0.157199,,7.000000,True,False,False,,,,1584,-,0.000000,
16.000000,6.000000,53.000000,0.000000,5.000000,0.000000,16.000000,0.000000,65.000000,0.000000,5.000000,1.000000,1.000000,0.000000,0.000000,1.000000,0.000000,0.675271,0.064225,0.300402,17.008512,0.745883,0.497255,0.800000,-0.194739,,6.000000,True,False,False,,,,1585,-,0.000000,
18.000000,4.000000,55.000000,0.000000,3.000000,0.000000,18.000000,0.000000,69.000000,0.000000,5.000000,1.000000,1.000000,0.000000,0.000000,1.000000,0.000000,0.822360,0.170077,0.229015,17.081919,0.757281,0.504854,0.800000,-0.073407,,7.000000,True,False,False,,,,1586,-,0.000000,
19.000000,4.000000,53.000000,0.000000,4.000000,0.000000,19.000000,0.000000,68.000000,0.000000,5.000000,1.000000,1.000000,0.000000,0.000000,1.000000,0.000000,0.812374,0.178316,0.249036,17.173941,0.738967,0.492645,0.787500,-0.092023,,7.000000,True,False,False,,,,1587,-,0.000000,
20.000000,2.000000,54.000000,0.000000,4.000000,0.000000,20.000000,0.000000,66.000000,0.000000,5.000000,1.000000,1.000000,0.000000,0.000000,1.000000,0.000000,0.925715,0.325498,0.280118,17.160587,0.725634,0.483756,0.775000,0.013354,,7.000000,True,False,False,,,,1588,-,0.000000,
18.000000,4.000000,53.000000,0.000000,5.000000,0.000000,18.000000,0.000000,67.000000,0.000000,5.000000,1.000000,1.000000,0.000000,0.000000,1.000000,0.000000,0.891452,0.192312,0.212248,17.149703,0.728475,0.485650,0.787500,0.010884,,7.000000,True,False,False,,,,1589,-,0.000000,
18.000000,4.000000,52.000000,0.000000,6.000000,0.000000,18.000000,0.000000,68.000000,0.000000,5.000000,1.000000,1.000000,0.000000,0.000000,1.000000,0.000000,0.862745,0.238723,0.311879,17.146902,0.739880,0.493253,0.787500,0.002801,,7.000000,True,False,False,,,,1590,-,0.000000,
20.000000,4.000000,50.000000,0.000000,6.000000,0.000000,20.000000,0.000000,76.000000,0.000000,5.000000,1.000000,1.000000,0.000000,0.000000,1.000000,0.000000,0.821983,0.198113,0.284804,17.182239,0.726412,0.484275,0.775000,-0.035336,,7.000000,True,False,False,,,,1591,-,0.000000,
21.000000,3.000000,51.000000,0.000000,5.000000,0.000000,21.000000,0.000000,75.000000,0.000000,5.000000,1.000000,1.000000,0.000000,0.000000,1.000000,0.000000,0.809207,0.244477,0.318373,17.225232,0.745485,0.496990,0.787500,-0.042993,,7.000000,True,False,False,,,,1592,-,0.000000,
21.000000,3.000000,51.000000,0.000000,5.000000,0.000000,21.000000,0.000000,75.000000,0.000000,5.000000,1.000000,1.000000,0.000000,0.000000,1.000000,0.000000,0.922598,0.302374,0.261474,17.194577,0.691335,0.460890,0.750000,0.030655,,7.000000,True,False,False,,,,1593,-,0.000000,
19.000000,4.000000,50.000000,0.000000,7.000000,0.000000,19.000000,0.000000,76.000000,0.000000,5.000000,1.000000,1.000000,0.000000,0.000000,1.000000,0.000000,0.872116,0.316626,0.301142,17.217491,0.703744,0.469162,0.775000,-0.022915,,7.000000,True,False,False,,,,1594,-,0.000000,
20.000000,5.000000,49.000000,0.000000,6.000000,0.000000,20.000000,0.000000,75.000000,0.000000,5.000000,1.000000,1.000000,0.000000,0.000000,1.000000,0.000000,0.852671,0.181767,0.248617,17.252473,0.733692,0.489128,0.787500,-0.034981,,7.000000,True,False,False,,,,1595,-,0.000000,
21.000000,5.000000,48.000000,0.000000,6.000000,0.000000,21.000000,0.000000,74.000000,0.000000,5.000000,1.000000,1.000000,0.000000,0.000000,1.000000,0.000000,0.872400,0.114708,0.176444,17.282261,0.716794,0.477863,0.762500,-0.029788,,6.000000,True,False,False,,,,1596,-,0.000000,
20.000000,7.000000,48.000000,0.000000,5.000000,0.000000,20.000000,0.000000,73.000000,0.000000,5.000000,1.000000,1.000000,0.000000,0.000000,1.000000,0.000000,0.889526,0.147172,0.200170,17.291304,0.726386,0.484257,0.762500,-0.009043,,7.000000,True,False,False,,,,1597,-,0.000000,
21.000000,6.000000,49.000000,0.000000,4.000000,0.000000,21.000000,0.000000,71.000000,0.000000,5.000000,1.000000,1.000000,0.000000,0.000000,1.000000,0.000000,0.841565,0.184753,0.207995,17.365509,0.706620,0.471080,0.762500,-0.074205,,6.000000,True,False,False,,,,1598,-,0.000000,
19.000000,7.000000,50.000000,0.000000,4.000000,0.000000,19.000000,0.000000,73.000000,0.000000,5.000000,1.000000,1.000000,0.000000,0.000000,1.000000,0.000000,0.838903,0.181005,0.249842,17.434598,0.710734,0.473822,0.762500,-0.069089,,7.000000,True,False,False,,,,1599,-,0.000000,
20.000000,6.000000,50.000000,0.000000,4.000000,0.000000,20.000000,0.000000,74.000000,0.000000,5.000000,1.000000,1.000000,0.000000,0.000000,1.000000,0.000000,0.839548,0.107421,0.191909,17.523462,0.716875,0.477916,0.762500,-0.088864,,7.000000,True,False,False,,,,1600,-,0.000000,
20.000000,6.000000,50.000000,0.000000,4.000000,0.000000,20.000000,0.000000,74.000000,0.000000,5.000000,1.000000,1.000000,0.000000,0.000000,1.000000,0.000000,0.869031,0.260592,0.250099,17.541522,0.697802,0.465201,0.762500,-0.018060,,7.000000,True,False,False,,,,1601,-,0.000000,
21.000000,7.000000,49.000000,0.000000,3.000000,0.000000,21.000000,0.000000,67.000000,0.000000,5.000000,1.000000,1.000000,0.000000,0.000000,1.000000,0.000000,0.933274,0.208110,0.192995,17.510045,0.719718,0.479812,0.762500,0.031476,,7.000000,True,False,False,,,,1602,-,0.000000,
21.000000,5.000000,44.000000,0.000000,10.000000,0.000000,21.000000,0.000000,75.000000,0.000000,5.000000,1.000000,1.000000,0.000000,0.000000,1.000000,0.000000,0.909478,0.314378,0.266915,17.525330,0.680868,0.453912,0.750000,-0.015285,,7.000000,True,False,False,,,,1603,-,0.000000,
20.000000,6.000000,43.000000,0.000000,11.000000,0.000000,20.000000,0.000000,71.000000,0.000000,5.000000,1.000000,1.000000,0.000000,0.000000,1.000000,0.000000,0.921235,0.289094,0.253894,17.514655,0.710688,0.473792,0.787500,0.010675,,7.000000,True,False,False,,,,1604,-,0.000000,
20.000000,4.000000,44.000000,0.000000,12.000000,0.000000,20.000000,0.000000,75.000000,0.000000,5.000000,1.000000,1.000000,0.000000,0.000000,1.000000,0.000000,0.777467,0.274196,0.364729,17.667977,0.663349,0.442233,0.750000,-0.153322,,7.000000,True,False,False,,,,1605,-,0.000000,
20.000000,7.000000,43.000000,0.000000,10.000000,0.000000,20.000000,0.000000,65.000000,0.000000,5.000000,1.000000,1.000000,0.000000,0.000000,1.000000,0.000000,0.770698,0.177777,0.316965,17.803771,0.705571,0.470380,0.787500,-0.135794,,2.000000,True,False,False,,,,1606,-,0.000000,
20.000000,8.000000,43.000000,0.000000,9.000000,0.000000,20.000000,0.000000,74.000000,0.000000,5.000000,1.000000,1.000000,0.000000,0.000000,1.000000,0.000000,0.749796,0.208132,0.338539,17.942440,0.688030,0.458686,0.762500,-0.138668,,3.000000,True,False,False,,,,1607,-,0.000000,
21.000000,7.000000,44.000000,0.000000,8.000000,0.000000,21.000000,0.000000,70.000000,0.000000,5.000000,1.000000,1.000000,0.000000,0.000000,1.000000,0.000000,0.791880,0.123931,0.258513,18.042006,0.691450,0.460967,0.750000,-0.099566,,4.000000,True,False,False,,,,1608,-,0.000000,
25.000000,7.000000,45.000000,0.000000,3.000000,0.000000,25.000000,0.000000,71.000000,0.000000,5.000000,1.000000,1.000000,0.000000,0.000000,1.000000,0.000000,0.763965,0.249329,0.333786,18.146124,0.688066,0.458711,0.750000,-0.104119,,5.000000,True,False,False,,,,1609,-,0.000000,
25.000000,8.000000,45.000000,0.000000,2.000000,0.000000,25.000000,0.000000,80.000000,0.000000,5.000000,1.000000,1.000000,0.000000,0.000000,1.000000,0.000000,0.822545,0.313740,0.333435,18.224640,0.648722,0.432482,0.712500,-0.078516,,6.000000,True,False,False,,,,1610,-,0.000000,
26.000000,7.000000,46.000000,0.000000,1.000000,0.000000,26.000000,0.000000,71.000000,0.000000,5.000000,1.000000,1.000000,0.000000,0.000000,1.000000,0.000000,0.844843,0.177040,0.206464,18.261917,0.650351,0.433567,0.687500,-0.037277,,7.000000,True,False,False,,,,1611,-,0.000000,
26.000000,7.000000,46.000000,0.000000,1.000000,0.000000,26.000000,0.000000,73.000000,0.000000,5.000000,1.000000,1.000000,0.000000,0.000000,1.000000,0.000000,0.827275,0.311370,0.289382,18.284540,0.626169,0.417446,0.700000,-0.022623,,4.000000,True,False,False,,,,1612,-,0.000000,
23.000000,7.000000,49.000000,0.000000,1.000000,0.000000,23.000000,0.000000,75.000000,0.000000,5.000000,1.000000,1.000000,0.000000,0.000000,1.000000,0.000000,0.846906,0.219010,0.224672,18.300584,0.646469,0.430979,0.712500,-0.016043,,5.000000,True,False,False,,,,1613,-,0.000000,
21.000000,7.000000,51.000000,0.000000,1.000000,0.000000,21.000000,0.000000,68.000000,0.000000,5.000000,1.000000,1.000000,0.000000,0.000000,1.000000,0.000000,0.795271,0.161715,0.218303,18.397192,0.686072,0.457381,0.737500,-0.096609,,6.000000,True,False,False,,,,1614,-,0.000000,
19.000000,10.000000,51.000000,0.000000,0.000000,0.000000,19.000000,0.000000,73.000000,0.000000,5.000000,1.000000,1.000000,0.000000,0.000000,1.000000,0.000000,0.851072,0.114910,0.161746,18.383191,0.729023,0.486015,0.775000,0.014001,,7.000000,True,False,False,,,,1615,-,0.000000,
19.000000,10.000000,50.000000,0.000000,1.000000,0.000000,19.000000,0.000000,72.000000,0.000000,5.000000,1.000000,1.000000,0.000000,0.000000,1.000000,0.000000,0.823314,0.098732,0.188571,18.445032,0.740206,0.493471,0.775000,-0.061841,,6.000000,True,False,False,,,,1616,-,0.000000,
18.000000,11.000000,50.000000,0.000000,1.000000,0.000000,18.000000,0.000000,68.000000,0.000000,5.000000,1.000000,1.000000,0.000000,0.000000,1.000000,0.000000,0.766059,0.056130,0.204705,18.550969,0.740944,0.493963,0.775000,-0.105937,,7.000000,True,False,False,,,,1617,-,0.000000,
17.000000,12.000000,49.000000,0.000000,2.000000,0.000000,17.000000,0.000000,67.000000,0.000000,5.000000,1.000000,1.000000,0.000000,0.000000,1.000000,0.000000,0.845913,0.172512,0.203868,18.610890,0.731351,0.487567,0.787500,-0.059921,,7.000000,True,False,False,,,,1618,-,0.000000,
17.000000,10.000000,50.000000,0.000000,3.000000,0.000000,17.000000,0.000000,69.000000,0.000000,5.000000,1.000000,1.000000,0.000000,0.000000,1.000000,0.000000,0.937321,0.264633,0.230136,18.573322,0.731135,0.487423,0.787500,0.037567,,7.000000,True,False,False,,,,1619,-,0.000000,
16.000000,8.000000,52.000000,0.000000,4.000000,0.000000,16.000000,0.000000,65.000000,0.000000,5.000000,1.000000,1.000000,0.000000,0.000000,1.000000,0.000000,0.905157,0.212675,0.193141,18.582346,0.745928,0.497286,0.800000,-0.009024,,7.000000,True,False,False,,,,1620,-,0.000000,
16.000000,7.000000,50.000000,0.000000,7.000000,0.000000,16.000000,0.000000,73.000000,0.000000,5.185308,1.000000,1.000000,0.000000,0.000000,1.000000,0.000000,0.911557,0.256328,0.227953,18.465008,0.736707,0.491138,0.800000,0.117338,,7.000000,True,False,False,,,,1621,-,0.000000,
16.000000,5.000000,45.000000,0.000000,14.000000,0.000000,16.000000,0.000000,67.000000,0.000000,5.108298,1.000000,1.000000,0.000000,0.000000,1.000000,0.000000,0.879080,0.269554,0.229594,18.361164,0.756237,0.504158,0.812500,0.103844,,7.000000,True,False,False,,,,1622,-,0.000000,
17.000000,3.000000,45.000000,0.000000,15.000000,0.000000,17.000000,0.000000,68.000000,0.000000,5.000000,1.000000,1.000000,0.000000,0.000000,1.000000,0.000000,0.953442,0.359579,0.282291,18.487517,0.756770,0.504513,0.825000,-0.126353,,7.000000,True,False,False,,,,1623,-,0.000000,
19.000000,1.000000,46.000000,0.000000,14.000000,0.000000,19.000000,0.000000,72.000000,0.000000,5.000000,1.000000,1.000000,0.000000,0.000000,1.000000,0.000000,0.856862,0.332638,0.331918,18.520562,0.746213,0.497475,0.812500,-0.033045,,7.000000,True,False,False,,,,1624,-,0.000000,
22.000000,1.000000,46.000000,0.000000,11.000000,0.000000,22.000000,0.000000,71.000000,0.000000,5.000000,1.000000,1.000000,0.000000,0.000000,1.000000,0.000000,0.917445,0.366452,0.280192,18.491393,0.712445,0.474963,0.775000,0.029169,,5.000000,True,False,False,,,,1625,-,0.000000,
25.000000,1.000000,47.000000,0.000000,7.000000,0.000000,25.000000,0.000000,81.000000,0.000000,5.000000,1.000000,1.000000,0.000000,0.000000,1.000000,0.000000,0.909454,0.370178,0.310539,18.500356,0.685051,0.456701,0.750000,-0.008963,,6.000000,True,False,False,,,,1626,-,0.000000,
24.000000,3.000000,47.000000,0.000000,6.000000,0.000000,24.000000,0.000000,74.000000,0.000000,5.000000,1.000000,1.000000,0.000000,0.000000,1.000000,0.000000,0.857814,0.291316,0.301549,18.539256,0.657196,0.438131,0.725000,-0.038901,,7.000000,True,False,False,,,,1627,-,0.000000,
24.000000,4.000000,46.000000,0.000000,6.000000,0.000000,24.000000,0.000000,79.000000,0.000000,5.000000,1.000000,1.000000,0.000000,0.000000,1.000000,0.000000,0.849543,0.286606,0.287971,18.583094,0.659731,0.439821,0.725000,-0.043838,,7.000000,True,False,False,,,,1628,-,0.000000,
26.000000,5.000000,46.000000,0.000000,3.000000,0.000000,26.000000,0.000000,77.000000,0.000000,5.000000,1.000000,1.000000,0.000000,0.000000,1.000000,0.000000,0.925450,0.286872,0.269370,18.531233,0.685981,0.457321,0.737500,0.051861,,6.000000,True,False,False,,,,1629,-,0.000000,
25.000000,6.000000,46.000000,0.000000,3.000000,0.000000,25.000000,0.000000,77.000000,0.000000,5.000000,1.000000,1.000000,0.000000,0.000000,1.000000,0.000000,0.819951,0.222941,0.261353,18.598832,0.654691,0.436460,0.700000,-0.067599,,7.000000,True,False,False,,,,1630,-,0.000000,
24.000000,7.000000,46.000000,0.000000,3.000000,0.000000,24.000000,0.000000,82.000000,0.000000,5.000000,1.000000,1.000000,0.000000,0.000000,1.000000,0.000000,0.890496,0.271248,0.284904,18.580642,0.654462,0.436308,0.712500,0.018191,,7.000000,True,False,False,,,,1631,-,0.000000,
21.000000,11.000000,45.000000,0.000000,3.000000,0.000000,21.000000,0.000000,79.000000,0.000000,5.000000,1.000000,1.000000,0.000000,0.000000,1.000000,0.000000,0.769827,0.136831,0.233895,18.679274,0.700885,0.467257,0.750000,-0.098632,,7.000000,True,False,False,,,,1632,-,0.000000,
21.000000,9.000000,46.000000,0.000000,4.000000,0.000000,21.000000,0.000000,80.000000,0.000000,5.000000,1.000000,1.000000,0.000000,0.000000,1.000000,0.000000,0.844728,0.144350,0.200320,18.710905,0.707768,0.471845,0.750000,-0.031631,,7.000000,True,False,False,,,,1633,-,0.000000,
21.000000,9.000000,45.000000,0.000000,5.000000,0.000000,21.000000,0.000000,70.000000,0.000000,5.000000,1.000000,1.000000,0.000000,0.000000,1.000000,0.000000,0.843075,0.105818,0.203255,18.738863,0.699018,0.466012,0.737500,-0.027959,,4.000000,True,False,False,,,,1634,-,0.000000,
18.000000,12.000000,45.000000,0.000000,5.000000,0.000000,18.000000,0.000000,75.000000,0.000000,5.000000,1.000000,1.000000,0.000000,0.000000,1.000000,0.000000,0.843634,0.150495,0.181480,18.742890,0.719015,0.479343,0.775000,-0.004027,,5.000000,True,False,False,,,,1635,-,0.000000,
17.000000,13.000000,45.000000,0.000000,5.000000,0.000000,17.000000,0.000000,72.000000,0.000000,5.000000,1.000000,1.000000,0.000000,0.000000,1.000000,0.000000,0.840083,0.155924,0.191726,18.779670,0.739269,0.492846,0.787500,-0.036780,,5.000000,True,False,False,,,,1636,-,0.000000,
18.000000,11.000000,47.000000,0.000000,4.000000,0.000000,18.000000,0.000000,74.000000,0.000000,5.000000,1.000000,1.000000,0.000000,0.000000,1.000000,0.000000,0.922833,0.108647,0.136914,18.744569,0.747795,0.498530,0.787500,0.035101,,6.000000,True,False,False,,,,1637,-,0.000000,
20.000000,9.000000,49.000000,0.000000,2.000000,0.000000,20.000000,0.000000,68.000000,0.000000,5.000000,1.000000,1.000000,0.000000,0.000000,1.000000,0.000000,0.847664,0.199789,0.212278,18.771661,0.737600,0.491733,0.775000,-0.027093,,7.000000,True,False,False,,,,1638,-,0.000000,
21.000000,6.000000,51.000000,0.000000,2.000000,0.000000,21.000000,0.000000,73.000000,0.000000,5.000000,1.000000,1.000000,0.000000,0.000000,1.000000,0.000000,0.946989,0.195836,0.169095,18.736568,0.700192,0.466795,0.750000,0.035093,,7.000000,True,False,False,,,,1639,-,0.000000,
21.000000,6.000000,44.000000,0.000000,9.000000,0.000000,21.000000,0.000000,69.000000,0.000000,5.000000,1.000000,1.000000,0.000000,0.000000,1.000000,0.000000,0.901953,0.238028,0.200602,18.761356,0.692795,0.461863,0.737500,-0.024788,,7.000000,True,False,False,,,,1640,-,0.000000,
22.000000,5.000000,42.000000,0.000000,11.000000,0.000000,22.000000,0.000000,77.000000,0.000000,5.000000,1.000000,1.000000,0.000000,0.000000,1.000000,0.000000,0.860970,0.225893,0.245896,18.831314,0.665037,0.443358,0.737500,-0.069957,,7.000000,True,False,False,,,,1641,-,0.000000,
20.000000,6.000000,41.000000,0.000000,13.000000,0.000000,20.000000,0.000000,72.000000,0.000000,5.000000,1.000000,1.000000,0.000000,0.000000,1.000000,0.000000,0.906768,0.239851,0.194526,18.811288,0.701076,0.467384,0.750000,0.020025,,7.000000,True,False,False,,,,1642,-,0.000000,
21.000000,6.000000,41.000000,0.000000,12.000000,0.000000,21.000000,0.000000,74.000000,0.000000,5.000000,1.000000,1.000000,0.000000,0.000000,1.000000,0.000000,0.824369,0.221764,0.277117,18.865801,0.700583,0.467055,0.775000,-0.054513,,7.000000,True,False,False,,,,1643,-,0.000000,
22.000000,5.000000,41.000000,0.000000,12.000000,0.000000,22.000000,0.000000,70.000000,0.000000,5.000000,1.000000,1.000000,0.000000,0.000000,1.000000,0.000000,0.921944,0.295121,0.280255,18.839370,0.680568,0.453712,0.750000,0.026431,,7.000000,True,False,False,,,,1644,-,0.000000,
25.000000,3.000000,43.000000,0.000000,9.000000,0.000000,25.000000,0.000000,73.000000,0.000000,5.000000,1.000000,1.000000,0.000000,0.000000,1.000000,0.000000,0.983830,0.446799,0.323512,18.762399,0.652953,0.435302,0.737500,0.076971,,7.000000,True,False,False,,,,1645,-,0.000000,
27.000000,2.000000,43.000000,0.000000,8.000000,0.000000,27.000000,0.000000,79.000000,0.000000,5.000000,1.000000,1.000000,0.000000,0.000000,1.000000,0.000000,0.950378,0.310805,0.264446,18.700946,0.632501,0.421668,0.700000,0.061453,,5.000000,True,False,False,,,,1646,-,0.000000,
30.000000,2.000000,44.000000,0.000000,4.000000,0.000000,30.000000,0.000000,74.000000,0.000000,5.000000,1.000000,1.000000,0.000000,0.000000,1.000000,0.000000,0.830102,0.197841,0.283098,18.751607,0.656976,0.437984,0.700000,-0.050661,,6.000000,True,False,False,,,,1647,-,0.000000,
31.000000,2.000000,44.000000,0.000000,3.000000,0.000000,31.000000,0.000000,79.000000,0.000000,5.000000,1.000000,1.000000,0.000000,0.000000,1.000000,0.000000,0.861357,0.296868,0.332858,18.786260,0.556259,0.370839,0.637500,-0.034653,,7.000000,True,False,False,,,,1648,-,0.000000,
27.000000,7.000000,43.000000,0.000000,3.000000,0.000000,27.000000,0.000000,82.000000,0.000000,5.000000,1.000000,1.000000,0.000000,0.000000,1.000000,0.000000,0.913639,0.288234,0.245317,18.747583,0.610818,0.407212,0.687500,0.038677,,4.000000,True,False,False,,,,1649,-,0.000000,
21.000000,12.000000,44.000000,0.000000,3.000000,0.000000,21.000000,0.000000,78.000000,0.000000,5.000000,1.000000,1.000000,0.000000,0.000000,1.000000,0.000000,0.969193,0.275871,0.200890,18.725528,0.675664,0.450442,0.750000,0.022055,,5.000000,True,False,False,,,,1650,-,0.000000,
19.000000,15.000000,44.000000,0.000000,2.000000,0.000000,19.000000,0.000000,72.000000,0.000000,5.000000,1.000000,1.000000,0.000000,0.000000,1.000000,0.000000,0.840060,0.149487,0.213274,18.667973,0.735320,0.490213,0.775000,0.057556,,6.000000,True,False,False,,,,1651,-,0.000000,
18.000000,17.000000,44.000000,0.000000,1.000000,0.000000,18.000000,0.000000,69.000000,0.000000,5.000000,1.000000,1.000000,0.000000,0.000000,1.000000,0.000000,0.833075,0.145848,0.196258,18.709328,0.737207,0.491472,0.787500,-0.041356,,7.000000,True,False,False,,,,1652,-,0.000000,
18.000000,16.000000,43.000000,0.000000,3.000000,0.000000,18.000000,0.000000,65.000000,0.000000,5.000000,1.000000,1.000000,0.000000,0.000000,1.000000,0.000000,0.787959,0.108615,0.217208,18.708022,0.743902,0.495935,0.787500,0.001306,,6.000000,True,False,False,,,,1653,-,0.000000,
18.000000,15.000000,44.000000,0.000000,3.000000,0.000000,18.000000,0.000000,72.000000,0.000000,5.000000,1.000000,1.000000,0.000000,0.000000,1.000000,0.000000,0.819314,0.184020,0.246269,18.674099,0.717707,0.478471,0.787500,0.033923,,7.000000,True,False,False,,,,1654,-,0.000000,
17.000000,15.000000,44.000000,0.000000,4.000000,0.000000,17.000000,0.000000,76.000000,0.000000,5.000000,1.000000,1.000000,0.000000,0.000000,1.000000,0.000000,0.826345,0.228515,0.232843,18.655963,0.733757,0.489171,0.800000,0.018136,,6.000000,True,False,False,,,,1655,-,0.000000,
18.000000,11.000000,49.000000,0.000000,2.000000,0.000000,18.000000,0.000000,73.000000,0.000000,5.000000,1.000000,1.000000,0.000000,0.000000,1.000000,0.000000,0.848909,0.076950,0.182352,18.692351,0.757024,0.504683,0.800000,-0.036388,,7.000000,True,False,False,,,,1656,-,0.000000,
18.000000,9.000000,49.000000,0.000000,4.000000,0.000000,18.000000,0.000000,74.000000,0.000000,5.171766,1.000000,1.000000,0.000000,0.000000,1.000000,0.000000,0.720494,0.151795,0.305225,18.730934,0.721036,0.480691,0.775000,-0.038582,,7.000000,True,False,False,,,,1657,-,0.000000,
18.000000,8.000000,47.000000,0.000000,7.000000,0.000000,18.000000,0.000000,76.000000,0.000000,5.000000,1.000000,1.000000,0.000000,0.000000,1.000000,0.000000,0.921484,0.073238,0.123301,18.805944,0.751500,0.501000,0.787500,-0.075010,,2.000000,True,False,False,,,,1658,-,0.000000,
19.000000,6.000000,49.000000,0.000000,6.000000,0.000000,19.000000,0.000000,74.000000,0.000000,5.000000,1.000000,1.000000,0.000000,0.000000,1.000000,0.000000,0.828990,0.226252,0.256704,18.865990,0.738537,0.492358,0.787500,-0.060045,,3.000000,True,False,False,,,,1659,-,0.000000,
20.000000,5.000000,50.000000,0.000000,5.000000,0.000000,20.000000,0.000000,69.000000,0.000000,5.000000,1.000000,1.000000,0.000000,0.000000,1.000000,0.000000,0.829743,0.222209,0.227179,18.877500,0.719330,0.479553,0.762500,-0.011511,,4.000000,True,False,False,,,,1660,-,0.000000,
21.000000,5.000000,51.000000,0.000000,3.000000,0.000000,21.000000,0.000000,73.000000,0.000000,5.000000,1.000000,1.000000,0.000000,0.000000,1.000000,0.000000,0.839634,0.218241,0.253658,18.927399,0.729866,0.486577,0.775000,-0.049899,,5.000000,True,False,False,,,,1661,-,0.000000,
24.000000,4.000000,52.000000,0.000000,0.000000,0.000000,24.000000,0.000000,71.000000,0.000000,5.000000,1.000000,1.000000,0.000000,0.000000,1.000000,0.000000,0.846795,0.256904,0.212811,18.859511,0.704506,0.469671,0.737500,0.067888,,6.000000,True,False,False,,,,1662,-,0.000000,
22.000000,4.000000,54.000000,0.000000,0.000000,0.000000,22.000000,0.000000,66.000000,0.000000,5.000000,1.000000,1.000000,0.000000,0.000000,1.000000,0.000000,0.895747,0.196660,0.200261,18.898460,0.674422,0.449615,0.725000,-0.038949,,7.000000,True,False,False,,,,1663,-,0.000000,
22.000000,4.000000,54.000000,0.000000,0.000000,0.000000,22.000000,0.000000,70.000000,0.000000,5.000000,1.000000,1.000000,0.000000,0.000000,1.000000,0.000000,0.970506,0.289821,0.213428,18.836042,0.671191,0.447461,0.725000,0.062418,,7.000000,True,False,False,,,,1664,-,0.000000,
18.000000,8.000000,53.000000,0.000000,1.000000,0.000000,18.000000,0.000000,66.000000,0.000000,5.000000,1.000000,1.000000,0.000000,0.000000,1.000000,0.000000,0.789161,0.199482,0.245946,18.933501,0.716518,0.477679,0.775000,-0.097459,,7.000000,True,False,False,,,,1665,-,0.000000,
18.000000,7.000000,50.000000,0.000000,5.000000,0.000000,18.000000,0.000000,72.000000,0.000000,5.000000,1.000000,1.000000,0.000000,0.000000,1.000000,0.000000,0.783870,0.111540,0.235386,19.023693,0.723328,0.482218,0.775000,-0.090192,,7.000000,True,False,False,,,,1666,-,0.000000,
18.000000,6.000000,50.000000,0.000000,6.000000,0.000000,18.000000,0.000000,69.000000,0.000000,5.000000,1.000000,1.000000,0.000000,0.000000,1.000000,0.000000,0.796047,0.212761,0.282933,19.107885,0.716859,0.477906,0.775000,-0.084192,,5.000000,True,False,False,,,,1667,-,0.000000,
16.000000,8.000000,50.000000,0.000000,6.000000,0.000000,16.000000,0.000000,70.000000,0.000000,5.056409,1.000000,1.000000,0.000000,0.000000,1.000000,0.000000,0.838873,0.191269,0.229071,19.026781,0.753084,0.502056,0.812500,0.081103,,6.000000,True,False,False,,,,1668,-,0.000000,
18.000000,7.000000,51.000000,0.000000,4.000000,0.000000,18.000000,0.000000,72.000000,0.000000,5.000000,1.000000,1.000000,0.000000,0.000000,1.000000,0.000000,0.802354,0.116348,0.229225,19.172689,0.755311,0.503540,0.800000,-0.145908,,7.000000,True,False,False,,,,1669,-,0.000000,
19.000000,7.000000,50.000000,0.000000,4.000000,0.000000,19.000000,0.000000,66.000000,0.000000,5.149829,1.000000,1.000000,0.000000,0.000000,1.000000,0.000000,0.793978,0.179670,0.235303,19.085471,0.730240,0.486826,0.775000,0.087218,,7.000000,True,False,False,,,,1670,-,0.000000,
18.000000,6.000000,51.000000,0.000000,5.000000,0.000000,18.000000,0.000000,73.000000,0.000000,5.000000,1.000000,1.000000,0.000000,0.000000,1.000000,0.000000,0.823232,0.242866,0.267159,19.207298,0.715657,0.477104,0.775000,-0.121827,,6.000000,True,False,False,,,,1671,-,0.000000,
19.000000,6.000000,51.000000,0.000000,4.000000,0.000000,19.000000,0.000000,80.000000,0.000000,5.000000,1.000000,1.000000,0.000000,0.000000,1.000000,0.000000,0.833256,0.191768,0.253834,19.264165,0.726230,0.484154,0.775000,-0.056866,,7.000000,True,False,False,,,,1672,-,0.000000,
20.000000,6.000000,49.000000,0.000000,5.000000,0.000000,20.000000,0.000000,74.000000,0.000000,5.000000,1.000000,1.000000,0.000000,0.000000,1.000000,0.000000,0.816833,0.257513,0.297784,19.283265,0.713063,0.475375,0.762500,-0.019100,,5.000000,True,False,False,,,,1673,-,0.000000,
20.000000,7.000000,50.000000,0.000000,3.000000,0.000000,20.000000,0.000000,76.000000,0.000000,5.000000,1.000000,1.000000,0.000000,0.000000,1.000000,0.000000,0.937828,0.304706,0.231127,19.245309,0.721817,0.481211,0.775000,0.037956,,6.000000,True,False,False,,,,1674,-,0.000000,
19.000000,7.000000,51.000000,0.000000,3.000000,0.000000,19.000000,0.000000,68.000000,0.000000,5.000000,1.000000,1.000000,0.000000,0.000000,1.000000,0.000000,0.870087,0.178453,0.198014,19.264931,0.748539,0.499026,0.787500,-0.019622,,7.000000,True,False,False,,,,1675,-,0.000000,
18.000000,5.000000,51.000000,0.000000,6.000000,0.000000,18.000000,0.000000,67.000000,0.000000,5.000000,1.000000,1.000000,0.000000,0.000000,1.000000,0.000000,0.921852,0.250486,0.227985,19.249615,0.712132,0.474754,0.775000,0.015316,,7.000000,True,False,False,,,,1676,-,0.000000,
20.000000,4.000000,50.000000,0.000000,6.000000,0.000000,20.000000,0.000000,76.000000,0.000000,5.000000,1.000000,1.000000,0.000000,0.000000,1.000000,0.000000,0.939520,0.265115,0.250641,19.223685,0.701952,0.467968,0.775000,0.025930,,7.000000,True,False,False,,,,1677,-,0.000000,
20.000000,4.000000,49.000000,0.000000,7.000000,0.000000,20.000000,0.000000,68.000000,0.000000,5.000000,1.000000,1.000000,0.000000,0.000000,1.000000,0.000000,0.859941,0.197713,0.224325,19.225523,0.705414,0.470276,0.750000,-0.001838,,7.000000,True,False,False,,,,1678,-,0.000000,
21.000000,3.000000,49.000000,0.000000,7.000000,0.000000,21.000000,0.000000,69.000000,0.000000,5.000000,1.000000,1.000000,0.000000,0.000000,1.000000,0.000000,0.947034,0.296994,0.221476,19.160011,0.677738,0.451826,0.750000,0.065512,,6.000000,True,False,False,,,,1679,-,0.000000,
19.000000,4.000000,50.000000,0.000000,7.000000,0.000000,19.000000,0.000000,71.000000,0.000000,5.000000,1.000000,1.000000,0.000000,0.000000,1.000000,0.000000,0.881155,0.198345,0.241401,19.177965,0.705248,0.470165,0.775000,-0.017954,,7.000000,True,False,False,,,,1680,-,0.000000,
19.000000,4.000000,50.000000,0.000000,7.000000,0.000000,19.000000,0.000000,71.000000,0.000000,5.000000,1.000000,1.000000,0.000000,0.000000,1.000000,0.000000,0.844799,0.218623,0.229856,19.187300,0.710633,0.473755,0.775000,-0.009335,,7.000000,True,False,False,,,,1681,-,0.000000,
20.000000,3.000000,44.000000,0.000000,13.000000,0.000000,20.000000,0.000000,75.000000,0.000000,5.000000,1.000000,1.000000,0.000000,0.000000,1.000000,0.000000,0.899861,0.338786,0.326717,19.189245,0.680387,0.453592,0.775000,-0.001945,,7.000000,True,False,False,,,,1682,-,0.000000,
25.000000,3.000000,42.000000,0.000000,10.000000,0.000000,25.000000,0.000000,74.000000,0.000000,5.000000,1.000000,1.000000,0.000000,0.000000,1.000000,0.000000,0.828267,0.307068,0.306188,19.228042,0.682572,0.455048,0.750000,-0.038797,,5.000000,True,False,False,,,,1683,-,0.000000,
25.000000,3.000000,42.000000,0.000000,10.000000,0.000000,25.000000,0.000000,71.000000,0.000000,5.000000,1.000000,1.000000,0.000000,0.000000,1.000000,0.000000,0.829142,0.250736,0.284443,19.287593,0.632480,0.421653,0.700000,-0.059551,,3.000000,True,False,False,,,,1684,-,0.000000,
27.000000,2.000000,43.000000,0.000000,8.000000,0.000000,27.000000,0.000000,75.000000,0.000000,5.000000,1.000000,1.000000,0.000000,0.000000,1.000000,0.000000,0.869290,0.355773,0.299921,19.233254,0.624640,0.416426,0.700000,0.054338,,4.000000,True,False,False,,,,1685,-,0.000000,
30.000000,1.000000,44.000000,0.000000,5.000000,0.000000,30.000000,0.000000,72.000000,0.000000,5.000000,1.000000,1.000000,0.000000,0.000000,1.000000,0.000000,0.814202,0.331942,0.333536,19.293263,0.601741,0.401161,0.675000,-0.060009,,5.000000,True,False,False,,,,1686,-,0.000000,
31.000000,2.000000,44.000000,0.000000,3.000000,0.000000,31.000000,0.000000,80.000000,0.000000,5.000000,1.000000,1.000000,0.000000,0.000000,1.000000,0.000000,0.857978,0.363575,0.289961,19.244841,0.586893,0.391262,0.662500,0.048422,,6.000000,True,False,False,,,,1687,-,0.000000,
30.000000,4.000000,44.000000,0.000000,2.000000,0.000000,30.000000,0.000000,76.000000,0.000000,5.000000,1.000000,1.000000,0.000000,0.000000,1.000000,0.000000,0.831723,0.252991,0.247416,19.267791,0.613910,0.409273,0.662500,-0.022951,,7.000000,True,False,False,,,,1688,-,0.000000,
25.000000,11.000000,43.000000,0.000000,1.000000,0.000000,25.000000,0.000000,79.000000,0.000000,5.000000,1.000000,1.000000,0.000000,0.000000,1.000000,0.000000,0.923621,0.326644,0.210198,19.155518,0.642344,0.428230,0.712500,0.112273,,6.000000,True,False,False,,,,1689,-,0.000000,
21.000000,14.000000,44.000000,0.000000,1.000000,0.000000,21.000000,0.000000,76.000000,0.000000,5.000000,1.000000,1.000000,0.000000,0.000000,1.000000,0.000000,0.856217,0.206802,0.202867,19.160614,0.678100,0.452066,0.750000,-0.005096,,7.000000,True,False,False,,,,1690,-,0.000000,
18.000000,15.000000,44.000000,0.000000,3.000000,0.000000,18.000000,0.000000,77.000000,0.000000,5.000000,1.000000,1.000000,0.000000,0.000000,1.000000,0.000000,0.833077,0.213395,0.220594,19.095711,0.720491,0.480327,0.787500,0.064904,,7.000000,True,False,False,,,,1691,-,0.000000,
16.000000,17.000000,43.000000,0.000000,4.000000,0.000000,16.000000,0.000000,72.000000,0.000000,5.000000,1.000000,1.000000,0.000000,0.000000,1.000000,0.000000,0.824779,0.211716,0.270365,19.162360,0.753175,0.502117,0.812500,-0.066649,,6.000000,True,False,False,,,,1692,-,0.000000,
16.000000,17.000000,43.000000,0.000000,4.000000,0.000000,16.000000,0.000000,74.000000,0.000000,5.000000,1.000000,1.000000,0.000000,0.000000,1.000000,0.000000,0.768991,0.112374,0.280978,19.280357,0.750080,0.500053,0.800000,-0.117997,,7.000000,True,False,False,,,,1693,-,0.000000,
16.000000,15.000000,44.000000,0.000000,5.000000,0.000000,16.000000,0.000000,71.000000,0.000000,5.000000,1.000000,1.000000,0.000000,0.000000,1.000000,0.000000,0.800138,0.232400,0.285081,19.379152,0.746994,0.497996,0.800000,-0.098795,,6.000000,True,False,False,,,,1694,-,0.000000,
17.000000,13.000000,46.000000,0.000000,4.000000,0.000000,17.000000,0.000000,76.000000,0.000000,5.000000,1.000000,1.000000,0.000000,0.000000,1.000000,0.000000,0.840745,0.190223,0.232974,19.427556,0.763022,0.508682,0.812500,-0.048404,,6.000000,True,False,False,,,,1695,-,0.000000,
18.000000,13.000000,46.000000,0.000000,3.000000,0.000000,18.000000,0.000000,72.000000,0.000000,5.000000,1.000000,1.000000,0.000000,0.000000,1.000000,0.000000,0.897984,0.221391,0.235207,19.418970,0.755408,0.503606,0.800000,0.008586,,7.000000,True,False,False,,,,1696,-,0.000000,
18.000000,10.000000,48.000000,0.000000,4.000000,0.000000,18.000000,0.000000,82.000000,0.000000,5.000000,1.000000,1.000000,0.000000,0.000000,1.000000,0.000000,0.886676,0.276725,0.265083,19.417397,0.727784,0.485189,0.787500,0.001573,,7.000000,True,False,False,,,,1697,-,0.000000,
20.000000,8.000000,49.000000,0.000000,3.000000,0.000000,20.000000,0.000000,72.000000,0.000000,5.000000,1.000000,1.000000,0.000000,0.000000,1.000000,0.000000,0.877043,0.188645,0.219704,19.438449,0.735996,0.490664,0.787500,-0.021052,,5.000000,True,False,False,,,,1698,-,0.000000,
20.000000,7.000000,50.000000,0.000000,3.000000,0.000000,20.000000,0.000000,78.000000,0.000000,5.000000,1.000000,1.000000,0.000000,0.000000,1.000000,0.000000,0.843043,0.191812,0.236168,19.495034,0.695569,0.463713,0.750000,-0.056586,,6.000000,True,False,False,,,,1699,-,0.000000,
19.000000,6.000000,52.000000,0.000000,3.000000,0.000000,19.000000,0.000000,80.000000,0.000000,5.000000,1.000000,1.000000,0.000000,0.000000,1.000000,0.000000,0.837850,0.170270,0.240738,19.525478,0.709920,0.473280,0.762500,-0.030444,,7.000000,True,False,False,,,,1700,-,0.000000,
20.000000,3.000000,54.000000,0.000000,3.000000,0.000000,20.000000,0.000000,79.000000,0.000000,5.000000,1.000000,1.000000,0.000000,0.000000,1.000000,0.000000,0.814346,0.129786,0.221294,19.562928,0.721340,0.480893,0.762500,-0.037450,,7.000000,True,False,False,,,,1701,-,0.000000,
20.000000,2.000000,53.000000,0.000000,5.000000,0.000000,20.000000,0.000000,79.000000,0.000000,5.000000,1.000000,1.000000,0.000000,0.000000,1.000000,0.000000,0.827889,0.130623,0.237416,19.557882,0.708572,0.472381,0.750000,0.005046,,7.000000,True,False,False,,,,1702,-,0.000000,
20.000000,2.000000,52.000000,0.000000,6.000000,0.000000,20.000000,0.000000,76.000000,0.000000,5.000000,1.000000,1.000000,0.000000,0.000000,1.000000,0.000000,0.807141,0.167600,0.251075,19.580612,0.698564,0.465710,0.750000,-0.022730,,6.000000,True,False,False,,,,1703,-,0.000000,
19.000000,3.000000,53.000000,0.000000,5.000000,0.000000,19.000000,0.000000,77.000000,0.000000,5.000000,1.000000,1.000000,0.000000,0.000000,1.000000,0.000000,0.819662,0.140447,0.219925,19.620959,0.727133,0.484755,0.775000,-0.040348,,7.000000,True,False,False,,,,1704,-,0.000000,
20.000000,3.000000,52.000000,0.000000,5.000000,0.000000,20.000000,0.000000,74.000000,0.000000,5.000000,1.000000,1.000000,0.000000,0.000000,1.000000,0.000000,0.803809,0.176779,0.247792,19.569249,0.716873,0.477915,0.762500,0.051710,,7.000000,True,False,False,,,,1705,-,0.000000,
20.000000,3.000000,51.000000,0.000000,6.000000,0.000000,20.000000,0.000000,79.000000,0.000000,5.000000,1.000000,1.000000,0.000000,0.000000,1.000000,0.000000,0.809604,0.112964,0.214069,19.655010,0.712267,0.474844,0.750000,-0.085761,,7.000000,True,False,False,,,,1706,-,0.000000,
20.000000,4.000000,50.000000,0.000000,6.000000,0.000000,20.000000,0.000000,75.000000,0.000000,5.000000,1.000000,1.000000,0.000000,0.000000,1.000000,0.000000,0.925283,0.237565,0.214582,19.624666,0.709224,0.472816,0.762500,0.030345,,7.000000,True,False,False,,,,1707,-,0.000000,
21.000000,5.000000,50.000000,0.000000,4.000000,0.000000,21.000000,0.000000,80.000000,0.000000,5.000000,1.000000,1.000000,0.000000,0.000000,1.000000,0.000000,0.841054,0.232704,0.257116,19.667270,0.717282,0.478188,0.775000,-0.042604,,6.000000,True,False,False,,,,1708,-,0.000000,
20.000000,5.000000,51.000000,0.000000,4.000000,0.000000,20.000000,0.000000,74.000000,0.000000,5.000000,1.000000,1.000000,0.000000,0.000000,1.000000,0.000000,0.928033,0.217995,0.189441,19.661419,0.702296,0.468197,0.750000,0.005851,,7.000000,True,False,False,,,,1709,-,0.000000,
22.000000,5.000000,50.000000,0.000000,3.000000,0.000000,22.000000,0.000000,81.000000,0.000000,5.000000,1.000000,1.000000,0.000000,0.000000,1.000000,0.000000,0.898687,0.240438,0.227203,19.695129,0.706244,0.470830,0.762500,-0.033710,,7.000000,True,False,False,,,,1710,-,0.000000,
20.000000,7.000000,49.000000,0.000000,4.000000,0.000000,20.000000,0.000000,76.000000,0.000000,5.000000,1.000000,1.000000,0.000000,0.000000,1.000000,0.000000,0.828200,0.119409,0.176071,19.749656,0.728320,0.485547,0.762500,-0.054527,,7.000000,True,False,False,,,,1711,-,0.000000,
20.000000,6.000000,49.000000,0.000000,5.000000,0.000000,20.000000,0.000000,79.000000,0.000000,5.000000,1.000000,1.000000,0.000000,0.000000,1.000000,0.000000,0.761880,0.135851,0.273120,19.867822,0.693282,0.462188,0.750000,-0.118166,,6.000000,True,False,False,,,,1712,-,0.000000,
22.000000,4.000000,51.000000,0.000000,3.000000,0.000000,22.000000,0.000000,71.000000,0.000000,5.000000,1.000000,1.000000,0.000000,0.000000,1.000000,0.000000,0.894514,0.187791,0.208039,19.850886,0.710460,0.473640,0.750000,0.016936,,7.000000,True,False,False,,,,1713,-,0.000000,
22.000000,5.000000,48.000000,0.000000,5.000000,0.000000,22.000000,0.000000,77.000000,0.000000,5.000000,1.000000,1.000000,0.000000,0.000000,1.000000,0.000000,0.832694,0.164228,0.249911,19.925885,0.703483,0.468989,0.750000,-0.074999,,5.000000,True,False,False,,,,1714,-,0.000000,
23.000000,4.000000,49.000000,0.000000,4.000000,0.000000,23.000000,0.000000,79.000000,0.000000,5.000000,1.000000,1.000000,0.000000,0.000000,1.000000,0.000000,0.941026,0.270800,0.246816,19.889336,0.678529,0.452353,0.725000,0.036549,,6.000000,True,False,False,,,,1715,-,0.000000,
24.000000,3.000000,50.000000,0.000000,3.000000,0.000000,24.000000,0.000000,77.000000,0.000000,5.000000,1.000000,1.000000,0.000000,0.000000,1.000000,0.000000,0.939394,0.180832,0.173738,19.864893,0.678504,0.452336,0.712500,0.024443,,7.000000,True,False,False,,,,1716,-,0.000000,
23.000000,3.000000,50.000000,0.000000,4.000000,0.000000,23.000000,0.000000,77.000000,0.000000,5.000000,1.000000,1.000000,0.000000,0.000000,1.000000,0.000000,0.895823,0.261659,0.232278,19.819508,0.655551,0.437034,0.712500,0.045384,,7.000000,True,False,False,,,,1717,-,0.000000,
24.000000,4.000000,49.000000,0.000000,3.000000,0.000000,24.000000,0.000000,75.000000,0.000000,5.000000,1.000000,1.000000,0.000000,0.000000,1.000000,0.000000,0.891542,0.177401,0.211614,19.821670,0.680650,0.453767,0.725000,-0.002161,,7.000000,True,False,False,,,,1718,-,0.000000,
24.000000,4.000000,48.000000,0.000000,4.000000,0.000000,24.000000,0.000000,78.000000,0.000000,5.000000,1.000000,1.000000,0.000000,0.000000,1.000000,0.000000,0.894911,0.231379,0.218827,19.797495,0.644874,0.429916,0.700000,0.024175,,7.000000,True,False,False,,,,1719,-,0.000000,
24.000000,5.000000,47.000000,0.000000,4.000000,0.000000,24.000000,0.000000,71.000000,0.000000,5.000000,1.000000,1.000000,0.000000,0.000000,1.000000,0.000000,0.833497,0.121968,0.200131,19.853388,0.673564,0.449043,0.712500,-0.055894,,7.000000,True,False,False,,,,1720,-,0.000000,
24.000000,4.000000,44.000000,0.000000,8.000000,0.000000,24.000000,0.000000,71.000000,0.000000,5.000000,1.000000,1.000000,0.000000,0.000000,1.000000,0.000000,0.933841,0.293408,0.256401,19.817079,0.623800,0.415867,0.700000,0.036309,,6.000000,True,False,False,,,,1721,-,0.000000,
23.000000,4.000000,45.000000,0.000000,8.000000,0.000000,23.000000,0.000000,75.000000,0.000000,5.000000,1.000000,1.000000,0.000000,0.000000,1.000000,0.000000,0.913651,0.213441,0.234802,19.794528,0.641665,0.427777,0.712500,0.022551,,7.000000,True,False,False,,,,1722,-,0.000000,
24.000000,5.000000,42.000000,0.000000,9.000000,0.000000,24.000000,0.000000,72.000000,0.000000,5.000000,1.000000,1.000000,0.000000,0.000000,1.000000,0.000000,0.879104,0.146259,0.216469,19.814482,0.664896,0.443264,0.725000,-0.019954,,7.000000,True,False,False,,,,1723,-,0.000000,
25.000000,4.000000,42.000000,0.000000,9.000000,0.000000,25.000000,0.000000,75.000000,0.000000,5.000000,1.000000,1.000000,0.000000,0.000000,1.000000,0.000000,0.880634,0.200973,0.248066,19.833491,0.630807,0.420538,0.700000,-0.019009,,6.000000,True,False,False,,,,1724,-,0.000000,
24.000000,6.000000,43.000000,0.000000,7.000000,0.000000,24.000000,0.000000,77.000000,0.000000,5.000000,1.000000,1.000000,0.000000,0.000000,1.000000,0.000000,0.739144,0.185774,0.327692,19.958519,0.657162,0.438108,0.737500,-0.125028,,7.000000,True,False,False,,,,1725,-,0.000000,
25.000000,4.000000,43.000000,0.000000,8.000000,0.000000,25.000000,0.000000,76.000000,0.000000,5.000000,1.000000,1.000000,0.000000,0.000000,1.000000,0.000000,0.878339,0.235561,0.257872,19.981374,0.625060,0.416707,0.700000,-0.022855,,6.000000,True,False,False,,,,1726,-,0.000000,
26.000000,5.000000,43.000000,0.000000,6.000000,0.000000,26.000000,0.000000,76.000000,0.000000,5.000000,1.000000,1.000000,0.000000,0.000000,1.000000,0.000000,0.739596,0.049855,0.293501,20.133814,0.653763,0.435842,0.700000,-0.152440,,7.000000,True,False,False,,,,1727,-,0.000000,
26.000000,6.000000,43.000000,0.000000,5.000000,0.000000,26.000000,0.000000,71.000000,0.000000,5.000000,1.000000,1.000000,0.000000,0.000000,1.000000,0.000000,0.762535,0.195870,0.329196,20.193763,0.634514,0.423009,0.712500,-0.059949,,7.000000,True,False,False,,,,1728,-,0.000000,
26.000000,7.000000,42.000000,0.000000,5.000000,0.000000,26.000000,0.000000,78.000000,0.000000,5.000000,1.000000,1.000000,0.000000,0.000000,1.000000,0.000000,0.780616,0.205338,0.308778,20.238893,0.613342,0.408894,0.700000,-0.045130,,7.000000,True,False,False,,,,1729,-,0.000000,
26.000000,7.000000,42.000000,0.000000,5.000000,0.000000,26.000000,0.000000,75.000000,0.000000,5.000000,1.000000,1.000000,0.000000,0.000000,1.000000,0.000000,0.845681,0.187854,0.237029,20.234409,0.621063,0.414042,0.687500,0.004484,,6.000000,True,False,False,,,,1730,-,0.000000,
28.000000,7.000000,42.000000,0.000000,3.000000,0.000000,28.000000,0.000000,76.000000,0.000000,5.000000,1.000000,1.000000,0.000000,0.000000,1.000000,0.000000,0.786320,0.182555,0.303880,20.353837,0.609387,0.406258,0.675000,-0.119428,,7.000000,True,False,False,,,,1731,-,0.000000,
26.000000,8.000000,43.000000,0.000000,3.000000,0.000000,26.000000,0.000000,75.000000,0.000000,5.000000,1.000000,1.000000,0.000000,0.000000,1.000000,0.000000,0.840740,0.180940,0.245954,20.384769,0.617616,0.411744,0.675000,-0.030933,,7.000000,True,False,False,,,,1732,-,0.000000,
21.000000,13.000000,42.000000,0.000000,4.000000,0.000000,21.000000,0.000000,75.000000,0.000000,5.000000,1.000000,1.000000,0.000000,0.000000,1.000000,0.000000,0.828722,0.199170,0.250831,20.453050,0.658079,0.438719,0.737500,-0.068281,,6.000000,True,False,False,,,,1733,-,0.000000,
23.000000,13.000000,43.000000,0.000000,1.000000,0.000000,23.000000,0.000000,72.000000,0.000000,5.000000,1.000000,1.000000,0.000000,0.000000,1.000000,0.000000,0.813229,0.137039,0.221606,20.463297,0.723934,0.482623,0.762500,-0.010247,,7.000000,True,False,False,,,,1734,-,0.000000,
23.000000,11.000000,44.000000,0.000000,2.000000,0.000000,23.000000,0.000000,71.000000,0.000000,5.000000,1.000000,1.000000,0.000000,0.000000,1.000000,0.000000,0.843154,0.231374,0.260668,20.510950,0.660210,0.440140,0.712500,-0.047653,,6.000000,True,False,False,,,,1735,-,0.000000,
23.000000,12.000000,44.000000,0.000000,1.000000,0.000000,23.000000,0.000000,73.000000,0.000000,5.000000,1.000000,1.000000,0.000000,0.000000,1.000000,0.000000,0.853998,0.129982,0.216541,20.526098,0.683812,0.455875,0.725000,-0.015148,,6.000000,True,False,False,,,,1736,-,0.000000,
23.000000,12.000000,44.000000,0.000000,1.000000,0.000000,23.000000,0.000000,67.000000,0.000000,5.000000,1.000000,1.000000,0.000000,0.000000,1.000000,0.000000,0.798906,0.118035,0.214569,20.645416,0.670715,0.447143,0.712500,-0.119318,,7.000000,True,False,False,,,,1737,-,0.000000,
22.000000,12.000000,43.000000,0.000000,3.000000,0.000000,22.000000,0.000000,73.000000,0.000000,5.000000,1.000000,1.000000,0.000000,0.000000,1.000000,0.000000,0.901717,0.314494,0.291299,20.623541,0.650375,0.433583,0.725000,0.021875,,6.000000,True,False,False,,,,1738,-,0.000000,
22.000000,11.000000,45.000000,0.000000,2.000000,0.000000,22.000000,0.000000,73.000000,0.000000,5.000000,1.000000,1.000000,0.000000,0.000000,1.000000,0.000000,0.944965,0.265231,0.203799,20.611189,0.680719,0.453813,0.737500,0.012353,,7.000000,True,False,False,,,,1739,-,0.000000,
21.000000,11.000000,45.000000,0.000000,3.000000,0.000000,21.000000,0.000000,80.000000,0.000000,5.000000,1.000000,1.000000,0.000000,0.000000,1.000000,0.000000,0.978949,0.283956,0.220315,20.569623,0.686333,0.457555,0.737500,0.041566,,7.000000,True,False,False,,,,1740,-,0.000000,
20.000000,12.000000,44.000000,0.000000,4.000000,0.000000,20.000000,0.000000,70.000000,0.000000,5.000000,1.000000,1.000000,0.000000,0.000000,1.000000,0.000000,0.954964,0.236340,0.198741,20.507722,0.701811,0.467874,0.750000,0.061901,,5.000000,True,False,False,,,,1741,-,0.000000,
18.000000,11.000000,47.000000,0.000000,4.000000,0.000000,18.000000,0.000000,72.000000,0.000000,5.041778,1.000000,1.000000,0.000000,0.000000,1.000000,0.000000,0.902879,0.311673,0.253475,20.390258,0.715134,0.476756,0.775000,0.117463,,6.000000,True,False,False,,,,1742,-,0.000000,
20.000000,7.000000,51.000000,0.000000,2.000000,0.000000,20.000000,0.000000,74.000000,0.000000,5.000000,1.000000,1.000000,0.000000,0.000000,1.000000,0.000000,0.884479,0.307762,0.239850,20.362789,0.735580,0.490387,0.787500,0.027469,,7.000000,True,False,False,,,,1743,-,0.000000,
21.000000,6.000000,52.000000,0.000000,1.000000,0.000000,21.000000,0.000000,74.000000,0.000000,5.000000,1.000000,1.000000,0.000000,0.000000,1.000000,0.000000,0.859473,0.159182,0.207697,20.413187,0.727802,0.485202,0.762500,-0.050398,,6.000000,True,False,False,,,,1744,-,0.000000,
22.000000,6.000000,52.000000,0.000000,0.000000,0.000000,22.000000,0.000000,77.000000,0.000000,5.000000,1.000000,1.000000,0.000000,0.000000,1.000000,0.000000,0.835822,0.258400,0.257161,20.387970,0.709012,0.472675,0.750000,0.025216,,7.000000,True,False,False,,,,1745,-,0.000000,
20.000000,7.000000,52.000000,0.000000,1.000000,0.000000,20.000000,0.000000,78.000000,0.000000,5.000000,1.000000,1.000000,0.000000,0.000000,1.000000,0.000000,0.829523,0.063273,0.179611,20.460407,0.720654,0.480436,0.750000,-0.072436,,7.000000,True,False,False,,,,1746,-,0.000000,
20.000000,5.000000,51.000000,0.000000,4.000000,0.000000,20.000000,0.000000,75.000000,0.000000,5.000000,1.000000,1.000000,0.000000,0.000000,1.000000,0.000000,0.786585,0.237231,0.301598,20.524735,0.693752,0.462501,0.750000,-0.064328,,5.000000,True,False,False,,,,1747,-,0.000000,
20.000000,3.000000,53.000000,0.000000,4.000000,0.000000,20.000000,0.000000,74.000000,0.000000,5.000000,1.000000,1.000000,0.000000,0.000000,1.000000,0.000000,0.851728,0.166202,0.214603,20.559225,0.702429,0.468286,0.750000,-0.034490,,6.000000,True,False,False,,,,1748,-,0.000000,
20.000000,4.000000,53.000000,0.000000,3.000000,0.000000,20.000000,0.000000,73.000000,0.000000,5.000000,1.000000,1.000000,0.000000,0.000000,1.000000,0.000000,0.771992,0.152956,0.253519,20.667917,0.721707,0.481138,0.762500,-0.108692,,7.000000,True,False,False,,,,1749,-,0.000000,
20.000000,3.000000,54.000000,0.000000,3.000000,0.000000,20.000000,0.000000,65.000000,0.000000,5.000000,1.000000,1.000000,0.000000,0.000000,1.000000,0.000000,0.823096,0.160782,0.236887,20.709151,0.713753,0.475835,0.762500,-0.041234,,6.000000,True,False,False,,,,1750,-,0.000000,
20.000000,3.000000,54.000000,0.000000,3.000000,0.000000,20.000000,0.000000,70.000000,0.000000,5.014260,1.000000,1.000000,0.000000,0.000000,1.000000,0.000000,0.805925,0.217019,0.287487,20.665253,0.704833,0.469889,0.762500,0.043898,,7.000000,True,False,False,,,,1751,-,0.000000,
21.000000,2.000000,53.000000,0.000000,4.000000,0.000000,21.000000,0.000000,68.000000,0.000000,5.000000,1.000000,1.000000,0.000000,0.000000,1.000000,0.000000,0.857409,0.187122,0.176044,20.724824,0.703531,0.469021,0.750000,-0.059571,,6.000000,True,False,False,,,,1752,-,0.000000,
21.000000,2.000000,54.000000,0.000000,3.000000,0.000000,21.000000,0.000000,73.000000,0.000000,5.000000,1.000000,1.000000,0.000000,0.000000,1.000000,0.000000,0.887685,0.248811,0.262401,20.731812,0.711588,0.474392,0.762500,-0.006988,,7.000000,True,False,False,,,,1753,-,0.000000,
21.000000,2.000000,53.000000,0.000000,4.000000,0.000000,21.000000,0.000000,73.000000,0.000000,5.000000,1.000000,1.000000,0.000000,0.000000,1.000000,0.000000,0.860191,0.229727,0.212599,20.674917,0.714838,0.476559,0.762500,0.056895,,7.000000,True,False,False,,,,1754,-,0.000000,
19.000000,5.000000,52.000000,0.000000,4.000000,0.000000,19.000000,0.000000,71.000000,0.000000,5.000000,1.000000,1.000000,0.000000,0.000000,1.000000,0.000000,0.887239,0.117105,0.201868,20.681929,0.746193,0.497462,0.787500,-0.007013,,7.000000,True,False,False,,,,1755,-,0.000000,
18.000000,6.000000,50.000000,0.000000,6.000000,0.000000,18.000000,0.000000,76.000000,0.000000,5.000000,1.000000,1.000000,0.000000,0.000000,1.000000,0.000000,0.926516,0.148711,0.175696,20.637061,0.723146,0.482097,0.775000,0.044868,,5.000000,True,False,False,,,,1756,-,0.000000,
17.000000,8.000000,50.000000,0.000000,5.000000,0.000000,17.000000,0.000000,72.000000,0.000000,5.000000,1.000000,1.000000,0.000000,0.000000,1.000000,0.000000,0.903572,0.213018,0.208165,20.569134,0.764064,0.509376,0.812500,0.067927,,6.000000,True,False,False,,,,1757,-,0.000000,
17.000000,7.000000,51.000000,0.000000,5.000000,0.000000,17.000000,0.000000,72.000000,0.000000,5.000000,1.000000,1.000000,0.000000,0.000000,1.000000,0.000000,0.869998,0.082231,0.192339,20.544297,0.774091,0.516060,0.812500,0.024837,,7.000000,True,False,False,,,,1758,-,0.000000,
19.000000,5.000000,50.000000,0.000000,6.000000,0.000000,19.000000,0.000000,73.000000,0.000000,5.000000,1.000000,1.000000,0.000000,0.000000,1.000000,0.000000,0.900323,0.172957,0.216141,20.496888,0.755886,0.503924,0.800000,0.047409,,7.000000,True,False,False,,,,1759,-,0.000000,
20.000000,4.000000,50.000000,0.000000,6.000000,0.000000,20.000000,0.000000,70.000000,0.000000,5.000000,1.000000,1.000000,0.000000,0.000000,1.000000,0.000000,0.900541,0.124160,0.200036,20.482357,0.739104,0.492736,0.787500,0.014531,,7.000000,True,False,False,,,,1760,-,0.000000,
20.000000,5.000000,49.000000,0.000000,6.000000,0.000000,20.000000,0.000000,73.000000,0.000000,5.000000,1.000000,1.000000,0.000000,0.000000,1.000000,0.000000,0.840778,0.327801,0.303126,20.395436,0.712833,0.475222,0.775000,0.086921,,7.000000,True,False,False,,,,1761,-,0.000000,
19.000000,5.000000,48.000000,0.000000,8.000000,0.000000,19.000000,0.000000,71.000000,0.000000,5.000000,1.000000,1.000000,0.000000,0.000000,1.000000,0.000000,0.852254,0.309136,0.286864,20.358173,0.694192,0.462794,0.775000,0.037263,,7.000000,True,False,False,,,,1762,-,0.000000,
22.000000,5.000000,43.000000,0.000000,10.000000,0.000000,22.000000,0.000000,75.000000,0.000000,5.000000,1.000000,1.000000,0.000000,0.000000,1.000000,0.000000,0.936147,0.284243,0.282774,20.359425,0.711470,0.474313,0.775000,-0.001253,,7.000000,True,False,False,,,,1763,-,0.000000,
23.000000,4.000000,43.000000,0.000000,10.000000,0.000000,23.000000,0.000000,74.000000,0.000000,5.000000,1.000000,1.000000,0.000000,0.000000,1.000000,0.000000,0.870990,0.280667,0.291674,20.365128,0.667149,0.444766,0.737500,-0.005703,,6.000000,True,False,False,,,,1764,-,0.000000,
23.000000,5.000000,43.000000,0.000000,9.000000,0.000000,23.000000,0.000000,77.000000,0.000000,5.000000,1.000000,1.000000,0.000000,0.000000,1.000000,0.000000,0.861000,0.232651,0.284824,20.378047,0.699793,0.466529,0.750000,-0.012919,,7.000000,True,False,False,,,,1765,-,0.000000,
23.000000,7.000000,42.000000,0.000000,8.000000,0.000000,23.000000,0.000000,72.000000,0.000000,5.000000,1.000000,1.000000,0.000000,0.000000,1.000000,0.000000,0.864480,0.255858,0.248401,20.344720,0.697290,0.464860,0.762500,0.033327,,7.000000,True,False,False,,,,1766,-,0.000000,
23.000000,9.000000,41.000000,0.000000,7.000000,0.000000,23.000000,0.000000,78.000000,0.000000,5.000000,1.000000,1.000000,0.000000,0.000000,1.000000,0.000000,0.890267,0.437552,0.331302,20.291214,0.672969,0.448646,0.750000,0.053507,,7.000000,True,False,False,,,,1767,-,0.000000,
25.000000,10.000000,41.000000,0.000000,4.000000,0.000000,25.000000,0.000000,75.000000,0.000000,5.000000,1.000000,1.000000,0.000000,0.000000,1.000000,0.000000,0.953281,0.272382,0.201238,20.233985,0.673361,0.448907,0.737500,0.057229,,6.000000,True,False,False,,,,1768,-,0.000000,
25.000000,10.000000,42.000000,0.000000,3.000000,0.000000,25.000000,0.000000,71.000000,0.000000,5.000000,1.000000,1.000000,0.000000,0.000000,1.000000,0.000000,0.920033,0.293023,0.231341,20.198949,0.647054,0.431369,0.700000,0.035036,,7.000000,True,False,False,,,,1769,-,0.000000,
22.000000,13.000000,42.000000,0.000000,3.000000,0.000000,22.000000,0.000000,77.000000,0.000000,5.000000,1.000000,1.000000,0.000000,0.000000,1.000000,0.000000,0.951117,0.239087,0.195811,20.174173,0.670536,0.447024,0.737500,0.024776,,6.000000,True,False,False,,,,1770,-,0.000000,
22.000000,11.000000,45.000000,0.000000,2.000000,0.000000,22.000000,0.000000,70.000000,0.000000,5.000000,1.000000,1.000000,0.000000,0.000000,1.000000,0.000000,0.869667,0.168328,0.189041,20.196613,0.697851,0.465234,0.737500,-0.022440,,7.000000,True,False,False,,,,1771,-,0.000000,
21.000000,12.000000,43.000000,0.000000,4.000000,0.000000,21.000000,0.000000,76.000000,0.000000,5.000000,1.000000,1.000000,0.000000,0.000000,1.000000,0.000000,0.840535,0.261215,0.254978,20.207368,0.679045,0.452697,0.737500,-0.010754,,6.000000,True,False,False,,,,1772,-,0.000000,
23.000000,8.000000,47.000000,0.000000,2.000000,0.000000,23.000000,0.000000,74.000000,0.000000,5.000000,1.000000,1.000000,0.000000,0.000000,1.000000,0.000000,0.791297,0.130867,0.213378,20.258144,0.719119,0.479413,0.750000,-0.050776,,5.000000,True,False,False,,,,1773,-,0.000000,
22.000000,9.000000,47.000000,0.000000,2.000000,0.000000,22.000000,0.000000,65.000000,0.000000,5.000000,1.000000,1.000000,0.000000,0.000000,1.000000,0.000000,0.720285,0.095183,0.274188,20.382177,0.687511,0.458341,0.725000,-0.124033,,6.000000,True,False,False,,,,1774,-,0.000000,
22.000000,8.000000,48.000000,0.000000,2.000000,0.000000,22.000000,0.000000,73.000000,0.000000,5.000000,1.000000,1.000000,0.000000,0.000000,1.000000,0.000000,0.738873,0.161240,0.292822,20.492976,0.664709,0.443139,0.725000,-0.110800,,7.000000,True,False,False,,,,1775,-,0.000000,
21.000000,5.000000,49.000000,0.000000,5.000000,0.000000,21.000000,0.000000,71.000000,0.000000,5.000000,1.000000,1.000000,0.000000,0.000000,1.000000,0.000000,0.818949,0.161719,0.225569,20.557686,0.695301,0.463534,0.737500,-0.064710,,4.000000,True,False,False,,,,1776,-,0.000000,
19.000000,6.000000,50.000000,0.000000,5.000000,0.000000,19.000000,0.000000,68.000000,0.000000,5.000000,1.000000,1.000000,0.000000,0.000000,1.000000,0.000000,0.859945,0.239054,0.262008,20.594885,0.703547,0.469031,0.762500,-0.037198,,5.000000,True,False,False,,,,1777,-,0.000000,
21.000000,5.000000,51.000000,0.000000,3.000000,0.000000,21.000000,0.000000,85.000000,0.000000,5.000000,1.000000,1.000000,0.000000,0.000000,1.000000,0.000000,0.928364,0.357898,0.260897,20.573920,0.698815,0.465876,0.762500,0.020964,,6.000000,True,False,False,,,,1778,-,0.000000,
22.000000,6.000000,51.000000,0.000000,1.000000,0.000000,22.000000,0.000000,76.000000,0.000000,5.000000,1.000000,1.000000,0.000000,0.000000,1.000000,0.000000,0.861614,0.136385,0.201244,20.605934,0.723146,0.482097,0.750000,-0.032013,,7.000000,True,False,False,,,,1779,-,0.000000,
22.000000,4.000000,52.000000,0.000000,2.000000,0.000000,22.000000,0.000000,77.000000,0.000000,5.000000,1.000000,1.000000,0.000000,0.000000,1.000000,0.000000,0.861632,0.196083,0.191438,20.635247,0.696051,0.464034,0.725000,-0.029313,,4.000000,True,False,False,,,,1780,-,0.000000,
21.000000,5.000000,53.000000,0.000000,1.000000,0.000000,21.000000,0.000000,72.000000,0.000000,5.000000,1.000000,1.000000,0.000000,0.000000,1.000000,0.000000,0.914119,0.145990,0.176476,20.620040,0.731490,0.487660,0.762500,0.015207,,5.000000,True,False,False,,,,1781,-,0.000000,
20.000000,6.000000,53.000000,0.000000,1.000000,0.000000,20.000000,0.000000,78.000000,0.000000,5.000000,1.000000,1.000000,0.000000,0.000000,1.000000,0.000000,0.839674,0.230922,0.212986,20.592663,0.721716,0.481144,0.762500,0.027377,,6.000000,True,False,False,,,,1782,-,0.000000,
18.000000,8.000000,53.000000,0.000000,1.000000,0.000000,18.000000,0.000000,72.000000,0.000000,5.000000,1.000000,1.000000,0.000000,0.000000,1.000000,0.000000,0.971761,0.151166,0.154825,20.540902,0.733609,0.489073,0.775000,0.051762,,7.000000,True,False,False,,,,1783,-,0.000000,
19.000000,7.000000,48.000000,0.000000,6.000000,0.000000,19.000000,0.000000,71.000000,0.000000,5.000000,1.000000,1.000000,0.000000,0.000000,1.000000,0.000000,0.958490,0.316407,0.226975,20.485279,0.714005,0.476003,0.775000,0.055622,,6.000000,True,False,False,,,,1784,-,0.000000,
19.000000,7.000000,48.000000,0.000000,6.000000,0.000000,19.000000,0.000000,75.000000,0.000000,5.000000,1.000000,1.000000,0.000000,0.000000,1.000000,0.000000,0.893499,0.339419,0.286254,20.414532,0.710336,0.473557,0.775000,0.070748,,6.000000,True,False,False,,,,1785,-,0.000000,
18.000000,8.000000,48.000000,0.000000,6.000000,0.000000,18.000000,0.000000,74.000000,0.000000,5.000000,1.000000,1.000000,0.000000,0.000000,1.000000,0.000000,0.820115,0.270559,0.243176,20.398637,0.734762,0.489841,0.787500,0.015895,,7.000000,True,False,False,,,,1786,-,0.000000,
20.000000,5.000000,49.000000,0.000000,6.000000,0.000000,20.000000,0.000000,77.000000,0.000000,5.000000,1.000000,1.000000,0.000000,0.000000,1.000000,0.000000,0.824215,0.178844,0.226149,20.412953,0.740784,0.493856,0.787500,-0.014316,,7.000000,True,False,False,,,,1787,-,0.000000,
21.000000,4.000000,49.000000,0.000000,6.000000,0.000000,21.000000,0.000000,76.000000,0.000000,5.000000,1.000000,1.000000,0.000000,0.000000,1.000000,0.000000,0.829747,0.269577,0.271245,20.485788,0.714159,0.476106,0.762500,-0.072835,,7.000000,True,False,False,,,,1788,-,0.000000,
20.000000,5.000000,48.000000,0.000000,7.000000,0.000000,20.000000,0.000000,77.000000,0.000000,5.000000,1.000000,1.000000,0.000000,0.000000,1.000000,0.000000,0.924287,0.219855,0.210145,20.465793,0.698188,0.465459,0.750000,0.019995,,7.000000,True,False,False,,,,1789,-,0.000000,
23.000000,5.000000,47.000000,0.000000,5.000000,0.000000,23.000000,0.000000,77.000000,0.000000,5.000000,1.000000,1.000000,0.000000,0.000000,1.000000,0.000000,0.905648,0.273304,0.226064,20.441558,0.724816,0.483210,0.775000,0.024235,,7.000000,True,False,False,,,,1790,-,0.000000,
24.000000,2.000000,47.000000,0.000000,7.000000,0.000000,24.000000,0.000000,78.000000,0.000000,5.000000,1.000000,1.000000,0.000000,0.000000,1.000000,0.000000,0.950506,0.328376,0.280405,20.412702,0.671067,0.447378,0.737500,0.028856,,6.000000,True,False,False,,,,1791,-,0.000000,
25.000000,2.000000,47.000000,0.000000,6.000000,0.000000,25.000000,0.000000,85.000000,0.000000,5.000000,1.000000,1.000000,0.000000,0.000000,1.000000,0.000000,0.924426,0.278780,0.238160,20.380400,0.670565,0.447043,0.725000,0.032302,,7.000000,True,False,False,,,,1792,-,0.000000,
27.000000,1.000000,47.000000,0.000000,5.000000,0.000000,27.000000,0.000000,85.000000,0.000000,5.000000,1.000000,1.000000,0.000000,0.000000,1.000000,0.000000,0.855480,0.308144,0.298626,20.378633,0.617434,0.411623,0.687500,0.001767,,6.000000,True,False,False,,,,1793,-,0.000000,
27.000000,3.000000,47.000000,0.000000,3.000000,0.000000,27.000000,0.000000,80.000000,0.000000,5.000000,1.000000,1.000000,0.000000,0.000000,1.000000,0.000000,0.839109,0.254106,0.253450,20.407350,0.624643,0.416429,0.687500,-0.028717,,7.000000,True,False,False,,,,1794,-,0.000000,
26.000000,5.000000,46.000000,0.000000,3.000000,0.000000,26.000000,0.000000,88.000000,0.000000,5.000000,1.000000,1.000000,0.000000,0.000000,1.000000,0.000000,0.927874,0.302754,0.295075,20.374615,0.611658,0.407772,0.700000,0.032736,,7.000000,True,False,False,,,,1795,-,0.000000,
26.000000,7.000000,42.000000,0.000000,5.000000,0.000000,26.000000,0.000000,84.000000,0.000000,5.000000,1.000000,1.000000,0.000000,0.000000,1.000000,0.000000,0.878605,0.225514,0.191449,20.383944,0.647338,0.431559,0.700000,-0.009329,,7.000000,True,False,False,,,,1796,-,0.000000,
23.000000,10.000000,41.000000,0.000000,6.000000,0.000000,23.000000,0.000000,75.000000,0.000000,5.000000,1.000000,1.000000,0.000000,0.000000,1.000000,0.000000,0.856586,0.182714,0.237749,20.409831,0.651909,0.434606,0.712500,-0.025887,,5.000000,True,False,False,,,,1797,-,0.000000,
20.000000,12.000000,42.000000,0.000000,6.000000,0.000000,20.000000,0.000000,75.000000,0.000000,5.000000,1.000000,1.000000,0.000000,0.000000,1.000000,0.000000,0.807055,0.182362,0.231789,20.462773,0.689856,0.459904,0.750000,-0.052943,,6.000000,True,False,False,,,,1798,-,0.000000,
21.000000,12.000000,42.000000,0.000000,5.000000,0.000000,21.000000,0.000000,76.000000,0.000000,5.000000,1.000000,1.000000,0.000000,0.000000,1.000000,0.000000,0.768854,0.126608,0.275191,20.555644,0.690419,0.460279,0.750000,-0.092870,,7.000000,True,False,False,,,,1799,-,0.000000,
22.000000,11.000000,40.000000,0.000000,7.000000,0.000000,22.000000,0.000000,78.000000,0.000000,5.000000,1.000000,1.000000,0.000000,0.000000,1.000000,0.000000,0.800716,0.234049,0.290973,20.604278,0.671937,0.447958,0.737500,-0.048635,,4.000000,True,False,False,,,,1800,-,0.000000,
21.000000,11.000000,42.000000,0.000000,6.000000,0.000000,21.000000,0.000000,75.000000,0.000000,5.000000,1.000000,1.000000,0.000000,0.000000,1.000000,0.000000,0.805794,0.131125,0.234409,20.661253,0.696047,0.464031,0.750000,-0.056975,,5.000000,True,False,False,,,,1801,-,0.000000,
23.000000,11.000000,42.000000,0.000000,4.000000,0.000000,23.000000,0.000000,74.000000,0.000000,5.000000,1.000000,1.000000,0.000000,0.000000,1.000000,0.000000,0.902649,0.332333,0.280686,20.611313,0.665207,0.443472,0.737500,0.049940,,6.000000,True,False,False,,,,1802,-,0.000000,
24.000000,12.000000,42.000000,0.000000,2.000000,0.000000,24.000000,0.000000,73.000000,0.000000,5.000000,1.000000,1.000000,0.000000,0.000000,1.000000,0.000000,0.860917,0.224900,0.248025,20.638093,0.672069,0.448046,0.725000,-0.026779,,7.000000,True,False,False,,,,1803,-,0.000000,
24.000000,10.000000,43.000000,0.000000,3.000000,0.000000,24.000000,0.000000,71.000000,0.000000,5.000000,1.000000,1.000000,0.000000,0.000000,1.000000,0.000000,0.846236,0.255107,0.266025,20.661406,0.668828,0.445885,0.725000,-0.023313,,5.000000,True,False,False,,,,1804,-,0.000000,
22.000000,11.000000,44.000000,0.000000,3.000000,0.000000,22.000000,0.000000,75.000000,0.000000,5.000000,1.000000,1.000000,0.000000,0.000000,1.000000,0.000000,0.931948,0.331474,0.248589,20.602694,0.649279,0.432853,0.725000,0.058711,,6.000000,True,False,False,,,,1805,-,0.000000,
20.000000,12.000000,45.000000,0.000000,3.000000,0.000000,20.000000,0.000000,77.000000,0.000000,5.000000,1.000000,1.000000,0.000000,0.000000,1.000000,0.000000,0.864194,0.190864,0.232929,20.592752,0.691013,0.460675,0.750000,0.009943,,7.000000,True,False,False,,,,1806,-,0.000000,
22.000000,8.000000,47.000000,0.000000,3.000000,0.000000,22.000000,0.000000,76.000000,0.000000,5.000000,1.000000,1.000000,0.000000,0.000000,1.000000,0.000000,0.772577,0.123326,0.244857,20.663692,0.697359,0.464906,0.750000,-0.070940,,5.000000,True,False,False,,,,1807,-,0.000000,
20.000000,8.000000,49.000000,0.000000,3.000000,0.000000,20.000000,0.000000,80.000000,0.000000,5.000000,1.000000,1.000000,0.000000,0.000000,1.000000,0.000000,0.777337,0.154429,0.266539,20.714166,0.687761,0.458507,0.750000,-0.050475,,6.000000,True,False,False,,,,1808,-,0.000000,
21.000000,7.000000,50.000000,0.000000,2.000000,0.000000,21.000000,0.000000,81.000000,0.000000,5.000000,1.000000,1.000000,0.000000,0.000000,1.000000,0.000000,0.760228,0.127660,0.253308,20.742615,0.698106,0.465404,0.750000,-0.028448,,7.000000,True,False,False,,,,1809,-,0.000000,
22.000000,7.000000,49.000000,0.000000,2.000000,0.000000,22.000000,0.000000,79.000000,0.000000,5.000000,1.000000,1.000000,0.000000,0.000000,1.000000,0.000000,0.797201,0.108650,0.243845,20.791574,0.689237,0.459491,0.737500,-0.048959,,7.000000,True,False,False,,,,1810,-,0.000000,
22.000000,7.000000,47.000000,0.000000,4.000000,0.000000,22.000000,0.000000,79.000000,0.000000,5.000000,1.000000,1.000000,0.000000,0.000000,1.000000,0.000000,0.745896,0.097518,0.264214,20.877873,0.681978,0.454652,0.725000,-0.086299,,5.000000,True,False,False,,,,1811,-,0.000000,
20.000000,6.000000,50.000000,0.000000,4.000000,0.000000,20.000000,0.000000,78.000000,0.000000,5.000000,1.000000,1.000000,0.000000,0.000000,1.000000,0.000000,0.835479,0.121083,0.210027,20.911325,0.704912,0.469941,0.750000,-0.033452,,6.000000,True,False,False,,,,1812,-,0.000000,
19.000000,7.000000,50.000000,0.000000,4.000000,0.000000,19.000000,0.000000,82.000000,0.000000,5.000000,1.000000,1.000000,0.000000,0.000000,1.000000,0.000000,0.744908,0.062353,0.269961,21.011998,0.709623,0.473082,0.762500,-0.100673,,7.000000,True,False,False,,,,1813,-,0.000000,
20.000000,6.000000,48.000000,0.000000,6.000000,0.000000,20.000000,0.000000,73.000000,0.000000,5.000000,1.000000,1.000000,0.000000,0.000000,1.000000,0.000000,0.871766,0.174765,0.234099,21.011850,0.712886,0.475257,0.762500,0.000148,,4.000000,True,False,False,,,,1814,-,0.000000,
21.000000,4.000000,50.000000,0.000000,5.000000,0.000000,21.000000,0.000000,77.000000,0.000000,5.000000,1.000000,1.000000,0.000000,0.000000,1.000000,0.000000,0.846039,0.196608,0.244810,21.010823,0.686356,0.457571,0.750000,0.001027,,5.000000,True,False,False,,,,1815,-,0.000000,
22.000000,4.000000,50.000000,0.000000,4.000000,0.000000,22.000000,0.000000,78.000000,0.000000,5.000000,1.000000,1.000000,0.000000,0.000000,1.000000,0.000000,0.893810,0.276895,0.277443,20.948851,0.678659,0.452439,0.737500,0.061972,,6.000000,True,False,False,,,,1816,-,0.000000,
22.000000,6.000000,50.000000,0.000000,2.000000,0.000000,22.000000,0.000000,81.000000,0.000000,5.000000,1.000000,1.000000,0.000000,0.000000,1.000000,0.000000,0.829595,0.149133,0.226592,20.972508,0.715587,0.477058,0.750000,-0.023657,,7.000000,True,False,False,,,,1817,-,0.000000,
21.000000,5.000000,51.000000,0.000000,3.000000,0.000000,21.000000,0.000000,75.000000,0.000000,5.000000,1.000000,1.000000,0.000000,0.000000,1.000000,0.000000,0.940756,0.230280,0.210334,20.951772,0.692796,0.461864,0.737500,0.020736,,7.000000,True,False,False,,,,1818,-,0.000000,
20.000000,6.000000,51.000000,0.000000,3.000000,0.000000,20.000000,0.000000,80.000000,0.000000,5.000000,1.000000,1.000000,0.000000,0.000000,1.000000,0.000000,0.933746,0.233942,0.199847,20.928505,0.711811,0.474541,0.762500,0.023267,,7.000000,True,False,False,,,,1819,-,0.000000,
19.000000,6.000000,51.000000,0.000000,4.000000,0.000000,19.000000,0.000000,75.000000,0.000000,5.000000,1.000000,1.000000,0.000000,0.000000,1.000000,0.000000,0.942659,0.248131,0.209837,20.919653,0.709358,0.472905,0.762500,0.008852,,7.000000,True,False,False,,,,1820,-,0.000000,
20.000000,5.000000,51.000000,0.000000,4.000000,0.000000,20.000000,0.000000,80.000000,0.000000,5.000000,1.000000,1.000000,0.000000,0.000000,1.000000,0.000000,0.909219,0.238422,0.231693,20.945833,0.711088,0.474058,0.762500,-0.026180,,7.000000,True,False,False,,,,1821,-,0.000000,
20.000000,4.000000,51.000000,0.000000,5.000000,0.000000,20.000000,0.000000,69.000000,0.000000,5.000000,1.000000,1.000000,0.000000,0.000000,1.000000,0.000000,0.828053,0.197960,0.232382,20.935697,0.712929,0.475286,0.750000,0.010136,,7.000000,True,False,False,,,,1822,-,0.000000,
19.000000,5.000000,51.000000,0.000000,5.000000,0.000000,19.000000,0.000000,78.000000,0.000000,5.000000,1.000000,1.000000,0.000000,0.000000,1.000000,0.000000,0.839547,0.235162,0.257483,21.020506,0.702262,0.468175,0.762500,-0.084810,,7.000000,True,False,False,,,,1823,-,0.000000,
19.000000,6.000000,49.000000,0.000000,6.000000,0.000000,19.000000,0.000000,80.000000,0.000000,5.000000,1.000000,1.000000,0.000000,0.000000,1.000000,0.000000,0.804813,0.158964,0.217403,21.049119,0.734993,0.489995,0.775000,-0.028612,,7.000000,True,False,False,,,,1824,-,0.000000,
20.000000,6.000000,47.000000,0.000000,7.000000,0.000000,20.000000,0.000000,77.000000,0.000000,5.000000,1.000000,1.000000,0.000000,0.000000,1.000000,0.000000,0.918404,0.269641,0.237587,21.052137,0.716111,0.477407,0.762500,-0.003018,,6.000000,True,False,False,,,,1825,-,0.000000,
22.000000,5.000000,48.000000,0.000000,5.000000,0.000000,22.000000,0.000000,75.000000,0.000000,5.000000,1.000000,1.000000,0.000000,0.000000,1.000000,0.000000,0.848305,0.122843,0.167703,21.109456,0.718539,0.479026,0.750000,-0.057319,,7.000000,True,False,False,,,,1826,-,0.000000,
23.000000,4.000000,46.000000,0.000000,7.000000,0.000000,23.000000,0.000000,75.000000,0.000000,5.000000,1.000000,1.000000,0.000000,0.000000,1.000000,0.000000,0.904102,0.290037,0.245285,21.063306,0.666604,0.444403,0.725000,0.046150,,7.000000,True,False,False,,,,1827,-,0.000000,
23.000000,4.000000,45.000000,0.000000,8.000000,0.000000,23.000000,0.000000,73.000000,0.000000,5.000000,1.000000,1.000000,0.000000,0.000000,1.000000,0.000000,0.979863,0.291715,0.233460,21.015506,0.659668,0.439778,0.725000,0.047800,,7.000000,True,False,False,,,,1828,-,0.000000,
22.000000,4.000000,45.000000,0.000000,9.000000,0.000000,22.000000,0.000000,73.000000,0.000000,5.000000,1.000000,1.000000,0.000000,0.000000,1.000000,0.000000,0.951812,0.320126,0.263359,20.996192,0.653508,0.435672,0.725000,0.019315,,5.000000,True,False,False,,,,1829,-,0.000000,
21.000000,7.000000,45.000000,0.000000,7.000000,0.000000,21.000000,0.000000,80.000000,0.000000,5.000000,1.000000,1.000000,0.000000,0.000000,1.000000,0.000000,0.942749,0.331177,0.246606,20.936221,0.686545,0.457697,0.762500,0.059970,,6.000000,True,False,False,,,,1830,-,0.000000,
24.000000,6.000000,47.000000,0.000000,3.000000,0.000000,24.000000,0.000000,76.000000,0.000000,5.000000,1.000000,1.000000,0.000000,0.000000,1.000000,0.000000,0.833190,0.208448,0.215756,21.008328,0.715334,0.476890,0.750000,-0.072107,,7.000000,True,False,False,,,,1831,-,0.000000,
24.000000,6.000000,42.000000,0.000000,8.000000,0.000000,24.000000,0.000000,72.000000,0.000000,5.000000,1.000000,1.000000,0.000000,0.000000,1.000000,0.000000,0.893301,0.253597,0.259381,21.047629,0.654533,0.436356,0.712500,-0.039301,,6.000000,True,False,False,,,,1832,-,0.000000,
22.000000,7.000000,44.000000,0.000000,7.000000,0.000000,22.000000,0.000000,69.000000,0.000000,5.000000,1.000000,1.000000,0.000000,0.000000,1.000000,0.000000,0.807343,0.188312,0.260653,21.115644,0.690245,0.460163,0.750000,-0.068015,,7.000000,True,False,False,,,,1833,-,0.000000,
22.000000,6.000000,44.000000,0.000000,8.000000,0.000000,22.000000,0.000000,77.000000,0.000000,5.000000,1.000000,1.000000,0.000000,0.000000,1.000000,0.000000,0.865871,0.223471,0.278382,21.177866,0.656283,0.437522,0.725000,-0.062223,,7.000000,True,False,False,,,,1834,-,0.000000,
23.000000,8.000000,43.000000,0.000000,6.000000,0.000000,23.000000,0.000000,74.000000,0.000000,5.000000,1.000000,1.000000,0.000000,0.000000,1.000000,0.000000,0.860263,0.149568,0.198587,21.202859,0.693007,0.462005,0.750000,-0.024993,,5.000000,True,False,False,,,,1835,-,0.000000,
22.000000,9.000000,43.000000,0.000000,6.000000,0.000000,22.000000,0.000000,79.000000,0.000000,5.000000,1.000000,1.000000,0.000000,0.000000,1.000000,0.000000,0.853617,0.192117,0.247071,21.220683,0.673095,0.448730,0.737500,-0.017824,,6.000000,True,False,False,,,,1836,-,0.000000,
21.000000,10.000000,44.000000,0.000000,5.000000,0.000000,21.000000,0.000000,72.000000,0.000000,5.000000,1.000000,1.000000,0.000000,0.000000,1.000000,0.000000,0.844033,0.027780,0.141752,21.236549,0.736651,0.491101,0.762500,-0.015865,,7.000000,True,False,False,,,,1837,-,0.000000,
20.000000,9.000000,45.000000,0.000000,6.000000,0.000000,20.000000,0.000000,73.000000,0.000000,5.000000,1.000000,1.000000,0.000000,0.000000,1.000000,0.000000,0.795200,0.076821,0.236566,21.311736,0.696473,0.464315,0.750000,-0.075187,,7.000000,True,False,False,,,,1838,-,0.000000,
24.000000,6.000000,46.000000,0.000000,4.000000,0.000000,24.000000,0.000000,70.000000,0.000000,5.000000,1.000000,1.000000,0.000000,0.000000,1.000000,0.000000,0.874345,0.134627,0.189156,21.331522,0.720998,0.480666,0.762500,-0.019786,,7.000000,True,False,False,,,,1839,-,0.000000,
24.000000,5.000000,46.000000,0.000000,5.000000,0.000000,24.000000,0.000000,75.000000,0.000000,5.000000,1.000000,1.000000,0.000000,0.000000,1.000000,0.000000,0.842968,0.223431,0.276524,21.362396,0.644069,0.429379,0.700000,-0.030874,,7.000000,True,False,False,,,,1840,-,0.000000,
24.000000,5.000000,46.000000,0.000000,5.000000,0.000000,24.000000,0.000000,71.000000,0.000000,5.000000,1.000000,1.000000,0.000000,0.000000,1.000000,0.000000,0.898171,0.212333,0.228434,21.360081,0.669560,0.446373,0.725000,0.002314,,7.000000,True,False,False,,,,1841,-,0.000000,
25.000000,6.000000,46.000000,0.000000,3.000000,0.000000,25.000000,0.000000,74.000000,0.000000,5.000000,1.000000,1.000000,0.000000,0.000000,1.000000,0.000000,0.874188,0.221076,0.256234,21.398769,0.667393,0.444928,0.725000,-0.038688,,5.000000,True,False,False,,,,1842,-,0.000000,
24.000000,7.000000,46.000000,0.000000,3.000000,0.000000,24.000000,0.000000,65.000000,0.000000,5.000000,1.000000,1.000000,0.000000,0.000000,1.000000,0.000000,0.911893,0.245398,0.240680,21.379629,0.664614,0.443076,0.712500,0.019140,,6.000000,True,False,False,,,,1843,-,0.000000,
21.000000,9.000000,47.000000,0.000000,3.000000,0.000000,21.000000,0.000000,79.000000,0.000000,5.000000,1.000000,1.000000,0.000000,0.000000,1.000000,0.000000,0.871881,0.244458,0.232370,21.416295,0.705809,0.470539,0.775000,-0.036666,,7.000000,True,False,False,,,,1844,-,0.000000,
22.000000,7.000000,49.000000,0.000000,2.000000,0.000000,22.000000,0.000000,72.000000,0.000000,5.000000,1.000000,1.000000,0.000000,0.000000,1.000000,0.000000,0.868049,0.207144,0.235082,21.410156,0.693799,0.462532,0.737500,0.006139,,7.000000,True,False,False,,,,1845,-,0.000000,
21.000000,7.000000,48.000000,0.000000,4.000000,0.000000,21.000000,0.000000,76.000000,0.000000,5.000000,1.000000,1.000000,0.000000,0.000000,1.000000,0.000000,0.910108,0.207205,0.215328,21.431755,0.696157,0.464105,0.750000,-0.021599,,7.000000,True,False,False,,,,1846,-,0.000000,
21.000000,7.000000,48.000000,0.000000,4.000000,0.000000,21.000000,0.000000,67.000000,0.000000,5.000000,1.000000,1.000000,0.000000,0.000000,1.000000,0.000000,0.904731,0.218761,0.223457,21.365931,0.694521,0.463014,0.750000,0.065824,,6.000000,True,False,False,,,,1847,-,0.000000,
22.000000,7.000000,48.000000,0.000000,3.000000,0.000000,22.000000,0.000000,77.000000,0.000000,5.000000,1.000000,1.000000,0.000000,0.000000,1.000000,0.000000,0.868734,0.188693,0.224408,21.371831,0.698901,0.465934,0.750000,-0.005900,,7.000000,True,False,False,,,,1848,-,0.000000,
22.000000,7.000000,49.000000,0.000000,2.000000,0.000000,22.000000,0.000000,72.000000,0.000000,5.000000,1.000000,1.000000,0.000000,0.000000,1.000000,0.000000,0.873050,0.186671,0.219095,21.392925,0.697575,0.465050,0.737500,-0.021095,,6.000000,True,False,False,,,,1849,-,0.000000,
22.000000,6.000000,50.000000,0.000000,2.000000,0.000000,22.000000,0.000000,71.000000,0.000000,5.000000,1.000000,1.000000,0.000000,0.000000,1.000000,0.000000,0.888802,0.102479,0.187624,21.434031,0.678543,0.452362,0.725000,-0.041106,,7.000000,True,False,False,,,,1850,-,0.000000,
20.000000,6.000000,50.000000,0.000000,4.000000,0.000000,20.000000,0.000000,70.000000,0.000000,5.000000,1.000000,1.000000,0.000000,0.000000,1.000000,0.000000,0.803031,0.147136,0.247978,21.505003,0.705115,0.470077,0.762500,-0.070972,,7.000000,True,False,False,,,,1851,-,0.000000,
21.000000,6.000000,49.000000,0.000000,4.000000,0.000000,21.000000,0.000000,75.000000,0.000000,5.000000,1.000000,1.000000,0.000000,0.000000,1.000000,0.000000,0.837160,0.173834,0.249376,21.570911,0.702543,0.468362,0.762500,-0.065908,,7.000000,True,False,False,,,,1852,-,0.000000,
20.000000,6.000000,49.000000,0.000000,5.000000,0.000000,20.000000,0.000000,75.000000,0.000000,5.000000,1.000000,1.000000,0.000000,0.000000,1.000000,0.000000,0.868074,0.045390,0.172102,21.623627,0.714002,0.476002,0.750000,-0.052715,,7.000000,True,False,False,,,,1853,-,0.000000,
20.000000,6.000000,47.000000,0.000000,7.000000,0.000000,20.000000,0.000000,75.000000,0.000000,5.000000,1.000000,1.000000,0.000000,0.000000,1.000000,0.000000,0.848604,0.087651,0.216054,21.667367,0.711093,0.474062,0.762500,-0.043740,,7.000000,True,False,False,,,,1854,-,0.000000,
20.000000,4.000000,49.000000,0.000000,7.000000,0.000000,20.000000,0.000000,71.000000,0.000000,5.000000,1.000000,1.000000,0.000000,0.000000,1.000000,0.000000,0.989553,0.236118,0.220272,21.572050,0.697800,0.465200,0.750000,0.095317,,6.000000,True,False,False,,,,1855,-,0.000000,
20.000000,5.000000,49.000000,0.000000,6.000000,0.000000,20.000000,0.000000,67.000000,0.000000,5.000000,1.000000,1.000000,0.000000,0.000000,1.000000,0.000000,0.827876,0.162170,0.232136,21.641398,0.703364,0.468909,0.762500,-0.069348,,7.000000,True,False,False,,,,1856,-,0.000000,
23.000000,5.000000,48.000000,0.000000,4.000000,0.000000,23.000000,0.000000,73.000000,0.000000,5.000000,1.000000,1.000000,0.000000,0.000000,1.000000,0.000000,0.920916,0.239921,0.245959,21.644409,0.689289,0.459526,0.750000,-0.003011,,7.000000,True,False,False,,,,1857,-,0.000000,
25.000000,4.000000,49.000000,0.000000,2.000000,0.000000,25.000000,0.000000,73.000000,0.000000,5.000000,1.000000,1.000000,0.000000,0.000000,1.000000,0.000000,0.889257,0.237314,0.249667,21.596273,0.671796,0.447864,0.725000,0.048136,,7.000000,True,False,False,,,,1858,-,0.000000,
22.000000,7.000000,46.000000,0.000000,5.000000,0.000000,22.000000,0.000000,72.000000,0.000000,5.000000,1.000000,1.000000,0.000000,0.000000,1.000000,0.000000,0.943102,0.345146,0.254634,21.582509,0.651636,0.434424,0.725000,0.013764,,6.000000,True,False,False,,,,1859,-,0.000000,
20.000000,9.000000,46.000000,0.000000,5.000000,0.000000,20.000000,0.000000,77.000000,0.000000,5.000000,1.000000,1.000000,0.000000,0.000000,1.000000,0.000000,0.931192,0.307640,0.228205,21.546671,0.676973,0.451315,0.750000,0.035838,,7.000000,True,False,False,,,,1860,-,0.000000,
19.000000,10.000000,43.000000,0.000000,8.000000,0.000000,19.000000,0.000000,69.000000,0.000000,5.000000,1.000000,1.000000,0.000000,0.000000,1.000000,0.000000,0.959643,0.174626,0.144572,21.539674,0.702008,0.468005,0.762500,0.006998,,4.000000,True,False,False,,,,1861,-,0.000000,
22.000000,7.000000,46.000000,0.000000,5.000000,0.000000,22.000000,0.000000,70.000000,0.000000,5.000000,1.000000,1.000000,0.000000,0.000000,1.000000,0.000000,0.838625,0.308630,0.248734,21.488721,0.714985,0.476657,0.775000,0.050953,,5.000000,True,False,False,,,,1862,-,0.000000,
22.000000,7.000000,47.000000,0.000000,4.000000,0.000000,22.000000,0.000000,73.000000,0.000000,5.000000,1.000000,1.000000,0.000000,0.000000,1.000000,0.000000,0.906008,0.197714,0.190394,21.563421,0.698666,0.465777,0.750000,-0.074700,,6.000000,True,False,False,,,,1863,-,0.000000,
21.000000,7.000000,49.000000,0.000000,3.000000,0.000000,21.000000,0.000000,67.000000,0.000000,5.000000,1.000000,1.000000,0.000000,0.000000,1.000000,0.000000,0.733405,-0.002073,0.254333,21.773609,0.735553,0.490369,0.775000,-0.210188,,7.000000,True,False,False,,,,1864,-,0.000000,
21.000000,8.000000,47.000000,0.000000,4.000000,0.000000,21.000000,0.000000,68.000000,0.000000,5.000000,1.000000,1.000000,0.000000,0.000000,1.000000,0.000000,0.696068,0.067113,0.298842,22.005213,0.724204,0.482803,0.775000,-0.231604,,7.000000,True,False,False,,,,1865,-,0.000000,
21.000000,10.000000,47.000000,0.000000,2.000000,0.000000,21.000000,0.000000,71.000000,0.000000,5.000000,1.000000,1.000000,0.000000,0.000000,1.000000,0.000000,0.841633,0.132474,0.255133,22.104987,0.720219,0.480146,0.775000,-0.099773,,6.000000,True,False,False,,,,1866,-,0.000000,
21.000000,6.000000,51.000000,0.000000,2.000000,0.000000,21.000000,0.000000,68.000000,0.000000,5.000000,1.000000,1.000000,0.000000,0.000000,1.000000,0.000000,0.779479,0.046413,0.265822,22.241826,0.692644,0.461763,0.737500,-0.136840,,7.000000,True,False,False,,,,1867,-,0.000000,
22.000000,6.000000,50.000000,0.000000,2.000000,0.000000,22.000000,0.000000,68.000000,0.000000,5.000000,1.000000,1.000000,0.000000,0.000000,1.000000,0.000000,0.811646,0.107120,0.213504,22.327312,0.674279,0.449519,0.737500,-0.085485,,7.000000,True,False,False,,,,1868,-,0.000000,
20.000000,6.000000,51.000000,0.000000,3.000000,0.000000,20.000000,0.000000,75.000000,0.000000,5.000000,1.000000,1.000000,0.000000,0.000000,1.000000,0.000000,0.827477,0.153089,0.260693,22.417787,0.674794,0.449863,0.750000,-0.090476,,7.000000,True,False,False,,,,1869,-,0.000000,
18.000000,6.000000,52.000000,0.000000,4.000000,0.000000,18.000000,0.000000,66.000000,0.000000,5.000000,1.000000,1.000000,0.000000,0.000000,1.000000,0.000000,0.834982,0.042966,0.182153,22.535940,0.730353,0.486902,0.787500,-0.118152,,7.000000,True,False,False,,,,1870,-,0.000000,
17.000000,7.000000,51.000000,0.000000,5.000000,0.000000,17.000000,0.000000,64.000000,0.000000,5.000000,1.000000,1.000000,0.000000,0.000000,1.000000,0.000000,0.910944,0.190357,0.226724,22.578112,0.728818,0.485879,0.800000,-0.042172,,5.000000,True,False,False,,,,1871,-,0.000000,
17.000000,6.000000,52.000000,0.000000,5.000000,0.000000,17.000000,0.000000,73.000000,0.000000,5.000000,1.000000,1.000000,0.000000,0.000000,1.000000,0.000000,0.926997,0.191011,0.217799,22.586439,0.732196,0.488131,0.800000,-0.008327,,6.000000,True,False,False,,,,1872,-,0.000000,
18.000000,6.000000,52.000000,0.000000,4.000000,0.000000,18.000000,0.000000,72.000000,0.000000,5.000000,1.000000,1.000000,0.000000,0.000000,1.000000,0.000000,0.859751,0.055848,0.199183,22.680114,0.764270,0.509513,0.800000,-0.093674,,7.000000,True,False,False,,,,1873,-,0.000000,
20.000000,4.000000,54.000000,0.000000,2.000000,0.000000,20.000000,0.000000,69.000000,0.000000,5.000000,1.000000,1.000000,0.000000,0.000000,1.000000,0.000000,0.843483,0.101773,0.225875,22.757040,0.726323,0.484215,0.775000,-0.076926,,7.000000,True,False,False,,,,1874,-,0.000000,
19.000000,3.000000,53.000000,0.000000,5.000000,0.000000,19.000000,0.000000,72.000000,0.000000,5.000000,1.000000,1.000000,0.000000,0.000000,1.000000,0.000000,0.900350,0.146656,0.204255,22.804434,0.713004,0.475336,0.762500,-0.047394,,5.000000,True,False,False,,,,1875,-,0.000000,
20.000000,2.000000,54.000000,0.000000,4.000000,0.000000,20.000000,0.000000,67.000000,0.000000,5.000000,1.000000,1.000000,0.000000,0.000000,1.000000,0.000000,0.915324,0.201378,0.237173,22.852584,0.702232,0.468154,0.762500,-0.048150,,6.000000,True,False,False,,,,1876,-,0.000000,
17.000000,5.000000,54.000000,0.000000,4.000000,0.000000,17.000000,0.000000,72.000000,0.000000,5.000000,1.000000,1.000000,0.000000,0.000000,1.000000,0.000000,0.923636,0.244797,0.243512,22.852121,0.729489,0.486326,0.800000,0.000463,,7.000000,True,False,False,,,,1877,-,0.000000,
17.000000,7.000000,52.000000,0.000000,4.000000,0.000000,17.000000,0.000000,65.000000,0.000000,5.000000,1.000000,1.000000,0.000000,0.000000,1.000000,0.000000,0.932370,0.070824,0.153969,22.877622,0.770776,0.513851,0.812500,-0.025501,,4.000000,True,False,False,,,,1878,-,0.000000,
17.000000,8.000000,52.000000,0.000000,3.000000,0.000000,17.000000,0.000000,70.000000,0.000000,5.000000,1.000000,1.000000,0.000000,0.000000,1.000000,0.000000,0.866773,0.127556,0.211816,22.856709,0.773542,0.515695,0.812500,0.020913,,5.000000,True,False,False,,,,1879,-,0.000000,
17.000000,8.000000,52.000000,0.000000,3.000000,0.000000,17.000000,0.000000,63.000000,0.000000,5.000000,1.000000,1.000000,0.000000,0.000000,1.000000,0.000000,0.903098,0.164772,0.199205,22.878572,0.738953,0.492635,0.787500,-0.021863,,6.000000,True,False,False,,,,1880,-,0.000000,
15.000000,9.000000,53.000000,0.000000,3.000000,0.000000,15.000000,0.000000,77.000000,0.000000,5.000000,1.000000,1.000000,0.000000,0.000000,1.000000,0.000000,0.911621,0.110822,0.187043,22.898988,0.773872,0.515914,0.825000,-0.020416,,7.000000,True,False,False,,,,1881,-,0.000000,
17.000000,7.000000,52.000000,0.000000,4.000000,0.000000,17.000000,0.000000,65.000000,0.000000,5.000000,1.000000,1.000000,0.000000,0.000000,1.000000,0.000000,0.897440,0.211986,0.194749,22.915903,0.765168,0.510112,0.812500,-0.016915,,7.000000,True,False,False,,,,1882,-,0.000000,
16.000000,8.000000,51.000000,0.000000,5.000000,0.000000,16.000000,0.000000,68.000000,0.000000,5.000000,1.000000,1.000000,0.000000,0.000000,1.000000,0.000000,0.910315,0.192981,0.203813,22.919195,0.746406,0.497604,0.800000,-0.003292,,6.000000,True,False,False,,,,1883,-,0.000000,
16.000000,9.000000,51.000000,0.000000,4.000000,0.000000,16.000000,0.000000,73.000000,0.000000,5.000000,1.000000,1.000000,0.000000,0.000000,1.000000,0.000000,0.933665,0.196042,0.173767,22.927904,0.761841,0.507894,0.812500,-0.008708,,7.000000,True,False,False,,,,1884,-,0.000000,
16.000000,7.000000,48.000000,0.000000,9.000000,0.000000,16.000000,0.000000,62.000000,0.000000,5.000000,1.000000,1.000000,0.000000,0.000000,1.000000,0.000000,0.940873,0.131475,0.152373,22.934570,0.756932,0.504621,0.812500,-0.006667,,7.000000,True,False,False,,,,1885,-,0.000000,
17.000000,6.000000,44.000000,0.000000,13.000000,0.000000,17.000000,0.000000,64.000000,0.000000,5.000000,1.000000,1.000000,0.000000,0.000000,1.000000,0.000000,0.917615,0.293008,0.273630,22.998681,0.716074,0.477383,0.800000,-0.064110,,7.000000,True,False,False,,,,1886,-,0.000000,
15.000000,9.000000,41.000000,0.000000,15.000000,0.000000,15.000000,0.000000,67.000000,0.000000,5.000000,1.000000,1.000000,0.000000,0.000000,1.000000,0.000000,0.904042,0.196202,0.254906,23.043344,0.752853,0.501902,0.825000,-0.044663,,6.000000,True,False,False,,,,1887,-,0.000000,
17.000000,8.000000,42.000000,0.000000,13.000000,0.000000,17.000000,0.000000,65.000000,0.000000,5.000000,1.000000,1.000000,0.000000,0.000000,1.000000,0.000000,0.900813,0.212282,0.261258,23.098717,0.740829,0.493886,0.812500,-0.055373,,7.000000,True,False,False,,,,1888,-,0.000000,
17.000000,7.000000,42.000000,0.000000,14.000000,0.000000,17.000000,0.000000,73.000000,0.000000,5.000000,1.000000,1.000000,0.000000,0.000000,1.000000,0.000000,0.864968,0.194313,0.268654,23.147151,0.733836,0.489224,0.800000,-0.048434,,7.000000,True,False,False,,,,1889,-,0.000000,
21.000000,3.000000,45.000000,0.000000,11.000000,0.000000,21.000000,0.000000,78.000000,0.000000,5.000000,1.000000,1.000000,0.000000,0.000000,1.000000,0.000000,0.891495,0.171226,0.247196,23.222258,0.715830,0.477220,0.787500,-0.075107,,7.000000,True,False,False,,,,1890,-,0.000000,
21.000000,4.000000,45.000000,0.000000,10.000000,0.000000,21.000000,0.000000,80.000000,0.000000,5.000000,1.000000,1.000000,0.000000,0.000000,1.000000,0.000000,0.899579,0.159097,0.259080,23.253665,0.703913,0.469276,0.762500,-0.031406,,5.000000,True,False,False,,,,1891,-,0.000000,
22.000000,4.000000,46.000000,0.000000,8.000000,0.000000,22.000000,0.000000,76.000000,0.000000,5.000000,1.000000,1.000000,0.000000,0.000000,1.000000,0.000000,0.856899,0.032408,0.216657,23.334288,0.704064,0.469376,0.762500,-0.080623,,6.000000,True,False,False,,,,1892,-,0.000000,
25.000000,4.000000,47.000000,0.000000,4.000000,0.000000,25.000000,0.000000,79.000000,0.000000,5.000000,1.000000,1.000000,0.000000,0.000000,1.000000,0.000000,0.849508,0.208643,0.248004,23.321690,0.694422,0.462948,0.750000,0.012597,,7.000000,True,False,False,,,,1893,-,0.000000,
26.000000,5.000000,46.000000,0.000000,3.000000,0.000000,26.000000,0.000000,82.000000,0.000000,5.000000,1.000000,1.000000,0.000000,0.000000,1.000000,0.000000,0.901459,0.144833,0.159059,23.387524,0.657943,0.438629,0.712500,-0.065834,,7.000000,True,False,False,,,,1894,-,0.000000,
26.000000,6.000000,43.000000,0.000000,5.000000,0.000000,26.000000,0.000000,71.000000,0.000000,5.000000,1.000000,1.000000,0.000000,0.000000,1.000000,0.000000,0.955638,0.170704,0.175088,23.353120,0.652742,0.435161,0.687500,0.034404,,7.000000,True,False,False,,,,1895,-,0.000000,
24.000000,8.000000,42.000000,0.000000,6.000000,0.000000,24.000000,0.000000,75.000000,0.000000,5.000000,1.000000,1.000000,0.000000,0.000000,1.000000,0.000000,0.915917,0.266523,0.219087,23.354616,0.634998,0.423332,0.700000,-0.001497,,7.000000,True,False,False,,,,1896,-,0.000000,
23.000000,9.000000,43.000000,0.000000,5.000000,0.000000,23.000000,0.000000,68.000000,0.000000,5.000000,1.000000,1.000000,0.000000,0.000000,1.000000,0.000000,0.914321,0.127770,0.151674,23.351972,0.697545,0.465030,0.737500,0.002644,,4.000000,True,False,False,,,,1897,-,0.000000,
22.000000,11.000000,43.000000,0.000000,4.000000,0.000000,22.000000,0.000000,66.000000,0.000000,5.000000,1.000000,1.000000,0.000000,0.000000,1.000000,0.000000,0.836469,0.163295,0.219605,23.441953,0.681602,0.454401,0.737500,-0.089981,,5.000000,True,False,False,,,,1898,-,0.000000,
21.000000,13.000000,43.000000,0.000000,3.000000,0.000000,21.000000,0.000000,71.000000,0.000000,5.000000,1.000000,1.000000,0.000000,0.000000,1.000000,0.000000,0.887840,0.202145,0.203754,23.474380,0.685826,0.457217,0.750000,-0.032427,,6.000000,True,False,False,,,,1899,-,0.000000,
21.000000,10.000000,46.000000,0.000000,3.000000,0.000000,21.000000,0.000000,69.000000,0.000000,5.000000,1.000000,1.000000,0.000000,0.000000,1.000000,0.000000,0.969118,0.218081,0.210532,23.458199,0.687940,0.458627,0.737500,0.016181,,7.000000,True,False,False,,,,1900,-,0.000000,
20.000000,11.000000,46.000000,0.000000,3.000000,0.000000,20.000000,0.000000,65.000000,0.000000,5.000000,1.000000,1.000000,0.000000,0.000000,1.000000,0.000000,0.932284,0.148211,0.148829,23.460583,0.704005,0.469337,0.762500,-0.002385,,7.000000,True,False,False,,,,1901,-,0.000000,
22.000000,9.000000,43.000000,0.000000,6.000000,0.000000,22.000000,0.000000,62.000000,0.000000,5.000000,1.000000,1.000000,0.000000,0.000000,1.000000,0.000000,0.923418,0.205922,0.225364,23.446724,0.717005,0.478003,0.775000,0.013859,,7.000000,True,False,False,,,,1902,-,0.000000,
22.000000,8.000000,43.000000,0.000000,7.000000,0.000000,22.000000,0.000000,64.000000,0.000000,5.000000,1.000000,1.000000,0.000000,0.000000,1.000000,0.000000,0.918243,0.188508,0.207342,23.495383,0.668851,0.445901,0.737500,-0.048658,,6.000000,True,False,False,,,,1903,-,0.000000,
22.000000,8.000000,44.000000,0.000000,6.000000,0.000000,22.000000,0.000000,66.000000,0.000000,5.000000,1.000000,1.000000,0.000000,0.000000,1.000000,0.000000,0.903146,0.239619,0.258486,23.536397,0.660759,0.440506,0.750000,-0.041014,,7.000000,True,False,False,,,,1904,-,0.000000,
21.000000,8.000000,42.000000,0.000000,9.000000,0.000000,21.000000,0.000000,70.000000,0.000000,5.000000,1.000000,1.000000,0.000000,0.000000,1.000000,0.000000,0.916555,0.258775,0.264879,23.557406,0.670627,0.447085,0.750000,-0.021009,,7.000000,True,False,False,,,,1905,-,0.000000,
22.000000,6.000000,46.000000,0.000000,6.000000,0.000000,22.000000,0.000000,67.000000,0.000000,5.000000,1.000000,1.000000,0.000000,0.000000,1.000000,0.000000,0.842218,0.260794,0.249147,23.635214,0.682798,0.455199,0.762500,-0.077809,,6.000000,True,False,False,,,,1906,-,0.000000,
24.000000,6.000000,46.000000,0.000000,4.000000,0.000000,24.000000,0.000000,71.000000,0.000000,5.000000,1.000000,1.000000,0.000000,0.000000,1.000000,0.000000,0.860507,0.198126,0.241070,23.732517,0.670605,0.447070,0.737500,-0.097302,,7.000000,True,False,False,,,,1907,-,0.000000,
23.000000,6.000000,46.000000,0.000000,5.000000,0.000000,23.000000,0.000000,69.000000,0.000000,5.000000,1.000000,1.000000,0.000000,0.000000,1.000000,0.000000,0.797095,0.149888,0.278601,23.871164,0.680093,0.453395,0.750000,-0.138647,,7.000000,True,False,False,,,,1908,-,0.000000,
21.000000,9.000000,45.000000,0.000000,5.000000,0.000000,21.000000,0.000000,71.000000,0.000000,5.000000,1.000000,1.000000,0.000000,0.000000,1.000000,0.000000,0.822213,0.201723,0.277440,23.974332,0.676624,0.451083,0.762500,-0.103168,,7.000000,True,False,False,,,,1909,-,0.000000,
23.000000,8.000000,43.000000,0.000000,6.000000,0.000000,23.000000,0.000000,70.000000,0.000000,5.000000,1.000000,1.000000,0.000000,0.000000,1.000000,0.000000,0.901047,0.156135,0.218323,24.015772,0.673343,0.448895,0.737500,-0.041440,,7.000000,True,False,False,,,,1910,-,0.000000,
22.000000,8.000000,43.000000,0.000000,7.000000,0.000000,22.000000,0.000000,81.000000,0.000000,5.000000,1.000000,1.000000,0.000000,0.000000,1.000000,0.000000,0.947540,0.335041,0.256967,23.915964,0.670755,0.447170,0.750000,0.099808,,6.000000,True,False,False,,,,1911,-,0.000000,
21.000000,9.000000,45.000000,0.000000,5.000000,0.000000,21.000000,0.000000,81.000000,0.000000,5.000000,1.000000,1.000000,0.000000,0.000000,1.000000,0.000000,0.956422,0.202651,0.199261,23.926496,0.699293,0.466195,0.775000,-0.010533,,7.000000,True,False,False,,,,1912,-,0.000000,
22.000000,9.000000,44.000000,0.000000,5.000000,0.000000,22.000000,0.000000,81.000000,0.000000,5.000000,1.000000,1.000000,0.000000,0.000000,1.000000,0.000000,0.879192,0.172392,0.187188,23.863856,0.710114,0.473409,0.750000,0.062640,,7.000000,True,False,False,,,,1913,-,0.000000,
22.000000,7.000000,45.000000,0.000000,6.000000,0.000000,22.000000,0.000000,81.000000,0.000000,5.000000,1.000000,1.000000,0.000000,0.000000,1.000000,0.000000,0.856088,0.203205,0.227057,23.842600,0.662955,0.441970,0.725000,0.021257,,5.000000,True,False,False,,,,1914,-,0.000000,
20.000000,7.000000,48.000000,0.000000,5.000000,0.000000,20.000000,0.000000,71.000000,0.000000,5.000000,1.000000,1.000000,0.000000,0.000000,1.000000,0.000000,0.798764,0.224672,0.218786,23.749778,0.704267,0.469512,0.762500,0.092822,,6.000000,True,False,False,,,,1915,-,0.000000,
22.000000,7.000000,48.000000,0.000000,3.000000,0.000000,22.000000,0.000000,83.000000,0.000000,5.000000,1.000000,1.000000,0.000000,0.000000,1.000000,0.000000,0.907638,0.326365,0.244592,23.695607,0.680363,0.453576,0.762500,0.054170,,7.000000,True,False,False,,,,1916,-,0.000000,
24.000000,6.000000,48.000000,0.000000,2.000000,0.000000,24.000000,0.000000,70.000000,0.000000,5.000000,1.000000,1.000000,0.000000,0.000000,1.000000,0.000000,0.898067,0.181949,0.156091,23.590324,0.688856,0.459237,0.725000,0.105283,,7.000000,True,False,False,,,,1917,-,0.000000,
23.000000,5.000000,47.000000,0.000000,5.000000,0.000000,23.000000,0.000000,72.000000,0.000000,5.000000,1.000000,1.000000,0.000000,0.000000,1.000000,0.000000,0.908733,0.178501,0.218056,23.593733,0.685911,0.457274,0.737500,-0.003409,,7.000000,True,False,False,,,,1918,-,0.000000,
23.000000,4.000000,47.000000,0.000000,6.000000,0.000000,23.000000,0.000000,78.000000,0.000000,5.000000,1.000000,1.000000,0.000000,0.000000,1.000000,0.000000,0.935929,0.285649,0.223411,23.649747,0.627759,0.418506,0.712500,-0.056014,,7.000000,True,False,False,,,,1919,-,0.000000,
21.000000,6.000000,42.000000,0.000000,11.000000,0.000000,21.000000,0.000000,69.000000,0.000000,5.000000,1.000000,1.000000,0.000000,0.000000,1.000000,0.000000,0.981747,0.231875,0.222461,23.611424,0.682982,0.455321,0.750000,0.038323,,6.000000,True,False,False,,,,1920,-,0.000000,
23.000000,7.000000,42.000000,0.000000,8.000000,0.000000,23.000000,0.000000,76.000000,0.000000,5.000000,1.000000,1.000000,0.000000,0.000000,1.000000,0.000000,0.921927,0.329613,0.302295,23.690085,0.662745,0.441830,0.762500,-0.078661,,7.000000,True,False,False,,,,1921,-,0.000000,
21.000000,11.000000,40.000000,0.000000,8.000000,0.000000,21.000000,0.000000,79.000000,0.000000,5.000000,1.000000,1.000000,0.000000,0.000000,1.000000,0.000000,0.776541,0.155723,0.282159,23.846683,0.697667,0.465112,0.775000,-0.156598,,7.000000,True,False,False,,,,1922,-,0.000000,
22.000000,11.000000,40.000000,0.000000,7.000000,0.000000,22.000000,0.000000,77.000000,0.000000,5.000000,1.000000,1.000000,0.000000,0.000000,1.000000,0.000000,0.761823,0.099646,0.261338,23.983129,0.693805,0.462537,0.762500,-0.136446,,7.000000,True,False,False,,,,1923,-,0.000000,
21.000000,10.000000,41.000000,0.000000,8.000000,0.000000,21.000000,0.000000,72.000000,0.000000,5.000000,1.000000,1.000000,0.000000,0.000000,1.000000,0.000000,0.749482,0.055467,0.302284,24.115818,0.678168,0.452112,0.737500,-0.132689,,7.000000,True,False,False,,,,1924,-,0.000000,
21.000000,8.000000,43.000000,0.000000,8.000000,0.000000,21.000000,0.000000,75.000000,0.000000,5.000000,1.000000,1.000000,0.000000,0.000000,1.000000,0.000000,0.811103,0.148069,0.227547,24.199522,0.681764,0.454509,0.762500,-0.083704,,7.000000,True,False,False,,,,1925,-,0.000000,
22.000000,11.000000,43.000000,0.000000,4.000000,0.000000,22.000000,0.000000,69.000000,0.000000,5.000000,1.000000,1.000000,0.000000,0.000000,1.000000,0.000000,0.828169,0.076502,0.158530,24.275090,0.748773,0.499182,0.800000,-0.075568,,7.000000,True,False,False,,,,1926,-,0.000000,
21.000000,12.000000,43.000000,0.000000,4.000000,0.000000,21.000000,0.000000,76.000000,0.000000,5.000000,1.000000,1.000000,0.000000,0.000000,1.000000,0.000000,0.946967,0.134797,0.130754,24.157687,0.701176,0.467451,0.762500,0.117403,,5.000000,True,False,False,,,,1927,-,0.000000,
20.000000,11.000000,45.000000,0.000000,4.000000,0.000000,20.000000,0.000000,74.000000,0.000000,5.000000,1.000000,1.000000,0.000000,0.000000,1.000000,0.000000,0.941604,0.180142,0.158350,24.025703,0.699401,0.466267,0.750000,0.131984,,6.000000,True,False,False,,,,1928,-,0.000000,
20.000000,9.000000,48.000000,0.000000,3.000000,0.000000,20.000000,0.000000,73.000000,0.000000,5.000000,1.000000,1.000000,0.000000,0.000000,1.000000,0.000000,0.981200,0.175413,0.157197,23.955413,0.697650,0.465100,0.762500,0.070290,,7.000000,True,False,False,,,,1929,-,0.000000,
20.000000,6.000000,49.000000,0.000000,5.000000,0.000000,20.000000,0.000000,73.000000,0.000000,5.000000,1.000000,1.000000,0.000000,0.000000,1.000000,0.000000,0.982870,0.166513,0.166890,23.900602,0.689868,0.459912,0.750000,0.054812,,7.000000,True,False,False,,,,1930,-,0.000000,
21.000000,5.000000,49.000000,0.000000,5.000000,0.000000,21.000000,0.000000,73.000000,0.000000,5.000000,1.000000,1.000000,0.000000,0.000000,1.000000,0.000000,0.965001,0.300732,0.225980,23.791465,0.676222,0.450814,0.750000,0.109137,,7.000000,True,False,False,,,,1931,-,0.000000,
20.000000,5.000000,48.000000,0.000000,7.000000,0.000000,20.000000,0.000000,75.000000,0.000000,5.000000,1.000000,1.000000,0.000000,0.000000,1.000000,0.000000,0.943839,0.291288,0.238475,23.702638,0.679211,0.452807,0.750000,0.088827,,7.000000,True,False,False,,,,1932,-,0.000000,
21.000000,6.000000,45.000000,0.000000,8.000000,0.000000,21.000000,0.000000,76.000000,0.000000,5.000000,1.000000,1.000000,0.000000,0.000000,1.000000,0.000000,0.974082,0.359676,0.280054,23.621846,0.680952,0.453968,0.762500,0.080792,,7.000000,True,False,False,,,,1933,-,0.000000,
23.000000,6.000000,43.000000,0.000000,8.000000,0.000000,23.000000,0.000000,79.000000,0.000000,5.000000,1.000000,1.000000,0.000000,0.000000,1.000000,0.000000,0.930613,0.292947,0.278689,23.643169,0.664363,0.442909,0.737500,-0.021323,,7.000000,True,False,False,,,,1934,-,0.000000,
22.000000,7.000000,41.000000,0.000000,10.000000,0.000000,22.000000,0.000000,79.000000,0.000000,5.000000,1.000000,1.000000,0.000000,0.000000,1.000000,0.000000,0.884145,0.258788,0.287411,23.721818,0.636471,0.424314,0.725000,-0.078649,,5.000000,True,False,False,,,,1935,-,0.000000,
20.000000,8.000000,43.000000,0.000000,9.000000,0.000000,20.000000,0.000000,82.000000,0.000000,5.000000,1.000000,1.000000,0.000000,0.000000,1.000000,0.000000,0.915644,0.310539,0.285669,23.726626,0.679829,0.453219,0.762500,-0.004807,,6.000000,True,False,False,,,,1936,-,0.000000,
22.000000,8.000000,43.000000,0.000000,7.000000,0.000000,22.000000,0.000000,91.000000,0.000000,5.000000,1.000000,1.000000,0.000000,0.000000,1.000000,0.000000,0.832394,0.167052,0.245617,23.829994,0.681551,0.454367,0.750000,-0.103368,,7.000000,True,False,False,,,,1937,-,0.000000,
25.000000,7.000000,44.000000,0.000000,4.000000,0.000000,25.000000,0.000000,72.000000,0.000000,5.000000,1.000000,1.000000,0.000000,0.000000,1.000000,0.000000,0.898958,-0.016779,0.139452,23.874778,0.715467,0.476978,0.737500,-0.044784,,7.000000,True,False,False,,,,1938,-,0.000000,
26.000000,6.000000,44.000000,0.000000,4.000000,0.000000,26.000000,0.000000,85.000000,0.000000,5.000000,1.000000,1.000000,0.000000,0.000000,1.000000,0.000000,0.842064,0.106839,0.221415,23.967036,0.650698,0.433799,0.712500,-0.092257,,6.000000,True,False,False,,,,1939,-,0.000000,
26.000000,5.000000,45.000000,0.000000,4.000000,0.000000,26.000000,0.000000,78.000000,0.000000,5.000000,1.000000,1.000000,0.000000,0.000000,1.000000,0.000000,0.786509,0.051087,0.226499,24.090753,0.628264,0.418843,0.675000,-0.123718,,7.000000,True,False,False,,,,1940,-,0.000000,
26.000000,6.000000,45.000000,0.000000,3.000000,0.000000,26.000000,0.000000,81.000000,0.000000,5.000000,1.000000,1.000000,0.000000,0.000000,1.000000,0.000000,0.858163,0.133437,0.228669,24.134521,0.629014,0.419343,0.700000,-0.043767,,5.000000,True,False,False,,,,1941,-,0.000000,
24.000000,7.000000,46.000000,0.000000,3.000000,0.000000,24.000000,0.000000,85.000000,0.000000,5.000000,1.000000,1.000000,0.000000,0.000000,1.000000,0.000000,0.815549,0.087507,0.207085,24.210468,0.636388,0.424259,0.700000,-0.075947,,6.000000,True,False,False,,,,1942,-,0.000000,
20.000000,11.000000,46.000000,0.000000,3.000000,0.000000,20.000000,0.000000,77.000000,0.000000,5.000000,1.000000,1.000000,0.000000,0.000000,1.000000,0.000000,0.784794,0.097298,0.261386,24.258536,0.690831,0.460554,0.750000,-0.048069,,7.000000,True,False,False,,,,1943,-,0.000000,
20.000000,11.000000,44.000000,0.000000,5.000000,0.000000,20.000000,0.000000,80.000000,0.000000,5.000000,1.000000,1.000000,0.000000,0.000000,1.000000,0.000000,0.847802,0.185232,0.234395,24.265545,0.693737,0.462491,0.775000,-0.007009,,7.000000,True,False,False,,,,1944,-,0.000000,
21.000000,10.000000,41.000000,0.000000,8.000000,0.000000,21.000000,0.000000,85.000000,0.000000,5.000000,1.000000,1.000000,0.000000,0.000000,1.000000,0.000000,0.979348,0.173405,0.178732,24.199085,0.705945,0.470630,0.762500,0.066460,,7.000000,True,False,False,,,,1945,-,0.000000,
20.000000,9.000000,42.000000,0.000000,9.000000,0.000000,20.000000,0.000000,77.000000,0.000000,5.000000,1.000000,1.000000,0.000000,0.000000,1.000000,0.000000,0.874718,0.264082,0.261050,24.098194,0.696359,0.464240,0.762500,0.100892,,6.000000,True,False,False,,,,1946,-,0.000000,
20.000000,10.000000,42.000000,0.000000,8.000000,0.000000,20.000000,0.000000,83.000000,0.000000,5.000000,1.000000,1.000000,0.000000,0.000000,1.000000,0.000000,0.997727,0.283648,0.233872,24.031382,0.694221,0.462814,0.762500,0.066812,,7.000000,True,False,False,,,,1947,-,0.000000,
20.000000,10.000000,42.000000,0.000000,8.000000,0.000000,20.000000,0.000000,78.000000,0.000000,5.000000,1.000000,1.000000,0.000000,0.000000,1.000000,0.000000,0.869496,0.184230,0.192372,23.955245,0.729581,0.486388,0.775000,0.076137,,7.000000,True,False,False,,,,1948,-,0.000000,
20.000000,9.000000,42.000000,0.000000,9.000000,0.000000,20.000000,0.000000,78.000000,0.000000,5.000000,1.000000,1.000000,0.000000,0.000000,1.000000,0.000000,0.878165,0.271413,0.221732,23.812065,0.721974,0.481316,0.775000,0.143180,,7.000000,True,False,False,,,,1949,-,0.000000,
24.000000,9.000000,40.000000,0.000000,7.000000,0.000000,24.000000,0.000000,80.000000,0.000000,5.000000,1.000000,1.000000,0.000000,0.000000,1.000000,0.000000,0.977476,0.304470,0.239687,23.773209,0.702180,0.468120,0.762500,0.038856,,6.000000,True,False,False,,,,1950,-,0.000000,
25.000000,7.000000,42.000000,0.000000,6.000000,0.000000,25.000000,0.000000,74.000000,0.000000,5.000000,1.000000,1.000000,0.000000,0.000000,1.000000,0.000000,0.916898,0.318382,0.254877,23.745198,0.642708,0.428472,0.700000,0.028011,,7.000000,True,False,False,,,,1951,-,0.000000,
23.000000,8.000000,41.000000,0.000000,8.000000,0.000000,23.000000,0.000000,80.000000,0.000000,5.000000,1.000000,1.000000,0.000000,0.000000,1.000000,0.000000,0.868387,0.255825,0.247193,23.837626,0.637237,0.424825,0.712500,-0.092428,,5.000000,True,False,False,,,,1952,-,0.000000,
25.000000,7.000000,42.000000,0.000000,6.000000,0.000000,25.000000,0.000000,72.000000,0.000000,5.000000,1.000000,1.000000,0.000000,0.000000,1.000000,0.000000,0.883504,0.243833,0.223404,23.837207,0.667715,0.445143,0.725000,0.000420,,6.000000,True,False,False,,,,1953,-,0.000000,
26.000000,6.000000,44.000000,0.000000,4.000000,0.000000,26.000000,0.000000,77.000000,0.000000,5.000000,1.000000,1.000000,0.000000,0.000000,1.000000,0.000000,0.880198,0.156637,0.187679,23.905084,0.657460,0.438307,0.700000,-0.067878,,7.000000,True,False,False,,,,1954,-,0.000000,
25.000000,8.000000,43.000000,0.000000,4.000000,0.000000,25.000000,0.000000,76.000000,0.000000,5.000000,1.000000,1.000000,0.000000,0.000000,1.000000,0.000000,0.852943,0.150170,0.214701,23.993519,0.674346,0.449564,0.725000,-0.088435,,7.000000,True,False,False,,,,1955,-,0.000000,
26.000000,9.000000,41.000000,0.000000,4.000000,0.000000,26.000000,0.000000,76.000000,0.000000,5.000000,1.000000,1.000000,0.000000,0.000000,1.000000,0.000000,0.819805,0.113099,0.213712,24.151962,0.666009,0.444006,0.712500,-0.158443,,6.000000,True,False,False,,,,1956,-,0.000000,
23.000000,11.000000,42.000000,0.000000,4.000000,0.000000,23.000000,0.000000,77.000000,0.000000,5.000000,1.000000,1.000000,0.000000,0.000000,1.000000,0.000000,0.857053,0.162711,0.250869,24.233931,0.665811,0.443874,0.725000,-0.081969,,7.000000,True,False,False,,,,1957,-,0.000000,
22.000000,11.000000,41.000000,0.000000,6.000000,0.000000,22.000000,0.000000,74.000000,0.000000,5.000000,1.000000,1.000000,0.000000,0.000000,1.000000,0.000000,0.809499,0.060962,0.246875,24.347758,0.667454,0.444969,0.725000,-0.113828,,7.000000,True,False,False,,,,1958,-,0.000000,
22.000000,12.000000,41.000000,0.000000,5.000000,0.000000,22.000000,0.000000,78.000000,0.000000,5.000000,1.000000,1.000000,0.000000,0.000000,1.000000,0.000000,0.750176,0.086482,0.272166,24.483686,0.682195,0.454797,0.750000,-0.135927,,7.000000,True,False,False,,,,1959,-,0.000000,
20.000000,13.000000,40.000000,0.000000,7.000000,0.000000,20.000000,0.000000,74.000000,0.000000,5.000000,1.000000,1.000000,0.000000,0.000000,1.000000,0.000000,0.822030,0.083730,0.196038,24.566646,0.696248,0.464165,0.750000,-0.082960,,6.000000,True,False,False,,,,1960,-,0.000000,
19.000000,13.000000,41.000000,0.000000,7.000000,0.000000,19.000000,0.000000,74.000000,0.000000,5.000000,1.000000,1.000000,0.000000,0.000000,1.000000,0.000000,0.866607,0.033269,0.183652,24.623192,0.719091,0.479394,0.775000,-0.056546,,7.000000,True,False,False,,,,1961,-,0.000000,
21.000000,11.000000,42.000000,0.000000,6.000000,0.000000,21.000000,0.000000,76.000000,0.000000,5.000000,1.000000,1.000000,0.000000,0.000000,1.000000,0.000000,0.919137,0.163126,0.175721,24.613796,0.714512,0.476341,0.762500,0.009396,,6.000000,True,False,False,,,,1962,-,0.000000,
22.000000,9.000000,45.000000,0.000000,4.000000,0.000000,22.000000,0.000000,73.000000,0.000000,5.000000,1.000000,1.000000,0.000000,0.000000,1.000000,0.000000,0.955137,0.129907,0.191736,24.573780,0.715418,0.476945,0.762500,0.040016,,7.000000,True,False,False,,,,1963,-,0.000000,
25.000000,9.000000,44.000000,0.000000,2.000000,0.000000,25.000000,0.000000,66.000000,0.000000,5.000000,1.000000,1.000000,0.000000,0.000000,1.000000,0.000000,0.959231,0.150509,0.167167,24.463048,0.688699,0.459133,0.725000,0.110732,,7.000000,True,False,False,,,,1964,-,0.000000,
21.000000,9.000000,47.000000,0.000000,3.000000,0.000000,21.000000,0.000000,73.000000,0.000000,5.000000,1.000000,1.000000,0.000000,0.000000,1.000000,0.000000,0.833582,0.365732,0.265078,24.306053,0.662385,0.441590,0.737500,0.156994,,7.000000,True,False,False,,,,1965,-,0.000000,
19.000000,10.000000,46.000000,0.000000,5.000000,0.000000,19.000000,0.000000,71.000000,0.000000,5.000000,1.000000,1.000000,0.000000,0.000000,1.000000,0.000000,0.930554,0.203981,0.179357,24.248955,0.707107,0.471404,0.762500,0.057098,,5.000000,True,False,False,,,,1966,-,0.000000,
18.000000,12.000000,46.000000,0.000000,4.000000,0.000000,18.000000,0.000000,72.000000,0.000000,5.000000,1.000000,1.000000,0.000000,0.000000,1.000000,0.000000,0.883633,0.051647,0.120683,24.294468,0.740788,0.493859,0.800000,-0.045512,,6.000000,True,False,False,,,,1967,-,0.000000,
20.000000,12.000000,46.000000,0.000000,2.000000,0.000000,20.000000,0.000000,73.000000,0.000000,5.000000,1.000000,1.000000,0.000000,0.000000,1.000000,0.000000,0.896252,0.047470,0.134632,24.319958,0.737599,0.491733,0.775000,-0.025490,,7.000000,True,False,False,,,,1968,-,0.000000,
20.000000,11.000000,45.000000,0.000000,4.000000,0.000000,20.000000,0.000000,73.000000,0.000000,5.000000,1.000000,1.000000,0.000000,0.000000,1.000000,0.000000,0.856564,0.064787,0.173914,24.372598,0.713717,0.475811,0.762500,-0.052640,,7.000000,True,False,False,,,,1969,-,0.000000,
17.000000,14.000000,42.000000,0.000000,7.000000,0.000000,17.000000,0.000000,71.000000,0.000000,5.000000,1.000000,1.000000,0.000000,0.000000,1.000000,0.000000,0.792241,0.152575,0.238724,24.440601,0.722998,0.481999,0.787500,-0.068003,,7.000000,True,False,False,,,,1970,-,0.000000,
16.000000,13.000000,43.000000,0.000000,8.000000,0.000000,16.000000,0.000000,66.000000,0.000000,5.000000,1.000000,1.000000,0.000000,0.000000,1.000000,0.000000,0.857373,0.223073,0.238749,24.470432,0.735567,0.490378,0.812500,-0.029831,,7.000000,True,False,False,,,,1971,-,0.000000,
17.000000,12.000000,44.000000,0.000000,7.000000,0.000000,17.000000,0.000000,72.000000,0.000000,5.000000,1.000000,1.000000,0.000000,0.000000,1.000000,0.000000,0.851964,0.258086,0.272998,24.530549,0.721880,0.481253,0.812500,-0.060117,,7.000000,True,False,False,,,,1972,-,0.000000,
18.000000,10.000000,45.000000,0.000000,7.000000,0.000000,18.000000,0.000000,66.000000,0.000000,5.000000,1.000000,1.000000,0.000000,0.000000,1.000000,0.000000,0.845662,0.183750,0.234383,24.589261,0.723273,0.482182,0.787500,-0.058711,,7.000000,True,False,False,,,,1973,-,0.000000,
19.000000,11.000000,44.000000,0.000000,6.000000,0.000000,19.000000,0.000000,81.000000,0.000000,5.000000,1.000000,1.000000,0.000000,0.000000,1.000000,0.000000,0.850497,0.107965,0.194352,24.645011,0.737654,0.491769,0.800000,-0.055750,,7.000000,True,False,False,,,,1974,-,0.000000,
18.000000,10.000000,44.000000,0.000000,8.000000,0.000000,18.000000,0.000000,67.000000,0.000000,5.000000,1.000000,1.000000,0.000000,0.000000,1.000000,0.000000,0.869545,0.135049,0.213159,24.701234,0.717572,0.478382,0.775000,-0.056223,,6.000000,True,False,False,,,,1975,-,0.000000,
19.000000,8.000000,47.000000,0.000000,6.000000,0.000000,19.000000,0.000000,71.000000,0.000000,5.000000,1.000000,1.000000,0.000000,0.000000,1.000000,0.000000,0.887504,0.213351,0.238203,24.724850,0.720160,0.480107,0.787500,-0.023616,,7.000000,True,False,False,,,,1976,-,0.000000,
20.000000,9.000000,46.000000,0.000000,5.000000,0.000000,20.000000,0.000000,70.000000,0.000000,5.000000,1.000000,1.000000,0.000000,0.000000,1.000000,0.000000,0.848698,0.118799,0.204061,24.823214,0.713365,0.475577,0.775000,-0.098364,,7.000000,True,False,False,,,,1977,-,0.000000,
19.000000,9.000000,47.000000,0.000000,5.000000,0.000000,19.000000,0.000000,69.000000,0.000000,5.000000,1.000000,1.000000,0.000000,0.000000,1.000000,0.000000,0.828153,0.144242,0.238382,24.840949,0.717257,0.478171,0.775000,-0.017735,,5.000000,True,False,False,,,,1978,-,0.000000,
20.000000,9.000000,48.000000,0.000000,3.000000,0.000000,20.000000,0.000000,67.000000,0.000000,5.000000,1.000000,1.000000,0.000000,0.000000,1.000000,0.000000,0.873605,0.084098,0.200629,24.838805,0.737388,0.491592,0.787500,0.002144,,6.000000,True,False,False,,,,1979,-,0.000000,
19.000000,7.000000,51.000000,0.000000,3.000000,0.000000,19.000000,0.000000,67.000000,0.000000,5.000000,1.000000,1.000000,0.000000,0.000000,1.000000,0.000000,0.880775,0.133234,0.233590,24.876367,0.692933,0.461955,0.762500,-0.037562,,7.000000,True,False,False,,,,1980,-,0.000000,
20.000000,7.000000,50.000000,0.000000,3.000000,0.000000,20.000000,0.000000,73.000000,0.000000,5.000000,1.000000,1.000000,0.000000,0.000000,1.000000,0.000000,0.810020,0.223691,0.245156,24.831733,0.689538,0.459692,0.775000,0.044634,,7.000000,True,False,False,,,,1981,-,0.000000,
20.000000,5.000000,49.000000,0.000000,6.000000,0.000000,20.000000,0.000000,68.000000,0.000000,5.000000,1.000000,1.000000,0.000000,0.000000,1.000000,0.000000,0.869390,0.249540,0.234967,24.782639,0.669885,0.446590,0.750000,0.049094,,7.000000,True,False,False,,,,1982,-,0.000000,
18.000000,7.000000,50.000000,0.000000,5.000000,0.000000,18.000000,0.000000,73.000000,0.000000,5.000000,1.000000,1.000000,0.000000,0.000000,1.000000,0.000000,0.850515,0.306812,0.254029,24.660699,0.695770,0.463846,0.787500,0.121940,,6.000000,True,False,False,,,,1983,-,0.000000,
20.000000,6.000000,51.000000,0.000000,3.000000,0.000000,20.000000,0.000000,64.000000,0.000000,5.000000,1.000000,1.000000,0.000000,0.000000,1.000000,0.000000,0.941907,0.261643,0.211940,24.598000,0.707793,0.471862,0.775000,0.062699,,7.000000,True,False,False,,,,1984,-,0.000000,
22.000000,6.000000,50.000000,0.000000,2.000000,0.000000,22.000000,0.000000,79.000000,0.000000,5.250231,1.000000,1.000000,0.000000,0.000000,1.000000,0.000000,0.877966,0.292828,0.250932,24.462580,0.683653,0.455769,0.750000,0.135420,,7.000000,True,False,False,,,,1985,-,0.000000,
22.000000,6.000000,49.000000,0.000000,3.000000,0.000000,22.000000,0.000000,73.000000,0.000000,5.000000,1.000000,1.000000,0.000000,0.000000,1.000000,0.000000,0.867577,0.320363,0.231828,24.472892,0.672643,0.448429,0.737500,-0.010312,,6.000000,True,False,False,,,,1986,-,0.000000,
20.000000,8.000000,49.000000,0.000000,3.000000,0.000000,20.000000,0.000000,77.000000,0.000000,5.149192,1.000000,1.000000,0.000000,0.000000,1.000000,0.000000,0.965934,0.182518,0.175925,24.446930,0.701047,0.467364,0.750000,0.025962,,7.000000,True,False,False,,,,1987,-,0.000000,
19.000000,7.000000,51.000000,0.000000,3.000000,0.000000,19.000000,0.000000,69.000000,0.000000,5.000000,1.000000,1.000000,0.000000,0.000000,1.000000,0.000000,0.895069,0.142066,0.151156,24.579494,0.713228,0.475485,0.762500,-0.132563,,7.000000,True,False,False,,,,1988,-,0.000000,
20.000000,5.000000,51.000000,0.000000,4.000000,0.000000,20.000000,0.000000,75.000000,0.000000,5.301365,1.000000,1.000000,0.000000,0.000000,1.000000,0.000000,0.889563,0.139585,0.189327,24.640355,0.695339,0.463559,0.762500,-0.060861,,6.000000,True,False,False,,,,1989,-,0.000000,
20.000000,5.000000,52.000000,0.000000,3.000000,0.000000,20.000000,0.000000,69.000000,0.000000,5.051536,1.000000,1.000000,0.000000,0.000000,1.000000,0.000000,0.892083,0.146451,0.160995,24.631233,0.709469,0.472979,0.762500,0.009122,,7.000000,True,False,False,,,,1990,-,0.000000,
20.000000,4.000000,51.000000,0.000000,5.000000,0.000000,20.000000,0.000000,71.000000,0.000000,5.375090,1.000000,1.000000,0.000000,0.000000,1.000000,0.000000,0.892510,0.152136,0.192976,24.648035,0.692195,0.461463,0.750000,-0.016802,,7.000000,True,False,False,,,,1991,-,0.000000,
21.000000,4.000000,48.000000,0.000000,7.000000,0.000000,21.000000,0.000000,70.000000,0.000000,5.000000,1.000000,1.000000,0.000000,0.000000,1.000000,0.000000,0.864971,0.176359,0.217622,24.871231,0.702569,0.468379,0.762500,-0.223197,,7.000000,True,False,False,,,,1992,-,0.000000,
22.000000,3.000000,47.000000,0.000000,8.000000,0.000000,22.000000,0.000000,70.000000,0.000000,5.000000,1.000000,1.000000,0.000000,0.000000,1.000000,0.000000,0.910805,0.171441,0.225772,24.920686,0.684956,0.456637,0.737500,-0.049454,,7.000000,True,False,False,,,,1993,-,0.000000,
22.000000,3.000000,44.000000,0.000000,11.000000,0.000000,22.000000,0.000000,67.000000,0.000000,5.000000,1.000000,1.000000,0.000000,0.000000,1.000000,0.000000,0.879795,0.234874,0.291000,24.996552,0.651994,0.434663,0.725000,-0.075867,,7.000000,True,False,False,,,,1994,-,0.000000,
22.000000,3.000000,44.000000,0.000000,11.000000,0.000000,22.000000,0.000000,66.000000,0.000000,5.000000,1.000000,1.000000,0.000000,0.000000,1.000000,0.000000,0.834371,0.234841,0.230672,25.035916,0.683190,0.455460,0.750000,-0.039363,,7.000000,True,False,False,,,,1995,-,0.000000,
24.000000,1.000000,44.000000,0.000000,11.000000,0.000000,24.000000,0.000000,62.000000,0.000000,5.000000,1.000000,1.000000,0.000000,0.000000,1.000000,0.000000,0.878067,0.276435,0.283461,25.081603,0.666867,0.444578,0.737500,-0.045687,,6.000000,True,False,False,,,,1996,-,0.000000,
25.000000,1.000000,44.000000,0.000000,10.000000,0.000000,25.000000,0.000000,77.000000,0.000000,5.000000,1.000000,1.000000,0.000000,0.000000,1.000000,0.000000,0.887308,0.354361,0.297189,25.015570,0.653821,0.435881,0.737500,0.066033,,7.000000,True,False,False,,,,1997,-,0.000000,
29.000000,1.000000,43.000000,0.000000,7.000000,0.000000,29.000000,0.000000,72.000000,0.000000,5.000000,1.000000,1.000000,0.000000,0.000000,1.000000,0.000000,0.905843,0.279950,0.272385,24.998825,0.647112,0.431408,0.712500,0.016745,,6.000000,True,False,False,,,,1998,-,0.000000,
29.000000,3.000000,43.000000,0.000000,5.000000,0.000000,29.000000,0.000000,74.000000,0.000000,5.000000,1.000000,1.000000,0.000000,0.000000,1.000000,0.000000,0.840091,0.382380,0.309074,24.890130,0.624595,0.416397,0.700000,0.108695,,7.000000,True,False,False,,,,1999,-,0.000000,
29.000000,5.000000,41.000000,0.000000,5.000000,0.000000,29.000000,0.000000,79.000000,0.000000,5.000000,1.000000,1.000000,0.000000,0.000000,1.000000,0.000000,0.890874,0.319398,0.290639,24.853661,0.587664,0.391776,0.662500,0.036469,,6.000000,True,False,False,,,,2000,-,0.000000,
25.000000,10.000000,41.000000,0.000000,4.000000,0.000000,25.000000,0.000000,71.000000,0.000000,5.000000,1.000000,1.000000,0.000000,0.000000,1.000000,0.000000,0.930594,0.178567,0.192708,24.821473,0.648859,0.432572,0.712500,0.032189,,7.000000,True,False,False,,,,2001,-,0.000000,
23.000000,12.000000,40.000000,0.000000,5.000000,0.000000,23.000000,0.000000,77.000000,0.000000,5.000000,1.000000,1.000000,0.000000,0.000000,1.000000,0.000000,0.910306,0.231898,0.221188,24.775495,0.667212,0.444808,0.737500,0.045978,,7.000000,True,False,False,,,,2002,-,0.000000,
23.000000,13.000000,37.000000,0.000000,7.000000,0.000000,23.000000,0.000000,78.000000,0.000000,5.000000,1.000000,1.000000,0.000000,0.000000,1.000000,0.000000,0.904660,0.138146,0.208632,24.763029,0.669814,0.446543,0.725000,0.012466,,6.000000,True,False,False,,,,2003,-,0.000000,
23.000000,14.000000,37.000000,0.000000,6.000000,0.000000,23.000000,0.000000,74.000000,0.000000,5.000000,1.000000,1.000000,0.000000,0.000000,1.000000,0.000000,0.948385,0.174498,0.206168,24.738675,0.663940,0.442627,0.725000,0.024354,,7.000000,True,False,False,,,,2004,-,0.000000,
22.000000,15.000000,36.000000,0.000000,7.000000,0.000000,22.000000,0.000000,74.000000,0.000000,5.000000,1.000000,1.000000,0.000000,0.000000,1.000000,0.000000,0.830380,0.138129,0.223163,24.784737,0.686857,0.457905,0.750000,-0.046062,,7.000000,True,False,False,,,,2005,-,0.000000,
21.000000,13.000000,37.000000,0.000000,9.000000,0.000000,21.000000,0.000000,79.000000,0.000000,5.000000,1.000000,1.000000,0.000000,0.000000,1.000000,0.000000,0.867784,0.157826,0.222779,24.813552,0.705358,0.470239,0.775000,-0.028815,,6.000000,True,False,False,,,,2006,-,0.000000,
21.000000,10.000000,41.000000,0.000000,8.000000,0.000000,21.000000,0.000000,82.000000,0.000000,5.000000,1.000000,1.000000,0.000000,0.000000,1.000000,0.000000,0.825733,0.123274,0.213205,24.890421,0.702408,0.468272,0.762500,-0.076869,,7.000000,True,False,False,,,,2007,-,0.000000,
20.000000,10.000000,40.000000,0.000000,10.000000,0.000000,20.000000,0.000000,79.000000,0.000000,5.000000,1.000000,1.000000,0.000000,0.000000,1.000000,0.000000,0.839405,0.048356,0.215615,24.941999,0.703338,0.468892,0.750000,-0.051578,,7.000000,True,False,False,,,,2008,-,0.000000,
20.000000,10.000000,39.000000,0.000000,11.000000,0.000000,20.000000,0.000000,78.000000,0.000000,5.000000,1.000000,1.000000,0.000000,0.000000,1.000000,0.000000,0.739380,0.173256,0.351077,25.079653,0.712507,0.475005,0.787500,-0.137654,,7.000000,True,False,False,,,,2009,-,0.000000,
25.000000,7.000000,42.000000,0.000000,6.000000,0.000000,25.000000,0.000000,82.000000,0.000000,5.000000,1.000000,1.000000,0.000000,0.000000,1.000000,0.000000,0.757375,0.124801,0.324731,25.209736,0.723969,0.482646,0.775000,-0.130083,,7.000000,True,False,False,,,,2010,-,0.000000,
25.000000,7.000000,41.000000,0.000000,7.000000,0.000000,25.000000,0.000000,80.000000,0.000000,5.000000,1.000000,1.000000,0.000000,0.000000,1.000000,0.000000,0.763734,0.094356,0.304250,25.253696,0.649617,0.433078,0.700000,-0.043960,,7.000000,True,False,False,,,,2011,-,0.000000,
25.000000,9.000000,41.000000,0.000000,5.000000,0.000000,25.000000,0.000000,81.000000,0.000000,5.000000,1.000000,1.000000,0.000000,0.000000,1.000000,0.000000,0.767473,0.118759,0.298965,25.360740,0.673628,0.449085,0.737500,-0.107044,,7.000000,True,False,False,,,,2012,-,0.000000,
23.000000,10.000000,41.000000,0.000000,6.000000,0.000000,23.000000,0.000000,80.000000,0.000000,5.000000,1.000000,1.000000,0.000000,0.000000,1.000000,0.000000,0.878913,0.220707,0.255249,25.365130,0.647224,0.431482,0.712500,-0.004390,,7.000000,True,False,False,,,,2013,-,0.000000,
22.000000,10.000000,43.000000,0.000000,5.000000,0.000000,22.000000,0.000000,80.000000,0.000000,5.000000,1.000000,1.000000,0.000000,0.000000,1.000000,0.000000,0.923525,0.248670,0.188087,25.253210,0.669450,0.446300,0.737500,0.111920,,7.000000,True,False,False,,,,2014,-,0.000000,
24.000000,8.000000,44.000000,0.000000,4.000000,0.000000,24.000000,0.000000,76.000000,0.000000,5.000000,1.000000,1.000000,0.000000,0.000000,1.000000,0.000000,0.943756,0.358658,0.247591,25.152015,0.668825,0.445883,0.737500,0.101195,,3.000000,True,False,False,,,,2015,-,0.000000,
24.000000,9.000000,45.000000,0.000000,2.000000,0.000000,24.000000,0.000000,75.000000,0.000000,5.000000,1.000000,1.000000,0.000000,0.000000,1.000000,0.000000,0.912394,0.161747,0.175073,25.137528,0.684915,0.456610,0.737500,0.014487,,4.000000,True,False,False,,,,2016,-,0.000000,
22.000000,8.000000,48.000000,0.000000,2.000000,0.000000,22.000000,0.000000,72.000000,0.000000,5.000000,1.000000,1.000000,0.000000,0.000000,1.000000,0.000000,0.966075,0.192243,0.150246,25.142757,0.687851,0.458567,0.725000,-0.005229,,5.000000,True,False,False,,,,2017,-,0.000000,
23.000000,8.000000,48.000000,0.000000,1.000000,0.000000,23.000000,0.000000,78.000000,0.000000,5.000000,1.000000,1.000000,0.000000,0.000000,1.000000,0.000000,0.926065,0.143428,0.154277,25.115919,0.688044,0.458696,0.725000,0.026839,,6.000000,True,False,False,,,,2018,-,0.000000,
21.000000,8.000000,50.000000,0.000000,1.000000,0.000000,21.000000,0.000000,76.000000,0.000000,5.000000,1.000000,1.000000,0.000000,0.000000,1.000000,0.000000,0.831904,0.229322,0.219309,25.095211,0.688609,0.459073,0.737500,0.020708,,7.000000,True,False,False,,,,2019,-,0.000000,
21.000000,8.000000,49.000000,0.000000,2.000000,0.000000,21.000000,0.000000,74.000000,0.000000,5.000000,1.000000,1.000000,0.000000,0.000000,1.000000,0.000000,0.870285,0.034778,0.130825,25.152111,0.720685,0.480457,0.750000,-0.056900,,7.000000,True,False,False,,,,2020,-,0.000000,
19.000000,8.000000,50.000000,0.000000,3.000000,0.000000,19.000000,0.000000,71.000000,0.000000,5.000000,1.000000,1.000000,0.000000,0.000000,1.000000,0.000000,0.846400,0.235396,0.214402,25.102801,0.707504,0.471669,0.762500,0.049310,,7.000000,True,False,False,,,,2021,-,0.000000,
19.000000,7.000000,47.000000,0.000000,7.000000,0.000000,19.000000,0.000000,73.000000,0.000000,5.000000,1.000000,1.000000,0.000000,0.000000,1.000000,0.000000,0.948268,0.114317,0.135982,25.140513,0.712342,0.474895,0.762500,-0.037713,,6.000000,True,False,False,,,,2022,-,0.000000,
19.000000,7.000000,48.000000,0.000000,6.000000,0.000000,19.000000,0.000000,68.000000,0.000000,5.000000,1.000000,1.000000,0.000000,0.000000,1.000000,0.000000,0.888524,0.203956,0.158145,25.168831,0.726852,0.484568,0.775000,-0.028318,,7.000000,True,False,False,,,,2023,-,0.000000,
19.000000,6.000000,48.000000,0.000000,7.000000,0.000000,19.000000,0.000000,74.000000,0.000000,5.000000,1.000000,1.000000,0.000000,0.000000,1.000000,0.000000,0.928916,0.239158,0.225641,25.211730,0.702622,0.468415,0.762500,-0.042899,,7.000000,True,False,False,,,,2024,-,0.000000,
21.000000,5.000000,49.000000,0.000000,5.000000,0.000000,21.000000,0.000000,74.000000,0.000000,5.000000,1.000000,1.000000,0.000000,0.000000,1.000000,0.000000,0.928126,0.251313,0.224180,25.261223,0.707808,0.471872,0.762500,-0.049493,,7.000000,True,False,False,,,,2025,-,0.000000,
20.000000,4.000000,49.000000,0.000000,7.000000,0.000000,20.000000,0.000000,73.000000,0.000000,5.000000,1.000000,1.000000,0.000000,0.000000,1.000000,0.000000,0.940728,0.140824,0.157955,25.291775,0.709090,0.472726,0.750000,-0.030552,,7.000000,True,False,False,,,,2026,-,0.000000,
20.000000,4.000000,47.000000,0.000000,9.000000,0.000000,20.000000,0.000000,74.000000,0.000000,5.000000,1.000000,1.000000,0.000000,0.000000,1.000000,0.000000,0.865729,0.245833,0.263791,25.330578,0.712501,0.475001,0.775000,-0.038803,,7.000000,True,False,False,,,,2027,-,0.000000,
23.000000,4.000000,46.000000,0.000000,7.000000,0.000000,23.000000,0.000000,72.000000,0.000000,5.000000,1.000000,1.000000,0.000000,0.000000,1.000000,0.000000,0.974295,0.245697,0.217820,25.295786,0.685974,0.457316,0.750000,0.034792,,6.000000,True,False,False,,,,2028,-,0.000000,
23.000000,4.000000,46.000000,0.000000,7.000000,0.000000,23.000000,0.000000,83.000000,0.000000,5.000000,1.000000,1.000000,0.000000,0.000000,1.000000,0.000000,0.929207,0.296557,0.290597,25.215059,0.666900,0.444600,0.737500,0.080727,,7.000000,True,False,False,,,,2029,-,0.000000,
23.000000,5.000000,45.000000,0.000000,7.000000,0.000000,23.000000,0.000000,72.000000,0.000000,5.000000,1.000000,1.000000,0.000000,0.000000,1.000000,0.000000,0.955593,0.217221,0.203337,25.174253,0.686145,0.457430,0.737500,0.040806,,6.000000,True,False,False,,,,2030,-,0.000000,
25.000000,5.000000,45.000000,0.000000,5.000000,0.000000,25.000000,0.000000,81.000000,0.000000,5.000000,1.000000,1.000000,0.000000,0.000000,1.000000,0.000000,0.973498,0.325700,0.302964,25.134830,0.665047,0.443364,0.737500,0.039424,,7.000000,True,False,False,,,,2031,-,0.000000,
24.000000,5.000000,45.000000,0.000000,6.000000,0.000000,24.000000,0.000000,76.000000,0.000000,5.000000,1.000000,1.000000,0.000000,0.000000,1.000000,0.000000,0.945903,0.250120,0.223032,25.097612,0.652580,0.435053,0.712500,0.037217,,7.000000,True,False,False,,,,2032,-,0.000000,
25.000000,6.000000,44.000000,0.000000,5.000000,0.000000,25.000000,0.000000,72.000000,0.000000,5.000000,1.000000,1.000000,0.000000,0.000000,1.000000,0.000000,0.916362,0.175022,0.207564,25.031619,0.673759,0.449173,0.725000,0.065993,,7.000000,True,False,False,,,,2033,-,0.000000,
26.000000,5.000000,43.000000,0.000000,6.000000,0.000000,26.000000,0.000000,76.000000,0.000000,5.000000,1.000000,1.000000,0.000000,0.000000,1.000000,0.000000,0.879509,0.296278,0.248974,24.934178,0.646267,0.430844,0.712500,0.097442,,7.000000,True,False,False,,,,2034,-,0.000000,
24.000000,7.000000,43.000000,0.000000,6.000000,0.000000,24.000000,0.000000,70.000000,0.000000,5.000000,1.000000,1.000000,0.000000,0.000000,1.000000,0.000000,0.947238,0.203437,0.188303,24.902830,0.673723,0.449149,0.737500,0.031347,,7.000000,True,False,False,,,,2035,-,0.000000,
22.000000,8.000000,42.000000,0.000000,8.000000,0.000000,22.000000,0.000000,77.000000,0.000000,5.000000,1.000000,1.000000,0.000000,0.000000,1.000000,0.000000,0.850393,0.309786,0.257574,24.743085,0.653363,0.435575,0.737500,0.159745,,7.000000,True,False,False,,,,2036,-,0.000000,
25.000000,6.000000,43.000000,0.000000,6.000000,0.000000,25.000000,0.000000,87.000000,0.000000,5.000000,1.000000,1.000000,0.000000,0.000000,1.000000,0.000000,0.908500,0.190669,0.203767,24.698347,0.670449,0.446966,0.737500,0.044738,,7.000000,True,False,False,,,,2037,-,0.000000,
24.000000,7.000000,42.000000,0.000000,7.000000,0.000000,24.000000,0.000000,77.000000,0.000000,5.000000,1.000000,1.000000,0.000000,0.000000,1.000000,0.000000,0.897444,0.117165,0.192215,24.788294,0.681222,0.454148,0.725000,-0.089947,,7.000000,True,False,False,,,,2038,-,0.000000,
24.000000,9.000000,41.000000,0.000000,6.000000,0.000000,24.000000,0.000000,81.000000,0.000000,5.000000,1.000000,1.000000,0.000000,0.000000,1.000000,0.000000,0.793630,0.122408,0.266517,24.949937,0.679054,0.452703,0.750000,-0.161643,,7.000000,True,False,False,,,,2039,-,0.000000,
23.000000,9.000000,41.000000,0.000000,7.000000,0.000000,23.000000,0.000000,81.000000,0.000000,5.000000,1.000000,1.000000,0.000000,0.000000,1.000000,0.000000,0.783250,0.056419,0.236916,25.025516,0.696934,0.464623,0.750000,-0.075579,,7.000000,True,False,False,,,,2040,-,0.000000,
20.000000,12.000000,40.000000,0.000000,8.000000,0.000000,20.000000,0.000000,73.000000,0.000000,5.000000,1.000000,1.000000,0.000000,0.000000,1.000000,0.000000,0.713950,-0.007792,0.280446,25.224041,0.699553,0.466368,0.762500,-0.198525,,5.000000,True,False,False,,,,2041,-,0.000000,
20.000000,14.000000,40.000000,0.000000,6.000000,0.000000,20.000000,0.000000,80.000000,0.000000,5.000000,1.000000,1.000000,0.000000,0.000000,1.000000,0.000000,0.655312,-0.090178,0.319048,25.419964,0.702249,0.468166,0.775000,-0.195923,,6.000000,True,False,False,,,,2042,-,0.000000,
21.000000,13.000000,41.000000,0.000000,5.000000,0.000000,21.000000,0.000000,76.000000,0.000000,5.000000,1.000000,1.000000,0.000000,0.000000,1.000000,0.000000,0.695676,-0.108009,0.307949,25.532362,0.700318,0.466879,0.750000,-0.112399,,5.000000,True,False,False,,,,2043,-,0.000000,
23.000000,11.000000,44.000000,0.000000,2.000000,0.000000,23.000000,0.000000,74.000000,0.000000,5.000000,1.000000,1.000000,0.000000,0.000000,1.000000,0.000000,0.803073,0.018467,0.216981,25.601763,0.703863,0.469242,0.750000,-0.069400,,5.000000,True,False,False,,,,2044,-,0.000000,
23.000000,10.000000,47.000000,0.000000,0.000000,0.000000,23.000000,0.000000,69.000000,0.000000,5.000000,1.000000,1.000000,0.000000,0.000000,1.000000,0.000000,0.815818,0.026037,0.196810,25.631798,0.710188,0.473459,0.750000,-0.030036,,6.000000,True,False,False,,,,2045,-,0.000000,
21.000000,11.000000,48.000000,0.000000,0.000000,0.000000,21.000000,0.000000,72.000000,0.000000,5.000000,1.000000,1.000000,0.000000,0.000000,1.000000,0.000000,0.858039,0.146624,0.149812,25.535968,0.688601,0.459068,0.737500,0.095831,,7.000000,True,False,False,,,,2046,-,0.000000,
21.000000,10.000000,48.000000,0.000000,1.000000,0.000000,21.000000,0.000000,68.000000,0.000000,5.000000,1.000000,1.000000,0.000000,0.000000,1.000000,0.000000,0.802922,0.164915,0.243968,25.459477,0.677171,0.451447,0.737500,0.076491,,5.000000,True,False,False,,,,2047,-,0.000000,
20.000000,11.000000,48.000000,0.000000,1.000000,0.000000,20.000000,0.000000,67.000000,0.000000,5.000000,1.000000,1.000000,0.000000,0.000000,1.000000,0.000000,0.893872,0.112851,0.150121,25.369360,0.714662,0.476441,0.762500,0.090117,,6.000000,True,False,False,,,,2048,-,0.000000,
20.000000,10.000000,49.000000,0.000000,1.000000,0.000000,20.000000,0.000000,70.000000,0.000000,5.000000,1.000000,1.000000,0.000000,0.000000,1.000000,0.000000,0.898685,0.212594,0.215460,25.339093,0.693424,0.462283,0.750000,0.030267,,7.000000,True,False,False,,,,2049,-,0.000000,
20.000000,8.000000,51.000000,0.000000,1.000000,0.000000,20.000000,0.000000,70.000000,0.000000,5.000000,1.000000,1.000000,0.000000,0.000000,1.000000,0.000000,0.915496,0.119536,0.143180,25.360402,0.720014,0.480009,0.762500,-0.021309,,7.000000,True,False,False,,,,2050,-,0.000000,
19.000000,6.000000,53.000000,0.000000,2.000000,0.000000,19.000000,0.000000,70.000000,0.000000,5.000000,1.000000,1.000000,0.000000,0.000000,1.000000,0.000000,0.933967,0.209498,0.220530,25.328174,0.706464,0.470976,0.762500,0.032228,,7.000000,True,False,False,,,,2051,-,0.000000,
19.000000,6.000000,46.000000,0.000000,9.000000,0.000000,19.000000,0.000000,71.000000,0.000000,5.000000,1.000000,1.000000,0.000000,0.000000,1.000000,0.000000,0.879671,0.172720,0.220931,25.407126,0.703836,0.469224,0.762500,-0.078953,,6.000000,True,False,False,,,,2052,-,0.000000,
20.000000,6.000000,46.000000,0.000000,8.000000,0.000000,20.000000,0.000000,72.000000,0.000000,5.000000,1.000000,1.000000,0.000000,0.000000,1.000000,0.000000,0.844175,0.250582,0.270173,25.460813,0.695446,0.463631,0.762500,-0.053687,,7.000000,True,False,False,,,,2053,-,0.000000,
20.000000,6.000000,45.000000,0.000000,9.000000,0.000000,20.000000,0.000000,71.000000,0.000000,5.000000,1.000000,1.000000,0.000000,0.000000,1.000000,0.000000,0.809993,0.201054,0.271125,25.500617,0.684388,0.456259,0.750000,-0.039804,,7.000000,True,False,False,,,,2054,-,0.000000,
21.000000,6.000000,46.000000,0.000000,7.000000,0.000000,21.000000,0.000000,73.000000,0.000000,5.000000,1.000000,1.000000,0.000000,0.000000,1.000000,0.000000,0.862932,0.324909,0.268975,25.510954,0.699991,0.466660,0.775000,-0.010337,,7.000000,True,False,False,,,,2055,-,0.000000,
23.000000,4.000000,47.000000,0.000000,6.000000,0.000000,23.000000,0.000000,67.000000,0.000000,5.000000,1.000000,1.000000,0.000000,0.000000,1.000000,0.000000,0.791084,0.181583,0.282644,25.618084,0.674021,0.449348,0.737500,-0.107130,,5.000000,True,False,False,,,,2056,-,0.000000,
23.000000,4.000000,48.000000,0.000000,5.000000,0.000000,23.000000,0.000000,78.000000,0.000000,5.000000,1.000000,1.000000,0.000000,0.000000,1.000000,0.000000,0.838956,0.401782,0.334272,25.574040,0.641936,0.427958,0.737500,0.044044,,6.000000,True,False,False,,,,2057,-,0.000000,
25.000000,4.000000,48.000000,0.000000,3.000000,0.000000,25.000000,0.000000,77.000000,0.000000,5.000000,1.000000,1.000000,0.000000,0.000000,1.000000,0.000000,0.862571,0.260822,0.256358,25.618404,0.631925,0.421283,0.712500,-0.044364,,7.000000,True,False,False,,,,2058,-,0.000000,
26.000000,5.000000,47.000000,0.000000,2.000000,0.000000,26.000000,0.000000,76.000000,0.000000,5.000000,1.000000,1.000000,0.000000,0.000000,1.000000,0.000000,0.854030,0.244102,0.233025,25.587917,0.639278,0.426185,0.700000,0.030487,,5.000000,True,False,False,,,,2059,-,0.000000,
26.000000,6.000000,47.000000,0.000000,1.000000,0.000000,26.000000,0.000000,76.000000,0.000000,5.000000,1.000000,1.000000,0.000000,0.000000,1.000000,0.000000,0.901451,0.260854,0.214434,25.550384,0.639538,0.426359,0.700000,0.037533,,6.000000,True,False,False,,,,2060,-,0.000000,
23.000000,9.000000,47.000000,0.000000,1.000000,0.000000,23.000000,0.000000,69.000000,0.000000,5.069598,1.000000,1.000000,0.000000,0.000000,1.000000,0.000000,0.935941,0.193452,0.162225,25.520994,0.649796,0.433197,0.712500,0.029390,,7.000000,True,False,False,,,,2061,-,0.000000,
21.000000,10.000000,47.000000,0.000000,2.000000,0.000000,21.000000,0.000000,74.000000,0.000000,5.000000,1.000000,1.000000,0.000000,0.000000,1.000000,0.000000,0.888279,0.261634,0.211372,25.606484,0.651672,0.434448,0.737500,-0.085491,,7.000000,True,False,False,,,,2062,-,0.000000,
21.000000,10.000000,46.000000,0.000000,3.000000,0.000000,21.000000,0.000000,72.000000,0.000000,5.000000,1.000000,1.000000,0.000000,0.000000,1.000000,0.000000,0.942284,0.174156,0.181190,25.622923,0.671884,0.447923,0.737500,-0.016439,,7.000000,True,False,False,,,,2063,-,0.000000,
21.000000,6.000000,48.000000,0.000000,5.000000,0.000000,21.000000,0.000000,69.000000,0.000000,5.000000,1.000000,1.000000,0.000000,0.000000,1.000000,0.000000,0.960756,0.176030,0.210642,25.639155,0.682540,0.455027,0.737500,-0.016232,,7.000000,True,False,False,,,,2064,-,0.000000,
19.000000,8.000000,45.000000,0.000000,8.000000,0.000000,19.000000,0.000000,69.000000,0.000000,5.000000,1.000000,1.000000,0.000000,0.000000,1.000000,0.000000,0.939408,0.309300,0.276310,25.616833,0.663865,0.442577,0.762500,0.022322,,7.000000,True,False,False,,,,2065,-,0.000000,
21.000000,6.000000,46.000000,0.000000,7.000000,0.000000,21.000000,0.000000,72.000000,0.000000,5.000000,1.000000,1.000000,0.000000,0.000000,1.000000,0.000000,0.891846,0.188392,0.211910,25.610068,0.707465,0.471643,0.762500,0.006764,,6.000000,True,False,False,,,,2066,-,0.000000,
21.000000,6.000000,46.000000,0.000000,7.000000,0.000000,21.000000,0.000000,71.000000,0.000000,5.000000,1.000000,1.000000,0.000000,0.000000,1.000000,0.000000,0.823692,0.201524,0.248666,25.589818,0.690057,0.460038,0.750000,0.020250,,7.000000,True,False,False,,,,2067,-,0.000000,
21.000000,6.000000,46.000000,0.000000,7.000000,0.000000,21.000000,0.000000,71.000000,0.000000,5.000000,1.000000,1.000000,0.000000,0.000000,1.000000,0.000000,0.866908,0.308293,0.262723,25.548554,0.673727,0.449151,0.750000,0.041264,,7.000000,True,False,False,,,,2068,-,0.000000,
24.000000,6.000000,45.000000,0.000000,5.000000,0.000000,24.000000,0.000000,69.000000,0.000000,5.000000,1.000000,1.000000,0.000000,0.000000,1.000000,0.000000,0.867096,0.375185,0.295295,25.422533,0.655284,0.436856,0.737500,0.126021,,6.000000,True,False,False,,,,2069,-,0.000000,
25.000000,6.000000,45.000000,0.000000,4.000000,0.000000,25.000000,0.000000,64.000000,0.000000,5.000000,1.000000,1.000000,0.000000,0.000000,1.000000,0.000000,0.871840,0.438316,0.338736,25.327478,0.611794,0.407863,0.712500,0.095055,,7.000000,True,False,False,,,,2070,-,0.000000,
23.000000,8.000000,43.000000,0.000000,6.000000,0.000000,23.000000,0.000000,67.000000,0.000000,5.000000,1.000000,1.000000,0.000000,0.000000,1.000000,0.000000,0.861084,0.382272,0.295970,25.188842,0.647055,0.431370,0.750000,0.138637,,4.000000,True,False,False,,,,2071,-,0.000000,
23.000000,6.000000,46.000000,0.000000,5.000000,0.000000,23.000000,0.000000,83.000000,0.000000,5.000000,1.000000,1.000000,0.000000,0.000000,1.000000,0.000000,0.869893,0.461730,0.331494,25.059719,0.629807,0.419872,0.737500,0.129123,,5.000000,True,False,False,,,,2072,-,0.000000,
24.000000,6.000000,46.000000,0.000000,4.000000,0.000000,24.000000,0.000000,70.000000,0.000000,5.000000,1.000000,1.000000,0.000000,0.000000,1.000000,0.000000,0.863916,0.286078,0.226483,24.915389,0.653238,0.435492,0.725000,0.144329,,6.000000,True,False,False,,,,2073,-,0.000000,
26.000000,4.000000,48.000000,0.000000,2.000000,0.000000,26.000000,0.000000,74.000000,0.000000,5.000000,1.000000,1.000000,0.000000,0.000000,1.000000,0.000000,0.820490,0.483282,0.348045,24.737583,0.641853,0.427902,0.725000,0.177806,,7.000000,True,False,False,,,,2074,-,0.000000,
24.000000,6.000000,45.000000,0.000000,5.000000,0.000000,24.000000,0.000000,76.000000,0.000000,5.000000,1.000000,1.000000,0.000000,0.000000,1.000000,0.000000,0.830953,0.334563,0.268306,24.612091,0.616150,0.410767,0.712500,0.125493,,7.000000,True,False,False,,,,2075,-,0.000000,
20.000000,9.000000,43.000000,0.000000,8.000000,0.000000,20.000000,0.000000,74.000000,0.000000,5.000000,1.000000,1.000000,0.000000,0.000000,1.000000,0.000000,0.887599,0.209166,0.247488,24.688868,0.643374,0.428916,0.750000,-0.076778,,5.000000,True,False,False,,,,2076,-,0.000000,
20.000000,9.000000,44.000000,0.000000,7.000000,0.000000,20.000000,0.000000,79.000000,0.000000,5.000000,1.000000,1.000000,0.000000,0.000000,1.000000,0.000000,0.824442,0.047908,0.246055,24.794067,0.679205,0.452803,0.762500,-0.105199,,6.000000,True,False,False,,,,2077,-,0.000000,
20.000000,10.000000,44.000000,0.000000,6.000000,0.000000,20.000000,0.000000,84.000000,0.000000,5.000000,1.000000,1.000000,0.000000,0.000000,1.000000,0.000000,0.715319,0.023462,0.294640,24.994952,0.697869,0.465246,0.762500,-0.200885,,7.000000,True,False,False,,,,2078,-,0.000000,
20.000000,9.000000,45.000000,0.000000,6.000000,0.000000,20.000000,0.000000,78.000000,0.000000,5.000000,1.000000,1.000000,0.000000,0.000000,1.000000,0.000000,0.661772,-0.166449,0.311084,25.232102,0.709582,0.473055,0.750000,-0.237150,,3.000000,True,False,False,,,,2079,-,0.000000,
19.000000,8.000000,47.000000,0.000000,6.000000,0.000000,19.000000,0.000000,72.000000,0.000000,5.000000,1.000000,1.000000,0.000000,0.000000,1.000000,0.000000,0.693390,-0.148891,0.271501,25.423390,0.707580,0.471720,0.762500,-0.191288,,4.000000,True,False,False,,,,2080,-,0.000000,
21.000000,8.000000,48.000000,0.000000,3.000000,0.000000,21.000000,0.000000,72.000000,0.000000,5.000000,1.000000,1.000000,0.000000,0.000000,1.000000,0.000000,0.661828,-0.147699,0.283451,25.675346,0.735421,0.490281,0.775000,-0.251956,,5.000000,True,False,False,,,,2081,-,0.000000,
24.000000,6.000000,50.000000,0.000000,0.000000,0.000000,24.000000,0.000000,62.000000,0.000000,5.000000,1.000000,1.000000,0.000000,0.000000,1.000000,0.000000,0.692447,-0.143430,0.260662,25.863359,0.709126,0.472750,0.737500,-0.188013,,6.000000,True,False,False,,,,2082,-,0.000000,
24.000000,5.000000,51.000000,0.000000,0.000000,0.000000,24.000000,0.000000,69.000000,0.000000,5.000000,1.000000,1.000000,0.000000,0.000000,1.000000,0.000000,0.771345,-0.023328,0.215538,25.960363,0.635802,0.423868,0.700000,-0.097005,,7.000000,True,False,False,,,,2083,-,0.000000,
23.000000,6.000000,47.000000,0.000000,4.000000,0.000000,23.000000,0.000000,59.000000,0.000000,5.000000,1.000000,1.000000,0.000000,0.000000,1.000000,0.000000,0.872596,0.034202,0.183116,25.981093,0.661478,0.440986,0.712500,-0.020730,,7.000000,True,False,False,,,,2084,-,0.000000,
22.000000,7.000000,46.000000,0.000000,5.000000,0.000000,22.000000,0.000000,67.000000,0.000000,5.000000,1.000000,1.000000,0.000000,0.000000,1.000000,0.000000,0.865575,0.223907,0.243116,25.906395,0.662189,0.441459,0.737500,0.074698,,5.000000,True,False,False,,,,2085,-,0.000000,
19.000000,8.000000,48.000000,0.000000,5.000000,0.000000,19.000000,0.000000,63.000000,0.000000,5.000000,1.000000,1.000000,0.000000,0.000000,1.000000,0.000000,0.881530,0.205635,0.205800,25.820645,0.701289,0.467526,0.762500,0.085750,,6.000000,True,False,False,,,,2086,-,0.000000,
19.000000,7.000000,50.000000,0.000000,4.000000,0.000000,19.000000,0.000000,73.000000,0.000000,5.000000,1.000000,1.000000,0.000000,0.000000,1.000000,0.000000,0.867032,0.312276,0.255206,25.653436,0.709405,0.472937,0.775000,0.167210,,7.000000,True,False,False,,,,2087,-,0.000000,
21.000000,6.000000,48.000000,0.000000,5.000000,0.000000,21.000000,0.000000,65.000000,0.000000,5.000000,1.000000,1.000000,0.000000,0.000000,1.000000,0.000000,0.897816,0.161923,0.169039,25.590229,0.721751,0.481167,0.775000,0.063207,,6.000000,True,False,False,,,,2088,-,0.000000,
20.000000,7.000000,49.000000,0.000000,4.000000,0.000000,20.000000,0.000000,66.000000,0.000000,5.000000,1.000000,1.000000,0.000000,0.000000,1.000000,0.000000,0.907445,0.236231,0.249238,25.536244,0.696364,0.464242,0.762500,0.053984,,7.000000,True,False,False,,,,2089,-,0.000000,
20.000000,7.000000,47.000000,0.000000,6.000000,0.000000,20.000000,0.000000,68.000000,0.000000,5.000000,1.000000,1.000000,0.000000,0.000000,1.000000,0.000000,0.935108,0.268686,0.244191,25.508260,0.671986,0.447991,0.750000,0.027984,,7.000000,True,False,False,,,,2090,-,0.000000,
21.000000,7.000000,47.000000,0.000000,5.000000,0.000000,21.000000,0.000000,65.000000,0.000000,5.000000,1.000000,1.000000,0.000000,0.000000,1.000000,0.000000,0.883537,0.212188,0.207660,25.498413,0.702293,0.468195,0.762500,0.009848,,7.000000,True,False,False,,,,2091,-,0.000000,
22.000000,6.000000,46.000000,0.000000,6.000000,0.000000,22.000000,0.000000,68.000000,0.000000,5.000000,1.000000,1.000000,0.000000,0.000000,1.000000,0.000000,0.945800,0.226444,0.229217,25.491860,0.673303,0.448869,0.737500,0.006552,,6.000000,True,False,False,,,,2092,-,0.000000,
20.000000,5.000000,49.000000,0.000000,6.000000,0.000000,20.000000,0.000000,70.000000,0.000000,5.000000,1.000000,1.000000,0.000000,0.000000,1.000000,0.000000,0.890585,0.175593,0.192949,25.547020,0.690553,0.460369,0.750000,-0.055160,,7.000000,True,False,False,,,,2093,-,0.000000,
21.000000,5.000000,48.000000,0.000000,6.000000,0.000000,21.000000,0.000000,62.000000,0.000000,5.000000,1.000000,1.000000,0.000000,0.000000,1.000000,0.000000,0.899809,0.119127,0.188560,25.596645,0.697547,0.465032,0.750000,-0.049624,,6.000000,True,False,False,,,,2094,-,0.000000,
21.000000,7.000000,48.000000,0.000000,4.000000,0.000000,21.000000,0.000000,74.000000,0.000000,5.000000,1.000000,1.000000,0.000000,0.000000,1.000000,0.000000,0.856498,0.221450,0.272949,25.657737,0.702139,0.468093,0.775000,-0.061092,,7.000000,True,False,False,,,,2095,-,0.000000,
21.000000,7.000000,47.000000,0.000000,5.000000,0.000000,21.000000,0.000000,70.000000,0.000000,5.000000,1.000000,1.000000,0.000000,0.000000,1.000000,0.000000,0.928666,0.110540,0.174443,25.647335,0.707119,0.471413,0.750000,0.010402,,7.000000,True,False,False,,,,2096,-,0.000000,
23.000000,6.000000,47.000000,0.000000,4.000000,0.000000,23.000000,0.000000,69.000000,0.000000,5.000000,1.000000,1.000000,0.000000,0.000000,1.000000,0.000000,0.917208,0.242578,0.258080,25.645613,0.695621,0.463747,0.750000,0.001721,,7.000000,True,False,False,,,,2097,-,0.000000,
23.000000,6.000000,47.000000,0.000000,4.000000,0.000000,23.000000,0.000000,62.000000,0.000000,5.000000,1.000000,1.000000,0.000000,0.000000,1.000000,0.000000,0.864713,0.165712,0.268496,25.649595,0.660548,0.440365,0.712500,-0.003982,,7.000000,True,False,False,,,,2098,-,0.000000,
22.000000,7.000000,44.000000,0.000000,7.000000,0.000000,22.000000,0.000000,69.000000,0.000000,5.000000,1.000000,1.000000,0.000000,0.000000,1.000000,0.000000,0.839166,0.290265,0.333674,25.669095,0.626519,0.417679,0.725000,-0.019499,,7.000000,True,False,False,,,,2099,-,0.000000,
22.000000,8.000000,43.000000,0.000000,7.000000,0.000000,22.000000,0.000000,63.000000,0.000000,5.000000,1.000000,1.000000,0.000000,0.000000,1.000000,0.000000,0.935049,0.255743,0.251874,25.635959,0.670686,0.447124,0.750000,0.033136,,7.000000,True,False,False,,,,2100,-,0.000000,
21.000000,9.000000,43.000000,0.000000,7.000000,0.000000,21.000000,0.000000,68.000000,0.000000,5.000000,1.000000,1.000000,0.000000,0.000000,1.000000,0.000000,0.872610,0.234103,0.263105,25.659197,0.685343,0.456895,0.775000,-0.023238,,7.000000,True,False,False,,,,2101,-,0.000000,
21.000000,9.000000,41.000000,0.000000,9.000000,0.000000,21.000000,0.000000,70.000000,0.000000,5.000000,1.000000,1.000000,0.000000,0.000000,1.000000,0.000000,0.928396,0.282606,0.287728,25.656111,0.653773,0.435849,0.737500,0.003086,,7.000000,True,False,False,,,,2102,-,0.000000,
22.000000,9.000000,41.000000,0.000000,8.000000,0.000000,22.000000,0.000000,70.000000,0.000000,5.000000,1.000000,1.000000,0.000000,0.000000,1.000000,0.000000,0.886120,0.148482,0.193721,25.631369,0.695047,0.463364,0.762500,0.024741,,3.000000,True,False,False,,,,2103,-,0.000000,
21.000000,8.000000,43.000000,0.000000,8.000000,0.000000,21.000000,0.000000,70.000000,0.000000,5.000000,1.000000,1.000000,0.000000,0.000000,1.000000,0.000000,0.864555,0.302489,0.276831,25.600907,0.663081,0.442054,0.750000,0.030462,,4.000000,True,False,False,,,,2104,-,0.000000,
23.000000,4.000000,47.000000,0.000000,6.000000,0.000000,23.000000,0.000000,72.000000,0.000000,5.000000,1.000000,1.000000,0.000000,0.000000,1.000000,0.000000,0.895465,0.327746,0.268892,25.524533,0.673553,0.449035,0.750000,0.076375,,5.000000,True,False,False,,,,2105,-,0.000000,
24.000000,5.000000,48.000000,0.000000,3.000000,0.000000,24.000000,0.000000,68.000000,0.000000,5.000000,1.000000,1.000000,0.000000,0.000000,1.000000,0.000000,0.939226,0.160200,0.192720,25.541507,0.694931,0.463287,0.750000,-0.016975,,6.000000,True,False,False,,,,2106,-,0.000000,
24.000000,5.000000,49.000000,0.000000,2.000000,0.000000,24.000000,0.000000,79.000000,0.000000,5.000000,1.000000,1.000000,0.000000,0.000000,1.000000,0.000000,0.958038,0.267753,0.229140,25.523564,0.654582,0.436388,0.725000,0.017944,,7.000000,True,False,False,,,,2107,-,0.000000,
23.000000,5.000000,48.000000,0.000000,4.000000,0.000000,23.000000,0.000000,72.000000,0.000000,5.000000,1.000000,1.000000,0.000000,0.000000,1.000000,0.000000,0.925971,0.112613,0.135942,25.577343,0.680281,0.453521,0.725000,-0.053779,,7.000000,True,False,False,,,,2108,-,0.000000,
22.000000,5.000000,49.000000,0.000000,4.000000,0.000000,22.000000,0.000000,79.000000,0.000000,5.000000,1.000000,1.000000,0.000000,0.000000,1.000000,0.000000,0.970098,0.144008,0.154652,25.568629,0.677734,0.451822,0.737500,0.008714,,7.000000,True,False,False,,,,2109,-,0.000000,
23.000000,5.000000,46.000000,0.000000,6.000000,0.000000,23.000000,0.000000,76.000000,0.000000,5.000000,1.000000,1.000000,0.000000,0.000000,1.000000,0.000000,0.865083,0.165946,0.206520,25.638109,0.676874,0.451249,0.737500,-0.069480,,7.000000,True,False,False,,,,2110,-,0.000000,
21.000000,7.000000,44.000000,0.000000,8.000000,0.000000,21.000000,0.000000,74.000000,0.000000,5.000000,1.000000,1.000000,0.000000,0.000000,1.000000,0.000000,0.833506,0.081317,0.189933,25.725896,0.692810,0.461873,0.750000,-0.087787,,6.000000,True,False,False,,,,2111,-,0.000000,
21.000000,8.000000,44.000000,0.000000,7.000000,0.000000,21.000000,0.000000,68.000000,0.000000,5.000000,1.000000,1.000000,0.000000,0.000000,1.000000,0.000000,0.824718,0.170429,0.243652,25.734152,0.682385,0.454924,0.750000,-0.008256,,7.000000,True,False,False,,,,2112,-,0.000000,
21.000000,9.000000,43.000000,0.000000,7.000000,0.000000,21.000000,0.000000,71.000000,0.000000,5.000000,1.000000,1.000000,0.000000,0.000000,1.000000,0.000000,0.791232,0.176072,0.244220,25.725146,0.709824,0.473216,0.775000,0.009007,,7.000000,True,False,False,,,,2113,-,0.000000,
22.000000,9.000000,41.000000,0.000000,8.000000,0.000000,22.000000,0.000000,76.000000,0.000000,5.000000,1.000000,1.000000,0.000000,0.000000,1.000000,0.000000,0.855091,0.239891,0.254817,25.702827,0.669435,0.446290,0.750000,0.022319,,6.000000,True,False,False,,,,2114,-,0.000000,
23.000000,8.000000,42.000000,0.000000,7.000000,0.000000,23.000000,0.000000,74.000000,0.000000,5.000000,1.000000,1.000000,0.000000,0.000000,1.000000,0.000000,0.848003,0.123277,0.191640,25.749028,0.679604,0.453069,0.725000,-0.046200,,7.000000,True,False,False,,,,2115,-,0.000000,
22.000000,10.000000,39.000000,0.000000,9.000000,0.000000,22.000000,0.000000,75.000000,0.000000,5.000000,1.000000,1.000000,0.000000,0.000000,1.000000,0.000000,0.924215,0.191644,0.218198,25.757830,0.681692,0.454461,0.737500,-0.008802,,7.000000,True,False,False,,,,2116,-,0.000000,
20.000000,11.000000,39.000000,0.000000,10.000000,0.000000,20.000000,0.000000,70.000000,0.000000,5.000000,1.000000,1.000000,0.000000,0.000000,1.000000,0.000000,0.856981,0.110040,0.224903,25.855552,0.698547,0.465698,0.762500,-0.097722,,4.000000,True,False,False,,,,2117,-,0.000000,
22.000000,12.000000,39.000000,0.000000,7.000000,0.000000,22.000000,0.000000,80.000000,0.000000,5.000000,1.000000,1.000000,0.000000,0.000000,1.000000,0.000000,0.799717,0.137966,0.244711,25.878387,0.692240,0.461493,0.762500,-0.022835,,5.000000,True,False,False,,,,2118,-,0.000000,
23.000000,9.000000,44.000000,0.000000,4.000000,0.000000,23.000000,0.000000,67.000000,0.000000,5.000000,1.000000,1.000000,0.000000,0.000000,1.000000,0.000000,0.841334,0.077442,0.181494,25.988693,0.698790,0.465860,0.750000,-0.110306,,6.000000,True,False,False,,,,2119,-,0.000000,
24.000000,10.000000,44.000000,0.000000,2.000000,0.000000,24.000000,0.000000,74.000000,0.000000,5.000000,1.000000,1.000000,0.000000,0.000000,1.000000,0.000000,0.934170,0.165485,0.193787,26.029922,0.681821,0.454547,0.737500,-0.041229,,7.000000,True,False,False,,,,2120,-,0.000000,
24.000000,11.000000,43.000000,0.000000,2.000000,0.000000,24.000000,0.000000,73.000000,0.000000,5.000000,1.000000,1.000000,0.000000,0.000000,1.000000,0.000000,0.923440,0.184089,0.185702,26.023237,0.664496,0.442998,0.712500,0.006685,,6.000000,True,False,False,,,,2121,-,0.000000,
22.000000,12.000000,44.000000,0.000000,2.000000,0.000000,22.000000,0.000000,75.000000,0.000000,5.000000,1.000000,1.000000,0.000000,0.000000,1.000000,0.000000,0.914959,0.115796,0.133389,26.034399,0.674196,0.449464,0.725000,-0.011162,,7.000000,True,False,False,,,,2122,-,0.000000,
19.000000,12.000000,47.000000,0.000000,2.000000,0.000000,19.000000,0.000000,73.000000,0.000000,5.000000,1.000000,1.000000,0.000000,0.000000,1.000000,0.000000,0.950008,0.190392,0.150203,26.029883,0.719140,0.479427,0.775000,0.004515,,7.000000,True,False,False,,,,2123,-,0.000000,
18.000000,12.000000,45.000000,0.000000,5.000000,0.000000,18.000000,0.000000,77.000000,0.000000,5.000000,1.000000,1.000000,0.000000,0.000000,1.000000,0.000000,0.941422,0.159518,0.153926,26.055952,0.727752,0.485168,0.775000,-0.026069,,7.000000,True,False,False,,,,2124,-,0.000000,
18.000000,12.000000,42.000000,0.000000,8.000000,0.000000,18.000000,0.000000,74.000000,0.000000,5.000000,1.000000,1.000000,0.000000,0.000000,1.000000,0.000000,0.957529,0.203584,0.178527,26.011952,0.750218,0.500145,0.800000,0.044000,,7.000000,True,False,False,,,,2125,-,0.000000,
16.000000,13.000000,42.000000,0.000000,9.000000,0.000000,16.000000,0.000000,68.000000,0.000000,5.000000,1.000000,1.000000,0.000000,0.000000,1.000000,0.000000,0.867573,0.073434,0.168510,26.087016,0.755981,0.503987,0.800000,-0.075064,,7.000000,True,False,False,,,,2126,-,0.000000,
17.000000,12.000000,42.000000,0.000000,9.000000,0.000000,17.000000,0.000000,73.000000,0.000000,5.000000,1.000000,1.000000,0.000000,0.000000,1.000000,0.000000,0.953808,0.229056,0.187004,26.027533,0.749474,0.499649,0.812500,0.059484,,7.000000,True,False,False,,,,2127,-,0.000000,
17.000000,8.000000,45.000000,0.000000,10.000000,0.000000,17.000000,0.000000,68.000000,0.000000,5.000000,1.000000,1.000000,0.000000,0.000000,1.000000,0.000000,0.950434,0.211757,0.195839,26.057663,0.726534,0.484356,0.787500,-0.030130,,7.000000,True,False,False,,,,2128,-,0.000000,
19.000000,7.000000,43.000000,0.000000,11.000000,0.000000,19.000000,0.000000,65.000000,0.000000,5.000000,1.000000,1.000000,0.000000,0.000000,1.000000,0.000000,0.994960,0.221534,0.204639,26.029496,0.759553,0.506369,0.825000,0.028167,,7.000000,True,False,False,,,,2129,-,0.000000,
19.000000,5.000000,42.000000,0.000000,14.000000,0.000000,19.000000,0.000000,71.000000,0.000000,5.000000,1.000000,1.000000,0.000000,0.000000,1.000000,0.000000,0.927393,0.376451,0.288757,25.978583,0.694289,0.462860,0.775000,0.050913,,7.000000,True,False,False,,,,2130,-,0.000000,
22.000000,5.000000,41.000000,0.000000,12.000000,0.000000,22.000000,0.000000,78.000000,0.000000,5.000000,1.000000,1.000000,0.000000,0.000000,1.000000,0.000000,0.923446,0.215691,0.221362,26.068385,0.699124,0.466082,0.762500,-0.089802,,5.000000,True,False,False,,,,2131,-,0.000000,
24.000000,6.000000,41.000000,0.000000,9.000000,0.000000,24.000000,0.000000,76.000000,0.000000,5.000000,1.000000,1.000000,0.000000,0.000000,1.000000,0.000000,0.891291,0.257141,0.265339,26.168092,0.684477,0.456318,0.750000,-0.099707,,6.000000,True,False,False,,,,2132,-,0.000000,
23.000000,8.000000,41.000000,0.000000,8.000000,0.000000,23.000000,0.000000,75.000000,0.000000,5.000000,1.000000,1.000000,0.000000,0.000000,1.000000,0.000000,0.897062,0.219386,0.214361,26.219341,0.679569,0.453046,0.750000,-0.051250,,7.000000,True,False,False,,,,2133,-,0.000000,
24.000000,7.000000,42.000000,0.000000,7.000000,0.000000,24.000000,0.000000,81.000000,0.000000,5.000000,1.000000,1.000000,0.000000,0.000000,1.000000,0.000000,0.898940,0.201431,0.252397,26.283617,0.673389,0.448926,0.737500,-0.064276,,7.000000,True,False,False,,,,2134,-,0.000000,
25.000000,7.000000,41.000000,0.000000,7.000000,0.000000,25.000000,0.000000,75.000000,0.000000,5.000000,1.000000,1.000000,0.000000,0.000000,1.000000,0.000000,0.857372,0.084598,0.183903,26.402599,0.654132,0.436088,0.700000,-0.118982,,4.000000,True,False,False,,,,2135,-,0.000000,
27.000000,5.000000,44.000000,0.000000,4.000000,0.000000,27.000000,0.000000,77.000000,0.000000,5.000000,1.000000,1.000000,0.000000,0.000000,1.000000,0.000000,0.939617,0.163971,0.218908,26.448002,0.654891,0.436594,0.712500,-0.045403,,5.000000,True,False,False,,,,2136,-,0.000000,
28.000000,4.000000,45.000000,0.000000,3.000000,0.000000,28.000000,0.000000,73.000000,0.000000,5.000000,1.000000,1.000000,0.000000,0.000000,1.000000,0.000000,0.813093,0.063998,0.238902,26.564604,0.637014,0.424676,0.675000,-0.116603,,6.000000,True,False,False,,,,2137,-,0.000000,
30.000000,3.000000,46.000000,0.000000,1.000000,0.000000,30.000000,0.000000,79.000000,0.000000,5.000000,1.000000,1.000000,0.000000,0.000000,1.000000,0.000000,0.836422,0.147543,0.295792,26.680684,0.578098,0.385398,0.650000,-0.116080,,7.000000,True,False,False,,,,2138,-,0.000000,
29.000000,5.000000,42.000000,0.000000,4.000000,0.000000,29.000000,0.000000,78.000000,0.000000,5.000000,1.000000,1.000000,0.000000,0.000000,1.000000,0.000000,0.861844,0.186696,0.242299,26.707407,0.591324,0.394216,0.650000,-0.026723,,4.000000,True,False,False,,,,2139,-,0.000000,
27.000000,7.000000,42.000000,0.000000,4.000000,0.000000,27.000000,0.000000,75.000000,0.000000,5.000000,1.000000,1.000000,0.000000,0.000000,1.000000,0.000000,0.882547,0.171378,0.246956,26.719939,0.614134,0.409423,0.675000,-0.012532,,5.000000,True,False,False,,,,2140,-,0.000000,
23.000000,8.000000,45.000000,0.000000,4.000000,0.000000,23.000000,0.000000,73.000000,0.000000,5.000000,1.000000,1.000000,0.000000,0.000000,1.000000,0.000000,0.942896,0.149841,0.183550,26.713305,0.644417,0.429612,0.712500,0.006634,,6.000000,True,False,False,,,,2141,-,0.000000,
25.000000,8.000000,45.000000,0.000000,2.000000,0.000000,25.000000,0.000000,81.000000,0.000000,5.000000,1.000000,1.000000,0.000000,0.000000,1.000000,0.000000,0.929782,0.198462,0.227917,26.665041,0.644478,0.429652,0.712500,0.048264,,7.000000,True,False,False,,,,2142,-,0.000000,
26.000000,8.000000,43.000000,0.000000,3.000000,0.000000,26.000000,0.000000,78.000000,0.000000,5.000000,1.000000,1.000000,0.000000,0.000000,1.000000,0.000000,0.935722,0.193787,0.175487,26.590770,0.643537,0.429025,0.687500,0.074271,,6.000000,True,False,False,,,,2143,-,0.000000,
25.000000,7.000000,45.000000,0.000000,3.000000,0.000000,25.000000,0.000000,78.000000,0.000000,5.000000,1.000000,1.000000,0.000000,0.000000,1.000000,0.000000,0.878258,0.328829,0.258274,26.517722,0.640609,0.427073,0.700000,0.073048,,7.000000,True,False,False,,,,2144,-,0.000000,
24.000000,8.000000,45.000000,0.000000,3.000000,0.000000,24.000000,0.000000,79.000000,0.000000,5.000000,1.000000,1.000000,0.000000,0.000000,1.000000,0.000000,0.946560,0.165389,0.138599,26.456867,0.661743,0.441162,0.712500,0.060855,,6.000000,True,False,False,,,,2145,-,0.000000,
24.000000,8.000000,46.000000,0.000000,2.000000,0.000000,24.000000,0.000000,75.000000,0.000000,5.000000,1.000000,1.000000,0.000000,0.000000,1.000000,0.000000,0.976750,0.212678,0.177942,26.403544,0.694136,0.462758,0.737500,0.053323,,7.000000,True,False,False,,,,2146,-,0.000000,
23.000000,8.000000,41.000000,0.000000,8.000000,0.000000,23.000000,0.000000,78.000000,0.000000,5.000000,1.000000,1.000000,0.000000,0.000000,1.000000,0.000000,0.953209,0.179181,0.223771,26.386304,0.660690,0.440460,0.725000,0.017240,,7.000000,True,False,False,,,,2147,-,0.000000,
23.000000,7.000000,40.000000,0.000000,10.000000,0.000000,23.000000,0.000000,72.000000,0.000000,5.000000,1.000000,1.000000,0.000000,0.000000,1.000000,0.000000,0.946192,0.190573,0.246169,26.425419,0.649117,0.432745,0.725000,-0.039114,,6.000000,True,False,False,,,,2148,-,0.000000,
23.000000,6.000000,42.000000,0.000000,9.000000,0.000000,23.000000,0.000000,77.000000,0.000000,5.000000,1.000000,1.000000,0.000000,0.000000,1.000000,0.000000,0.808626,0.115623,0.275596,26.532732,0.678516,0.452344,0.750000,-0.107313,,7.000000,True,False,False,,,,2149,-,0.000000,
24.000000,3.000000,45.000000,0.000000,8.000000,0.000000,24.000000,0.000000,78.000000,0.000000,5.000000,1.000000,1.000000,0.000000,0.000000,1.000000,0.000000,0.864761,0.215184,0.248253,26.489412,0.652541,0.435027,0.725000,0.043320,,5.000000,True,False,False,,,,2150,-,0.000000,
24.000000,4.000000,46.000000,0.000000,6.000000,0.000000,24.000000,0.000000,71.000000,0.000000,5.000000,1.000000,1.000000,0.000000,0.000000,1.000000,0.000000,0.716948,0.005699,0.309573,26.619308,0.673720,0.449147,0.725000,-0.129897,,6.000000,True,False,False,,,,2151,-,0.000000,
24.000000,5.000000,47.000000,0.000000,4.000000,0.000000,24.000000,0.000000,69.000000,0.000000,5.000000,1.000000,1.000000,0.000000,0.000000,1.000000,0.000000,0.868215,-0.037399,0.213572,26.669643,0.687433,0.458289,0.750000,-0.050334,,7.000000,True,False,False,,,,2152,-,0.000000,
23.000000,7.000000,45.000000,0.000000,5.000000,0.000000,23.000000,0.000000,70.000000,0.000000,5.000000,1.000000,1.000000,0.000000,0.000000,1.000000,0.000000,0.876491,0.100827,0.230799,26.723147,0.675865,0.450577,0.750000,-0.053504,,5.000000,True,False,False,,,,2153,-,0.000000,
23.000000,7.000000,46.000000,0.000000,4.000000,0.000000,23.000000,0.000000,67.000000,0.000000,5.000000,1.000000,1.000000,0.000000,0.000000,1.000000,0.000000,0.790318,0.123251,0.294431,26.790448,0.672527,0.448351,0.750000,-0.067301,,6.000000,True,False,False,,,,2154,-,0.000000,
23.000000,8.000000,47.000000,0.000000,2.000000,0.000000,23.000000,0.000000,71.000000,0.000000,5.000000,1.000000,1.000000,0.000000,0.000000,1.000000,0.000000,0.916024,0.206414,0.239057,26.793017,0.675265,0.450177,0.750000,-0.002570,,7.000000,True,False,False,,,,2155,-,0.000000,
22.000000,9.000000,46.000000,0.000000,3.000000,0.000000,22.000000,0.000000,67.000000,0.000000,5.000000,1.000000,1.000000,0.000000,0.000000,1.000000,0.000000,0.894454,0.187520,0.200601,26.699811,0.662652,0.441768,0.725000,0.093206,,7.000000,True,False,False,,,,2156,-,0.000000,
22.000000,8.000000,46.000000,0.000000,4.000000,0.000000,22.000000,0.000000,66.000000,0.000000,5.000000,1.000000,1.000000,0.000000,0.000000,1.000000,0.000000,0.916656,0.180073,0.188153,26.641685,0.664822,0.443215,0.725000,0.058126,,5.000000,True,False,False,,,,2157,-,0.000000,
22.000000,7.000000,47.000000,0.000000,4.000000,0.000000,22.000000,0.000000,68.000000,0.000000,5.000000,1.000000,1.000000,0.000000,0.000000,1.000000,0.000000,0.962775,0.273267,0.240193,26.594223,0.642834,0.428556,0.737500,0.047462,,6.000000,True,False,False,,,,2158,-,0.000000,
24.000000,6.000000,48.000000,0.000000,2.000000,0.000000,24.000000,0.000000,66.000000,0.000000,5.000000,1.000000,1.000000,0.000000,0.000000,1.000000,0.000000,0.957747,0.172510,0.220437,26.504070,0.691622,0.461081,0.737500,0.090153,,6.000000,True,False,False,,,,2159,-,0.000000,
24.000000,7.000000,48.000000,0.000000,1.000000,0.000000,24.000000,0.000000,66.000000,0.000000,5.000000,1.000000,1.000000,0.000000,0.000000,1.000000,0.000000,0.957836,0.219361,0.181718,26.470921,0.669556,0.446371,0.725000,0.033148,,7.000000,True,False,False,,,,2160,-,0.000000,
23.000000,8.000000,46.000000,0.000000,3.000000,0.000000,23.000000,0.000000,67.000000,0.000000,5.000000,1.000000,1.000000,0.000000,0.000000,1.000000,0.000000,0.883334,0.246986,0.236039,26.394782,0.652631,0.435087,0.712500,0.076139,,6.000000,True,False,False,,,,2161,-,0.000000,
21.000000,9.000000,48.000000,0.000000,2.000000,0.000000,21.000000,0.000000,70.000000,0.000000,5.000000,1.000000,1.000000,0.000000,0.000000,1.000000,0.000000,0.865857,0.282437,0.233660,26.298758,0.692439,0.461626,0.750000,0.096025,,7.000000,True,False,False,,,,2162,-,0.000000,
19.000000,9.000000,46.000000,0.000000,6.000000,0.000000,19.000000,0.000000,76.000000,0.000000,5.000000,1.000000,1.000000,0.000000,0.000000,1.000000,0.000000,0.919474,0.238600,0.197476,26.229059,0.706322,0.470882,0.762500,0.069699,,7.000000,True,False,False,,,,2163,-,0.000000,
19.000000,9.000000,45.000000,0.000000,7.000000,0.000000,19.000000,0.000000,64.000000,0.000000,5.000000,1.000000,1.000000,0.000000,0.000000,1.000000,0.000000,0.938931,0.201512,0.227594,26.274844,0.720270,0.480180,0.775000,-0.045785,,5.000000,True,False,False,,,,2164,-,0.000000,
19.000000,9.000000,45.000000,0.000000,7.000000,0.000000,19.000000,0.000000,73.000000,0.000000,5.000000,1.000000,1.000000,0.000000,0.000000,1.000000,0.000000,0.923959,0.254349,0.247313,26.278948,0.691266,0.460844,0.762500,-0.004104,,6.000000,True,False,False,,,,2165,-,0.000000,
20.000000,8.000000,47.000000,0.000000,5.000000,0.000000,20.000000,0.000000,62.000000,0.000000,5.000000,1.000000,1.000000,0.000000,0.000000,1.000000,0.000000,0.880394,0.133839,0.206920,26.373030,0.725780,0.483854,0.775000,-0.094082,,7.000000,True,False,False,,,,2166,-,0.000000,
20.000000,6.000000,48.000000,0.000000,6.000000,0.000000,20.000000,0.000000,72.000000,0.000000,5.000000,1.000000,1.000000,0.000000,0.000000,1.000000,0.000000,0.964211,0.273003,0.246339,26.366916,0.673343,0.448895,0.750000,0.006114,,7.000000,True,False,False,,,,2167,-,0.000000,
22.000000,6.000000,48.000000,0.000000,4.000000,0.000000,22.000000,0.000000,67.000000,0.000000,5.000000,1.000000,1.000000,0.000000,0.000000,1.000000,0.000000,0.881092,0.114332,0.201882,26.438136,0.711249,0.474166,0.762500,-0.071220,,7.000000,True,False,False,,,,2168,-,0.000000,
23.000000,6.000000,47.000000,0.000000,4.000000,0.000000,23.000000,0.000000,71.000000,0.000000,5.000000,1.000000,1.000000,0.000000,0.000000,1.000000,0.000000,0.888368,0.202334,0.233611,26.475991,0.654016,0.436011,0.725000,-0.037854,,6.000000,True,False,False,,,,2169,-,0.000000,
22.000000,6.000000,48.000000,0.000000,4.000000,0.000000,22.000000,0.000000,64.000000,0.000000,5.005691,1.000000,1.000000,0.000000,0.000000,1.000000,0.000000,0.886986,0.108915,0.213713,26.391479,0.678658,0.452439,0.725000,0.084511,,7.000000,True,False,False,,,,2170,-,0.000000,
24.000000,5.000000,48.000000,0.000000,3.000000,0.000000,24.000000,0.000000,67.000000,0.000000,5.000000,1.000000,1.000000,0.000000,0.000000,1.000000,0.000000,0.869609,0.210613,0.241235,26.480326,0.645804,0.430536,0.725000,-0.088847,,7.000000,True,False,False,,,,2171,-,0.000000,
23.000000,6.000000,48.000000,0.000000,3.000000,0.000000,23.000000,0.000000,72.000000,0.000000,5.000000,1.000000,1.000000,0.000000,0.000000,1.000000,0.000000,0.903591,0.210551,0.254289,26.513566,0.636113,0.424075,0.712500,-0.033240,,7.000000,True,False,False,,,,2172,-,0.000000,
24.000000,5.000000,49.000000,0.000000,2.000000,0.000000,24.000000,0.000000,65.000000,0.000000,5.000000,1.000000,1.000000,0.000000,0.000000,1.000000,0.000000,0.915476,0.147897,0.170999,26.508682,0.650633,0.433755,0.712500,0.004884,,7.000000,True,False,False,,,,2173,-,0.000000,
22.000000,6.000000,47.000000,0.000000,5.000000,0.000000,22.000000,0.000000,64.000000,0.000000,5.000000,1.000000,1.000000,0.000000,0.000000,1.000000,0.000000,0.907420,0.228150,0.236692,26.493639,0.658999,0.439333,0.725000,0.015043,,6.000000,True,False,False,,,,2174,-,0.000000,
22.000000,6.000000,47.000000,0.000000,5.000000,0.000000,22.000000,0.000000,65.000000,0.000000,5.000000,1.000000,1.000000,0.000000,0.000000,1.000000,0.000000,0.945841,0.242691,0.200501,26.455168,0.649042,0.432695,0.725000,0.038471,,7.000000,True,False,False,,,,2175,-,0.000000,
21.000000,7.000000,46.000000,0.000000,6.000000,0.000000,21.000000,0.000000,67.000000,0.000000,5.000000,1.000000,1.000000,0.000000,0.000000,1.000000,0.000000,0.936590,0.240568,0.210798,26.450501,0.680031,0.453354,0.750000,0.004667,,7.000000,True,False,False,,,,2176,-,0.000000,
22.000000,5.000000,47.000000,0.000000,6.000000,0.000000,22.000000,0.000000,61.000000,0.000000,5.000000,1.000000,1.000000,0.000000,0.000000,1.000000,0.000000,0.902430,0.194303,0.210351,26.453273,0.680383,0.453589,0.737500,-0.002772,,7.000000,True,False,False,,,,2177,-,0.000000,
24.000000,3.000000,48.000000,0.000000,5.000000,0.000000,24.000000,0.000000,65.000000,0.000000,5.000000,1.000000,1.000000,0.000000,0.000000,1.000000,0.000000,0.921534,0.264150,0.240249,26.452021,0.665201,0.443468,0.737500,0.001252,,7.000000,True,False,False,,,,2178,-,0.000000,
24.000000,4.000000,47.000000,0.000000,5.000000,0.000000,24.000000,0.000000,62.000000,0.000000,5.000000,1.000000,1.000000,0.000000,0.000000,1.000000,0.000000,0.901140,0.238838,0.238886,26.465313,0.664640,0.443093,0.737500,-0.013293,,7.000000,True,False,False,,,,2179,-,0.000000,
22.000000,4.000000,48.000000,0.000000,6.000000,0.000000,22.000000,0.000000,67.000000,0.000000,5.000000,1.000000,1.000000,0.000000,0.000000,1.000000,0.000000,0.896390,0.240418,0.238197,26.483954,0.662332,0.441555,0.750000,-0.018641,,6.000000,True,False,False,,,,2180,-,0.000000,
22.000000,5.000000,48.000000,0.000000,5.000000,0.000000,22.000000,0.000000,71.000000,0.000000,5.000000,1.000000,1.000000,0.000000,0.000000,1.000000,0.000000,0.934284,0.204845,0.217116,26.518679,0.676686,0.451124,0.750000,-0.034725,,7.000000,True,False,False,,,,2181,-,0.000000,
22.000000,6.000000,47.000000,0.000000,5.000000,0.000000,22.000000,0.000000,73.000000,0.000000,5.000000,1.000000,1.000000,0.000000,0.000000,1.000000,0.000000,0.921014,0.221887,0.239343,26.542876,0.664744,0.443163,0.737500,-0.024197,,7.000000,True,False,False,,,,2182,-,0.000000,
23.000000,7.000000,45.000000,0.000000,5.000000,0.000000,23.000000,0.000000,74.000000,0.000000,5.000000,1.000000,1.000000,0.000000,0.000000,1.000000,0.000000,0.898122,0.152260,0.252598,26.571213,0.684121,0.456081,0.750000,-0.028336,,5.000000,True,False,False,,,,2183,-,0.000000,
25.000000,6.000000,46.000000,0.000000,3.000000,0.000000,25.000000,0.000000,68.000000,0.000000,5.000000,1.000000,1.000000,0.000000,0.000000,1.000000,0.000000,0.903474,0.147273,0.197920,26.599971,0.661978,0.441318,0.712500,-0.028759,,6.000000,True,False,False,,,,2184,-,0.000000,
22.000000,8.000000,47.000000,0.000000,3.000000,0.000000,22.000000,0.000000,73.000000,0.000000,5.000000,1.000000,1.000000,0.000000,0.000000,1.000000,0.000000,0.836805,0.123746,0.251947,26.671849,0.662711,0.441807,0.725000,-0.071878,,7.000000,True,False,False,,,,2185,-,0.000000,
20.000000,9.000000,46.000000,0.000000,5.000000,0.000000,20.000000,0.000000,58.000000,0.000000,5.000000,1.000000,1.000000,0.000000,0.000000,1.000000,0.000000,0.843929,0.084984,0.213058,26.689832,0.718479,0.478986,0.775000,-0.017983,,5.000000,True,False,False,,,,2186,-,0.000000,
19.000000,11.000000,46.000000,0.000000,4.000000,0.000000,19.000000,0.000000,64.000000,0.000000,5.000000,1.000000,1.000000,0.000000,0.000000,1.000000,0.000000,0.790755,0.250444,0.297792,26.708076,0.707572,0.471715,0.787500,-0.018244,,6.000000,True,False,False,,,,2187,-,0.000000,
19.000000,10.000000,47.000000,0.000000,4.000000,0.000000,19.000000,0.000000,69.000000,0.000000,5.000000,1.000000,1.000000,0.000000,0.000000,1.000000,0.000000,0.953392,0.254224,0.245114,26.655275,0.689878,0.459919,0.762500,0.052801,,7.000000,True,False,False,,,,2188,-,0.000000,
21.000000,10.000000,46.000000,0.000000,3.000000,0.000000,21.000000,0.000000,67.000000,0.000000,5.000000,1.000000,1.000000,0.000000,0.000000,1.000000,0.000000,0.874304,0.164234,0.196955,26.652713,0.701446,0.467631,0.762500,0.002562,,7.000000,True,False,False,,,,2189,-,0.000000,
21.000000,6.000000,49.000000,0.000000,4.000000,0.000000,21.000000,0.000000,71.000000,0.000000,5.000000,1.000000,1.000000,0.000000,0.000000,1.000000,0.000000,0.858246,0.150433,0.231354,26.702820,0.686814,0.457876,0.737500,-0.050106,,7.000000,True,False,False,,,,2190,-,0.000000,
20.000000,7.000000,49.000000,0.000000,4.000000,0.000000,20.000000,0.000000,65.000000,0.000000,5.000000,1.000000,1.000000,0.000000,0.000000,1.000000,0.000000,0.985045,0.168553,0.186317,26.670637,0.701327,0.467551,0.762500,0.032183,,7.000000,True,False,False,,,,2191,-,0.000000,
21.000000,7.000000,48.000000,0.000000,4.000000,0.000000,21.000000,0.000000,71.000000,0.000000,5.000000,1.000000,1.000000,0.000000,0.000000,1.000000,0.000000,0.917617,0.183279,0.240592,26.708415,0.698069,0.465379,0.750000,-0.037778,,6.000000,True,False,False,,,,2192,-,0.000000,
20.000000,8.000000,48.000000,0.000000,4.000000,0.000000,20.000000,0.000000,73.000000,0.000000,5.000000,1.000000,1.000000,0.000000,0.000000,1.000000,0.000000,0.894263,0.156727,0.205266,26.749068,0.694157,0.462771,0.750000,-0.040653,,7.000000,True,False,False,,,,2193,-,0.000000,
22.000000,6.000000,49.000000,0.000000,3.000000,0.000000,22.000000,0.000000,65.000000,0.000000,5.000000,1.000000,1.000000,0.000000,0.000000,1.000000,0.000000,0.883453,0.132275,0.216874,26.784405,0.707434,0.471622,0.750000,-0.035337,,6.000000,True,False,False,,,,2194,-,0.000000,
21.000000,5.000000,51.000000,0.000000,3.000000,0.000000,21.000000,0.000000,74.000000,0.000000,5.000000,1.000000,1.000000,0.000000,0.000000,1.000000,0.000000,0.943304,0.261431,0.261626,26.793614,0.664311,0.442874,0.737500,-0.009209,,7.000000,True,False,False,,,,2195,-,0.000000,
20.000000,5.000000,51.000000,0.000000,4.000000,0.000000,20.000000,0.000000,73.000000,0.000000,5.000000,1.000000,1.000000,0.000000,0.000000,1.000000,0.000000,0.948860,0.168249,0.178484,26.724814,0.696526,0.464351,0.750000,0.068799,,7.000000,True,False,False,,,,2196,-,0.000000,
21.000000,4.000000,48.000000,0.000000,7.000000,0.000000,21.000000,0.000000,78.000000,0.000000,5.000000,1.000000,1.000000,0.000000,0.000000,1.000000,0.000000,0.938141,0.248527,0.200141,26.673385,0.690441,0.460294,0.750000,0.051430,,7.000000,True,False,False,,,,2197,-,0.000000,
22.000000,2.000000,49.000000,0.000000,7.000000,0.000000,22.000000,0.000000,71.000000,0.000000,5.000000,1.000000,1.000000,0.000000,0.000000,1.000000,0.000000,0.943846,0.234135,0.203711,26.608552,0.677990,0.451993,0.737500,0.064833,,7.000000,True,False,False,,,,2198,-,0.000000,
21.000000,1.000000,50.000000,0.000000,8.000000,0.000000,21.000000,0.000000,74.000000,0.000000,5.000000,1.000000,1.000000,0.000000,0.000000,1.000000,0.000000,0.903023,0.327726,0.282330,26.556952,0.655150,0.436767,0.737500,0.051600,,7.000000,True,False,False,,,,2199,-,0.000000,
24.000000,1.000000,49.000000,0.000000,6.000000,0.000000,24.000000,0.000000,80.000000,0.000000,5.000000,1.000000,1.000000,0.000000,0.000000,1.000000,0.000000,0.933185,0.295779,0.275213,26.532305,0.659692,0.439795,0.737500,0.024647,,7.000000,True,False,False,,,,2200,-,0.000000,
25.000000,1.000000,48.000000,0.000000,6.000000,0.000000,25.000000,0.000000,72.000000,0.000000,5.000000,1.000000,1.000000,0.000000,0.000000,1.000000,0.000000,0.988665,0.247568,0.242887,26.517759,0.646106,0.430737,0.700000,0.014546,,5.000000,True,False,False,,,,2201,-,0.000000,
22.000000,4.000000,48.000000,0.000000,6.000000,0.000000,22.000000,0.000000,72.000000,0.000000,5.000000,1.000000,1.000000,0.000000,0.000000,1.000000,0.000000,0.993251,0.286722,0.246204,26.516346,0.639971,0.426648,0.725000,0.001413,,6.000000,True,False,False,,,,2202,-,0.000000,
22.000000,4.000000,49.000000,0.000000,5.000000,0.000000,22.000000,0.000000,73.000000,0.000000,5.000000,1.000000,1.000000,0.000000,0.000000,1.000000,0.000000,0.956639,0.224853,0.230827,26.497590,0.667454,0.444969,0.737500,0.018756,,7.000000,True,False,False,,,,2203,-,0.000000,
23.000000,5.000000,48.000000,0.000000,4.000000,0.000000,23.000000,0.000000,75.000000,0.000000,5.000000,1.000000,1.000000,0.000000,0.000000,1.000000,0.000000,0.891892,0.224950,0.255516,26.525173,0.657318,0.438212,0.737500,-0.027583,,7.000000,True,False,False,,,,2204,-,0.000000,
23.000000,6.000000,47.000000,0.000000,4.000000,0.000000,23.000000,0.000000,69.000000,0.000000,5.000000,1.000000,1.000000,0.000000,0.000000,1.000000,0.000000,0.840875,0.167154,0.238518,26.581197,0.678998,0.452665,0.737500,-0.056024,,5.000000,True,False,False,,,,2205,-,0.000000,
24.000000,4.000000,49.000000,0.000000,3.000000,0.000000,24.000000,0.000000,71.000000,0.000000,5.000000,1.000000,1.000000,0.000000,0.000000,1.000000,0.000000,0.900934,0.144443,0.218503,26.672490,0.656477,0.437651,0.725000,-0.091293,,6.000000,True,False,False,,,,2206,-,0.000000,
25.000000,4.000000,49.000000,0.000000,2.000000,0.000000,25.000000,0.000000,73.000000,0.000000,5.000000,1.000000,1.000000,0.000000,0.000000,1.000000,0.000000,0.775883,0.114623,0.228653,26.810141,0.648095,0.432063,0.712500,-0.137652,,7.000000,True,False,False,,,,2207,-,0.000000,
21.000000,8.000000,46.000000,0.000000,5.000000,0.000000,21.000000,0.000000,69.000000,0.000000,5.000000,1.000000,1.000000,0.000000,0.000000,1.000000,0.000000,0.921056,0.139214,0.187833,26.741641,0.676617,0.451078,0.737500,0.068501,,7.000000,True,False,False,,,,2208,-,0.000000,
20.000000,9.000000,47.000000,0.000000,4.000000,0.000000,20.000000,0.000000,76.000000,0.000000,5.000000,1.000000,1.000000,0.000000,0.000000,1.000000,0.000000,0.948680,0.105264,0.161375,26.771390,0.713217,0.475478,0.775000,-0.029749,,7.000000,True,False,False,,,,2209,-,0.000000,
21.000000,9.000000,44.000000,0.000000,6.000000,0.000000,21.000000,0.000000,69.000000,0.000000,5.000000,1.000000,1.000000,0.000000,0.000000,1.000000,0.000000,0.855033,0.197460,0.241044,26.711169,0.689129,0.459420,0.750000,0.060220,,7.000000,True,False,False,,,,2210,-,0.000000,
22.000000,7.000000,44.000000,0.000000,7.000000,0.000000,22.000000,0.000000,76.000000,0.000000,5.000000,1.000000,1.000000,0.000000,0.000000,1.000000,0.000000,0.908400,0.238095,0.210171,26.654824,0.662152,0.441435,0.737500,0.056345,,6.000000,True,False,False,,,,2211,-,0.000000,
23.000000,6.000000,45.000000,0.000000,6.000000,0.000000,23.000000,0.000000,72.000000,0.000000,5.000000,1.000000,1.000000,0.000000,0.000000,1.000000,0.000000,0.851081,0.250632,0.220356,26.575743,0.675124,0.450083,0.737500,0.079081,,7.000000,True,False,False,,,,2212,-,0.000000,
23.000000,6.000000,44.000000,0.000000,7.000000,0.000000,23.000000,0.000000,66.000000,0.000000,5.000000,1.000000,1.000000,0.000000,0.000000,1.000000,0.000000,0.954474,0.214687,0.194872,26.600738,0.650001,0.433334,0.712500,-0.024995,,7.000000,True,False,False,,,,2213,-,0.000000,
22.000000,4.000000,47.000000,0.000000,7.000000,0.000000,22.000000,0.000000,73.000000,0.000000,5.000000,1.000000,1.000000,0.000000,0.000000,1.000000,0.000000,0.942010,0.301718,0.252892,26.521923,0.662580,0.441720,0.750000,0.078815,,7.000000,True,False,False,,,,2214,-,0.000000,
23.000000,5.000000,45.000000,0.000000,7.000000,0.000000,23.000000,0.000000,72.000000,0.000000,5.000000,1.000000,1.000000,0.000000,0.000000,1.000000,0.000000,0.848472,0.242662,0.265848,26.424715,0.688697,0.459131,0.750000,0.097207,,7.000000,True,False,False,,,,2215,-,0.000000,
25.000000,5.000000,43.000000,0.000000,7.000000,0.000000,25.000000,0.000000,76.000000,0.000000,5.000000,1.000000,1.000000,0.000000,0.000000,1.000000,0.000000,0.924172,0.390748,0.313581,26.380096,0.648062,0.432041,0.737500,0.044619,,7.000000,True,False,False,,,,2216,-,0.000000,
26.000000,5.000000,43.000000,0.000000,6.000000,0.000000,26.000000,0.000000,78.000000,0.000000,5.000000,1.000000,1.000000,0.000000,0.000000,1.000000,0.000000,0.879354,0.235175,0.255014,26.428397,0.616953,0.411302,0.687500,-0.048301,,7.000000,True,False,False,,,,2217,-,0.000000,
23.000000,8.000000,43.000000,0.000000,6.000000,0.000000,23.000000,0.000000,81.000000,0.000000,5.000000,1.000000,1.000000,0.000000,0.000000,1.000000,0.000000,0.933915,0.195861,0.216047,26.461589,0.646398,0.430932,0.725000,-0.033192,,7.000000,True,False,False,,,,2218,-,0.000000,
22.000000,9.000000,41.000000,0.000000,8.000000,0.000000,22.000000,0.000000,74.000000,0.000000,5.000000,1.000000,1.000000,0.000000,0.000000,1.000000,0.000000,0.890710,0.129813,0.197634,26.491924,0.664103,0.442735,0.737500,-0.030334,,4.000000,True,False,False,,,,2219,-,0.000000,
24.000000,8.000000,42.000000,0.000000,6.000000,0.000000,24.000000,0.000000,80.000000,0.000000,5.000000,1.000000,1.000000,0.000000,0.000000,1.000000,0.000000,0.806324,0.128877,0.265206,26.642833,0.645116,0.430077,0.725000,-0.150910,,5.000000,True,False,False,,,,2220,-,0.000000,
24.000000,7.000000,44.000000,0.000000,5.000000,0.000000,24.000000,0.000000,75.000000,0.000000,5.000000,1.000000,1.000000,0.000000,0.000000,1.000000,0.000000,0.798135,0.048609,0.233033,26.703093,0.670230,0.446820,0.725000,-0.060260,,6.000000,True,False,False,,,,2221,-,0.000000,
23.000000,7.000000,45.000000,0.000000,5.000000,0.000000,23.000000,0.000000,73.000000,0.000000,5.000000,1.000000,1.000000,0.000000,0.000000,1.000000,0.000000,0.870424,0.140955,0.203957,26.775706,0.631666,0.421111,0.712500,-0.072613,,7.000000,True,False,False,,,,2222,-,0.000000,
22.000000,10.000000,45.000000,0.000000,3.000000,0.000000,22.000000,0.000000,72.000000,0.000000,5.000000,1.000000,1.000000,0.000000,0.000000,1.000000,0.000000,0.906790,0.208396,0.210553,26.731191,0.709304,0.472869,0.787500,0.044515,,6.000000,True,False,False,,,,2223,-,0.000000,
24.000000,10.000000,45.000000,0.000000,1.000000,0.000000,24.000000,0.000000,78.000000,0.000000,5.000000,1.000000,1.000000,0.000000,0.000000,1.000000,0.000000,0.881017,0.128282,0.155759,26.749799,0.666255,0.444170,0.725000,-0.018607,,7.000000,True,False,False,,,,2224,-,0.000000,
23.000000,9.000000,43.000000,0.000000,5.000000,0.000000,23.000000,0.000000,76.000000,0.000000,5.000000,1.000000,1.000000,0.000000,0.000000,1.000000,0.000000,0.894149,0.083630,0.174204,26.746024,0.666525,0.444350,0.712500,0.003775,,7.000000,True,False,False,,,,2225,-,0.000000,
22.000000,10.000000,42.000000,0.000000,6.000000,0.000000,22.000000,0.000000,72.000000,0.000000,5.000000,1.000000,1.000000,0.000000,0.000000,1.000000,0.000000,0.910093,0.186927,0.167191,26.627374,0.659483,0.439656,0.725000,0.118650,,5.000000,True,False,False,,,,2226,-,0.000000,
23.000000,9.000000,43.000000,0.000000,5.000000,0.000000,23.000000,0.000000,74.000000,0.000000,5.000000,1.000000,1.000000,0.000000,0.000000,1.000000,0.000000,0.980573,0.178430,0.207045,26.589517,0.660976,0.440650,0.725000,0.037856,,6.000000,True,False,False,,,,2227,-,0.000000,
22.000000,7.000000,46.000000,0.000000,5.000000,0.000000,22.000000,0.000000,71.000000,0.000000,5.000000,1.000000,1.000000,0.000000,0.000000,1.000000,0.000000,0.939655,0.223629,0.207859,26.512542,0.669732,0.446488,0.725000,0.076976,,7.000000,True,False,False,,,,2228,-,0.000000,
24.000000,8.000000,44.000000,0.000000,4.000000,0.000000,24.000000,0.000000,73.000000,0.000000,5.000000,1.000000,1.000000,0.000000,0.000000,1.000000,0.000000,0.967093,0.220751,0.198868,26.458781,0.676077,0.450718,0.737500,0.053761,,7.000000,True,False,False,,,,2229,-,0.000000,
25.000000,7.000000,44.000000,0.000000,4.000000,0.000000,25.000000,0.000000,82.000000,0.000000,5.000000,1.000000,1.000000,0.000000,0.000000,1.000000,0.000000,0.945665,0.275814,0.246824,26.475522,0.657137,0.438091,0.712500,-0.016741,,7.000000,True,False,False,,,,2230,-,0.000000,
24.000000,6.000000,45.000000,0.000000,5.000000,0.000000,24.000000,0.000000,73.000000,0.000000,5.000000,1.000000,1.000000,0.000000,0.000000,1.000000,0.000000,0.991947,0.161732,0.165500,26.462338,0.652122,0.434748,0.700000,0.013183,,7.000000,True,False,False,,,,2231,-,0.000000,
22.000000,8.000000,45.000000,0.000000,5.000000,0.000000,22.000000,0.000000,71.000000,0.000000,5.000000,1.000000,1.000000,0.000000,0.000000,1.000000,0.000000,0.940414,0.260316,0.260880,26.493399,0.672183,0.448122,0.737500,-0.031060,,6.000000,True,False,False,,,,2232,-,0.000000,
19.000000,10.000000,46.000000,0.000000,5.000000,0.000000,19.000000,0.000000,79.000000,0.000000,5.000000,1.000000,1.000000,0.000000,0.000000,1.000000,0.000000,0.868457,0.286898,0.261212,26.575060,0.692781,0.461854,0.762500,-0.081661,,7.000000,True,False,False,,,,2233,-,0.000000,
21.000000,11.000000,44.000000,0.000000,4.000000,0.000000,21.000000,0.000000,78.000000,0.000000,5.000000,1.000000,1.000000,0.000000,0.000000,1.000000,0.000000,0.942279,0.215120,0.177429,26.626769,0.742441,0.494961,0.787500,-0.051709,,7.000000,True,False,False,,,,2234,-,0.000000,
20.000000,10.000000,45.000000,0.000000,5.000000,0.000000,20.000000,0.000000,81.000000,0.000000,5.000000,1.000000,1.000000,0.000000,0.000000,1.000000,0.000000,0.949933,0.240540,0.204306,26.646342,0.698364,0.465576,0.750000,-0.019573,,7.000000,True,False,False,,,,2235,-,0.000000,
20.000000,10.000000,45.000000,0.000000,5.000000,0.000000,20.000000,0.000000,75.000000,0.000000,5.000000,1.000000,1.000000,0.000000,0.000000,1.000000,0.000000,0.931358,0.224613,0.190972,26.670897,0.707738,0.471825,0.762500,-0.024555,,4.000000,True,False,False,,,,2236,-,0.000000,
18.000000,10.000000,47.000000,0.000000,5.000000,0.000000,18.000000,0.000000,72.000000,0.000000,5.000000,1.000000,1.000000,0.000000,0.000000,1.000000,0.000000,0.951947,0.169172,0.181147,26.670941,0.713134,0.475423,0.775000,-0.000044,,5.000000,True,False,False,,,,2237,-,0.000000,
19.000000,10.000000,47.000000,0.000000,4.000000,0.000000,19.000000,0.000000,74.000000,0.000000,5.000000,1.000000,1.000000,0.000000,0.000000,1.000000,0.000000,0.945262,0.359537,0.264390,26.623940,0.702906,0.468604,0.775000,0.047001,,6.000000,True,False,False,,,,2238,-,0.000000,
20.000000,9.000000,48.000000,0.000000,3.000000,0.000000,20.000000,0.000000,74.000000,0.000000,5.000000,1.000000,1.000000,0.000000,0.000000,1.000000,0.000000,0.910457,0.169167,0.192698,26.624784,0.725880,0.483920,0.775000,-0.000844,,7.000000,True,False,False,,,,2239,-,0.000000,
21.000000,7.000000,49.000000,0.000000,3.000000,0.000000,21.000000,0.000000,81.000000,0.000000,5.000000,1.000000,1.000000,0.000000,0.000000,1.000000,0.000000,0.911616,0.229728,0.201140,26.618704,0.697624,0.465082,0.750000,0.006079,,7.000000,True,False,False,,,,2240,-,0.000000,
19.000000,10.000000,46.000000,0.000000,5.000000,0.000000,19.000000,0.000000,78.000000,0.000000,5.000000,1.000000,1.000000,0.000000,0.000000,1.000000,0.000000,0.865585,0.137490,0.234338,26.652558,0.720398,0.480265,0.775000,-0.033854,,7.000000,True,False,False,,,,2241,-,0.000000,
19.000000,8.000000,48.000000,0.000000,5.000000,0.000000,19.000000,0.000000,75.000000,0.000000,5.000000,1.000000,1.000000,0.000000,0.000000,1.000000,0.000000,0.948318,0.180801,0.162095,26.650604,0.718482,0.478988,0.775000,0.001955,,7.000000,True,False,False,,,,2242,-,0.000000,
18.000000,6.000000,50.000000,0.000000,6.000000,0.000000,18.000000,0.000000,72.000000,0.000000,5.000000,1.000000,1.000000,0.000000,0.000000,1.000000,0.000000,0.916272,0.149123,0.207354,26.636357,0.733959,0.489306,0.787500,0.014247,,7.000000,True,False,False,,,,2243,-,0.000000,
19.000000,5.000000,49.000000,0.000000,7.000000,0.000000,19.000000,0.000000,70.000000,0.000000,5.000000,1.000000,1.000000,0.000000,0.000000,1.000000,0.000000,0.836521,0.134896,0.224346,26.717246,0.731888,0.487925,0.787500,-0.080889,,7.000000,True,False,False,,,,2244,-,0.000000,
19.000000,5.000000,48.000000,0.000000,8.000000,0.000000,19.000000,0.000000,64.000000,0.000000,5.000000,1.000000,1.000000,0.000000,0.000000,1.000000,0.000000,0.854818,0.169464,0.245679,26.734111,0.738555,0.492370,0.800000,-0.016865,,6.000000,True,False,False,,,,2245,-,0.000000,
20.000000,4.000000,49.000000,0.000000,7.000000,0.000000,20.000000,0.000000,76.000000,0.000000,5.000000,1.000000,1.000000,0.000000,0.000000,1.000000,0.000000,0.774535,0.180839,0.277929,26.834485,0.715193,0.476795,0.787500,-0.100375,,7.000000,True,False,False,,,,2246,-,0.000000,
21.000000,4.000000,47.000000,0.000000,8.000000,0.000000,21.000000,0.000000,75.000000,0.000000,5.000000,1.000000,1.000000,0.000000,0.000000,1.000000,0.000000,0.753176,0.112959,0.278488,27.031486,0.677624,0.451749,0.750000,-0.197001,,7.000000,True,False,False,,,,2247,-,0.000000,
21.000000,5.000000,44.000000,0.000000,10.000000,0.000000,21.000000,0.000000,73.000000,0.000000,5.000000,1.000000,1.000000,0.000000,0.000000,1.000000,0.000000,0.777374,0.112621,0.264209,27.196907,0.669621,0.446414,0.750000,-0.165421,,7.000000,True,False,False,,,,2248,-,0.000000,
24.000000,5.000000,43.000000,0.000000,8.000000,0.000000,24.000000,0.000000,80.000000,0.000000,5.000000,1.000000,1.000000,0.000000,0.000000,1.000000,0.000000,0.928252,0.137867,0.218947,27.223901,0.671855,0.447903,0.750000,-0.026994,,6.000000,True,False,False,,,,2249,-,0.000000,
21.000000,6.000000,45.000000,0.000000,8.000000,0.000000,21.000000,0.000000,75.000000,0.000000,5.000000,1.000000,1.000000,0.000000,0.000000,1.000000,0.000000,0.878134,0.190205,0.234751,27.280547,0.659674,0.439783,0.750000,-0.056646,,7.000000,True,False,False,,,,2250,-,0.000000,
20.000000,8.000000,44.000000,0.000000,8.000000,0.000000,20.000000,0.000000,71.000000,0.000000,5.000000,1.000000,1.000000,0.000000,0.000000,1.000000,0.000000,0.929257,0.112242,0.171639,27.277652,0.697179,0.464786,0.775000,0.002895,,7.000000,True,False,False,,,,2251,-,0.000000,
22.000000,8.000000,44.000000,0.000000,6.000000,0.000000,22.000000,0.000000,75.000000,0.000000,5.000000,1.000000,1.000000,0.000000,0.000000,1.000000,0.000000,0.834901,0.238658,0.219075,27.159335,0.708417,0.472278,0.787500,0.118317,,7.000000,True,False,False,,,,2252,-,0.000000,
23.000000,8.000000,43.000000,0.000000,6.000000,0.000000,23.000000,0.000000,76.000000,0.000000,5.000000,1.000000,1.000000,0.000000,0.000000,1.000000,0.000000,0.927590,0.155219,0.161583,27.116121,0.655450,0.436966,0.725000,0.043215,,6.000000,True,False,False,,,,2253,-,0.000000,
24.000000,5.000000,46.000000,0.000000,5.000000,0.000000,24.000000,0.000000,73.000000,0.000000,5.000000,1.000000,1.000000,0.000000,0.000000,1.000000,0.000000,0.755985,0.298944,0.262549,26.962332,0.628516,0.419011,0.712500,0.153788,,7.000000,True,False,False,,,,2254,-,0.000000,
24.000000,4.000000,46.000000,0.000000,6.000000,0.000000,24.000000,0.000000,74.000000,0.000000,5.000000,1.000000,1.000000,0.000000,0.000000,1.000000,0.000000,0.862966,0.224664,0.228308,26.933685,0.620153,0.413435,0.712500,0.028647,,7.000000,True,False,False,,,,2255,-,0.000000,
24.000000,4.000000,46.000000,0.000000,6.000000,0.000000,24.000000,0.000000,76.000000,0.000000,5.000000,1.000000,1.000000,0.000000,0.000000,1.000000,0.000000,0.959099,0.187443,0.214389,26.944937,0.626313,0.417542,0.712500,-0.011252,,7.000000,True,False,False,,,,2256,-,0.000000,
24.000000,6.000000,44.000000,0.000000,6.000000,0.000000,24.000000,0.000000,69.000000,0.000000,5.000000,1.000000,1.000000,0.000000,0.000000,1.000000,0.000000,0.904840,0.165892,0.202414,26.943066,0.641732,0.427822,0.725000,0.001872,,6.000000,True,False,False,,,,2257,-,0.000000,
25.000000,5.000000,45.000000,0.000000,5.000000,0.000000,25.000000,0.000000,73.000000,0.000000,5.000000,1.000000,1.000000,0.000000,0.000000,1.000000,0.000000,0.926815,0.395001,0.284997,26.878273,0.603946,0.402631,0.712500,0.064792,,7.000000,True,False,False,,,,2258,-,0.000000,
26.000000,5.000000,44.000000,0.000000,5.000000,0.000000,26.000000,0.000000,71.000000,0.000000,5.000000,1.000000,1.000000,0.000000,0.000000,1.000000,0.000000,0.979427,0.274623,0.253239,26.895690,0.601418,0.400945,0.700000,-0.017417,,7.000000,True,False,False,,,,2259,-,0.000000,
25.000000,6.000000,44.000000,0.000000,5.000000,0.000000,25.000000,0.000000,73.000000,0.000000,5.000000,1.000000,1.000000,0.000000,0.000000,1.000000,0.000000,0.945097,0.195154,0.251035,26.934107,0.616376,0.410917,0.712500,-0.038416,,6.000000,True,False,False,,,,2260,-,0.000000,
24.000000,6.000000,45.000000,0.000000,5.000000,0.000000,24.000000,0.000000,77.000000,0.000000,5.000000,1.000000,1.000000,0.000000,0.000000,1.000000,0.000000,0.915080,0.208161,0.207103,26.953765,0.622527,0.415018,0.712500,-0.019658,,7.000000,True,False,False,,,,2261,-,0.000000,
25.000000,7.000000,44.000000,0.000000,4.000000,0.000000,25.000000,0.000000,78.000000,0.000000,5.000000,1.000000,1.000000,0.000000,0.000000,1.000000,0.000000,0.919050,0.224199,0.230408,26.984713,0.629929,0.419953,0.712500,-0.030947,,5.000000,True,False,False,,,,2262,-,0.000000,
24.000000,7.000000,45.000000,0.000000,4.000000,0.000000,24.000000,0.000000,79.000000,0.000000,5.000000,1.000000,1.000000,0.000000,0.000000,1.000000,0.000000,0.989130,0.181885,0.160945,26.951890,0.637820,0.425213,0.712500,0.032823,,6.000000,True,False,False,,,,2263,-,0.000000,
25.000000,7.000000,46.000000,0.000000,2.000000,0.000000,25.000000,0.000000,76.000000,0.000000,5.000000,1.000000,1.000000,0.000000,0.000000,1.000000,0.000000,0.949873,0.164470,0.176639,26.943857,0.659022,0.439348,0.712500,0.008033,,7.000000,True,False,False,,,,2264,-,0.000000,
25.000000,7.000000,44.000000,0.000000,4.000000,0.000000,25.000000,0.000000,78.000000,0.000000,5.000000,1.000000,1.000000,0.000000,0.000000,1.000000,0.000000,0.794066,0.173355,0.270730,26.930977,0.643463,0.428975,0.712500,0.012880,,7.000000,True,False,False,,,,2265,-,0.000000,
25.000000,7.000000,43.000000,0.000000,5.000000,0.000000,25.000000,0.000000,75.000000,0.000000,5.000000,1.000000,1.000000,0.000000,0.000000,1.000000,0.000000,0.912054,0.079566,0.150616,26.956109,0.639996,0.426664,0.687500,-0.025132,,7.000000,True,False,False,,,,2266,-,0.000000,
24.000000,7.000000,43.000000,0.000000,6.000000,0.000000,24.000000,0.000000,74.000000,0.000000,5.000000,1.000000,1.000000,0.000000,0.000000,1.000000,0.000000,0.843160,0.199630,0.267223,26.978381,0.625389,0.416926,0.712500,-0.022272,,7.000000,True,False,False,,,,2267,-,0.000000,
25.000000,7.000000,42.000000,0.000000,6.000000,0.000000,25.000000,0.000000,74.000000,0.000000,5.000000,1.000000,1.000000,0.000000,0.000000,1.000000,0.000000,0.990578,0.171953,0.198223,26.974888,0.625840,0.417227,0.700000,0.003493,,6.000000,True,False,False,,,,2268,-,0.000000,
23.000000,8.000000,44.000000,0.000000,5.000000,0.000000,23.000000,0.000000,77.000000,0.000000,5.000000,1.000000,1.000000,0.000000,0.000000,1.000000,0.000000,0.928412,0.141100,0.193192,26.959471,0.655027,0.436685,0.725000,0.015417,,7.000000,True,False,False,,,,2269,-,0.000000,
25.000000,8.000000,43.000000,0.000000,4.000000,0.000000,25.000000,0.000000,76.000000,0.000000,5.000000,1.000000,1.000000,0.000000,0.000000,1.000000,0.000000,0.976816,0.208493,0.211359,26.913308,0.642513,0.428342,0.712500,0.046163,,7.000000,True,False,False,,,,2270,-,0.000000,
26.000000,7.000000,44.000000,0.000000,3.000000,0.000000,26.000000,0.000000,69.000000,0.000000,5.000000,1.000000,1.000000,0.000000,0.000000,1.000000,0.000000,0.887147,0.099256,0.199550,26.946931,0.668232,0.445488,0.712500,-0.033623,,5.000000,True,False,False,,,,2271,-,0.000000,
24.000000,8.000000,45.000000,0.000000,3.000000,0.000000,24.000000,0.000000,78.000000,0.000000,5.000000,1.000000,1.000000,0.000000,0.000000,1.000000,0.000000,0.951724,0.317460,0.234848,26.889125,0.634573,0.423048,0.712500,0.057806,,6.000000,True,False,False,,,,2272,-,0.000000,
22.000000,6.000000,49.000000,0.000000,3.000000,0.000000,22.000000,0.000000,76.000000,0.000000,5.000000,1.000000,1.000000,0.000000,0.000000,1.000000,0.000000,0.972670,0.233387,0.229671,26.875672,0.651636,0.434424,0.725000,0.013454,,7.000000,True,False,False,,,,2273,-,0.000000,
20.000000,8.000000,47.000000,0.000000,5.000000,0.000000,20.000000,0.000000,81.000000,0.000000,5.000000,1.000000,1.000000,0.000000,0.000000,1.000000,0.000000,0.963083,0.159315,0.139411,26.837526,0.679787,0.453191,0.750000,0.038145,,6.000000,True,False,False,,,,2274,-,0.000000,
22.000000,8.000000,47.000000,0.000000,3.000000,0.000000,22.000000,0.000000,74.000000,0.000000,5.000000,1.000000,1.000000,0.000000,0.000000,1.000000,0.000000,0.936659,0.119515,0.159322,26.808948,0.713871,0.475914,0.762500,0.028579,,7.000000,True,False,False,,,,2275,-,0.000000,
21.000000,9.000000,44.000000,0.000000,6.000000,0.000000,21.000000,0.000000,79.000000,0.000000,5.000000,1.000000,1.000000,0.000000,0.000000,1.000000,0.000000,0.987744,0.204102,0.198921,26.802844,0.665067,0.443378,0.737500,0.006103,,5.000000,True,False,False,,,,2276,-,0.000000,
22.000000,9.000000,44.000000,0.000000,5.000000,0.000000,22.000000,0.000000,79.000000,0.000000,5.000000,1.000000,1.000000,0.000000,0.000000,1.000000,0.000000,0.941793,0.151443,0.203732,26.821570,0.685700,0.457133,0.750000,-0.018726,,6.000000,True,False,False,,,,2277,-,0.000000,
21.000000,11.000000,44.000000,0.000000,4.000000,0.000000,21.000000,0.000000,67.000000,0.000000,5.000000,1.000000,1.000000,0.000000,0.000000,1.000000,0.000000,0.956491,0.129381,0.163789,26.779054,0.712538,0.475025,0.762500,0.042517,,7.000000,True,False,False,,,,2278,-,0.000000,
20.000000,10.000000,45.000000,0.000000,5.000000,0.000000,20.000000,0.000000,72.000000,0.000000,5.000000,1.000000,1.000000,0.000000,0.000000,1.000000,0.000000,0.856778,0.119565,0.194994,26.869503,0.702625,0.468417,0.762500,-0.090449,,7.000000,True,False,False,,,,2279,-,0.000000,
20.000000,11.000000,45.000000,0.000000,4.000000,0.000000,20.000000,0.000000,71.000000,0.000000,5.000000,1.000000,1.000000,0.000000,0.000000,1.000000,0.000000,0.895771,0.144385,0.203223,26.904265,0.721126,0.480751,0.787500,-0.034763,,7.000000,True,False,False,,,,2280,-,0.000000,
20.000000,11.000000,43.000000,0.000000,6.000000,0.000000,20.000000,0.000000,75.000000,0.000000,5.000000,1.000000,1.000000,0.000000,0.000000,1.000000,0.000000,0.927173,0.181888,0.235191,26.934068,0.698269,0.465513,0.762500,-0.029803,,6.000000,True,False,False,,,,2281,-,0.000000,
19.000000,7.000000,49.000000,0.000000,5.000000,0.000000,19.000000,0.000000,76.000000,0.000000,5.000000,1.000000,1.000000,0.000000,0.000000,1.000000,0.000000,0.935708,0.180481,0.193024,26.910989,0.705043,0.470029,0.775000,0.023079,,7.000000,True,False,False,,,,2282,-,0.000000,
20.000000,7.000000,49.000000,0.000000,4.000000,0.000000,20.000000,0.000000,73.000000,0.000000,5.000000,1.000000,1.000000,0.000000,0.000000,1.000000,0.000000,0.944528,0.081064,0.169585,26.920747,0.727543,0.485029,0.775000,-0.009758,,7.000000,True,False,False,,,,2283,-,0.000000,
21.000000,6.000000,49.000000,0.000000,4.000000,0.000000,21.000000,0.000000,71.000000,0.000000,5.000000,1.000000,1.000000,0.000000,0.000000,1.000000,0.000000,0.980333,0.147951,0.171714,26.879399,0.694728,0.463152,0.750000,0.041348,,7.000000,True,False,False,,,,2284,-,0.000000,
21.000000,4.000000,50.000000,0.000000,5.000000,0.000000,21.000000,0.000000,75.000000,0.000000,5.000000,1.000000,1.000000,0.000000,0.000000,1.000000,0.000000,0.920020,0.212463,0.209149,26.792104,0.690460,0.460306,0.750000,0.087294,,7.000000,True,False,False,,,,2285,-,0.000000,
23.000000,2.000000,51.000000,0.000000,4.000000,0.000000,23.000000,0.000000,74.000000,0.000000,5.000000,1.000000,1.000000,0.000000,0.000000,1.000000,0.000000,0.945003,0.227610,0.224695,26.730192,0.680462,0.453642,0.737500,0.061912,,7.000000,True,False,False,,,,2286,-,0.000000,
22.000000,5.000000,49.000000,0.000000,4.000000,0.000000,22.000000,0.000000,75.000000,0.000000,5.000000,1.000000,1.000000,0.000000,0.000000,1.000000,0.000000,0.887905,0.299985,0.261442,26.624909,0.678833,0.452556,0.750000,0.105283,,7.000000,True,False,False,,,,2287,-,0.000000,
21.000000,6.000000,49.000000,0.000000,4.000000,0.000000,21.000000,0.000000,77.000000,0.000000,5.000000,1.000000,1.000000,0.000000,0.000000,1.000000,0.000000,0.909814,0.166492,0.186142,26.561906,0.697159,0.464773,0.750000,0.063004,,7.000000,True,False,False,,,,2288,-,0.000000,
19.000000,8.000000,47.000000,0.000000,6.000000,0.000000,19.000000,0.000000,78.000000,0.000000,5.000000,1.000000,1.000000,0.000000,0.000000,1.000000,0.000000,0.925252,0.246009,0.218101,26.529684,0.701610,0.467740,0.775000,0.032222,,6.000000,True,False,False,,,,2289,-,0.000000,
20.000000,8.000000,48.000000,0.000000,4.000000,0.000000,20.000000,0.000000,87.000000,0.000000,5.000000,1.000000,1.000000,0.000000,0.000000,1.000000,0.000000,0.971407,0.230299,0.189083,26.495173,0.719989,0.479992,0.775000,0.034511,,7.000000,True,False,False,,,,2290,-,0.000000,
19.000000,8.000000,48.000000,0.000000,5.000000,0.000000,19.000000,0.000000,81.000000,0.000000,5.000000,1.000000,1.000000,0.000000,0.000000,1.000000,0.000000,0.898781,0.161205,0.203750,26.524649,0.728700,0.485800,0.775000,-0.029476,,7.000000,True,False,False,,,,2291,-,0.000000,
21.000000,7.000000,48.000000,0.000000,4.000000,0.000000,21.000000,0.000000,80.000000,0.000000,5.000000,1.000000,1.000000,0.000000,0.000000,1.000000,0.000000,0.916109,0.150423,0.188178,26.534166,0.702928,0.468619,0.762500,-0.009517,,7.000000,True,False,False,,,,2292,-,0.000000,
22.000000,6.000000,45.000000,0.000000,7.000000,0.000000,22.000000,0.000000,76.000000,0.000000,5.000000,1.000000,1.000000,0.000000,0.000000,1.000000,0.000000,0.858482,0.053594,0.176473,26.627818,0.679669,0.453113,0.737500,-0.093652,,6.000000,True,False,False,,,,2293,-,0.000000,
22.000000,5.000000,46.000000,0.000000,7.000000,0.000000,22.000000,0.000000,77.000000,0.000000,5.000000,1.000000,1.000000,0.000000,0.000000,1.000000,0.000000,0.849424,0.108451,0.265291,26.689571,0.642005,0.428004,0.725000,-0.061753,,7.000000,True,False,False,,,,2294,-,0.000000,
20.000000,6.000000,47.000000,0.000000,7.000000,0.000000,20.000000,0.000000,72.000000,0.000000,5.000000,1.000000,1.000000,0.000000,0.000000,1.000000,0.000000,0.780434,0.046217,0.238731,26.836006,0.681929,0.454619,0.762500,-0.146435,,7.000000,True,False,False,,,,2295,-,0.000000,
21.000000,5.000000,47.000000,0.000000,7.000000,0.000000,21.000000,0.000000,70.000000,0.000000,5.000000,1.000000,1.000000,0.000000,0.000000,1.000000,0.000000,0.843239,0.081240,0.246692,26.915172,0.673760,0.449173,0.750000,-0.079166,,7.000000,True,False,False,,,,2296,-,0.000000,
20.000000,4.000000,48.000000,0.000000,8.000000,0.000000,20.000000,0.000000,75.000000,0.000000,5.000000,1.000000,1.000000,0.000000,0.000000,1.000000,0.000000,0.816062,0.109926,0.264946,27.010680,0.665381,0.443588,0.750000,-0.095508,,6.000000,True,False,False,,,,2297,-,0.000000,
24.000000,4.000000,48.000000,0.000000,4.000000,0.000000,24.000000,0.000000,72.000000,0.000000,5.000000,1.000000,1.000000,0.000000,0.000000,1.000000,0.000000,0.815726,-0.000864,0.215129,27.119599,0.701792,0.467861,0.750000,-0.108919,,7.000000,True,False,False,,,,2298,-,0.000000,
25.000000,4.000000,47.000000,0.000000,4.000000,0.000000,25.000000,0.000000,74.000000,0.000000,5.000000,1.000000,1.000000,0.000000,0.000000,1.000000,0.000000,0.841762,0.133806,0.260569,27.207260,0.628832,0.419222,0.700000,-0.087661,,7.000000,True,False,False,,,,2299,-,0.000000,
25.000000,5.000000,46.000000,0.000000,4.000000,0.000000,25.000000,0.000000,80.000000,0.000000,5.000000,1.000000,1.000000,0.000000,0.000000,1.000000,0.000000,0.856838,0.148925,0.228547,27.271117,0.649250,0.432833,0.712500,-0.063857,,6.000000,True,False,False,,,,2300,-,0.000000,
26.000000,3.000000,48.000000,0.000000,3.000000,0.000000,26.000000,0.000000,71.000000,0.000000,5.000000,1.000000,1.000000,0.000000,0.000000,1.000000,0.000000,0.922834,0.168562,0.207173,27.295392,0.622758,0.415172,0.687500,-0.024275,,7.000000,True,False,False,,,,2301,-,0.000000,
24.000000,6.000000,47.000000,0.000000,3.000000,0.000000,24.000000,0.000000,75.000000,0.000000,5.000000,1.000000,1.000000,0.000000,0.000000,1.000000,0.000000,0.851754,0.132738,0.171432,27.388875,0.675024,0.450016,0.737500,-0.093483,,7.000000,True,False,False,,,,2302,-,0.000000,
23.000000,6.000000,45.000000,0.000000,6.000000,0.000000,23.000000,0.000000,73.000000,0.000000,5.000000,1.000000,1.000000,0.000000,0.000000,1.000000,0.000000,0.966818,0.169923,0.206016,27.388448,0.640763,0.427175,0.712500,0.000427,,7.000000,True,False,False,,,,2303,-,0.000000,
22.000000,7.000000,44.000000,0.000000,7.000000,0.000000,22.000000,0.000000,78.000000,0.000000,5.000000,1.000000,1.000000,0.000000,0.000000,1.000000,0.000000,0.963601,0.242512,0.255348,27.403490,0.636055,0.424037,0.725000,-0.015042,,6.000000,True,False,False,,,,2304,-,0.000000,
22.000000,5.000000,46.000000,0.000000,7.000000,0.000000,22.000000,0.000000,72.000000,0.000000,5.000000,1.000000,1.000000,0.000000,0.000000,1.000000,0.000000,0.894699,0.187822,0.221568,27.436994,0.651253,0.434169,0.725000,-0.033504,,7.000000,True,False,False,,,,2305,-,0.000000,
25.000000,4.000000,46.000000,0.000000,5.000000,0.000000,25.000000,0.000000,68.000000,0.000000,5.000000,1.000000,1.000000,0.000000,0.000000,1.000000,0.000000,0.930101,0.304135,0.266951,27.369057,0.654032,0.436021,0.737500,0.067937,,6.000000,True,False,False,,,,2306,-,0.000000,
27.000000,4.000000,46.000000,0.000000,3.000000,0.000000,27.000000,0.000000,72.000000,0.000000,5.000000,1.000000,1.000000,0.000000,0.000000,1.000000,0.000000,0.923148,0.176267,0.193497,27.392920,0.627488,0.418325,0.687500,-0.023863,,7.000000,True,False,False,,,,2307,-,0.000000,
26.000000,5.000000,44.000000,0.000000,5.000000,0.000000,26.000000,0.000000,77.000000,0.000000,5.000000,1.000000,1.000000,0.000000,0.000000,1.000000,0.000000,0.947972,0.246189,0.239444,27.352558,0.579498,0.386332,0.675000,0.040363,,6.000000,True,False,False,,,,2308,-,0.000000,
25.000000,5.000000,46.000000,0.000000,4.000000,0.000000,25.000000,0.000000,72.000000,0.000000,5.000000,1.000000,1.000000,0.000000,0.000000,1.000000,0.000000,0.978866,0.205972,0.249455,27.373152,0.606182,0.404121,0.700000,-0.020594,,7.000000,True,False,False,,,,2309,-,0.000000,
22.000000,9.000000,46.000000,0.000000,3.000000,0.000000,22.000000,0.000000,71.000000,0.000000,5.000000,1.000000,1.000000,0.000000,0.000000,1.000000,0.000000,0.959230,0.159856,0.181051,27.422406,0.683972,0.455981,0.762500,-0.049255,,5.000000,True,False,False,,,,2310,-,0.000000,
20.000000,10.000000,47.000000,0.000000,3.000000,0.000000,20.000000,0.000000,70.000000,0.000000,5.000000,1.000000,1.000000,0.000000,0.000000,1.000000,0.000000,0.930320,0.128406,0.158682,27.449561,0.687889,0.458593,0.762500,-0.027155,,6.000000,True,False,False,,,,2311,-,0.000000,
18.000000,12.000000,48.000000,0.000000,2.000000,0.000000,18.000000,0.000000,79.000000,0.000000,5.000000,1.000000,1.000000,0.000000,0.000000,1.000000,0.000000,0.942410,0.166951,0.188485,27.484958,0.753915,0.502610,0.825000,-0.035396,,7.000000,True,False,False,,,,2312,-,0.000000,
19.000000,13.000000,47.000000,0.000000,1.000000,0.000000,19.000000,0.000000,75.000000,0.000000,5.000000,1.000000,1.000000,0.000000,0.000000,1.000000,0.000000,0.769548,0.100763,0.244085,27.462536,0.753592,0.502395,0.800000,0.022422,,7.000000,True,False,False,,,,2313,-,0.000000,
18.000000,12.000000,48.000000,0.000000,2.000000,0.000000,18.000000,0.000000,68.000000,0.000000,5.000000,1.000000,1.000000,0.000000,0.000000,1.000000,0.000000,0.885907,0.069272,0.167225,27.416080,0.750923,0.500615,0.787500,0.046456,,7.000000,True,False,False,,,,2314,-,0.000000,
17.000000,13.000000,46.000000,0.000000,4.000000,0.000000,17.000000,0.000000,67.000000,0.000000,5.044780,1.000000,1.000000,0.000000,0.000000,1.000000,0.000000,0.832965,0.231110,0.222581,27.281908,0.719688,0.479792,0.787500,0.134172,,6.000000,True,False,False,,,,2315,-,0.000000,
18.000000,12.000000,47.000000,0.000000,3.000000,0.000000,18.000000,0.000000,68.000000,0.000000,5.000000,1.000000,1.000000,0.000000,0.000000,1.000000,0.000000,0.906708,0.184592,0.220673,27.276445,0.721130,0.480753,0.800000,0.005463,,7.000000,True,False,False,,,,2316,-,0.000000,
16.000000,11.000000,47.000000,0.000000,6.000000,0.000000,16.000000,0.000000,69.000000,0.000000,5.000000,1.000000,1.000000,0.000000,0.000000,1.000000,0.000000,0.828305,0.235924,0.241121,27.190543,0.744954,0.496636,0.812500,0.085903,,7.000000,True,False,False,,,,2317,-,0.000000,
16.000000,12.000000,46.000000,0.000000,6.000000,0.000000,16.000000,0.000000,68.000000,0.000000,5.000000,1.000000,1.000000,0.000000,0.000000,1.000000,0.000000,0.846966,0.116179,0.246975,27.236206,0.782180,0.521453,0.837500,-0.045664,,5.000000,True,False,False,,,,2318,-,0.000000,
17.000000,8.000000,50.000000,0.000000,5.000000,0.000000,17.000000,0.000000,66.000000,0.000000,5.000000,1.000000,1.000000,0.000000,0.000000,1.000000,0.000000,0.779515,0.209251,0.274675,27.180153,0.744887,0.496591,0.800000,0.056053,,6.000000,True,False,False,,,,2319,-,0.000000,
18.000000,7.000000,52.000000,0.000000,3.000000,0.000000,18.000000,0.000000,71.000000,0.000000,5.000000,1.000000,1.000000,0.000000,0.000000,1.000000,0.000000,0.767959,0.208695,0.309972,27.153808,0.737171,0.491447,0.800000,0.026345,,7.000000,True,False,False,,,,2320,-,0.000000,
19.000000,7.000000,51.000000,0.000000,3.000000,0.000000,19.000000,0.000000,69.000000,0.000000,5.000000,1.000000,1.000000,0.000000,0.000000,1.000000,0.000000,0.866310,0.207158,0.208922,27.104996,0.737459,0.491639,0.787500,0.048811,,6.000000,True,False,False,,,,2321,-,0.000000,
16.000000,10.000000,51.000000,0.000000,3.000000,0.000000,16.000000,0.000000,72.000000,0.000000,5.052772,1.000000,1.000000,0.000000,0.000000,1.000000,0.000000,0.824920,0.241991,0.254673,27.042375,0.731052,0.487368,0.800000,0.062621,,7.000000,True,False,False,,,,2322,-,0.000000,
16.000000,9.000000,51.000000,0.000000,4.000000,0.000000,16.000000,0.000000,66.000000,0.000000,5.000000,1.000000,1.000000,0.000000,0.000000,1.000000,0.000000,0.887250,0.138518,0.157155,27.080978,0.752141,0.501427,0.812500,-0.038602,,7.000000,True,False,False,,,,2323,-,0.000000,
15.000000,9.000000,51.000000,0.000000,5.000000,0.000000,15.000000,0.000000,71.000000,0.000000,5.000000,1.000000,1.000000,0.000000,0.000000,1.000000,0.000000,0.687717,0.107891,0.289125,27.105573,0.767608,0.511739,0.837500,-0.024596,,7.000000,True,False,False,,,,2324,-,0.000000,
16.000000,8.000000,49.000000,0.000000,7.000000,0.000000,16.000000,0.000000,72.000000,0.000000,5.000000,1.000000,1.000000,0.000000,0.000000,1.000000,0.000000,0.823615,0.170833,0.233454,27.144756,0.770399,0.513599,0.837500,-0.039183,,7.000000,True,False,False,,,,2325,-,0.000000,
16.000000,6.000000,50.000000,0.000000,8.000000,0.000000,16.000000,0.000000,75.000000,0.000000,5.000000,1.000000,1.000000,0.000000,0.000000,1.000000,0.000000,0.884453,0.173405,0.218177,27.134597,0.778894,0.519262,0.825000,0.010160,,7.000000,True,False,False,,,,2326,-,0.000000,
16.000000,6.000000,50.000000,0.000000,8.000000,0.000000,16.000000,0.000000,73.000000,0.000000,5.000000,1.000000,1.000000,0.000000,0.000000,1.000000,0.000000,0.845936,0.159398,0.206812,27.229797,0.764307,0.509538,0.812500,-0.095201,,6.000000,True,False,False,,,,2327,-,0.000000,
17.000000,6.000000,51.000000,0.000000,6.000000,0.000000,17.000000,0.000000,73.000000,0.000000,5.000000,1.000000,1.000000,0.000000,0.000000,1.000000,0.000000,0.897922,0.128479,0.195202,27.280757,0.771815,0.514543,0.825000,-0.050959,,7.000000,True,False,False,,,,2328,-,0.000000,
18.000000,3.000000,52.000000,0.000000,7.000000,0.000000,18.000000,0.000000,75.000000,0.000000,5.000000,1.000000,1.000000,0.000000,0.000000,1.000000,0.000000,0.948501,0.261799,0.239064,27.292186,0.720606,0.480404,0.787500,-0.011430,,7.000000,True,False,False,,,,2329,-,0.000000,
20.000000,3.000000,51.000000,0.000000,6.000000,0.000000,20.000000,0.000000,72.000000,0.000000,5.000000,1.000000,1.000000,0.000000,0.000000,1.000000,0.000000,0.914122,0.104482,0.166513,27.343726,0.726412,0.484275,0.775000,-0.051540,,7.000000,True,False,False,,,,2330,-,0.000000,
22.000000,4.000000,50.000000,0.000000,4.000000,0.000000,22.000000,0.000000,71.000000,0.000000,5.000000,1.000000,1.000000,0.000000,0.000000,1.000000,0.000000,0.885225,0.170776,0.187830,27.382521,0.708219,0.472146,0.762500,-0.038795,,6.000000,True,False,False,,,,2331,-,0.000000,
19.000000,7.000000,50.000000,0.000000,4.000000,0.000000,19.000000,0.000000,73.000000,0.000000,5.000000,1.000000,1.000000,0.000000,0.000000,1.000000,0.000000,0.950756,0.112473,0.111738,27.307701,0.722124,0.481416,0.762500,0.074820,,6.000000,True,False,False,,,,2332,-,0.000000,
19.000000,8.000000,50.000000,0.000000,3.000000,0.000000,19.000000,0.000000,68.000000,0.000000,5.000000,1.000000,1.000000,0.000000,0.000000,1.000000,0.000000,0.946943,0.124542,0.114981,27.248828,0.734702,0.489801,0.775000,0.058873,,7.000000,True,False,False,,,,2333,-,0.000000,
20.000000,7.000000,49.000000,0.000000,4.000000,0.000000,20.000000,0.000000,78.000000,0.000000,5.000000,1.000000,1.000000,0.000000,0.000000,1.000000,0.000000,0.960101,0.124602,0.113196,27.202210,0.728720,0.485813,0.775000,0.046618,,7.000000,True,False,False,,,,2334,-,0.000000,
21.000000,7.000000,47.000000,0.000000,5.000000,0.000000,21.000000,0.000000,71.000000,0.000000,5.000000,1.000000,1.000000,0.000000,0.000000,1.000000,0.000000,0.928239,0.170116,0.167468,27.083058,0.704448,0.469632,0.750000,0.119152,,6.000000,True,False,False,,,,2335,-,0.000000,
20.000000,8.000000,47.000000,0.000000,5.000000,0.000000,20.000000,0.000000,67.000000,0.000000,5.000000,1.000000,1.000000,0.000000,0.000000,1.000000,0.000000,0.962660,0.187883,0.179349,27.077956,0.692918,0.461945,0.750000,0.005102,,7.000000,True,False,False,,,,2336,-,0.000000,
19.000000,7.000000,45.000000,0.000000,9.000000,0.000000,19.000000,0.000000,76.000000,0.000000,5.000000,1.000000,1.000000,0.000000,0.000000,1.000000,0.000000,0.916563,0.163277,0.183848,27.099548,0.714270,0.476180,0.775000,-0.021592,,7.000000,True,False,False,,,,2337,-,0.000000,
19.000000,5.000000,46.000000,0.000000,10.000000,0.000000,19.000000,0.000000,70.000000,0.000000,5.000000,1.000000,1.000000,0.000000,0.000000,1.000000,0.000000,0.898486,0.154566,0.198218,27.105967,0.721444,0.480963,0.775000,-0.006419,,7.000000,True,False,False,,,,2338,-,0.000000,
22.000000,5.000000,42.000000,0.000000,11.000000,0.000000,22.000000,0.000000,79.000000,0.000000,5.000000,1.000000,1.000000,0.000000,0.000000,1.000000,0.000000,0.942924,0.281081,0.300448,27.135931,0.680999,0.453999,0.762500,-0.029963,,7.000000,True,False,False,,,,2339,-,0.000000,
22.000000,5.000000,40.000000,0.000000,13.000000,0.000000,22.000000,0.000000,72.000000,0.000000,5.000000,1.000000,1.000000,0.000000,0.000000,1.000000,0.000000,0.941707,0.265354,0.247033,27.105831,0.664485,0.442990,0.737500,0.030100,,5.000000,True,False,False,,,,2340,-,0.000000,
23.000000,5.000000,40.000000,0.000000,12.000000,0.000000,23.000000,0.000000,84.000000,0.000000,5.000000,1.000000,1.000000,0.000000,0.000000,1.000000,0.000000,0.939290,0.316723,0.327644,27.079113,0.654299,0.436200,0.750000,0.026718,,6.000000,True,False,False,,,,2341,-,0.000000,
25.000000,4.000000,41.000000,0.000000,10.000000,0.000000,25.000000,0.000000,82.000000,0.000000,5.000000,1.000000,1.000000,0.000000,0.000000,1.000000,0.000000,0.950659,0.253562,0.263785,27.075076,0.655691,0.437127,0.725000,0.004037,,7.000000,True,False,False,,,,2342,-,0.000000,
27.000000,7.000000,40.000000,0.000000,6.000000,0.000000,27.000000,0.000000,80.000000,0.000000,5.000000,1.000000,1.000000,0.000000,0.000000,1.000000,0.000000,0.881579,0.238797,0.283071,27.120217,0.657139,0.438093,0.725000,-0.045142,,7.000000,True,False,False,,,,2343,-,0.000000,
29.000000,7.000000,39.000000,0.000000,5.000000,0.000000,29.000000,0.000000,76.000000,0.000000,5.000000,1.000000,1.000000,0.000000,0.000000,1.000000,0.000000,0.927492,0.200910,0.238989,27.159208,0.610723,0.407149,0.662500,-0.038991,,7.000000,True,False,False,,,,2344,-,0.000000,
26.000000,9.000000,40.000000,0.000000,5.000000,0.000000,26.000000,0.000000,77.000000,0.000000,5.000000,1.000000,1.000000,0.000000,0.000000,1.000000,0.000000,0.890370,0.216050,0.249703,27.151431,0.631136,0.420757,0.700000,0.007777,,7.000000,True,False,False,,,,2345,-,0.000000,
25.000000,9.000000,39.000000,0.000000,7.000000,0.000000,25.000000,0.000000,74.000000,0.000000,5.000000,1.000000,1.000000,0.000000,0.000000,1.000000,0.000000,0.894490,0.305781,0.298325,27.097423,0.616498,0.410998,0.700000,0.054008,,6.000000,True,False,False,,,,2346,-,0.000000,
23.000000,12.000000,39.000000,0.000000,6.000000,0.000000,23.000000,0.000000,77.000000,0.000000,5.000000,1.000000,1.000000,0.000000,0.000000,1.000000,0.000000,0.871735,0.303747,0.282336,27.074097,0.653926,0.435950,0.737500,0.023326,,6.000000,True,False,False,,,,2347,-,0.000000,
22.000000,10.000000,43.000000,0.000000,5.000000,0.000000,22.000000,0.000000,78.000000,0.000000,5.000000,1.000000,1.000000,0.000000,0.000000,1.000000,0.000000,0.883661,0.177077,0.211956,27.118120,0.689695,0.459797,0.750000,-0.044023,,7.000000,True,False,False,,,,2348,-,0.000000,
23.000000,10.000000,43.000000,0.000000,4.000000,0.000000,23.000000,0.000000,75.000000,0.000000,5.000000,1.000000,1.000000,0.000000,0.000000,1.000000,0.000000,0.855046,0.215692,0.257433,27.113134,0.685302,0.456868,0.750000,0.004987,,7.000000,True,False,False,,,,2349,-,0.000000,
23.000000,9.000000,44.000000,0.000000,4.000000,0.000000,23.000000,0.000000,77.000000,0.000000,5.000000,1.000000,1.000000,0.000000,0.000000,1.000000,0.000000,0.753473,0.187135,0.318624,27.141881,0.666276,0.444184,0.737500,-0.028747,,3.000000,True,False,False,,,,2350,-,0.000000,
24.000000,9.000000,44.000000,0.000000,3.000000,0.000000,24.000000,0.000000,77.000000,0.000000,5.000000,1.000000,1.000000,0.000000,0.000000,1.000000,0.000000,0.771934,0.145535,0.259932,27.216076,0.665157,0.443438,0.725000,-0.074195,,4.000000,True,False,False,,,,2351,-,0.000000,
20.000000,12.000000,45.000000,0.000000,3.000000,0.000000,20.000000,0.000000,65.000000,0.000000,5.000000,1.000000,1.000000,0.000000,0.000000,1.000000,0.000000,0.806052,0.074701,0.234001,27.273150,0.693975,0.462650,0.750000,-0.057075,,5.000000,True,False,False,,,,2352,-,0.000000,
20.000000,10.000000,48.000000,0.000000,2.000000,0.000000,20.000000,0.000000,66.000000,0.000000,5.000000,1.000000,1.000000,0.000000,0.000000,1.000000,0.000000,0.759625,0.133802,0.252801,27.309871,0.704440,0.469626,0.775000,-0.036721,,6.000000,True,False,False,,,,2353,-,0.000000,
20.000000,9.000000,49.000000,0.000000,2.000000,0.000000,20.000000,0.000000,71.000000,0.000000,5.000000,1.000000,1.000000,0.000000,0.000000,1.000000,0.000000,0.789581,0.105662,0.231589,27.386583,0.701058,0.467372,0.762500,-0.076712,,7.000000,True,False,False,,,,2354,-,0.000000,
18.000000,10.000000,47.000000,0.000000,5.000000,0.000000,18.000000,0.000000,74.000000,0.000000,5.000000,1.000000,1.000000,0.000000,0.000000,1.000000,0.000000,0.941932,0.202326,0.174611,27.332005,0.734868,0.489912,0.787500,0.054577,,6.000000,True,False,False,,,,2355,-,0.000000,
19.000000,9.000000,48.000000,0.000000,4.000000,0.000000,19.000000,0.000000,71.000000,0.000000,5.000000,1.000000,1.000000,0.000000,0.000000,1.000000,0.000000,0.950168,0.218144,0.199251,27.319615,0.730878,0.487252,0.787500,0.012390,,7.000000,True,False,False,,,,2356,-,0.000000,
18.000000,7.000000,50.000000,0.000000,5.000000,0.000000,18.000000,0.000000,83.000000,0.000000,5.000000,1.000000,1.000000,0.000000,0.000000,1.000000,0.000000,0.942390,0.305251,0.222481,27.289733,0.727807,0.485205,0.787500,0.029881,,7.000000,True,False,False,,,,2357,-,0.000000,
17.000000,7.000000,49.000000,0.000000,7.000000,0.000000,17.000000,0.000000,73.000000,0.000000,5.000000,1.000000,1.000000,0.000000,0.000000,1.000000,0.000000,0.881479,0.078250,0.142664,27.347605,0.738026,0.492017,0.787500,-0.057871,,7.000000,True,False,False,,,,2358,-,0.000000,
18.000000,7.000000,48.000000,0.000000,7.000000,0.000000,18.000000,0.000000,73.000000,0.000000,5.000000,1.000000,1.000000,0.000000,0.000000,1.000000,0.000000,0.833086,0.182981,0.218219,27.342788,0.725187,0.483458,0.787500,0.004817,,5.000000,True,False,False,,,,2359,-,0.000000,
20.000000,7.000000,49.000000,0.000000,4.000000,0.000000,20.000000,0.000000,62.000000,0.000000,5.000000,1.000000,1.000000,0.000000,0.000000,1.000000,0.000000,0.810741,0.087624,0.174712,27.386056,0.744150,0.496100,0.787500,-0.043268,,6.000000,True,False,False,,,,2360,-,0.000000,
22.000000,7.000000,49.000000,0.000000,2.000000,0.000000,22.000000,0.000000,70.000000,0.000000,5.000000,1.000000,1.000000,0.000000,0.000000,1.000000,0.000000,0.765436,0.208875,0.266623,27.336374,0.699465,0.466310,0.762500,0.049682,,7.000000,True,False,False,,,,2361,-,0.000000,
22.000000,7.000000,48.000000,0.000000,3.000000,0.000000,22.000000,0.000000,64.000000,0.000000,5.000000,1.000000,1.000000,0.000000,0.000000,1.000000,0.000000,0.867884,0.139051,0.206528,27.370019,0.690573,0.460382,0.737500,-0.033645,,7.000000,True,False,False,,,,2362,-,0.000000,
22.000000,6.000000,47.000000,0.000000,5.000000,0.000000,22.000000,0.000000,70.000000,0.000000,5.000000,1.000000,1.000000,0.000000,0.000000,1.000000,0.000000,0.951472,0.315134,0.256767,27.344818,0.662722,0.441815,0.737500,0.025201,,6.000000,True,False,False,,,,2363,-,0.000000,
20.000000,6.000000,49.000000,0.000000,5.000000,0.000000,20.000000,0.000000,72.000000,0.000000,5.000000,1.000000,1.000000,0.000000,0.000000,1.000000,0.000000,0.864869,0.173758,0.201135,27.411216,0.684284,0.456189,0.750000,-0.066398,,7.000000,True,False,False,,,,2364,-,0.000000,
21.000000,5.000000,48.000000,0.000000,6.000000,0.000000,21.000000,0.000000,68.000000,0.000000,5.000000,1.000000,1.000000,0.000000,0.000000,1.000000,0.000000,0.929203,0.149751,0.161758,27.376808,0.700801,0.467201,0.750000,0.034408,,7.000000,True,False,False,,,,2365,-,0.000000,
19.000000,6.000000,47.000000,0.000000,8.000000,0.000000,19.000000,0.000000,66.000000,0.000000,5.000000,1.000000,1.000000,0.000000,0.000000,1.000000,0.000000,0.850459,0.142342,0.236171,27.438993,0.696821,0.464547,0.762500,-0.062185,,6.000000,True,False,False,,,,2366,-,0.000000,
20.000000,6.000000,47.000000,0.000000,7.000000,0.000000,20.000000,0.000000,67.000000,0.000000,5.000000,1.000000,1.000000,0.000000,0.000000,1.000000,0.000000,0.782006,0.231648,0.251127,27.386219,0.699926,0.466618,0.775000,0.052775,,7.000000,True,False,False,,,,2367,-,0.000000,
20.000000,7.000000,45.000000,0.000000,8.000000,0.000000,20.000000,0.000000,67.000000,0.000000,5.000000,1.000000,1.000000,0.000000,0.000000,1.000000,0.000000,0.855570,0.249415,0.257730,27.321670,0.696055,0.464037,0.762500,0.064549,,6.000000,True,False,False,,,,2368,-,0.000000,
23.000000,5.000000,47.000000,0.000000,5.000000,0.000000,23.000000,0.000000,73.000000,0.000000,5.000000,1.000000,1.000000,0.000000,0.000000,1.000000,0.000000,0.894436,0.282992,0.241038,27.293063,0.722453,0.481635,0.787500,0.028607,,7.000000,True,False,False,,,,2369,-,0.000000,
22.000000,6.000000,46.000000,0.000000,6.000000,0.000000,22.000000,0.000000,66.000000,0.000000,5.000000,1.000000,1.000000,0.000000,0.000000,1.000000,0.000000,0.867563,0.222517,0.201408,27.205468,0.676715,0.451143,0.737500,0.087595,,6.000000,True,False,False,,,,2370,-,0.000000,
22.000000,7.000000,47.000000,0.000000,4.000000,0.000000,22.000000,0.000000,73.000000,0.000000,5.000000,1.000000,1.000000,0.000000,0.000000,1.000000,0.000000,0.937376,0.205624,0.207679,27.224802,0.686454,0.457636,0.750000,-0.019334,,7.000000,True,False,False,,,,2371,-,0.000000,
22.000000,6.000000,47.000000,0.000000,5.000000,0.000000,22.000000,0.000000,69.000000,0.000000,5.000000,1.000000,1.000000,0.000000,0.000000,1.000000,0.000000,0.909176,0.074992,0.167852,27.258641,0.675284,0.450189,0.725000,-0.033839,,7.000000,True,False,False,,,,2372,-,0.000000,
23.000000,6.000000,46.000000,0.000000,5.000000,0.000000,23.000000,0.000000,71.000000,0.000000,5.000000,1.000000,1.000000,0.000000,0.000000,1.000000,0.000000,0.782356,0.065047,0.213566,27.363285,0.684510,0.456340,0.737500,-0.104644,,7.000000,True,False,False,,,,2373,-,0.000000,
23.000000,7.000000,46.000000,0.000000,4.000000,0.000000,23.000000,0.000000,69.000000,0.000000,5.000000,1.000000,1.000000,0.000000,0.000000,1.000000,0.000000,0.742969,0.061378,0.251393,27.522547,0.683543,0.455695,0.737500,-0.159262,,7.000000,True,False,False,,,,2374,-,0.000000,
23.000000,6.000000,47.000000,0.000000,4.000000,0.000000,23.000000,0.000000,72.000000,0.000000,5.000000,1.000000,1.000000,0.000000,0.000000,1.000000,0.000000,0.754999,0.061224,0.252145,27.658056,0.667749,0.445166,0.725000,-0.135508,,7.000000,True,False,False,,,,2375,-,0.000000,
22.000000,5.000000,48.000000,0.000000,5.000000,0.000000,22.000000,0.000000,58.000000,0.000000,5.000000,1.000000,1.000000,0.000000,0.000000,1.000000,0.000000,0.807465,0.077829,0.197904,27.760119,0.663433,0.442289,0.725000,-0.102063,,7.000000,True,False,False,,,,2376,-,0.000000,
22.000000,4.000000,48.000000,0.000000,6.000000,0.000000,22.000000,0.000000,66.000000,0.000000,5.000000,1.000000,1.000000,0.000000,0.000000,1.000000,0.000000,0.820879,0.157215,0.265411,27.873430,0.675685,0.450457,0.762500,-0.113312,,7.000000,True,False,False,,,,2377,-,0.000000,
22.000000,5.000000,43.000000,0.000000,10.000000,0.000000,22.000000,0.000000,66.000000,0.000000,5.000000,1.000000,1.000000,0.000000,0.000000,1.000000,0.000000,0.933294,0.281938,0.252137,27.823721,0.659429,0.439620,0.737500,0.049709,,7.000000,True,False,False,,,,2378,-,0.000000,
23.000000,4.000000,44.000000,0.000000,9.000000,0.000000,23.000000,0.000000,72.000000,0.000000,5.000000,1.000000,1.000000,0.000000,0.000000,1.000000,0.000000,0.970921,0.310317,0.288949,27.801939,0.667487,0.444992,0.762500,0.021782,,4.000000,True,False,False,,,,2379,-,0.000000,
24.000000,4.000000,44.000000,0.000000,8.000000,0.000000,24.000000,0.000000,73.000000,0.000000,5.000000,1.000000,1.000000,0.000000,0.000000,1.000000,0.000000,0.988360,0.245668,0.241858,27.758559,0.652900,0.435266,0.725000,0.043381,,5.000000,True,False,False,,,,2380,-,0.000000,
27.000000,4.000000,44.000000,0.000000,5.000000,0.000000,27.000000,0.000000,68.000000,0.000000,5.000000,1.000000,1.000000,0.000000,0.000000,1.000000,0.000000,0.942184,0.273929,0.232136,27.675891,0.631375,0.420917,0.700000,0.082668,,6.000000,True,False,False,,,,2381,-,0.000000,
26.000000,6.000000,44.000000,0.000000,4.000000,0.000000,26.000000,0.000000,67.000000,0.000000,5.000000,1.000000,1.000000,0.000000,0.000000,1.000000,0.000000,0.938441,0.272159,0.248368,27.615746,0.631704,0.421136,0.712500,0.060146,,7.000000,True,False,False,,,,2382,-,0.000000,
26.000000,7.000000,41.000000,0.000000,6.000000,0.000000,26.000000,0.000000,72.000000,0.000000,5.000000,1.000000,1.000000,0.000000,0.000000,1.000000,0.000000,0.924582,0.173807,0.196612,27.579196,0.627929,0.418619,0.700000,0.036550,,7.000000,True,False,False,,,,2383,-,0.000000,
26.000000,7.000000,41.000000,0.000000,6.000000,0.000000,26.000000,0.000000,69.000000,0.000000,5.000000,1.000000,1.000000,0.000000,0.000000,1.000000,0.000000,0.909016,0.130807,0.204609,27.622304,0.654967,0.436644,0.712500,-0.043108,,6.000000,True,False,False,,,,2384,-,0.000000,
26.000000,8.000000,41.000000,0.000000,5.000000,0.000000,26.000000,0.000000,72.000000,0.000000,5.000000,1.000000,1.000000,0.000000,0.000000,1.000000,0.000000,0.898705,0.228259,0.278589,27.696200,0.624722,0.416481,0.700000,-0.073897,,7.000000,True,False,False,,,,2385,-,0.000000,
25.000000,8.000000,42.000000,0.000000,5.000000,0.000000,25.000000,0.000000,74.000000,0.000000,5.000000,1.000000,1.000000,0.000000,0.000000,1.000000,0.000000,0.933523,0.094670,0.227923,27.788713,0.638261,0.425507,0.700000,-0.092512,,5.000000,True,False,False,,,,2386,-,0.000000,
25.000000,8.000000,43.000000,0.000000,4.000000,0.000000,25.000000,0.000000,65.000000,0.000000,5.000000,1.000000,1.000000,0.000000,0.000000,1.000000,0.000000,0.857583,0.153499,0.244727,27.911740,0.627502,0.418335,0.700000,-0.123028,,6.000000,True,False,False,,,,2387,-,0.000000,
24.000000,10.000000,43.000000,0.000000,3.000000,0.000000,24.000000,0.000000,71.000000,0.000000,5.000000,1.000000,1.000000,0.000000,0.000000,1.000000,0.000000,0.888827,0.243615,0.278478,27.951298,0.607955,0.405304,0.712500,-0.039558,,7.000000,True,False,False,,,,2388,-,0.000000,
23.000000,9.000000,44.000000,0.000000,4.000000,0.000000,23.000000,0.000000,68.000000,0.000000,5.000000,1.000000,1.000000,0.000000,0.000000,1.000000,0.000000,0.922924,0.122713,0.209241,27.979825,0.653349,0.435566,0.737500,-0.028527,,7.000000,True,False,False,,,,2389,-,0.000000,
23.000000,10.000000,43.000000,0.000000,4.000000,0.000000,23.000000,0.000000,71.000000,0.000000,5.000000,1.000000,1.000000,0.000000,0.000000,1.000000,0.000000,0.868395,0.246264,0.239413,28.057782,0.632977,0.421985,0.725000,-0.077957,,6.000000,True,False,False,,,,2390,-,0.000000,
23.000000,10.000000,44.000000,0.000000,3.000000,0.000000,23.000000,0.000000,66.000000,0.000000,5.000000,1.000000,1.000000,0.000000,0.000000,1.000000,0.000000,0.864631,0.209811,0.235964,28.021650,0.660167,0.440112,0.737500,0.036132,,4.000000,True,False,False,,,,2391,-,0.000000,
25.000000,8.000000,46.000000,0.000000,1.000000,0.000000,25.000000,0.000000,66.000000,0.000000,5.000000,1.000000,1.000000,0.000000,0.000000,1.000000,0.000000,0.803305,0.185824,0.203304,28.003848,0.665541,0.443694,0.725000,0.017802,,5.000000,True,False,False,,,,2392,-,0.000000,
23.000000,9.000000,47.000000,0.000000,1.000000,0.000000,23.000000,0.000000,70.000000,0.000000,5.000000,1.000000,1.000000,0.000000,0.000000,1.000000,0.000000,0.724890,0.180595,0.287728,28.005682,0.653019,0.435346,0.725000,-0.001833,,6.000000,True,False,False,,,,2393,-,0.000000,
22.000000,7.000000,51.000000,0.000000,0.000000,0.000000,22.000000,0.000000,65.000000,0.000000,5.000000,1.000000,1.000000,0.000000,0.000000,1.000000,0.000000,0.844386,0.029410,0.191586,28.064271,0.688179,0.458786,0.737500,-0.058589,,7.000000,True,False,False,,,,2394,-,0.000000,
21.000000,6.000000,51.000000,0.000000,2.000000,0.000000,21.000000,0.000000,65.000000,0.000000,5.000000,1.000000,1.000000,0.000000,0.000000,1.000000,0.000000,0.868822,0.081629,0.204304,28.096128,0.675839,0.450559,0.737500,-0.031858,,6.000000,True,False,False,,,,2395,-,0.000000,
21.000000,5.000000,52.000000,0.000000,2.000000,0.000000,21.000000,0.000000,68.000000,0.000000,5.000000,1.000000,1.000000,0.000000,0.000000,1.000000,0.000000,0.844067,0.029039,0.171609,28.179606,0.691093,0.460728,0.737500,-0.083477,,7.000000,True,False,False,,,,2396,-,0.000000,
20.000000,6.000000,47.000000,0.000000,7.000000,0.000000,20.000000,0.000000,65.000000,0.000000,5.000000,1.000000,1.000000,0.000000,0.000000,1.000000,0.000000,0.878775,0.123177,0.216440,28.213472,0.684319,0.456213,0.762500,-0.033866,,6.000000,True,False,False,,,,2397,-,0.000000,
21.000000,5.000000,48.000000,0.000000,6.000000,0.000000,21.000000,0.000000,66.000000,0.000000,5.000000,1.000000,1.000000,0.000000,0.000000,1.000000,0.000000,0.786860,0.189818,0.318625,28.165068,0.698280,0.465520,0.762500,0.048403,,7.000000,True,False,False,,,,2398,-,0.000000,
22.000000,5.000000,45.000000,0.000000,8.000000,0.000000,22.000000,0.000000,62.000000,0.000000,5.000000,1.000000,1.000000,0.000000,0.000000,1.000000,0.000000,0.833583,0.196907,0.257724,28.066272,0.687885,0.458590,0.750000,0.098796,,5.000000,True,False,False,,,,2399,-,0.000000,
23.000000,5.000000,45.000000,0.000000,7.000000,0.000000,23.000000,0.000000,62.000000,0.000000,5.000000,1.000000,1.000000,0.000000,0.000000,1.000000,0.000000,0.795494,0.301943,0.322889,27.999833,0.646197,0.430798,0.725000,0.066439,,6.000000,True,False,False,,,,2400,-,0.000000,
25.000000,2.000000,48.000000,0.000000,5.000000,0.000000,25.000000,0.000000,63.000000,0.000000,5.000000,1.000000,1.000000,0.000000,0.000000,1.000000,0.000000,0.861124,0.322298,0.308097,27.961076,0.639842,0.426561,0.737500,0.038758,,7.000000,True,False,False,,,,2401,-,0.000000,
27.000000,1.000000,45.000000,0.000000,7.000000,0.000000,27.000000,0.000000,71.000000,0.000000,5.000000,1.000000,1.000000,0.000000,0.000000,1.000000,0.000000,0.884531,0.365969,0.319989,27.839002,0.632710,0.421807,0.700000,0.122074,,6.000000,True,False,False,,,,2402,-,0.000000,
26.000000,1.000000,46.000000,0.000000,7.000000,0.000000,26.000000,0.000000,75.000000,0.000000,5.000000,1.000000,1.000000,0.000000,0.000000,1.000000,0.000000,0.966310,0.341043,0.294566,27.819791,0.591497,0.394331,0.687500,0.019211,,7.000000,True,False,False,,,,2403,-,0.000000,
25.000000,3.000000,43.000000,0.000000,9.000000,0.000000,25.000000,0.000000,67.000000,0.000000,5.000000,1.000000,1.000000,0.000000,0.000000,1.000000,0.000000,0.984462,0.201278,0.217485,27.773870,0.654148,0.436098,0.712500,0.045921,,6.000000,True,False,False,,,,2404,-,0.000000,
23.000000,5.000000,43.000000,0.000000,9.000000,0.000000,23.000000,0.000000,67.000000,0.000000,5.000000,1.000000,1.000000,0.000000,0.000000,1.000000,0.000000,0.884068,0.258094,0.321000,27.867552,0.630594,0.420396,0.725000,-0.093681,,7.000000,True,False,False,,,,2405,-,0.000000,
25.000000,6.000000,42.000000,0.000000,7.000000,0.000000,25.000000,0.000000,75.000000,0.000000,5.000000,1.000000,1.000000,0.000000,0.000000,1.000000,0.000000,0.950450,0.282600,0.279439,27.812883,0.632298,0.421532,0.725000,0.054668,,3.000000,True,False,False,,,,2406,-,0.000000,
26.000000,7.000000,42.000000,0.000000,5.000000,0.000000,26.000000,0.000000,75.000000,0.000000,5.000000,1.000000,1.000000,0.000000,0.000000,1.000000,0.000000,0.899778,0.178440,0.249767,27.871029,0.628943,0.419295,0.700000,-0.058146,,4.000000,True,False,False,,,,2407,-,0.000000,
25.000000,9.000000,43.000000,0.000000,3.000000,0.000000,25.000000,0.000000,77.000000,0.000000,5.000000,1.000000,1.000000,0.000000,0.000000,1.000000,0.000000,0.777679,0.072859,0.261328,27.977418,0.657944,0.438629,0.712500,-0.106389,,5.000000,True,False,False,,,,2408,-,0.000000,
27.000000,10.000000,43.000000,0.000000,0.000000,0.000000,27.000000,0.000000,73.000000,0.000000,5.000000,1.000000,1.000000,0.000000,0.000000,1.000000,0.000000,0.768666,0.060484,0.282690,28.084093,0.641092,0.427395,0.700000,-0.106675,,5.000000,True,False,False,,,,2409,-,0.000000,
27.000000,10.000000,43.000000,0.000000,0.000000,0.000000,27.000000,0.000000,76.000000,0.000000,5.000000,1.000000,1.000000,0.000000,0.000000,1.000000,0.000000,0.827741,0.045685,0.232139,28.114203,0.628663,0.419108,0.675000,-0.030110,,6.000000,True,False,False,,,,2410,-,0.000000,
26.000000,10.000000,44.000000,0.000000,0.000000,0.000000,26.000000,0.000000,74.000000,0.000000,5.000000,1.000000,1.000000,0.000000,0.000000,1.000000,0.000000,0.812623,0.014227,0.192687,28.190122,0.636217,0.424145,0.675000,-0.075919,,7.000000,True,False,False,,,,2411,-,0.000000,
25.000000,9.000000,45.000000,0.000000,1.000000,0.000000,25.000000,0.000000,69.000000,0.000000,5.000000,1.000000,1.000000,0.000000,0.000000,1.000000,0.000000,0.861497,0.007036,0.200164,28.222208,0.647965,0.431977,0.687500,-0.032086,,7.000000,True,False,False,,,,2412,-,0.000000,
22.000000,9.000000,47.000000,0.000000,2.000000,0.000000,22.000000,0.000000,68.000000,0.000000,5.000000,1.000000,1.000000,0.000000,0.000000,1.000000,0.000000,0.927895,0.140044,0.211698,28.234412,0.663319,0.442212,0.725000,-0.012204,,7.000000,True,False,False,,,,2413,-,0.000000,
21.000000,9.000000,45.000000,0.000000,5.000000,0.000000,21.000000,0.000000,70.000000,0.000000,5.000000,1.000000,1.000000,0.000000,0.000000,1.000000,0.000000,0.975291,0.193007,0.171194,28.179374,0.674405,0.449603,0.737500,0.055038,,7.000000,True,False,False,,,,2414,-,0.000000,
22.000000,9.000000,40.000000,0.000000,9.000000,0.000000,22.000000,0.000000,67.000000,0.000000,5.000000,1.000000,1.000000,0.000000,0.000000,1.000000,0.000000,0.920587,0.242564,0.216426,28.077623,0.665395,0.443597,0.737500,0.101750,,5.000000,True,False,False,,,,2415,-,0.000000,
22.000000,7.000000,42.000000,0.000000,9.000000,0.000000,22.000000,0.000000,67.000000,0.000000,5.000000,1.000000,1.000000,0.000000,0.000000,1.000000,0.000000,0.926713,0.267232,0.221030,27.987956,0.661900,0.441266,0.737500,0.089667,,6.000000,True,False,False,,,,2416,-,0.000000,
24.000000,6.000000,43.000000,0.000000,7.000000,0.000000,24.000000,0.000000,66.000000,0.000000,5.000000,1.000000,1.000000,0.000000,0.000000,1.000000,0.000000,0.905084,0.308954,0.289395,27.857259,0.651414,0.434276,0.725000,0.130697,,7.000000,True,False,False,,,,2417,-,0.000000,
23.000000,8.000000,41.000000,0.000000,8.000000,0.000000,23.000000,0.000000,68.000000,0.000000,5.000000,1.000000,1.000000,0.000000,0.000000,1.000000,0.000000,0.899622,0.303770,0.253859,27.772503,0.659427,0.439618,0.737500,0.084755,,5.000000,True,False,False,,,,2418,-,0.000000,
23.000000,6.000000,43.000000,0.000000,8.000000,0.000000,23.000000,0.000000,72.000000,0.000000,5.000000,1.000000,1.000000,0.000000,0.000000,1.000000,0.000000,0.873987,0.417634,0.311759,27.640973,0.622514,0.415010,0.712500,0.131530,,6.000000,True,False,False,,,,2419,-,0.000000,
25.000000,7.000000,43.000000,0.000000,5.000000,0.000000,25.000000,0.000000,67.000000,0.000000,5.000000,1.000000,1.000000,0.000000,0.000000,1.000000,0.000000,0.830381,0.268527,0.258084,27.487075,0.659841,0.439894,0.725000,0.153898,,7.000000,True,False,False,,,,2420,-,0.000000,
28.000000,6.000000,42.000000,0.000000,4.000000,0.000000,28.000000,0.000000,73.000000,0.000000,5.000000,1.000000,1.000000,0.000000,0.000000,1.000000,0.000000,0.911196,0.333334,0.274412,27.420251,0.618299,0.412199,0.687500,0.066824,,7.000000,True,False,False,,,,2421,-,0.000000,
26.000000,6.000000,44.000000,0.000000,4.000000,0.000000,26.000000,0.000000,67.000000,0.000000,5.000000,1.000000,1.000000,0.000000,0.000000,1.000000,0.000000,0.838864,0.109231,0.231232,27.529028,0.615482,0.410321,0.675000,-0.108777,,7.000000,True,False,False,,,,2422,-,0.000000,
25.000000,4.000000,46.000000,0.000000,5.000000,0.000000,25.000000,0.000000,66.000000,0.000000,5.000000,1.000000,1.000000,0.000000,0.000000,1.000000,0.000000,0.920352,0.236366,0.247191,27.577024,0.598177,0.398784,0.687500,-0.047996,,5.000000,True,False,False,,,,2423,-,0.000000,
27.000000,4.000000,46.000000,0.000000,3.000000,0.000000,27.000000,0.000000,74.000000,0.000000,5.000000,1.000000,1.000000,0.000000,0.000000,1.000000,0.000000,0.874382,0.261968,0.288180,27.653863,0.601301,0.400867,0.687500,-0.076839,,3.000000,True,False,False,,,,2424,-,0.000000,
27.000000,5.000000,46.000000,0.000000,2.000000,0.000000,27.000000,0.000000,67.000000,0.000000,5.000000,1.000000,1.000000,0.000000,0.000000,1.000000,0.000000,0.812065,0.105062,0.206834,27.787966,0.631773,0.421182,0.675000,-0.134103,,4.000000,True,False,False,,,,2425,-,0.000000,
24.000000,7.000000,47.000000,0.000000,2.000000,0.000000,24.000000,0.000000,75.000000,0.000000,5.000000,1.000000,1.000000,0.000000,0.000000,1.000000,0.000000,0.931088,0.239798,0.235928,27.784678,0.623634,0.415756,0.700000,0.003288,,5.000000,True,False,False,,,,2426,-,0.000000,
24.000000,6.000000,48.000000,0.000000,2.000000,0.000000,24.000000,0.000000,77.000000,0.000000,5.000000,1.000000,1.000000,0.000000,0.000000,1.000000,0.000000,0.840992,0.131079,0.192916,27.881463,0.651899,0.434599,0.700000,-0.096784,,6.000000,True,False,False,,,,2427,-,0.000000,
24.000000,7.000000,48.000000,0.000000,1.000000,0.000000,24.000000,0.000000,74.000000,0.000000,5.000000,1.000000,1.000000,0.000000,0.000000,1.000000,0.000000,0.910932,0.113216,0.185534,27.927046,0.666552,0.444368,0.712500,-0.045583,,7.000000,True,False,False,,,,2428,-,0.000000,
24.000000,5.000000,49.000000,0.000000,2.000000,0.000000,24.000000,0.000000,71.000000,0.000000,5.000000,1.000000,1.000000,0.000000,0.000000,1.000000,0.000000,0.922404,0.192927,0.192543,27.945623,0.648848,0.432565,0.700000,-0.018577,,6.000000,True,False,False,,,,2429,-,0.000000,
25.000000,5.000000,49.000000,0.000000,1.000000,0.000000,25.000000,0.000000,71.000000,0.000000,5.000000,1.000000,1.000000,0.000000,0.000000,1.000000,0.000000,0.980166,0.193091,0.220003,27.941953,0.642765,0.428510,0.700000,0.003669,,7.000000,True,False,False,,,,2430,-,0.000000,
25.000000,4.000000,49.000000,0.000000,2.000000,0.000000,25.000000,0.000000,69.000000,0.000000,5.000000,1.000000,1.000000,0.000000,0.000000,1.000000,0.000000,0.958990,0.221668,0.213199,27.934957,0.627547,0.418365,0.687500,0.006997,,7.000000,True,False,False,,,,2431,-,0.000000,
24.000000,5.000000,48.000000,0.000000,3.000000,0.000000,24.000000,0.000000,71.000000,0.000000,5.000000,1.000000,1.000000,0.000000,0.000000,1.000000,0.000000,0.914691,0.247153,0.265820,27.908664,0.631114,0.420742,0.700000,0.026293,,7.000000,True,False,False,,,,2432,-,0.000000,
24.000000,4.000000,45.000000,0.000000,7.000000,0.000000,24.000000,0.000000,67.000000,0.000000,5.000000,1.000000,1.000000,0.000000,0.000000,1.000000,0.000000,0.962977,0.251399,0.233888,27.872239,0.651071,0.434047,0.712500,0.036425,,6.000000,True,False,False,,,,2433,-,0.000000,
25.000000,3.000000,46.000000,0.000000,6.000000,0.000000,25.000000,0.000000,68.000000,0.000000,5.000000,1.000000,1.000000,0.000000,0.000000,1.000000,0.000000,0.854984,0.355433,0.307226,27.771936,0.626033,0.417355,0.700000,0.100303,,7.000000,True,False,False,,,,2434,-,0.000000,
27.000000,2.000000,46.000000,0.000000,5.000000,0.000000,27.000000,0.000000,68.000000,0.000000,5.000000,1.000000,1.000000,0.000000,0.000000,1.000000,0.000000,0.916180,0.266040,0.273118,27.778131,0.620577,0.413718,0.687500,-0.006196,,7.000000,True,False,False,,,,2435,-,0.000000,
28.000000,1.000000,45.000000,0.000000,6.000000,0.000000,28.000000,0.000000,72.000000,0.000000,5.000000,1.000000,1.000000,0.000000,0.000000,1.000000,0.000000,0.938777,0.342251,0.286425,27.770129,0.615423,0.410282,0.687500,0.008003,,7.000000,True,False,False,,,,2436,-,0.000000,
27.000000,1.000000,45.000000,0.000000,7.000000,0.000000,27.000000,0.000000,75.000000,0.000000,5.000000,1.000000,1.000000,0.000000,0.000000,1.000000,0.000000,0.944294,0.276349,0.277554,27.750619,0.608846,0.405897,0.687500,0.019510,,6.000000,True,False,False,,,,2437,-,0.000000,
27.000000,1.000000,45.000000,0.000000,7.000000,0.000000,27.000000,0.000000,76.000000,0.000000,5.000000,1.000000,1.000000,0.000000,0.000000,1.000000,0.000000,0.941280,0.322321,0.298059,27.753622,0.577800,0.385200,0.662500,-0.003003,,7.000000,True,False,False,,,,2438,-,0.000000,
29.000000,1.000000,44.000000,0.000000,6.000000,0.000000,29.000000,0.000000,73.000000,0.000000,5.000000,1.000000,1.000000,0.000000,0.000000,1.000000,0.000000,0.975416,0.323877,0.306400,27.763036,0.579980,0.386653,0.675000,-0.009414,,6.000000,True,False,False,,,,2439,-,0.000000,
28.000000,4.000000,44.000000,0.000000,4.000000,0.000000,28.000000,0.000000,76.000000,0.000000,5.000000,1.000000,1.000000,0.000000,0.000000,1.000000,0.000000,0.944862,0.277295,0.260000,27.779440,0.597386,0.398257,0.675000,-0.016404,,7.000000,True,False,False,,,,2440,-,0.000000,
27.000000,6.000000,43.000000,0.000000,4.000000,0.000000,27.000000,0.000000,74.000000,0.000000,5.000000,1.000000,1.000000,0.000000,0.000000,1.000000,0.000000,0.955522,0.189307,0.201694,27.748562,0.613850,0.409233,0.675000,0.030878,,7.000000,True,False,False,,,,2441,-,0.000000,
25.000000,8.000000,41.000000,0.000000,6.000000,0.000000,25.000000,0.000000,78.000000,0.000000,5.000000,1.000000,1.000000,0.000000,0.000000,1.000000,0.000000,0.918501,0.285725,0.262527,27.733071,0.611394,0.407596,0.687500,0.015491,,7.000000,True,False,False,,,,2442,-,0.000000,
26.000000,9.000000,38.000000,0.000000,7.000000,0.000000,26.000000,0.000000,74.000000,0.000000,5.000000,1.000000,1.000000,0.000000,0.000000,1.000000,0.000000,0.829374,0.132002,0.259663,27.774171,0.644477,0.429651,0.712500,-0.041100,,4.000000,True,False,False,,,,2443,-,0.000000,
27.000000,9.000000,38.000000,0.000000,6.000000,0.000000,27.000000,0.000000,66.000000,0.000000,5.000000,1.000000,1.000000,0.000000,0.000000,1.000000,0.000000,0.798471,0.117257,0.269771,27.809719,0.617658,0.411772,0.675000,-0.035548,,5.000000,True,False,False,,,,2444,-,0.000000,
29.000000,9.000000,38.000000,0.000000,4.000000,0.000000,29.000000,0.000000,75.000000,0.000000,5.000000,1.000000,1.000000,0.000000,0.000000,1.000000,0.000000,0.840000,0.221796,0.275400,27.841664,0.578059,0.385372,0.675000,-0.031945,,6.000000,True,False,False,,,,2445,-,0.000000,
30.000000,5.000000,42.000000,0.000000,3.000000,0.000000,30.000000,0.000000,66.000000,0.000000,5.000000,1.000000,1.000000,0.000000,0.000000,1.000000,0.000000,0.870162,0.082647,0.198066,27.885602,0.592211,0.394807,0.637500,-0.043937,,7.000000,True,False,False,,,,2446,-,0.000000,
30.000000,5.000000,41.000000,0.000000,4.000000,0.000000,30.000000,0.000000,72.000000,0.000000,5.000000,1.000000,1.000000,0.000000,0.000000,1.000000,0.000000,0.835703,0.165664,0.231064,27.946906,0.598250,0.398834,0.675000,-0.061304,,7.000000,True,False,False,,,,2447,-,0.000000,
29.000000,5.000000,40.000000,0.000000,6.000000,0.000000,29.000000,0.000000,60.000000,0.000000,5.000000,1.000000,1.000000,0.000000,0.000000,1.000000,0.000000,0.867205,0.144873,0.272093,28.002688,0.563253,0.375502,0.637500,-0.055782,,7.000000,True,False,False,,,,2448,-,0.000000,
26.000000,7.000000,38.000000,0.000000,9.000000,0.000000,26.000000,0.000000,72.000000,0.000000,5.000000,1.000000,1.000000,0.000000,0.000000,1.000000,0.000000,0.891122,0.274130,0.304962,28.064390,0.568797,0.379198,0.687500,-0.061703,,6.000000,True,False,False,,,,2449,-,0.000000,
28.000000,5.000000,40.000000,0.000000,7.000000,0.000000,28.000000,0.000000,73.000000,0.000000,5.000000,1.000000,1.000000,0.000000,0.000000,1.000000,0.000000,0.965409,0.197428,0.232229,28.055002,0.605799,0.403866,0.687500,0.009388,,7.000000,True,False,False,,,,2450,-,0.000000,
28.000000,6.000000,40.000000,0.000000,6.000000,0.000000,28.000000,0.000000,73.000000,0.000000,5.000000,1.000000,1.000000,0.000000,0.000000,1.000000,0.000000,0.745953,0.030845,0.268105,28.220926,0.621013,0.414009,0.687500,-0.165924,,6.000000,True,False,False,,,,2451,-,0.000000,
28.000000,6.000000,41.000000,0.000000,5.000000,0.000000,28.000000,0.000000,67.000000,0.000000,5.000000,1.000000,1.000000,0.000000,0.000000,1.000000,0.000000,0.743936,0.047569,0.333148,28.367244,0.619888,0.413258,0.687500,-0.146318,,7.000000,True,False,False,,,,2452,-,0.000000,
25.000000,11.000000,40.000000,0.000000,4.000000,0.000000,25.000000,0.000000,72.000000,0.000000,5.000000,1.000000,1.000000,0.000000,0.000000,1.000000,0.000000,0.852579,0.174874,0.214783,28.392734,0.626801,0.417868,0.712500,-0.025490,,5.000000,True,False,False,,,,2453,-,0.000000,
24.000000,13.000000,40.000000,0.000000,3.000000,0.000000,24.000000,0.000000,73.000000,0.000000,5.000000,1.000000,1.000000,0.000000,0.000000,1.000000,0.000000,0.907769,0.185970,0.220461,28.378258,0.644077,0.429385,0.712500,0.014476,,6.000000,True,False,False,,,,2454,-,0.000000,
25.000000,13.000000,41.000000,0.000000,1.000000,0.000000,25.000000,0.000000,73.000000,0.000000,5.000000,1.000000,1.000000,0.000000,0.000000,1.000000,0.000000,0.909739,0.136993,0.145112,28.342139,0.680349,0.453566,0.712500,0.036119,,7.000000,True,False,False,,,,2455,-,0.000000,
25.000000,12.000000,41.000000,0.000000,2.000000,0.000000,25.000000,0.000000,74.000000,0.000000,5.000000,1.000000,1.000000,0.000000,0.000000,1.000000,0.000000,0.932380,0.165311,0.194007,28.346063,0.630818,0.420545,0.687500,-0.003924,,7.000000,True,False,False,,,,2456,-,0.000000,
23.000000,12.000000,42.000000,0.000000,3.000000,0.000000,23.000000,0.000000,69.000000,0.000000,5.000000,1.000000,1.000000,0.000000,0.000000,1.000000,0.000000,0.909386,0.213664,0.201130,28.279107,0.651958,0.434638,0.712500,0.066956,,6.000000,True,False,False,,,,2457,-,0.000000,
22.000000,11.000000,44.000000,0.000000,3.000000,0.000000,22.000000,0.000000,69.000000,0.000000,5.000000,1.000000,1.000000,0.000000,0.000000,1.000000,0.000000,0.978115,0.250541,0.222572,28.247290,0.647339,0.431559,0.725000,0.031817,,7.000000,True,False,False,,,,2458,-,0.000000,
21.000000,11.000000,44.000000,0.000000,4.000000,0.000000,21.000000,0.000000,67.000000,0.000000,5.000000,1.000000,1.000000,0.000000,0.000000,1.000000,0.000000,0.870241,0.150134,0.198049,28.167312,0.692193,0.461462,0.750000,0.079978,,6.000000,True,False,False,,,,2459,-,0.000000,
22.000000,11.000000,44.000000,0.000000,3.000000,0.000000,22.000000,0.000000,65.000000,0.000000,5.000000,1.000000,1.000000,0.000000,0.000000,1.000000,0.000000,0.810061,0.252320,0.235576,27.998612,0.687061,0.458041,0.737500,0.168700,,7.000000,True,False,False,,,,2460,-,0.000000,
22.000000,10.000000,44.000000,0.000000,4.000000,0.000000,22.000000,0.000000,70.000000,0.000000,5.000000,1.000000,1.000000,0.000000,0.000000,1.000000,0.000000,0.821751,0.278396,0.268866,27.933868,0.645817,0.430545,0.725000,0.064744,,7.000000,True,False,False,,,,2461,-,0.000000,
21.000000,7.000000,48.000000,0.000000,4.000000,0.000000,21.000000,0.000000,65.000000,0.000000,5.000000,1.000000,1.000000,0.000000,0.000000,1.000000,0.000000,0.925962,0.143109,0.177835,27.952216,0.674153,0.449436,0.737500,-0.018349,,5.000000,True,False,False,,,,2462,-,0.000000,
20.000000,6.000000,50.000000,0.000000,4.000000,0.000000,20.000000,0.000000,66.000000,0.000000,5.000000,1.000000,1.000000,0.000000,0.000000,1.000000,0.000000,0.902618,0.230244,0.223497,27.978190,0.670723,0.447148,0.750000,-0.025974,,6.000000,True,False,False,,,,2463,-,0.000000,
22.000000,4.000000,52.000000,0.000000,2.000000,0.000000,22.000000,0.000000,62.000000,0.000000,5.077399,1.000000,1.000000,0.000000,0.000000,1.000000,0.000000,0.857013,0.164893,0.202987,28.014845,0.703117,0.468744,0.762500,-0.036655,,7.000000,True,False,False,,,,2464,-,0.000000,
23.000000,4.000000,51.000000,0.000000,2.000000,0.000000,23.000000,0.000000,74.000000,0.000000,5.000000,1.000000,1.000000,0.000000,0.000000,1.000000,0.000000,0.902165,0.143070,0.160406,28.118013,0.648908,0.432606,0.725000,-0.103168,,7.000000,True,False,False,,,,2465,-,0.000000,
21.000000,4.000000,50.000000,0.000000,5.000000,0.000000,21.000000,0.000000,73.000000,0.000000,5.231873,1.000000,1.000000,0.000000,0.000000,1.000000,0.000000,0.927484,0.185203,0.191525,28.134160,0.675847,0.450564,0.737500,-0.016147,,6.000000,True,False,False,,,,2466,-,0.000000,
20.000000,4.000000,51.000000,0.000000,5.000000,0.000000,20.000000,0.000000,63.000000,0.000000,5.000000,1.000000,1.000000,0.000000,0.000000,1.000000,0.000000,0.919787,0.137417,0.180305,28.215267,0.687657,0.458438,0.750000,-0.081107,,7.000000,True,False,False,,,,2467,-,0.000000,
21.000000,5.000000,50.000000,0.000000,4.000000,0.000000,21.000000,0.000000,67.000000,0.000000,5.000000,1.000000,1.000000,0.000000,0.000000,1.000000,0.000000,0.963913,0.208518,0.228252,28.252000,0.696790,0.464527,0.762500,-0.036733,,7.000000,True,False,False,,,,2468,-,0.000000,
21.000000,6.000000,49.000000,0.000000,4.000000,0.000000,21.000000,0.000000,70.000000,0.000000,5.000000,1.000000,1.000000,0.000000,0.000000,1.000000,0.000000,0.941031,0.141870,0.182740,28.280044,0.686340,0.457560,0.750000,-0.028045,,7.000000,True,False,False,,,,2469,-,0.000000,
19.000000,8.000000,47.000000,0.000000,6.000000,0.000000,19.000000,0.000000,76.000000,0.000000,5.000000,1.000000,1.000000,0.000000,0.000000,1.000000,0.000000,0.942320,0.092397,0.157419,28.301074,0.721598,0.481065,0.775000,-0.021030,,7.000000,True,False,False,,,,2470,-,0.000000,
20.000000,7.000000,47.000000,0.000000,6.000000,0.000000,20.000000,0.000000,68.000000,0.000000,5.000000,1.000000,1.000000,0.000000,0.000000,1.000000,0.000000,0.880469,0.046099,0.198687,28.337744,0.716865,0.477910,0.762500,-0.036670,,7.000000,True,False,False,,,,2471,-,0.000000,
19.000000,7.000000,47.000000,0.000000,7.000000,0.000000,19.000000,0.000000,69.000000,0.000000,5.000000,1.000000,1.000000,0.000000,0.000000,1.000000,0.000000,0.913785,0.185961,0.205930,28.284528,0.704457,0.469638,0.762500,0.053216,,7.000000,True,False,False,,,,2472,-,0.000000,
21.000000,6.000000,47.000000,0.000000,6.000000,0.000000,21.000000,0.000000,66.000000,0.000000,5.000000,1.000000,1.000000,0.000000,0.000000,1.000000,0.000000,0.955899,0.202757,0.195642,28.197625,0.705673,0.470449,0.762500,0.086903,,7.000000,True,False,False,,,,2473,-,0.000000,
20.000000,7.000000,46.000000,0.000000,7.000000,0.000000,20.000000,0.000000,72.000000,0.000000,5.000000,1.000000,1.000000,0.000000,0.000000,1.000000,0.000000,0.882499,0.213513,0.214549,28.126205,0.703437,0.468958,0.762500,0.071420,,7.000000,True,False,False,,,,2474,-,0.000000,
21.000000,7.000000,46.000000,0.000000,6.000000,0.000000,21.000000,0.000000,66.000000,0.000000,5.000000,1.000000,1.000000,0.000000,0.000000,1.000000,0.000000,0.941512,0.155264,0.179020,28.061795,0.718026,0.478684,0.775000,0.064409,,6.000000,True,False,False,,,,2475,-,0.000000,
21.000000,7.000000,47.000000,0.000000,5.000000,0.000000,21.000000,0.000000,68.000000,0.000000,5.000000,1.000000,1.000000,0.000000,0.000000,1.000000,0.000000,0.852829,0.253638,0.245048,27.941716,0.732495,0.488330,0.775000,0.120079,,7.000000,True,False,False,,,,2476,-,0.000000,
25.000000,6.000000,46.000000,0.000000,3.000000,0.000000,25.000000,0.000000,69.000000,0.000000,5.000000,1.000000,1.000000,0.000000,0.000000,1.000000,0.000000,0.919558,0.243223,0.245340,27.915608,0.682612,0.455074,0.750000,0.026108,,7.000000,True,False,False,,,,2477,-,0.000000,
26.000000,6.000000,42.000000,0.000000,6.000000,0.000000,26.000000,0.000000,70.000000,0.000000,5.000000,1.000000,1.000000,0.000000,0.000000,1.000000,0.000000,0.863635,0.217613,0.309750,27.951237,0.647618,0.431745,0.700000,-0.035629,,7.000000,True,False,False,,,,2478,-,0.000000,
25.000000,4.000000,44.000000,0.000000,7.000000,0.000000,25.000000,0.000000,73.000000,0.000000,5.000000,1.000000,1.000000,0.000000,0.000000,1.000000,0.000000,0.915901,0.196264,0.225891,27.991453,0.624959,0.416639,0.687500,-0.040216,,7.000000,True,False,False,,,,2479,-,0.000000,
22.000000,6.000000,45.000000,0.000000,7.000000,0.000000,22.000000,0.000000,68.000000,0.000000,5.000000,1.000000,1.000000,0.000000,0.000000,1.000000,0.000000,0.890262,0.220339,0.269758,27.995086,0.662472,0.441648,0.737500,-0.003633,,7.000000,True,False,False,,,,2480,-,0.000000,
24.000000,6.000000,44.000000,0.000000,6.000000,0.000000,24.000000,0.000000,80.000000,0.000000,5.000000,1.000000,1.000000,0.000000,0.000000,1.000000,0.000000,0.867042,0.279325,0.309018,28.013596,0.649088,0.432725,0.725000,-0.018510,,7.000000,True,False,False,,,,2481,-,0.000000,
25.000000,7.000000,40.000000,0.000000,8.000000,0.000000,25.000000,0.000000,69.000000,0.000000,5.000000,1.000000,1.000000,0.000000,0.000000,1.000000,0.000000,0.851285,0.143809,0.226830,28.038066,0.669701,0.446467,0.725000,-0.024470,,7.000000,True,False,False,,,,2482,-,0.000000,
24.000000,8.000000,40.000000,0.000000,8.000000,0.000000,24.000000,0.000000,69.000000,0.000000,5.000000,1.000000,1.000000,0.000000,0.000000,1.000000,0.000000,0.810817,0.100479,0.261786,28.145303,0.629913,0.419942,0.712500,-0.107237,,7.000000,True,False,False,,,,2483,-,0.000000,
21.000000,11.000000,39.000000,0.000000,9.000000,0.000000,21.000000,0.000000,73.000000,0.000000,5.000000,1.000000,1.000000,0.000000,0.000000,1.000000,0.000000,0.812694,-0.003209,0.250047,28.247215,0.690652,0.460435,0.762500,-0.101912,,7.000000,True,False,False,,,,2484,-,0.000000,
22.000000,12.000000,37.000000,0.000000,9.000000,0.000000,22.000000,0.000000,72.000000,0.000000,5.000000,1.000000,1.000000,0.000000,0.000000,1.000000,0.000000,0.747506,0.024525,0.261778,28.393306,0.724805,0.483203,0.775000,-0.146091,,6.000000,True,False,False,,,,2485,-,0.000000,
23.000000,13.000000,37.000000,0.000000,7.000000,0.000000,23.000000,0.000000,70.000000,0.000000,5.000000,1.000000,1.000000,0.000000,0.000000,1.000000,0.000000,0.701293,-0.011811,0.334266,28.588915,0.715004,0.476669,0.775000,-0.195608,,7.000000,True,False,False,,,,2486,-,0.000000,
25.000000,11.000000,37.000000,0.000000,7.000000,0.000000,25.000000,0.000000,69.000000,0.000000,5.000000,1.000000,1.000000,0.000000,0.000000,1.000000,0.000000,0.697665,0.026759,0.323810,28.767779,0.676701,0.451134,0.737500,-0.178864,,4.000000,True,False,False,,,,2487,-,0.000000,
25.000000,8.000000,42.000000,0.000000,5.000000,0.000000,25.000000,0.000000,71.000000,0.000000,5.000000,1.000000,1.000000,0.000000,0.000000,1.000000,0.000000,0.834059,0.059004,0.235311,28.827796,0.655574,0.437049,0.725000,-0.060017,,5.000000,True,False,False,,,,2488,-,0.000000,
26.000000,8.000000,43.000000,0.000000,3.000000,0.000000,26.000000,0.000000,69.000000,0.000000,5.000000,1.000000,1.000000,0.000000,0.000000,1.000000,0.000000,0.867892,0.138511,0.259038,28.843830,0.647759,0.431839,0.725000,-0.016035,,5.000000,True,False,False,,,,2489,-,0.000000,
22.000000,9.000000,46.000000,0.000000,3.000000,0.000000,22.000000,0.000000,67.000000,0.000000,5.000000,1.000000,1.000000,0.000000,0.000000,1.000000,0.000000,0.896380,0.121984,0.203187,28.810865,0.687126,0.458084,0.750000,0.032966,,6.000000,True,False,False,,,,2490,-,0.000000,
22.000000,11.000000,46.000000,0.000000,1.000000,0.000000,22.000000,0.000000,73.000000,0.000000,5.000000,1.000000,1.000000,0.000000,0.000000,1.000000,0.000000,0.972649,0.185063,0.190097,28.730529,0.684677,0.456451,0.750000,0.080336,,7.000000,True,False,False,,,,2491,-,0.000000,
22.000000,11.000000,46.000000,0.000000,1.000000,0.000000,22.000000,0.000000,71.000000,0.000000,5.000000,1.000000,1.000000,0.000000,0.000000,1.000000,0.000000,0.935845,0.106346,0.166122,28.699508,0.714319,0.476213,0.762500,0.031021,,5.000000,True,False,False,,,,2492,-,0.000000,
21.000000,12.000000,46.000000,0.000000,1.000000,0.000000,21.000000,0.000000,67.000000,0.000000,5.000000,1.000000,1.000000,0.000000,0.000000,1.000000,0.000000,0.921087,0.182461,0.164603,28.630815,0.691971,0.461314,0.737500,0.068693,,6.000000,True,False,False,,,,2493,-,0.000000,
16.000000,15.000000,48.000000,0.000000,1.000000,0.000000,16.000000,0.000000,66.000000,0.000000,5.000000,1.000000,1.000000,0.000000,0.000000,1.000000,0.000000,0.926978,0.101916,0.144952,28.608916,0.742586,0.495057,0.800000,0.021899,,7.000000,True,False,False,,,,2494,-,0.000000,
14.000000,15.000000,49.000000,0.000000,2.000000,0.000000,14.000000,0.000000,63.000000,0.000000,5.114940,1.000000,1.000000,0.000000,0.000000,1.000000,0.000000,0.825251,-0.038091,0.179824,28.627707,0.780199,0.520133,0.825000,-0.018791,,7.000000,True,False,False,,,,2495,-,0.000000,
14.000000,15.000000,48.000000,0.000000,3.000000,0.000000,14.000000,0.000000,57.000000,0.000000,5.013550,1.000000,1.000000,0.000000,0.000000,1.000000,0.000000,0.880831,0.029301,0.165027,28.537991,0.793288,0.528859,0.837500,0.089716,,7.000000,True,False,False,,,,2496,-,0.000000,
14.000000,15.000000,47.000000,0.000000,4.000000,0.000000,14.000000,0.000000,63.000000,0.000000,5.154390,1.000000,1.000000,0.000000,0.000000,1.000000,0.000000,0.952707,0.110303,0.166608,28.444691,0.762348,0.508232,0.825000,0.093300,,7.000000,True,False,False,,,,2497,-,0.000000,
15.000000,12.000000,48.000000,0.000000,5.000000,0.000000,15.000000,0.000000,63.000000,0.000000,5.000000,1.000000,1.000000,0.000000,0.000000,1.000000,0.000000,0.954202,0.183298,0.204460,28.469094,0.762277,0.508185,0.825000,-0.024403,,7.000000,True,False,False,,,,2498,-,0.000000,
15.000000,10.000000,47.000000,0.000000,8.000000,0.000000,15.000000,0.000000,67.000000,0.000000,5.000000,1.000000,1.000000,0.000000,0.000000,1.000000,0.000000,0.889169,0.032901,0.190818,28.540437,0.754886,0.503257,0.812500,-0.071342,,7.000000,True,False,False,,,,2499,-,0.000000,
15.000000,7.000000,49.000000,0.000000,9.000000,0.000000,15.000000,0.000000,65.000000,0.000000,5.000000,1.000000,1.000000,0.000000,0.000000,1.000000,0.000000,0.910236,0.124253,0.207102,28.556023,0.752145,0.501430,0.812500,-0.015587,,6.000000,True,False,False,,,,2500,-,0.000000,
15.000000,5.000000,51.000000,0.000000,9.000000,0.000000,15.000000,0.000000,65.000000,0.000000,5.000000,1.000000,1.000000,0.000000,0.000000,1.000000,0.000000,0.843589,0.087247,0.241230,28.644408,0.742568,0.495046,0.812500,-0.088385,,6.000000,True,False,False,,,,2501,-,0.000000,
18.000000,3.000000,53.000000,0.000000,6.000000,0.000000,18.000000,0.000000,70.000000,0.000000,5.000000,1.000000,1.000000,0.000000,0.000000,1.000000,0.000000,0.912477,0.198688,0.230513,28.674580,0.748015,0.498676,0.812500,-0.030172,,4.000000,True,False,False,,,,2502,-,0.000000,
21.000000,3.000000,53.000000,0.000000,3.000000,0.000000,21.000000,0.000000,71.000000,0.000000,5.000000,1.000000,1.000000,0.000000,0.000000,1.000000,0.000000,0.808450,0.159524,0.236114,28.752570,0.734834,0.489889,0.787500,-0.077991,,5.000000,True,False,False,,,,2503,-,0.000000,
22.000000,1.000000,55.000000,0.000000,2.000000,0.000000,22.000000,0.000000,68.000000,0.000000,5.000000,1.000000,1.000000,0.000000,0.000000,1.000000,0.000000,0.850352,0.143008,0.232032,28.794449,0.689454,0.459636,0.737500,-0.041878,,6.000000,True,False,False,,,,2504,-,0.000000,
20.000000,3.000000,55.000000,0.000000,2.000000,0.000000,20.000000,0.000000,69.000000,0.000000,5.000000,1.000000,1.000000,0.000000,0.000000,1.000000,0.000000,0.903119,0.148552,0.164094,28.823813,0.692238,0.461492,0.750000,-0.029365,,7.000000,True,False,False,,,,2505,-,0.000000,
22.000000,2.000000,55.000000,0.000000,1.000000,0.000000,22.000000,0.000000,65.000000,0.000000,5.000000,1.000000,1.000000,0.000000,0.000000,1.000000,0.000000,0.972801,0.238226,0.209144,28.804233,0.688893,0.459262,0.750000,0.019580,,7.000000,True,False,False,,,,2506,-,0.000000,
22.000000,2.000000,54.000000,0.000000,2.000000,0.000000,22.000000,0.000000,65.000000,0.000000,5.000000,1.000000,1.000000,0.000000,0.000000,1.000000,0.000000,0.948452,0.296377,0.246159,28.740893,0.663977,0.442651,0.725000,0.063340,,7.000000,True,False,False,,,,2507,-,0.000000,
21.000000,3.000000,49.000000,0.000000,7.000000,0.000000,21.000000,0.000000,66.000000,0.000000,5.000000,1.000000,1.000000,0.000000,0.000000,1.000000,0.000000,0.933361,0.307877,0.253179,28.653172,0.655518,0.437012,0.737500,0.087721,,7.000000,True,False,False,,,,2508,-,0.000000,
19.000000,5.000000,48.000000,0.000000,8.000000,0.000000,19.000000,0.000000,65.000000,0.000000,5.077682,1.000000,1.000000,0.000000,0.000000,1.000000,0.000000,0.941745,0.264308,0.219595,28.542257,0.701564,0.467709,0.762500,0.110915,,7.000000,True,False,False,,,,2509,-,0.000000,
20.000000,5.000000,47.000000,0.000000,8.000000,0.000000,20.000000,0.000000,71.000000,0.000000,5.000000,1.000000,1.000000,0.000000,0.000000,1.000000,0.000000,0.823153,0.337930,0.291503,28.421048,0.692272,0.461515,0.775000,0.121210,,7.000000,True,False,False,,,,2510,-,0.000000,
21.000000,5.000000,46.000000,0.000000,8.000000,0.000000,21.000000,0.000000,70.000000,0.000000,5.000000,1.000000,1.000000,0.000000,0.000000,1.000000,0.000000,0.899741,0.223259,0.262712,28.368159,0.696822,0.464548,0.762500,0.052889,,7.000000,True,False,False,,,,2511,-,0.000000,
24.000000,5.000000,45.000000,0.000000,6.000000,0.000000,24.000000,0.000000,70.000000,0.000000,5.000000,1.000000,1.000000,0.000000,0.000000,1.000000,0.000000,0.785169,0.336324,0.295492,28.216251,0.674641,0.449761,0.737500,0.151908,,7.000000,True,False,False,,,,2512,-,0.000000,
27.000000,5.000000,44.000000,0.000000,4.000000,0.000000,27.000000,0.000000,69.000000,0.000000,5.000000,1.000000,1.000000,0.000000,0.000000,1.000000,0.000000,0.877717,0.211833,0.268038,28.243083,0.641707,0.427804,0.700000,-0.026832,,7.000000,True,False,False,,,,2513,-,0.000000,
27.000000,5.000000,43.000000,0.000000,5.000000,0.000000,27.000000,0.000000,66.000000,0.000000,5.000000,1.000000,1.000000,0.000000,0.000000,1.000000,0.000000,0.896357,0.329294,0.283354,28.211693,0.580908,0.387272,0.662500,0.031390,,5.000000,True,False,False,,,,2514,-,0.000000,
26.000000,4.000000,45.000000,0.000000,5.000000,0.000000,26.000000,0.000000,68.000000,0.000000,5.000000,1.000000,1.000000,0.000000,0.000000,1.000000,0.000000,0.985242,0.279532,0.295408,28.266038,0.577348,0.384898,0.675000,-0.054345,,6.000000,True,False,False,,,,2515,-,0.000000,
24.000000,8.000000,45.000000,0.000000,3.000000,0.000000,24.000000,0.000000,68.000000,0.000000,5.000000,1.000000,1.000000,0.000000,0.000000,1.000000,0.000000,0.891233,0.236483,0.291030,28.333073,0.631958,0.421305,0.725000,-0.067035,,6.000000,True,False,False,,,,2516,-,0.000000,
25.000000,8.000000,46.000000,0.000000,1.000000,0.000000,25.000000,0.000000,70.000000,0.000000,5.000000,1.000000,1.000000,0.000000,0.000000,1.000000,0.000000,0.841525,0.112208,0.236227,28.437327,0.653755,0.435837,0.712500,-0.104254,,7.000000,True,False,False,,,,2517,-,0.000000,
23.000000,9.000000,46.000000,0.000000,2.000000,0.000000,23.000000,0.000000,77.000000,0.000000,5.000000,1.000000,1.000000,0.000000,0.000000,1.000000,0.000000,0.813551,0.070795,0.226105,28.492358,0.646506,0.431004,0.712500,-0.055031,,7.000000,True,False,False,,,,2518,-,0.000000,
22.000000,10.000000,43.000000,0.000000,5.000000,0.000000,22.000000,0.000000,73.000000,0.000000,5.000000,1.000000,1.000000,0.000000,0.000000,1.000000,0.000000,0.788442,-0.024919,0.218104,28.591821,0.684489,0.456326,0.725000,-0.099463,,7.000000,True,False,False,,,,2519,-,0.000000,
22.000000,8.000000,43.000000,0.000000,7.000000,0.000000,22.000000,0.000000,60.000000,0.000000,5.022899,1.000000,1.000000,0.000000,0.000000,1.000000,0.000000,0.830696,0.005552,0.210641,28.623003,0.670540,0.447027,0.725000,-0.031182,,7.000000,True,False,False,,,,2520,-,0.000000,
23.000000,8.000000,39.000000,0.000000,10.000000,0.000000,23.000000,0.000000,72.000000,0.000000,5.000000,1.000000,1.000000,0.000000,0.000000,1.000000,0.000000,0.912077,0.205195,0.264511,28.644770,0.638793,0.425862,0.737500,-0.021767,,7.000000,True,False,False,,,,2521,-,0.000000,
23.000000,7.000000,39.000000,0.000000,11.000000,0.000000,23.000000,0.000000,66.000000,0.000000,5.000000,1.000000,1.000000,0.000000,0.000000,1.000000,0.000000,0.913375,0.146258,0.226225,28.615827,0.634606,0.423071,0.725000,0.028943,,7.000000,True,False,False,,,,2522,-,0.000000,
25.000000,6.000000,38.000000,0.000000,11.000000,0.000000,25.000000,0.000000,69.000000,0.000000,5.000000,1.000000,1.000000,0.000000,0.000000,1.000000,0.000000,0.885860,0.328649,0.337848,28.624950,0.616342,0.410895,0.737500,-0.009123,,7.000000,True,False,False,,,,2523,-,0.000000,
28.000000,5.000000,37.000000,0.000000,10.000000,0.000000,28.000000,0.000000,71.000000,0.000000,5.000000,1.000000,1.000000,0.000000,0.000000,1.000000,0.000000,0.918667,0.268148,0.277762,28.498332,0.590081,0.393387,0.687500,0.126618,,7.000000,True,False,False,,,,2524,-,0.000000,
27.000000,6.000000,37.000000,0.000000,10.000000,0.000000,27.000000,0.000000,66.000000,0.000000,5.000000,1.000000,1.000000,0.000000,0.000000,1.000000,0.000000,0.927729,0.317390,0.294556,28.491909,0.578633,0.385755,0.687500,0.006423,,7.000000,True,False,False,,,,2525,-,0.000000,
28.000000,5.000000,38.000000,0.000000,9.000000,0.000000,28.000000,0.000000,70.000000,0.000000,5.000000,1.000000,1.000000,0.000000,0.000000,1.000000,0.000000,0.950947,0.240252,0.254696,28.421699,0.614440,0.409627,0.712500,0.070210,,0.000000,True,False,False,,,,2526,-,0.000000,
29.000000,6.000000,38.000000,0.000000,7.000000,0.000000,29.000000,0.000000,71.000000,0.000000,5.000000,1.000000,1.000000,0.000000,0.000000,1.000000,0.000000,0.961459,0.234003,0.263928,28.382766,0.594992,0.396661,0.687500,0.038933,,1.000000,True,False,False,,,,2527,-,0.000000,
27.000000,11.000000,38.000000,0.000000,4.000000,0.000000,27.000000,0.000000,77.000000,0.000000,5.000000,1.000000,1.000000,0.000000,0.000000,1.000000,0.000000,0.812270,0.168683,0.304853,28.442401,0.625941,0.417294,0.725000,-0.059635,,2.000000,True,False,False,,,,2528,-,0.000000,
25.000000,13.000000,40.000000,0.000000,2.000000,0.000000,25.000000,0.000000,77.000000,0.000000,5.000000,1.000000,1.000000,0.000000,0.000000,1.000000,0.000000,0.878343,0.149984,0.179645,28.469415,0.645033,0.430022,0.725000,-0.027014,,3.000000,True,False,False,,,,2529,-,0.000000,
22.000000,15.000000,41.000000,0.000000,2.000000,0.000000,22.000000,0.000000,76.000000,0.000000,5.000000,1.000000,1.000000,0.000000,0.000000,1.000000,0.000000,0.799605,0.027669,0.242976,28.474656,0.709777,0.473185,0.762500,-0.005241,,4.000000,True,False,False,,,,2530,-,0.000000,
22.000000,13.000000,43.000000,0.000000,2.000000,0.000000,22.000000,0.000000,79.000000,0.000000,5.000000,1.000000,1.000000,0.000000,0.000000,1.000000,0.000000,0.748348,-0.079054,0.252123,28.593640,0.675042,0.450028,0.725000,-0.118984,,5.000000,True,False,False,,,,2531,-,0.000000,
22.000000,14.000000,43.000000,0.000000,1.000000,0.000000,22.000000,0.000000,76.000000,0.000000,5.000000,1.000000,1.000000,0.000000,0.000000,1.000000,0.000000,0.706713,-0.050082,0.266520,28.682015,0.677826,0.451884,0.737500,-0.088376,,6.000000,True,False,False,,,,2532,-,0.000000,
23.000000,12.000000,45.000000,0.000000,0.000000,0.000000,23.000000,0.000000,68.000000,0.000000,5.000000,1.000000,1.000000,0.000000,0.000000,1.000000,0.000000,0.726019,-0.067599,0.248670,28.818137,0.688416,0.458944,0.737500,-0.136122,,7.000000,True,False,False,,,,2533,-,0.000000,
20.000000,14.000000,44.000000,0.000000,2.000000,0.000000,20.000000,0.000000,66.000000,0.000000,5.000000,1.000000,1.000000,0.000000,0.000000,1.000000,0.000000,0.695414,-0.056658,0.309593,28.955601,0.691757,0.461171,0.750000,-0.137464,,7.000000,True,False,False,,,,2534,-,0.000000,
19.000000,12.000000,46.000000,0.000000,3.000000,0.000000,19.000000,0.000000,71.000000,0.000000,5.000000,1.000000,1.000000,0.000000,0.000000,1.000000,0.000000,0.727851,0.034170,0.263765,29.106835,0.698564,0.465709,0.775000,-0.151234,,6.000000,True,False,False,,,,2535,-,0.000000,
18.000000,8.000000,51.000000,0.000000,3.000000,0.000000,18.000000,0.000000,72.000000,0.000000,5.000000,1.000000,1.000000,0.000000,0.000000,1.000000,0.000000,0.849599,0.025791,0.148266,29.159811,0.742326,0.494884,0.787500,-0.052976,,7.000000,True,False,False,,,,2536,-,0.000000,
18.000000,6.000000,52.000000,0.000000,4.000000,0.000000,18.000000,0.000000,64.000000,0.000000,5.000000,1.000000,1.000000,0.000000,0.000000,1.000000,0.000000,0.847469,0.047890,0.170777,29.234743,0.726657,0.484438,0.775000,-0.074931,,6.000000,True,False,False,,,,2537,-,0.000000,
19.000000,5.000000,53.000000,0.000000,3.000000,0.000000,19.000000,0.000000,65.000000,0.000000,5.000000,1.000000,1.000000,0.000000,0.000000,1.000000,0.000000,0.846454,0.130575,0.201226,29.257688,0.730410,0.486940,0.787500,-0.022945,,7.000000,True,False,False,,,,2538,-,0.000000,
20.000000,3.000000,54.000000,0.000000,3.000000,0.000000,20.000000,0.000000,71.000000,0.000000,5.000000,1.000000,1.000000,0.000000,0.000000,1.000000,0.000000,0.899389,0.188921,0.212908,29.292813,0.698294,0.465529,0.762500,-0.035125,,7.000000,True,False,False,,,,2539,-,0.000000,
20.000000,1.000000,54.000000,0.000000,5.000000,0.000000,20.000000,0.000000,68.000000,0.000000,5.000000,1.000000,1.000000,0.000000,0.000000,1.000000,0.000000,0.959855,0.206402,0.183174,29.181559,0.703335,0.468890,0.750000,0.111253,,6.000000,True,False,False,,,,2540,-,0.000000,
20.000000,1.000000,54.000000,0.000000,5.000000,0.000000,20.000000,0.000000,71.000000,0.000000,5.000000,1.000000,1.000000,0.000000,0.000000,1.000000,0.000000,0.990842,0.270862,0.245227,29.137819,0.682044,0.454696,0.750000,0.043741,,7.000000,True,False,False,,,,2541,-,0.000000,
22.000000,1.000000,53.000000,0.000000,4.000000,0.000000,22.000000,0.000000,73.000000,0.000000,5.000000,1.000000,1.000000,0.000000,0.000000,1.000000,0.000000,0.972089,0.155696,0.169510,29.069631,0.701480,0.467654,0.750000,0.068188,,7.000000,True,False,False,,,,2542,-,0.000000,
22.000000,2.000000,50.000000,0.000000,6.000000,0.000000,22.000000,0.000000,74.000000,0.000000,5.000000,1.000000,1.000000,0.000000,0.000000,1.000000,0.000000,0.922686,0.114015,0.174037,29.082187,0.694329,0.462886,0.737500,-0.012556,,7.000000,True,False,False,,,,2543,-,0.000000,
23.000000,1.000000,48.000000,0.000000,8.000000,0.000000,23.000000,0.000000,73.000000,0.000000,5.322462,1.000000,1.000000,0.000000,0.000000,1.000000,0.000000,0.882655,0.200730,0.270098,29.121487,0.646850,0.431233,0.725000,-0.039301,,7.000000,True,False,False,,,,2544,-,0.000000,
23.000000,2.000000,47.000000,0.000000,8.000000,0.000000,23.000000,0.000000,66.000000,0.000000,5.000000,1.000000,1.000000,0.000000,0.000000,1.000000,0.000000,0.872939,0.135882,0.218030,29.170828,0.654866,0.436578,0.725000,-0.049341,,7.000000,True,False,False,,,,2545,-,0.000000,
22.000000,3.000000,46.000000,0.000000,9.000000,0.000000,22.000000,0.000000,68.000000,0.000000,5.000000,1.000000,1.000000,0.000000,0.000000,1.000000,0.000000,0.858221,0.136332,0.272621,29.259345,0.679078,0.452719,0.762500,-0.088517,,5.000000,True,False,False,,,,2546,-,0.000000,
21.000000,4.000000,46.000000,0.000000,9.000000,0.000000,21.000000,0.000000,69.000000,0.000000,5.000000,1.000000,1.000000,0.000000,0.000000,1.000000,0.000000,0.849928,0.251153,0.304824,29.341911,0.689134,0.459423,0.775000,-0.082566,,6.000000,True,False,False,,,,2547,-,0.000000,
24.000000,4.000000,46.000000,0.000000,6.000000,0.000000,24.000000,0.000000,69.000000,0.000000,5.000000,1.000000,1.000000,0.000000,0.000000,1.000000,0.000000,0.828702,0.131111,0.276295,29.458912,0.698225,0.465484,0.762500,-0.117001,,7.000000,True,False,False,,,,2548,-,0.000000,
25.000000,4.000000,45.000000,0.000000,6.000000,0.000000,25.000000,0.000000,69.000000,0.000000,5.000000,1.000000,1.000000,0.000000,0.000000,1.000000,0.000000,0.908795,0.204075,0.264499,29.511410,0.660930,0.440620,0.725000,-0.052497,,7.000000,True,False,False,,,,2549,-,0.000000,
27.000000,5.000000,44.000000,0.000000,4.000000,0.000000,27.000000,0.000000,72.000000,0.000000,5.000000,1.000000,1.000000,0.000000,0.000000,1.000000,0.000000,0.872658,0.129168,0.226454,29.580541,0.635541,0.423694,0.700000,-0.069131,,7.000000,True,False,False,,,,2550,-,0.000000,
28.000000,5.000000,42.000000,0.000000,5.000000,0.000000,28.000000,0.000000,72.000000,0.000000,5.000000,1.000000,1.000000,0.000000,0.000000,1.000000,0.000000,0.857923,0.191432,0.311383,29.664541,0.608704,0.405803,0.687500,-0.084000,,7.000000,True,False,False,,,,2551,-,0.000000,
27.000000,5.000000,43.000000,0.000000,5.000000,0.000000,27.000000,0.000000,77.000000,0.000000,5.000000,1.000000,1.000000,0.000000,0.000000,1.000000,0.000000,0.844896,0.100474,0.252475,29.727061,0.595611,0.397074,0.675000,-0.062521,,7.000000,True,False,False,,,,2552,-,0.000000,
27.000000,5.000000,42.000000,0.000000,6.000000,0.000000,27.000000,0.000000,76.000000,0.000000,5.000000,1.000000,1.000000,0.000000,0.000000,1.000000,0.000000,0.827966,0.141827,0.286541,29.757165,0.621584,0.414389,0.687500,-0.030104,,6.000000,True,False,False,,,,2553,-,0.000000,
26.000000,7.000000,43.000000,0.000000,4.000000,0.000000,26.000000,0.000000,70.000000,0.000000,5.000000,1.000000,1.000000,0.000000,0.000000,1.000000,0.000000,0.899174,0.103277,0.199098,29.753603,0.642051,0.428034,0.712500,0.003562,,7.000000,True,False,False,,,,2554,-,0.000000,
24.000000,10.000000,42.000000,0.000000,4.000000,0.000000,24.000000,0.000000,73.000000,0.000000,5.000000,1.000000,1.000000,0.000000,0.000000,1.000000,0.000000,0.765382,0.186608,0.294950,29.658443,0.690015,0.460010,0.750000,0.095160,,7.000000,True,False,False,,,,2555,-,0.000000,
23.000000,11.000000,40.000000,0.000000,6.000000,0.000000,23.000000,0.000000,63.000000,0.000000,5.000000,1.000000,1.000000,0.000000,0.000000,1.000000,0.000000,0.831096,0.064093,0.237248,29.682628,0.652287,0.434858,0.712500,-0.024186,,7.000000,True,False,False,,,,2556,-,0.000000,
20.000000,15.000000,39.000000,0.000000,6.000000,0.000000,20.000000,0.000000,67.000000,0.000000,5.000000,1.000000,1.000000,0.000000,0.000000,1.000000,0.000000,0.750792,0.253343,0.316849,29.508609,0.696825,0.464550,0.775000,0.174020,,6.000000,True,False,False,,,,2557,-,0.000000,
21.000000,13.000000,41.000000,0.000000,5.000000,0.000000,21.000000,0.000000,67.000000,0.000000,5.000000,1.000000,1.000000,0.000000,0.000000,1.000000,0.000000,0.809873,0.224278,0.266396,29.462198,0.681331,0.454221,0.750000,0.046410,,7.000000,True,False,False,,,,2558,-,0.000000,
20.000000,14.000000,40.000000,0.000000,6.000000,0.000000,20.000000,0.000000,74.000000,0.000000,5.000000,1.000000,1.000000,0.000000,0.000000,1.000000,0.000000,0.880486,0.263812,0.245108,29.372061,0.688800,0.459200,0.750000,0.090137,,7.000000,True,False,False,,,,2559,-,0.000000,
19.000000,14.000000,40.000000,0.000000,7.000000,0.000000,19.000000,0.000000,69.000000,0.000000,5.000000,1.000000,1.000000,0.000000,0.000000,1.000000,0.000000,0.813613,0.217252,0.261295,29.205901,0.715861,0.477241,0.775000,0.166161,,6.000000,True,False,False,,,,2560,-,0.000000,
21.000000,14.000000,40.000000,0.000000,5.000000,0.000000,21.000000,0.000000,74.000000,0.000000,5.000000,1.000000,1.000000,0.000000,0.000000,1.000000,0.000000,0.839444,0.239248,0.235461,29.026267,0.738854,0.492570,0.800000,0.179634,,7.000000,True,False,False,,,,2561,-,0.000000,
21.000000,14.000000,39.000000,0.000000,6.000000,0.000000,21.000000,0.000000,70.000000,0.000000,5.000000,1.000000,1.000000,0.000000,0.000000,1.000000,0.000000,0.903489,0.151596,0.203671,28.966771,0.685775,0.457183,0.750000,0.059496,,6.000000,True,False,False,,,,2562,-,0.000000,
22.000000,10.000000,45.000000,0.000000,3.000000,0.000000,22.000000,0.000000,63.000000,0.000000,5.000000,1.000000,1.000000,0.000000,0.000000,1.000000,0.000000,0.926040,0.175506,0.166716,28.933152,0.705152,0.470101,0.775000,0.033620,,7.000000,True,False,False,,,,2563,-,0.000000,
22.000000,8.000000,45.000000,0.000000,5.000000,0.000000,22.000000,0.000000,61.000000,0.000000,5.000000,1.000000,1.000000,0.000000,0.000000,1.000000,0.000000,0.951941,0.102631,0.168897,28.941478,0.661179,0.440786,0.737500,-0.008327,,7.000000,True,False,False,,,,2564,-,0.000000,
21.000000,8.000000,45.000000,0.000000,6.000000,0.000000,21.000000,0.000000,60.000000,0.000000,5.000000,1.000000,1.000000,0.000000,0.000000,1.000000,0.000000,0.839132,0.071866,0.218416,29.062534,0.683344,0.455563,0.775000,-0.121056,,7.000000,True,False,False,,,,2565,-,0.000000,
19.000000,10.000000,44.000000,0.000000,7.000000,0.000000,19.000000,0.000000,64.000000,0.000000,5.000000,1.000000,1.000000,0.000000,0.000000,1.000000,0.000000,0.755756,-0.044342,0.249833,29.214433,0.688216,0.458811,0.775000,-0.151899,,7.000000,True,False,False,,,,2566,-,0.000000,
20.000000,11.000000,42.000000,0.000000,7.000000,0.000000,20.000000,0.000000,66.000000,0.000000,5.000000,1.000000,1.000000,0.000000,0.000000,1.000000,0.000000,0.720248,-0.069006,0.305498,29.426521,0.681352,0.454235,0.775000,-0.212088,,5.000000,True,False,False,,,,2567,-,0.000000,
21.000000,9.000000,44.000000,0.000000,6.000000,0.000000,21.000000,0.000000,65.000000,0.000000,5.000000,1.000000,1.000000,0.000000,0.000000,1.000000,0.000000,0.689025,-0.048007,0.312231,29.660939,0.663220,0.442147,0.750000,-0.234418,,6.000000,True,False,False,,,,2568,-,0.000000,
21.000000,9.000000,45.000000,0.000000,5.000000,0.000000,21.000000,0.000000,69.000000,0.000000,5.000000,1.000000,1.000000,0.000000,0.000000,1.000000,0.000000,0.704134,-0.044341,0.279839,29.887989,0.652272,0.434848,0.750000,-0.227050,,7.000000,True,False,False,,,,2569,-,0.000000,
22.000000,5.000000,48.000000,0.000000,5.000000,0.000000,22.000000,0.000000,68.000000,0.000000,5.000000,1.000000,1.000000,0.000000,0.000000,1.000000,0.000000,0.794574,0.058921,0.257799,30.025630,0.642978,0.428652,0.737500,-0.137641,,6.000000,True,False,False,,,,2570,-,0.000000,
22.000000,6.000000,48.000000,0.000000,4.000000,0.000000,22.000000,0.000000,63.000000,0.000000,5.000000,1.000000,1.000000,0.000000,0.000000,1.000000,0.000000,0.871136,0.141207,0.218435,30.072962,0.651557,0.434371,0.750000,-0.047331,,7.000000,True,False,False,,,,2571,-,0.000000,
21.000000,7.000000,48.000000,0.000000,4.000000,0.000000,21.000000,0.000000,75.000000,0.000000,5.000000,1.000000,1.000000,0.000000,0.000000,1.000000,0.000000,0.919420,0.193541,0.215844,30.040954,0.709421,0.472947,0.787500,0.032008,,7.000000,True,False,False,,,,2572,-,0.000000,
21.000000,7.000000,48.000000,0.000000,4.000000,0.000000,21.000000,0.000000,69.000000,0.000000,5.000000,1.000000,1.000000,0.000000,0.000000,1.000000,0.000000,0.881913,0.161788,0.182354,29.966123,0.688756,0.459171,0.750000,0.074831,,3.000000,True,False,False,,,,2573,-,0.000000,
20.000000,9.000000,48.000000,0.000000,3.000000,0.000000,20.000000,0.000000,70.000000,0.000000,5.000000,1.000000,1.000000,0.000000,0.000000,1.000000,0.000000,0.792933,0.244321,0.233553,29.801176,0.701991,0.467994,0.762500,0.164946,,4.000000,True,False,False,,,,2574,-,0.000000,
19.000000,8.000000,51.000000,0.000000,2.000000,0.000000,19.000000,0.000000,67.000000,0.000000,5.000000,1.000000,1.000000,0.000000,0.000000,1.000000,0.000000,0.705206,0.293952,0.312113,29.592200,0.705176,0.470118,0.775000,0.208976,,5.000000,True,False,False,,,,2575,-,0.000000,
20.000000,7.000000,52.000000,0.000000,1.000000,0.000000,20.000000,0.000000,72.000000,0.000000,5.000000,1.000000,1.000000,0.000000,0.000000,1.000000,0.000000,0.860000,0.069141,0.171292,29.520507,0.716395,0.477597,0.762500,0.071694,,6.000000,True,False,False,,,,2576,-,0.000000,
20.000000,6.000000,53.000000,0.000000,1.000000,0.000000,20.000000,0.000000,61.000000,0.000000,5.000000,1.000000,1.000000,0.000000,0.000000,1.000000,0.000000,0.843813,0.132868,0.185402,29.452965,0.724996,0.483330,0.762500,0.067542,,7.000000,True,False,False,,,,2577,-,0.000000,
20.000000,7.000000,51.000000,0.000000,2.000000,0.000000,20.000000,0.000000,71.000000,0.000000,5.184081,1.000000,1.000000,0.000000,0.000000,1.000000,0.000000,0.800965,0.166278,0.243871,29.338843,0.713919,0.475946,0.775000,0.114122,,7.000000,True,False,False,,,,2578,-,0.000000,
20.000000,4.000000,53.000000,0.000000,3.000000,0.000000,20.000000,0.000000,63.000000,0.000000,5.000000,1.000000,1.000000,0.000000,0.000000,1.000000,0.000000,0.819679,0.168969,0.213797,29.288035,0.713235,0.475490,0.762500,0.050808,,7.000000,True,False,False,,,,2579,-,0.000000,
20.000000,3.000000,49.000000,0.000000,8.000000,0.000000,20.000000,0.000000,68.000000,0.000000,5.000000,1.000000,1.000000,0.000000,0.000000,1.000000,0.000000,0.920541,0.186945,0.184561,29.274845,0.688458,0.458972,0.750000,0.013190,,5.000000,True,False,False,,,,2580,-,0.000000,
21.000000,3.000000,49.000000,0.000000,7.000000,0.000000,21.000000,0.000000,66.000000,0.000000,5.000000,1.000000,1.000000,0.000000,0.000000,1.000000,0.000000,0.974994,0.220821,0.225177,29.303475,0.685933,0.457289,0.750000,-0.028631,,6.000000,True,False,False,,,,2581,-,0.000000,
21.000000,2.000000,50.000000,0.000000,7.000000,0.000000,21.000000,0.000000,64.000000,0.000000,5.000000,1.000000,1.000000,0.000000,0.000000,1.000000,0.000000,0.981332,0.201128,0.201898,29.331691,0.673823,0.449215,0.737500,-0.028216,,7.000000,True,False,False,,,,2582,-,0.000000,
20.000000,2.000000,48.000000,0.000000,10.000000,0.000000,20.000000,0.000000,65.000000,0.000000,5.000000,1.000000,1.000000,0.000000,0.000000,1.000000,0.000000,0.958040,0.239622,0.259723,29.376473,0.676458,0.450972,0.762500,-0.044782,,7.000000,True,False,False,,,,2583,-,0.000000,
21.000000,2.000000,43.000000,0.000000,14.000000,0.000000,21.000000,0.000000,66.000000,0.000000,5.000000,1.000000,1.000000,0.000000,0.000000,1.000000,0.000000,0.909839,0.168012,0.225748,29.484971,0.717883,0.478588,0.787500,-0.108498,,7.000000,True,False,False,,,,2584,-,0.000000,
20.000000,4.000000,41.000000,0.000000,15.000000,0.000000,20.000000,0.000000,74.000000,0.000000,5.000000,1.000000,1.000000,0.000000,0.000000,1.000000,0.000000,0.864759,0.216177,0.337017,29.633742,0.685138,0.456758,0.775000,-0.148771,,5.000000,True,False,False,,,,2585,-,0.000000,
23.000000,5.000000,41.000000,0.000000,11.000000,0.000000,23.000000,0.000000,76.000000,0.000000,5.000000,1.000000,1.000000,0.000000,0.000000,1.000000,0.000000,0.948148,0.171582,0.271293,29.668914,0.689958,0.459972,0.762500,-0.035172,,6.000000,True,False,False,,,,2586,-,0.000000,
24.000000,5.000000,42.000000,0.000000,9.000000,0.000000,24.000000,0.000000,71.000000,0.000000,5.000000,1.000000,1.000000,0.000000,0.000000,1.000000,0.000000,0.889366,0.155335,0.266944,29.734744,0.667115,0.444743,0.737500,-0.065830,,7.000000,True,False,False,,,,2587,-,0.000000,
26.000000,5.000000,41.000000,0.000000,8.000000,0.000000,26.000000,0.000000,74.000000,0.000000,5.000000,1.000000,1.000000,0.000000,0.000000,1.000000,0.000000,0.917085,0.233509,0.316077,29.758723,0.646962,0.431308,0.725000,-0.023979,,7.000000,True,False,False,,,,2588,-,0.000000,
31.000000,3.000000,42.000000,0.000000,4.000000,0.000000,31.000000,0.000000,77.000000,0.000000,5.000000,1.000000,1.000000,0.000000,0.000000,1.000000,0.000000,0.992124,0.149083,0.217291,29.742433,0.635210,0.423474,0.687500,0.016290,,7.000000,True,False,False,,,,2589,-,0.000000,
31.000000,4.000000,40.000000,0.000000,5.000000,0.000000,31.000000,0.000000,78.000000,0.000000,5.000000,1.000000,1.000000,0.000000,0.000000,1.000000,0.000000,0.906290,0.291854,0.289374,29.651886,0.551186,0.367457,0.625000,0.090547,,7.000000,True,False,False,,,,2590,-,0.000000,
29.000000,7.000000,40.000000,0.000000,4.000000,0.000000,29.000000,0.000000,74.000000,0.000000,5.000000,1.000000,1.000000,0.000000,0.000000,1.000000,0.000000,0.890022,0.205985,0.236756,29.580630,0.588350,0.392234,0.650000,0.071256,,6.000000,True,False,False,,,,2591,-,0.000000,
26.000000,10.000000,40.000000,0.000000,4.000000,0.000000,26.000000,0.000000,76.000000,0.000000,5.000000,1.000000,1.000000,0.000000,0.000000,1.000000,0.000000,0.946836,0.273900,0.200963,29.492651,0.623424,0.415616,0.687500,0.087980,,7.000000,True,False,False,,,,2592,-,0.000000,
25.000000,11.000000,40.000000,0.000000,4.000000,0.000000,25.000000,0.000000,79.000000,0.000000,5.000000,1.000000,1.000000,0.000000,0.000000,1.000000,0.000000,0.895917,0.200317,0.185695,29.381640,0.646517,0.431011,0.700000,0.111011,,6.000000,True,False,False,,,,2593,-,0.000000,
22.000000,14.000000,41.000000,0.000000,3.000000,0.000000,22.000000,0.000000,72.000000,0.000000,5.000000,1.000000,1.000000,0.000000,0.000000,1.000000,0.000000,0.821479,0.276858,0.208740,29.217095,0.667346,0.444897,0.737500,0.164545,,7.000000,True,False,False,,,,2594,-,0.000000,
22.000000,13.000000,42.000000,0.000000,3.000000,0.000000,22.000000,0.000000,74.000000,0.000000,5.000000,1.000000,1.000000,0.000000,0.000000,1.000000,0.000000,0.867675,0.227832,0.185053,29.126026,0.685684,0.457122,0.762500,0.091070,,6.000000,True,False,False,,,,2595,-,0.000000,
21.000000,14.000000,42.000000,0.000000,3.000000,0.000000,21.000000,0.000000,74.000000,0.000000,5.228365,1.000000,1.000000,0.000000,0.000000,1.000000,0.000000,0.832838,0.216330,0.209536,28.972166,0.700662,0.467108,0.750000,0.153860,,7.000000,True,False,False,,,,2596,-,0.000000,
23.000000,13.000000,42.000000,0.000000,2.000000,0.000000,23.000000,0.000000,74.000000,0.000000,5.083432,1.000000,1.000000,0.000000,0.000000,1.000000,0.000000,0.894016,0.137869,0.140558,28.936700,0.704401,0.469600,0.762500,0.035465,,6.000000,True,False,False,,,,2597,-,0.000000,
22.000000,14.000000,42.000000,0.000000,2.000000,0.000000,22.000000,0.000000,75.000000,0.000000,5.000000,1.000000,1.000000,0.000000,0.000000,1.000000,0.000000,0.913849,0.125215,0.131680,28.896046,0.696794,0.464530,0.750000,0.040654,,7.000000,True,False,False,,,,2598,-,0.000000,
20.000000,13.000000,40.000000,0.000000,7.000000,0.000000,20.000000,0.000000,68.000000,0.000000,5.000000,1.000000,1.000000,0.000000,0.000000,1.000000,0.000000,0.957409,0.087348,0.170096,28.907645,0.692696,0.461798,0.750000,-0.011598,,7.000000,True,False,False,,,,2599,-,0.000000,
20.000000,12.000000,39.000000,0.000000,9.000000,0.000000,20.000000,0.000000,66.000000,0.000000,5.000000,1.000000,1.000000,0.000000,0.000000,1.000000,0.000000,0.961061,0.228301,0.281278,28.929946,0.683546,0.455697,0.762500,-0.022301,,7.000000,True,False,False,,,,2600,-,0.000000,
22.000000,9.000000,39.000000,0.000000,10.000000,0.000000,22.000000,0.000000,70.000000,0.000000,5.000000,1.000000,1.000000,0.000000,0.000000,1.000000,0.000000,0.952842,0.252910,0.275683,28.979425,0.659918,0.439945,0.750000,-0.049479,,6.000000,True,False,False,,,,2601,-,0.000000,
24.000000,6.000000,43.000000,0.000000,7.000000,0.000000,24.000000,0.000000,66.000000,0.000000,5.000000,1.000000,1.000000,0.000000,0.000000,1.000000,0.000000,0.981868,0.238560,0.258176,28.922993,0.691405,0.460937,0.762500,0.056433,,7.000000,True,False,False,,,,2602,-,0.000000,
24.000000,6.000000,42.000000,0.000000,8.000000,0.000000,24.000000,0.000000,81.000000,0.000000,5.000000,1.000000,1.000000,0.000000,0.000000,1.000000,0.000000,0.992957,0.260926,0.284099,28.895404,0.633365,0.422244,0.725000,0.027589,,6.000000,True,False,False,,,,2603,-,0.000000,
25.000000,5.000000,44.000000,0.000000,6.000000,0.000000,25.000000,0.000000,72.000000,0.000000,5.000000,1.000000,1.000000,0.000000,0.000000,1.000000,0.000000,0.934437,0.164206,0.203976,28.830590,0.671641,0.447761,0.725000,0.064814,,7.000000,True,False,False,,,,2604,-,0.000000,
23.000000,6.000000,44.000000,0.000000,7.000000,0.000000,23.000000,0.000000,75.000000,0.000000,5.000000,1.000000,1.000000,0.000000,0.000000,1.000000,0.000000,0.911131,0.375977,0.309069,28.739649,0.635102,0.423401,0.725000,0.090942,,6.000000,True,False,False,,,,2605,-,0.000000,
21.000000,6.000000,46.000000,0.000000,7.000000,0.000000,21.000000,0.000000,73.000000,0.000000,5.000000,1.000000,1.000000,0.000000,0.000000,1.000000,0.000000,0.964132,0.262464,0.214093,28.666617,0.666416,0.444277,0.737500,0.073032,,7.000000,True,False,False,,,,2606,-,0.000000,
25.000000,6.000000,45.000000,0.000000,4.000000,0.000000,25.000000,0.000000,72.000000,0.000000,5.000000,1.000000,1.000000,0.000000,0.000000,1.000000,0.000000,0.904702,0.234338,0.192219,28.620133,0.675498,0.450332,0.737500,0.046484,,6.000000,True,False,False,,,,2607,-,0.000000,
27.000000,6.000000,46.000000,0.000000,1.000000,0.000000,27.000000,0.000000,69.000000,0.000000,5.000000,1.000000,1.000000,0.000000,0.000000,1.000000,0.000000,0.907493,0.253152,0.224124,28.525075,0.668767,0.445845,0.725000,0.095058,,7.000000,True,False,False,,,,2608,-,0.000000,
23.000000,10.000000,45.000000,0.000000,2.000000,0.000000,23.000000,0.000000,75.000000,0.000000,5.000000,1.000000,1.000000,0.000000,0.000000,1.000000,0.000000,0.816031,0.353851,0.259172,28.387594,0.640988,0.427326,0.725000,0.137480,,4.000000,True,False,False,,,,2609,-,0.000000,
23.000000,10.000000,46.000000,0.000000,1.000000,0.000000,23.000000,0.000000,77.000000,0.000000,5.000000,1.000000,1.000000,0.000000,0.000000,1.000000,0.000000,0.927998,0.196746,0.198062,28.359513,0.663940,0.442627,0.725000,0.028082,,5.000000,True,False,False,,,,2610,-,0.000000,
22.000000,11.000000,46.000000,0.000000,1.000000,0.000000,22.000000,0.000000,76.000000,0.000000,5.000000,1.000000,1.000000,0.000000,0.000000,1.000000,0.000000,0.842920,0.170694,0.186229,28.334798,0.680779,0.453853,0.725000,0.024715,,6.000000,True,False,False,,,,2611,-,0.000000,
21.000000,9.000000,50.000000,0.000000,0.000000,0.000000,21.000000,0.000000,72.000000,0.000000,5.000000,1.000000,1.000000,0.000000,0.000000,1.000000,0.000000,0.850341,0.164830,0.199641,28.298365,0.709546,0.473031,0.762500,0.036433,,7.000000,True,False,False,,,,2612,-,0.000000,
21.000000,7.000000,51.000000,0.000000,1.000000,0.000000,21.000000,0.000000,72.000000,0.000000,5.000000,1.000000,1.000000,0.000000,0.000000,1.000000,0.000000,0.914588,0.171677,0.181222,28.300187,0.694158,0.462772,0.737500,-0.001822,,7.000000,True,False,False,,,,2613,-,0.000000,
20.000000,7.000000,49.000000,0.000000,4.000000,0.000000,20.000000,0.000000,70.000000,0.000000,5.000000,1.000000,1.000000,0.000000,0.000000,1.000000,0.000000,0.876194,0.136229,0.224526,28.406192,0.685931,0.457287,0.750000,-0.106005,,7.000000,True,False,False,,,,2614,-,0.000000,
20.000000,6.000000,50.000000,0.000000,4.000000,0.000000,20.000000,0.000000,78.000000,0.000000,5.000000,1.000000,1.000000,0.000000,0.000000,1.000000,0.000000,0.937021,0.161007,0.181521,28.398981,0.697927,0.465285,0.750000,0.007211,,7.000000,True,False,False,,,,2615,-,0.000000,
21.000000,4.000000,51.000000,0.000000,4.000000,0.000000,21.000000,0.000000,70.000000,0.000000,5.000000,1.000000,1.000000,0.000000,0.000000,1.000000,0.000000,0.913235,0.114674,0.173542,28.444257,0.702351,0.468234,0.750000,-0.045276,,5.000000,True,False,False,,,,2616,-,0.000000,
20.000000,3.000000,53.000000,0.000000,4.000000,0.000000,20.000000,0.000000,82.000000,0.000000,5.000000,1.000000,1.000000,0.000000,0.000000,1.000000,0.000000,0.974405,0.178648,0.176226,28.418271,0.697074,0.464716,0.750000,0.025987,,6.000000,True,False,False,,,,2617,-,0.000000,
20.000000,3.000000,54.000000,0.000000,3.000000,0.000000,20.000000,0.000000,71.000000,0.000000,5.000000,1.000000,1.000000,0.000000,0.000000,1.000000,0.000000,0.917519,0.084400,0.160082,28.480999,0.717094,0.478063,0.762500,-0.062729,,7.000000,True,False,False,,,,2618,-,0.000000,
21.000000,3.000000,50.000000,0.000000,6.000000,0.000000,21.000000,0.000000,74.000000,0.000000,5.000000,1.000000,1.000000,0.000000,0.000000,1.000000,0.000000,0.957778,0.137771,0.193166,28.509914,0.692588,0.461725,0.750000,-0.028915,,7.000000,True,False,False,,,,2619,-,0.000000,
20.000000,4.000000,49.000000,0.000000,7.000000,0.000000,20.000000,0.000000,72.000000,0.000000,5.000000,1.000000,1.000000,0.000000,0.000000,1.000000,0.000000,0.912577,0.136375,0.247761,28.585053,0.674063,0.449375,0.750000,-0.075139,,7.000000,True,False,False,,,,2620,-,0.000000,
20.000000,4.000000,48.000000,0.000000,8.000000,0.000000,20.000000,0.000000,68.000000,0.000000,5.000000,1.000000,1.000000,0.000000,0.000000,1.000000,0.000000,0.958615,0.097713,0.172422,28.583942,0.712620,0.475080,0.762500,0.001111,,7.000000,True,False,False,,,,2621,-,0.000000,
20.000000,5.000000,45.000000,0.000000,10.000000,0.000000,20.000000,0.000000,68.000000,0.000000,5.000000,1.000000,1.000000,0.000000,0.000000,1.000000,0.000000,0.942375,0.200963,0.266027,28.602431,0.701418,0.467612,0.787500,-0.018489,,7.000000,True,False,False,,,,2622,-,0.000000,
21.000000,6.000000,44.000000,0.000000,9.000000,0.000000,21.000000,0.000000,74.000000,0.000000,5.000000,1.000000,1.000000,0.000000,0.000000,1.000000,0.000000,0.925470,0.175663,0.259949,28.686557,0.694374,0.462916,0.775000,-0.084125,,7.000000,True,False,False,,,,2623,-,0.000000,
22.000000,6.000000,44.000000,0.000000,8.000000,0.000000,22.000000,0.000000,73.000000,0.000000,5.000000,1.000000,1.000000,0.000000,0.000000,1.000000,0.000000,0.875619,0.271993,0.267110,28.651638,0.680335,0.453557,0.775000,0.034919,,7.000000,True,False,False,,,,2624,-,0.000000,
22.000000,7.000000,43.000000,0.000000,8.000000,0.000000,22.000000,0.000000,77.000000,0.000000,5.000000,1.000000,1.000000,0.000000,0.000000,1.000000,0.000000,0.851209,0.194782,0.222117,28.646754,0.665549,0.443699,0.750000,0.004884,,7.000000,True,False,False,,,,2625,-,0.000000,
21.000000,8.000000,42.000000,0.000000,9.000000,0.000000,21.000000,0.000000,76.000000,0.000000,5.000000,1.000000,1.000000,0.000000,0.000000,1.000000,0.000000,0.899666,0.147070,0.196976,28.670037,0.671070,0.447380,0.750000,-0.023283,,6.000000,True,False,False,,,,2626,-,0.000000,
23.000000,8.000000,43.000000,0.000000,6.000000,0.000000,23.000000,0.000000,72.000000,0.000000,5.000000,1.000000,1.000000,0.000000,0.000000,1.000000,0.000000,0.948983,0.238367,0.197698,28.619440,0.668086,0.445390,0.750000,0.050596,,7.000000,True,False,False,,,,2627,-,0.000000,
22.000000,9.000000,42.000000,0.000000,7.000000,0.000000,22.000000,0.000000,73.000000,0.000000,5.000000,1.000000,1.000000,0.000000,0.000000,1.000000,0.000000,0.943431,0.173634,0.198988,28.604691,0.665476,0.443651,0.737500,0.014749,,6.000000,True,False,False,,,,2628,-,0.000000,
24.000000,11.000000,42.000000,0.000000,3.000000,0.000000,24.000000,0.000000,65.000000,0.000000,5.000000,1.000000,1.000000,0.000000,0.000000,1.000000,0.000000,0.933215,0.093978,0.157191,28.611101,0.694335,0.462890,0.750000,-0.006410,,7.000000,True,False,False,,,,2629,-,0.000000,
24.000000,10.000000,42.000000,0.000000,4.000000,0.000000,24.000000,0.000000,75.000000,0.000000,5.000000,1.000000,1.000000,0.000000,0.000000,1.000000,0.000000,0.893687,0.123593,0.226404,28.666162,0.638329,0.425552,0.712500,-0.055061,,7.000000,True,False,False,,,,2630,-,0.000000,
23.000000,10.000000,44.000000,0.000000,3.000000,0.000000,23.000000,0.000000,67.000000,0.000000,5.000000,1.000000,1.000000,0.000000,0.000000,1.000000,0.000000,0.877179,0.115133,0.223313,28.691193,0.655586,0.437057,0.737500,-0.025031,,7.000000,True,False,False,,,,2631,-,0.000000,
24.000000,9.000000,43.000000,0.000000,4.000000,0.000000,24.000000,0.000000,71.000000,0.000000,5.000000,1.000000,1.000000,0.000000,0.000000,1.000000,0.000000,0.845892,0.006678,0.224045,28.777728,0.645129,0.430086,0.712500,-0.086535,,7.000000,True,False,False,,,,2632,-,0.000000,
23.000000,8.000000,40.000000,0.000000,9.000000,0.000000,23.000000,0.000000,65.000000,0.000000,5.000000,1.000000,1.000000,0.000000,0.000000,1.000000,0.000000,0.814567,0.053284,0.263426,28.864112,0.634464,0.422976,0.712500,-0.086385,,6.000000,True,False,False,,,,2633,-,0.000000,
23.000000,7.000000,42.000000,0.000000,8.000000,0.000000,23.000000,0.000000,71.000000,0.000000,5.000000,1.000000,1.000000,0.000000,0.000000,1.000000,0.000000,0.841749,0.158248,0.285032,28.922448,0.628603,0.419069,0.725000,-0.058335,,7.000000,True,False,False,,,,2634,-,0.000000,
21.000000,8.000000,42.000000,0.000000,9.000000,0.000000,21.000000,0.000000,67.000000,0.000000,5.000000,1.000000,1.000000,0.000000,0.000000,1.000000,0.000000,0.919310,0.170879,0.227448,28.872333,0.672889,0.448593,0.750000,0.050114,,6.000000,True,False,False,,,,2635,-,0.000000,
21.000000,9.000000,42.000000,0.000000,8.000000,0.000000,21.000000,0.000000,66.000000,0.000000,5.000000,1.000000,1.000000,0.000000,0.000000,1.000000,0.000000,0.928374,0.204022,0.215293,28.900442,0.678708,0.452472,0.762500,-0.028108,,7.000000,True,False,False,,,,2636,-,0.000000,
21.000000,9.000000,43.000000,0.000000,7.000000,0.000000,21.000000,0.000000,73.000000,0.000000,5.000000,1.000000,1.000000,0.000000,0.000000,1.000000,0.000000,0.935860,0.258025,0.211856,28.811107,0.707176,0.471451,0.787500,0.089335,,7.000000,True,False,False,,,,2637,-,0.000000,
23.000000,8.000000,44.000000,0.000000,5.000000,0.000000,23.000000,0.000000,69.000000,0.000000,5.000000,1.000000,1.000000,0.000000,0.000000,1.000000,0.000000,0.971121,0.190848,0.184462,28.748597,0.721694,0.481129,0.775000,0.062510,,4.000000,True,False,False,,,,2638,-,0.000000,
23.000000,7.000000,47.000000,0.000000,3.000000,0.000000,23.000000,0.000000,74.000000,0.000000,5.000000,1.000000,1.000000,0.000000,0.000000,1.000000,0.000000,0.944334,0.148120,0.155250,28.712035,0.695613,0.463742,0.750000,0.036562,,5.000000,True,False,False,,,,2639,-,0.000000,
22.000000,6.000000,50.000000,0.000000,2.000000,0.000000,22.000000,0.000000,71.000000,0.000000,5.000000,1.000000,1.000000,0.000000,0.000000,1.000000,0.000000,0.958229,0.006354,0.113642,28.697827,0.699923,0.466615,0.737500,0.014208,,6.000000,True,False,False,,,,2640,-,0.000000,
21.000000,7.000000,50.000000,0.000000,2.000000,0.000000,21.000000,0.000000,75.000000,0.000000,5.000000,1.000000,1.000000,0.000000,0.000000,1.000000,0.000000,0.827906,0.042486,0.169623,28.814158,0.682609,0.455072,0.737500,-0.116331,,7.000000,True,False,False,,,,2641,-,0.000000,
21.000000,8.000000,49.000000,0.000000,2.000000,0.000000,21.000000,0.000000,72.000000,0.000000,5.000000,1.000000,1.000000,0.000000,0.000000,1.000000,0.000000,0.914088,0.157909,0.178617,28.748944,0.695609,0.463739,0.750000,0.065214,,7.000000,True,False,False,,,,2642,-,0.000000,
21.000000,7.000000,47.000000,0.000000,5.000000,0.000000,21.000000,0.000000,72.000000,0.000000,5.000000,1.000000,1.000000,0.000000,0.000000,1.000000,0.000000,0.815251,0.186805,0.321485,28.810789,0.658702,0.439135,0.737500,-0.061845,,7.000000,True,False,False,,,,2643,-,0.000000,
19.000000,8.000000,47.000000,0.000000,6.000000,0.000000,19.000000,0.000000,73.000000,0.000000,5.000000,1.000000,1.000000,0.000000,0.000000,1.000000,0.000000,0.960257,0.108902,0.138499,28.807077,0.704902,0.469935,0.762500,0.003712,,5.000000,True,False,False,,,,2644,-,0.000000,
20.000000,7.000000,48.000000,0.000000,5.000000,0.000000,20.000000,0.000000,69.000000,0.000000,5.000000,1.000000,1.000000,0.000000,0.000000,1.000000,0.000000,0.836775,0.033327,0.223778,28.917975,0.712311,0.474874,0.762500,-0.110898,,6.000000,True,False,False,,,,2645,-,0.000000,
22.000000,6.000000,49.000000,0.000000,3.000000,0.000000,22.000000,0.000000,77.000000,0.000000,5.000000,1.000000,1.000000,0.000000,0.000000,1.000000,0.000000,0.882478,0.068895,0.197301,29.005675,0.703615,0.469077,0.762500,-0.087700,,7.000000,True,False,False,,,,2646,-,0.000000,
22.000000,6.000000,47.000000,0.000000,5.000000,0.000000,22.000000,0.000000,73.000000,0.000000,5.000000,1.000000,1.000000,0.000000,0.000000,1.000000,0.000000,0.931323,0.109932,0.199722,29.042674,0.686636,0.457757,0.737500,-0.036998,,6.000000,True,False,False,,,,2647,-,0.000000,
20.000000,8.000000,47.000000,0.000000,5.000000,0.000000,20.000000,0.000000,89.000000,0.000000,5.000000,1.000000,1.000000,0.000000,0.000000,1.000000,0.000000,0.921311,0.169218,0.253902,29.052882,0.664680,0.443120,0.750000,-0.010208,,7.000000,True,False,False,,,,2648,-,0.000000,
21.000000,10.000000,46.000000,0.000000,3.000000,0.000000,21.000000,0.000000,77.000000,0.000000,5.000000,1.000000,1.000000,0.000000,0.000000,1.000000,0.000000,0.914759,0.046149,0.181236,29.030103,0.737228,0.491485,0.775000,0.022779,,5.000000,True,False,False,,,,2649,-,0.000000,
22.000000,7.000000,49.000000,0.000000,2.000000,0.000000,22.000000,0.000000,67.000000,0.000000,5.000000,1.000000,1.000000,0.000000,0.000000,1.000000,0.000000,0.826357,0.049581,0.242322,29.039463,0.721307,0.480871,0.762500,-0.009360,,6.000000,True,False,False,,,,2650,-,0.000000,
23.000000,7.000000,49.000000,0.000000,1.000000,0.000000,23.000000,0.000000,69.000000,0.000000,5.000000,1.000000,1.000000,0.000000,0.000000,1.000000,0.000000,0.800492,0.120207,0.285660,29.031983,0.707067,0.471378,0.762500,0.007480,,7.000000,True,False,False,,,,2651,-,0.000000,
23.000000,8.000000,44.000000,0.000000,5.000000,0.000000,23.000000,0.000000,70.000000,0.000000,5.000000,1.000000,1.000000,0.000000,0.000000,1.000000,0.000000,0.900514,0.198949,0.216459,28.964225,0.681691,0.454460,0.750000,0.067758,,6.000000,True,False,False,,,,2652,-,0.000000,
22.000000,8.000000,45.000000,0.000000,5.000000,0.000000,22.000000,0.000000,69.000000,0.000000,5.000000,1.000000,1.000000,0.000000,0.000000,1.000000,0.000000,0.971882,0.181841,0.189817,28.924330,0.678640,0.452427,0.725000,0.039895,,7.000000,True,False,False,,,,2653,-,0.000000,
19.000000,9.000000,45.000000,0.000000,7.000000,0.000000,19.000000,0.000000,68.000000,0.000000,5.000000,1.000000,1.000000,0.000000,0.000000,1.000000,0.000000,0.896011,0.211722,0.201319,28.897325,0.710655,0.473770,0.775000,0.027005,,5.000000,True,False,False,,,,2654,-,0.000000,
19.000000,7.000000,47.000000,0.000000,7.000000,0.000000,19.000000,0.000000,68.000000,0.000000,5.000000,1.000000,1.000000,0.000000,0.000000,1.000000,0.000000,0.843759,0.249048,0.225613,28.812104,0.706219,0.470813,0.762500,0.085221,,6.000000,True,False,False,,,,2655,-,0.000000,
20.000000,9.000000,47.000000,0.000000,4.000000,0.000000,20.000000,0.000000,66.000000,0.000000,5.307325,1.000000,1.000000,0.000000,0.000000,1.000000,0.000000,0.848458,0.123959,0.169188,28.789081,0.763336,0.508890,0.800000,0.023023,,7.000000,True,False,False,,,,2656,-,0.000000,
21.000000,7.000000,48.000000,0.000000,4.000000,0.000000,21.000000,0.000000,68.000000,0.000000,5.000000,1.000000,1.000000,0.000000,0.000000,1.000000,0.000000,0.887276,0.116511,0.150003,28.832265,0.719078,0.479385,0.762500,-0.043185,,6.000000,True,False,False,,,,2657,-,0.000000,
21.000000,6.000000,50.000000,0.000000,3.000000,0.000000,21.000000,0.000000,69.000000,0.000000,5.000000,1.000000,1.000000,0.000000,0.000000,1.000000,0.000000,0.851976,0.129702,0.243191,28.922261,0.712776,0.475184,0.762500,-0.089996,,7.000000,True,False,False,,,,2658,-,0.000000,
20.000000,7.000000,50.000000,0.000000,3.000000,0.000000,20.000000,0.000000,62.000000,0.000000,5.000000,1.000000,1.000000,0.000000,0.000000,1.000000,0.000000,0.915327,0.125224,0.193232,28.940876,0.720044,0.480029,0.775000,-0.018615,,7.000000,True,False,False,,,,2659,-,0.000000,
20.000000,8.000000,47.000000,0.000000,5.000000,0.000000,20.000000,0.000000,68.000000,0.000000,5.000000,1.000000,1.000000,0.000000,0.000000,1.000000,0.000000,0.959677,0.165814,0.172249,28.914576,0.742310,0.494873,0.787500,0.026301,,7.000000,True,False,False,,,,2660,-,0.000000,
19.000000,9.000000,42.000000,0.000000,10.000000,0.000000,19.000000,0.000000,66.000000,0.000000,5.000000,1.000000,1.000000,0.000000,0.000000,1.000000,0.000000,0.737276,0.198749,0.294630,28.869290,0.710615,0.473743,0.762500,0.045286,,5.000000,True,False,False,,,,2661,-,0.000000,
17.000000,9.000000,44.000000,0.000000,10.000000,0.000000,17.000000,0.000000,70.000000,0.000000,5.000000,1.000000,1.000000,0.000000,0.000000,1.000000,0.000000,0.769773,0.203586,0.292755,28.817354,0.742301,0.494867,0.812500,0.051935,,6.000000,True,False,False,,,,2662,-,0.000000,
19.000000,8.000000,45.000000,0.000000,8.000000,0.000000,19.000000,0.000000,65.000000,0.000000,5.000000,1.000000,1.000000,0.000000,0.000000,1.000000,0.000000,0.769311,0.107232,0.277421,28.853899,0.744083,0.496055,0.800000,-0.036545,,7.000000,True,False,False,,,,2663,-,0.000000,
23.000000,7.000000,42.000000,0.000000,8.000000,0.000000,23.000000,0.000000,75.000000,0.000000,5.000000,1.000000,1.000000,0.000000,0.000000,1.000000,0.000000,0.902859,0.229593,0.229260,28.800473,0.743097,0.495398,0.800000,0.053426,,7.000000,True,False,False,,,,2664,-,0.000000,
24.000000,7.000000,42.000000,0.000000,7.000000,0.000000,24.000000,0.000000,64.000000,0.000000,5.000000,1.000000,1.000000,0.000000,0.000000,1.000000,0.000000,0.965131,0.108173,0.187585,28.808277,0.703715,0.469144,0.750000,-0.007804,,4.000000,True,False,False,,,,2665,-,0.000000,
24.000000,7.000000,43.000000,0.000000,6.000000,0.000000,24.000000,0.000000,69.000000,0.000000,5.000000,1.000000,1.000000,0.000000,0.000000,1.000000,0.000000,0.898230,0.163151,0.209525,28.805183,0.692684,0.461790,0.750000,0.003094,,5.000000,True,False,False,,,,2666,-,0.000000,
25.000000,6.000000,45.000000,0.000000,4.000000,0.000000,25.000000,0.000000,72.000000,0.000000,5.000000,1.000000,1.000000,0.000000,0.000000,1.000000,0.000000,0.939940,0.152142,0.207026,28.848679,0.680523,0.453682,0.737500,-0.043496,,6.000000,True,False,False,,,,2667,-,0.000000,
25.000000,7.000000,45.000000,0.000000,3.000000,0.000000,25.000000,0.000000,74.000000,0.000000,5.000000,1.000000,1.000000,0.000000,0.000000,1.000000,0.000000,0.960796,0.131818,0.148031,28.854595,0.660344,0.440229,0.700000,-0.005917,,7.000000,True,False,False,,,,2668,-,0.000000,
23.000000,8.000000,45.000000,0.000000,4.000000,0.000000,23.000000,0.000000,64.000000,0.000000,5.000000,1.000000,1.000000,0.000000,0.000000,1.000000,0.000000,0.950356,0.046172,0.139132,28.882579,0.662450,0.441633,0.712500,-0.027984,,7.000000,True,False,False,,,,2669,-,0.000000,
20.000000,10.000000,44.000000,0.000000,6.000000,0.000000,20.000000,0.000000,71.000000,0.000000,5.000000,1.000000,1.000000,0.000000,0.000000,1.000000,0.000000,0.918183,0.123757,0.174551,28.943516,0.702072,0.468048,0.775000,-0.060937,,6.000000,True,False,False,,,,2670,-,0.000000,
22.000000,10.000000,44.000000,0.000000,4.000000,0.000000,22.000000,0.000000,70.000000,0.000000,5.000000,1.000000,1.000000,0.000000,0.000000,1.000000,0.000000,0.841694,0.008595,0.200814,29.118095,0.701620,0.467747,0.762500,-0.174579,,7.000000,True,False,False,,,,2671,-,0.000000,
22.000000,7.000000,44.000000,0.000000,7.000000,0.000000,22.000000,0.000000,72.000000,0.000000,5.000000,1.000000,1.000000,0.000000,0.000000,1.000000,0.000000,0.952586,0.075728,0.197666,29.173904,0.678384,0.452256,0.737500,-0.055809,,7.000000,True,False,False,,,,2672,-,0.000000,
20.000000,8.000000,43.000000,0.000000,9.000000,0.000000,20.000000,0.000000,69.000000,0.000000,5.000000,1.000000,1.000000,0.000000,0.000000,1.000000,0.000000,0.853244,0.000539,0.187340,29.268551,0.694010,0.462673,0.750000,-0.094647,,7.000000,True,False,False,,,,2673,-,0.000000,
21.000000,8.000000,42.000000,0.000000,9.000000,0.000000,21.000000,0.000000,61.000000,0.000000,5.000000,1.000000,1.000000,0.000000,0.000000,1.000000,0.000000,0.831515,0.094553,0.240390,29.331623,0.690752,0.460502,0.762500,-0.063072,,7.000000,True,False,False,,,,2674,-,0.000000,
23.000000,9.000000,40.000000,0.000000,8.000000,0.000000,23.000000,0.000000,63.000000,0.000000,5.000000,1.000000,1.000000,0.000000,0.000000,1.000000,0.000000,0.834253,0.113179,0.278104,29.482107,0.659683,0.439789,0.750000,-0.150485,,6.000000,True,False,False,,,,2675,-,0.000000,
23.000000,10.000000,40.000000,0.000000,7.000000,0.000000,23.000000,0.000000,66.000000,0.000000,5.000000,1.000000,1.000000,0.000000,0.000000,1.000000,0.000000,0.815105,0.124667,0.274207,29.603862,0.626791,0.417861,0.725000,-0.121755,,6.000000,True,False,False,,,,2676,-,0.000000,
25.000000,9.000000,41.000000,0.000000,5.000000,0.000000,25.000000,0.000000,61.000000,0.000000,5.000000,1.000000,1.000000,0.000000,0.000000,1.000000,0.000000,0.974833,0.128735,0.200290,29.559868,0.642166,0.428110,0.712500,0.043994,,7.000000,True,False,False,,,,2677,-,0.000000,
22.000000,10.000000,41.000000,0.000000,7.000000,0.000000,22.000000,0.000000,66.000000,0.000000,5.000000,1.000000,1.000000,0.000000,0.000000,1.000000,0.000000,0.879467,0.193669,0.231365,29.554845,0.648403,0.432269,0.737500,0.005023,,7.000000,True,False,False,,,,2678,-,0.000000,
23.000000,12.000000,40.000000,0.000000,5.000000,0.000000,23.000000,0.000000,74.000000,0.000000,5.000000,1.000000,1.000000,0.000000,0.000000,1.000000,0.000000,0.823244,0.297287,0.269492,29.533160,0.685058,0.456705,0.762500,0.021685,,5.000000,True,False,False,,,,2679,-,0.000000,
23.000000,10.000000,42.000000,0.000000,5.000000,0.000000,23.000000,0.000000,70.000000,0.000000,5.000000,1.000000,1.000000,0.000000,0.000000,1.000000,0.000000,0.739487,0.279755,0.282149,29.345304,0.643421,0.428947,0.712500,0.187856,,6.000000,True,False,False,,,,2680,-,0.000000,
22.000000,12.000000,42.000000,0.000000,4.000000,0.000000,22.000000,0.000000,66.000000,0.000000,5.000000,1.000000,1.000000,0.000000,0.000000,1.000000,0.000000,0.797577,0.298234,0.253041,29.221766,0.670431,0.446954,0.737500,0.123538,,5.000000,True,False,False,,,,2681,-,0.000000,
23.000000,9.000000,45.000000,0.000000,3.000000,0.000000,23.000000,0.000000,71.000000,0.000000,5.000000,1.000000,1.000000,0.000000,0.000000,1.000000,0.000000,0.767912,0.346549,0.301123,29.046104,0.640620,0.427080,0.725000,0.175662,,6.000000,True,False,False,,,,2682,-,0.000000,
24.000000,8.000000,46.000000,0.000000,2.000000,0.000000,24.000000,0.000000,67.000000,0.000000,5.000000,1.000000,1.000000,0.000000,0.000000,1.000000,0.000000,0.773902,0.339731,0.293478,28.874437,0.650904,0.433936,0.725000,0.171667,,7.000000,True,False,False,,,,2683,-,0.000000,
25.000000,6.000000,47.000000,0.000000,2.000000,0.000000,25.000000,0.000000,70.000000,0.000000,5.000000,1.000000,1.000000,0.000000,0.000000,1.000000,0.000000,0.882436,0.173938,0.189405,28.817193,0.666199,0.444133,0.712500,0.057244,,7.000000,True,False,False,,,,2684,-,0.000000,
24.000000,5.000000,47.000000,0.000000,4.000000,0.000000,24.000000,0.000000,62.000000,0.000000,5.000000,1.000000,1.000000,0.000000,0.000000,1.000000,0.000000,0.926789,0.180906,0.225389,28.793517,0.648894,0.432596,0.712500,0.023675,,7.000000,True,False,False,,,,2685,-,0.000000,
22.000000,8.000000,46.000000,0.000000,4.000000,0.000000,22.000000,0.000000,67.000000,0.000000,5.000000,1.000000,1.000000,0.000000,0.000000,1.000000,0.000000,0.855516,0.170687,0.248040,28.851480,0.654795,0.436530,0.737500,-0.057963,,6.000000,True,False,False,,,,2686,-,0.000000,
23.000000,5.000000,49.000000,0.000000,3.000000,0.000000,23.000000,0.000000,61.000000,0.000000,5.000000,1.000000,1.000000,0.000000,0.000000,1.000000,0.000000,0.817764,0.091535,0.223060,28.900677,0.676231,0.450821,0.737500,-0.049197,,7.000000,True,False,False,,,,2687,-,0.000000,
23.000000,4.000000,49.000000,0.000000,4.000000,0.000000,23.000000,0.000000,64.000000,0.000000,5.000000,1.000000,1.000000,0.000000,0.000000,1.000000,0.000000,0.841486,0.093707,0.218106,28.963902,0.651399,0.434266,0.712500,-0.063224,,6.000000,True,False,False,,,,2688,-,0.000000,
24.000000,4.000000,49.000000,0.000000,3.000000,0.000000,24.000000,0.000000,60.000000,0.000000,5.000000,1.000000,1.000000,0.000000,0.000000,1.000000,0.000000,0.856841,0.134901,0.237131,29.037929,0.631851,0.421234,0.712500,-0.074028,,7.000000,True,False,False,,,,2689,-,0.000000,
23.000000,4.000000,49.000000,0.000000,4.000000,0.000000,23.000000,0.000000,63.000000,0.000000,5.000000,1.000000,1.000000,0.000000,0.000000,1.000000,0.000000,0.856043,0.182010,0.245278,29.036826,0.616263,0.410842,0.712500,0.001103,,7.000000,True,False,False,,,,2690,-,0.000000,
24.000000,3.000000,50.000000,0.000000,3.000000,0.000000,24.000000,0.000000,60.000000,0.000000,5.000000,1.000000,1.000000,0.000000,0.000000,1.000000,0.000000,0.939245,0.251363,0.294420,29.052298,0.625566,0.417044,0.725000,-0.015472,,7.000000,True,False,False,,,,2691,-,0.000000,
24.000000,3.000000,45.000000,0.000000,8.000000,0.000000,24.000000,0.000000,71.000000,0.000000,5.000000,1.000000,1.000000,0.000000,0.000000,1.000000,0.000000,0.952855,0.227573,0.263117,29.071649,0.618026,0.412017,0.712500,-0.019351,,7.000000,True,False,False,,,,2692,-,0.000000,
24.000000,4.000000,43.000000,0.000000,9.000000,0.000000,24.000000,0.000000,69.000000,0.000000,5.000000,1.000000,1.000000,0.000000,0.000000,1.000000,0.000000,0.973768,0.324172,0.320051,29.055719,0.628670,0.419114,0.712500,0.015929,,7.000000,True,False,False,,,,2693,-,0.000000,
24.000000,4.000000,43.000000,0.000000,9.000000,0.000000,24.000000,0.000000,71.000000,0.000000,5.000000,1.000000,1.000000,0.000000,0.000000,1.000000,0.000000,0.893164,0.317576,0.279768,28.961557,0.633521,0.422347,0.725000,0.094162,,6.000000,True,False,False,,,,2694,-,0.000000,
26.000000,4.000000,43.000000,0.000000,7.000000,0.000000,26.000000,0.000000,64.000000,0.000000,5.000000,1.000000,1.000000,0.000000,0.000000,1.000000,0.000000,0.853263,0.293089,0.299064,28.934297,0.648068,0.432045,0.725000,0.027260,,7.000000,True,False,False,,,,2695,-,0.000000,
25.000000,6.000000,42.000000,0.000000,7.000000,0.000000,25.000000,0.000000,69.000000,0.000000,5.000000,1.000000,1.000000,0.000000,0.000000,1.000000,0.000000,0.890607,0.352856,0.287176,28.823678,0.638921,0.425947,0.725000,0.110619,,4.000000,True,False,False,,,,2696,-,0.000000,
25.000000,4.000000,44.000000,0.000000,7.000000,0.000000,25.000000,0.000000,71.000000,0.000000,5.000000,1.000000,1.000000,0.000000,0.000000,1.000000,0.000000,0.825277,0.343914,0.319359,28.691582,0.613711,0.409140,0.700000,0.132096,,5.000000,True,False,False,,,,2697,-,0.000000,
25.000000,6.000000,44.000000,0.000000,5.000000,0.000000,25.000000,0.000000,68.000000,0.000000,5.000000,1.000000,1.000000,0.000000,0.000000,1.000000,0.000000,0.939166,0.253885,0.236936,28.635863,0.649122,0.432748,0.725000,0.055719,,6.000000,True,False,False,,,,2698,-,0.000000,
28.000000,6.000000,45.000000,0.000000,1.000000,0.000000,28.000000,0.000000,70.000000,0.000000,5.000000,1.000000,1.000000,0.000000,0.000000,1.000000,0.000000,0.770172,0.364693,0.294945,28.454311,0.651905,0.434603,0.725000,0.181553,,7.000000,True,False,False,,,,2699,-,0.000000,
28.000000,7.000000,45.000000,0.000000,0.000000,0.000000,28.000000,0.000000,73.000000,0.000000,5.000000,1.000000,1.000000,0.000000,0.000000,1.000000,0.000000,0.876407,0.321005,0.253639,28.364273,0.618536,0.412357,0.687500,0.090038,,7.000000,True,False,False,,,,2700,-,0.000000,
26.000000,8.000000,45.000000,0.000000,1.000000,0.000000,26.000000,0.000000,69.000000,0.000000,5.000000,1.000000,1.000000,0.000000,0.000000,1.000000,0.000000,0.965571,0.206007,0.187758,28.409615,0.623869,0.415913,0.675000,-0.045342,,7.000000,True,False,False,,,,2701,-,0.000000,
23.000000,9.000000,45.000000,0.000000,3.000000,0.000000,23.000000,0.000000,71.000000,0.000000,5.000000,1.000000,1.000000,0.000000,0.000000,1.000000,0.000000,0.872175,0.315168,0.223381,28.349143,0.622632,0.415088,0.712500,0.060472,,7.000000,True,False,False,,,,2702,-,0.000000,
22.000000,10.000000,44.000000,0.000000,4.000000,0.000000,22.000000,0.000000,71.000000,0.000000,5.000000,1.000000,1.000000,0.000000,0.000000,1.000000,0.000000,0.849729,0.210454,0.196253,28.309227,0.649402,0.432935,0.725000,0.039916,,7.000000,True,False,False,,,,2703,-,0.000000,
21.000000,10.000000,41.000000,0.000000,8.000000,0.000000,21.000000,0.000000,66.000000,0.000000,5.000000,1.000000,1.000000,0.000000,0.000000,1.000000,0.000000,0.934510,0.088694,0.166461,28.388871,0.667946,0.445297,0.737500,-0.079644,,7.000000,True,False,False,,,,2704,-,0.000000,
21.000000,10.000000,41.000000,0.000000,8.000000,0.000000,21.000000,0.000000,68.000000,0.000000,5.000000,1.000000,1.000000,0.000000,0.000000,1.000000,0.000000,0.968018,0.156247,0.192931,28.455156,0.708492,0.472328,0.775000,-0.066285,,6.000000,True,False,False,,,,2705,-,0.000000,
23.000000,8.000000,43.000000,0.000000,6.000000,0.000000,23.000000,0.000000,75.000000,0.000000,5.000000,1.000000,1.000000,0.000000,0.000000,1.000000,0.000000,0.874953,0.160081,0.271976,28.608754,0.674579,0.449719,0.750000,-0.153598,,7.000000,True,False,False,,,,2706,-,0.000000,
25.000000,7.000000,43.000000,0.000000,5.000000,0.000000,25.000000,0.000000,67.000000,0.000000,5.000000,1.000000,1.000000,0.000000,0.000000,1.000000,0.000000,0.932700,0.068034,0.199415,28.677126,0.653735,0.435823,0.712500,-0.068372,,7.000000,True,False,False,,,,2707,-,0.000000,
22.000000,8.000000,42.000000,0.000000,8.000000,0.000000,22.000000,0.000000,78.000000,0.000000,5.000000,1.000000,1.000000,0.000000,0.000000,1.000000,0.000000,0.844257,0.182178,0.295283,28.732299,0.652247,0.434831,0.737500,-0.055173,,7.000000,True,False,False,,,,2708,-,0.000000,
24.000000,7.000000,42.000000,0.000000,7.000000,0.000000,24.000000,0.000000,78.000000,0.000000,5.000000,1.000000,1.000000,0.000000,0.000000,1.000000,0.000000,0.871098,0.073122,0.215121,28.834798,0.663768,0.442512,0.725000,-0.102499,,7.000000,True,False,False,,,,2709,-,0.000000,
24.000000,6.000000,42.000000,0.000000,8.000000,0.000000,24.000000,0.000000,69.000000,0.000000,5.000000,1.000000,1.000000,0.000000,0.000000,1.000000,0.000000,0.906097,0.126969,0.195276,28.873616,0.636768,0.424512,0.700000,-0.038818,,7.000000,True,False,False,,,,2710,-,0.000000,
26.000000,5.000000,38.000000,0.000000,11.000000,0.000000,26.000000,0.000000,73.000000,0.000000,5.000000,1.000000,1.000000,0.000000,0.000000,1.000000,0.000000,0.934678,0.249551,0.256698,28.802599,0.608245,0.405497,0.700000,0.071017,,5.000000,True,False,False,,,,2711,-,0.000000,
27.000000,4.000000,39.000000,0.000000,10.000000,0.000000,27.000000,0.000000,76.000000,0.000000,5.000000,1.000000,1.000000,0.000000,0.000000,1.000000,0.000000,0.992870,0.168339,0.220913,28.769520,0.612730,0.408487,0.687500,0.033079,,6.000000,True,False,False,,,,2712,-,0.000000,
27.000000,4.000000,41.000000,0.000000,8.000000,0.000000,27.000000,0.000000,73.000000,0.000000,5.000000,1.000000,1.000000,0.000000,0.000000,1.000000,0.000000,0.940994,0.211353,0.235365,28.693025,0.624470,0.416313,0.687500,0.076495,,7.000000,True,False,False,,,,2713,-,0.000000,
27.000000,5.000000,40.000000,0.000000,8.000000,0.000000,27.000000,0.000000,71.000000,0.000000,5.000000,1.000000,1.000000,0.000000,0.000000,1.000000,0.000000,0.928820,0.246553,0.227634,28.606523,0.618002,0.412001,0.687500,0.086502,,5.000000,True,False,False,,,,2714,-,0.000000,
30.000000,7.000000,40.000000,0.000000,3.000000,0.000000,30.000000,0.000000,73.000000,0.000000,5.000000,1.000000,1.000000,0.000000,0.000000,1.000000,0.000000,0.932562,0.187603,0.222844,28.533113,0.643851,0.429234,0.700000,0.073410,,6.000000,True,False,False,,,,2715,-,0.000000,
32.000000,7.000000,40.000000,0.000000,1.000000,0.000000,32.000000,0.000000,82.000000,0.000000,5.000000,1.000000,1.000000,0.000000,0.000000,1.000000,0.000000,0.875427,0.303786,0.277985,28.453731,0.576622,0.384414,0.637500,0.079382,,7.000000,True,False,False,,,,2716,-,0.000000,
29.000000,9.000000,38.000000,0.000000,4.000000,0.000000,29.000000,0.000000,71.000000,0.000000,5.000000,1.000000,1.000000,0.000000,0.000000,1.000000,0.000000,0.899212,0.116253,0.174523,28.460935,0.596439,0.397626,0.637500,-0.007205,,7.000000,True,False,False,,,,2717,-,0.000000,
25.000000,11.000000,39.000000,0.000000,5.000000,0.000000,25.000000,0.000000,73.000000,0.000000,5.000000,1.000000,1.000000,0.000000,0.000000,1.000000,0.000000,0.902448,0.204518,0.202729,28.416187,0.620965,0.413977,0.700000,0.044749,,6.000000,True,False,False,,,,2718,-,0.000000,
21.000000,13.000000,41.000000,0.000000,5.000000,0.000000,21.000000,0.000000,74.000000,0.000000,5.000000,1.000000,1.000000,0.000000,0.000000,1.000000,0.000000,0.937743,0.098569,0.144934,28.387978,0.693607,0.462404,0.750000,0.028208,,7.000000,True,False,False,,,,2719,-,0.000000,
21.000000,13.000000,40.000000,0.000000,6.000000,0.000000,21.000000,0.000000,81.000000,0.000000,5.000000,1.000000,1.000000,0.000000,0.000000,1.000000,0.000000,0.907983,0.144798,0.202583,28.446468,0.700973,0.467315,0.762500,-0.058490,,7.000000,True,False,False,,,,2720,-,0.000000,
22.000000,13.000000,40.000000,0.000000,5.000000,0.000000,22.000000,0.000000,70.000000,0.000000,5.000000,1.000000,1.000000,0.000000,0.000000,1.000000,0.000000,0.820652,0.037759,0.209465,28.561240,0.730911,0.487274,0.762500,-0.114772,,7.000000,True,False,False,,,,2721,-,0.000000,
22.000000,12.000000,41.000000,0.000000,5.000000,0.000000,22.000000,0.000000,75.000000,0.000000,5.000000,1.000000,1.000000,0.000000,0.000000,1.000000,0.000000,0.797315,0.175028,0.307943,28.703500,0.681017,0.454012,0.737500,-0.142260,,6.000000,True,False,False,,,,2722,-,0.000000,
22.000000,10.000000,43.000000,0.000000,5.000000,0.000000,22.000000,0.000000,67.000000,0.000000,5.000000,1.000000,1.000000,0.000000,0.000000,1.000000,0.000000,0.770732,0.047720,0.273262,28.887334,0.693288,0.462192,0.737500,-0.183834,,7.000000,True,False,False,,,,2723,-,0.000000,
24.000000,8.000000,44.000000,0.000000,4.000000,0.000000,24.000000,0.000000,77.000000,0.000000,5.000000,1.000000,1.000000,0.000000,0.000000,1.000000,0.000000,0.843438,0.243046,0.294000,28.952743,0.668527,0.445685,0.737500,-0.065409,,6.000000,True,False,False,,,,2724,-,0.000000,
25.000000,5.000000,47.000000,0.000000,3.000000,0.000000,25.000000,0.000000,75.000000,0.000000,5.000000,1.000000,1.000000,0.000000,0.000000,1.000000,0.000000,0.784282,0.092844,0.279722,29.115363,0.683858,0.455906,0.725000,-0.162620,,7.000000,True,False,False,,,,2725,-,0.000000,
24.000000,4.000000,48.000000,0.000000,4.000000,0.000000,24.000000,0.000000,72.000000,0.000000,5.000000,1.000000,1.000000,0.000000,0.000000,1.000000,0.000000,0.806839,0.102000,0.248156,29.213895,0.658919,0.439279,0.712500,-0.098531,,7.000000,True,False,False,,,,2726,-,0.000000,
25.000000,4.000000,48.000000,0.000000,3.000000,0.000000,25.000000,0.000000,78.000000,0.000000,5.000000,1.000000,1.000000,0.000000,0.000000,1.000000,0.000000,0.814876,0.087536,0.240799,29.337607,0.651695,0.434464,0.712500,-0.123713,,7.000000,True,False,False,,,,2727,-,0.000000,
24.000000,4.000000,48.000000,0.000000,4.000000,0.000000,24.000000,0.000000,71.000000,0.000000,5.000000,1.000000,1.000000,0.000000,0.000000,1.000000,0.000000,0.824921,0.054833,0.218639,29.408186,0.648912,0.432608,0.700000,-0.070578,,7.000000,True,False,False,,,,2728,-,0.000000,
23.000000,6.000000,46.000000,0.000000,5.000000,0.000000,23.000000,0.000000,72.000000,0.000000,5.000000,1.000000,1.000000,0.000000,0.000000,1.000000,0.000000,0.921108,0.130835,0.201771,29.410689,0.663790,0.442526,0.737500,-0.002503,,7.000000,True,False,False,,,,2729,-,0.000000,
24.000000,5.000000,46.000000,0.000000,5.000000,0.000000,24.000000,0.000000,76.000000,0.000000,5.000000,1.000000,1.000000,0.000000,0.000000,1.000000,0.000000,0.869443,0.164169,0.189950,29.362324,0.667403,0.444935,0.725000,0.048365,,7.000000,True,False,False,,,,2730,-,0.000000,
23.000000,5.000000,46.000000,0.000000,6.000000,0.000000,23.000000,0.000000,67.000000,0.000000,5.000000,1.000000,1.000000,0.000000,0.000000,1.000000,0.000000,0.974744,0.081113,0.147707,29.348344,0.672180,0.448120,0.725000,0.013980,,7.000000,True,False,False,,,,2731,-,0.000000,
25.000000,5.000000,45.000000,0.000000,5.000000,0.000000,25.000000,0.000000,76.000000,0.000000,5.000000,1.000000,1.000000,0.000000,0.000000,1.000000,0.000000,0.983319,0.182818,0.201977,29.263113,0.676428,0.450952,0.725000,0.085231,,7.000000,True,False,False,,,,2732,-,0.000000,
23.000000,7.000000,43.000000,0.000000,7.000000,0.000000,23.000000,0.000000,76.000000,0.000000,5.000000,1.000000,1.000000,0.000000,0.000000,1.000000,0.000000,0.878256,0.237295,0.195790,29.132620,0.651873,0.434582,0.712500,0.130493,,7.000000,True,False,False,,,,2733,-,0.000000,
22.000000,9.000000,42.000000,0.000000,7.000000,0.000000,22.000000,0.000000,72.000000,0.000000,5.000000,1.000000,1.000000,0.000000,0.000000,1.000000,0.000000,0.918938,0.181394,0.174154,29.032872,0.695062,0.463374,0.737500,0.099748,,6.000000,True,False,False,,,,2734,-,0.000000,
23.000000,7.000000,44.000000,0.000000,6.000000,0.000000,23.000000,0.000000,67.000000,0.000000,5.000000,1.000000,1.000000,0.000000,0.000000,1.000000,0.000000,0.893297,0.229314,0.211412,28.942166,0.674571,0.449714,0.737500,0.090706,,7.000000,True,False,False,,,,2735,-,0.000000,
24.000000,5.000000,45.000000,0.000000,6.000000,0.000000,24.000000,0.000000,72.000000,0.000000,5.000000,1.000000,1.000000,0.000000,0.000000,1.000000,0.000000,0.915914,0.259665,0.225176,28.855442,0.651585,0.434390,0.712500,0.086724,,7.000000,True,False,False,,,,2736,-,0.000000,
25.000000,5.000000,38.000000,0.000000,12.000000,0.000000,25.000000,0.000000,67.000000,0.000000,5.000000,1.000000,1.000000,0.000000,0.000000,1.000000,0.000000,0.870024,0.167231,0.228545,28.973845,0.667321,0.444881,0.737500,-0.118403,,7.000000,True,False,False,,,,2737,-,0.000000,
25.000000,6.000000,37.000000,0.000000,12.000000,0.000000,25.000000,0.000000,74.000000,0.000000,5.000000,1.000000,1.000000,0.000000,0.000000,1.000000,0.000000,0.846743,0.218103,0.322353,29.109749,0.639134,0.426090,0.712500,-0.135905,,7.000000,True,False,False,,,,2738,-,0.000000,
26.000000,5.000000,38.000000,0.000000,11.000000,0.000000,26.000000,0.000000,73.000000,0.000000,5.000000,1.000000,1.000000,0.000000,0.000000,1.000000,0.000000,0.791326,0.136607,0.311606,29.302870,0.608712,0.405808,0.700000,-0.193121,,5.000000,True,False,False,,,,2739,-,0.000000,
25.000000,8.000000,38.000000,0.000000,9.000000,0.000000,25.000000,0.000000,70.000000,0.000000,5.000000,1.000000,1.000000,0.000000,0.000000,1.000000,0.000000,0.754158,0.118056,0.332537,29.518391,0.638612,0.425741,0.725000,-0.215522,,5.000000,True,False,False,,,,2740,-,0.000000,
24.000000,8.000000,39.000000,0.000000,9.000000,0.000000,24.000000,0.000000,75.000000,0.000000,5.000000,1.000000,1.000000,0.000000,0.000000,1.000000,0.000000,0.746424,0.059640,0.300080,29.709345,0.644146,0.429430,0.725000,-0.190954,,6.000000,True,False,False,,,,2741,-,0.000000,
26.000000,8.000000,40.000000,0.000000,6.000000,0.000000,26.000000,0.000000,72.000000,0.000000,5.000000,1.000000,1.000000,0.000000,0.000000,1.000000,0.000000,0.843886,0.088054,0.260814,29.829218,0.645254,0.430169,0.712500,-0.119872,,7.000000,True,False,False,,,,2742,-,0.000000,
27.000000,9.000000,39.000000,0.000000,5.000000,0.000000,27.000000,0.000000,72.000000,0.000000,5.000000,1.000000,1.000000,0.000000,0.000000,1.000000,0.000000,0.745972,0.008038,0.240911,29.997777,0.626812,0.417875,0.687500,-0.168559,,7.000000,True,False,False,,,,2743,-,0.000000,
30.000000,8.000000,40.000000,0.000000,2.000000,0.000000,30.000000,0.000000,73.000000,0.000000,5.000000,1.000000,1.000000,0.000000,0.000000,1.000000,0.000000,0.813695,-0.005223,0.223311,30.121283,0.634666,0.423110,0.687500,-0.123506,,7.000000,True,False,False,,,,2744,-,0.000000,
28.000000,7.000000,42.000000,0.000000,3.000000,0.000000,28.000000,0.000000,72.000000,0.000000,5.000000,1.000000,1.000000,0.000000,0.000000,1.000000,0.000000,0.893611,0.093770,0.193884,30.171745,0.609112,0.406074,0.662500,-0.050462,,7.000000,True,False,False,,,,2745,-,0.000000,
27.000000,8.000000,40.000000,0.000000,5.000000,0.000000,27.000000,0.000000,76.000000,0.000000,5.000000,1.000000,1.000000,0.000000,0.000000,1.000000,0.000000,0.973766,0.201805,0.233258,30.135323,0.593541,0.395694,0.662500,0.036422,,7.000000,True,False,False,,,,2746,-,0.000000,
25.000000,9.000000,40.000000,0.000000,6.000000,0.000000,25.000000,0.000000,72.000000,0.000000,5.000000,1.000000,1.000000,0.000000,0.000000,1.000000,0.000000,0.874908,0.161965,0.240968,30.068706,0.648262,0.432175,0.712500,0.066618,,7.000000,True,False,False,,,,2747,-,0.000000,
25.000000,10.000000,40.000000,0.000000,5.000000,0.000000,25.000000,0.000000,73.000000,0.000000,5.000000,1.000000,1.000000,0.000000,0.000000,1.000000,0.000000,0.901771,0.233506,0.252069,30.002981,0.658169,0.438780,0.725000,0.065725,,7.000000,True,False,False,,,,2748,-,0.000000,
24.000000,9.000000,40.000000,0.000000,7.000000,0.000000,24.000000,0.000000,78.000000,0.000000,5.000000,1.000000,1.000000,0.000000,0.000000,1.000000,0.000000,0.861438,0.215414,0.235518,29.953086,0.650754,0.433836,0.725000,0.049895,,7.000000,True,False,False,,,,2749,-,0.000000,
25.000000,9.000000,39.000000,0.000000,7.000000,0.000000,25.000000,0.000000,74.000000,0.000000,5.000000,1.000000,1.000000,0.000000,0.000000,1.000000,0.000000,0.841746,0.287298,0.252769,29.826107,0.666269,0.444179,0.725000,0.126979,,7.000000,True,False,False,,,,2750,-,0.000000,
26.000000,9.000000,39.000000,0.000000,6.000000,0.000000,26.000000,0.000000,73.000000,0.000000,5.000000,1.000000,1.000000,0.000000,0.000000,1.000000,0.000000,0.802202,0.280462,0.249023,29.697382,0.638406,0.425604,0.712500,0.128725,,7.000000,True,False,False,,,,2751,-,0.000000,
27.000000,8.000000,40.000000,0.000000,5.000000,0.000000,27.000000,0.000000,71.000000,0.000000,5.000000,1.000000,1.000000,0.000000,0.000000,1.000000,0.000000,0.791238,0.352151,0.290719,29.539177,0.626699,0.417799,0.700000,0.158206,,7.000000,True,False,False,,,,2752,-,0.000000,
28.000000,8.000000,40.000000,0.000000,4.000000,0.000000,28.000000,0.000000,70.000000,0.000000,5.000000,1.000000,1.000000,0.000000,0.000000,1.000000,0.000000,0.897529,0.288591,0.231281,29.486408,0.612911,0.408607,0.687500,0.052769,,7.000000,True,False,False,,,,2753,-,0.000000,
27.000000,9.000000,40.000000,0.000000,4.000000,0.000000,27.000000,0.000000,68.000000,0.000000,5.000000,1.000000,1.000000,0.000000,0.000000,1.000000,0.000000,0.879376,0.275703,0.225573,29.414507,0.632846,0.421897,0.700000,0.071901,,6.000000,True,False,False,,,,2754,-,0.000000,
25.000000,10.000000,41.000000,0.000000,4.000000,0.000000,25.000000,0.000000,73.000000,0.000000,5.000000,1.000000,1.000000,0.000000,0.000000,1.000000,0.000000,0.923550,0.229363,0.214221,29.396633,0.626061,0.417374,0.700000,0.017874,,7.000000,True,False,False,,,,2755,-,0.000000,
26.000000,6.000000,43.000000,0.000000,5.000000,0.000000,26.000000,0.000000,67.000000,0.000000,5.000000,1.000000,1.000000,0.000000,0.000000,1.000000,0.000000,0.937880,0.150833,0.223979,29.491380,0.625383,0.416922,0.700000,-0.094747,,7.000000,True,False,False,,,,2756,-,0.000000,
24.000000,7.000000,44.000000,0.000000,5.000000,0.000000,24.000000,0.000000,71.000000,0.000000,5.000000,1.000000,1.000000,0.000000,0.000000,1.000000,0.000000,0.987192,0.268819,0.274733,29.508379,0.615756,0.410504,0.725000,-0.017000,,4.000000,True,False,False,,,,2757,-,0.000000,
25.000000,7.000000,45.000000,0.000000,3.000000,0.000000,25.000000,0.000000,69.000000,0.000000,5.000000,1.000000,1.000000,0.000000,0.000000,1.000000,0.000000,0.951540,0.189438,0.210148,29.568969,0.644868,0.429912,0.725000,-0.060590,,5.000000,True,False,False,,,,2758,-,0.000000,
25.000000,7.000000,45.000000,0.000000,3.000000,0.000000,25.000000,0.000000,67.000000,0.000000,5.000000,1.000000,1.000000,0.000000,0.000000,1.000000,0.000000,0.934353,0.154640,0.219370,29.626714,0.628452,0.418968,0.700000,-0.057745,,6.000000,True,False,False,,,,2759,-,0.000000,
24.000000,8.000000,45.000000,0.000000,3.000000,0.000000,24.000000,0.000000,71.000000,0.000000,5.000000,1.000000,1.000000,0.000000,0.000000,1.000000,0.000000,0.970097,0.299600,0.262956,29.627451,0.622337,0.414891,0.725000,-0.000736,,7.000000,True,False,False,,,,2760,-,0.000000,
25.000000,6.000000,45.000000,0.000000,4.000000,0.000000,25.000000,0.000000,65.000000,0.000000,5.000000,1.000000,1.000000,0.000000,0.000000,1.000000,0.000000,0.909953,0.175121,0.200699,29.647567,0.653176,0.435450,0.725000,-0.020117,,7.000000,True,False,False,,,,2761,-,0.000000,
25.000000,7.000000,44.000000,0.000000,4.000000,0.000000,25.000000,0.000000,72.000000,0.000000,5.000000,1.000000,1.000000,0.000000,0.000000,1.000000,0.000000,0.908763,0.273441,0.236387,29.619212,0.616031,0.410687,0.712500,0.028355,,6.000000,True,False,False,,,,2762,-,0.000000,
26.000000,6.000000,45.000000,0.000000,3.000000,0.000000,26.000000,0.000000,77.000000,0.000000,5.000000,1.000000,1.000000,0.000000,0.000000,1.000000,0.000000,0.863952,0.255103,0.255117,29.547907,0.611667,0.407778,0.700000,0.071305,,7.000000,True,False,False,,,,2763,-,0.000000,
23.000000,7.000000,45.000000,0.000000,5.000000,0.000000,23.000000,0.000000,76.000000,0.000000,5.000000,1.000000,1.000000,0.000000,0.000000,1.000000,0.000000,0.932057,0.117714,0.136754,29.493778,0.642186,0.428124,0.712500,0.054128,,7.000000,True,False,False,,,,2764,-,0.000000,
22.000000,8.000000,44.000000,0.000000,6.000000,0.000000,22.000000,0.000000,75.000000,0.000000,5.000000,1.000000,1.000000,0.000000,0.000000,1.000000,0.000000,0.950411,0.125571,0.176670,29.512197,0.660124,0.440082,0.737500,-0.018419,,7.000000,True,False,False,,,,2765,-,0.000000,
21.000000,9.000000,43.000000,0.000000,7.000000,0.000000,21.000000,0.000000,73.000000,0.000000,5.000000,1.000000,1.000000,0.000000,0.000000,1.000000,0.000000,0.955923,0.043592,0.144379,29.522739,0.676584,0.451056,0.737500,-0.010542,,7.000000,True,False,False,,,,2766,-,0.000000,
22.000000,7.000000,45.000000,0.000000,6.000000,0.000000,22.000000,0.000000,76.000000,0.000000,5.000000,1.000000,1.000000,0.000000,0.000000,1.000000,0.000000,0.959341,0.203562,0.170609,29.461456,0.701741,0.467828,0.775000,0.061283,,6.000000,True,False,False,,,,2767,-,0.000000,
21.000000,9.000000,45.000000,0.000000,5.000000,0.000000,21.000000,0.000000,72.000000,0.000000,5.000000,1.000000,1.000000,0.000000,0.000000,1.000000,0.000000,0.951258,0.230516,0.213702,29.412351,0.684248,0.456166,0.762500,0.049106,,7.000000,True,False,False,,,,2768,-,0.000000,
21.000000,9.000000,42.000000,0.000000,8.000000,0.000000,21.000000,0.000000,67.000000,0.000000,5.000000,1.000000,1.000000,0.000000,0.000000,1.000000,0.000000,0.930437,0.247557,0.203364,29.387849,0.673538,0.449025,0.762500,0.024501,,5.000000,True,False,False,,,,2769,-,0.000000,
22.000000,8.000000,43.000000,0.000000,7.000000,0.000000,22.000000,0.000000,78.000000,0.000000,5.000000,1.000000,1.000000,0.000000,0.000000,1.000000,0.000000,0.911218,0.293430,0.267924,29.362905,0.656708,0.437805,0.750000,0.024944,,6.000000,True,False,False,,,,2770,-,0.000000,
23.000000,8.000000,44.000000,0.000000,5.000000,0.000000,23.000000,0.000000,67.000000,0.000000,5.000000,1.000000,1.000000,0.000000,0.000000,1.000000,0.000000,0.957502,0.114803,0.119501,29.338895,0.689337,0.459558,0.737500,0.024010,,7.000000,True,False,False,,,,2771,-,0.000000,
22.000000,7.000000,43.000000,0.000000,8.000000,0.000000,22.000000,0.000000,75.000000,0.000000,5.000000,1.000000,1.000000,0.000000,0.000000,1.000000,0.000000,0.899057,0.163561,0.194133,29.334810,0.674139,0.449426,0.737500,0.004085,,5.000000,True,False,False,,,,2772,-,0.000000,
23.000000,6.000000,45.000000,0.000000,6.000000,0.000000,23.000000,0.000000,71.000000,0.000000,5.000000,1.000000,1.000000,0.000000,0.000000,1.000000,0.000000,0.903604,0.240615,0.214994,29.221529,0.676006,0.450671,0.737500,0.113281,,6.000000,True,False,False,,,,2773,-,0.000000,
23.000000,6.000000,46.000000,0.000000,5.000000,0.000000,23.000000,0.000000,71.000000,0.000000,5.000000,1.000000,1.000000,0.000000,0.000000,1.000000,0.000000,0.972155,0.240257,0.223785,29.202082,0.646997,0.431332,0.725000,0.019447,,7.000000,True,False,False,,,,2774,-,0.000000,
25.000000,5.000000,46.000000,0.000000,4.000000,0.000000,25.000000,0.000000,71.000000,0.000000,5.000000,1.000000,1.000000,0.000000,0.000000,1.000000,0.000000,0.998333,0.234524,0.226348,29.169433,0.626279,0.417519,0.712500,0.032649,,7.000000,True,False,False,,,,2775,-,0.000000,
27.000000,4.000000,46.000000,0.000000,3.000000,0.000000,27.000000,0.000000,76.000000,0.000000,5.000000,1.000000,1.000000,0.000000,0.000000,1.000000,0.000000,0.908681,0.309382,0.259175,29.109259,0.607680,0.405120,0.700000,0.060174,,7.000000,True,False,False,,,,2776,-,0.000000,
28.000000,3.000000,45.000000,0.000000,4.000000,0.000000,28.000000,0.000000,73.000000,0.000000,5.000000,1.000000,1.000000,0.000000,0.000000,1.000000,0.000000,0.951397,0.222554,0.195938,29.035431,0.588377,0.392252,0.662500,0.073828,,6.000000,True,False,False,,,,2777,-,0.000000,
26.000000,5.000000,45.000000,0.000000,4.000000,0.000000,26.000000,0.000000,72.000000,0.000000,5.000000,1.000000,1.000000,0.000000,0.000000,1.000000,0.000000,0.944792,0.168466,0.183198,29.055873,0.595431,0.396954,0.675000,-0.020442,,7.000000,True,False,False,,,,2778,-,0.000000,
24.000000,7.000000,44.000000,0.000000,5.000000,0.000000,24.000000,0.000000,69.000000,0.000000,5.000000,1.000000,1.000000,0.000000,0.000000,1.000000,0.000000,0.927378,0.135745,0.160850,29.023265,0.633536,0.422357,0.712500,0.032608,,7.000000,True,False,False,,,,2779,-,0.000000,
25.000000,8.000000,43.000000,0.000000,4.000000,0.000000,25.000000,0.000000,74.000000,0.000000,5.000000,1.000000,1.000000,0.000000,0.000000,1.000000,0.000000,0.863058,0.189197,0.221801,29.021876,0.665225,0.443484,0.737500,0.001389,,7.000000,True,False,False,,,,2780,-,0.000000,
25.000000,8.000000,42.000000,0.000000,5.000000,0.000000,25.000000,0.000000,77.000000,0.000000,5.000000,1.000000,1.000000,0.000000,0.000000,1.000000,0.000000,0.959033,0.194735,0.232770,28.996676,0.655037,0.436691,0.725000,0.025201,,5.000000,True,False,False,,,,2781,-,0.000000,
25.000000,8.000000,43.000000,0.000000,4.000000,0.000000,25.000000,0.000000,81.000000,0.000000,5.000000,1.000000,1.000000,0.000000,0.000000,1.000000,0.000000,0.957206,0.139930,0.195862,28.977681,0.651759,0.434506,0.725000,0.018994,,6.000000,True,False,False,,,,2782,-,0.000000,
24.000000,9.000000,44.000000,0.000000,3.000000,0.000000,24.000000,0.000000,85.000000,0.000000,5.000000,1.000000,1.000000,0.000000,0.000000,1.000000,0.000000,0.906474,0.072219,0.192926,29.008749,0.669747,0.446498,0.725000,-0.031068,,7.000000,True,False,False,,,,2783,-,0.000000,
22.000000,10.000000,43.000000,0.000000,5.000000,0.000000,22.000000,0.000000,79.000000,0.000000,5.014488,1.000000,1.000000,0.000000,0.000000,1.000000,0.000000,0.921821,0.121630,0.207289,28.989058,0.670164,0.446776,0.737500,0.019691,,7.000000,True,False,False,,,,2784,-,0.000000,
22.000000,10.000000,43.000000,0.000000,5.000000,0.000000,22.000000,0.000000,87.000000,0.000000,5.000000,1.000000,1.000000,0.000000,0.000000,1.000000,0.000000,0.948355,0.183305,0.228388,28.970460,0.648611,0.432407,0.725000,0.018597,,5.000000,True,False,False,,,,2785,-,0.000000,
21.000000,12.000000,43.000000,0.000000,4.000000,0.000000,21.000000,0.000000,80.000000,0.000000,5.000000,1.000000,1.000000,0.000000,0.000000,1.000000,0.000000,0.905586,0.204361,0.190382,28.933912,0.686164,0.457443,0.750000,0.036549,,6.000000,True,False,False,,,,2786,-,0.000000,
21.000000,10.000000,46.000000,0.000000,3.000000,0.000000,21.000000,0.000000,78.000000,0.000000,5.000000,1.000000,1.000000,0.000000,0.000000,1.000000,0.000000,0.936311,0.105777,0.152192,28.950032,0.699339,0.466226,0.750000,-0.016120,,7.000000,True,False,False,,,,2787,-,0.000000,
19.000000,11.000000,47.000000,0.000000,3.000000,0.000000,19.000000,0.000000,74.000000,0.000000,5.000000,1.000000,1.000000,0.000000,0.000000,1.000000,0.000000,0.956083,0.145039,0.157328,28.880122,0.721544,0.481030,0.775000,0.069910,,7.000000,True,False,False,,,,2788,-,0.000000,
19.000000,9.000000,47.000000,0.000000,5.000000,0.000000,19.000000,0.000000,83.000000,0.000000,5.000000,1.000000,1.000000,0.000000,0.000000,1.000000,0.000000,0.953163,0.216224,0.188563,28.768826,0.697834,0.465223,0.762500,0.111296,,7.000000,True,False,False,,,,2789,-,0.000000,
20.000000,6.000000,48.000000,0.000000,6.000000,0.000000,20.000000,0.000000,75.000000,0.000000,5.000000,1.000000,1.000000,0.000000,0.000000,1.000000,0.000000,0.863651,0.126953,0.213562,28.690732,0.725331,0.483554,0.762500,0.078094,,7.000000,True,False,False,,,,2790,-,0.000000,
20.000000,6.000000,48.000000,0.000000,6.000000,0.000000,20.000000,0.000000,77.000000,0.000000,5.000000,1.000000,1.000000,0.000000,0.000000,1.000000,0.000000,0.968379,0.180870,0.186798,28.642216,0.709618,0.473079,0.775000,0.048516,,7.000000,True,False,False,,,,2791,-,0.000000,
22.000000,4.000000,48.000000,0.000000,6.000000,0.000000,22.000000,0.000000,73.000000,0.000000,5.000000,1.000000,1.000000,0.000000,0.000000,1.000000,0.000000,0.954430,0.186135,0.233972,28.630008,0.693439,0.462293,0.750000,0.012207,,7.000000,True,False,False,,,,2792,-,0.000000,
22.000000,4.000000,47.000000,0.000000,7.000000,0.000000,22.000000,0.000000,80.000000,0.000000,5.000000,1.000000,1.000000,0.000000,0.000000,1.000000,0.000000,0.854671,0.269684,0.295470,28.627798,0.642814,0.428543,0.737500,0.002210,,7.000000,True,False,False,,,,2793,-,0.000000,
22.000000,5.000000,46.000000,0.000000,7.000000,0.000000,22.000000,0.000000,76.000000,0.000000,5.000000,1.000000,1.000000,0.000000,0.000000,1.000000,0.000000,0.936151,0.220791,0.218895,28.608778,0.662327,0.441551,0.750000,0.019020,,7.000000,True,False,False,,,,2794,-,0.000000,
24.000000,5.000000,46.000000,0.000000,5.000000,0.000000,24.000000,0.000000,80.000000,0.000000,5.000000,1.000000,1.000000,0.000000,0.000000,1.000000,0.000000,0.974388,0.217746,0.246435,28.621765,0.648064,0.432042,0.737500,-0.012988,,7.000000,True,False,False,,,,2795,-,0.000000,
23.000000,6.000000,45.000000,0.000000,6.000000,0.000000,23.000000,0.000000,80.000000,0.000000,5.000000,1.000000,1.000000,0.000000,0.000000,1.000000,0.000000,0.874379,0.154788,0.208178,28.654673,0.642319,0.428213,0.725000,-0.032908,,5.000000,True,False,False,,,,2796,-,0.000000,
22.000000,8.000000,45.000000,0.000000,5.000000,0.000000,22.000000,0.000000,81.000000,0.000000,5.000000,1.000000,1.000000,0.000000,0.000000,1.000000,0.000000,0.869003,0.028053,0.166416,28.710746,0.671287,0.447524,0.737500,-0.056073,,6.000000,True,False,False,,,,2797,-,0.000000,
20.000000,11.000000,45.000000,0.000000,4.000000,0.000000,20.000000,0.000000,76.000000,0.000000,5.000000,1.000000,1.000000,0.000000,0.000000,1.000000,0.000000,0.816004,0.002935,0.187786,28.803272,0.695945,0.463964,0.762500,-0.092526,,7.000000,True,False,False,,,,2798,-,0.000000,
21.000000,11.000000,45.000000,0.000000,3.000000,0.000000,21.000000,0.000000,73.000000,0.000000,5.000000,1.000000,1.000000,0.000000,0.000000,1.000000,0.000000,0.807412,-0.006210,0.192306,28.890071,0.708899,0.472599,0.762500,-0.086799,,6.000000,True,False,False,,,,2799,-,0.000000,
19.000000,13.000000,45.000000,0.000000,3.000000,0.000000,19.000000,0.000000,73.000000,0.000000,5.000000,1.000000,1.000000,0.000000,0.000000,1.000000,0.000000,0.819497,-0.039708,0.158017,28.992114,0.709734,0.473156,0.762500,-0.102043,,7.000000,True,False,False,,,,2800,-,0.000000,
19.000000,11.000000,46.000000,0.000000,4.000000,0.000000,19.000000,0.000000,70.000000,0.000000,5.000000,1.000000,1.000000,0.000000,0.000000,1.000000,0.000000,0.810888,0.024970,0.218689,29.089740,0.696562,0.464375,0.762500,-0.097626,,7.000000,True,False,False,,,,2801,-,0.000000,
19.000000,10.000000,45.000000,0.000000,6.000000,0.000000,19.000000,0.000000,70.000000,0.000000,5.000000,1.000000,1.000000,0.000000,0.000000,1.000000,0.000000,0.842198,0.041420,0.149281,29.162879,0.711333,0.474222,0.775000,-0.073139,,7.000000,True,False,False,,,,2802,-,0.000000,
18.000000,11.000000,46.000000,0.000000,5.000000,0.000000,18.000000,0.000000,68.000000,0.000000,5.000000,1.000000,1.000000,0.000000,0.000000,1.000000,0.000000,0.922923,0.162423,0.186875,29.175452,0.733209,0.488806,0.800000,-0.012573,,7.000000,True,False,False,,,,2803,-,0.000000,
18.000000,11.000000,46.000000,0.000000,5.000000,0.000000,18.000000,0.000000,72.000000,0.000000,5.000000,1.000000,1.000000,0.000000,0.000000,1.000000,0.000000,0.922207,0.186555,0.189125,29.173366,0.736984,0.491323,0.787500,0.002086,,7.000000,True,False,False,,,,2804,-,0.000000,
18.000000,8.000000,45.000000,0.000000,9.000000,0.000000,18.000000,0.000000,78.000000,0.000000,5.000000,1.000000,1.000000,0.000000,0.000000,1.000000,0.000000,0.918058,0.226174,0.215861,29.193308,0.708994,0.472663,0.775000,-0.019942,,6.000000,True,False,False,,,,2805,-,0.000000,
17.000000,8.000000,46.000000,0.000000,9.000000,0.000000,17.000000,0.000000,72.000000,0.000000,5.000000,1.000000,1.000000,0.000000,0.000000,1.000000,0.000000,0.965695,0.129210,0.148961,29.175442,0.735970,0.490646,0.787500,0.017866,,7.000000,True,False,False,,,,2806,-,0.000000,
17.000000,7.000000,44.000000,0.000000,12.000000,0.000000,17.000000,0.000000,80.000000,0.000000,5.000000,1.000000,1.000000,0.000000,0.000000,1.000000,0.000000,0.978349,0.277297,0.271212,29.180344,0.732982,0.488655,0.812500,-0.004902,,7.000000,True,False,False,,,,2807,-,0.000000,
20.000000,5.000000,44.000000,0.000000,11.000000,0.000000,20.000000,0.000000,77.000000,0.000000,5.000000,1.000000,1.000000,0.000000,0.000000,1.000000,0.000000,0.935379,0.207134,0.224027,29.228251,0.737519,0.491680,0.800000,-0.047907,,7.000000,True,False,False,,,,2808,-,0.000000,
22.000000,3.000000,46.000000,0.000000,9.000000,0.000000,22.000000,0.000000,76.000000,0.000000,5.000000,1.000000,1.000000,0.000000,0.000000,1.000000,0.000000,0.912141,0.258604,0.225975,29.182198,0.708137,0.472092,0.762500,0.046054,,7.000000,True,False,False,,,,2809,-,0.000000,
23.000000,2.000000,45.000000,0.000000,10.000000,0.000000,23.000000,0.000000,72.000000,0.000000,5.000000,1.000000,1.000000,0.000000,0.000000,1.000000,0.000000,0.808622,0.254464,0.308630,29.144317,0.664416,0.442944,0.737500,0.037881,,6.000000,True,False,False,,,,2810,-,0.000000,
23.000000,3.000000,45.000000,0.000000,9.000000,0.000000,23.000000,0.000000,75.000000,0.000000,5.000000,1.000000,1.000000,0.000000,0.000000,1.000000,0.000000,0.848428,0.214731,0.279201,29.141550,0.672262,0.448175,0.750000,0.002767,,5.000000,True,False,False,,,,2811,-,0.000000,
26.000000,3.000000,45.000000,0.000000,6.000000,0.000000,26.000000,0.000000,75.000000,0.000000,5.000000,1.000000,1.000000,0.000000,0.000000,1.000000,0.000000,0.889086,0.239487,0.245292,29.058055,0.647675,0.431783,0.712500,0.083495,,6.000000,True,False,False,,,,2812,-,0.000000,
28.000000,3.000000,45.000000,0.000000,4.000000,0.000000,28.000000,0.000000,77.000000,0.000000,5.000000,1.000000,1.000000,0.000000,0.000000,1.000000,0.000000,0.761026,0.349634,0.326575,28.901954,0.601570,0.401046,0.675000,0.156101,,7.000000,True,False,False,,,,2813,-,0.000000,
28.000000,5.000000,44.000000,0.000000,3.000000,0.000000,28.000000,0.000000,73.000000,0.000000,5.000000,1.000000,1.000000,0.000000,0.000000,1.000000,0.000000,0.958212,0.210006,0.223971,28.853330,0.602355,0.401570,0.675000,0.048624,,7.000000,True,False,False,,,,2814,-,0.000000,
29.000000,5.000000,44.000000,0.000000,2.000000,0.000000,29.000000,0.000000,77.000000,0.000000,5.000000,1.000000,1.000000,0.000000,0.000000,1.000000,0.000000,0.935810,0.189570,0.198787,28.842024,0.615699,0.410466,0.675000,0.011306,,7.000000,True,False,False,,,,2815,-,0.000000,
29.000000,5.000000,44.000000,0.000000,2.000000,0.000000,29.000000,0.000000,77.000000,0.000000,5.000000,1.000000,1.000000,0.000000,0.000000,1.000000,0.000000,0.920919,0.164211,0.217389,28.836814,0.579587,0.386392,0.637500,0.005210,,7.000000,True,False,False,,,,2816,-,0.000000,
23.000000,10.000000,45.000000,0.000000,2.000000,0.000000,23.000000,0.000000,72.000000,0.000000,5.000000,1.000000,1.000000,0.000000,0.000000,1.000000,0.000000,0.887239,0.138681,0.177085,28.861884,0.647906,0.431937,0.725000,-0.025070,,6.000000,True,False,False,,,,2817,-,0.000000,
21.000000,11.000000,46.000000,0.000000,2.000000,0.000000,21.000000,0.000000,77.000000,0.000000,5.000000,1.000000,1.000000,0.000000,0.000000,1.000000,0.000000,0.932997,0.084049,0.167612,28.920150,0.671209,0.447473,0.737500,-0.058266,,7.000000,True,False,False,,,,2818,-,0.000000,
21.000000,11.000000,44.000000,0.000000,4.000000,0.000000,21.000000,0.000000,79.000000,0.000000,5.000000,1.000000,1.000000,0.000000,0.000000,1.000000,0.000000,0.916042,0.158750,0.195456,28.889685,0.674450,0.449633,0.737500,0.030464,,5.000000,True,False,False,,,,2819,-,0.000000,
21.000000,11.000000,46.000000,0.000000,2.000000,0.000000,21.000000,0.000000,75.000000,0.000000,5.000000,1.000000,1.000000,0.000000,0.000000,1.000000,0.000000,0.857171,-0.040631,0.151174,28.987610,0.723037,0.482025,0.762500,-0.097925,,6.000000,True,False,False,,,,2820,-,0.000000,
21.000000,11.000000,46.000000,0.000000,2.000000,0.000000,21.000000,0.000000,68.000000,0.000000,5.000000,1.000000,1.000000,0.000000,0.000000,1.000000,0.000000,0.872547,0.072190,0.193132,28.994552,0.708627,0.472418,0.750000,-0.006942,,7.000000,True,False,False,,,,2821,-,0.000000,
20.000000,10.000000,44.000000,0.000000,6.000000,0.000000,20.000000,0.000000,70.000000,0.000000,5.000000,1.000000,1.000000,0.000000,0.000000,1.000000,0.000000,0.796729,0.106831,0.272768,28.985976,0.718478,0.478986,0.775000,0.008576,,7.000000,True,False,False,,,,2822,-,0.000000,
20.000000,9.000000,42.000000,0.000000,9.000000,0.000000,20.000000,0.000000,70.000000,0.000000,5.000000,1.000000,1.000000,0.000000,0.000000,1.000000,0.000000,0.874348,0.181633,0.212930,28.948222,0.699998,0.466666,0.762500,0.037754,,6.000000,True,False,False,,,,2823,-,0.000000,
21.000000,7.000000,44.000000,0.000000,8.000000,0.000000,21.000000,0.000000,73.000000,0.000000,5.000000,1.000000,1.000000,0.000000,0.000000,1.000000,0.000000,0.863933,0.268276,0.276254,28.889495,0.678095,0.452064,0.750000,0.058727,,7.000000,True,False,False,,,,2824,-,0.000000,
22.000000,8.000000,42.000000,0.000000,8.000000,0.000000,22.000000,0.000000,64.000000,0.000000,5.000000,1.000000,1.000000,0.000000,0.000000,1.000000,0.000000,0.946928,0.200481,0.233214,28.849239,0.680606,0.453737,0.750000,0.040256,,7.000000,True,False,False,,,,2825,-,0.000000,
21.000000,8.000000,42.000000,0.000000,9.000000,0.000000,21.000000,0.000000,66.000000,0.000000,5.000000,1.000000,1.000000,0.000000,0.000000,1.000000,0.000000,0.882780,0.170384,0.251812,28.896710,0.696275,0.464183,0.762500,-0.047472,,6.000000,True,False,False,,,,2826,-,0.000000,
21.000000,7.000000,45.000000,0.000000,7.000000,0.000000,21.000000,0.000000,66.000000,0.000000,5.000000,1.000000,1.000000,0.000000,0.000000,1.000000,0.000000,0.959421,0.211092,0.217095,28.811797,0.687826,0.458551,0.762500,0.084913,,6.000000,True,False,False,,,,2827,-,0.000000,
21.000000,7.000000,46.000000,0.000000,6.000000,0.000000,21.000000,0.000000,70.000000,0.000000,5.000000,1.000000,1.000000,0.000000,0.000000,1.000000,0.000000,0.904726,0.274819,0.239780,28.687984,0.680529,0.453686,0.750000,0.123813,,7.000000,True,False,False,,,,2828,-,0.000000,
24.000000,6.000000,47.000000,0.000000,3.000000,0.000000,24.000000,0.000000,67.000000,0.000000,5.000000,1.000000,1.000000,0.000000,0.000000,1.000000,0.000000,0.961079,0.185404,0.188371,28.585142,0.703883,0.469255,0.762500,0.102842,,7.000000,True,False,False,,,,2829,-,0.000000,
24.000000,6.000000,46.000000,0.000000,4.000000,0.000000,24.000000,0.000000,74.000000,0.000000,5.000000,1.000000,1.000000,0.000000,0.000000,1.000000,0.000000,0.941661,0.212159,0.215862,28.538864,0.637337,0.424891,0.700000,0.046278,,5.000000,True,False,False,,,,2830,-,0.000000,
23.000000,7.000000,46.000000,0.000000,4.000000,0.000000,23.000000,0.000000,67.000000,0.000000,5.000000,1.000000,1.000000,0.000000,0.000000,1.000000,0.000000,0.970339,0.153354,0.162610,28.551017,0.650620,0.433746,0.712500,-0.012153,,6.000000,True,False,False,,,,2831,-,0.000000,
25.000000,6.000000,48.000000,0.000000,1.000000,0.000000,25.000000,0.000000,73.000000,0.000000,5.000000,1.000000,1.000000,0.000000,0.000000,1.000000,0.000000,0.929450,0.116290,0.174223,28.608242,0.663626,0.442417,0.725000,-0.057225,,7.000000,True,False,False,,,,2832,-,0.000000,
24.000000,6.000000,48.000000,0.000000,2.000000,0.000000,24.000000,0.000000,70.000000,0.000000,5.000000,1.000000,1.000000,0.000000,0.000000,1.000000,0.000000,0.866335,0.075129,0.176724,28.683888,0.647649,0.431766,0.700000,-0.075647,,6.000000,True,False,False,,,,2833,-,0.000000,
24.000000,5.000000,49.000000,0.000000,2.000000,0.000000,24.000000,0.000000,72.000000,0.000000,5.000000,1.000000,1.000000,0.000000,0.000000,1.000000,0.000000,0.837065,0.006284,0.171291,28.801915,0.685923,0.457282,0.725000,-0.118027,,7.000000,True,False,False,,,,2834,-,0.000000,
23.000000,2.000000,49.000000,0.000000,6.000000,0.000000,23.000000,0.000000,66.000000,0.000000,5.000000,1.000000,1.000000,0.000000,0.000000,1.000000,0.000000,0.791420,0.036227,0.204667,28.914574,0.672016,0.448011,0.725000,-0.112659,,7.000000,True,False,False,,,,2835,-,0.000000,
23.000000,2.000000,47.000000,0.000000,8.000000,0.000000,23.000000,0.000000,68.000000,0.000000,5.000000,1.000000,1.000000,0.000000,0.000000,1.000000,0.000000,0.895182,0.105991,0.173156,28.960629,0.664143,0.442762,0.725000,-0.046055,,7.000000,True,False,False,,,,2836,-,0.000000,
23.000000,3.000000,46.000000,0.000000,8.000000,0.000000,23.000000,0.000000,68.000000,0.000000,5.000000,1.000000,1.000000,0.000000,0.000000,1.000000,0.000000,0.896080,0.206851,0.255150,28.988376,0.653189,0.435459,0.725000,-0.027747,,7.000000,True,False,False,,,,2837,-,0.000000,
23.000000,4.000000,45.000000,0.000000,8.000000,0.000000,23.000000,0.000000,70.000000,0.000000,5.000000,1.000000,1.000000,0.000000,0.000000,1.000000,0.000000,0.914302,0.196546,0.210962,28.940534,0.677874,0.451916,0.737500,0.047842,,7.000000,True,False,False,,,,2838,-,0.000000,
23.000000,5.000000,42.000000,0.000000,10.000000,0.000000,23.000000,0.000000,68.000000,0.000000,5.000000,1.000000,1.000000,0.000000,0.000000,1.000000,0.000000,0.953490,0.237536,0.238230,28.890679,0.670342,0.446895,0.725000,0.049855,,7.000000,True,False,False,,,,2839,-,0.000000,
22.000000,7.000000,41.000000,0.000000,10.000000,0.000000,22.000000,0.000000,75.000000,0.000000,5.000000,1.000000,1.000000,0.000000,0.000000,1.000000,0.000000,0.912181,0.337968,0.286116,28.805626,0.672640,0.448427,0.737500,0.085054,,6.000000,True,False,False,,,,2840,-,0.000000,
25.000000,6.000000,42.000000,0.000000,7.000000,0.000000,25.000000,0.000000,69.000000,0.000000,5.000000,1.000000,1.000000,0.000000,0.000000,1.000000,0.000000,0.823723,0.247651,0.248805,28.669941,0.695758,0.463839,0.737500,0.135685,,7.000000,True,False,False,,,,2841,-,0.000000,
26.000000,7.000000,40.000000,0.000000,7.000000,0.000000,26.000000,0.000000,72.000000,0.000000,5.000000,1.000000,1.000000,0.000000,0.000000,1.000000,0.000000,0.803375,0.413370,0.345958,28.533435,0.654486,0.436324,0.725000,0.136505,,6.000000,True,False,False,,,,2842,-,0.000000,
26.000000,8.000000,40.000000,0.000000,6.000000,0.000000,26.000000,0.000000,79.000000,0.000000,5.000000,1.000000,1.000000,0.000000,0.000000,1.000000,0.000000,0.977064,0.332545,0.277342,28.480737,0.638061,0.425374,0.712500,0.052698,,7.000000,True,False,False,,,,2843,-,0.000000,
26.000000,7.000000,40.000000,0.000000,7.000000,0.000000,26.000000,0.000000,78.000000,0.000000,5.000000,1.000000,1.000000,0.000000,0.000000,1.000000,0.000000,0.986291,0.285244,0.250039,28.428965,0.630044,0.420029,0.687500,0.051773,,5.000000,True,False,False,,,,2844,-,0.000000,
29.000000,8.000000,40.000000,0.000000,3.000000,0.000000,29.000000,0.000000,79.000000,0.000000,5.000000,1.000000,1.000000,0.000000,0.000000,1.000000,0.000000,0.945949,0.169341,0.178700,28.413559,0.665910,0.443940,0.700000,0.015405,,6.000000,True,False,False,,,,2845,-,0.000000,
30.000000,7.000000,41.000000,0.000000,2.000000,0.000000,30.000000,0.000000,78.000000,0.000000,5.000000,1.000000,1.000000,0.000000,0.000000,1.000000,0.000000,0.960275,0.215557,0.190595,28.379646,0.613410,0.408940,0.650000,0.033914,,7.000000,True,False,False,,,,2846,-,0.000000,
30.000000,6.000000,41.000000,0.000000,3.000000,0.000000,30.000000,0.000000,75.000000,0.000000,5.000000,1.000000,1.000000,0.000000,0.000000,1.000000,0.000000,0.964474,0.200613,0.217202,28.361516,0.609736,0.406491,0.662500,0.018130,,7.000000,True,False,False,,,,2847,-,0.000000,
30.000000,4.000000,42.000000,0.000000,4.000000,0.000000,30.000000,0.000000,83.000000,0.000000,5.000000,1.000000,1.000000,0.000000,0.000000,1.000000,0.000000,0.904308,0.198368,0.214699,28.453747,0.564303,0.376202,0.625000,-0.092231,,7.000000,True,False,False,,,,2848,-,0.000000,
28.000000,7.000000,42.000000,0.000000,3.000000,0.000000,28.000000,0.000000,73.000000,0.000000,5.000000,1.000000,1.000000,0.000000,0.000000,1.000000,0.000000,0.910483,0.071385,0.166270,28.460095,0.627962,0.418641,0.662500,-0.006348,,6.000000,True,False,False,,,,2849,-,0.000000,
26.000000,9.000000,42.000000,0.000000,3.000000,0.000000,26.000000,0.000000,76.000000,0.000000,5.000000,1.000000,1.000000,0.000000,0.000000,1.000000,0.000000,0.817772,0.046337,0.209534,28.577497,0.648751,0.432501,0.687500,-0.117402,,7.000000,True,False,False,,,,2850,-,0.000000,
26.000000,9.000000,41.000000,0.000000,4.000000,0.000000,26.000000,0.000000,74.000000,0.000000,5.000000,1.000000,1.000000,0.000000,0.000000,1.000000,0.000000,0.845573,0.092527,0.226330,28.645056,0.643967,0.429311,0.700000,-0.067560,,7.000000,True,False,False,,,,2851,-,0.000000,
24.000000,10.000000,40.000000,0.000000,6.000000,0.000000,24.000000,0.000000,66.000000,0.000000,5.000000,1.000000,1.000000,0.000000,0.000000,1.000000,0.000000,0.901790,0.060298,0.161940,28.693013,0.673933,0.449289,0.712500,-0.047956,,7.000000,True,False,False,,,,2852,-,0.000000,
24.000000,9.000000,41.000000,0.000000,6.000000,0.000000,24.000000,0.000000,74.000000,0.000000,5.000000,1.000000,1.000000,0.000000,0.000000,1.000000,0.000000,0.911908,0.189188,0.239510,28.696448,0.655530,0.437020,0.725000,-0.003436,,7.000000,True,False,False,,,,2853,-,0.000000,
22.000000,9.000000,42.000000,0.000000,7.000000,0.000000,22.000000,0.000000,67.000000,0.000000,5.000000,1.000000,1.000000,0.000000,0.000000,1.000000,0.000000,0.851252,0.145840,0.256053,28.753059,0.667380,0.444920,0.737500,-0.056611,,7.000000,True,False,False,,,,2854,-,0.000000,
24.000000,8.000000,40.000000,0.000000,8.000000,0.000000,24.000000,0.000000,77.000000,0.000000,5.000000,1.000000,1.000000,0.000000,0.000000,1.000000,0.000000,0.823084,0.159773,0.292803,28.798036,0.671332,0.447555,0.750000,-0.044976,,7.000000,True,False,False,,,,2855,-,0.000000,
26.000000,8.000000,38.000000,0.000000,8.000000,0.000000,26.000000,0.000000,77.000000,0.000000,5.000000,1.000000,1.000000,0.000000,0.000000,1.000000,0.000000,0.843441,0.053655,0.237316,28.876598,0.660963,0.440642,0.712500,-0.078562,,3.000000,True,False,False,,,,2856,-,0.000000,
26.000000,9.000000,38.000000,0.000000,7.000000,0.000000,26.000000,0.000000,75.000000,0.000000,5.000000,1.000000,1.000000,0.000000,0.000000,1.000000,0.000000,0.951408,0.139115,0.198621,28.812464,0.660868,0.440579,0.712500,0.064134,,4.000000,True,False,False,,,,2857,-,0.000000,
26.000000,10.000000,39.000000,0.000000,5.000000,0.000000,26.000000,0.000000,74.000000,0.000000,5.000000,1.000000,1.000000,0.000000,0.000000,1.000000,0.000000,0.929056,0.193330,0.217720,28.813690,0.659935,0.439957,0.712500,-0.001226,,5.000000,True,False,False,,,,2858,-,0.000000,
25.000000,10.000000,41.000000,0.000000,4.000000,0.000000,25.000000,0.000000,77.000000,0.000000,5.000000,1.000000,1.000000,0.000000,0.000000,1.000000,0.000000,0.908207,0.259306,0.266431,28.794012,0.650974,0.433983,0.725000,0.019678,,6.000000,True,False,False,,,,2859,-,0.000000,
25.000000,9.000000,43.000000,0.000000,3.000000,0.000000,25.000000,0.000000,72.000000,0.000000,5.000000,1.000000,1.000000,0.000000,0.000000,1.000000,0.000000,0.827178,0.116839,0.230371,28.821300,0.652409,0.434939,0.700000,-0.027289,,7.000000,True,False,False,,,,2860,-,0.000000,
25.000000,9.000000,43.000000,0.000000,3.000000,0.000000,25.000000,0.000000,71.000000,0.000000,5.000000,1.000000,1.000000,0.000000,0.000000,1.000000,0.000000,0.889320,0.120386,0.184915,28.828312,0.656903,0.437935,0.712500,-0.007012,,7.000000,True,False,False,,,,2861,-,0.000000,
27.000000,6.000000,45.000000,0.000000,2.000000,0.000000,27.000000,0.000000,76.000000,0.000000,5.000000,1.000000,1.000000,0.000000,0.000000,1.000000,0.000000,0.908992,0.161126,0.214426,28.841832,0.655689,0.437126,0.700000,-0.013520,,6.000000,True,False,False,,,,2862,-,0.000000,
26.000000,6.000000,46.000000,0.000000,2.000000,0.000000,26.000000,0.000000,68.000000,0.000000,5.000000,1.000000,1.000000,0.000000,0.000000,1.000000,0.000000,0.905161,0.157576,0.207948,28.871461,0.620613,0.413742,0.675000,-0.029629,,7.000000,True,False,False,,,,2863,-,0.000000,
24.000000,7.000000,45.000000,0.000000,4.000000,0.000000,24.000000,0.000000,76.000000,0.000000,5.000000,1.000000,1.000000,0.000000,0.000000,1.000000,0.000000,0.914512,0.195636,0.257477,28.904567,0.622902,0.415268,0.700000,-0.033107,,6.000000,True,False,False,,,,2864,-,0.000000,
22.000000,9.000000,45.000000,0.000000,4.000000,0.000000,22.000000,0.000000,74.000000,0.000000,5.000000,1.000000,1.000000,0.000000,0.000000,1.000000,0.000000,0.942397,0.184067,0.214523,28.878110,0.681578,0.454385,0.737500,0.026457,,7.000000,True,False,False,,,,2865,-,0.000000,
21.000000,8.000000,46.000000,0.000000,5.000000,0.000000,21.000000,0.000000,71.000000,0.000000,5.000000,1.000000,1.000000,0.000000,0.000000,1.000000,0.000000,0.930702,0.173423,0.217501,28.868489,0.684591,0.456394,0.737500,0.009622,,7.000000,True,False,False,,,,2866,-,0.000000,
22.000000,6.000000,47.000000,0.000000,5.000000,0.000000,22.000000,0.000000,70.000000,0.000000,5.000000,1.000000,1.000000,0.000000,0.000000,1.000000,0.000000,0.956660,0.307181,0.294645,28.809898,0.663032,0.442021,0.737500,0.058591,,7.000000,True,False,False,,,,2867,-,0.000000,
25.000000,5.000000,46.000000,0.000000,4.000000,0.000000,25.000000,0.000000,71.000000,0.000000,5.000000,1.000000,1.000000,0.000000,0.000000,1.000000,0.000000,0.976826,0.178124,0.227528,28.738911,0.676358,0.450905,0.725000,0.070987,,7.000000,True,False,False,,,,2868,-,0.000000,
24.000000,5.000000,46.000000,0.000000,5.000000,0.000000,24.000000,0.000000,66.000000,0.000000,5.000000,1.000000,1.000000,0.000000,0.000000,1.000000,0.000000,0.936902,0.284414,0.289162,28.677592,0.659248,0.439499,0.725000,0.061318,,6.000000,True,False,False,,,,2869,-,0.000000,
25.000000,5.000000,46.000000,0.000000,4.000000,0.000000,25.000000,0.000000,74.000000,0.000000,5.000000,1.000000,1.000000,0.000000,0.000000,1.000000,0.000000,0.913912,0.231313,0.290044,28.708303,0.623691,0.415794,0.700000,-0.030710,,6.000000,True,False,False,,,,2870,-,0.000000,
26.000000,3.000000,48.000000,0.000000,3.000000,0.000000,26.000000,0.000000,69.000000,0.000000,5.000000,1.000000,1.000000,0.000000,0.000000,1.000000,0.000000,0.916202,0.203813,0.278251,28.721963,0.631599,0.421066,0.700000,-0.013660,,7.000000,True,False,False,,,,2871,-,0.000000,
23.000000,6.000000,47.000000,0.000000,4.000000,0.000000,23.000000,0.000000,68.000000,0.000000,5.000000,1.000000,1.000000,0.000000,0.000000,1.000000,0.000000,0.894296,0.152819,0.224971,28.749099,0.640800,0.427200,0.712500,-0.027136,,7.000000,True,False,False,,,,2872,-,0.000000,
23.000000,6.000000,47.000000,0.000000,4.000000,0.000000,23.000000,0.000000,70.000000,0.000000,5.000000,1.000000,1.000000,0.000000,0.000000,1.000000,0.000000,0.767116,0.113558,0.281289,28.849123,0.660897,0.440598,0.737500,-0.100024,,7.000000,True,False,False,,,,2873,-,0.000000,
24.000000,6.000000,46.000000,0.000000,4.000000,0.000000,24.000000,0.000000,70.000000,0.000000,5.000000,1.000000,1.000000,0.000000,0.000000,1.000000,0.000000,0.822770,0.138489,0.247653,28.903407,0.688263,0.458842,0.750000,-0.054284,,4.000000,True,False,False,,,,2874,-,0.000000,
25.000000,6.000000,46.000000,0.000000,3.000000,0.000000,25.000000,0.000000,67.000000,0.000000,5.000000,1.000000,1.000000,0.000000,0.000000,1.000000,0.000000,0.852269,0.119024,0.210851,28.928913,0.676014,0.450676,0.725000,-0.025507,,5.000000,True,False,False,,,,2875,-,0.000000,
24.000000,5.000000,49.000000,0.000000,2.000000,0.000000,24.000000,0.000000,70.000000,0.000000,5.000000,1.000000,1.000000,0.000000,0.000000,1.000000,0.000000,0.924834,0.207514,0.239982,28.849969,0.678985,0.452657,0.737500,0.078945,,6.000000,True,False,False,,,,2876,-,0.000000,
22.000000,6.000000,50.000000,0.000000,2.000000,0.000000,22.000000,0.000000,69.000000,0.000000,5.000000,1.000000,1.000000,0.000000,0.000000,1.000000,0.000000,0.920571,0.239194,0.228728,28.824226,0.658118,0.438745,0.725000,0.025743,,7.000000,True,False,False,,,,2877,-,0.000000,
21.000000,7.000000,50.000000,0.000000,2.000000,0.000000,21.000000,0.000000,76.000000,0.000000,5.000000,1.000000,1.000000,0.000000,0.000000,1.000000,0.000000,0.942852,0.263415,0.244663,28.749177,0.672204,0.448136,0.762500,0.075048,,7.000000,True,False,False,,,,2878,-,0.000000,
21.000000,7.000000,49.000000,0.000000,3.000000,0.000000,21.000000,0.000000,76.000000,0.000000,5.000000,1.000000,1.000000,0.000000,0.000000,1.000000,0.000000,0.916932,0.246781,0.227707,28.657050,0.671445,0.447630,0.737500,0.092128,,7.000000,True,False,False,,,,2879,-,0.000000,
19.000000,9.000000,47.000000,0.000000,5.000000,0.000000,19.000000,0.000000,76.000000,0.000000,5.000000,1.000000,1.000000,0.000000,0.000000,1.000000,0.000000,0.908404,0.231906,0.230930,28.543425,0.687032,0.458022,0.762500,0.113625,,7.000000,True,False,False,,,,2880,-,0.000000,
20.000000,8.000000,47.000000,0.000000,5.000000,0.000000,20.000000,0.000000,75.000000,0.000000,5.000000,1.000000,1.000000,0.000000,0.000000,1.000000,0.000000,0.923435,0.131087,0.194768,28.512799,0.710704,0.473803,0.762500,0.030626,,7.000000,True,False,False,,,,2881,-,0.000000,
21.000000,7.000000,45.000000,0.000000,7.000000,0.000000,21.000000,0.000000,78.000000,0.000000,5.000000,1.000000,1.000000,0.000000,0.000000,1.000000,0.000000,0.974317,0.196636,0.231296,28.480259,0.677588,0.451726,0.750000,0.032539,,7.000000,True,False,False,,,,2882,-,0.000000,
20.000000,9.000000,44.000000,0.000000,7.000000,0.000000,20.000000,0.000000,77.000000,0.000000,5.000000,1.000000,1.000000,0.000000,0.000000,1.000000,0.000000,0.957955,0.160692,0.177442,28.436364,0.714665,0.476443,0.762500,0.043896,,7.000000,True,False,False,,,,2883,-,0.000000,
21.000000,9.000000,43.000000,0.000000,7.000000,0.000000,21.000000,0.000000,76.000000,0.000000,5.000000,1.000000,1.000000,0.000000,0.000000,1.000000,0.000000,0.960141,0.183351,0.223618,28.409491,0.685742,0.457162,0.750000,0.026873,,6.000000,True,False,False,,,,2884,-,0.000000,
23.000000,7.000000,45.000000,0.000000,5.000000,0.000000,23.000000,0.000000,71.000000,0.000000,5.000000,1.000000,1.000000,0.000000,0.000000,1.000000,0.000000,0.889287,0.130678,0.186376,28.427783,0.690780,0.460520,0.737500,-0.018292,,7.000000,True,False,False,,,,2885,-,0.000000,
24.000000,7.000000,43.000000,0.000000,6.000000,0.000000,24.000000,0.000000,72.000000,0.000000,5.000000,1.000000,1.000000,0.000000,0.000000,1.000000,0.000000,0.884822,0.102788,0.196453,28.481795,0.654228,0.436152,0.712500,-0.054012,,7.000000,True,False,False,,,,2886,-,0.000000,
25.000000,4.000000,43.000000,0.000000,8.000000,0.000000,25.000000,0.000000,72.000000,0.000000,5.000000,1.000000,1.000000,0.000000,0.000000,1.000000,0.000000,0.912358,0.283363,0.335002,28.491655,0.615351,0.410234,0.700000,-0.009860,,7.000000,True,False,False,,,,2887,-,0.000000,
26.000000,3.000000,44.000000,0.000000,7.000000,0.000000,26.000000,0.000000,72.000000,0.000000,5.000000,1.000000,1.000000,0.000000,0.000000,1.000000,0.000000,0.857513,0.187074,0.282172,28.525659,0.617153,0.411435,0.700000,-0.034004,,7.000000,True,False,False,,,,2888,-,0.000000,
22.000000,7.000000,44.000000,0.000000,7.000000,0.000000,22.000000,0.000000,77.000000,0.000000,5.000000,1.000000,1.000000,0.000000,0.000000,1.000000,0.000000,0.936300,0.264941,0.277435,28.533442,0.642991,0.428660,0.737500,-0.007783,,7.000000,True,False,False,,,,2889,-,0.000000,
23.000000,6.000000,45.000000,0.000000,6.000000,0.000000,23.000000,0.000000,80.000000,0.000000,5.000000,1.000000,1.000000,0.000000,0.000000,1.000000,0.000000,0.908547,0.195489,0.259346,28.551414,0.648797,0.432531,0.725000,-0.017972,,7.000000,True,False,False,,,,2890,-,0.000000,
23.000000,8.000000,43.000000,0.000000,6.000000,0.000000,23.000000,0.000000,78.000000,0.000000,5.000000,1.000000,1.000000,0.000000,0.000000,1.000000,0.000000,0.915387,0.255499,0.220363,28.506031,0.667386,0.444924,0.737500,0.045383,,6.000000,True,False,False,,,,2891,-,0.000000,
25.000000,8.000000,43.000000,0.000000,4.000000,0.000000,25.000000,0.000000,85.000000,0.000000,5.000000,1.000000,1.000000,0.000000,0.000000,1.000000,0.000000,0.873860,0.269661,0.264276,28.428384,0.647729,0.431819,0.712500,0.077647,,7.000000,True,False,False,,,,2892,-,0.000000,
27.000000,7.000000,43.000000,0.000000,3.000000,0.000000,27.000000,0.000000,80.000000,0.000000,5.000000,1.000000,1.000000,0.000000,0.000000,1.000000,0.000000,0.874543,0.317491,0.250987,28.295650,0.628162,0.418775,0.687500,0.132735,,4.000000,True,False,False,,,,2893,-,0.000000,
27.000000,6.000000,45.000000,0.000000,2.000000,0.000000,27.000000,0.000000,82.000000,0.000000,5.000000,1.000000,1.000000,0.000000,0.000000,1.000000,0.000000,0.939658,0.180983,0.215321,28.287135,0.618621,0.412414,0.675000,0.008515,,5.000000,True,False,False,,,,2894,-,0.000000,
23.000000,9.000000,46.000000,0.000000,2.000000,0.000000,23.000000,0.000000,78.000000,0.000000,5.000000,1.000000,1.000000,0.000000,0.000000,1.000000,0.000000,0.889815,0.254861,0.213209,28.181175,0.673609,0.449072,0.737500,0.105960,,6.000000,True,False,False,,,,2895,-,0.000000,
22.000000,10.000000,47.000000,0.000000,1.000000,0.000000,22.000000,0.000000,78.000000,0.000000,5.000000,1.000000,1.000000,0.000000,0.000000,1.000000,0.000000,0.946434,0.151559,0.195123,28.131580,0.681471,0.454314,0.737500,0.049595,,7.000000,True,False,False,,,,2896,-,0.000000,
23.000000,9.000000,46.000000,0.000000,2.000000,0.000000,23.000000,0.000000,82.000000,0.000000,5.000000,1.000000,1.000000,0.000000,0.000000,1.000000,0.000000,0.950723,0.230269,0.200885,28.040744,0.684881,0.456587,0.737500,0.090836,,7.000000,True,False,False,,,,2897,-,0.000000,
23.000000,8.000000,46.000000,0.000000,3.000000,0.000000,23.000000,0.000000,78.000000,0.000000,5.000000,1.000000,1.000000,0.000000,0.000000,1.000000,0.000000,0.971708,0.053814,0.126779,28.048603,0.680947,0.453965,0.712500,-0.007859,,7.000000,True,False,False,,,,2898,-,0.000000,
22.000000,8.000000,46.000000,0.000000,4.000000,0.000000,22.000000,0.000000,83.000000,0.000000,5.000000,1.000000,1.000000,0.000000,0.000000,1.000000,0.000000,0.897109,0.166619,0.206739,28.108762,0.663634,0.442423,0.725000,-0.060159,,7.000000,True,False,False,,,,2899,-,0.000000,
20.000000,7.000000,48.000000,0.000000,5.000000,0.000000,20.000000,0.000000,74.000000,0.000000,5.000000,1.000000,1.000000,0.000000,0.000000,1.000000,0.000000,0.907990,0.076886,0.171234,28.148133,0.698687,0.465791,0.750000,-0.039371,,7.000000,True,False,False,,,,2900,-,0.000000,
21.000000,7.000000,45.000000,0.000000,7.000000,0.000000,21.000000,0.000000,82.000000,0.000000,5.000000,1.000000,1.000000,0.000000,0.000000,1.000000,0.000000,0.874826,0.180199,0.258539,28.211333,0.700281,0.466854,0.762500,-0.063200,,7.000000,True,False,False,,,,2901,-,0.000000,
22.000000,5.000000,46.000000,0.000000,7.000000,0.000000,22.000000,0.000000,78.000000,0.000000,5.000000,1.000000,1.000000,0.000000,0.000000,1.000000,0.000000,0.790547,0.092076,0.271164,28.336454,0.695115,0.463410,0.750000,-0.125121,,6.000000,True,False,False,,,,2902,-,0.000000,
20.000000,6.000000,47.000000,0.000000,7.000000,0.000000,20.000000,0.000000,80.000000,0.000000,5.000000,1.000000,1.000000,0.000000,0.000000,1.000000,0.000000,0.759795,0.080708,0.264039,28.403665,0.702064,0.468043,0.750000,-0.067211,,7.000000,True,False,False,,,,2903,-,0.000000,
21.000000,5.000000,47.000000,0.000000,7.000000,0.000000,21.000000,0.000000,84.000000,0.000000,5.000000,1.000000,1.000000,0.000000,0.000000,1.000000,0.000000,0.775232,0.144347,0.296047,28.530646,0.683162,0.455441,0.750000,-0.126981,,7.000000,True,False,False,,,,2904,-,0.000000,
23.000000,5.000000,46.000000,0.000000,6.000000,0.000000,23.000000,0.000000,88.000000,0.000000,5.000000,1.000000,1.000000,0.000000,0.000000,1.000000,0.000000,0.904295,0.152984,0.246909,28.553630,0.683181,0.455454,0.737500,-0.022984,,7.000000,True,False,False,,,,2905,-,0.000000,
24.000000,3.000000,47.000000,0.000000,6.000000,0.000000,24.000000,0.000000,87.000000,0.000000,5.000000,1.000000,1.000000,0.000000,0.000000,1.000000,0.000000,0.757532,0.057044,0.283711,28.700927,0.666294,0.444196,0.712500,-0.147297,,7.000000,True,False,False,,,,2906,-,0.000000,
27.000000,2.000000,45.000000,0.000000,6.000000,0.000000,27.000000,0.000000,84.000000,0.000000,5.000000,1.000000,1.000000,0.000000,0.000000,1.000000,0.000000,0.920491,0.253732,0.302045,28.688440,0.626298,0.417532,0.700000,0.012486,,7.000000,True,False,False,,,,2907,-,0.000000,
28.000000,3.000000,44.000000,0.000000,5.000000,0.000000,28.000000,0.000000,92.000000,0.000000,5.000000,1.000000,1.000000,0.000000,0.000000,1.000000,0.000000,0.920603,0.247204,0.273733,28.666297,0.613615,0.409077,0.687500,0.022143,,3.000000,True,False,False,,,,2908,-,0.000000,
25.000000,6.000000,45.000000,0.000000,4.000000,0.000000,25.000000,0.000000,92.000000,0.000000,5.000000,1.000000,1.000000,0.000000,0.000000,1.000000,0.000000,0.962741,0.257237,0.238479,28.643621,0.636115,0.424077,0.712500,0.022677,,4.000000,True,False,False,,,,2909,-,0.000000,
24.000000,8.000000,45.000000,0.000000,3.000000,0.000000,24.000000,0.000000,86.000000,0.000000,5.000000,1.000000,1.000000,0.000000,0.000000,1.000000,0.000000,0.955225,0.115204,0.147575,28.603154,0.679136,0.452757,0.712500,0.040467,,5.000000,True,False,False,,,,2910,-,0.000000,
22.000000,10.000000,45.000000,0.000000,3.000000,0.000000,22.000000,0.000000,85.000000,0.000000,5.000000,1.000000,1.000000,0.000000,0.000000,1.000000,0.000000,0.917188,0.126439,0.142034,28.575461,0.681177,0.454118,0.725000,0.027693,,6.000000,True,False,False,,,,2911,-,0.000000,
22.000000,11.000000,45.000000,0.000000,2.000000,0.000000,22.000000,0.000000,77.000000,0.000000,5.000000,1.000000,1.000000,0.000000,0.000000,1.000000,0.000000,0.840106,0.178181,0.233028,28.497552,0.703421,0.468947,0.737500,0.077909,,7.000000,True,False,False,,,,2912,-,0.000000,
22.000000,12.000000,44.000000,0.000000,2.000000,0.000000,22.000000,0.000000,82.000000,0.000000,5.000000,1.000000,1.000000,0.000000,0.000000,1.000000,0.000000,0.865087,0.133286,0.228669,28.462699,0.711802,0.474535,0.762500,0.034853,,6.000000,True,False,False,,,,2913,-,0.000000,
21.000000,11.000000,47.000000,0.000000,1.000000,0.000000,21.000000,0.000000,75.000000,0.000000,5.000000,1.000000,1.000000,0.000000,0.000000,1.000000,0.000000,0.935410,0.100935,0.179781,28.457776,0.723256,0.482170,0.750000,0.004924,,7.000000,True,False,False,,,,2914,-,0.000000,
20.000000,10.000000,45.000000,0.000000,5.000000,0.000000,20.000000,0.000000,77.000000,0.000000,5.000000,1.000000,1.000000,0.000000,0.000000,1.000000,0.000000,0.926280,0.048491,0.181573,28.477016,0.700838,0.467225,0.750000,-0.019240,,7.000000,True,False,False,,,,2915,-,0.000000,
20.000000,8.000000,46.000000,0.000000,6.000000,0.000000,20.000000,0.000000,77.000000,0.000000,5.000000,1.000000,1.000000,0.000000,0.000000,1.000000,0.000000,0.961241,0.101287,0.172479,28.487602,0.705934,0.470623,0.762500,-0.010587,,7.000000,True,False,False,,,,2916,-,0.000000,
20.000000,7.000000,45.000000,0.000000,8.000000,0.000000,20.000000,0.000000,79.000000,0.000000,5.000000,1.000000,1.000000,0.000000,0.000000,1.000000,0.000000,0.848654,0.119262,0.239743,28.587162,0.694818,0.463212,0.762500,-0.099559,,7.000000,True,False,False,,,,2917,-,0.000000,
19.000000,8.000000,45.000000,0.000000,8.000000,0.000000,19.000000,0.000000,79.000000,0.000000,5.000000,1.000000,1.000000,0.000000,0.000000,1.000000,0.000000,0.925097,0.133969,0.239870,28.633567,0.708795,0.472530,0.775000,-0.046405,,7.000000,True,False,False,,,,2918,-,0.000000,
20.000000,7.000000,44.000000,0.000000,9.000000,0.000000,20.000000,0.000000,79.000000,0.000000,5.000000,1.000000,1.000000,0.000000,0.000000,1.000000,0.000000,0.859378,0.089196,0.185035,28.698930,0.709853,0.473235,0.762500,-0.065364,,7.000000,True,False,False,,,,2919,-,0.000000,
19.000000,6.000000,44.000000,0.000000,11.000000,0.000000,19.000000,0.000000,79.000000,0.000000,5.000000,1.000000,1.000000,0.000000,0.000000,1.000000,0.000000,0.852574,0.077127,0.212412,28.752707,0.707615,0.471743,0.775000,-0.053777,,7.000000,True,False,False,,,,2920,-,0.000000,
21.000000,5.000000,42.000000,0.000000,12.000000,0.000000,21.000000,0.000000,77.000000,0.000000,5.000000,1.000000,1.000000,0.000000,0.000000,1.000000,0.000000,0.901360,0.112081,0.197939,28.721249,0.704407,0.469605,0.762500,0.031458,,7.000000,True,False,False,,,,2921,-,0.000000,
25.000000,6.000000,38.000000,0.000000,11.000000,0.000000,25.000000,0.000000,76.000000,0.000000,5.000000,1.000000,1.000000,0.000000,0.000000,1.000000,0.000000,0.834391,0.163048,0.303590,28.729964,0.685341,0.456894,0.750000,-0.008715,,7.000000,True,False,False,,,,2922,-,0.000000,
26.000000,6.000000,37.000000,0.000000,11.000000,0.000000,26.000000,0.000000,80.000000,0.000000,5.000000,1.000000,1.000000,0.000000,0.000000,1.000000,0.000000,0.818992,0.214624,0.282981,28.665111,0.620306,0.413538,0.687500,0.064853,,5.000000,True,False,False,,,,2923,-,0.000000,
25.000000,7.000000,38.000000,0.000000,10.000000,0.000000,25.000000,0.000000,79.000000,0.000000,5.000000,1.000000,1.000000,0.000000,0.000000,1.000000,0.000000,0.924797,0.166250,0.213397,28.672643,0.632588,0.421725,0.700000,-0.007532,,6.000000,True,False,False,,,,2924,-,0.000000,
26.000000,9.000000,39.000000,0.000000,6.000000,0.000000,26.000000,0.000000,79.000000,0.000000,5.000000,1.000000,1.000000,0.000000,0.000000,1.000000,0.000000,0.867410,0.171835,0.230596,28.575013,0.675792,0.450528,0.725000,0.097630,,7.000000,True,False,False,,,,2925,-,0.000000,
27.000000,7.000000,40.000000,0.000000,6.000000,0.000000,27.000000,0.000000,82.000000,0.000000,5.000000,1.000000,1.000000,0.000000,0.000000,1.000000,0.000000,0.961318,0.195253,0.184624,28.529092,0.616442,0.410961,0.675000,0.045921,,7.000000,True,False,False,,,,2926,-,0.000000,
24.000000,8.000000,40.000000,0.000000,8.000000,0.000000,24.000000,0.000000,81.000000,0.000000,5.000000,1.000000,1.000000,0.000000,0.000000,1.000000,0.000000,0.851373,0.212001,0.228159,28.440117,0.640826,0.427218,0.700000,0.088975,,7.000000,True,False,False,,,,2927,-,0.000000,
22.000000,10.000000,40.000000,0.000000,8.000000,0.000000,22.000000,0.000000,82.000000,0.000000,5.000000,1.000000,1.000000,0.000000,0.000000,1.000000,0.000000,0.813852,0.360007,0.282001,28.286636,0.654565,0.436377,0.725000,0.153481,,5.000000,True,False,False,,,,2928,-,0.000000,
26.000000,8.000000,42.000000,0.000000,4.000000,0.000000,26.000000,0.000000,78.000000,0.000000,5.000000,1.000000,1.000000,0.000000,0.000000,1.000000,0.000000,0.908419,0.239144,0.181921,28.217127,0.685392,0.456928,0.725000,0.069509,,6.000000,True,False,False,,,,2929,-,0.000000,
26.000000,9.000000,43.000000,0.000000,2.000000,0.000000,26.000000,0.000000,70.000000,0.000000,5.000000,1.000000,1.000000,0.000000,0.000000,1.000000,0.000000,0.830354,0.288084,0.230835,28.095350,0.693021,0.462014,0.737500,0.121777,,7.000000,True,False,False,,,,2930,-,0.000000,
27.000000,8.000000,43.000000,0.000000,2.000000,0.000000,27.000000,0.000000,76.000000,0.000000,5.000000,1.000000,1.000000,0.000000,0.000000,1.000000,0.000000,0.878504,0.273519,0.212455,28.091998,0.641205,0.427470,0.700000,0.003352,,7.000000,True,False,False,,,,2931,-,0.000000,
24.000000,12.000000,42.000000,0.000000,2.000000,0.000000,24.000000,0.000000,72.000000,0.000000,5.000000,1.000000,1.000000,0.000000,0.000000,1.000000,0.000000,0.889738,0.197717,0.180351,28.088190,0.676700,0.451133,0.725000,0.003809,,7.000000,True,False,False,,,,2932,-,0.000000,
24.000000,9.000000,44.000000,0.000000,3.000000,0.000000,24.000000,0.000000,79.000000,0.000000,5.000000,1.000000,1.000000,0.000000,0.000000,1.000000,0.000000,0.981974,0.176825,0.171034,28.098885,0.642528,0.428352,0.700000,-0.010696,,7.000000,True,False,False,,,,2933,-,0.000000,
24.000000,8.000000,42.000000,0.000000,6.000000,0.000000,24.000000,0.000000,75.000000,0.000000,5.000000,1.000000,1.000000,0.000000,0.000000,1.000000,0.000000,0.858812,0.176038,0.272970,28.207076,0.648446,0.432298,0.712500,-0.108191,,7.000000,True,False,False,,,,2934,-,0.000000,
25.000000,8.000000,41.000000,0.000000,6.000000,0.000000,25.000000,0.000000,78.000000,0.000000,5.000000,1.000000,1.000000,0.000000,0.000000,1.000000,0.000000,0.858971,0.148524,0.226135,28.358528,0.639391,0.426261,0.712500,-0.151452,,7.000000,True,False,False,,,,2935,-,0.000000,
26.000000,7.000000,41.000000,0.000000,6.000000,0.000000,26.000000,0.000000,72.000000,0.000000,5.000000,1.000000,1.000000,0.000000,0.000000,1.000000,0.000000,0.822912,0.164818,0.294313,28.476456,0.617040,0.411360,0.687500,-0.117928,,7.000000,True,False,False,,,,2936,-,0.000000,
25.000000,6.000000,41.000000,0.000000,8.000000,0.000000,25.000000,0.000000,77.000000,0.000000,5.000000,1.000000,1.000000,0.000000,0.000000,1.000000,0.000000,0.945128,0.227479,0.254028,28.504360,0.610605,0.407070,0.700000,-0.027904,,7.000000,True,False,False,,,,2937,-,0.000000,
23.000000,8.000000,41.000000,0.000000,8.000000,0.000000,23.000000,0.000000,81.000000,0.000000,5.000000,1.000000,1.000000,0.000000,0.000000,1.000000,0.000000,0.951373,0.239970,0.272086,28.549585,0.646680,0.431120,0.725000,-0.045225,,6.000000,True,False,False,,,,2938,-,0.000000,
24.000000,6.000000,43.000000,0.000000,7.000000,0.000000,24.000000,0.000000,87.000000,0.000000,5.000000,1.000000,1.000000,0.000000,0.000000,1.000000,0.000000,0.953575,0.213988,0.209009,28.553109,0.650371,0.433581,0.712500,-0.003524,,7.000000,True,False,False,,,,2939,-,0.000000,
26.000000,6.000000,41.000000,0.000000,7.000000,0.000000,26.000000,0.000000,75.000000,0.000000,5.000000,1.000000,1.000000,0.000000,0.000000,1.000000,0.000000,0.971776,0.218576,0.219066,28.527572,0.657130,0.438087,0.712500,0.025537,,7.000000,True,False,False,,,,2940,-,0.000000,
27.000000,6.000000,41.000000,0.000000,6.000000,0.000000,27.000000,0.000000,87.000000,0.000000,5.000000,1.000000,1.000000,0.000000,0.000000,1.000000,0.000000,0.953771,0.306134,0.265603,28.473671,0.626856,0.417904,0.700000,0.053901,,5.000000,True,False,False,,,,2941,-,0.000000,
27.000000,4.000000,44.000000,0.000000,5.000000,0.000000,27.000000,0.000000,81.000000,0.000000,5.000000,1.000000,1.000000,0.000000,0.000000,1.000000,0.000000,0.919591,0.302032,0.249790,28.368622,0.628786,0.419191,0.687500,0.105049,,6.000000,True,False,False,,,,2942,-,0.000000,
26.000000,5.000000,44.000000,0.000000,5.000000,0.000000,26.000000,0.000000,86.000000,0.000000,5.000000,1.000000,1.000000,0.000000,0.000000,1.000000,0.000000,0.960178,0.269347,0.250563,28.303100,0.623201,0.415467,0.687500,0.065522,,6.000000,True,False,False,,,,2943,-,0.000000,
25.000000,8.000000,44.000000,0.000000,3.000000,0.000000,25.000000,0.000000,91.000000,0.000000,5.000000,1.000000,1.000000,0.000000,0.000000,1.000000,0.000000,0.916818,0.280457,0.227577,28.197793,0.655170,0.436780,0.725000,0.105307,,7.000000,True,False,False,,,,2944,-,0.000000,
25.000000,8.000000,43.000000,0.000000,4.000000,0.000000,25.000000,0.000000,79.000000,0.000000,5.000000,1.000000,1.000000,0.000000,0.000000,1.000000,0.000000,0.972577,0.093765,0.148975,28.142354,0.664779,0.443186,0.700000,0.055439,,6.000000,True,False,False,,,,2945,-,0.000000,
26.000000,9.000000,43.000000,0.000000,2.000000,0.000000,26.000000,0.000000,85.000000,0.000000,5.000000,1.000000,1.000000,0.000000,0.000000,1.000000,0.000000,0.917868,0.138040,0.200330,28.136812,0.648972,0.432648,0.700000,0.005543,,7.000000,True,False,False,,,,2946,-,0.000000,
26.000000,8.000000,40.000000,0.000000,6.000000,0.000000,26.000000,0.000000,76.000000,0.000000,5.000000,1.000000,1.000000,0.000000,0.000000,1.000000,0.000000,0.886989,0.189532,0.197112,28.026042,0.641473,0.427648,0.700000,0.110769,,6.000000,True,False,False,,,,2947,-,0.000000,
25.000000,9.000000,40.000000,0.000000,6.000000,0.000000,25.000000,0.000000,82.000000,0.000000,5.000000,1.000000,1.000000,0.000000,0.000000,1.000000,0.000000,0.901094,0.222917,0.232216,28.071884,0.625261,0.416841,0.687500,-0.045842,,7.000000,True,False,False,,,,2948,-,0.000000,
25.000000,8.000000,40.000000,0.000000,7.000000,0.000000,25.000000,0.000000,75.000000,0.000000,5.000000,1.000000,1.000000,0.000000,0.000000,1.000000,0.000000,0.896061,0.109729,0.181211,28.103325,0.633160,0.422107,0.700000,-0.031441,,7.000000,True,False,False,,,,2949,-,0.000000,
27.000000,7.000000,39.000000,0.000000,7.000000,0.000000,27.000000,0.000000,76.000000,0.000000,5.000000,1.000000,1.000000,0.000000,0.000000,1.000000,0.000000,0.951038,0.268428,0.250684,28.104228,0.615927,0.410618,0.687500,-0.000903,,5.000000,True,False,False,,,,2950,-,0.000000,
26.000000,7.000000,40.000000,0.000000,7.000000,0.000000,26.000000,0.000000,74.000000,0.000000,5.000000,1.000000,1.000000,0.000000,0.000000,1.000000,0.000000,0.892811,0.109786,0.199963,28.165729,0.617101,0.411401,0.687500,-0.061501,,6.000000,True,False,False,,,,2951,-,0.000000,
24.000000,9.000000,41.000000,0.000000,6.000000,0.000000,24.000000,0.000000,67.000000,0.000000,5.000000,1.000000,1.000000,0.000000,0.000000,1.000000,0.000000,0.872533,0.101860,0.202636,28.252296,0.651684,0.434456,0.712500,-0.086567,,7.000000,True,False,False,,,,2952,-,0.000000,
23.000000,8.000000,41.000000,0.000000,8.000000,0.000000,23.000000,0.000000,78.000000,0.000000,5.000000,1.000000,1.000000,0.000000,0.000000,1.000000,0.000000,0.860917,0.145284,0.225261,28.319662,0.655423,0.436949,0.737500,-0.067366,,5.000000,True,False,False,,,,2953,-,0.000000,
26.000000,7.000000,42.000000,0.000000,5.000000,0.000000,26.000000,0.000000,76.000000,0.000000,5.000000,1.000000,1.000000,0.000000,0.000000,1.000000,0.000000,0.871567,0.136112,0.249166,28.400922,0.658318,0.438879,0.725000,-0.081259,,6.000000,True,False,False,,,,2954,-,0.000000,
27.000000,6.000000,43.000000,0.000000,4.000000,0.000000,27.000000,0.000000,74.000000,0.000000,5.000000,1.000000,1.000000,0.000000,0.000000,1.000000,0.000000,0.902236,0.158804,0.226023,28.470598,0.615820,0.410547,0.687500,-0.069676,,7.000000,True,False,False,,,,2955,-,0.000000,
26.000000,5.000000,45.000000,0.000000,4.000000,0.000000,26.000000,0.000000,82.000000,0.000000,5.000000,1.000000,1.000000,0.000000,0.000000,1.000000,0.000000,0.885899,0.244735,0.248060,28.541871,0.602979,0.401986,0.687500,-0.071273,,7.000000,True,False,False,,,,2956,-,0.000000,
25.000000,7.000000,45.000000,0.000000,3.000000,0.000000,25.000000,0.000000,76.000000,0.000000,5.000000,1.000000,1.000000,0.000000,0.000000,1.000000,0.000000,0.910608,0.074507,0.131717,28.576963,0.682170,0.454780,0.725000,-0.035092,,7.000000,True,False,False,,,,2957,-,0.000000,
26.000000,6.000000,45.000000,0.000000,3.000000,0.000000,26.000000,0.000000,73.000000,0.000000,5.000000,1.000000,1.000000,0.000000,0.000000,1.000000,0.000000,0.877133,0.056261,0.182627,28.628113,0.623348,0.415565,0.687500,-0.051151,,7.000000,True,False,False,,,,2958,-,0.000000,
22.000000,10.000000,44.000000,0.000000,4.000000,0.000000,22.000000,0.000000,71.000000,0.000000,5.000000,1.000000,1.000000,0.000000,0.000000,1.000000,0.000000,0.888446,0.068476,0.195477,28.697842,0.666585,0.444390,0.737500,-0.069728,,7.000000,True,False,False,,,,2959,-,0.000000,
22.000000,11.000000,42.000000,0.000000,5.000000,0.000000,22.000000,0.000000,68.000000,0.000000,5.000000,1.000000,1.000000,0.000000,0.000000,1.000000,0.000000,0.852716,0.055832,0.162463,28.751885,0.688047,0.458698,0.762500,-0.054044,,6.000000,True,False,False,,,,2960,-,0.000000,
23.000000,11.000000,42.000000,0.000000,4.000000,0.000000,23.000000,0.000000,65.000000,0.000000,5.000000,1.000000,1.000000,0.000000,0.000000,1.000000,0.000000,0.739049,0.036836,0.281753,28.891240,0.656219,0.437479,0.737500,-0.139354,,7.000000,True,False,False,,,,2961,-,0.000000,
23.000000,9.000000,41.000000,0.000000,7.000000,0.000000,23.000000,0.000000,76.000000,0.000000,5.000000,1.000000,1.000000,0.000000,0.000000,1.000000,0.000000,0.802128,0.092812,0.220172,28.957988,0.629231,0.419488,0.725000,-0.066749,,6.000000,True,False,False,,,,2962,-,0.000000,
24.000000,9.000000,42.000000,0.000000,5.000000,0.000000,24.000000,0.000000,70.000000,0.000000,5.000000,1.000000,1.000000,0.000000,0.000000,1.000000,0.000000,0.814115,0.019169,0.213624,29.040396,0.664947,0.443298,0.737500,-0.082407,,7.000000,True,False,False,,,,2963,-,0.000000,
25.000000,6.000000,45.000000,0.000000,4.000000,0.000000,25.000000,0.000000,72.000000,0.000000,5.000000,1.000000,1.000000,0.000000,0.000000,1.000000,0.000000,0.863616,0.151931,0.186292,29.035327,0.635381,0.423587,0.712500,0.005069,,7.000000,True,False,False,,,,2964,-,0.000000,
24.000000,6.000000,45.000000,0.000000,5.000000,0.000000,24.000000,0.000000,67.000000,0.000000,5.000000,1.000000,1.000000,0.000000,0.000000,1.000000,0.000000,0.857383,0.160147,0.255112,29.082662,0.600986,0.400658,0.700000,-0.047336,,6.000000,True,False,False,,,,2965,-,0.000000,
23.000000,7.000000,46.000000,0.000000,4.000000,0.000000,23.000000,0.000000,72.000000,0.000000,5.000000,1.000000,1.000000,0.000000,0.000000,1.000000,0.000000,0.981210,0.214099,0.201239,29.071406,0.627982,0.418654,0.725000,0.011257,,7.000000,True,False,False,,,,2966,-,0.000000,
23.000000,6.000000,47.000000,0.000000,4.000000,0.000000,23.000000,0.000000,67.000000,0.000000,5.000000,1.000000,1.000000,0.000000,0.000000,1.000000,0.000000,0.969197,0.242657,0.240602,29.056910,0.647519,0.431679,0.725000,0.014496,,6.000000,True,False,False,,,,2967,-,0.000000,
21.000000,7.000000,48.000000,0.000000,4.000000,0.000000,21.000000,0.000000,72.000000,0.000000,5.000000,1.000000,1.000000,0.000000,0.000000,1.000000,0.000000,0.914808,0.325827,0.242726,29.002792,0.649236,0.432824,0.737500,0.054118,,7.000000,True,False,False,,,,2968,-,0.000000,
22.000000,6.000000,49.000000,0.000000,3.000000,0.000000,22.000000,0.000000,71.000000,0.000000,5.000000,1.000000,1.000000,0.000000,0.000000,1.000000,0.000000,0.956008,0.219663,0.229883,29.003641,0.682009,0.454672,0.750000,-0.000849,,7.000000,True,False,False,,,,2969,-,0.000000,
22.000000,6.000000,48.000000,0.000000,4.000000,0.000000,22.000000,0.000000,76.000000,0.000000,5.000000,1.000000,1.000000,0.000000,0.000000,1.000000,0.000000,0.876753,0.201747,0.196954,28.981042,0.654267,0.436178,0.725000,0.022599,,7.000000,True,False,False,,,,2970,-,0.000000,
20.000000,8.000000,47.000000,0.000000,5.000000,0.000000,20.000000,0.000000,72.000000,0.000000,5.000000,1.000000,1.000000,0.000000,0.000000,1.000000,0.000000,0.974756,0.182009,0.198081,28.953660,0.671454,0.447636,0.750000,0.027382,,7.000000,True,False,False,,,,2971,-,0.000000,
22.000000,6.000000,48.000000,0.000000,4.000000,0.000000,22.000000,0.000000,74.000000,0.000000,5.000000,1.000000,1.000000,0.000000,0.000000,1.000000,0.000000,0.970088,0.192485,0.194210,28.960071,0.684450,0.456300,0.762500,-0.006411,,6.000000,True,False,False,,,,2972,-,0.000000,
23.000000,6.000000,48.000000,0.000000,3.000000,0.000000,23.000000,0.000000,75.000000,0.000000,5.000000,1.000000,1.000000,0.000000,0.000000,1.000000,0.000000,0.975219,0.257428,0.253196,28.938301,0.682966,0.455311,0.750000,0.021770,,7.000000,True,False,False,,,,2973,-,0.000000,
22.000000,6.000000,46.000000,0.000000,6.000000,0.000000,22.000000,0.000000,80.000000,0.000000,5.000000,1.000000,1.000000,0.000000,0.000000,1.000000,0.000000,0.921171,0.244601,0.262356,28.943674,0.640647,0.427098,0.725000,-0.005373,,6.000000,True,False,False,,,,2974,-,0.000000,
19.000000,6.000000,49.000000,0.000000,6.000000,0.000000,19.000000,0.000000,63.000000,0.000000,5.000000,1.000000,1.000000,0.000000,0.000000,1.000000,0.000000,0.891135,0.117534,0.182844,28.981516,0.713377,0.475585,0.775000,-0.037843,,7.000000,True,False,False,,,,2975,-,0.000000,
19.000000,6.000000,50.000000,0.000000,5.000000,0.000000,19.000000,0.000000,77.000000,0.000000,5.000000,1.000000,1.000000,0.000000,0.000000,1.000000,0.000000,0.837028,0.153832,0.251059,29.088371,0.726056,0.484037,0.800000,-0.106855,,7.000000,True,False,False,,,,2976,-,0.000000,
20.000000,6.000000,49.000000,0.000000,5.000000,0.000000,20.000000,0.000000,75.000000,0.000000,5.000000,1.000000,1.000000,0.000000,0.000000,1.000000,0.000000,0.862455,0.105898,0.200253,29.187103,0.698723,0.465815,0.762500,-0.098732,,7.000000,True,False,False,,,,2977,-,0.000000,
22.000000,6.000000,48.000000,0.000000,4.000000,0.000000,22.000000,0.000000,77.000000,0.000000,5.000000,1.000000,1.000000,0.000000,0.000000,1.000000,0.000000,0.934373,0.113496,0.174427,29.230015,0.710200,0.473467,0.775000,-0.042912,,7.000000,True,False,False,,,,2978,-,0.000000,
22.000000,3.000000,50.000000,0.000000,5.000000,0.000000,22.000000,0.000000,77.000000,0.000000,5.000000,1.000000,1.000000,0.000000,0.000000,1.000000,0.000000,0.916345,0.031573,0.113330,29.271582,0.696127,0.464085,0.737500,-0.041567,,5.000000,True,False,False,,,,2979,-,0.000000,
24.000000,2.000000,51.000000,0.000000,3.000000,0.000000,24.000000,0.000000,69.000000,0.000000,5.000000,1.000000,1.000000,0.000000,0.000000,1.000000,0.000000,0.930680,0.138398,0.143520,29.213277,0.678006,0.452004,0.725000,0.058305,,6.000000,True,False,False,,,,2980,-,0.000000,
21.000000,5.000000,51.000000,0.000000,3.000000,0.000000,21.000000,0.000000,74.000000,0.000000,5.000000,1.000000,1.000000,0.000000,0.000000,1.000000,0.000000,0.948216,0.179615,0.179464,29.207173,0.681912,0.454608,0.750000,0.006104,,7.000000,True,False,False,,,,2981,-,0.000000,
19.000000,6.000000,52.000000,0.000000,3.000000,0.000000,19.000000,0.000000,70.000000,0.000000,5.000000,1.000000,1.000000,0.000000,0.000000,1.000000,0.000000,0.966566,0.141157,0.130178,29.167284,0.712422,0.474948,0.775000,0.039889,,7.000000,True,False,False,,,,2982,-,0.000000,
19.000000,6.000000,49.000000,0.000000,6.000000,0.000000,19.000000,0.000000,70.000000,0.000000,5.000000,1.000000,1.000000,0.000000,0.000000,1.000000,0.000000,0.910204,0.199377,0.186640,29.113381,0.714215,0.476144,0.775000,0.053903,,7.000000,True,False,False,,,,2983,-,0.000000,
21.000000,6.000000,44.000000,0.000000,9.000000,0.000000,21.000000,0.000000,72.000000,0.000000,5.000000,1.000000,1.000000,0.000000,0.000000,1.000000,0.000000,0.912237,0.270109,0.226978,29.061888,0.688078,0.458718,0.762500,0.051492,,7.000000,True,False,False,,,,2984,-,0.000000,
22.000000,4.000000,45.000000,0.000000,9.000000,0.000000,22.000000,0.000000,62.000000,0.000000,5.000000,1.000000,1.000000,0.000000,0.000000,1.000000,0.000000,0.950859,0.161359,0.208409,29.063349,0.663271,0.442180,0.737500,-0.001461,,7.000000,True,False,False,,,,2985,-,0.000000,
20.000000,6.000000,43.000000,0.000000,11.000000,0.000000,20.000000,0.000000,74.000000,0.000000,5.000000,1.000000,1.000000,0.000000,0.000000,1.000000,0.000000,0.913376,0.247137,0.265733,29.128289,0.660484,0.440323,0.762500,-0.064939,,7.000000,True,False,False,,,,2986,-,0.000000,
20.000000,8.000000,41.000000,0.000000,11.000000,0.000000,20.000000,0.000000,69.000000,0.000000,5.000000,1.000000,1.000000,0.000000,0.000000,1.000000,0.000000,0.933507,0.103957,0.199767,29.175263,0.688738,0.459158,0.775000,-0.046975,,7.000000,True,False,False,,,,2987,-,0.000000,
22.000000,7.000000,41.000000,0.000000,10.000000,0.000000,22.000000,0.000000,75.000000,0.000000,5.000000,1.000000,1.000000,0.000000,0.000000,1.000000,0.000000,0.932537,0.171382,0.224170,29.218951,0.671651,0.447767,0.750000,-0.043688,,7.000000,True,False,False,,,,2988,-,0.000000,
22.000000,7.000000,40.000000,0.000000,11.000000,0.000000,22.000000,0.000000,71.000000,0.000000,5.000000,1.000000,1.000000,0.000000,0.000000,1.000000,0.000000,0.851082,0.192208,0.246150,29.163280,0.654306,0.436204,0.737500,0.055672,,5.000000,True,False,False,,,,2989,-,0.000000,
25.000000,7.000000,41.000000,0.000000,7.000000,0.000000,25.000000,0.000000,66.000000,0.000000,5.000000,1.000000,1.000000,0.000000,0.000000,1.000000,0.000000,0.867209,0.154785,0.198772,29.152946,0.698162,0.465442,0.775000,0.010333,,6.000000,True,False,False,,,,2990,-,0.000000,
28.000000,4.000000,44.000000,0.000000,4.000000,0.000000,28.000000,0.000000,63.000000,0.000000,5.000000,1.000000,1.000000,0.000000,0.000000,1.000000,0.000000,0.818605,0.253346,0.258049,29.029472,0.633344,0.422229,0.700000,0.123474,,7.000000,True,False,False,,,,2991,-,0.000000,
28.000000,4.000000,45.000000,0.000000,3.000000,0.000000,28.000000,0.000000,64.000000,0.000000,5.000000,1.000000,1.000000,0.000000,0.000000,1.000000,0.000000,0.875477,0.257381,0.238287,29.064509,0.570883,0.380589,0.675000,-0.035037,,5.000000,True,False,False,,,,2992,-,0.000000,
26.000000,5.000000,47.000000,0.000000,2.000000,0.000000,26.000000,0.000000,67.000000,0.000000,5.000000,1.000000,1.000000,0.000000,0.000000,1.000000,0.000000,0.842127,0.187177,0.216707,29.066289,0.623334,0.415556,0.712500,-0.001779,,6.000000,True,False,False,,,,2993,-,0.000000,
23.000000,8.000000,48.000000,0.000000,1.000000,0.000000,23.000000,0.000000,69.000000,0.000000,5.000000,1.000000,1.000000,0.000000,0.000000,1.000000,0.000000,0.962203,0.192574,0.183343,29.068166,0.651101,0.434068,0.725000,-0.001878,,7.000000,True,False,False,,,,2994,-,0.000000,
20.000000,11.000000,45.000000,0.000000,4.000000,0.000000,20.000000,0.000000,66.000000,0.000000,5.000000,1.000000,1.000000,0.000000,0.000000,1.000000,0.000000,0.959870,0.106926,0.158105,29.028992,0.678137,0.452091,0.762500,0.039174,,7.000000,True,False,False,,,,2995,-,0.000000,
18.000000,13.000000,44.000000,0.000000,5.000000,0.000000,18.000000,0.000000,63.000000,0.000000,5.000000,1.000000,1.000000,0.000000,0.000000,1.000000,0.000000,0.819317,0.124411,0.205990,29.024115,0.697543,0.465029,0.787500,0.004876,,5.000000,True,False,False,,,,2996,-,0.000000,
16.000000,14.000000,45.000000,0.000000,5.000000,0.000000,16.000000,0.000000,63.000000,0.000000,5.000000,1.000000,1.000000,0.000000,0.000000,1.000000,0.000000,0.812933,0.074208,0.162826,29.035117,0.731012,0.487341,0.812500,-0.011001,,6.000000,True,False,False,,,,2997,-,0.000000,
16.000000,14.000000,45.000000,0.000000,5.000000,0.000000,16.000000,0.000000,60.000000,0.000000,5.000000,1.000000,1.000000,0.000000,0.000000,1.000000,0.000000,0.782629,0.101699,0.232141,28.984385,0.740954,0.493970,0.812500,0.050732,,7.000000,True,False,False,,,,2998,-,0.000000,
16.000000,13.000000,45.000000,0.000000,6.000000,0.000000,16.000000,0.000000,63.000000,0.000000,5.000000,1.000000,1.000000,0.000000,0.000000,1.000000,0.000000,0.856138,0.189380,0.199207,28.959873,0.746617,0.497744,0.825000,0.024512,,7.000000,True,False,False,,,,2999,-,0.000000,
