candidate_count,passive_count,follower_count,leader_count,challenger_count,dormant_count,contender_count,leaders_auditing,election_contacts,hard_safety_violations,minimum_distance,component_count,largest_component_fraction,leader_reachable_fraction,single_leader_components,components_without_leader,components_with_multiple_leaders,heading_variance,goal_alignment,mean_local_coherence,centroid_distance,mean_speed,normalized_mean_speed,moving_fraction,centroid_progress,leader_goal_distance,max_anomaly_counter,swarm_goal_reached,leader_at_goal,mission_success,leader_gate,leader_tether,leader_agreement,round,leader_ids,recognition_precision,recognition_recall
30.000000,0.000000,0.000000,0.000000,0.000000,0.000000,30.000000,0.000000,33.000000,0.000000,5.000000,1.000000,1.000000,0.000000,0.000000,1.000000,0.000000,0.841189,0.162105,0.210594,978.770213,0.100000,0.066667,0.100000,0.048589,,0.000000,False,False,False,,,,0,-,,
30.000000,0.000000,0.000000,0.000000,0.000000,0.000000,30.000000,0.000000,34.000000,0.000000,5.000000,1.000000,1.000000,0.000000,0.000000,1.000000,0.000000,0.841275,0.162044,0.211216,978.721626,0.100000,0.066667,0.100000,0.048587,,0.000000,False,False,False,,,,1,-,,
27.000000,3.000000,0.000000,0.000000,0.000000,0.000000,27.000000,0.000000,34.000000,0.000000,5.000000,1.000000,1.000000,0.000000,0.000000,1.000000,0.000000,0.890156,0.107520,0.172329,978.743514,0.166667,0.111111,0.166667,-0.021887,,0.000000,False,False,False,,,,2,-,,
22.000000,8.000000,0.000000,0.000000,0.000000,0.000000,22.000000,0.000000,35.000000,0.000000,5.000000,1.000000,1.000000,0.000000,0.000000,1.000000,0.000000,0.955131,0.048052,0.187241,978.793650,0.333333,0.222222,0.333333,-0.050136,,0.000000,False,False,False,,,,3,-,,
19.000000,11.000000,0.000000,0.000000,0.000000,0.000000,19.000000,0.000000,33.000000,0.000000,5.000000,1.000000,1.000000,0.000000,0.000000,1.000000,0.000000,0.953655,0.033611,0.154830,978.870006,0.400000,0.266667,0.400000,-0.076357,,0.000000,False,False,False,,,,4,-,,
17.000000,13.000000,0.000000,0.000000,0.000000,0.000000,17.000000,0.000000,29.000000,0.000000,5.000000,1.000000,1.000000,0.000000,0.000000,1.000000,0.000000,0.874967,0.110677,0.216129,978.892660,0.433333,0.288889,0.433333,-0.022654,,0.000000,False,False,False,,,,5,-,,
15.000000,15.000000,0.000000,0.000000,0.000000,0.000000,15.000000,0.000000,24.000000,0.000000,5.000000,1.000000,1.000000,0.000000,0.000000,1.000000,0.000000,0.825277,0.141561,0.224613,978.881124,0.500000,0.333333,0.500000,0.011536,,0.000000,False,False,False,,,,6,-,,
12.000000,15.000000,3.000000,0.000000,0.000000,0.000000,12.000000,0.000000,19.000000,0.000000,5.023854,1.000000,1.000000,0.000000,0.000000,1.000000,0.000000,0.922120,0.041995,0.142513,978.906345,0.584722,0.389815,0.600000,-0.025221,,0.000000,False,False,False,,,,7,-,,
11.000000,13.000000,6.000000,0.000000,0.000000,0.000000,11.000000,0.000000,17.000000,0.000000,5.435828,1.000000,1.000000,0.000000,0.000000,1.000000,0.000000,0.943774,0.030834,0.072305,978.971610,0.619626,0.413084,0.633333,-0.065265,,0.000000,False,False,False,,,,8,-,0.000000,
11.000000,10.000000,9.000000,0.000000,0.000000,0.000000,11.000000,0.000000,14.000000,0.000000,5.039412,1.000000,1.000000,0.000000,0.000000,1.000000,0.000000,0.765838,0.205053,0.287009,978.875623,0.582303,0.388202,0.633333,0.095987,,0.000000,False,False,False,,,,9,-,0.000000,
11.000000,6.000000,13.000000,0.000000,0.000000,0.000000,11.000000,0.000000,14.000000,0.000000,6.026650,1.000000,1.000000,0.000000,0.000000,1.000000,0.000000,0.817368,0.089544,0.227645,978.882922,0.567370,0.378247,0.666667,-0.007299,,0.000000,False,False,False,,,,10,-,0.000000,
11.000000,6.000000,13.000000,0.000000,0.000000,0.000000,11.000000,0.000000,13.000000,0.000000,5.524006,1.000000,1.000000,0.000000,0.000000,1.000000,0.000000,0.805874,0.104354,0.361732,978.807100,0.568914,0.379276,0.700000,0.075822,,0.000000,False,False,False,,,,11,-,0.000000,
11.000000,6.000000,13.000000,0.000000,0.000000,0.000000,11.000000,0.000000,11.000000,0.000000,5.830476,1.000000,1.000000,0.000000,0.000000,1.000000,0.000000,0.899985,0.107003,0.337263,978.713276,0.561494,0.374329,0.666667,0.093824,,0.000000,False,False,False,,,,12,-,0.000000,
11.000000,5.000000,14.000000,0.000000,0.000000,0.000000,11.000000,0.000000,10.000000,0.000000,6.133238,1.000000,1.000000,0.000000,0.000000,1.000000,0.000000,0.866228,0.000068,0.261251,978.678208,0.580702,0.387135,0.733333,0.035068,,0.000000,False,False,False,,,,13,-,0.000000,
11.000000,4.000000,15.000000,0.000000,0.000000,0.000000,11.000000,0.000000,11.000000,0.000000,5.149013,1.000000,1.000000,0.000000,0.000000,1.000000,0.000000,0.872535,0.053285,0.353700,978.597243,0.557878,0.371919,0.700000,0.080965,,0.000000,False,False,False,,,,14,-,0.000000,
10.000000,1.000000,18.000000,1.000000,0.000000,0.000000,11.000000,1.000000,13.000000,0.000000,6.107277,1.000000,1.000000,1.000000,1.000000,0.000000,0.000000,0.974318,0.022931,0.252568,978.536621,0.568596,0.379064,0.733333,0.060622,983.447861,0.000000,False,False,False,1.000000,1.000000,0.000000,15,17,0.000000,
10.000000,0.000000,19.000000,1.000000,0.000000,0.000000,11.000000,0.000000,9.000000,0.000000,6.009553,1.000000,1.000000,1.000000,1.000000,0.000000,0.000000,0.928817,0.075090,0.272778,978.524380,0.512982,0.341988,0.666667,0.012241,983.447861,0.000000,False,False,False,,,,16,17,0.000000,0.000000
10.000000,0.000000,19.000000,1.000000,0.000000,0.000000,11.000000,1.000000,9.000000,0.000000,5.668788,1.000000,1.000000,1.000000,1.000000,0.000000,0.000000,0.966586,-0.014077,0.327726,978.539424,0.535396,0.356931,0.766667,-0.015044,982.626183,0.000000,False,False,False,1.000000,1.000000,0.000000,17,17,0.000000,0.000000
10.000000,0.000000,19.000000,1.000000,0.000000,0.000000,11.000000,1.000000,10.000000,0.000000,6.099787,1.000000,1.000000,1.000000,1.000000,0.000000,0.000000,0.904739,0.099762,0.280517,978.472301,0.581436,0.387624,0.766667,0.067123,981.918247,0.000000,False,False,False,1.000000,1.000000,0.000000,18,17,0.000000,0.000000
9.000000,1.000000,19.000000,1.000000,0.000000,0.000000,10.000000,1.000000,8.000000,0.000000,6.273003,1.000000,1.000000,1.000000,1.000000,0.000000,0.000000,0.754332,0.255199,0.431853,978.370369,0.565697,0.377131,0.766667,0.101932,981.214016,0.000000,False,False,False,1.000000,1.000000,0.000000,19,17,0.000000,0.000000
9.000000,1.000000,19.000000,1.000000,0.000000,0.000000,10.000000,1.000000,9.000000,0.000000,6.798222,1.000000,1.000000,1.000000,1.000000,0.000000,0.000000,0.714688,0.292519,0.430629,978.179671,0.632299,0.421533,0.833333,0.190698,980.502456,0.000000,False,False,False,1.000000,1.000000,0.000000,20,17,0.000000,0.000000
8.000000,1.000000,19.000000,2.000000,0.000000,0.000000,10.000000,2.000000,12.000000,0.000000,6.945802,1.000000,1.000000,1.000000,0.000000,0.000000,1.000000,0.694689,0.307796,0.396704,977.987595,0.684339,0.456226,0.833333,0.192076,979.774646,0.000000,False,False,False,1.000000,1.000000,0.000000,21,"17,21",0.000000,0.000000
8.000000,0.000000,20.000000,2.000000,0.000000,0.000000,10.000000,0.000000,10.000000,0.000000,6.534303,1.000000,1.000000,1.000000,0.000000,0.000000,1.000000,0.554439,0.424435,0.463115,977.886931,0.541906,0.361271,0.666667,0.100664,979.774646,1.000000,False,False,False,,,,22,"17,21",0.000000,0.000000
7.000000,1.000000,20.000000,2.000000,0.000000,0.000000,9.000000,0.000000,6.000000,0.000000,7.336464,1.000000,1.000000,1.000000,0.000000,0.000000,1.000000,0.698074,0.301774,0.320545,977.802187,0.505927,0.337285,0.700000,0.084744,979.774646,0.000000,False,False,False,,,,23,"17,21",0.000000,0.000000
7.000000,1.000000,20.000000,2.000000,0.000000,0.000000,9.000000,1.000000,7.000000,0.000000,7.315479,1.000000,1.000000,1.000000,0.000000,0.000000,1.000000,0.563284,0.298232,0.437739,977.711330,0.609462,0.406308,0.833333,0.090858,979.105379,1.000000,False,False,False,1.000000,1.000000,0.000000,24,"17,21",0.000000,0.000000
6.000000,2.000000,20.000000,2.000000,0.000000,0.000000,8.000000,0.000000,6.000000,0.000000,7.374836,1.000000,1.000000,1.000000,0.000000,0.000000,1.000000,0.638217,0.368245,0.471552,977.405523,0.568695,0.379130,0.766667,0.305807,979.105379,2.000000,False,False,False,,,,25,"17,21",0.000000,0.000000
5.000000,3.000000,20.000000,2.000000,0.000000,0.000000,7.000000,0.000000,5.000000,0.000000,7.549527,1.000000,1.000000,1.000000,0.000000,0.000000,1.000000,0.643632,0.358511,0.516308,977.158476,0.604284,0.402856,0.833333,0.247046,979.105379,0.000000,False,False,False,,,,26,"17,21",0.000000,0.000000
4.000000,4.000000,20.000000,2.000000,0.000000,0.000000,6.000000,1.000000,2.000000,0.000000,7.676298,1.000000,1.000000,1.000000,0.000000,0.000000,1.000000,0.548618,0.301130,0.513271,976.978048,0.714111,0.476074,0.933333,0.180429,979.105379,0.000000,False,False,False,1.000000,1.000000,0.000000,27,"17,21",0.000000,0.000000
4.000000,4.000000,20.000000,2.000000,0.000000,0.000000,6.000000,2.000000,4.000000,0.000000,7.218726,1.000000,1.000000,1.000000,0.000000,0.000000,1.000000,0.470205,0.488157,0.621793,976.641543,0.792147,0.528098,0.966667,0.336505,978.584952,0.000000,False,False,False,1.000000,1.000000,0.000000,28,"17,21",0.000000,0.000000
4.000000,2.000000,22.000000,2.000000,0.000000,0.000000,6.000000,1.000000,4.000000,0.000000,7.681563,1.000000,1.000000,1.000000,0.000000,0.000000,1.000000,0.550415,0.369492,0.535893,976.375690,0.778902,0.519268,0.900000,0.265852,978.584952,0.000000,False,False,False,1.000000,1.000000,0.000000,29,"17,21",0.000000,0.000000
4.000000,2.000000,22.000000,2.000000,0.000000,0.000000,6.000000,2.000000,4.000000,0.000000,6.971249,1.000000,1.000000,1.000000,0.000000,0.000000,1.000000,0.572929,0.344622,0.496304,976.150427,0.847061,0.564708,0.966667,0.225263,978.133334,0.000000,False,False,False,1.000000,1.000000,0.000000,30,"17,21",0.000000,0.000000
4.000000,2.000000,22.000000,2.000000,0.000000,0.000000,6.000000,2.000000,5.000000,0.000000,7.563942,1.000000,1.000000,1.000000,0.000000,0.000000,1.000000,0.516225,0.363551,0.551486,975.854612,0.842214,0.561476,0.933333,0.295815,977.632643,0.000000,False,False,False,1.000000,1.000000,0.000000,31,"17,21",0.000000,0.000000
3.000000,2.000000,22.000000,3.000000,0.000000,0.000000,6.000000,2.000000,5.000000,0.000000,7.431731,1.000000,1.000000,1.000000,0.000000,0.000000,1.000000,0.525471,0.432765,0.534666,975.584464,0.815772,0.543848,0.900000,0.270148,977.632643,0.000000,False,False,False,1.000000,1.000000,0.000000,32,"1,17,21",0.000000,0.000000
3.000000,2.000000,22.000000,3.000000,0.000000,0.000000,6.000000,3.000000,6.000000,0.000000,6.848391,1.000000,1.000000,1.000000,0.000000,0.000000,1.000000,0.567280,0.391113,0.481426,975.328297,0.825622,0.550415,0.933333,0.256167,977.166246,0.000000,False,False,False,1.000000,1.000000,0.000000,33,"1,17,21",0.000000,0.000000
3.000000,2.000000,22.000000,3.000000,0.000000,0.000000,6.000000,1.000000,8.000000,0.000000,7.703668,1.000000,1.000000,1.000000,0.000000,0.000000,1.000000,0.494258,0.471235,0.532219,975.030922,0.741805,0.494537,0.833333,0.297376,977.166246,0.000000,False,False,False,1.000000,1.000000,0.000000,34,"1,17,21",0.000000,0.000000
3.000000,1.000000,23.000000,3.000000,0.000000,0.000000,6.000000,2.000000,5.000000,0.000000,7.409584,1.000000,1.000000,1.000000,0.000000,0.000000,1.000000,0.408149,0.561315,0.628413,974.643598,0.757906,0.505271,0.866667,0.387324,976.635126,0.000000,False,False,False,1.000000,1.000000,0.000000,35,"1,17,21",0.000000,0.000000
3.000000,0.000000,24.000000,3.000000,0.000000,0.000000,6.000000,0.000000,6.000000,0.000000,7.498324,1.000000,1.000000,1.000000,0.000000,0.000000,1.000000,0.436059,0.539426,0.612484,974.341265,0.638072,0.425381,0.800000,0.302333,976.635126,0.000000,False,False,False,,,,36,"1,17,21",0.000000,0.000000
3.000000,0.000000,24.000000,3.000000,0.000000,0.000000,6.000000,0.000000,6.000000,0.000000,7.614472,1.000000,1.000000,1.000000,0.000000,0.000000,1.000000,0.563277,0.429453,0.492174,974.163709,0.599239,0.399492,0.833333,0.177556,976.635126,0.000000,False,False,False,,,,37,"1,17,21",0.000000,0.000000
3.000000,0.000000,25.000000,2.000000,0.000000,0.000000,5.000000,0.000000,6.000000,0.000000,7.364829,1.000000,1.000000,1.000000,0.000000,0.000000,1.000000,0.518129,0.444225,0.531045,973.931842,0.641652,0.427768,0.866667,0.231867,976.635126,0.000000,False,False,False,,,,38,"1,17",0.000000,0.000000
3.000000,0.000000,26.000000,1.000000,0.000000,0.000000,4.000000,0.000000,3.000000,0.000000,7.389668,1.000000,1.000000,1.000000,1.000000,0.000000,0.000000,0.584602,0.422786,0.495655,973.672711,0.721229,0.480819,0.933333,0.259131,976.635126,0.000000,False,False,False,,,,39,17,0.000000,0.000000
3.000000,0.000000,26.000000,1.000000,0.000000,0.000000,4.000000,0.000000,1.000000,0.000000,7.931632,1.000000,1.000000,1.000000,1.000000,0.000000,0.000000,0.561317,0.427876,0.503899,973.423668,0.728059,0.485373,0.933333,0.249043,976.635126,0.000000,False,False,False,,,,40,17,0.000000,0.000000
3.000000,0.000000,26.000000,1.000000,0.000000,0.000000,4.000000,1.000000,6.000000,0.000000,6.704813,1.000000,1.000000,1.000000,1.000000,0.000000,0.000000,0.388225,0.604713,0.671216,972.967112,0.781116,0.520744,1.000000,0.456556,975.858235,0.000000,False,False,False,1.000000,1.000000,0.000000,41,17,0.000000,0.000000
3.000000,0.000000,26.000000,1.000000,0.000000,0.000000,4.000000,0.000000,4.000000,0.000000,6.704813,1.000000,1.000000,1.000000,1.000000,0.000000,0.000000,0.525903,0.445182,0.493372,972.666676,0.780901,0.520601,0.900000,0.300436,975.858235,0.000000,False,False,False,,,,42,17,0.000000,0.000000
3.000000,0.000000,26.000000,1.000000,0.000000,0.000000,4.000000,0.000000,4.000000,0.000000,6.704813,1.000000,1.000000,1.000000,1.000000,0.000000,0.000000,0.442994,0.499200,0.592022,972.332415,0.773438,0.515625,0.933333,0.334261,975.858235,0.000000,False,False,False,,,,43,17,0.000000,0.000000
3.000000,0.000000,26.000000,1.000000,0.000000,0.000000,4.000000,0.000000,5.000000,0.000000,6.704813,1.000000,1.000000,1.000000,1.000000,0.000000,0.000000,0.376241,0.593031,0.647952,971.917625,0.721876,0.481251,0.900000,0.414790,975.858235,0.000000,False,False,False,,,,44,17,0.000000,0.000000
1.000000,1.000000,26.000000,2.000000,0.000000,0.000000,3.000000,1.000000,5.000000,0.000000,7.320029,1.000000,1.000000,1.000000,0.000000,0.000000,1.000000,0.490881,0.499834,0.510155,971.612798,0.779425,0.519616,0.966667,0.304827,975.858235,0.000000,False,False,False,1.000000,1.000000,0.000000,45,"12,17",0.000000,0.000000
1.000000,1.000000,26.000000,2.000000,0.000000,0.000000,3.000000,1.000000,9.000000,0.000000,6.677650,1.000000,1.000000,1.000000,0.000000,0.000000,1.000000,0.355603,0.555007,0.647809,971.228559,0.787801,0.525201,0.933333,0.384239,975.858235,0.000000,False,False,False,1.000000,1.000000,0.000000,46,"12,17",0.500000,0.500000
1.000000,1.000000,26.000000,2.000000,0.000000,0.000000,3.000000,1.000000,6.000000,0.000000,6.869461,1.000000,1.000000,1.000000,0.000000,0.000000,1.000000,0.454167,0.362675,0.542144,970.999516,0.822500,0.548334,0.933333,0.229043,975.858235,0.000000,False,False,False,1.000000,1.000000,0.000000,47,"12,17",0.461538,0.461538
1.000000,1.000000,26.000000,2.000000,0.000000,0.000000,3.000000,0.000000,5.000000,0.000000,5.869680,1.000000,1.000000,1.000000,0.000000,0.000000,1.000000,0.342381,0.468439,0.617426,970.671842,0.780662,0.520441,0.900000,0.327673,975.858235,0.000000,False,False,False,,,,48,"12,17",0.461538,0.461538
1.000000,1.000000,26.000000,2.000000,0.000000,0.000000,3.000000,1.000000,5.000000,0.000000,6.640812,1.000000,1.000000,1.000000,0.000000,0.000000,1.000000,0.292296,0.558811,0.688250,970.258890,0.811686,0.541124,0.966667,0.412953,975.595545,0.000000,False,False,False,1.000000,1.000000,0.000000,49,"12,17",0.461538,0.461538
1.000000,1.000000,26.000000,2.000000,0.000000,0.000000,3.000000,0.000000,5.000000,0.000000,5.853741,1.000000,1.000000,1.000000,0.000000,0.000000,1.000000,0.260412,0.606804,0.711377,969.812082,0.803663,0.535775,0.933333,0.446808,975.595545,0.000000,False,False,False,,,,50,"12,17",0.461538,0.461538
1.000000,1.000000,26.000000,2.000000,0.000000,0.000000,3.000000,1.000000,5.000000,0.000000,6.774166,1.000000,1.000000,1.000000,0.000000,0.000000,1.000000,0.249065,0.547943,0.730944,969.417432,0.821481,0.547654,0.966667,0.394650,975.125403,0.000000,False,False,False,1.000000,1.000000,0.000000,51,"12,17",0.461538,0.461538
1.000000,1.000000,26.000000,2.000000,0.000000,0.000000,3.000000,0.000000,4.000000,0.000000,5.989372,1.000000,1.000000,1.000000,0.000000,0.000000,1.000000,0.291925,0.524702,0.701915,969.051343,0.802365,0.534910,0.933333,0.366089,975.125403,0.000000,False,False,False,,,,52,"12,17",0.461538,0.461538
1.000000,1.000000,26.000000,2.000000,0.000000,0.000000,3.000000,0.000000,6.000000,0.000000,6.540235,1.000000,1.000000,1.000000,0.000000,0.000000,1.000000,0.128854,0.711233,0.868634,968.555368,0.721650,0.481100,0.900000,0.495975,975.125403,0.000000,False,False,False,,,,53,"12,17",0.615385,0.615385
1.000000,1.000000,26.000000,2.000000,0.000000,0.000000,3.000000,0.000000,6.000000,0.000000,7.266297,1.000000,1.000000,1.000000,0.000000,0.000000,1.000000,0.273420,0.641597,0.759041,968.144853,0.706563,0.471042,0.900000,0.410516,975.125403,0.000000,False,False,False,,,,54,"12,17",0.615385,0.615385
1.000000,1.000000,27.000000,1.000000,0.000000,0.000000,2.000000,0.000000,4.000000,0.000000,5.741253,1.000000,1.000000,1.000000,1.000000,0.000000,0.000000,0.280740,0.599753,0.694917,967.771202,0.709839,0.473226,0.933333,0.373650,975.125403,0.000000,False,False,False,,,,55,12,0.615385,0.615385
1.000000,0.000000,28.000000,1.000000,0.000000,0.000000,2.000000,0.000000,7.000000,0.000000,6.695636,1.000000,1.000000,1.000000,1.000000,0.000000,0.000000,0.257407,0.623715,0.739286,967.359568,0.713118,0.475412,0.933333,0.411634,975.125403,0.000000,False,False,False,,,,56,12,0.592593,0.640000
1.000000,0.000000,28.000000,1.000000,0.000000,0.000000,2.000000,0.000000,3.000000,0.000000,7.060281,1.000000,1.000000,1.000000,1.000000,0.000000,0.000000,0.310743,0.575929,0.711050,966.994683,0.723600,0.482400,0.933333,0.364884,975.125403,0.000000,False,False,False,,,,57,12,0.642857,0.666667
1.000000,0.000000,28.000000,1.000000,0.000000,0.000000,2.000000,0.000000,4.000000,0.000000,7.132076,1.000000,1.000000,1.000000,1.000000,0.000000,0.000000,0.127803,0.757868,0.862164,966.471367,0.696861,0.464574,0.933333,0.523317,975.125403,0.000000,False,False,False,,,,58,12,0.678571,0.703704
1.000000,0.000000,28.000000,1.000000,0.000000,0.000000,2.000000,0.000000,5.000000,0.000000,7.090929,1.000000,1.000000,1.000000,1.000000,0.000000,0.000000,0.124698,0.782702,0.882008,965.933838,0.700791,0.467194,0.933333,0.537528,975.125403,0.000000,False,False,False,,,,59,12,0.642857,0.692308
1.000000,0.000000,28.000000,1.000000,0.000000,0.000000,2.000000,0.000000,4.000000,0.000000,6.980662,1.000000,1.000000,1.000000,1.000000,0.000000,0.000000,0.197360,0.726423,0.802720,965.440253,0.708150,0.472100,0.933333,0.493585,975.125403,0.000000,False,False,False,,,,60,12,0.642857,0.692308
1.000000,0.000000,28.000000,1.000000,0.000000,0.000000,2.000000,0.000000,5.000000,0.000000,6.786718,1.000000,1.000000,1.000000,1.000000,0.000000,0.000000,0.196349,0.703410,0.830833,964.973618,0.708499,0.472332,0.933333,0.466636,975.125403,0.000000,False,False,False,,,,61,12,0.642857,0.692308
1.000000,0.000000,28.000000,1.000000,0.000000,0.000000,2.000000,0.000000,5.000000,0.000000,7.377306,1.000000,1.000000,1.000000,1.000000,0.000000,0.000000,0.276056,0.622903,0.748243,964.549684,0.765983,0.510655,0.966667,0.423933,975.125403,0.000000,False,False,False,,,,62,12,0.607143,0.680000
1.000000,0.000000,28.000000,1.000000,0.000000,0.000000,2.000000,1.000000,5.000000,0.000000,7.562807,1.000000,1.000000,1.000000,1.000000,0.000000,0.000000,0.260210,0.610994,0.752956,964.085640,0.816888,0.544592,0.966667,0.464045,974.285225,0.000000,False,False,False,1.000000,1.000000,0.000000,63,12,0.607143,0.680000
1.000000,0.000000,28.000000,1.000000,0.000000,0.000000,2.000000,0.000000,2.000000,0.000000,7.621042,1.000000,1.000000,1.000000,1.000000,0.000000,0.000000,0.355478,0.501677,0.652423,963.696645,0.851641,0.567760,0.966667,0.388994,974.285225,0.000000,False,False,False,,,,64,12,0.357143,0.400000
1.000000,0.000000,28.000000,1.000000,0.000000,0.000000,2.000000,1.000000,3.000000,0.000000,7.254258,1.000000,1.000000,1.000000,1.000000,0.000000,0.000000,0.203706,0.595402,0.794673,963.197291,0.874874,0.583249,1.000000,0.499354,973.389033,0.000000,False,False,False,1.000000,1.000000,0.000000,65,12,0.607143,0.680000
1.000000,0.000000,28.000000,1.000000,0.000000,0.000000,2.000000,1.000000,2.000000,0.000000,6.866205,1.000000,1.000000,1.000000,1.000000,0.000000,0.000000,0.198521,0.587630,0.779308,962.697843,0.872495,0.581663,0.966667,0.499448,972.462733,0.000000,False,False,False,1.000000,1.000000,0.000000,66,12,0.607143,0.680000
1.000000,0.000000,28.000000,1.000000,0.000000,0.000000,2.000000,1.000000,3.000000,0.000000,6.709046,1.000000,1.000000,1.000000,1.000000,0.000000,0.000000,0.123708,0.608607,0.843095,962.174898,0.861738,0.574492,0.966667,0.522946,971.507541,0.000000,False,False,False,1.000000,1.000000,0.000000,67,12,0.357143,0.384615
1.000000,0.000000,28.000000,1.000000,0.000000,0.000000,2.000000,0.000000,5.000000,0.000000,7.104301,1.000000,1.000000,1.000000,1.000000,0.000000,0.000000,0.152424,0.568911,0.816951,961.717895,0.825542,0.550361,0.933333,0.457003,971.507541,0.000000,False,False,False,,,,68,12,0.357143,0.384615
1.000000,0.000000,28.000000,1.000000,0.000000,0.000000,2.000000,0.000000,2.000000,0.000000,7.055422,1.000000,1.000000,1.000000,1.000000,0.000000,0.000000,0.210946,0.581597,0.782109,961.284313,0.797223,0.531482,0.933333,0.433582,971.507541,0.000000,False,False,False,,,,69,12,0.607143,0.653846
1.000000,0.000000,28.000000,1.000000,0.000000,0.000000,2.000000,0.000000,2.000000,0.000000,7.781718,1.000000,1.000000,1.000000,1.000000,0.000000,0.000000,0.064852,0.765424,0.931529,960.700519,0.757414,0.504942,0.933333,0.583794,971.507541,0.000000,False,False,False,,,,70,12,0.571429,0.640000
1.000000,0.000000,28.000000,1.000000,0.000000,0.000000,2.000000,0.000000,3.000000,0.000000,7.460809,1.000000,1.000000,1.000000,1.000000,0.000000,0.000000,0.167530,0.667959,0.800249,960.225445,0.766950,0.511300,0.966667,0.475074,971.507541,0.000000,False,False,False,,,,71,12,0.571429,0.666667
1.000000,0.000000,28.000000,1.000000,0.000000,0.000000,2.000000,1.000000,2.000000,0.000000,7.625976,1.000000,1.000000,1.000000,1.000000,0.000000,0.000000,0.173404,0.643110,0.833494,959.739570,0.781376,0.520917,0.966667,0.485875,970.507754,0.000000,False,False,False,1.000000,1.000000,0.000000,72,12,0.592593,0.666667
1.000000,0.000000,28.000000,1.000000,0.000000,0.000000,2.000000,1.000000,2.000000,0.000000,7.818061,1.000000,1.000000,1.000000,1.000000,0.000000,0.000000,0.169543,0.616462,0.849223,959.265940,0.785048,0.523365,0.966667,0.473630,969.508419,0.000000,False,False,False,1.000000,1.000000,0.000000,73,12,0.333333,0.375000
1.000000,0.000000,28.000000,1.000000,0.000000,0.000000,2.000000,0.000000,1.000000,0.000000,7.248813,1.000000,1.000000,1.000000,1.000000,0.000000,0.000000,0.210558,0.545755,0.795711,958.877820,0.786750,0.524500,0.966667,0.388120,969.508419,0.000000,False,False,False,,,,74,12,0.333333,0.375000
1.000000,0.000000,28.000000,1.000000,0.000000,0.000000,2.000000,0.000000,3.000000,0.000000,7.836412,1.000000,1.000000,1.000000,1.000000,0.000000,0.000000,0.051929,0.705871,0.945491,958.347290,0.769928,0.513285,0.966667,0.530531,969.508419,0.000000,False,False,False,,,,75,12,0.555556,0.652174
1.000000,0.000000,28.000000,1.000000,0.000000,0.000000,2.000000,0.000000,2.000000,0.000000,7.440589,1.000000,1.000000,1.000000,1.000000,0.000000,0.000000,0.157726,0.605453,0.825347,957.932359,0.748397,0.498931,0.933333,0.414930,969.508419,0.000000,False,False,False,,,,76,12,0.555556,0.652174
1.000000,0.000000,28.000000,1.000000,0.000000,0.000000,2.000000,0.000000,1.000000,0.000000,7.658643,1.000000,1.000000,1.000000,1.000000,0.000000,0.000000,0.134668,0.634699,0.837129,957.475836,0.788076,0.525384,1.000000,0.456523,969.544570,0.000000,False,False,False,,,,77,12,0.555556,0.652174
1.000000,0.000000,28.000000,1.000000,0.000000,0.000000,2.000000,0.000000,0.000000,0.000000,8.072856,1.000000,1.000000,1.000000,1.000000,0.000000,0.000000,0.098690,0.721810,0.904951,956.932903,0.781983,0.521322,0.966667,0.542933,969.544570,0.000000,False,False,False,,,,78,12,0.555556,0.652174
1.000000,0.000000,28.000000,1.000000,0.000000,0.000000,2.000000,0.000000,3.000000,0.000000,7.227437,1.000000,1.000000,1.000000,1.000000,0.000000,0.000000,0.038519,0.822315,0.960684,956.315134,0.785902,0.523935,1.000000,0.617769,969.508555,0.000000,False,False,False,,,,79,12,0.555556,0.652174
1.000000,0.000000,28.000000,1.000000,0.000000,0.000000,2.000000,0.000000,5.000000,0.000000,6.818175,1.000000,1.000000,1.000000,1.000000,0.000000,0.000000,0.185149,0.660951,0.792943,955.829079,0.802458,0.534972,0.966667,0.486055,969.508555,0.000000,False,False,False,,,,80,12,0.555556,0.652174
1.000000,0.000000,28.000000,1.000000,0.000000,0.000000,2.000000,0.000000,3.000000,0.000000,6.869184,1.000000,1.000000,1.000000,1.000000,0.000000,0.000000,0.243129,0.570051,0.748031,955.413247,0.783837,0.522558,0.933333,0.415832,969.508555,0.000000,False,False,False,,,,81,12,0.555556,0.652174
1.000000,0.000000,28.000000,1.000000,0.000000,0.000000,2.000000,0.000000,6.000000,0.000000,7.045821,1.000000,1.000000,1.000000,1.000000,0.000000,0.000000,0.128049,0.714484,0.866035,954.896024,0.754715,0.503143,0.933333,0.517223,969.508555,0.000000,False,False,False,,,,82,12,0.518519,0.636364
1.000000,0.000000,28.000000,1.000000,0.000000,0.000000,2.000000,0.000000,3.000000,0.000000,6.609237,1.000000,1.000000,1.000000,1.000000,0.000000,0.000000,0.221472,0.687037,0.817417,954.408878,0.759247,0.506164,0.933333,0.487146,969.508555,0.000000,False,False,False,,,,83,12,0.518519,0.636364
0.000000,1.000000,28.000000,1.000000,0.000000,0.000000,1.000000,0.000000,4.000000,0.000000,6.988261,1.000000,1.000000,1.000000,1.000000,0.000000,0.000000,0.162734,0.775346,0.836853,953.844536,0.764439,0.509626,0.966667,0.564342,969.508555,0.000000,False,False,False,,,,84,12,0.481481,0.619048
0.000000,1.000000,28.000000,1.000000,0.000000,0.000000,1.000000,0.000000,3.000000,0.000000,6.631236,1.000000,1.000000,1.000000,1.000000,0.000000,0.000000,0.186352,0.809397,0.842774,953.229635,0.787644,0.525096,0.966667,0.614901,969.508555,0.000000,False,False,False,,,,85,12,0.518519,0.666667
0.000000,1.000000,28.000000,1.000000,0.000000,0.000000,1.000000,0.000000,3.000000,0.000000,7.412093,1.000000,1.000000,1.000000,1.000000,0.000000,0.000000,0.233660,0.761285,0.777742,952.650654,0.802233,0.534822,0.966667,0.578981,969.508555,0.000000,False,False,False,,,,86,12,0.518519,0.666667
0.000000,1.000000,28.000000,1.000000,0.000000,0.000000,1.000000,0.000000,1.000000,0.000000,6.622269,1.000000,1.000000,1.000000,1.000000,0.000000,0.000000,0.264619,0.726861,0.783421,952.078097,0.811007,0.540671,0.966667,0.572556,969.508555,0.000000,False,False,False,,,,87,12,0.518519,0.666667
0.000000,1.000000,28.000000,1.000000,0.000000,0.000000,1.000000,0.000000,2.000000,0.000000,7.461335,1.000000,1.000000,1.000000,1.000000,0.000000,0.000000,0.244647,0.746276,0.788461,951.500635,0.793951,0.529301,0.966667,0.577462,969.508555,0.000000,False,False,False,,,,88,12,0.481481,0.650000
0.000000,1.000000,28.000000,1.000000,0.000000,0.000000,1.000000,0.000000,1.000000,0.000000,6.642044,1.000000,1.000000,1.000000,1.000000,0.000000,0.000000,0.191032,0.798984,0.847094,950.884056,0.788966,0.525977,0.966667,0.616579,969.508555,0.000000,False,False,False,,,,89,12,0.518519,0.736842
0.000000,1.000000,28.000000,1.000000,0.000000,0.000000,1.000000,0.000000,2.000000,0.000000,7.275279,1.000000,1.000000,1.000000,1.000000,0.000000,0.000000,0.136251,0.851532,0.881343,950.239447,0.773535,0.515690,0.966667,0.644609,969.508555,0.000000,False,False,False,,,,90,12,0.518519,0.736842
0.000000,0.000000,29.000000,1.000000,0.000000,0.000000,1.000000,0.000000,1.000000,0.000000,7.242934,1.000000,1.000000,1.000000,1.000000,0.000000,0.000000,0.181490,0.799595,0.857547,949.649187,0.761833,0.507889,0.966667,0.590260,969.508555,0.000000,False,False,False,,,,91,12,0.518519,0.736842
0.000000,0.000000,29.000000,1.000000,0.000000,0.000000,1.000000,0.000000,1.000000,0.000000,6.687193,1.000000,1.000000,1.000000,1.000000,0.000000,0.000000,0.116578,0.863245,0.892994,949.029032,0.739166,0.492778,0.966667,0.620155,969.508555,0.000000,False,False,False,,,,92,12,0.535714,0.750000
0.000000,0.000000,29.000000,1.000000,0.000000,0.000000,1.000000,0.000000,1.000000,0.000000,7.870538,1.000000,1.000000,1.000000,1.000000,0.000000,0.000000,0.115448,0.853428,0.909862,948.401530,0.758929,0.505952,1.000000,0.627501,968.960865,0.000000,False,False,False,,,,93,12,0.500000,0.736842
0.000000,0.000000,29.000000,1.000000,0.000000,0.000000,1.000000,0.000000,1.000000,0.000000,7.000581,1.000000,1.000000,1.000000,1.000000,0.000000,0.000000,0.104586,0.850646,0.905406,947.789949,0.736512,0.491008,0.966667,0.611582,968.960865,0.000000,False,False,False,,,,94,12,0.500000,0.736842
0.000000,0.000000,29.000000,1.000000,0.000000,0.000000,1.000000,0.000000,0.000000,0.000000,8.135348,1.000000,1.000000,1.000000,1.000000,0.000000,0.000000,0.112819,0.833490,0.919855,947.180519,0.755467,0.503645,1.000000,0.609429,968.390501,0.000000,False,False,False,,,,95,12,0.535714,0.789474
0.000000,0.000000,29.000000,1.000000,0.000000,0.000000,1.000000,0.000000,0.000000,0.000000,8.090384,1.000000,1.000000,1.000000,1.000000,0.000000,0.000000,0.041117,0.905416,0.963715,946.504881,0.751774,0.501182,1.000000,0.675639,967.812464,0.000000,False,False,False,,,,96,12,0.535714,0.789474
0.000000,0.000000,29.000000,1.000000,0.000000,0.000000,1.000000,0.000000,0.000000,0.000000,8.044268,1.000000,1.000000,1.000000,1.000000,0.000000,0.000000,0.045740,0.901875,0.957874,945.831102,0.752644,0.501763,1.000000,0.673778,967.227739,0.000000,False,False,False,,,,97,12,0.535714,0.789474
0.000000,0.000000,29.000000,1.000000,0.000000,0.000000,1.000000,0.000000,1.000000,0.000000,7.963062,1.000000,1.000000,1.000000,1.000000,0.000000,0.000000,0.044553,0.887241,0.961058,945.166853,0.753969,0.502646,1.000000,0.664249,966.635761,0.000000,False,False,False,,,,98,12,0.535714,0.789474
0.000000,0.000000,29.000000,1.000000,0.000000,0.000000,1.000000,0.000000,1.000000,0.000000,7.824666,1.000000,1.000000,1.000000,1.000000,0.000000,0.000000,0.048682,0.891249,0.953274,944.482067,0.771847,0.514565,1.000000,0.684786,966.036576,0.000000,False,False,False,,,,99,12,0.535714,0.789474
0.000000,0.000000,29.000000,1.000000,0.000000,0.000000,1.000000,0.000000,1.000000,0.000000,7.753133,1.000000,1.000000,1.000000,1.000000,0.000000,0.000000,0.064924,0.865458,0.929631,943.806466,0.791816,0.527877,1.000000,0.675601,965.431753,0.000000,False,False,False,,,,100,12,0.535714,0.789474
0.000000,0.000000,29.000000,1.000000,0.000000,0.000000,1.000000,0.000000,0.000000,0.000000,8.341621,1.000000,1.000000,1.000000,1.000000,0.000000,0.000000,0.104388,0.819791,0.905800,943.153201,0.809325,0.539550,1.000000,0.653265,964.820731,0.000000,False,False,False,,,,101,12,0.535714,0.789474
0.000000,0.000000,29.000000,1.000000,0.000000,0.000000,1.000000,0.000000,0.000000,0.000000,8.258768,1.000000,1.000000,1.000000,1.000000,0.000000,0.000000,0.049258,0.841560,0.958286,942.475716,0.809850,0.539900,1.000000,0.677485,964.204463,0.000000,False,False,False,,,,102,12,0.535714,0.789474
0.000000,0.000000,29.000000,1.000000,0.000000,0.000000,1.000000,0.000000,0.000000,0.000000,8.329204,1.000000,1.000000,1.000000,1.000000,0.000000,0.000000,0.071393,0.824233,0.934578,941.811751,0.810034,0.540023,1.000000,0.663965,963.583647,0.000000,False,False,False,,,,103,12,0.535714,0.789474
0.000000,0.000000,29.000000,1.000000,0.000000,0.000000,1.000000,0.000000,0.000000,0.000000,8.331114,1.000000,1.000000,1.000000,1.000000,0.000000,0.000000,0.058020,0.787332,0.948430,941.178998,0.809761,0.539841,1.000000,0.632753,962.958839,0.000000,False,False,False,,,,104,12,0.535714,0.789474
0.000000,0.000000,29.000000,1.000000,0.000000,0.000000,1.000000,0.000000,0.000000,0.000000,8.256238,1.000000,1.000000,1.000000,1.000000,0.000000,0.000000,0.062782,0.797860,0.940693,940.536879,0.809474,0.539649,1.000000,0.642119,962.331127,0.000000,False,False,False,,,,105,12,0.500000,0.777778
0.000000,0.000000,29.000000,1.000000,0.000000,0.000000,1.000000,0.000000,0.000000,0.000000,8.113329,1.000000,1.000000,1.000000,1.000000,0.000000,0.000000,0.041739,0.782865,0.962930,939.907866,0.809174,0.539450,1.000000,0.629013,961.700705,0.000000,False,False,False,,,,106,12,0.535714,0.789474
0.000000,0.000000,29.000000,1.000000,0.000000,0.000000,1.000000,0.000000,0.000000,0.000000,8.017403,1.000000,1.000000,1.000000,1.000000,0.000000,0.000000,0.063367,0.792529,0.940517,939.269970,0.808883,0.539255,1.000000,0.637895,961.069145,0.000000,False,False,False,,,,107,12,0.500000,0.777778
0.000000,0.000000,29.000000,1.000000,0.000000,0.000000,1.000000,0.000000,1.000000,0.000000,7.894736,1.000000,1.000000,1.000000,1.000000,0.000000,0.000000,0.044230,0.809256,0.963066,938.619003,0.808590,0.539060,1.000000,0.650968,960.436223,0.000000,False,False,False,,,,108,12,0.535714,0.789474
0.000000,0.000000,29.000000,1.000000,0.000000,0.000000,1.000000,0.000000,0.000000,0.000000,8.277337,1.000000,1.000000,1.000000,1.000000,0.000000,0.000000,0.101958,0.772434,0.917104,938.024529,0.788035,0.525357,0.966667,0.594474,960.436223,0.000000,False,False,False,,,,109,12,0.535714,0.789474
0.000000,0.000000,29.000000,1.000000,0.000000,0.000000,1.000000,0.000000,0.000000,0.000000,8.317761,1.000000,1.000000,1.000000,1.000000,0.000000,0.000000,0.099923,0.804619,0.897717,937.395238,0.787392,0.524928,1.000000,0.629290,959.800016,0.000000,False,False,False,,,,110,12,0.642857,1.000000
0.000000,0.000000,29.000000,1.000000,0.000000,0.000000,1.000000,0.000000,0.000000,0.000000,8.392657,1.000000,1.000000,1.000000,1.000000,0.000000,0.000000,0.042886,0.880114,0.959431,936.705466,0.788032,0.525355,1.000000,0.689772,959.162198,0.000000,False,False,False,,,,111,12,0.642857,1.000000
0.000000,0.000000,29.000000,1.000000,0.000000,0.000000,1.000000,0.000000,0.000000,0.000000,8.449998,1.000000,1.000000,1.000000,1.000000,0.000000,0.000000,0.030422,0.887985,0.973060,936.009192,0.788408,0.525605,1.000000,0.696274,958.521073,0.000000,False,False,False,,,,112,12,0.642857,1.000000
0.000000,0.000000,29.000000,1.000000,0.000000,0.000000,1.000000,0.000000,0.000000,0.000000,8.402545,1.000000,1.000000,1.000000,1.000000,0.000000,0.000000,0.030667,0.892689,0.973455,935.308289,0.788777,0.525851,1.000000,0.700903,957.876754,0.000000,False,False,False,,,,113,12,0.642857,1.000000
0.000000,0.000000,29.000000,1.000000,0.000000,0.000000,1.000000,0.000000,0.000000,0.000000,8.295334,1.000000,1.000000,1.000000,1.000000,0.000000,0.000000,0.031018,0.892329,0.975225,934.606965,0.789132,0.526088,1.000000,0.701325,957.229511,0.000000,False,False,False,,,,114,12,0.642857,1.000000
0.000000,0.000000,29.000000,1.000000,0.000000,0.000000,1.000000,0.000000,0.000000,0.000000,8.199212,1.000000,1.000000,1.000000,1.000000,0.000000,0.000000,0.029512,0.896101,0.975983,933.902389,0.789479,0.526320,1.000000,0.704576,956.579462,0.000000,False,False,False,,,,115,12,0.642857,1.000000
0.000000,0.000000,29.000000,1.000000,0.000000,0.000000,1.000000,0.000000,0.000000,0.000000,8.097822,1.000000,1.000000,1.000000,1.000000,0.000000,0.000000,0.038337,0.893746,0.969374,933.198700,0.789821,0.526547,1.000000,0.703689,955.926863,0.000000,False,False,False,,,,116,12,0.642857,1.000000
0.000000,0.000000,29.000000,1.000000,0.000000,0.000000,1.000000,0.000000,0.000000,0.000000,8.013019,1.000000,1.000000,1.000000,1.000000,0.000000,0.000000,0.032787,0.910391,0.972267,932.482121,0.790169,0.526779,1.000000,0.716579,955.271640,0.000000,False,False,False,,,,117,12,0.678571,1.000000
0.000000,0.000000,29.000000,1.000000,0.000000,0.000000,1.000000,0.000000,1.000000,0.000000,7.904924,1.000000,1.000000,1.000000,1.000000,0.000000,0.000000,0.034649,0.912534,0.971458,931.763091,0.790501,0.527000,1.000000,0.719030,954.613923,0.000000,False,False,False,,,,118,12,0.642857,1.000000
0.000000,0.000000,29.000000,1.000000,0.000000,0.000000,1.000000,0.000000,0.000000,0.000000,8.504020,1.000000,1.000000,1.000000,1.000000,0.000000,0.000000,0.087847,0.861878,0.930322,931.111884,0.771111,0.514074,0.966667,0.651207,954.613923,0.000000,False,False,False,,,,119,12,0.642857,1.000000
0.000000,0.000000,29.000000,1.000000,0.000000,0.000000,1.000000,0.000000,0.000000,0.000000,8.519344,1.000000,1.000000,1.000000,1.000000,0.000000,0.000000,0.028944,0.920291,0.976601,930.404791,0.770191,0.513460,1.000000,0.707093,953.939429,0.000000,False,False,False,,,,120,12,0.642857,1.000000
0.000000,0.000000,29.000000,1.000000,0.000000,0.000000,1.000000,0.000000,0.000000,0.000000,8.524237,1.000000,1.000000,1.000000,1.000000,0.000000,0.000000,0.020594,0.915749,0.982029,929.701617,0.771007,0.514005,1.000000,0.703174,953.262565,0.000000,False,False,False,,,,121,12,0.642857,1.000000
0.000000,0.000000,29.000000,1.000000,0.000000,0.000000,1.000000,0.000000,0.000000,0.000000,8.519585,1.000000,1.000000,1.000000,1.000000,0.000000,0.000000,0.023589,0.914980,0.978789,928.997321,0.772338,0.514892,1.000000,0.704296,952.580504,0.000000,False,False,False,,,,122,12,0.642857,1.000000
0.000000,0.000000,29.000000,1.000000,0.000000,0.000000,1.000000,0.000000,0.000000,0.000000,8.522457,1.000000,1.000000,1.000000,1.000000,0.000000,0.000000,0.017436,0.911152,0.984916,928.295132,0.773708,0.515805,1.000000,0.702189,951.893695,0.000000,False,False,False,,,,123,12,0.642857,1.000000
0.000000,0.000000,29.000000,1.000000,0.000000,0.000000,1.000000,0.000000,0.000000,0.000000,8.519047,1.000000,1.000000,1.000000,1.000000,0.000000,0.000000,0.024768,0.908434,0.977658,927.593187,0.775260,0.516840,1.000000,0.701945,951.202291,0.000000,False,False,False,,,,124,12,0.642857,1.000000
0.000000,0.000000,29.000000,1.000000,0.000000,0.000000,1.000000,0.000000,0.000000,0.000000,8.516057,1.000000,1.000000,1.000000,1.000000,0.000000,0.000000,0.021568,0.892066,0.981648,926.902938,0.776896,0.517931,1.000000,0.690249,950.506610,0.000000,False,False,False,,,,125,12,0.642857,1.000000
0.000000,0.000000,29.000000,1.000000,0.000000,0.000000,1.000000,0.000000,0.000000,0.000000,8.514874,1.000000,1.000000,1.000000,1.000000,0.000000,0.000000,0.030019,0.899382,0.972403,926.204517,0.778651,0.519100,1.000000,0.698421,949.807221,0.000000,False,False,False,,,,126,12,0.642857,1.000000
0.000000,0.000000,29.000000,1.000000,0.000000,0.000000,1.000000,0.000000,0.000000,0.000000,8.515101,1.000000,1.000000,1.000000,1.000000,0.000000,0.000000,0.019173,0.898805,0.983550,925.505504,0.780301,0.520200,1.000000,0.699014,949.104426,0.000000,False,False,False,,,,127,12,0.642857,1.000000
0.000000,0.000000,29.000000,1.000000,0.000000,0.000000,1.000000,0.000000,0.000000,0.000000,8.513409,1.000000,1.000000,1.000000,1.000000,0.000000,0.000000,0.020457,0.904974,0.981908,924.799775,0.782158,0.521439,1.000000,0.705729,948.398676,0.000000,False,False,False,,,,128,12,0.642857,1.000000
0.000000,0.000000,29.000000,1.000000,0.000000,0.000000,1.000000,0.000000,0.000000,0.000000,8.415753,1.000000,1.000000,1.000000,1.000000,0.000000,0.000000,0.009770,0.896278,0.990661,924.100297,0.783825,0.522550,1.000000,0.699478,947.690140,0.000000,False,False,False,,,,129,12,0.642857,1.000000
0.000000,0.000000,29.000000,1.000000,0.000000,0.000000,1.000000,0.000000,0.000000,0.000000,8.263003,1.000000,1.000000,1.000000,1.000000,0.000000,0.000000,0.012736,0.892515,0.987634,923.402306,0.785539,0.523693,1.000000,0.697991,946.978940,0.000000,False,False,False,,,,130,12,0.642857,1.000000
0.000000,0.000000,29.000000,1.000000,0.000000,0.000000,1.000000,0.000000,0.000000,0.000000,8.116594,1.000000,1.000000,1.000000,1.000000,0.000000,0.000000,0.014168,0.886256,0.987243,922.707919,0.787133,0.524755,1.000000,0.694387,946.265118,0.000000,False,False,False,,,,131,12,0.642857,1.000000
0.000000,0.000000,29.000000,1.000000,0.000000,0.000000,1.000000,0.000000,1.000000,0.000000,7.987808,1.000000,1.000000,1.000000,1.000000,0.000000,0.000000,0.012776,0.894016,0.987942,922.005818,0.788598,0.525732,1.000000,0.702101,945.548817,0.000000,False,False,False,,,,132,12,0.642857,1.000000
0.000000,0.000000,29.000000,1.000000,0.000000,0.000000,1.000000,0.000000,0.000000,0.000000,8.124041,1.000000,1.000000,1.000000,1.000000,0.000000,0.000000,0.136357,0.759352,0.838170,921.422996,0.804053,0.536035,1.000000,0.582822,944.830162,0.000000,False,False,False,,,,133,12,0.642857,1.000000
0.000000,0.000000,29.000000,1.000000,0.000000,0.000000,1.000000,0.000000,2.000000,0.000000,7.876532,1.000000,1.000000,1.000000,1.000000,0.000000,0.000000,0.173789,0.716137,0.816600,920.849614,0.807601,0.538401,1.000000,0.573382,944.129913,0.000000,False,False,False,,,,134,12,0.642857,1.000000
0.000000,0.000000,29.000000,1.000000,0.000000,0.000000,1.000000,0.000000,1.000000,0.000000,7.554806,1.000000,1.000000,1.000000,1.000000,0.000000,0.000000,0.134059,0.740827,0.852626,920.248129,0.837796,0.558531,1.000000,0.601485,943.414978,0.000000,False,False,False,,,,135,12,0.678571,1.000000
0.000000,0.000000,29.000000,1.000000,0.000000,0.000000,1.000000,0.000000,1.000000,0.000000,7.500558,1.000000,1.000000,1.000000,1.000000,0.000000,0.000000,0.231158,0.666660,0.766733,919.696220,0.852393,0.568262,1.000000,0.551909,942.718830,0.000000,False,False,False,,,,136,12,0.678571,1.000000
0.000000,0.000000,29.000000,1.000000,0.000000,0.000000,1.000000,0.000000,0.000000,0.000000,8.279186,1.000000,1.000000,1.000000,1.000000,0.000000,0.000000,0.055835,0.853171,0.946438,918.960960,0.867773,0.578516,1.000000,0.735260,941.988412,0.000000,False,False,False,,,,137,12,0.678571,1.000000
0.000000,0.000000,29.000000,1.000000,0.000000,0.000000,1.000000,0.000000,0.000000,0.000000,8.111527,1.000000,1.000000,1.000000,1.000000,0.000000,0.000000,0.028612,0.892022,0.971671,918.186881,0.871464,0.580976,1.000000,0.774079,941.241985,0.000000,False,False,False,,,,138,12,0.678571,1.000000
0.000000,0.000000,29.000000,1.000000,0.000000,0.000000,1.000000,0.000000,1.000000,0.000000,7.991687,1.000000,1.000000,1.000000,1.000000,0.000000,0.000000,0.029279,0.905152,0.972318,917.398610,0.874316,0.582877,1.000000,0.788271,940.484211,0.000000,False,False,False,,,,139,12,0.678571,1.000000
0.000000,0.000000,29.000000,1.000000,0.000000,0.000000,1.000000,0.000000,0.000000,0.000000,8.272095,1.000000,1.000000,1.000000,1.000000,0.000000,0.000000,0.101592,0.822186,0.886407,916.683421,0.885520,0.590347,1.000000,0.715189,939.721322,0.000000,False,False,False,,,,140,12,0.678571,1.000000
0.000000,0.000000,29.000000,1.000000,0.000000,0.000000,1.000000,0.000000,1.000000,0.000000,7.359650,1.000000,1.000000,1.000000,1.000000,0.000000,0.000000,0.133393,0.775087,0.864185,915.998720,0.888999,0.592666,1.000000,0.684700,938.972245,0.000000,False,False,False,,,,141,12,0.678571,1.000000
0.000000,0.000000,29.000000,1.000000,0.000000,0.000000,1.000000,0.000000,0.000000,0.000000,8.145311,1.000000,1.000000,1.000000,1.000000,0.000000,0.000000,0.038115,0.885379,0.960463,915.202307,0.904714,0.603142,1.000000,0.796414,938.217352,0.000000,False,False,False,,,,142,12,0.678571,1.000000
0.000000,0.000000,29.000000,1.000000,0.000000,0.000000,1.000000,0.000000,0.000000,0.000000,8.158302,1.000000,1.000000,1.000000,1.000000,0.000000,0.000000,0.021522,0.904995,0.980814,914.380153,0.912179,0.608120,1.000000,0.822153,937.460338,0.000000,False,False,False,,,,143,12,0.678571,1.000000
0.000000,0.000000,29.000000,1.000000,0.000000,0.000000,1.000000,0.000000,0.000000,0.000000,8.177619,1.000000,1.000000,1.000000,1.000000,0.000000,0.000000,0.039217,0.916138,0.957889,913.539767,0.920370,0.613580,1.000000,0.840386,936.699780,0.000000,False,False,False,,,,144,12,0.678571,1.000000
0.000000,0.000000,29.000000,1.000000,0.000000,0.000000,1.000000,0.000000,0.000000,0.000000,8.119290,1.000000,1.000000,1.000000,1.000000,0.000000,0.000000,0.019090,0.933529,0.982010,912.672846,0.929344,0.619563,1.000000,0.866921,935.938233,0.000000,False,False,False,,,,145,12,0.642857,1.000000
0.000000,0.000000,29.000000,1.000000,0.000000,0.000000,1.000000,0.000000,0.000000,0.000000,8.143894,1.000000,1.000000,1.000000,1.000000,0.000000,0.000000,0.023934,0.936639,0.978297,911.795163,0.937992,0.625328,1.000000,0.877683,935.176341,0.000000,False,False,False,,,,146,12,0.642857,1.000000
0.000000,0.000000,29.000000,1.000000,0.000000,0.000000,1.000000,0.000000,0.000000,0.000000,8.170162,1.000000,1.000000,1.000000,1.000000,0.000000,0.000000,0.022178,0.930325,0.979321,910.916459,0.945770,0.630514,1.000000,0.878703,934.415318,0.000000,False,False,False,,,,147,12,0.642857,1.000000
0.000000,0.000000,29.000000,1.000000,0.000000,0.000000,1.000000,0.000000,0.000000,0.000000,8.173101,1.000000,1.000000,1.000000,1.000000,0.000000,0.000000,0.021427,0.933891,0.982840,910.029664,0.950497,0.633664,1.000000,0.886796,933.655961,0.000000,False,False,False,,,,148,12,0.642857,1.000000
0.000000,0.000000,29.000000,1.000000,0.000000,0.000000,1.000000,0.000000,0.000000,0.000000,8.173366,1.000000,1.000000,1.000000,1.000000,0.000000,0.000000,0.018270,0.931056,0.980967,909.144557,0.952873,0.635249,1.000000,0.885106,932.898841,0.000000,False,False,False,,,,149,12,0.642857,1.000000
0.000000,0.000000,29.000000,1.000000,0.000000,0.000000,1.000000,0.000000,0.000000,0.000000,8.130733,1.000000,1.000000,1.000000,1.000000,0.000000,0.000000,0.014851,0.927481,0.985303,908.261262,0.955268,0.636845,1.000000,0.883295,932.144933,0.000000,False,False,False,,,,150,12,0.642857,1.000000
0.000000,0.000000,29.000000,1.000000,0.000000,0.000000,1.000000,0.000000,0.000000,0.000000,8.105969,1.000000,1.000000,1.000000,1.000000,0.000000,0.000000,0.015532,0.921614,0.984120,907.382022,0.957634,0.638423,1.000000,0.879241,931.394026,0.000000,False,False,False,,,,151,12,0.642857,1.000000
0.000000,0.000000,29.000000,1.000000,0.000000,0.000000,1.000000,0.000000,0.000000,0.000000,8.056770,1.000000,1.000000,1.000000,1.000000,0.000000,0.000000,0.012234,0.912014,0.988293,906.510893,0.959165,0.639443,1.000000,0.871129,930.646872,0.000000,False,False,False,,,,152,12,0.642857,1.000000
0.000000,0.000000,29.000000,1.000000,0.000000,0.000000,1.000000,0.000000,0.000000,0.000000,8.247508,1.000000,1.000000,1.000000,1.000000,0.000000,0.000000,0.013313,0.901772,0.987874,905.648050,0.960800,0.640533,1.000000,0.862843,929.902798,0.000000,False,False,False,,,,153,12,0.607143,1.000000
0.000000,0.000000,29.000000,1.000000,0.000000,0.000000,1.000000,0.000000,0.000000,0.000000,8.214773,1.000000,1.000000,1.000000,1.000000,0.000000,0.000000,0.026284,0.890907,0.973008,904.795575,0.962357,0.641571,1.000000,0.852475,929.162562,0.000000,False,False,False,,,,154,12,0.607143,1.000000
0.000000,0.000000,29.000000,1.000000,0.000000,0.000000,1.000000,0.000000,1.000000,0.000000,7.854652,1.000000,1.000000,1.000000,1.000000,0.000000,0.000000,0.019161,0.893344,0.982496,903.939244,0.963857,0.642571,1.000000,0.856331,928.426108,0.000000,False,False,False,,,,155,12,0.607143,1.000000
0.000000,0.000000,29.000000,1.000000,0.000000,0.000000,1.000000,0.000000,1.000000,0.000000,7.484438,1.000000,1.000000,1.000000,1.000000,0.000000,0.000000,0.069429,0.848349,0.929887,903.123487,0.969184,0.646122,1.000000,0.815757,927.692370,0.000000,False,False,False,,,,156,12,0.607143,1.000000
0.000000,0.000000,29.000000,1.000000,0.000000,0.000000,1.000000,0.000000,0.000000,0.000000,8.281702,1.000000,1.000000,1.000000,1.000000,0.000000,0.000000,0.079808,0.817125,0.924475,902.333839,0.974343,0.649562,1.000000,0.789648,926.960855,0.000000,False,False,False,,,,157,12,0.607143,1.000000
0.000000,0.000000,29.000000,1.000000,0.000000,0.000000,1.000000,0.000000,0.000000,0.000000,8.286256,1.000000,1.000000,1.000000,1.000000,0.000000,0.000000,0.070245,0.813322,0.946823,901.544756,0.979248,0.652832,1.000000,0.789083,926.231046,0.000000,False,False,False,,,,158,12,0.607143,1.000000
0.000000,0.000000,29.000000,1.000000,0.000000,0.000000,1.000000,0.000000,0.000000,0.000000,8.284636,1.000000,1.000000,1.000000,1.000000,0.000000,0.000000,0.013585,0.873187,0.988751,900.691645,0.984779,0.656519,1.000000,0.853112,925.492684,0.000000,False,False,False,,,,159,12,0.607143,1.000000
0.000000,0.000000,29.000000,1.000000,0.000000,0.000000,1.000000,0.000000,0.000000,0.000000,8.283129,1.000000,1.000000,1.000000,1.000000,0.000000,0.000000,0.015073,0.877263,0.985519,899.829610,0.987100,0.658067,1.000000,0.862035,924.753104,0.000000,False,False,False,,,,160,12,0.607143,1.000000
0.000000,0.000000,29.000000,1.000000,0.000000,0.000000,1.000000,0.000000,0.000000,0.000000,8.284877,1.000000,1.000000,1.000000,1.000000,0.000000,0.000000,0.012515,0.880719,0.989065,898.959803,0.992770,0.661846,1.000000,0.869807,924.013694,0.000000,False,False,False,,,,161,12,0.607143,1.000000
0.000000,0.000000,29.000000,1.000000,0.000000,0.000000,1.000000,0.000000,0.000000,0.000000,8.285747,1.000000,1.000000,1.000000,1.000000,0.000000,0.000000,0.011763,0.889643,0.990149,898.075814,0.998090,0.665393,1.000000,0.883989,923.271433,0.000000,False,False,False,,,,162,12,0.607143,1.000000
0.000000,0.000000,29.000000,1.000000,0.000000,0.000000,1.000000,0.000000,0.000000,0.000000,8.276771,1.000000,1.000000,1.000000,1.000000,0.000000,0.000000,0.012278,0.907297,0.990041,897.168167,1.002759,0.668506,1.000000,0.907647,922.528268,0.000000,False,False,False,,,,163,12,0.607143,1.000000
0.000000,0.000000,29.000000,1.000000,0.000000,0.000000,1.000000,0.000000,0.000000,0.000000,8.249608,1.000000,1.000000,1.000000,1.000000,0.000000,0.000000,0.021483,0.897399,0.979829,896.266506,1.007746,0.671831,1.000000,0.901660,921.784774,0.000000,False,False,False,,,,164,12,0.607143,1.000000
0.000000,0.000000,29.000000,1.000000,0.000000,0.000000,1.000000,0.000000,0.000000,0.000000,8.233076,1.000000,1.000000,1.000000,1.000000,0.000000,0.000000,0.017421,0.923538,0.984715,895.332517,1.012993,0.675329,1.000000,0.933989,921.041391,0.000000,False,False,False,,,,165,12,0.607143,1.000000
0.000000,0.000000,29.000000,1.000000,0.000000,0.000000,1.000000,0.000000,0.000000,0.000000,8.163199,1.000000,1.000000,1.000000,1.000000,0.000000,0.000000,0.007545,0.931086,0.992680,894.386681,1.017925,0.678617,1.000000,0.945836,920.295225,0.000000,False,False,False,,,,166,12,0.607143,1.000000
0.000000,0.000000,29.000000,1.000000,0.000000,0.000000,1.000000,0.000000,0.000000,0.000000,8.210533,1.000000,1.000000,1.000000,1.000000,0.000000,0.000000,0.011810,0.935833,0.989106,893.430799,1.022884,0.681922,1.000000,0.955882,919.547793,0.000000,False,False,False,,,,167,12,0.607143,1.000000
0.000000,0.000000,29.000000,1.000000,0.000000,0.000000,1.000000,0.000000,0.000000,0.000000,8.108764,1.000000,1.000000,1.000000,1.000000,0.000000,0.000000,0.009031,0.944361,0.992072,892.462608,1.026818,0.684546,1.000000,0.968191,918.798698,0.000000,False,False,False,,,,168,12,0.607143,1.000000
0.000000,0.000000,29.000000,1.000000,0.000000,0.000000,1.000000,0.000000,0.000000,0.000000,8.127434,1.000000,1.000000,1.000000,1.000000,0.000000,0.000000,0.016097,0.946069,0.983151,891.490366,1.029544,0.686363,1.000000,0.972242,918.048719,0.000000,False,False,False,,,,169,12,0.607143,1.000000
0.000000,0.000000,29.000000,1.000000,0.000000,0.000000,1.000000,0.000000,0.000000,0.000000,8.009986,1.000000,1.000000,1.000000,1.000000,0.000000,0.000000,0.017831,0.945359,0.983426,890.515859,1.032316,0.688211,1.000000,0.974506,917.297399,0.000000,False,False,False,,,,170,12,0.607143,1.000000
0.000000,0.000000,29.000000,1.000000,0.000000,0.000000,1.000000,0.000000,0.000000,0.000000,8.029911,1.000000,1.000000,1.000000,1.000000,0.000000,0.000000,0.025686,0.953167,0.977068,889.529627,1.034770,0.689847,1.000000,0.986232,916.545197,0.000000,False,False,False,,,,171,12,0.607143,1.000000
0.000000,0.000000,29.000000,1.000000,0.000000,0.000000,1.000000,0.000000,2.000000,0.000000,7.911049,1.000000,1.000000,1.000000,1.000000,0.000000,0.000000,0.012699,0.953777,0.987568,888.541063,1.037030,0.691353,1.000000,0.988564,915.791304,0.000000,False,False,False,,,,172,12,0.607143,1.000000
0.000000,0.000000,29.000000,1.000000,0.000000,0.000000,1.000000,0.000000,0.000000,0.000000,8.619600,1.000000,1.000000,1.000000,1.000000,0.000000,0.000000,0.109502,0.858559,0.882694,887.648491,1.035674,0.690449,1.000000,0.892572,915.036647,0.000000,False,False,False,,,,173,12,0.607143,1.000000
0.000000,0.000000,29.000000,1.000000,0.000000,0.000000,1.000000,0.000000,1.000000,0.000000,7.353598,1.000000,1.000000,1.000000,1.000000,0.000000,0.000000,0.168251,0.773256,0.826613,886.849037,1.037434,0.691623,1.000000,0.799454,914.297085,0.000000,False,False,False,,,,174,12,0.571429,1.000000
0.000000,0.000000,29.000000,1.000000,0.000000,0.000000,1.000000,0.000000,1.000000,0.000000,7.824677,1.000000,1.000000,1.000000,1.000000,0.000000,0.000000,0.088141,0.863976,0.913738,885.954339,1.037022,0.691348,1.000000,0.894698,913.559756,0.000000,False,False,False,,,,175,12,0.571429,1.000000
0.000000,0.000000,29.000000,1.000000,0.000000,0.000000,1.000000,0.000000,0.000000,0.000000,8.462954,1.000000,1.000000,1.000000,1.000000,0.000000,0.000000,0.058678,0.891485,0.942395,885.034299,1.033078,0.688719,1.000000,0.920040,912.823596,0.000000,False,False,False,,,,176,12,0.571429,1.000000
0.000000,0.000000,29.000000,1.000000,0.000000,0.000000,1.000000,0.000000,0.000000,0.000000,8.371889,1.000000,1.000000,1.000000,1.000000,0.000000,0.000000,0.024182,0.936997,0.977793,884.067899,1.034825,0.689883,1.000000,0.966400,912.087597,0.000000,False,False,False,,,,177,12,0.571429,1.000000
0.000000,0.000000,29.000000,1.000000,0.000000,0.000000,1.000000,0.000000,0.000000,0.000000,8.270230,1.000000,1.000000,1.000000,1.000000,0.000000,0.000000,0.033571,0.942400,0.972663,883.093685,1.036170,0.690780,1.000000,0.974214,911.350263,0.000000,False,False,False,,,,178,12,0.592593,1.000000
0.000000,0.000000,29.000000,1.000000,0.000000,0.000000,1.000000,0.000000,0.000000,0.000000,8.151083,1.000000,1.000000,1.000000,1.000000,0.000000,0.000000,0.058590,0.934411,0.961231,882.124363,1.036422,0.690948,1.000000,0.969323,910.610962,0.000000,False,False,False,,,,179,12,0.592593,1.000000
0.000000,0.000000,29.000000,1.000000,0.000000,0.000000,1.000000,0.000000,0.000000,0.000000,8.115259,1.000000,1.000000,1.000000,1.000000,0.000000,0.000000,0.027736,0.965778,0.975612,881.123612,1.036452,0.690968,1.000000,1.000751,909.868726,0.000000,False,False,False,,,,180,12,0.592593,1.000000
0.000000,0.000000,29.000000,1.000000,0.000000,0.000000,1.000000,0.000000,0.000000,0.000000,8.066175,1.000000,1.000000,1.000000,1.000000,0.000000,0.000000,0.032103,0.963826,0.973052,880.128532,1.032505,0.688337,1.000000,0.995079,909.123256,0.000000,False,False,False,,,,181,12,0.555556,1.000000
0.000000,0.000000,29.000000,1.000000,0.000000,0.000000,1.000000,0.000000,0.000000,0.000000,8.046187,1.000000,1.000000,1.000000,1.000000,0.000000,0.000000,0.016544,0.980656,0.986564,879.110144,1.038603,0.692402,1.000000,1.018389,908.373593,0.000000,False,False,False,,,,182,12,0.555556,1.000000
0.000000,0.000000,29.000000,1.000000,0.000000,0.000000,1.000000,0.000000,1.000000,0.000000,7.970156,1.000000,1.000000,1.000000,1.000000,0.000000,0.000000,0.021177,0.976055,0.980037,878.095903,1.039628,0.693085,1.000000,1.014240,907.620845,0.000000,False,False,False,,,,183,12,0.555556,1.000000
0.000000,0.000000,29.000000,1.000000,0.000000,0.000000,1.000000,0.000000,0.000000,0.000000,8.209843,1.000000,1.000000,1.000000,1.000000,0.000000,0.000000,0.036585,0.959819,0.971651,877.104480,1.032814,0.688542,1.000000,0.991423,906.864143,0.000000,False,False,False,,,,184,12,0.555556,1.000000
0.000000,0.000000,29.000000,1.000000,0.000000,0.000000,1.000000,0.000000,0.000000,0.000000,8.046578,1.000000,1.000000,1.000000,1.000000,0.000000,0.000000,0.055129,0.940521,0.968268,876.126498,1.036800,0.691200,1.000000,0.977982,906.103703,0.000000,False,False,False,,,,185,12,0.555556,1.000000
0.000000,0.000000,29.000000,1.000000,0.000000,0.000000,1.000000,0.000000,0.000000,0.000000,8.025633,1.000000,1.000000,1.000000,1.000000,0.000000,0.000000,0.033745,0.961775,0.971456,875.131239,1.033502,0.689002,1.000000,0.995259,905.340285,0.000000,False,False,False,,,,186,12,0.555556,1.000000
0.000000,0.000000,29.000000,1.000000,0.000000,0.000000,1.000000,0.000000,1.000000,0.000000,7.930780,1.000000,1.000000,1.000000,1.000000,0.000000,0.000000,0.033613,0.961192,0.977408,874.133319,1.036355,0.690903,1.000000,0.997920,904.574133,0.000000,False,False,False,,,,187,12,0.555556,1.000000
0.000000,0.000000,29.000000,1.000000,0.000000,0.000000,1.000000,0.000000,0.000000,0.000000,8.342006,1.000000,1.000000,1.000000,1.000000,0.000000,0.000000,0.023792,0.969216,0.982924,873.131448,1.033174,0.688782,1.000000,1.001871,903.805598,0.000000,False,False,False,,,,188,12,0.555556,1.000000
0.000000,0.000000,29.000000,1.000000,0.000000,0.000000,1.000000,0.000000,0.000000,0.000000,8.087125,1.000000,1.000000,1.000000,1.000000,0.000000,0.000000,0.028338,0.961257,0.976956,872.141753,1.029198,0.686132,1.000000,0.989695,903.035731,0.000000,False,False,False,,,,189,12,0.555556,1.000000
0.000000,0.000000,29.000000,1.000000,0.000000,0.000000,1.000000,0.000000,0.000000,0.000000,8.042551,1.000000,1.000000,1.000000,1.000000,0.000000,0.000000,0.033822,0.951680,0.979053,871.158179,1.032990,0.688660,1.000000,0.983574,902.264181,0.000000,False,False,False,,,,190,12,0.555556,1.000000
0.000000,0.000000,29.000000,1.000000,0.000000,0.000000,1.000000,0.000000,1.000000,0.000000,7.953649,1.000000,1.000000,1.000000,1.000000,0.000000,0.000000,0.057278,0.932062,0.972982,870.191819,1.033937,0.689292,1.000000,0.966360,901.491531,0.000000,False,False,False,,,,191,12,0.555556,1.000000
0.000000,0.000000,29.000000,1.000000,0.000000,0.000000,1.000000,0.000000,0.000000,0.000000,8.325885,1.000000,1.000000,1.000000,1.000000,0.000000,0.000000,0.035373,0.946544,0.980175,869.213410,1.032131,0.688088,1.000000,0.978409,900.718307,0.000000,False,False,False,,,,192,12,0.555556,1.000000
0.000000,0.000000,29.000000,1.000000,0.000000,0.000000,1.000000,0.000000,0.000000,0.000000,8.089269,1.000000,1.000000,1.000000,1.000000,0.000000,0.000000,0.038720,0.941909,0.982275,868.243112,1.030891,0.687261,1.000000,0.970298,899.944709,0.000000,False,False,False,,,,193,12,0.555556,1.000000
0.000000,0.000000,29.000000,1.000000,0.000000,0.000000,1.000000,0.000000,0.000000,0.000000,8.020803,1.000000,1.000000,1.000000,1.000000,0.000000,0.000000,0.047222,0.929640,0.974997,867.287153,1.030206,0.686804,1.000000,0.955959,899.170573,0.000000,False,False,False,,,,194,12,0.555556,1.000000
0.000000,0.000000,29.000000,1.000000,0.000000,0.000000,1.000000,0.000000,1.000000,0.000000,7.946359,1.000000,1.000000,1.000000,1.000000,0.000000,0.000000,0.071358,0.912714,0.969686,866.346629,1.029114,0.686076,1.000000,0.940525,898.396385,0.000000,False,False,False,,,,195,12,0.555556,1.000000
0.000000,0.000000,29.000000,1.000000,0.000000,0.000000,1.000000,0.000000,0.000000,0.000000,8.365338,1.000000,1.000000,1.000000,1.000000,0.000000,0.000000,0.037157,0.938679,0.984121,865.384430,1.026811,0.684540,1.000000,0.962198,897.622108,0.000000,False,False,False,,,,196,12,0.555556,1.000000
0.000000,0.000000,29.000000,1.000000,0.000000,0.000000,1.000000,0.000000,0.000000,0.000000,8.136161,1.000000,1.000000,1.000000,1.000000,0.000000,0.000000,0.051783,0.920492,0.971755,864.439533,1.026448,0.684298,1.000000,0.944897,896.848093,0.000000,False,False,False,,,,197,12,0.555556,1.000000
0.000000,0.000000,29.000000,1.000000,0.000000,0.000000,1.000000,0.000000,0.000000,0.000000,8.093372,1.000000,1.000000,1.000000,1.000000,0.000000,0.000000,0.054736,0.916153,0.966112,863.502712,1.024498,0.682998,1.000000,0.936821,896.074054,0.000000,False,False,False,,,,198,12,0.555556,1.000000
0.000000,0.000000,29.000000,1.000000,0.000000,0.000000,1.000000,0.000000,0.000000,0.000000,8.065792,1.000000,1.000000,1.000000,1.000000,0.000000,0.000000,0.089315,0.890764,0.954728,862.585675,1.024851,0.683234,1.000000,0.917037,895.300400,0.000000,False,False,False,,,,199,12,0.518519,1.000000
0.000000,0.000000,29.000000,1.000000,0.000000,0.000000,1.000000,0.000000,0.000000,0.000000,8.324506,1.000000,1.000000,1.000000,1.000000,0.000000,0.000000,0.058093,0.913512,0.958595,861.649813,1.024056,0.682704,1.000000,0.935862,894.527103,0.000000,False,False,False,,,,200,12,0.481481,1.000000
0.000000,0.000000,29.000000,1.000000,0.000000,0.000000,1.000000,0.000000,0.000000,0.000000,8.304245,1.000000,1.000000,1.000000,1.000000,0.000000,0.000000,0.071229,0.908576,0.952956,860.716446,1.025473,0.683648,1.000000,0.933367,893.754372,0.000000,False,False,False,,,,201,12,0.481481,1.000000
0.000000,0.000000,29.000000,1.000000,0.000000,0.000000,1.000000,0.000000,0.000000,0.000000,8.548683,1.000000,1.000000,1.000000,1.000000,0.000000,0.000000,0.082119,0.905228,0.939510,859.792044,1.025716,0.683811,1.000000,0.924401,892.982482,0.000000,False,False,False,,,,202,12,0.481481,1.000000
0.000000,0.000000,29.000000,1.000000,0.000000,0.000000,1.000000,0.000000,0.000000,0.000000,8.162088,1.000000,1.000000,1.000000,1.000000,0.000000,0.000000,0.095584,0.898024,0.940035,858.872389,1.025853,0.683902,1.000000,0.919656,892.210764,0.000000,False,False,False,,,,203,12,0.481481,1.000000
0.000000,0.000000,29.000000,1.000000,0.000000,0.000000,1.000000,0.000000,0.000000,0.000000,8.595612,1.000000,1.000000,1.000000,1.000000,0.000000,0.000000,0.054116,0.941411,0.967585,857.904595,1.028191,0.685461,1.000000,0.967794,891.438511,0.000000,False,False,False,,,,204,12,0.444444,1.000000
0.000000,0.000000,29.000000,1.000000,0.000000,0.000000,1.000000,0.000000,0.000000,0.000000,8.271387,1.000000,1.000000,1.000000,1.000000,0.000000,0.000000,0.052841,0.943269,0.962773,856.934721,1.025865,0.683910,1.000000,0.969874,890.665407,0.000000,False,False,False,,,,205,12,0.444444,1.000000
0.000000,0.000000,29.000000,1.000000,0.000000,0.000000,1.000000,0.000000,0.000000,0.000000,8.696627,1.000000,1.000000,1.000000,1.000000,0.000000,0.000000,0.051420,0.942604,0.967745,855.963886,1.026190,0.684127,1.000000,0.970835,889.891605,0.000000,False,False,False,,,,206,12,0.444444,1.000000
0.000000,0.000000,29.000000,1.000000,0.000000,0.000000,1.000000,0.000000,0.000000,0.000000,8.366558,1.000000,1.000000,1.000000,1.000000,0.000000,0.000000,0.072927,0.917359,0.965739,855.025411,1.021097,0.680731,1.000000,0.938474,889.116986,0.000000,False,False,False,,,,207,12,0.444444,1.000000
0.000000,0.000000,29.000000,1.000000,0.000000,0.000000,1.000000,0.000000,0.000000,0.000000,8.565323,1.000000,1.000000,1.000000,1.000000,0.000000,0.000000,0.071537,0.922529,0.956049,854.072791,1.028644,0.685762,1.000000,0.952620,888.342251,0.000000,False,False,False,,,,208,12,0.444444,1.000000
0.000000,0.000000,29.000000,1.000000,0.000000,0.000000,1.000000,0.000000,0.000000,0.000000,8.468632,1.000000,1.000000,1.000000,1.000000,0.000000,0.000000,0.114714,0.875792,0.956615,853.162626,1.028726,0.685817,1.000000,0.910165,887.567007,0.000000,False,False,False,,,,209,12,0.444444,1.000000
0.000000,0.000000,29.000000,1.000000,0.000000,0.000000,1.000000,0.000000,0.000000,0.000000,8.747816,1.000000,1.000000,1.000000,1.000000,0.000000,0.000000,0.077663,0.916166,0.953838,852.217944,1.028479,0.685653,1.000000,0.944682,886.791460,0.000000,False,False,False,,,,210,12,0.444444,1.000000
0.000000,0.000000,29.000000,1.000000,0.000000,0.000000,1.000000,0.000000,0.000000,0.000000,8.459290,1.000000,1.000000,1.000000,1.000000,0.000000,0.000000,0.082774,0.910313,0.954200,851.273699,1.031439,0.687626,1.000000,0.944246,886.016175,0.000000,False,False,False,,,,211,12,0.444444,1.000000
0.000000,0.000000,29.000000,1.000000,0.000000,0.000000,1.000000,0.000000,0.000000,0.000000,8.711328,1.000000,1.000000,1.000000,1.000000,0.000000,0.000000,0.082062,0.911795,0.949159,850.335268,1.027095,0.684730,1.000000,0.938431,885.240808,0.000000,False,False,False,,,,212,12,0.444444,1.000000
0.000000,0.000000,29.000000,1.000000,0.000000,0.000000,1.000000,0.000000,0.000000,0.000000,8.458663,1.000000,1.000000,1.000000,1.000000,0.000000,0.000000,0.104801,0.882303,0.962521,849.415843,1.031886,0.687924,1.000000,0.919426,884.465435,0.000000,False,False,False,,,,213,12,0.444444,1.000000
0.000000,0.000000,29.000000,1.000000,0.000000,0.000000,1.000000,0.000000,0.000000,0.000000,8.450973,1.000000,1.000000,1.000000,1.000000,0.000000,0.000000,0.084623,0.906787,0.962408,848.472964,1.032110,0.688074,1.000000,0.942879,883.690036,0.000000,False,False,False,,,,214,12,0.444444,1.000000
0.000000,0.000000,29.000000,1.000000,0.000000,0.000000,1.000000,0.000000,0.000000,0.000000,8.747078,1.000000,1.000000,1.000000,1.000000,0.000000,0.000000,0.094140,0.897112,0.962527,847.544523,1.029211,0.686141,1.000000,0.928441,882.914403,0.000000,False,False,False,,,,215,12,0.444444,1.000000
0.000000,0.000000,29.000000,1.000000,0.000000,0.000000,1.000000,0.000000,0.000000,0.000000,8.788787,1.000000,1.000000,1.000000,1.000000,0.000000,0.000000,0.087569,0.904471,0.959244,846.602839,1.034504,0.689670,1.000000,0.941684,882.139080,0.000000,False,False,False,,,,216,12,0.444444,1.000000
0.000000,0.000000,29.000000,1.000000,0.000000,0.000000,1.000000,0.000000,0.000000,0.000000,8.841716,1.000000,1.000000,1.000000,1.000000,0.000000,0.000000,0.127444,0.860499,0.958253,845.707070,1.030875,0.687250,1.000000,0.895769,881.364627,0.000000,False,False,False,,,,217,12,0.444444,1.000000
0.000000,0.000000,29.000000,1.000000,0.000000,0.000000,1.000000,0.000000,0.000000,0.000000,8.588319,1.000000,1.000000,1.000000,1.000000,0.000000,0.000000,0.101255,0.889230,0.951784,844.778213,1.036963,0.691309,1.000000,0.928858,880.590508,0.000000,False,False,False,,,,218,12,0.444444,1.000000
0.000000,0.000000,29.000000,1.000000,0.000000,0.000000,1.000000,0.000000,0.000000,0.000000,8.847478,1.000000,1.000000,1.000000,1.000000,0.000000,0.000000,0.110904,0.878141,0.958255,843.858007,1.038050,0.692033,1.000000,0.920205,879.816998,0.000000,False,False,False,,,,219,12,0.444444,1.000000
0.000000,0.000000,29.000000,1.000000,0.000000,0.000000,1.000000,0.000000,0.000000,0.000000,8.601165,1.000000,1.000000,1.000000,1.000000,0.000000,0.000000,0.094130,0.894859,0.957897,842.925870,1.036622,0.691081,1.000000,0.932137,879.043633,0.000000,False,False,False,,,,220,12,0.444444,1.000000
0.000000,0.000000,29.000000,1.000000,0.000000,0.000000,1.000000,0.000000,0.000000,0.000000,8.983778,1.000000,1.000000,1.000000,1.000000,0.000000,0.000000,0.125868,0.858161,0.966896,842.020783,1.041105,0.694070,1.000000,0.905087,878.270345,0.000000,False,False,False,,,,221,12,0.444444,1.000000
0.000000,0.000000,29.000000,1.000000,0.000000,0.000000,1.000000,0.000000,0.000000,0.000000,8.477881,1.000000,1.000000,1.000000,1.000000,0.000000,0.000000,0.125796,0.862248,0.941333,841.119622,1.036431,0.690954,1.000000,0.901161,877.496828,0.000000,False,False,False,,,,222,12,0.423077,1.000000
0.000000,0.000000,29.000000,1.000000,0.000000,0.000000,1.000000,0.000000,0.000000,0.000000,8.951598,1.000000,1.000000,1.000000,1.000000,0.000000,0.000000,0.123345,0.863228,0.958328,840.206965,1.043223,0.695482,1.000000,0.912657,876.723279,0.000000,False,False,False,,,,223,12,0.423077,1.000000
0.000000,0.000000,29.000000,1.000000,0.000000,0.000000,1.000000,0.000000,0.000000,0.000000,8.710480,1.000000,1.000000,1.000000,1.000000,0.000000,0.000000,0.110095,0.875041,0.963132,839.284722,1.043618,0.695745,1.000000,0.922243,875.950147,0.000000,False,False,False,,,,224,12,0.423077,1.000000
0.000000,0.000000,29.000000,1.000000,0.000000,0.000000,1.000000,0.000000,0.000000,0.000000,9.092753,1.000000,1.000000,1.000000,1.000000,0.000000,0.000000,0.147912,0.828255,0.960697,838.409836,1.041185,0.694123,1.000000,0.874886,875.177324,0.000000,False,False,False,,,,225,12,0.423077,1.000000
0.000000,0.000000,29.000000,1.000000,0.000000,0.000000,1.000000,0.000000,0.000000,0.000000,8.926527,1.000000,1.000000,1.000000,1.000000,0.000000,0.000000,0.130231,0.851737,0.954091,837.504993,1.046780,0.697853,1.000000,0.904842,874.404394,0.000000,False,False,False,,,,226,12,0.423077,1.000000
0.000000,0.000000,29.000000,1.000000,0.000000,0.000000,1.000000,0.000000,0.000000,0.000000,9.059780,1.000000,1.000000,1.000000,1.000000,0.000000,0.000000,0.136195,0.847013,0.974349,836.602424,1.046570,0.697714,1.000000,0.902569,873.631494,0.000000,False,False,False,,,,227,12,0.423077,1.000000
0.000000,0.000000,29.000000,1.000000,0.000000,0.000000,1.000000,0.000000,0.000000,0.000000,8.879738,1.000000,1.000000,1.000000,1.000000,0.000000,0.000000,0.132252,0.845040,0.967921,835.707910,1.045080,0.696720,1.000000,0.894514,872.858396,0.000000,False,False,False,,,,228,12,0.423077,1.000000
0.000000,0.000000,29.000000,1.000000,0.000000,0.000000,1.000000,0.000000,0.000000,0.000000,9.073987,2.000000,0.766667,0.766667,1.000000,1.000000,0.000000,0.168601,0.806758,0.974582,834.844211,1.048853,0.699236,1.000000,0.863699,872.085329,0.000000,False,False,False,,,,229,12,0.423077,1.000000
0.000000,0.000000,29.000000,1.000000,0.000000,0.000000,1.000000,0.000000,0.000000,0.000000,9.093380,2.000000,0.766667,0.766667,1.000000,1.000000,0.000000,0.149865,0.822301,0.977193,833.969733,1.044247,0.696165,1.000000,0.874478,871.311915,0.000000,False,False,False,,,,230,12,0.423077,1.000000
0.000000,0.000000,29.000000,1.000000,0.000000,0.000000,1.000000,0.000000,0.000000,0.000000,9.129222,2.000000,0.766667,0.766667,1.000000,1.000000,0.000000,0.186801,0.785905,0.985156,833.123485,1.050263,0.700175,1.000000,0.846247,870.537944,0.000000,False,False,False,,,,231,12,0.423077,1.000000
0.000000,0.000000,29.000000,1.000000,0.000000,0.000000,1.000000,0.000000,0.000000,0.000000,9.133757,2.000000,0.766667,0.766667,1.000000,1.000000,0.000000,0.169176,0.803526,0.987405,832.257055,1.051639,0.701093,1.000000,0.866430,869.763567,0.000000,False,False,False,,,,232,12,0.423077,1.000000
0.000000,0.000000,29.000000,1.000000,0.000000,0.000000,1.000000,0.000000,0.000000,0.000000,9.065424,2.000000,0.766667,0.766667,1.000000,1.000000,0.000000,0.181063,0.788277,0.976980,831.411433,1.050795,0.700530,1.000000,0.845622,868.988795,0.000000,False,False,False,,,,233,12,0.423077,1.000000
0.000000,0.000000,29.000000,1.000000,0.000000,0.000000,1.000000,0.000000,0.000000,0.000000,8.977729,2.000000,0.766667,0.766667,1.000000,1.000000,0.000000,0.188685,0.784106,0.986510,830.562604,1.053158,0.702106,1.000000,0.848829,868.213417,0.000000,False,False,False,,,,234,12,0.384615,1.000000
0.000000,0.000000,29.000000,1.000000,0.000000,0.000000,1.000000,0.000000,0.000000,0.000000,8.906252,2.000000,0.766667,0.766667,1.000000,1.000000,0.000000,0.225185,0.743747,0.982863,829.753665,1.053893,0.702595,1.000000,0.808939,867.437945,0.000000,False,False,False,,,,235,12,0.384615,1.000000
0.000000,0.000000,29.000000,1.000000,0.000000,0.000000,1.000000,0.000000,0.000000,0.000000,8.841141,2.000000,0.766667,0.766667,1.000000,1.000000,0.000000,0.199621,0.756884,0.980304,828.942026,1.049701,0.699800,1.000000,0.811638,866.662057,0.000000,False,False,False,,,,236,12,0.384615,1.000000
0.000000,0.000000,29.000000,1.000000,0.000000,0.000000,1.000000,0.000000,0.000000,0.000000,8.761836,2.000000,0.766667,0.766667,1.000000,1.000000,0.000000,0.228873,0.763233,0.853460,828.120505,1.056469,0.704313,1.000000,0.821521,865.885761,0.000000,False,False,False,,,,237,12,0.400000,1.000000
0.000000,0.000000,29.000000,1.000000,0.000000,0.000000,1.000000,0.000000,0.000000,0.000000,8.699338,2.000000,0.766667,0.766667,1.000000,1.000000,0.000000,0.229827,0.765331,0.803554,827.309623,1.053903,0.702602,1.000000,0.810882,865.109121,0.000000,False,False,False,,,,238,12,0.400000,1.000000
0.000000,0.000000,29.000000,1.000000,0.000000,0.000000,1.000000,0.000000,0.000000,0.000000,8.637978,2.000000,0.766667,0.766667,1.000000,1.000000,0.000000,0.182581,0.805150,0.909598,826.478480,1.047464,0.698310,1.000000,0.831143,864.331756,0.000000,False,False,False,,,,239,12,0.400000,1.000000
0.000000,0.000000,29.000000,1.000000,0.000000,0.000000,1.000000,0.000000,0.000000,0.000000,8.566612,2.000000,0.766667,0.766667,1.000000,1.000000,0.000000,0.154874,0.840181,0.870538,825.582430,1.056384,0.704256,1.000000,0.896050,863.553861,0.000000,False,False,False,,,,240,12,0.360000,1.000000
0.000000,0.000000,29.000000,1.000000,0.000000,0.000000,1.000000,0.000000,0.000000,0.000000,8.511720,2.000000,0.766667,0.766667,1.000000,1.000000,0.000000,0.050735,0.943521,0.969370,824.593355,1.055308,0.703539,1.000000,0.989075,862.775650,0.000000,False,False,False,,,,241,12,0.360000,1.000000
0.000000,0.000000,29.000000,1.000000,0.000000,0.000000,1.000000,0.000000,0.000000,0.000000,8.447546,2.000000,0.766667,0.766667,1.000000,1.000000,0.000000,0.074511,0.905371,0.982374,823.648166,1.057107,0.704738,1.000000,0.945189,861.997600,0.000000,False,False,False,,,,242,12,0.360000,1.000000
0.000000,0.000000,29.000000,1.000000,0.000000,0.000000,1.000000,0.000000,0.000000,0.000000,8.385290,2.000000,0.766667,0.766667,1.000000,1.000000,0.000000,0.059240,0.919024,0.984212,822.685913,1.058738,0.705826,1.000000,0.962253,861.219276,0.000000,False,False,False,,,,243,12,0.375000,1.000000
0.000000,0.000000,29.000000,1.000000,0.000000,0.000000,1.000000,0.000000,0.000000,0.000000,8.302676,2.000000,0.766667,0.766667,1.000000,1.000000,0.000000,0.074294,0.895436,0.975869,821.749371,1.059081,0.706054,1.000000,0.936543,860.441401,0.000000,False,False,False,,,,244,12,0.375000,1.000000
0.000000,0.000000,29.000000,1.000000,0.000000,0.000000,1.000000,0.000000,0.000000,0.000000,8.255171,2.000000,0.766667,0.766667,1.000000,1.000000,0.000000,0.075901,0.899533,0.975536,820.807818,1.059644,0.706429,1.000000,0.941553,859.663914,0.000000,False,False,False,,,,245,12,0.375000,1.000000
0.000000,0.000000,29.000000,1.000000,0.000000,0.000000,1.000000,0.000000,0.000000,0.000000,8.186627,2.000000,0.766667,0.766667,1.000000,1.000000,0.000000,0.072471,0.903117,0.966905,819.862059,1.059897,0.706598,1.000000,0.945759,858.887276,0.000000,False,False,False,,,,246,12,0.375000,1.000000
0.000000,0.000000,29.000000,1.000000,0.000000,0.000000,1.000000,0.000000,0.000000,0.000000,8.143180,2.000000,0.766667,0.766667,1.000000,1.000000,0.000000,0.057216,0.940633,0.960942,818.882867,1.054770,0.703180,1.000000,0.979192,858.110395,0.000000,False,False,False,,,,247,12,0.375000,1.000000
0.000000,0.000000,29.000000,1.000000,0.000000,0.000000,1.000000,0.000000,0.000000,0.000000,8.094509,2.000000,0.766667,0.766667,1.000000,1.000000,0.000000,0.071114,0.920294,0.953035,817.918097,1.060063,0.706709,1.000000,0.964769,857.334897,0.000000,False,False,False,,,,248,12,0.333333,1.000000
0.000000,0.000000,29.000000,1.000000,0.000000,0.000000,1.000000,0.000000,0.000000,0.000000,8.072595,2.000000,0.766667,0.766667,1.000000,1.000000,0.000000,0.026375,0.968500,0.975237,816.895294,1.060448,0.706966,1.000000,1.022803,856.558782,0.000000,False,False,False,,,,249,12,0.333333,1.000000
0.000000,0.000000,29.000000,1.000000,0.000000,0.000000,1.000000,0.000000,0.000000,0.000000,8.033965,2.000000,0.766667,0.766667,1.000000,1.000000,0.000000,0.052018,0.935606,0.954093,815.912215,1.061040,0.707360,1.000000,0.983079,855.784310,0.000000,False,False,False,,,,250,12,0.333333,1.000000
0.000000,0.000000,29.000000,1.000000,0.000000,0.000000,1.000000,0.000000,0.000000,0.000000,8.022438,2.000000,0.766667,0.766667,1.000000,1.000000,0.000000,0.029589,0.959018,0.971695,814.894487,1.061917,0.707945,1.000000,1.017729,855.006681,0.000000,False,False,False,,,,251,12,0.333333,1.000000
0.000000,0.000000,29.000000,1.000000,0.000000,0.000000,1.000000,0.000000,1.000000,0.000000,7.998203,2.000000,0.766667,0.766667,1.000000,1.000000,0.000000,0.049131,0.946992,0.950611,813.893969,1.062575,0.708383,1.000000,1.000518,854.231181,0.000000,False,False,False,,,,252,12,0.333333,1.000000
0.000000,0.000000,29.000000,1.000000,0.000000,0.000000,1.000000,0.000000,0.000000,0.000000,8.979486,2.000000,0.766667,0.766667,1.000000,1.000000,0.000000,0.087410,0.911155,0.916691,812.925935,1.060520,0.707013,1.000000,0.968034,853.454818,0.000000,False,False,False,,,,253,12,0.347826,1.000000
0.000000,0.000000,29.000000,1.000000,0.000000,0.000000,1.000000,0.000000,0.000000,0.000000,8.904736,2.000000,0.766667,0.766667,1.000000,1.000000,0.000000,0.085439,0.911387,0.917549,811.971806,1.052885,0.701923,1.000000,0.954129,852.680077,0.000000,False,False,False,,,,254,12,0.347826,1.000000
0.000000,0.000000,29.000000,1.000000,0.000000,0.000000,1.000000,0.000000,0.000000,0.000000,8.834991,2.000000,0.766667,0.766667,1.000000,1.000000,0.000000,0.042322,0.954402,0.958556,810.953380,1.061606,0.707738,1.000000,1.018426,851.901292,0.000000,False,False,False,,,,255,12,0.347826,1.000000
0.000000,0.000000,29.000000,1.000000,0.000000,0.000000,1.000000,0.000000,0.000000,0.000000,8.790480,2.000000,0.766667,0.766667,1.000000,1.000000,0.000000,0.034760,0.961055,0.972171,809.933892,1.060498,0.706999,1.000000,1.019488,851.123938,0.000000,False,False,False,,,,256,12,0.347826,1.000000
0.000000,0.000000,29.000000,1.000000,0.000000,0.000000,1.000000,0.000000,0.000000,0.000000,8.689570,2.000000,0.766667,0.766667,1.000000,1.000000,0.000000,0.021583,0.974261,0.983447,808.897140,1.061369,0.707579,1.000000,1.036752,850.345664,0.000000,False,False,False,,,,257,12,0.347826,1.000000
0.000000,0.000000,29.000000,1.000000,0.000000,0.000000,1.000000,0.000000,0.000000,0.000000,8.966239,2.000000,0.766667,0.766667,1.000000,1.000000,0.000000,0.047139,0.945219,0.960453,807.886745,1.062118,0.708079,1.000000,1.010395,849.566707,0.000000,False,False,False,,,,258,12,0.347826,1.000000
0.000000,0.000000,29.000000,1.000000,0.000000,0.000000,1.000000,0.000000,0.000000,0.000000,8.758791,2.000000,0.766667,0.766667,1.000000,1.000000,0.000000,0.047250,0.942688,0.970235,806.871801,1.062427,0.708285,1.000000,1.014944,848.784481,0.000000,False,False,False,,,,259,12,0.347826,1.000000
0.000000,0.000000,29.000000,1.000000,0.000000,0.000000,1.000000,0.000000,0.000000,0.000000,9.017041,2.000000,0.766667,0.766667,1.000000,1.000000,0.000000,0.033370,0.959910,0.978426,805.849275,1.062236,0.708157,1.000000,1.022526,848.002477,0.000000,False,False,False,,,,260,12,0.347826,1.000000
0.000000,0.000000,29.000000,1.000000,0.000000,0.000000,1.000000,0.000000,0.000000,0.000000,8.819009,2.000000,0.766667,0.766667,1.000000,1.000000,0.000000,0.042407,0.946585,0.977276,804.830928,1.061947,0.707964,1.000000,1.018347,847.218298,0.000000,False,False,False,,,,261,12,0.347826,1.000000
0.000000,0.000000,29.000000,1.000000,0.000000,0.000000,1.000000,0.000000,0.000000,0.000000,9.040483,2.000000,0.766667,0.766667,1.000000,1.000000,0.000000,0.034044,0.958391,0.981426,803.807934,1.062722,0.708481,1.000000,1.022994,846.434218,0.000000,False,False,False,,,,262,12,0.363636,1.000000
0.000000,0.000000,29.000000,1.000000,0.000000,0.000000,1.000000,0.000000,0.000000,0.000000,8.873717,2.000000,0.766667,0.766667,1.000000,1.000000,0.000000,0.046076,0.945238,0.971236,802.804235,1.056807,0.704538,1.000000,1.003699,845.648460,0.000000,False,False,False,,,,263,12,0.363636,1.000000
0.000000,0.000000,29.000000,1.000000,0.000000,0.000000,1.000000,0.000000,0.000000,0.000000,9.067379,2.000000,0.766667,0.766667,1.000000,1.000000,0.000000,0.044206,0.944846,0.976837,801.792946,1.062986,0.708658,1.000000,1.011289,844.862799,0.000000,False,False,False,,,,264,12,0.363636,1.000000
0.000000,0.000000,29.000000,1.000000,0.000000,0.000000,1.000000,0.000000,0.000000,0.000000,8.957193,2.000000,0.766667,0.766667,1.000000,1.000000,0.000000,0.061328,0.926417,0.971284,800.793584,1.063412,0.708941,1.000000,0.999362,844.075848,0.000000,False,False,False,,,,265,12,0.363636,1.000000
0.000000,0.000000,29.000000,1.000000,0.000000,0.000000,1.000000,0.000000,0.000000,0.000000,9.149077,2.000000,0.766667,0.766667,1.000000,1.000000,0.000000,0.081314,0.903577,0.968191,799.818198,1.064274,0.709516,1.000000,0.975386,843.288985,0.000000,False,False,False,,,,266,12,0.333333,1.000000
0.000000,0.000000,29.000000,1.000000,0.000000,0.000000,1.000000,0.000000,0.000000,0.000000,9.081446,2.000000,0.766667,0.766667,1.000000,1.000000,0.000000,0.077291,0.914486,0.939916,798.830559,1.065528,0.710352,1.000000,0.987639,842.501062,0.000000,False,False,False,,,,267,12,0.333333,1.000000
0.000000,0.000000,29.000000,1.000000,0.000000,0.000000,1.000000,0.000000,0.000000,0.000000,9.172227,2.000000,0.766667,0.766667,1.000000,1.000000,0.000000,0.063178,0.936653,0.941549,797.834323,1.066657,0.711105,1.000000,0.996236,841.713337,0.000000,False,False,False,,,,268,12,0.333333,1.000000
0.000000,0.000000,29.000000,1.000000,0.000000,0.000000,1.000000,0.000000,0.000000,0.000000,9.184549,2.000000,0.766667,0.766667,1.000000,1.000000,0.000000,0.039802,0.954525,0.963932,796.815142,1.067722,0.711815,1.000000,1.019181,840.924448,0.000000,False,False,False,,,,269,12,0.333333,1.000000
0.000000,0.000000,29.000000,1.000000,0.000000,0.000000,1.000000,0.000000,0.000000,0.000000,9.309822,2.000000,0.766667,0.766667,1.000000,1.000000,0.000000,0.041450,0.955701,0.960601,795.793390,1.068489,0.712326,1.000000,1.021752,840.135808,0.000000,False,False,False,,,,270,12,0.333333,1.000000
0.000000,0.000000,29.000000,1.000000,0.000000,0.000000,1.000000,0.000000,0.000000,0.000000,9.267696,2.000000,0.766667,0.766667,1.000000,1.000000,0.000000,0.035266,0.956638,0.974095,794.760512,1.068617,0.712411,1.000000,1.032879,839.345579,0.000000,False,False,False,,,,271,12,0.333333,1.000000
0.000000,0.000000,29.000000,1.000000,0.000000,0.000000,1.000000,0.000000,0.000000,0.000000,9.627514,2.000000,0.766667,0.766667,1.000000,1.000000,0.000000,0.052094,0.946761,0.949567,793.749001,1.069428,0.712952,1.000000,1.011511,838.556162,0.000000,False,False,False,,,,272,12,0.333333,1.000000
0.000000,0.000000,29.000000,1.000000,0.000000,0.000000,1.000000,0.000000,0.000000,0.000000,9.300159,2.000000,0.766667,0.766667,1.000000,1.000000,0.000000,0.029257,0.967035,0.971526,792.711475,1.069476,0.712984,1.000000,1.037526,837.765086,0.000000,False,False,False,,,,273,12,0.333333,1.000000
0.000000,0.000000,29.000000,1.000000,0.000000,0.000000,1.000000,0.000000,0.000000,0.000000,9.819814,2.000000,0.766667,0.766667,1.000000,1.000000,0.000000,0.052905,0.950615,0.953236,791.713138,1.064872,0.709915,1.000000,0.998337,836.975100,0.000000,False,False,False,,,,274,12,0.333333,1.000000
0.000000,0.000000,29.000000,1.000000,0.000000,0.000000,1.000000,0.000000,0.000000,0.000000,9.358467,2.000000,0.766667,0.766667,1.000000,1.000000,0.000000,0.057625,0.936617,0.946176,790.703289,1.070277,0.713518,1.000000,1.009849,836.183242,0.000000,False,False,False,,,,275,12,0.333333,1.000000
0.000000,0.000000,29.000000,1.000000,0.000000,0.000000,1.000000,0.000000,0.000000,0.000000,9.839026,2.000000,0.766667,0.766667,1.000000,1.000000,0.000000,0.041450,0.957119,0.956841,789.678718,1.070418,0.713612,1.000000,1.024570,835.392423,0.000000,False,False,False,,,,276,12,0.333333,1.000000
0.000000,0.000000,29.000000,1.000000,0.000000,0.000000,1.000000,0.000000,0.000000,0.000000,9.571952,2.000000,0.766667,0.766667,1.000000,1.000000,0.000000,0.057395,0.941119,0.942835,788.666415,1.070730,0.713820,1.000000,1.012303,834.599622,0.000000,False,False,False,,,,277,12,0.333333,1.000000
0.000000,0.000000,29.000000,1.000000,0.000000,0.000000,1.000000,0.000000,0.000000,0.000000,9.507146,2.000000,0.766667,0.766667,1.000000,1.000000,0.000000,0.039053,0.964072,0.966413,787.638438,1.071138,0.714092,1.000000,1.027977,833.807508,0.000000,False,False,False,,,,278,12,0.333333,1.000000
0.000000,0.000000,29.000000,1.000000,0.000000,0.000000,1.000000,0.000000,0.000000,0.000000,9.285355,2.000000,0.766667,0.766667,1.000000,1.000000,0.000000,0.043486,0.954743,0.959129,786.611417,1.071796,0.714531,1.000000,1.027021,833.013665,0.000000,False,False,False,,,,279,12,0.333333,1.000000
0.000000,0.000000,29.000000,1.000000,0.000000,0.000000,1.000000,0.000000,0.000000,0.000000,9.264832,2.000000,0.766667,0.766667,1.000000,1.000000,0.000000,0.034751,0.960214,0.966683,785.579631,1.071946,0.714631,1.000000,1.031786,832.220223,0.000000,False,False,False,,,,280,12,0.333333,1.000000
0.000000,0.000000,29.000000,1.000000,0.000000,0.000000,1.000000,0.000000,0.000000,0.000000,9.060523,2.000000,0.766667,0.766667,1.000000,1.000000,0.000000,0.054681,0.940523,0.946943,784.562088,1.072174,0.714783,1.000000,1.017543,831.425382,0.000000,False,False,False,,,,281,12,0.350000,1.000000
0.000000,0.000000,29.000000,1.000000,0.000000,0.000000,1.000000,0.000000,0.000000,0.000000,9.139459,2.000000,0.766667,0.766667,1.000000,1.000000,0.000000,0.043268,0.955039,0.957810,783.538861,1.072329,0.714886,1.000000,1.023226,830.631284,0.000000,False,False,False,,,,282,12,0.350000,1.000000
0.000000,0.000000,29.000000,1.000000,0.000000,0.000000,1.000000,0.000000,0.000000,0.000000,9.022348,2.000000,0.766667,0.766667,1.000000,1.000000,0.000000,0.051855,0.943577,0.949565,782.529016,1.063529,0.709019,1.000000,1.009846,830.089639,0.000000,False,False,False,0.985766,0.686832,0.971532,283,12,0.350000,1.000000
0.000000,0.000000,29.000000,1.000000,0.000000,0.000000,1.000000,0.000000,0.000000,0.000000,8.941547,2.000000,0.766667,0.766667,1.000000,1.000000,0.000000,0.026698,0.973325,0.973139,781.500716,1.059384,0.706256,1.000000,1.028300,829.558381,0.000000,False,False,False,0.989366,0.671211,0.978731,284,12,0.350000,1.000000
0.000000,0.000000,29.000000,1.000000,0.000000,0.000000,1.000000,0.000000,0.000000,0.000000,8.768375,2.000000,0.766667,0.766667,1.000000,1.000000,0.000000,0.042257,0.952714,0.958150,780.488055,1.056926,0.704617,1.000000,1.012660,829.043584,0.000000,False,False,False,0.975139,0.659902,0.950278,285,12,0.277778,1.000000
0.000000,0.000000,29.000000,1.000000,0.000000,0.000000,1.000000,0.000000,0.000000,0.000000,8.892524,2.000000,0.766667,0.766667,1.000000,1.000000,0.000000,0.051652,0.946450,0.958684,779.504748,1.047093,0.698062,1.000000,0.983307,828.531585,0.000000,False,False,False,0.985737,0.649259,0.971473,286,12,0.222222,1.000000
0.000000,0.000000,29.000000,1.000000,0.000000,0.000000,1.000000,0.000000,0.000000,0.000000,8.572382,2.000000,0.766667,0.766667,1.000000,1.000000,0.000000,0.063749,0.933422,0.938838,778.518446,1.054028,0.702685,1.000000,0.986302,828.036457,0.000000,False,False,False,0.971558,0.637028,0.943117,287,12,0.222222,1.000000
0.000000,0.000000,29.000000,1.000000,0.000000,0.000000,1.000000,0.000000,0.000000,0.000000,8.685262,2.000000,0.766667,0.766667,1.000000,1.000000,0.000000,0.074200,0.926661,0.929386,777.551329,1.052566,0.701711,1.000000,0.967117,827.380802,0.000000,False,False,False,0.976937,0.618316,0.953875,288,12,0.222222,1.000000
0.000000,0.000000,29.000000,1.000000,0.000000,0.000000,1.000000,0.000000,0.000000,0.000000,8.440571,2.000000,0.766667,0.766667,1.000000,1.000000,0.000000,0.031385,0.959369,0.970056,776.540605,1.047631,0.698421,1.000000,1.010724,826.645714,0.000000,False,False,False,0.979839,0.611195,0.959678,289,12,0.222222,1.000000
0.000000,0.000000,29.000000,1.000000,0.000000,0.000000,1.000000,0.000000,0.000000,0.000000,8.489823,2.000000,0.766667,0.766667,1.000000,1.000000,0.000000,0.073415,0.930129,0.928884,775.583172,1.039906,0.693270,1.000000,0.957433,825.922784,0.000000,False,False,False,0.959927,0.601148,0.919853,290,12,0.222222,1.000000
0.000000,0.000000,29.000000,1.000000,0.000000,0.000000,1.000000,0.000000,0.000000,0.000000,8.605765,2.000000,0.766667,0.766667,1.000000,1.000000,0.000000,0.082402,0.897138,0.920278,774.652501,1.035621,0.690414,1.000000,0.930670,825.324017,0.000000,False,False,False,0.969631,0.600312,0.939263,291,12,0.235294,1.000000
0.000000,0.000000,29.000000,1.000000,0.000000,0.000000,1.000000,0.000000,0.000000,0.000000,8.617604,2.000000,0.766667,0.766667,1.000000,1.000000,0.000000,0.106516,0.893957,0.908831,773.745161,1.030606,0.687071,1.000000,0.907340,824.621314,0.000000,False,False,False,0.953459,0.591254,0.906918,292,12,0.235294,1.000000
0.000000,0.000000,29.000000,1.000000,0.000000,0.000000,1.000000,0.000000,0.000000,0.000000,8.806764,2.000000,0.766667,0.766667,1.000000,1.000000,0.000000,0.110143,0.860078,0.911860,772.871990,1.027694,0.685129,1.000000,0.873171,824.030647,0.000000,False,False,False,0.965756,0.582760,0.931513,293,12,0.235294,1.000000
0.000000,0.000000,29.000000,1.000000,0.000000,0.000000,1.000000,0.000000,0.000000,0.000000,8.823761,2.000000,0.766667,0.766667,1.000000,1.000000,0.000000,0.134136,0.863562,0.914451,772.021286,1.014639,0.676426,1.000000,0.850705,823.344647,0.000000,False,False,False,0.951234,0.575695,0.902469,294,12,0.235294,1.000000
0.000000,0.000000,29.000000,1.000000,0.000000,0.000000,1.000000,0.000000,0.000000,0.000000,9.092991,2.000000,0.766667,0.766667,1.000000,1.000000,0.000000,0.124923,0.848461,0.911464,771.178267,1.016081,0.677387,1.000000,0.843018,822.673292,0.000000,False,False,False,0.944890,0.567563,0.889780,295,12,0.235294,1.000000
0.000000,0.000000,29.000000,1.000000,0.000000,0.000000,1.000000,0.000000,0.000000,0.000000,9.133509,2.000000,0.766667,0.766667,1.000000,1.000000,0.000000,0.132927,0.835170,0.913332,770.353182,1.010387,0.673591,1.000000,0.825085,821.999340,0.000000,False,False,False,0.958495,0.565607,0.916989,296,12,0.235294,1.000000
0.000000,0.000000,29.000000,1.000000,0.000000,0.000000,1.000000,0.000000,0.000000,0.000000,9.211975,2.000000,0.766667,0.766667,1.000000,1.000000,0.000000,0.155401,0.827419,0.892786,769.545623,1.004784,0.669856,1.000000,0.807559,821.334302,0.000000,False,False,False,0.931274,0.569789,0.862549,297,12,0.235294,1.000000
0.000000,0.000000,29.000000,1.000000,0.000000,0.000000,1.000000,0.000000,0.000000,0.000000,9.205862,2.000000,0.766667,0.766667,1.000000,1.000000,0.000000,0.120080,0.859436,0.929990,768.694276,1.000097,0.666732,1.000000,0.851347,820.670883,0.000000,False,False,False,0.975585,0.561114,0.951170,298,12,0.235294,1.000000
0.000000,0.000000,29.000000,1.000000,0.000000,0.000000,1.000000,0.000000,0.000000,0.000000,9.315099,2.000000,0.766667,0.766667,1.000000,1.000000,0.000000,0.108909,0.865965,0.940260,767.840110,0.994393,0.662929,1.000000,0.854166,820.023057,0.000000,False,False,False,0.965703,0.538875,0.931405,299,12,0.250000,1.000000
0.000000,0.000000,29.000000,1.000000,0.000000,0.000000,1.000000,0.000000,0.000000,0.000000,9.486679,2.000000,0.766667,0.766667,1.000000,1.000000,0.000000,0.175625,0.837170,0.893735,767.048320,0.984835,0.656557,1.000000,0.791790,819.383020,0.000000,False,False,False,0.981842,0.525144,0.963684,300,12,0.250000,1.000000
0.000000,0.000000,29.000000,1.000000,0.000000,0.000000,1.000000,0.000000,0.000000,0.000000,9.688566,2.000000,0.766667,0.766667,1.000000,1.000000,0.000000,0.125759,0.855291,0.927061,766.215520,0.982618,0.655079,1.000000,0.832800,818.759951,0.000000,False,False,False,0.986740,0.511178,0.973479,301,12,0.250000,1.000000
0.000000,0.000000,29.000000,1.000000,0.000000,0.000000,1.000000,0.000000,0.000000,0.000000,9.823621,1.000000,1.000000,1.000000,1.000000,0.000000,0.000000,0.098926,0.883782,0.956332,765.360359,0.977841,0.651894,1.000000,0.855161,818.141036,0.000000,False,False,False,0.974065,0.496766,0.948131,302,12,0.250000,1.000000
0.000000,0.000000,29.000000,1.000000,0.000000,0.000000,1.000000,0.000000,0.000000,0.000000,9.837737,1.000000,1.000000,1.000000,1.000000,0.000000,0.000000,0.181925,0.814185,0.894320,764.594865,0.973948,0.649299,1.000000,0.765494,817.605559,0.000000,False,False,False,0.988706,0.482146,0.977412,303,12,0.250000,1.000000
0.000000,0.000000,29.000000,1.000000,0.000000,0.000000,1.000000,0.000000,0.000000,0.000000,9.472149,1.000000,1.000000,1.000000,1.000000,0.000000,0.000000,0.144334,0.834419,0.926952,763.796842,0.968299,0.645533,1.000000,0.798023,817.020377,0.000000,False,False,False,0.945993,0.454733,0.891986,304,12,0.250000,1.000000
0.000000,0.000000,29.000000,1.000000,0.000000,0.000000,1.000000,0.000000,0.000000,0.000000,9.866814,1.000000,1.000000,1.000000,1.000000,0.000000,0.000000,0.124079,0.833917,0.913441,762.995068,0.964528,0.643019,1.000000,0.801774,816.515698,0.000000,False,False,False,0.980931,0.441725,0.961862,305,12,0.250000,1.000000
0.000000,0.000000,29.000000,1.000000,0.000000,0.000000,1.000000,0.000000,0.000000,0.000000,9.878690,1.000000,1.000000,1.000000,1.000000,0.000000,0.000000,0.227140,0.777872,0.828251,762.278516,0.959101,0.639401,1.000000,0.716551,815.942495,0.000000,False,False,False,0.942009,0.421740,0.884017,306,12,0.187500,1.000000
0.000000,0.000000,29.000000,1.000000,0.000000,0.000000,1.000000,0.000000,0.000000,0.000000,9.945425,1.000000,1.000000,1.000000,1.000000,0.000000,0.000000,0.141266,0.834018,0.906804,761.486988,0.954406,0.636271,1.000000,0.791528,815.389319,0.000000,False,False,False,0.975776,0.409119,0.951553,307,12,0.187500,1.000000
0.000000,0.000000,29.000000,1.000000,0.000000,0.000000,1.000000,0.000000,0.000000,0.000000,10.067381,1.000000,1.000000,1.000000,1.000000,0.000000,0.000000,0.149858,0.842861,0.917657,760.708225,0.944059,0.629373,1.000000,0.778763,814.797086,0.000000,False,False,False,0.960729,0.396510,0.921458,308,12,0.187500,1.000000
0.000000,0.000000,29.000000,1.000000,0.000000,0.000000,1.000000,0.000000,0.000000,0.000000,9.977677,1.000000,1.000000,1.000000,1.000000,0.000000,0.000000,0.216511,0.785375,0.845804,759.995300,0.942597,0.628398,1.000000,0.712925,814.123689,0.000000,False,False,False,0.966508,0.398500,0.933017,309,12,0.187500,1.000000
0.000000,0.000000,29.000000,1.000000,0.000000,0.000000,1.000000,0.000000,0.000000,0.000000,10.225725,1.000000,1.000000,1.000000,1.000000,0.000000,0.000000,0.137012,0.846489,0.907663,759.208045,0.937211,0.624807,1.000000,0.787255,813.717239,0.000000,False,False,False,0.956221,0.408152,0.912443,310,12,0.187500,1.000000
0.000000,0.000000,29.000000,1.000000,0.000000,0.000000,1.000000,0.000000,0.000000,0.000000,9.975446,1.000000,1.000000,1.000000,1.000000,0.000000,0.000000,0.128740,0.856932,0.911715,758.410225,0.934238,0.622825,1.000000,0.797820,813.061697,0.000000,False,False,False,0.951717,0.391203,0.903434,311,12,0.187500,1.000000
0.000000,0.000000,29.000000,1.000000,0.000000,0.000000,1.000000,0.000000,0.000000,0.000000,10.067970,1.000000,1.000000,1.000000,1.000000,0.000000,0.000000,0.177687,0.810180,0.855761,757.680382,0.927432,0.618288,1.000000,0.729843,812.412994,0.000000,False,False,False,0.953694,0.391121,0.907388,312,12,0.187500,1.000000
0.000000,0.000000,29.000000,1.000000,0.000000,0.000000,1.000000,0.000000,0.000000,0.000000,9.937606,1.000000,1.000000,1.000000,1.000000,0.000000,0.000000,0.131703,0.861318,0.905099,756.890608,0.922981,0.615321,1.000000,0.789773,811.759807,0.000000,False,False,False,0.981350,0.392707,0.962700,313,12,0.200000,1.000000
0.000000,0.000000,29.000000,1.000000,0.000000,0.000000,1.000000,0.000000,0.000000,0.000000,10.020654,1.000000,1.000000,1.000000,1.000000,0.000000,0.000000,0.158756,0.825512,0.869868,756.127936,0.917329,0.611553,1.000000,0.762672,811.259627,0.000000,False,False,False,0.961648,0.401706,0.923296,314,12,0.200000,1.000000
0.000000,0.000000,29.000000,1.000000,0.000000,0.000000,1.000000,0.000000,0.000000,0.000000,10.140170,1.000000,1.000000,1.000000,1.000000,0.000000,0.000000,0.209759,0.758679,0.817176,755.446572,0.913369,0.608913,1.000000,0.681365,810.651617,0.000000,False,False,False,0.977619,0.390952,0.955239,315,12,0.200000,1.000000
0.000000,0.000000,29.000000,1.000000,0.000000,0.000000,1.000000,0.000000,0.000000,0.000000,9.974538,1.000000,1.000000,1.000000,1.000000,0.000000,0.000000,0.179686,0.790197,0.837496,754.746702,0.907698,0.605132,1.000000,0.699870,810.080017,0.000000,False,False,False,0.977298,0.390930,0.954596,316,12,0.200000,1.000000
0.000000,0.000000,29.000000,1.000000,0.000000,0.000000,1.000000,0.000000,0.000000,0.000000,9.869324,1.000000,1.000000,1.000000,1.000000,0.000000,0.000000,0.152539,0.839647,0.872230,753.998066,0.898138,0.598759,1.000000,0.748636,809.518309,0.000000,False,False,False,0.971217,0.390822,0.942435,317,12,0.200000,1.000000
0.000000,0.000000,29.000000,1.000000,0.000000,0.000000,1.000000,0.000000,0.000000,0.000000,9.816197,1.000000,1.000000,1.000000,1.000000,0.000000,0.000000,0.105895,0.885817,0.917934,753.206298,0.894517,0.596345,1.000000,0.791768,808.909711,0.000000,False,False,False,0.904439,0.392752,0.808879,318,12,0.200000,1.000000
0.000000,0.000000,29.000000,1.000000,0.000000,0.000000,1.000000,0.000000,0.000000,0.000000,10.146124,1.000000,1.000000,1.000000,1.000000,0.000000,0.000000,0.141316,0.836842,0.870510,752.470784,0.890313,0.593542,1.000000,0.735514,808.271960,0.000000,False,False,False,0.975780,0.397318,0.951561,319,12,0.200000,1.000000
0.000000,0.000000,29.000000,1.000000,0.000000,0.000000,1.000000,0.000000,0.000000,0.000000,10.072261,1.000000,1.000000,1.000000,1.000000,0.000000,0.000000,0.114175,0.883815,0.913263,751.693796,0.884725,0.589816,1.000000,0.776988,807.804159,0.000000,False,False,False,0.965978,0.405850,0.931957,320,12,0.200000,1.000000
0.000000,0.000000,29.000000,1.000000,0.000000,0.000000,1.000000,0.000000,0.000000,0.000000,10.015941,1.000000,1.000000,1.000000,1.000000,0.000000,0.000000,0.130576,0.845617,0.871585,750.935595,0.880753,0.587169,1.000000,0.758201,807.224424,0.000000,False,False,False,0.975238,0.390420,0.950475,321,12,0.200000,1.000000
0.000000,0.000000,29.000000,1.000000,0.000000,0.000000,1.000000,0.000000,0.000000,0.000000,10.417515,1.000000,1.000000,1.000000,1.000000,0.000000,0.000000,0.177639,0.796494,0.828493,750.246366,0.875160,0.583440,1.000000,0.689228,806.648257,0.000000,False,False,False,0.974823,0.390394,0.949646,322,12,0.200000,1.000000
0.000000,0.000000,29.000000,1.000000,0.000000,0.000000,1.000000,0.000000,0.000000,0.000000,10.339401,1.000000,1.000000,1.000000,1.000000,0.000000,0.000000,0.179880,0.821966,0.849905,749.558908,0.862749,0.575166,1.000000,0.687458,806.113718,0.000000,False,False,False,0.978321,0.394959,0.956642,323,12,0.200000,1.000000
0.000000,0.000000,29.000000,1.000000,0.000000,0.000000,1.000000,0.000000,0.000000,0.000000,10.295114,1.000000,1.000000,1.000000,1.000000,0.000000,0.000000,0.135247,0.859585,0.881643,748.821908,0.861372,0.574248,1.000000,0.737000,805.507207,0.000000,False,False,False,0.944133,0.397518,0.888265,324,12,0.200000,1.000000
0.000000,0.000000,29.000000,1.000000,0.000000,0.000000,1.000000,0.000000,0.000000,0.000000,10.327593,1.000000,1.000000,1.000000,1.000000,0.000000,0.000000,0.102310,0.880743,0.906976,748.062352,0.855623,0.570415,1.000000,0.759555,804.992205,0.000000,False,False,False,0.947886,0.405276,0.895772,325,12,0.200000,1.000000
0.000000,0.000000,29.000000,1.000000,0.000000,0.000000,1.000000,0.000000,0.000000,0.000000,10.547457,1.000000,1.000000,1.000000,1.000000,0.000000,0.000000,0.152795,0.838459,0.867654,747.360175,0.852634,0.568423,1.000000,0.702177,804.408908,0.000000,False,False,False,0.947579,0.392768,0.895158,326,12,0.200000,1.000000
0.000000,0.000000,29.000000,1.000000,0.000000,0.000000,1.000000,0.000000,0.000000,0.000000,10.693454,1.000000,1.000000,1.000000,1.000000,0.000000,0.000000,0.089370,0.901355,0.946711,746.603026,0.847674,0.565116,1.000000,0.757150,803.839862,0.000000,False,False,False,0.969843,0.397236,0.939685,327,12,0.200000,1.000000
0.000000,0.000000,29.000000,1.000000,0.000000,0.000000,1.000000,0.000000,0.000000,0.000000,10.516806,2.000000,0.900000,0.900000,1.000000,1.000000,0.000000,0.124236,0.840662,0.917222,745.896962,0.842200,0.561467,1.000000,0.706063,803.368110,0.000000,False,False,False,0.945653,0.400832,0.891306,328,12,0.200000,1.000000
0.000000,0.000000,29.000000,1.000000,0.000000,0.000000,1.000000,0.000000,0.000000,0.000000,10.629774,2.000000,0.900000,0.900000,1.000000,1.000000,0.000000,0.179678,0.808081,0.842047,745.229041,0.839539,0.559692,1.000000,0.667921,802.790219,0.000000,False,False,False,0.984005,0.390088,0.968009,329,12,0.200000,1.000000
0.000000,0.000000,29.000000,1.000000,0.000000,0.000000,1.000000,0.000000,0.000000,0.000000,10.801373,2.000000,0.900000,0.900000,1.000000,1.000000,0.000000,0.098462,0.887966,0.950320,744.496628,0.835077,0.556718,1.000000,0.732413,802.213861,0.000000,False,False,False,0.955478,0.390068,0.910956,330,12,0.200000,1.000000
0.000000,0.000000,29.000000,1.000000,0.000000,0.000000,1.000000,0.000000,0.000000,0.000000,10.589116,2.000000,0.900000,0.900000,1.000000,1.000000,0.000000,0.119976,0.856337,0.919870,743.784599,0.829333,0.552889,1.000000,0.712030,801.633652,0.000000,False,False,False,0.957294,0.393791,0.914588,331,12,0.200000,1.000000
0.000000,0.000000,29.000000,1.000000,0.000000,0.000000,1.000000,0.000000,0.000000,0.000000,10.584703,2.000000,0.900000,0.900000,1.000000,1.000000,0.000000,0.171775,0.824054,0.884878,743.121714,0.823261,0.548841,1.000000,0.662885,801.162830,0.000000,False,False,False,0.973781,0.401145,0.947562,332,12,0.214286,1.000000
0.000000,0.000000,29.000000,1.000000,0.000000,0.000000,1.000000,0.000000,0.000000,0.000000,10.751553,2.000000,0.900000,0.900000,1.000000,1.000000,0.000000,0.096742,0.878688,0.958714,742.408647,0.817660,0.545106,1.000000,0.713066,800.597708,0.000000,False,False,False,0.947860,0.389977,0.895720,333,12,0.214286,1.000000
0.000000,0.000000,29.000000,1.000000,0.000000,0.000000,1.000000,0.000000,0.000000,0.000000,10.716548,2.000000,0.900000,0.900000,1.000000,1.000000,0.000000,0.111837,0.872883,0.944062,741.728593,0.800735,0.533823,1.000000,0.680054,800.045826,0.000000,False,False,False,0.953530,0.391546,0.907061,334,12,0.214286,1.000000
0.000000,0.000000,29.000000,1.000000,0.000000,0.000000,1.000000,0.000000,0.000000,0.000000,10.874676,2.000000,0.900000,0.900000,1.000000,1.000000,0.000000,0.116712,0.866683,0.951503,741.053217,0.797495,0.531664,1.000000,0.675377,799.482170,0.000000,False,False,False,0.985554,0.395400,0.971108,335,12,0.214286,1.000000
0.000000,0.000000,29.000000,1.000000,0.000000,0.000000,1.000000,0.000000,0.000000,0.000000,10.992953,2.000000,0.900000,0.900000,1.000000,1.000000,0.000000,0.108915,0.880899,0.936930,740.364981,0.792752,0.528501,1.000000,0.688236,799.044351,0.000000,False,False,False,0.943290,0.401985,0.886579,336,12,0.214286,1.000000
0.000000,0.000000,29.000000,1.000000,0.000000,0.000000,1.000000,0.000000,0.000000,0.000000,10.949677,2.000000,0.900000,0.900000,1.000000,1.000000,0.000000,0.097878,0.868346,0.953119,739.679768,0.789097,0.526065,1.000000,0.685212,798.525978,0.000000,False,False,False,0.980538,0.389832,0.961076,337,12,0.214286,1.000000
0.000000,0.000000,29.000000,1.000000,0.000000,0.000000,1.000000,0.000000,0.000000,0.000000,10.867998,2.000000,0.900000,0.900000,1.000000,1.000000,0.000000,0.103728,0.875217,0.958061,739.003326,0.783913,0.522609,1.000000,0.676442,798.001076,0.000000,False,False,False,0.979614,0.389806,0.959227,338,12,0.214286,1.000000
0.000000,0.000000,29.000000,1.000000,0.000000,0.000000,1.000000,0.000000,0.000000,0.000000,10.890361,2.000000,0.900000,0.900000,1.000000,1.000000,0.000000,0.152535,0.814443,0.901474,738.378440,0.778378,0.518919,1.000000,0.624887,797.486734,0.000000,False,False,False,0.982849,0.394162,0.965697,339,12,0.214286,1.000000
0.000000,0.000000,29.000000,1.000000,0.000000,0.000000,1.000000,0.000000,0.000000,0.000000,11.072362,2.000000,0.900000,0.900000,1.000000,1.000000,0.000000,0.114724,0.863618,0.943775,737.714368,0.771653,0.514435,1.000000,0.664071,796.965533,0.000000,False,False,False,0.933722,0.398263,0.867444,340,12,0.214286,1.000000
0.000000,0.000000,29.000000,1.000000,0.000000,0.000000,1.000000,0.000000,0.000000,0.000000,10.843673,2.000000,0.900000,0.900000,1.000000,1.000000,0.000000,0.086404,0.889057,0.958660,737.038943,0.766061,0.510707,1.000000,0.675426,796.515802,0.000000,False,False,False,0.988438,0.401444,0.976876,341,12,0.214286,1.000000
0.000000,0.000000,29.000000,1.000000,0.000000,0.000000,1.000000,0.000000,0.000000,0.000000,10.933540,2.000000,0.900000,0.900000,1.000000,1.000000,0.000000,0.095539,0.878106,0.939532,736.375902,0.761052,0.507368,1.000000,0.663041,796.004657,0.000000,False,False,False,0.989316,0.391330,0.978632,342,12,0.214286,1.000000
0.000000,0.000000,29.000000,1.000000,0.000000,0.000000,1.000000,0.000000,0.000000,0.000000,10.914736,2.000000,0.900000,0.900000,1.000000,1.000000,0.000000,0.106146,0.877893,0.951558,735.723468,0.753988,0.502659,1.000000,0.652434,795.492982,0.000000,False,False,False,0.934821,0.395901,0.869642,343,12,0.214286,1.000000
0.000000,0.000000,29.000000,1.000000,0.000000,0.000000,1.000000,0.000000,0.000000,0.000000,11.063184,2.000000,0.900000,0.900000,1.000000,1.000000,0.000000,0.111337,0.851816,0.915833,735.077494,0.748562,0.499041,1.000000,0.645973,794.985837,0.000000,False,False,False,0.986319,0.398985,0.972638,344,12,0.214286,1.000000
0.000000,0.000000,29.000000,1.000000,0.000000,0.000000,1.000000,0.000000,0.000000,0.000000,10.917788,2.000000,0.900000,0.900000,1.000000,1.000000,0.000000,0.080087,0.905173,0.967756,734.413909,0.742783,0.495189,1.000000,0.663586,794.544979,0.000000,False,False,False,0.983096,0.403583,0.966192,345,12,0.214286,1.000000
0.000000,0.000000,29.000000,1.000000,0.000000,0.000000,1.000000,0.000000,0.000000,0.000000,10.947140,2.000000,0.900000,0.900000,1.000000,1.000000,0.000000,0.074082,0.908215,0.968047,733.767093,0.724819,0.483213,1.000000,0.646816,794.043528,0.000000,False,False,False,0.989603,0.393254,0.979206,346,12,0.214286,1.000000
0.000000,0.000000,29.000000,1.000000,0.000000,0.000000,1.000000,0.000000,0.000000,0.000000,10.924754,2.000000,0.900000,0.900000,1.000000,1.000000,0.000000,0.085723,0.899422,0.941974,733.120855,0.723728,0.482485,1.000000,0.646238,793.539570,0.000000,False,False,False,0.983836,0.397503,0.967672,347,12,0.214286,1.000000
0.000000,0.000000,29.000000,1.000000,0.000000,0.000000,1.000000,0.000000,0.000000,0.000000,10.942769,2.000000,0.900000,0.900000,1.000000,1.000000,0.000000,0.062114,0.927772,0.966242,732.456537,0.720765,0.480510,1.000000,0.664317,793.118064,0.000000,False,False,False,0.935125,0.401640,0.870250,348,12,0.214286,1.000000
0.000000,0.000000,29.000000,1.000000,0.000000,0.000000,1.000000,0.000000,0.000000,0.000000,10.985865,2.000000,0.900000,0.900000,1.000000,1.000000,0.000000,0.087730,0.889662,0.933412,731.810805,0.718369,0.478913,1.000000,0.645733,792.621844,0.000000,False,False,False,0.983142,0.389488,0.966285,349,12,0.214286,1.000000
0.000000,0.000000,29.000000,1.000000,0.000000,0.000000,1.000000,0.000000,0.000000,0.000000,10.922790,2.000000,0.900000,0.900000,1.000000,1.000000,0.000000,0.057022,0.937204,0.959108,731.144459,0.713528,0.475686,1.000000,0.666346,792.115016,0.000000,False,False,False,0.944323,0.392276,0.888645,350,12,0.214286,1.000000
0.000000,0.000000,29.000000,1.000000,0.000000,0.000000,1.000000,0.000000,0.000000,0.000000,10.941186,2.000000,0.900000,0.900000,1.000000,1.000000,0.000000,0.044431,0.950590,0.968206,730.472340,0.709540,0.473026,1.000000,0.672119,791.624088,0.000000,False,False,False,0.991763,0.395938,0.983527,351,12,0.214286,1.000000
0.000000,0.000000,29.000000,1.000000,0.000000,0.000000,1.000000,0.000000,0.000000,0.000000,10.943657,2.000000,0.900000,0.900000,1.000000,1.000000,0.000000,0.038613,0.953833,0.968445,729.800127,0.705018,0.470012,1.000000,0.672212,791.192804,0.000000,False,False,False,0.984542,0.400267,0.969084,352,12,0.214286,1.000000
0.000000,0.000000,29.000000,1.000000,0.000000,0.000000,1.000000,0.000000,0.000000,0.000000,11.019149,2.000000,0.900000,0.900000,1.000000,1.000000,0.000000,0.057595,0.945026,0.958029,729.142168,0.700628,0.467085,1.000000,0.657960,790.678994,0.000000,False,False,False,0.989886,0.391766,0.979773,353,12,0.214286,1.000000
0.000000,0.000000,29.000000,1.000000,0.000000,0.000000,1.000000,0.000000,0.000000,0.000000,11.099156,2.000000,0.900000,0.900000,1.000000,1.000000,0.000000,0.097968,0.875887,0.906726,728.519610,0.696055,0.464037,1.000000,0.622557,790.194305,0.000000,False,False,False,0.982679,0.395840,0.965358,354,12,0.214286,1.000000
0.000000,0.000000,29.000000,1.000000,0.000000,0.000000,1.000000,0.000000,0.000000,0.000000,10.958881,2.000000,0.900000,0.900000,1.000000,1.000000,0.000000,0.084428,0.911521,0.948732,727.894216,0.691117,0.460745,1.000000,0.625394,789.755230,0.000000,False,False,False,0.982439,0.400518,0.964879,355,12,0.230769,1.000000
0.000000,0.000000,29.000000,1.000000,0.000000,0.000000,1.000000,0.000000,0.000000,0.000000,11.094293,2.000000,0.900000,0.900000,1.000000,1.000000,0.000000,0.055268,0.929087,0.966610,727.256165,0.687386,0.458257,1.000000,0.638051,789.281706,0.000000,False,False,False,0.978854,0.389941,0.957709,356,12,0.230769,1.000000
0.000000,0.000000,29.000000,1.000000,0.000000,0.000000,1.000000,0.000000,0.000000,0.000000,11.010708,2.000000,0.900000,0.900000,1.000000,1.000000,0.000000,0.075767,0.904285,0.927394,726.629379,0.682659,0.455106,1.000000,0.626786,788.808136,0.000000,False,False,False,0.947202,0.394170,0.894404,357,12,0.230769,1.000000
0.000000,0.000000,29.000000,1.000000,0.000000,0.000000,1.000000,0.000000,0.000000,0.000000,11.107572,2.000000,0.900000,0.900000,1.000000,1.000000,0.000000,0.095169,0.908843,0.935944,726.026748,0.678124,0.452082,1.000000,0.602631,788.310803,0.000000,False,False,False,0.988069,0.398161,0.976137,358,12,0.230769,1.000000
0.000000,0.000000,29.000000,1.000000,0.000000,0.000000,1.000000,0.000000,0.000000,0.000000,11.042077,2.000000,0.900000,0.900000,1.000000,1.000000,0.000000,0.099548,0.885140,0.900347,725.422480,0.673569,0.449046,1.000000,0.604269,787.888747,0.000000,False,False,False,0.977275,0.401771,0.954550,359,12,0.230769,1.000000
0.000000,0.000000,29.000000,1.000000,0.000000,0.000000,1.000000,0.000000,0.000000,0.000000,11.005129,2.000000,0.900000,0.900000,1.000000,1.000000,0.000000,0.142398,0.859129,0.868108,724.845847,0.670069,0.446713,1.000000,0.576633,787.417532,0.000000,False,False,False,0.988476,0.395947,0.976952,360,12,0.230769,1.000000
0.000000,0.000000,29.000000,1.000000,0.000000,0.000000,1.000000,0.000000,0.000000,0.000000,11.240569,2.000000,0.900000,0.900000,1.000000,1.000000,0.000000,0.090227,0.891836,0.907440,724.238061,0.666288,0.444192,1.000000,0.607786,786.958515,0.000000,False,False,False,0.992329,0.399217,0.984657,361,12,0.230769,1.000000
0.000000,0.000000,29.000000,1.000000,0.000000,0.000000,1.000000,0.000000,0.000000,0.000000,11.087723,2.000000,0.900000,0.900000,1.000000,1.000000,0.000000,0.094524,0.899088,0.917763,723.641539,0.661704,0.441136,1.000000,0.596522,786.536775,0.000000,False,False,False,0.944475,0.402810,0.888950,362,12,0.230769,1.000000
0.000000,0.000000,29.000000,1.000000,0.000000,0.000000,1.000000,0.000000,0.000000,0.000000,10.929915,2.000000,0.900000,0.900000,1.000000,1.000000,0.000000,0.156768,0.847415,0.866055,723.082907,0.658754,0.439169,1.000000,0.558633,786.087377,0.000000,False,False,False,0.977264,0.393421,0.954529,363,12,0.230769,1.000000
0.000000,0.000000,29.000000,1.000000,0.000000,0.000000,1.000000,0.000000,0.000000,0.000000,11.156875,2.000000,0.900000,0.900000,1.000000,1.000000,0.000000,0.119952,0.864980,0.882746,722.502922,0.654876,0.436584,1.000000,0.579984,785.608464,0.000000,False,False,False,0.977810,0.396386,0.955620,364,12,0.153846,1.000000
0.000000,0.000000,29.000000,1.000000,0.000000,0.000000,1.000000,0.000000,0.000000,0.000000,11.021318,2.000000,0.900000,0.900000,1.000000,1.000000,0.000000,0.106725,0.888762,0.898239,721.916636,0.651131,0.434087,1.000000,0.586287,785.145665,0.000000,False,False,False,0.976943,0.399530,0.953885,365,12,0.153846,1.000000
0.000000,0.000000,29.000000,1.000000,0.000000,0.000000,1.000000,0.000000,0.000000,0.000000,11.102029,2.000000,0.900000,0.900000,1.000000,1.000000,0.000000,0.104225,0.870692,0.897500,721.337096,0.647545,0.431697,1.000000,0.579540,784.730454,0.000000,False,False,False,0.988583,0.403150,0.977166,366,12,0.153846,1.000000
0.000000,0.000000,29.000000,1.000000,0.000000,0.000000,1.000000,0.000000,0.000000,0.000000,11.043780,2.000000,0.900000,0.900000,1.000000,1.000000,0.000000,0.172527,0.830077,0.851437,720.802226,0.644612,0.429741,1.000000,0.534870,784.269375,0.000000,False,False,False,0.989030,0.397580,0.978060,367,12,0.153846,1.000000
0.000000,0.000000,29.000000,1.000000,0.000000,0.000000,1.000000,0.000000,0.000000,0.000000,11.122033,2.000000,0.900000,0.900000,1.000000,1.000000,0.000000,0.122239,0.856035,0.879878,720.237686,0.640914,0.427276,1.000000,0.564539,783.850245,0.000000,False,False,False,0.990846,0.400888,0.981693,368,12,0.153846,1.000000
0.000000,0.000000,29.000000,1.000000,0.000000,0.000000,1.000000,0.000000,0.000000,0.000000,10.997336,2.000000,0.900000,0.900000,1.000000,1.000000,0.000000,0.174906,0.820667,0.833508,719.710219,0.637862,0.425241,1.000000,0.527468,783.397852,0.000000,False,False,False,0.980994,0.391890,0.961989,369,12,0.153846,1.000000
0.000000,0.000000,29.000000,1.000000,0.000000,0.000000,1.000000,0.000000,0.000000,0.000000,11.119286,2.000000,0.900000,0.900000,1.000000,1.000000,0.000000,0.079620,0.905680,0.936080,719.128503,0.634600,0.423067,1.000000,0.581716,782.955641,0.000000,False,False,False,0.989779,0.394998,0.979558,370,12,0.153846,1.000000
0.000000,0.000000,29.000000,1.000000,0.000000,0.000000,1.000000,0.000000,0.000000,0.000000,11.150821,2.000000,0.900000,0.900000,1.000000,1.000000,0.000000,0.074519,0.909058,0.929174,718.544216,0.630945,0.420630,1.000000,0.584287,782.491507,0.000000,False,False,False,0.979695,0.397966,0.959389,371,12,0.153846,1.000000
0.000000,0.000000,29.000000,1.000000,0.000000,0.000000,1.000000,0.000000,0.000000,0.000000,10.979305,2.000000,0.900000,0.900000,1.000000,1.000000,0.000000,0.123781,0.883761,0.896822,718.013378,0.614173,0.409449,1.000000,0.530839,782.093198,0.000000,False,False,False,0.967470,0.400828,0.934941,372,12,0.153846,1.000000
0.000000,0.000000,29.000000,1.000000,0.000000,0.000000,1.000000,0.000000,0.000000,0.000000,11.266924,2.000000,0.900000,0.900000,1.000000,1.000000,0.000000,0.101424,0.890367,0.901198,717.453955,0.616328,0.410885,1.000000,0.559423,781.657115,0.000000,False,False,False,0.991112,0.394049,0.982225,373,12,0.153846,1.000000
0.000000,0.000000,29.000000,1.000000,0.000000,0.000000,1.000000,0.000000,0.000000,0.000000,11.314270,2.000000,0.900000,0.900000,1.000000,1.000000,0.000000,0.063561,0.933372,0.945246,716.876583,0.615964,0.410643,1.000000,0.577372,781.200579,0.000000,False,False,False,0.978400,0.397448,0.956800,374,12,0.153846,1.000000
0.000000,0.000000,29.000000,1.000000,0.000000,0.000000,1.000000,0.000000,0.000000,0.000000,11.195797,2.000000,0.900000,0.900000,1.000000,1.000000,0.000000,0.055895,0.946043,0.953314,716.293578,0.614521,0.409681,1.000000,0.583004,780.803018,0.000000,False,False,False,0.968353,0.400135,0.936705,375,12,0.153846,1.000000
0.000000,0.000000,29.000000,1.000000,0.000000,0.000000,1.000000,0.000000,0.000000,0.000000,11.310959,2.000000,0.900000,0.900000,1.000000,1.000000,0.000000,0.072804,0.914644,0.926435,715.718967,0.613762,0.409175,1.000000,0.574611,780.369637,0.000000,False,False,False,0.990415,0.395072,0.980830,376,12,0.166667,1.000000
0.000000,0.000000,29.000000,1.000000,0.000000,0.000000,1.000000,0.000000,0.000000,0.000000,11.213182,2.000000,0.900000,0.900000,1.000000,1.000000,0.000000,0.145965,0.857202,0.856975,715.191789,0.611785,0.407857,1.000000,0.527178,779.936064,0.000000,False,False,False,0.980753,0.398453,0.961506,377,12,0.166667,1.000000
0.000000,0.000000,29.000000,1.000000,0.000000,0.000000,1.000000,0.000000,0.000000,0.000000,11.088671,2.000000,0.900000,0.900000,1.000000,1.000000,0.000000,0.100047,0.897109,0.898249,714.634755,0.609447,0.406298,1.000000,0.557034,779.534805,0.000000,False,False,False,0.989443,0.400874,0.978885,378,12,0.166667,1.000000
0.000000,0.000000,29.000000,1.000000,0.000000,0.000000,1.000000,0.000000,0.000000,0.000000,11.261359,2.000000,0.900000,0.900000,1.000000,1.000000,0.000000,0.077621,0.903122,0.925879,714.074811,0.607508,0.405005,1.000000,0.559944,779.108100,0.000000,False,False,False,0.973920,0.392990,0.947841,379,12,0.166667,1.000000
0.000000,0.000000,29.000000,1.000000,0.000000,0.000000,1.000000,0.000000,0.000000,0.000000,11.180936,2.000000,0.900000,0.900000,1.000000,1.000000,0.000000,0.160422,0.837037,0.852066,713.564866,0.605100,0.403400,1.000000,0.509945,778.678400,0.000000,False,False,False,0.983320,0.396070,0.966639,380,12,0.166667,1.000000
0.000000,0.000000,29.000000,1.000000,0.000000,0.000000,1.000000,0.000000,0.000000,0.000000,11.071325,2.000000,0.900000,0.900000,1.000000,1.000000,0.000000,0.080254,0.913889,0.935313,713.009232,0.602332,0.401555,1.000000,0.555634,778.231617,0.000000,False,False,False,0.989904,0.398616,0.979807,381,12,0.166667,1.000000
0.000000,0.000000,29.000000,1.000000,0.000000,0.000000,1.000000,0.000000,0.000000,0.000000,11.198015,2.000000,0.900000,0.900000,1.000000,1.000000,0.000000,0.056389,0.938613,0.949289,712.441454,0.599411,0.399607,1.000000,0.567778,777.842337,0.000000,False,False,False,0.976380,0.401193,0.952760,382,12,0.166667,1.000000
0.000000,0.000000,29.000000,1.000000,0.000000,0.000000,1.000000,0.000000,0.000000,0.000000,11.173296,2.000000,0.900000,0.900000,1.000000,1.000000,0.000000,0.074349,0.923373,0.937318,711.883269,0.597617,0.398412,1.000000,0.558185,777.419624,0.000000,False,False,False,0.989195,0.396918,0.978391,383,12,0.166667,1.000000
0.000000,0.000000,29.000000,1.000000,0.000000,0.000000,1.000000,0.000000,0.000000,0.000000,11.092546,2.000000,0.900000,0.900000,1.000000,1.000000,0.000000,0.102760,0.896191,0.900623,711.369263,0.584568,0.389712,1.000000,0.514007,776.980218,0.000000,False,False,False,0.984787,0.399791,0.969575,384,12,0.166667,1.000000
0.000000,0.000000,29.000000,1.000000,0.000000,0.000000,1.000000,0.000000,0.000000,0.000000,11.336243,2.000000,0.900000,0.900000,1.000000,1.000000,0.000000,0.078169,0.913869,0.918160,710.826721,0.585312,0.390208,1.000000,0.542541,776.594266,0.000000,False,False,False,0.969959,0.402134,0.939918,385,12,0.166667,1.000000
0.000000,0.000000,29.000000,1.000000,0.000000,0.000000,1.000000,0.000000,0.000000,0.000000,11.253600,2.000000,0.900000,0.900000,1.000000,1.000000,0.000000,0.049949,0.939816,0.952847,710.272514,0.585813,0.390542,1.000000,0.554207,776.175885,0.000000,False,False,False,0.981949,0.399792,0.963897,386,12,0.166667,1.000000
0.000000,0.000000,29.000000,1.000000,0.000000,0.000000,1.000000,0.000000,0.000000,0.000000,11.255680,2.000000,0.900000,0.900000,1.000000,1.000000,0.000000,0.034970,0.949105,0.968776,709.711888,0.585249,0.390166,1.000000,0.560626,775.795171,0.000000,False,False,False,0.992331,0.401884,0.984662,387,12,0.166667,1.000000
0.000000,0.000000,29.000000,1.000000,0.000000,0.000000,1.000000,0.000000,0.000000,0.000000,11.252953,2.000000,0.900000,0.900000,1.000000,1.000000,0.000000,0.064932,0.935172,0.944317,709.164148,0.584284,0.389522,1.000000,0.547740,775.364378,0.000000,False,False,False,0.988301,0.397197,0.976602,388,12,0.166667,1.000000
0.000000,0.000000,29.000000,1.000000,0.000000,0.000000,1.000000,0.000000,0.000000,0.000000,11.254699,2.000000,0.900000,0.900000,1.000000,1.000000,0.000000,0.050748,0.941212,0.950864,708.608063,0.582564,0.388376,1.000000,0.556085,774.954424,0.000000,False,False,False,0.968239,0.399435,0.936477,389,12,0.166667,1.000000
0.000000,0.000000,29.000000,1.000000,0.000000,0.000000,1.000000,0.000000,0.000000,0.000000,11.241720,2.000000,0.900000,0.900000,1.000000,1.000000,0.000000,0.126430,0.878095,0.886611,708.096745,0.580972,0.387314,1.000000,0.511318,774.579484,0.000000,False,False,False,0.982633,0.402188,0.965265,390,12,0.166667,1.000000
0.000000,0.000000,29.000000,1.000000,0.000000,0.000000,1.000000,0.000000,0.000000,0.000000,11.365490,2.000000,0.900000,0.900000,1.000000,1.000000,0.000000,0.087564,0.903078,0.912044,707.563091,0.579434,0.386289,1.000000,0.533653,774.152952,0.000000,False,False,False,0.990570,0.396817,0.981140,391,12,0.166667,1.000000
0.000000,0.000000,29.000000,1.000000,0.000000,0.000000,1.000000,0.000000,0.000000,0.000000,11.216573,2.000000,0.900000,0.900000,1.000000,1.000000,0.000000,0.035320,0.950077,0.969557,707.011502,0.577353,0.384902,1.000000,0.551590,773.747357,0.000000,False,False,False,0.975628,0.398878,0.951255,392,12,0.166667,1.000000
0.000000,0.000000,29.000000,1.000000,0.000000,0.000000,1.000000,0.000000,0.000000,0.000000,11.241460,2.000000,0.900000,0.900000,1.000000,1.000000,0.000000,0.040383,0.952813,0.970503,706.460966,0.575482,0.383655,1.000000,0.550536,773.371075,0.000000,False,False,False,0.987036,0.400973,0.974071,393,12,0.166667,1.000000
0.000000,0.000000,29.000000,1.000000,0.000000,0.000000,1.000000,0.000000,0.000000,0.000000,11.243523,2.000000,0.900000,0.900000,1.000000,1.000000,0.000000,0.047644,0.937844,0.952151,705.915601,0.574013,0.382676,1.000000,0.545365,772.966424,0.000000,False,False,False,0.990506,0.396825,0.981012,394,12,0.166667,1.000000
0.000000,0.000000,29.000000,1.000000,0.000000,0.000000,1.000000,0.000000,0.000000,0.000000,11.158358,2.000000,0.900000,0.900000,1.000000,1.000000,0.000000,0.126871,0.877553,0.883815,705.411530,0.571923,0.381282,1.000000,0.504071,772.545795,0.000000,False,False,False,0.987912,0.398883,0.975825,395,12,0.166667,1.000000
0.000000,0.000000,29.000000,1.000000,0.000000,0.000000,1.000000,0.000000,0.000000,0.000000,11.321454,2.000000,0.900000,0.900000,1.000000,1.000000,0.000000,0.081442,0.911953,0.934368,704.897116,0.569684,0.379790,1.000000,0.514414,772.176135,0.000000,False,False,False,0.969272,0.400800,0.938543,396,12,0.166667,1.000000
0.000000,0.000000,29.000000,1.000000,0.000000,0.000000,1.000000,0.000000,0.000000,0.000000,11.374162,2.000000,0.900000,0.900000,1.000000,1.000000,0.000000,0.057573,0.932110,0.956763,704.368700,0.568282,0.378855,1.000000,0.528416,771.776658,0.000000,False,False,False,0.986340,0.397271,0.972680,397,12,0.166667,1.000000
0.000000,0.000000,29.000000,1.000000,0.000000,0.000000,1.000000,0.000000,0.000000,0.000000,11.385351,2.000000,0.900000,0.900000,1.000000,1.000000,0.000000,0.051808,0.936754,0.959681,703.832203,0.566221,0.377481,1.000000,0.536496,771.358496,0.000000,False,False,False,0.989882,0.398955,0.979764,398,12,0.166667,1.000000
0.000000,0.000000,29.000000,1.000000,0.000000,0.000000,1.000000,0.000000,0.000000,0.000000,11.391535,2.000000,0.900000,0.900000,1.000000,1.000000,0.000000,0.090164,0.907684,0.919868,703.318441,0.564114,0.376076,1.000000,0.513762,770.989843,0.000000,False,False,False,0.974359,0.400861,0.948718,399,12,0.166667,1.000000
0.000000,0.000000,29.000000,1.000000,0.000000,0.000000,1.000000,0.000000,0.000000,0.000000,11.378031,2.000000,0.900000,0.900000,1.000000,1.000000,0.000000,0.039636,0.952705,0.963934,702.776621,0.562817,0.375212,1.000000,0.541820,770.599110,0.000000,False,False,False,0.991212,0.396689,0.982424,400,12,0.166667,1.000000
0.000000,0.000000,29.000000,1.000000,0.000000,0.000000,1.000000,0.000000,0.000000,0.000000,11.214471,2.000000,0.900000,0.900000,1.000000,1.000000,0.000000,0.043865,0.955142,0.962938,702.237278,0.560887,0.373925,1.000000,0.539343,770.187378,0.000000,False,False,False,0.984754,0.398234,0.969508,401,12,0.166667,1.000000
0.000000,0.000000,29.000000,1.000000,0.000000,0.000000,1.000000,0.000000,0.000000,0.000000,11.303904,2.000000,0.900000,0.900000,1.000000,1.000000,0.000000,0.066883,0.931718,0.935982,701.709495,0.558881,0.372587,1.000000,0.527783,769.794446,0.000000,False,False,False,0.969407,0.399973,0.938814,402,12,0.166667,1.000000
0.000000,0.000000,29.000000,1.000000,0.000000,0.000000,1.000000,0.000000,0.000000,0.000000,11.330198,2.000000,0.900000,0.900000,1.000000,1.000000,0.000000,0.040047,0.953850,0.959526,701.171626,0.557230,0.371487,1.000000,0.537869,769.427434,0.000000,False,False,False,0.983501,0.402369,0.967002,403,12,0.166667,1.000000
0.000000,0.000000,29.000000,1.000000,0.000000,0.000000,1.000000,0.000000,0.000000,0.000000,11.333393,2.000000,0.900000,0.900000,1.000000,1.000000,0.000000,0.106185,0.895019,0.898848,700.671065,0.555948,0.370632,1.000000,0.500561,769.034831,0.000000,False,False,False,0.989010,0.399089,0.978020,404,12,0.166667,1.000000
0.000000,0.000000,29.000000,1.000000,0.000000,0.000000,1.000000,0.000000,0.000000,0.000000,11.347578,2.000000,0.900000,0.900000,1.000000,1.000000,0.000000,0.062628,0.935306,0.932149,700.146564,0.554278,0.369519,1.000000,0.524501,768.659099,0.000000,False,False,False,0.989612,0.400746,0.979223,405,12,0.166667,1.000000
0.000000,0.000000,29.000000,1.000000,0.000000,0.000000,1.000000,0.000000,0.000000,0.000000,11.336332,2.000000,0.900000,0.900000,1.000000,1.000000,0.000000,0.049639,0.940273,0.947369,699.622409,0.552732,0.368488,1.000000,0.524155,768.269470,0.000000,False,False,False,0.973709,0.395545,0.947417,406,12,0.166667,1.000000
0.000000,0.000000,29.000000,1.000000,0.000000,0.000000,1.000000,0.000000,0.000000,0.000000,11.380627,2.000000,0.900000,0.900000,1.000000,1.000000,0.000000,0.068924,0.923668,0.940653,699.106026,0.551248,0.367498,1.000000,0.516383,767.885644,0.000000,False,False,False,0.988803,0.397493,0.977607,407,12,0.166667,1.000000
0.000000,0.000000,29.000000,1.000000,0.000000,0.000000,1.000000,0.000000,0.000000,0.000000,11.311574,2.000000,0.900000,0.900000,1.000000,1.000000,0.000000,0.125282,0.877478,0.881018,698.619769,0.549573,0.366382,1.000000,0.486257,767.481310,0.000000,False,False,False,0.985531,0.398986,0.971061,408,12,0.166667,1.000000
0.000000,0.000000,29.000000,1.000000,0.000000,0.000000,1.000000,0.000000,0.000000,0.000000,11.274816,2.000000,0.900000,0.900000,1.000000,1.000000,0.000000,0.071049,0.912923,0.929697,698.110831,0.547832,0.365221,1.000000,0.508937,767.123446,0.000000,False,False,False,0.972637,0.400691,0.945273,409,12,0.166667,1.000000
0.000000,0.000000,29.000000,1.000000,0.000000,0.000000,1.000000,0.000000,0.000000,0.000000,11.313971,2.000000,0.900000,0.900000,1.000000,1.000000,0.000000,0.089918,0.909442,0.918986,697.629297,0.533621,0.355747,1.000000,0.481534,766.742920,0.000000,False,False,False,0.987397,0.397494,0.974794,410,12,0.166667,1.000000
0.000000,0.000000,29.000000,1.000000,0.000000,0.000000,1.000000,0.000000,0.000000,0.000000,11.332185,2.000000,0.900000,0.900000,1.000000,1.000000,0.000000,0.045856,0.943308,0.959802,697.119494,0.536679,0.357786,1.000000,0.509803,766.361669,0.000000,False,False,False,0.987484,0.398795,0.974968,411,12,0.166667,1.000000
0.000000,0.000000,29.000000,1.000000,0.000000,0.000000,1.000000,0.000000,0.000000,0.000000,11.346687,2.000000,0.900000,0.900000,1.000000,1.000000,0.000000,0.048297,0.950572,0.954106,696.604922,0.538111,0.358740,1.000000,0.514572,765.994192,0.000000,False,False,False,0.983474,0.400642,0.966949,412,12,0.166667,1.000000
0.000000,0.000000,29.000000,1.000000,0.000000,0.000000,1.000000,0.000000,0.000000,0.000000,11.353569,2.000000,0.900000,0.900000,1.000000,1.000000,0.000000,0.045080,0.950036,0.958091,696.090444,0.538659,0.359106,1.000000,0.514478,765.615438,0.000000,False,False,False,0.971619,0.395543,0.943238,413,12,0.166667,1.000000
0.000000,0.000000,29.000000,1.000000,0.000000,0.000000,1.000000,0.000000,0.000000,0.000000,11.215850,2.000000,0.900000,0.900000,1.000000,1.000000,0.000000,0.046881,0.948332,0.957596,695.575800,0.538648,0.359098,1.000000,0.514645,765.238110,0.000000,False,False,False,0.984499,0.397532,0.968997,414,12,0.166667,1.000000
0.000000,0.000000,29.000000,1.000000,0.000000,0.000000,1.000000,0.000000,0.000000,0.000000,11.215553,2.000000,0.900000,0.900000,1.000000,1.000000,0.000000,0.046650,0.941537,0.962291,695.062765,0.538019,0.358680,1.000000,0.513035,764.840787,0.000000,False,False,False,0.986342,0.398946,0.972685,415,12,0.166667,1.000000
0.000000,0.000000,29.000000,1.000000,0.000000,0.000000,1.000000,0.000000,0.000000,0.000000,11.231352,2.000000,0.900000,0.900000,1.000000,1.000000,0.000000,0.117859,0.887194,0.887006,694.583542,0.537016,0.358011,1.000000,0.479222,764.485079,0.000000,False,False,False,0.975375,0.400484,0.950749,416,12,0.166667,1.000000
0.000000,0.000000,29.000000,1.000000,0.000000,0.000000,1.000000,0.000000,0.000000,0.000000,11.271952,2.000000,0.900000,0.900000,1.000000,1.000000,0.000000,0.061306,0.927377,0.934064,694.076157,0.536392,0.357594,1.000000,0.507386,764.111709,0.000000,False,False,False,0.988970,0.397703,0.977940,417,12,0.166667,1.000000
0.000000,0.000000,29.000000,1.000000,0.000000,0.000000,1.000000,0.000000,0.000000,0.000000,11.291543,2.000000,0.900000,0.900000,1.000000,1.000000,0.000000,0.062278,0.936547,0.942598,693.569792,0.535192,0.356795,1.000000,0.506365,763.717559,0.000000,False,False,False,0.986081,0.398945,0.972163,418,12,0.166667,1.000000
0.000000,0.000000,29.000000,1.000000,0.000000,0.000000,1.000000,0.000000,0.000000,0.000000,11.296623,2.000000,0.900000,0.900000,1.000000,1.000000,0.000000,0.042613,0.944283,0.958790,693.057275,0.533651,0.355767,1.000000,0.512517,763.358308,0.000000,False,False,False,0.969206,0.400419,0.938411,419,12,0.166667,1.000000
0.000000,0.000000,29.000000,1.000000,0.000000,0.000000,1.000000,0.000000,0.000000,0.000000,11.290559,2.000000,0.900000,0.900000,1.000000,1.000000,0.000000,0.101179,0.898826,0.907063,692.576065,0.532657,0.355104,1.000000,0.481210,762.982081,0.000000,False,False,False,0.989149,0.398670,0.978298,420,12,0.166667,1.000000
0.000000,0.000000,29.000000,1.000000,0.000000,0.000000,1.000000,0.000000,0.000000,0.000000,11.306536,2.000000,0.900000,0.900000,1.000000,1.000000,0.000000,0.044237,0.943902,0.955196,692.068885,0.531480,0.354320,1.000000,0.507180,762.628582,0.000000,False,False,False,0.990095,0.400029,0.980190,421,12,0.166667,1.000000
0.000000,0.000000,29.000000,1.000000,0.000000,0.000000,1.000000,0.000000,0.000000,0.000000,11.340257,2.000000,0.900000,0.900000,1.000000,1.000000,0.000000,0.044125,0.955446,0.963996,691.559995,0.530267,0.353511,1.000000,0.508890,762.238504,0.000000,False,False,False,0.990236,0.396805,0.980472,422,12,0.166667,1.000000
0.000000,0.000000,29.000000,1.000000,0.000000,0.000000,1.000000,0.000000,0.000000,0.000000,11.249793,2.000000,0.900000,0.900000,1.000000,1.000000,0.000000,0.047639,0.953428,0.960237,691.073518,0.518085,0.345390,1.000000,0.486477,761.866978,0.000000,False,False,False,0.973284,0.398142,0.946567,423,12,0.166667,1.000000
0.000000,0.000000,29.000000,1.000000,0.000000,0.000000,1.000000,0.000000,0.000000,0.000000,11.315098,2.000000,0.900000,0.900000,1.000000,1.000000,0.000000,0.086209,0.908649,0.911270,690.592844,0.520395,0.346930,1.000000,0.480674,761.510607,0.000000,False,False,False,0.980722,0.400356,0.961444,424,12,0.181818,1.000000
0.000000,0.000000,29.000000,1.000000,0.000000,0.000000,1.000000,0.000000,0.000000,0.000000,11.272453,2.000000,0.900000,0.900000,1.000000,1.000000,0.000000,0.093533,0.911317,0.906458,690.116578,0.521660,0.347773,1.000000,0.476267,761.123991,0.000000,False,False,False,0.996189,0.398417,0.992378,425,12,0.181818,1.000000
0.000000,0.000000,29.000000,1.000000,0.000000,0.000000,1.000000,0.000000,0.000000,0.000000,11.338698,2.000000,0.900000,0.900000,1.000000,1.000000,0.000000,0.070401,0.924865,0.924485,689.625210,0.521764,0.347843,1.000000,0.491368,760.754406,0.000000,False,False,False,0.969626,0.399572,0.939251,426,12,0.181818,1.000000
0.000000,0.000000,29.000000,1.000000,0.000000,0.000000,1.000000,0.000000,0.000000,0.000000,11.376370,2.000000,0.900000,0.900000,1.000000,1.000000,0.000000,0.075756,0.916666,0.925317,689.138603,0.521771,0.347847,1.000000,0.486607,760.403521,0.000000,False,False,False,0.992270,0.401525,0.984539,427,12,0.181818,1.000000
0.000000,0.000000,29.000000,1.000000,0.000000,0.000000,1.000000,0.000000,0.000000,0.000000,11.233777,2.000000,0.900000,0.900000,1.000000,1.000000,0.000000,0.063586,0.926964,0.943196,688.648947,0.521557,0.347704,1.000000,0.489656,760.034733,0.000000,False,False,False,0.994559,0.398318,0.989118,428,12,0.181818,1.000000
0.000000,0.000000,29.000000,1.000000,0.000000,0.000000,1.000000,0.000000,0.000000,0.000000,11.239141,2.000000,0.900000,0.900000,1.000000,1.000000,0.000000,0.047239,0.947749,0.955118,688.152876,0.520728,0.347152,1.000000,0.496071,759.647801,0.000000,False,False,False,0.993741,0.399533,0.987482,429,12,0.181818,1.000000
0.000000,0.000000,29.000000,1.000000,0.000000,0.000000,1.000000,0.000000,0.000000,0.000000,11.257907,2.000000,0.900000,0.900000,1.000000,1.000000,0.000000,0.044166,0.947853,0.953726,687.654813,0.519316,0.346211,1.000000,0.498063,759.299474,0.000000,False,False,False,0.961478,0.400817,0.922956,430,12,0.181818,1.000000
0.000000,0.000000,29.000000,1.000000,0.000000,0.000000,1.000000,0.000000,0.000000,0.000000,11.352717,2.000000,0.900000,0.900000,1.000000,1.000000,0.000000,0.075009,0.925239,0.920258,687.170932,0.518756,0.345837,1.000000,0.483881,758.932956,0.000000,False,False,False,0.995437,0.398500,0.990873,431,12,0.181818,1.000000
0.000000,0.000000,29.000000,1.000000,0.000000,0.000000,1.000000,0.000000,0.000000,0.000000,11.411031,2.000000,0.900000,0.900000,1.000000,1.000000,0.000000,0.047092,0.931358,0.949481,686.681280,0.517813,0.345209,1.000000,0.489652,758.566520,0.000000,False,False,False,0.994455,0.399589,0.988909,432,12,0.181818,1.000000
0.000000,0.000000,29.000000,1.000000,0.000000,0.000000,1.000000,0.000000,0.000000,0.000000,11.461248,2.000000,0.900000,0.900000,1.000000,1.000000,0.000000,0.059089,0.933364,0.945571,686.197371,0.516809,0.344539,1.000000,0.483909,758.207149,0.000000,False,False,False,0.993977,0.400789,0.987953,433,12,0.181818,1.000000
0.000000,0.000000,29.000000,1.000000,0.000000,0.000000,1.000000,0.000000,0.000000,0.000000,11.291187,2.000000,0.900000,0.900000,1.000000,1.000000,0.000000,0.045754,0.936996,0.953645,685.709383,0.515587,0.343724,1.000000,0.487988,757.845527,0.000000,False,False,False,0.962458,0.396862,0.924917,434,12,0.181818,1.000000
0.000000,0.000000,29.000000,1.000000,0.000000,0.000000,1.000000,0.000000,0.000000,0.000000,11.372510,2.000000,0.900000,0.900000,1.000000,1.000000,0.000000,0.115810,0.885715,0.905256,685.258402,0.514874,0.343250,1.000000,0.450981,757.481254,0.000000,False,False,False,0.992991,0.398043,0.985982,435,12,0.200000,1.000000
0.000000,0.000000,29.000000,1.000000,0.000000,0.000000,1.000000,0.000000,0.000000,0.000000,11.384141,2.000000,0.900000,0.900000,1.000000,1.000000,0.000000,0.097149,0.903636,0.907509,684.792730,0.513887,0.342591,1.000000,0.465672,757.097444,0.000000,False,False,False,0.993122,0.398895,0.986245,436,12,0.200000,1.000000
0.000000,0.000000,29.000000,1.000000,0.000000,0.000000,1.000000,0.000000,0.000000,0.000000,11.221696,2.000000,0.900000,0.900000,1.000000,1.000000,0.000000,0.064013,0.930367,0.931219,684.308858,0.512369,0.341579,1.000000,0.483872,756.750904,0.000000,False,False,False,0.960263,0.400151,0.920525,437,12,0.200000,1.000000
0.000000,0.000000,29.000000,1.000000,0.000000,0.000000,1.000000,0.000000,0.000000,0.000000,11.455338,2.000000,0.900000,0.900000,1.000000,1.000000,0.000000,0.071306,0.925199,0.929582,683.827084,0.512030,0.341353,1.000000,0.481775,756.383440,0.000000,False,False,False,0.994121,0.398248,0.988242,438,12,0.200000,1.000000
0.000000,0.000000,29.000000,1.000000,0.000000,0.000000,1.000000,0.000000,0.000000,0.000000,11.512649,2.000000,0.900000,0.900000,1.000000,1.000000,0.000000,0.077051,0.914136,0.923830,683.350033,0.511078,0.340719,1.000000,0.477051,756.001896,0.000000,False,False,False,0.994878,0.399532,0.989757,439,12,0.200000,1.000000
0.000000,0.000000,29.000000,1.000000,0.000000,0.000000,1.000000,0.000000,0.000000,0.000000,11.590100,2.000000,0.900000,0.900000,1.000000,1.000000,0.000000,0.081409,0.923299,0.921621,682.878140,0.509899,0.339933,1.000000,0.471893,755.655311,0.000000,False,False,False,0.964466,0.400511,0.928932,440,12,0.200000,1.000000
0.000000,0.000000,29.000000,1.000000,0.000000,0.000000,1.000000,0.000000,0.000000,0.000000,11.399403,2.000000,0.900000,0.900000,1.000000,1.000000,0.000000,0.074019,0.916124,0.918941,682.401196,0.509580,0.339720,1.000000,0.476944,755.286408,0.000000,False,False,False,0.992479,0.398971,0.984958,441,12,0.200000,1.000000
0.000000,0.000000,29.000000,1.000000,0.000000,0.000000,1.000000,0.000000,0.000000,0.000000,11.511057,2.000000,0.900000,0.900000,1.000000,1.000000,0.000000,0.103755,0.897927,0.893107,681.936112,0.508975,0.339317,1.000000,0.465084,754.933023,0.000000,False,False,False,0.995230,0.400463,0.990460,442,12,0.200000,1.000000
0.000000,0.000000,29.000000,1.000000,0.000000,0.000000,1.000000,0.000000,0.000000,0.000000,11.568161,2.000000,0.900000,0.900000,1.000000,1.000000,0.000000,0.073492,0.911398,0.926949,681.459971,0.508439,0.338960,1.000000,0.476141,754.553033,0.000000,False,False,False,0.996089,0.398561,0.992178,443,12,0.200000,1.000000
0.000000,0.000000,29.000000,1.000000,0.000000,0.000000,1.000000,0.000000,0.000000,0.000000,11.565126,2.000000,0.900000,0.900000,1.000000,1.000000,0.000000,0.122637,0.880549,0.875444,681.007671,0.507894,0.338596,1.000000,0.452301,754.190508,0.000000,False,False,False,0.960915,0.399470,0.921829,444,12,0.222222,1.000000
0.000000,0.000000,29.000000,1.000000,0.000000,0.000000,1.000000,0.000000,0.000000,0.000000,11.528434,2.000000,0.900000,0.900000,1.000000,1.000000,0.000000,0.093341,0.902500,0.903504,680.539177,0.507962,0.338641,1.000000,0.468494,753.835064,0.000000,False,False,False,0.993308,0.400728,0.986615,445,12,0.222222,1.000000
0.000000,0.000000,29.000000,1.000000,0.000000,0.000000,1.000000,0.000000,0.000000,0.000000,11.556640,2.000000,0.900000,0.900000,1.000000,1.000000,0.000000,0.073844,0.918680,0.927645,680.065117,0.507702,0.338468,1.000000,0.474060,753.451007,0.000000,False,False,False,0.995184,0.399667,0.990368,446,12,0.222222,1.000000
0.000000,0.000000,29.000000,1.000000,0.000000,0.000000,1.000000,0.000000,0.000000,0.000000,11.642469,2.000000,0.900000,0.900000,1.000000,1.000000,0.000000,0.077746,0.900134,0.925926,679.598045,0.507407,0.338271,1.000000,0.467072,753.102992,0.000000,False,False,False,0.966608,0.400811,0.933217,447,12,0.222222,1.000000
0.000000,0.000000,29.000000,1.000000,0.000000,0.000000,1.000000,0.000000,0.000000,0.000000,11.625033,2.000000,0.900000,0.900000,1.000000,1.000000,0.000000,0.083586,0.903887,0.922662,679.132914,0.507585,0.338390,1.000000,0.465131,752.738356,0.000000,False,False,False,0.994139,0.399065,0.988278,448,12,0.222222,1.000000
0.000000,0.000000,29.000000,1.000000,0.000000,0.000000,1.000000,0.000000,0.000000,0.000000,11.580445,2.000000,0.900000,0.900000,1.000000,1.000000,0.000000,0.102607,0.884545,0.906898,678.697885,0.494159,0.329439,1.000000,0.435029,752.376739,0.000000,False,False,False,0.993277,0.399854,0.986555,449,12,0.222222,1.000000
0.000000,0.000000,29.000000,1.000000,0.000000,0.000000,1.000000,0.000000,0.000000,0.000000,11.521588,2.000000,0.900000,0.900000,1.000000,1.000000,0.000000,0.095454,0.894922,0.909833,678.246007,0.498488,0.332326,1.000000,0.451878,752.017206,0.000000,False,False,False,0.991005,0.400543,0.982009,450,12,0.222222,1.000000
0.000000,0.000000,29.000000,1.000000,0.000000,0.000000,1.000000,0.000000,0.000000,0.000000,11.573927,2.000000,0.900000,0.900000,1.000000,1.000000,0.000000,0.074048,0.920995,0.925328,677.777041,0.501067,0.334045,1.000000,0.468965,751.657047,0.000000,False,False,False,0.955715,0.396953,0.911431,451,12,0.222222,1.000000
0.000000,0.000000,29.000000,1.000000,0.000000,0.000000,1.000000,0.000000,0.000000,0.000000,11.614853,2.000000,0.900000,0.900000,1.000000,1.000000,0.000000,0.077487,0.910170,0.920832,677.309913,0.503417,0.335612,1.000000,0.467128,751.290617,0.000000,False,False,False,0.992130,0.398219,0.984261,452,12,0.222222,1.000000
0.000000,0.000000,29.000000,1.000000,0.000000,0.000000,1.000000,0.000000,0.000000,0.000000,11.606214,2.000000,0.900000,0.900000,1.000000,1.000000,0.000000,0.142711,0.862192,0.870211,676.868890,0.504627,0.336418,1.000000,0.441023,750.907724,0.000000,False,False,False,0.994356,0.399448,0.988712,453,12,0.222222,1.000000
0.000000,0.000000,29.000000,1.000000,0.000000,0.000000,1.000000,0.000000,0.000000,0.000000,11.483218,2.000000,0.900000,0.900000,1.000000,1.000000,0.000000,0.088921,0.912953,0.921266,676.400661,0.505265,0.336843,1.000000,0.468230,750.561576,0.000000,False,False,False,0.959968,0.400570,0.919936,454,12,0.222222,1.000000
0.000000,0.000000,29.000000,1.000000,0.000000,0.000000,1.000000,0.000000,0.000000,0.000000,11.696598,2.000000,0.900000,0.900000,1.000000,1.000000,0.000000,0.072900,0.911972,0.919203,675.928174,0.506176,0.337451,1.000000,0.472487,750.197923,0.000000,False,False,False,0.993850,0.398626,0.987701,455,12,0.222222,1.000000
0.000000,0.000000,29.000000,1.000000,0.000000,0.000000,1.000000,0.000000,0.000000,0.000000,11.700675,2.000000,0.900000,0.900000,1.000000,1.000000,0.000000,0.081079,0.914451,0.927720,675.462482,0.506473,0.337649,1.000000,0.465691,749.839405,0.000000,False,False,False,0.989416,0.400464,0.978832,456,12,0.222222,1.000000
0.000000,0.000000,29.000000,1.000000,0.000000,0.000000,1.000000,0.000000,0.000000,0.000000,11.590510,2.000000,0.900000,0.900000,1.000000,1.000000,0.000000,0.079050,0.916530,0.928752,674.995723,0.506367,0.337578,1.000000,0.466760,749.478646,0.000000,False,False,False,0.954164,0.396724,0.908328,457,12,0.222222,1.000000
0.000000,0.000000,29.000000,1.000000,0.000000,0.000000,1.000000,0.000000,0.000000,0.000000,11.736315,2.000000,0.900000,0.900000,1.000000,1.000000,0.000000,0.074116,0.918587,0.935140,674.523972,0.506965,0.337977,1.000000,0.471751,749.115295,0.000000,False,False,False,0.992608,0.398102,0.985217,458,12,0.222222,1.000000
0.000000,0.000000,29.000000,1.000000,0.000000,0.000000,1.000000,0.000000,0.000000,0.000000,11.768800,2.000000,0.900000,0.900000,1.000000,1.000000,0.000000,0.069190,0.920263,0.931853,674.050393,0.507080,0.338053,1.000000,0.473578,748.745788,0.000000,False,False,False,0.991972,0.399345,0.983944,459,12,0.222222,1.000000
0.000000,0.000000,29.000000,1.000000,0.000000,0.000000,1.000000,0.000000,0.000000,0.000000,11.745885,2.000000,0.900000,0.900000,1.000000,1.000000,0.000000,0.082260,0.914930,0.919571,673.580465,0.507183,0.338122,1.000000,0.469928,748.389970,0.000000,False,False,False,0.995745,0.400798,0.991489,460,12,0.222222,1.000000
0.000000,0.000000,29.000000,1.000000,0.000000,0.000000,1.000000,0.000000,0.000000,0.000000,11.655413,2.000000,0.900000,0.900000,1.000000,1.000000,0.000000,0.095727,0.903431,0.902247,673.115397,0.506818,0.337878,1.000000,0.465068,748.025292,0.000000,False,False,False,0.963128,0.396460,0.926256,461,12,0.222222,1.000000
0.000000,0.000000,29.000000,1.000000,0.000000,0.000000,1.000000,0.000000,0.000000,0.000000,11.713580,2.000000,0.900000,0.900000,1.000000,1.000000,0.000000,0.084843,0.912717,0.927680,672.665460,0.497053,0.331369,1.000000,0.449936,747.659997,0.000000,False,False,False,0.995198,0.397630,0.990397,462,12,0.222222,1.000000
0.000000,0.000000,29.000000,1.000000,0.000000,0.000000,1.000000,0.000000,0.000000,0.000000,11.595504,2.000000,0.900000,0.900000,1.000000,1.000000,0.000000,0.073802,0.917043,0.931201,672.202812,0.500351,0.333567,1.000000,0.462649,747.277113,0.000000,False,False,False,0.991257,0.399383,0.982513,463,12,0.250000,1.000000
0.000000,0.000000,29.000000,1.000000,0.000000,0.000000,1.000000,0.000000,0.000000,0.000000,11.512015,2.000000,0.900000,0.900000,1.000000,1.000000,0.000000,0.100881,0.894558,0.893502,671.745651,0.502372,0.334915,1.000000,0.457161,746.928664,0.000000,False,False,False,0.956253,0.400602,0.912507,464,12,0.250000,1.000000
0.000000,0.000000,29.000000,1.000000,0.000000,0.000000,1.000000,0.000000,0.000000,0.000000,11.639416,2.000000,0.900000,0.900000,1.000000,1.000000,0.000000,0.082326,0.919061,0.918792,671.277980,0.504311,0.336207,1.000000,0.467670,746.563619,0.000000,False,False,False,0.994714,0.399098,0.989429,465,12,0.250000,1.000000
0.000000,0.000000,29.000000,1.000000,0.000000,0.000000,1.000000,0.000000,0.000000,0.000000,11.491583,2.000000,0.900000,0.900000,1.000000,1.000000,0.000000,0.091458,0.906033,0.900949,670.810987,0.505260,0.336840,1.000000,0.466993,746.206256,0.000000,False,False,False,0.993391,0.400171,0.986782,466,12,0.250000,1.000000
0.000000,0.000000,29.000000,1.000000,0.000000,0.000000,1.000000,0.000000,0.000000,0.000000,11.664086,2.000000,0.900000,0.900000,1.000000,1.000000,0.000000,0.090041,0.902799,0.918897,670.344733,0.505916,0.337278,1.000000,0.466254,745.848494,0.000000,False,False,False,0.992488,0.400118,0.984976,467,12,0.285714,1.000000
0.000000,0.000000,29.000000,1.000000,0.000000,0.000000,1.000000,0.000000,0.000000,0.000000,11.629666,2.000000,0.900000,0.900000,1.000000,1.000000,0.000000,0.118584,0.881857,0.877297,669.889018,0.505968,0.337312,1.000000,0.455715,745.482717,0.000000,False,False,False,0.958553,0.396091,0.917106,468,12,0.333333,1.000000
0.000000,0.000000,29.000000,1.000000,0.000000,0.000000,1.000000,0.000000,0.000000,0.000000,11.789186,2.000000,0.900000,0.900000,1.000000,1.000000,0.000000,0.065305,0.928345,0.935811,669.410155,0.506708,0.337805,1.000000,0.478863,745.117679,0.000000,False,False,False,0.996127,0.397472,0.992253,469,12,0.333333,1.000000
0.000000,0.000000,29.000000,1.000000,0.000000,0.000000,1.000000,0.000000,0.000000,0.000000,11.543438,2.000000,0.900000,0.900000,1.000000,1.000000,0.000000,0.105028,0.892010,0.891164,668.948297,0.506907,0.337938,1.000000,0.461859,744.749565,0.000000,False,False,False,0.993515,0.398560,0.987029,470,12,0.333333,1.000000
0.000000,0.000000,29.000000,1.000000,0.000000,0.000000,1.000000,0.000000,0.000000,0.000000,11.631765,2.000000,0.900000,0.900000,1.000000,1.000000,0.000000,0.113718,0.882647,0.879912,668.489026,0.507015,0.338010,1.000000,0.459270,744.391647,0.000000,False,False,False,0.994371,0.400102,0.988742,471,12,0.333333,1.000000
0.000000,0.000000,29.000000,1.000000,0.000000,0.000000,1.000000,0.000000,0.000000,0.000000,11.545464,2.000000,0.900000,0.900000,1.000000,1.000000,0.000000,0.108265,0.886896,0.883472,668.028445,0.506747,0.337831,1.000000,0.460581,744.032454,0.000000,False,False,False,0.959589,0.396051,0.919178,472,12,0.333333,1.000000
0.000000,0.000000,29.000000,1.000000,0.000000,0.000000,1.000000,0.000000,0.000000,0.000000,11.739828,2.000000,0.900000,0.900000,1.000000,1.000000,0.000000,0.093469,0.901576,0.907987,667.564148,0.507098,0.338065,1.000000,0.464297,743.661705,0.000000,False,False,False,0.989681,0.397775,0.979363,473,12,0.333333,1.000000
0.000000,0.000000,29.000000,1.000000,0.000000,0.000000,1.000000,0.000000,0.000000,0.000000,11.468220,2.000000,0.900000,0.900000,1.000000,1.000000,0.000000,0.082403,0.910912,0.922624,667.115730,0.497265,0.331510,1.000000,0.448418,743.301137,0.000000,False,False,False,0.997430,0.399028,0.994861,474,12,0.333333,1.000000
0.000000,0.000000,29.000000,1.000000,0.000000,0.000000,1.000000,0.000000,0.000000,0.000000,11.719469,2.000000,0.900000,0.900000,1.000000,1.000000,0.000000,0.095354,0.896406,0.896959,666.660255,0.500482,0.333655,1.000000,0.455474,742.942517,0.000000,False,False,False,0.989324,0.400137,0.978648,475,12,0.333333,1.000000
0.000000,0.000000,29.000000,1.000000,0.000000,0.000000,1.000000,0.000000,0.000000,0.000000,11.637752,2.000000,0.900000,0.900000,1.000000,1.000000,0.000000,0.114355,0.879926,0.880150,666.206420,0.502350,0.334900,1.000000,0.453835,742.577472,0.000000,False,False,False,0.954055,0.396511,0.908110,476,12,0.333333,1.000000
0.000000,0.000000,29.000000,1.000000,0.000000,0.000000,1.000000,0.000000,0.000000,0.000000,11.593436,2.000000,0.900000,0.900000,1.000000,1.000000,0.000000,0.110100,0.891555,0.888963,665.749218,0.504298,0.336199,1.000000,0.457203,742.211293,0.000000,False,False,False,0.995628,0.397985,0.991256,477,12,0.333333,1.000000
0.000000,0.000000,29.000000,1.000000,0.000000,0.000000,1.000000,0.000000,0.000000,0.000000,11.609257,2.000000,0.900000,0.900000,1.000000,1.000000,0.000000,0.106768,0.871851,0.889165,665.293724,0.505186,0.336791,1.000000,0.455494,741.832203,0.000000,False,False,False,0.994261,0.398822,0.988522,478,12,0.333333,1.000000
0.000000,0.000000,29.000000,1.000000,0.000000,0.000000,1.000000,0.000000,0.000000,0.000000,11.649040,2.000000,0.900000,0.900000,1.000000,1.000000,0.000000,0.090457,0.904813,0.912444,664.829988,0.505640,0.337094,1.000000,0.463736,741.476443,0.000000,False,False,False,0.964307,0.399694,0.928615,479,12,0.333333,1.000000
0.000000,0.000000,29.000000,1.000000,0.000000,0.000000,1.000000,0.000000,0.000000,0.000000,11.606007,2.000000,0.900000,0.900000,1.000000,1.000000,0.000000,0.082775,0.913334,0.913924,664.360642,0.506404,0.337603,1.000000,0.469346,741.110158,0.000000,False,False,False,0.987647,0.399971,0.975293,480,12,0.333333,1.000000
0.000000,0.000000,29.000000,1.000000,0.000000,0.000000,1.000000,0.000000,0.000000,0.000000,11.615285,2.000000,0.900000,0.900000,1.000000,1.000000,0.000000,0.110132,0.888273,0.882999,663.900663,0.506724,0.337816,1.000000,0.459979,740.752646,0.000000,False,False,False,0.993607,0.401428,0.987215,481,12,0.400000,1.000000
0.000000,0.000000,29.000000,1.000000,0.000000,0.000000,1.000000,0.000000,0.000000,0.000000,11.456606,2.000000,0.900000,0.900000,1.000000,1.000000,0.000000,0.119259,0.876591,0.866996,663.442912,0.506554,0.337703,1.000000,0.457751,740.386014,0.000000,False,False,False,0.964640,0.397195,0.929281,482,12,0.400000,1.000000
0.000000,0.000000,29.000000,1.000000,0.000000,0.000000,1.000000,0.000000,0.000000,0.000000,11.553388,2.000000,0.900000,0.900000,1.000000,1.000000,0.000000,0.107780,0.889721,0.886312,662.981744,0.507069,0.338046,1.000000,0.461168,740.020001,0.000000,False,False,False,0.996315,0.398462,0.992630,483,12,0.400000,1.000000
0.000000,0.000000,29.000000,1.000000,0.000000,0.000000,1.000000,0.000000,0.000000,0.000000,11.742662,2.000000,0.900000,0.900000,1.000000,1.000000,0.000000,0.066125,0.913215,0.931646,662.508550,0.507142,0.338095,1.000000,0.473194,739.650056,0.000000,False,False,False,0.994022,0.399591,0.988045,484,12,0.500000,1.000000
0.000000,0.000000,29.000000,1.000000,0.000000,0.000000,1.000000,0.000000,0.000000,0.000000,11.662177,2.000000,0.900000,0.900000,1.000000,1.000000,0.000000,0.119709,0.883771,0.899895,662.055802,0.507185,0.338123,1.000000,0.452747,739.288965,0.000000,False,False,False,0.996561,0.400769,0.993121,485,12,0.666667,1.000000
0.000000,0.000000,29.000000,1.000000,0.000000,0.000000,1.000000,0.000000,0.000000,0.000000,11.679045,2.000000,0.900000,0.900000,1.000000,1.000000,0.000000,0.143770,0.839252,0.856329,661.609350,0.506880,0.337920,1.000000,0.446452,738.922675,0.000000,False,False,False,0.963876,0.397021,0.927752,486,12,0.666667,1.000000
0.000000,0.000000,29.000000,1.000000,0.000000,0.000000,1.000000,0.000000,0.000000,0.000000,11.549791,2.000000,0.900000,0.900000,1.000000,1.000000,0.000000,0.150740,0.851307,0.866466,661.180110,0.507286,0.338191,1.000000,0.429240,738.558139,0.000000,False,False,False,0.995409,0.398630,0.990818,487,12,0.666667,1.000000
0.000000,0.000000,29.000000,1.000000,0.000000,0.000000,1.000000,0.000000,0.000000,0.000000,11.608797,2.000000,0.900000,0.900000,1.000000,1.000000,0.000000,0.131691,0.869867,0.860895,660.732285,0.507278,0.338185,1.000000,0.447825,738.192067,0.000000,False,False,False,0.992579,0.399894,0.985159,488,12,0.666667,1.000000
0.000000,0.000000,29.000000,1.000000,0.000000,0.000000,1.000000,0.000000,0.000000,0.000000,11.423771,2.000000,0.900000,0.900000,1.000000,1.000000,0.000000,0.110880,0.882947,0.880986,660.267551,0.507124,0.338083,1.000000,0.464734,737.838719,0.000000,False,False,False,0.994138,0.400804,0.988276,489,12,0.666667,1.000000
0.000000,0.000000,29.000000,1.000000,0.000000,0.000000,1.000000,0.000000,0.000000,0.000000,11.451328,2.000000,0.900000,0.900000,1.000000,1.000000,0.000000,0.120619,0.875544,0.871233,659.812975,0.506754,0.337836,1.000000,0.454576,737.471690,0.000000,False,False,False,0.959261,0.396322,0.918522,490,12,0.666667,1.000000
0.000000,0.000000,29.000000,1.000000,0.000000,0.000000,1.000000,0.000000,0.000000,0.000000,11.543325,2.000000,0.900000,0.900000,1.000000,1.000000,0.000000,0.138172,0.857535,0.852983,659.359662,0.507221,0.338147,1.000000,0.453314,737.104957,0.000000,False,False,False,0.994567,0.398243,0.989134,491,12,0.666667,1.000000
0.000000,0.000000,29.000000,1.000000,0.000000,0.000000,1.000000,0.000000,0.000000,0.000000,11.514759,2.000000,0.900000,0.900000,1.000000,1.000000,0.000000,0.103367,0.898282,0.887971,658.895567,0.507268,0.338179,1.000000,0.464094,736.734867,0.000000,False,False,False,0.994165,0.399582,0.988329,492,12,0.666667,1.000000
0.000000,0.000000,29.000000,1.000000,0.000000,0.000000,1.000000,0.000000,0.000000,0.000000,11.680440,2.000000,0.900000,0.900000,1.000000,1.000000,0.000000,0.079027,0.916348,0.913354,658.419572,0.507282,0.338188,1.000000,0.475995,736.376390,0.000000,False,False,False,0.995913,0.401032,0.991826,493,12,0.666667,1.000000
0.000000,0.000000,29.000000,1.000000,0.000000,0.000000,1.000000,0.000000,0.000000,0.000000,11.383902,2.000000,0.900000,0.900000,1.000000,1.000000,0.000000,0.096144,0.901449,0.891575,657.953656,0.506927,0.337952,1.000000,0.465917,736.006552,0.000000,False,False,False,0.966314,0.396893,0.932628,494,12,0.666667,1.000000
0.000000,0.000000,29.000000,1.000000,0.000000,0.000000,1.000000,0.000000,0.000000,0.000000,11.643663,2.000000,0.900000,0.900000,1.000000,1.000000,0.000000,0.118337,0.881063,0.875136,657.496125,0.507322,0.338215,1.000000,0.457531,735.643390,0.000000,False,False,False,0.997654,0.398464,0.995308,495,12,0.666667,1.000000
0.000000,0.000000,29.000000,1.000000,0.000000,0.000000,1.000000,0.000000,0.000000,0.000000,11.652208,2.000000,0.900000,0.900000,1.000000,1.000000,0.000000,0.110552,0.888495,0.890607,657.034611,0.507275,0.338183,1.000000,0.461514,735.271526,0.000000,False,False,False,0.992173,0.399293,0.984346,496,12,0.666667,1.000000
0.000000,0.000000,29.000000,1.000000,0.000000,0.000000,1.000000,0.000000,0.000000,0.000000,11.697371,2.000000,0.900000,0.900000,1.000000,1.000000,0.000000,0.100673,0.897466,0.884709,656.567556,0.507331,0.338221,1.000000,0.467054,734.915864,0.000000,False,False,False,0.996474,0.400888,0.992948,497,12,0.666667,1.000000
0.000000,0.000000,29.000000,1.000000,0.000000,0.000000,1.000000,0.000000,0.000000,0.000000,11.726906,2.000000,0.900000,0.900000,1.000000,1.000000,0.000000,0.106380,0.886331,0.893328,656.105080,0.506924,0.337949,1.000000,0.462476,734.547520,0.000000,False,False,False,0.968562,0.396716,0.937123,498,12,0.666667,1.000000
0.000000,0.000000,29.000000,1.000000,0.000000,0.000000,1.000000,0.000000,0.000000,0.000000,11.660946,2.000000,0.900000,0.900000,1.000000,1.000000,0.000000,0.103844,0.897216,0.890232,655.642651,0.507283,0.338189,1.000000,0.462429,734.181721,0.000000,False,False,False,0.996424,0.397712,0.992847,499,12,0.666667,1.000000
0.000000,0.000000,29.000000,1.000000,0.000000,0.000000,1.000000,0.000000,0.000000,0.000000,11.784645,2.000000,0.900000,0.900000,1.000000,1.000000,0.000000,0.098357,0.896840,0.894730,655.173845,0.507297,0.338198,1.000000,0.468806,733.811432,0.000000,False,False,False,0.994113,0.398535,0.988226,500,12,0.666667,1.000000
0.000000,0.000000,29.000000,1.000000,0.000000,0.000000,1.000000,0.000000,0.000000,0.000000,11.581698,2.000000,0.900000,0.900000,1.000000,1.000000,0.000000,0.132572,0.868857,0.864116,654.742647,0.494227,0.329484,1.000000,0.431198,733.456062,0.000000,False,False,False,0.995030,0.400202,0.990059,501,12,1.000000,1.000000
0.000000,0.000000,29.000000,1.000000,0.000000,0.000000,1.000000,0.000000,0.000000,0.000000,11.706495,2.000000,0.900000,0.900000,1.000000,1.000000,0.000000,0.098399,0.898550,0.893657,654.285901,0.498176,0.332117,1.000000,0.456747,733.093673,0.000000,False,False,False,0.957972,0.395908,0.915944,502,12,1.000000,1.000000
0.000000,0.000000,29.000000,1.000000,0.000000,0.000000,1.000000,0.000000,0.000000,0.000000,11.748697,2.000000,0.900000,0.900000,1.000000,1.000000,0.000000,0.090537,0.906034,0.906701,653.819879,0.501443,0.334295,1.000000,0.466022,732.724574,0.000000,False,False,False,0.991090,0.397871,0.982179,503,12,1.000000,1.000000
0.000000,0.000000,29.000000,1.000000,0.000000,0.000000,1.000000,0.000000,0.000000,0.000000,11.659279,2.000000,0.900000,0.900000,1.000000,1.000000,0.000000,0.100874,0.897285,0.884491,653.357770,0.503468,0.335646,1.000000,0.462109,732.352607,0.000000,False,False,False,0.996118,0.399213,0.992237,504,12,1.000000,1.000000
0.000000,0.000000,29.000000,1.000000,0.000000,0.000000,1.000000,0.000000,0.000000,0.000000,11.667357,2.000000,0.900000,0.900000,1.000000,1.000000,0.000000,0.104244,0.896083,0.887263,652.896365,0.504772,0.336514,1.000000,0.461405,731.996246,0.000000,False,False,False,0.997163,0.400620,0.994326,505,12,1.000000,1.000000
0.000000,0.000000,29.000000,1.000000,0.000000,0.000000,1.000000,0.000000,0.000000,0.000000,11.780655,2.000000,0.900000,0.900000,1.000000,1.000000,0.000000,0.099122,0.898075,0.889811,652.429205,0.505178,0.336785,1.000000,0.467160,731.634399,0.000000,False,False,False,0.957949,0.396420,0.915899,506,12,1.000000,1.000000
0.000000,0.000000,29.000000,1.000000,0.000000,0.000000,1.000000,0.000000,0.000000,0.000000,11.781313,2.000000,0.900000,0.900000,1.000000,1.000000,0.000000,0.086967,0.904375,0.908339,651.959294,0.506140,0.337426,1.000000,0.469911,731.268316,0.000000,False,False,False,0.993471,0.397703,0.986941,507,12,1.000000,1.000000
0.000000,0.000000,29.000000,1.000000,0.000000,0.000000,1.000000,0.000000,0.000000,0.000000,11.692212,2.000000,0.900000,0.900000,1.000000,1.000000,0.000000,0.070916,0.927280,0.921757,651.483807,0.506522,0.337681,1.000000,0.475487,730.896865,0.000000,False,False,False,0.994341,0.398844,0.988681,508,12,1.000000,1.000000
0.000000,0.000000,29.000000,1.000000,0.000000,0.000000,1.000000,0.000000,0.000000,0.000000,11.851145,2.000000,0.900000,0.900000,1.000000,1.000000,0.000000,0.082406,0.908683,0.914362,651.013338,0.506728,0.337818,1.000000,0.470469,730.512791,0.000000,False,False,False,0.997526,0.399936,0.995052,509,12,1.000000,1.000000
0.000000,0.000000,29.000000,1.000000,0.000000,0.000000,1.000000,0.000000,0.000000,0.000000,11.696475,2.000000,0.900000,0.900000,1.000000,1.000000,0.000000,0.094784,0.907680,0.911451,650.550559,0.506701,0.337801,1.000000,0.462779,730.165562,0.000000,False,False,False,0.965341,0.401072,0.930682,510,12,1.000000,1.000000
0.000000,0.000000,29.000000,1.000000,0.000000,0.000000,1.000000,0.000000,0.000000,0.000000,11.858828,2.000000,0.900000,0.900000,1.000000,1.000000,0.000000,0.085882,0.908004,0.907938,650.077413,0.507078,0.338052,1.000000,0.473147,729.804270,0.000000,False,False,False,0.997000,0.397604,0.994000,511,12,1.000000,1.000000
0.000000,0.000000,29.000000,1.000000,0.000000,0.000000,1.000000,0.000000,0.000000,0.000000,11.481708,2.000000,0.900000,0.900000,1.000000,1.000000,0.000000,0.082767,0.917354,0.911068,649.604665,0.507104,0.338069,1.000000,0.472748,729.437434,0.000000,False,False,False,0.986300,0.399587,0.972600,512,12,1.000000,1.000000
0.000000,0.000000,29.000000,1.000000,0.000000,0.000000,1.000000,0.000000,0.000000,0.000000,11.782241,2.000000,0.900000,0.900000,1.000000,1.000000,0.000000,0.119478,0.879486,0.880225,649.166143,0.496742,0.331161,1.000000,0.438522,729.081754,0.000000,False,False,False,0.994712,0.400849,0.989424,513,12,1.000000,1.000000
0.000000,0.000000,29.000000,1.000000,0.000000,0.000000,1.000000,0.000000,0.000000,0.000000,11.660895,2.000000,0.900000,0.900000,1.000000,1.000000,0.000000,0.111401,0.887810,0.879091,648.716964,0.499854,0.333236,1.000000,0.449179,728.719328,0.000000,False,False,False,0.956656,0.396631,0.913312,514,12,1.000000,1.000000
0.000000,0.000000,29.000000,1.000000,0.000000,0.000000,1.000000,0.000000,0.000000,0.000000,11.818468,2.000000,0.900000,0.900000,1.000000,1.000000,0.000000,0.073159,0.921737,0.921697,648.242160,0.502574,0.335049,1.000000,0.474804,728.346607,0.000000,False,False,False,0.992904,0.398242,0.985808,515,12,1.000000,1.000000
0.000000,0.000000,29.000000,1.000000,0.000000,0.000000,1.000000,0.000000,0.000000,0.000000,11.860789,2.000000,0.900000,0.900000,1.000000,1.000000,0.000000,0.067351,0.933926,0.936136,647.767458,0.504248,0.336165,1.000000,0.474702,727.979876,0.000000,False,False,False,0.996531,0.399897,0.993062,516,12,1.000000,1.000000
0.000000,0.000000,29.000000,1.000000,0.000000,0.000000,1.000000,0.000000,0.000000,0.000000,11.826280,2.000000,0.900000,0.900000,1.000000,1.000000,0.000000,0.069075,0.923982,0.928347,647.288394,0.505245,0.336830,1.000000,0.479063,727.625067,0.000000,False,False,False,0.994152,0.401058,0.988303,517,12,1.000000,1.000000
0.000000,0.000000,29.000000,1.000000,0.000000,0.000000,1.000000,0.000000,0.000000,0.000000,11.854562,2.000000,0.900000,0.900000,1.000000,1.000000,0.000000,0.076163,0.921815,0.921503,646.815121,0.505572,0.337048,1.000000,0.473273,727.257408,0.000000,False,False,False,0.964965,0.396826,0.929930,518,12,1.000000,1.000000
0.000000,0.000000,29.000000,1.000000,0.000000,0.000000,1.000000,0.000000,0.000000,0.000000,11.654832,2.000000,0.900000,0.900000,1.000000,1.000000,0.000000,0.074468,0.922167,0.924379,646.339848,0.506411,0.337607,1.000000,0.475274,726.892634,0.000000,False,False,False,0.995140,0.398604,0.990279,519,12,1.000000,1.000000
0.000000,0.000000,29.000000,1.000000,0.000000,0.000000,1.000000,0.000000,0.000000,0.000000,11.736864,2.000000,0.900000,0.900000,1.000000,1.000000,0.000000,0.092052,0.902165,0.905354,645.874078,0.506624,0.337750,1.000000,0.465770,726.533670,0.000000,False,False,False,0.991978,0.400037,0.983955,520,12,1.000000,1.000000
0.000000,0.000000,29.000000,1.000000,0.000000,0.000000,1.000000,0.000000,0.000000,0.000000,11.646926,2.000000,0.900000,0.900000,1.000000,1.000000,0.000000,0.075725,0.920263,0.920119,645.401581,0.506544,0.337696,1.000000,0.472497,726.175341,0.000000,False,False,False,0.962603,0.396159,0.925207,521,12,1.000000,1.000000
0.000000,0.000000,29.000000,1.000000,0.000000,0.000000,1.000000,0.000000,0.000000,0.000000,11.788348,2.000000,0.900000,0.900000,1.000000,1.000000,0.000000,0.075818,0.915148,0.921122,644.928825,0.506926,0.337951,1.000000,0.472756,725.807643,0.000000,False,False,False,0.990198,0.397466,0.980395,522,12,1.000000,1.000000
0.000000,0.000000,29.000000,1.000000,0.000000,0.000000,1.000000,0.000000,0.000000,0.000000,11.720014,2.000000,0.900000,0.900000,1.000000,1.000000,0.000000,0.070597,0.929696,0.927167,644.454395,0.507146,0.338098,1.000000,0.474431,725.442708,0.000000,False,False,False,0.995630,0.398337,0.991259,523,12,1.000000,1.000000
0.000000,0.000000,29.000000,1.000000,0.000000,0.000000,1.000000,0.000000,0.000000,0.000000,11.688892,2.000000,0.900000,0.900000,1.000000,1.000000,0.000000,0.066425,0.922811,0.926427,643.976897,0.507060,0.338040,1.000000,0.477497,725.060938,0.000000,False,False,False,0.992961,0.399539,0.985922,524,12,1.000000,1.000000
0.000000,0.000000,29.000000,1.000000,0.000000,0.000000,1.000000,0.000000,0.000000,0.000000,11.684307,2.000000,0.900000,0.900000,1.000000,1.000000,0.000000,0.111606,0.893334,0.893737,643.530960,0.507016,0.338011,1.000000,0.445937,724.712316,0.000000,False,False,False,0.972247,0.400617,0.944494,525,12,1.000000,1.000000
0.000000,0.000000,29.000000,1.000000,0.000000,0.000000,1.000000,0.000000,0.000000,0.000000,11.643385,2.000000,0.900000,0.900000,1.000000,1.000000,0.000000,0.110517,0.884773,0.882964,643.074129,0.507282,0.338188,1.000000,0.456831,724.349060,0.000000,False,False,False,0.996515,0.397993,0.993030,526,12,1.000000,1.000000
0.000000,0.000000,29.000000,1.000000,0.000000,0.000000,1.000000,0.000000,0.000000,0.000000,11.813333,2.000000,0.900000,0.900000,1.000000,1.000000,0.000000,0.106978,0.893192,0.878501,642.610990,0.507031,0.338021,1.000000,0.463139,723.967929,0.000000,False,False,False,0.991659,0.399178,0.983318,527,12,1.000000,1.000000
0.000000,0.000000,29.000000,1.000000,0.000000,0.000000,1.000000,0.000000,0.000000,0.000000,11.651219,2.000000,0.900000,0.900000,1.000000,1.000000,0.000000,0.097628,0.899167,0.893765,642.143249,0.506855,0.337903,1.000000,0.467741,723.626255,0.000000,False,False,False,0.956456,0.400269,0.912912,528,12,1.000000,1.000000
0.000000,0.000000,29.000000,1.000000,0.000000,0.000000,1.000000,0.000000,0.000000,0.000000,11.841952,2.000000,0.900000,0.900000,1.000000,1.000000,0.000000,0.080480,0.914214,0.915309,641.667616,0.507212,0.338141,1.000000,0.475634,723.258863,0.000000,False,False,False,0.992037,0.397808,0.984075,529,12,1.000000,1.000000
0.000000,0.000000,29.000000,1.000000,0.000000,0.000000,1.000000,0.000000,0.000000,0.000000,11.753060,2.000000,0.900000,0.900000,1.000000,1.000000,0.000000,0.074517,0.914462,0.922570,641.192905,0.507143,0.338095,1.000000,0.474711,722.875615,0.000000,False,False,False,0.993996,0.399327,0.987992,530,12,1.000000,1.000000
0.000000,0.000000,29.000000,1.000000,0.000000,0.000000,1.000000,0.000000,0.000000,0.000000,11.623980,2.000000,0.900000,0.900000,1.000000,1.000000,0.000000,0.103816,0.888897,0.882967,640.730340,0.506997,0.337998,1.000000,0.462564,722.529557,0.000000,False,False,False,0.964860,0.400478,0.929721,531,12,1.000000,1.000000
0.000000,0.000000,29.000000,1.000000,0.000000,0.000000,1.000000,0.000000,0.000000,0.000000,11.653731,2.000000,0.900000,0.900000,1.000000,1.000000,0.000000,0.088101,0.907085,0.905578,640.261929,0.507278,0.338186,1.000000,0.468412,722.164807,0.000000,False,False,False,0.996405,0.397270,0.992811,532,12,1.000000,1.000000
0.000000,0.000000,29.000000,1.000000,0.000000,0.000000,1.000000,0.000000,0.000000,0.000000,11.549525,2.000000,0.900000,0.900000,1.000000,1.000000,0.000000,0.115822,0.883664,0.884135,639.804307,0.507293,0.338195,1.000000,0.457622,721.803525,0.000000,False,False,False,0.993600,0.398244,0.987199,533,12,1.000000,1.000000
0.000000,0.000000,29.000000,1.000000,0.000000,0.000000,1.000000,0.000000,0.000000,0.000000,11.658892,2.000000,0.900000,0.900000,1.000000,1.000000,0.000000,0.094715,0.903675,0.900176,639.337075,0.507141,0.338094,1.000000,0.467231,721.422530,0.000000,False,False,False,0.991001,0.399134,0.982002,534,12,1.000000,1.000000
0.000000,0.000000,29.000000,1.000000,0.000000,0.000000,1.000000,0.000000,0.000000,0.000000,11.875846,2.000000,0.900000,0.900000,1.000000,1.000000,0.000000,0.051999,0.934496,0.943412,638.853511,0.506999,0.337999,1.000000,0.483565,721.077251,0.000000,False,False,False,0.963543,0.400175,0.927086,535,12,1.000000,1.000000
0.000000,0.000000,29.000000,1.000000,0.000000,0.000000,1.000000,0.000000,0.000000,0.000000,11.821441,2.000000,0.900000,0.900000,1.000000,1.000000,0.000000,0.018188,0.974937,0.981610,638.357358,0.507281,0.338187,1.000000,0.496153,720.710948,0.000000,False,False,False,0.993812,0.397942,0.987625,536,12,1.000000,1.000000
0.000000,0.000000,29.000000,1.000000,0.000000,0.000000,1.000000,0.000000,0.000000,0.000000,11.722664,2.000000,0.900000,0.900000,1.000000,1.000000,0.000000,0.084949,0.909017,0.903482,637.887095,0.507185,0.338123,1.000000,0.470263,720.328267,0.000000,False,False,False,0.994546,0.399017,0.989091,537,12,1.000000,1.000000
0.000000,0.000000,29.000000,1.000000,0.000000,0.000000,1.000000,0.000000,0.000000,0.000000,11.839734,2.000000,0.900000,0.900000,1.000000,1.000000,0.000000,0.103122,0.894977,0.884313,637.425851,0.506985,0.337990,1.000000,0.461244,719.986510,0.000000,False,False,False,0.960512,0.400164,0.921024,538,12,1.000000,1.000000
0.000000,0.000000,29.000000,1.000000,0.000000,0.000000,1.000000,0.000000,0.000000,0.000000,11.605401,2.000000,0.900000,0.900000,1.000000,1.000000,0.000000,0.155314,0.847537,0.844767,637.004787,0.494047,0.329364,1.000000,0.421064,719.621358,0.000000,False,False,False,0.993970,0.396630,0.987941,539,12,1.000000,1.000000
0.000000,0.000000,29.000000,1.000000,0.000000,0.000000,1.000000,0.000000,0.000000,0.000000,11.712732,2.000000,0.900000,0.900000,1.000000,1.000000,0.000000,0.151921,0.850014,0.842229,636.573011,0.498329,0.332219,1.000000,0.431776,719.237794,0.000000,False,False,False,0.992300,0.398167,0.984600,540,12,1.000000,1.000000
0.000000,0.000000,29.000000,1.000000,0.000000,0.000000,1.000000,0.000000,0.000000,0.000000,11.637889,2.000000,0.900000,0.900000,1.000000,1.000000,0.000000,0.111529,0.887292,0.880020,636.115465,0.501207,0.334138,1.000000,0.457545,718.878190,0.000000,False,False,False,0.966745,0.399379,0.933491,541,12,1.000000,1.000000
0.000000,0.000000,29.000000,1.000000,0.000000,0.000000,1.000000,0.000000,0.000000,0.000000,11.711836,2.000000,0.900000,0.900000,1.000000,1.000000,0.000000,0.109242,0.887619,0.879471,635.656063,0.503362,0.335575,1.000000,0.459402,718.524235,0.000000,False,False,False,0.988364,0.401126,0.976728,542,12,1.000000,1.000000
0.000000,0.000000,29.000000,1.000000,0.000000,0.000000,1.000000,0.000000,0.000000,0.000000,11.889736,2.000000,0.900000,0.900000,1.000000,1.000000,0.000000,0.092731,0.905319,0.902176,635.189790,0.504625,0.336416,1.000000,0.466273,718.142018,0.000000,False,False,False,0.995205,0.399811,0.990410,543,12,1.000000,1.000000
0.000000,0.000000,29.000000,1.000000,0.000000,0.000000,1.000000,0.000000,0.000000,0.000000,11.679107,2.000000,0.900000,0.900000,1.000000,1.000000,0.000000,0.101183,0.892732,0.890595,634.723496,0.505223,0.336815,1.000000,0.466295,717.797235,0.000000,False,False,False,0.956954,0.400914,0.913909,544,12,1.000000,1.000000
0.000000,0.000000,29.000000,1.000000,0.000000,0.000000,1.000000,0.000000,0.000000,0.000000,11.859386,2.000000,0.900000,0.900000,1.000000,1.000000,0.000000,0.058650,0.937127,0.936210,634.241752,0.506140,0.337427,1.000000,0.481743,717.425844,0.000000,False,False,False,0.993821,0.398742,0.987642,545,12,1.000000,1.000000
0.000000,0.000000,29.000000,1.000000,0.000000,0.000000,1.000000,0.000000,0.000000,0.000000,11.716391,2.000000,0.900000,0.900000,1.000000,1.000000,0.000000,0.055191,0.926391,0.942825,633.763911,0.506591,0.337727,1.000000,0.477841,717.076753,0.000000,False,False,False,0.997122,0.400117,0.994245,546,12,1.000000,1.000000
0.000000,0.000000,29.000000,1.000000,0.000000,0.000000,1.000000,0.000000,0.000000,0.000000,11.645286,2.000000,0.900000,0.900000,1.000000,1.000000,0.000000,0.117268,0.876874,0.875301,633.309654,0.506638,0.337758,1.000000,0.454257,716.692984,0.000000,False,False,False,0.993295,0.397999,0.986589,547,12,1.000000,1.000000
0.000000,0.000000,29.000000,1.000000,0.000000,0.000000,1.000000,0.000000,0.000000,0.000000,11.611659,2.000000,0.900000,0.900000,1.000000,1.000000,0.000000,0.124102,0.875235,0.858503,632.855154,0.506675,0.337783,1.000000,0.454500,716.334924,0.000000,False,False,False,0.960481,0.399313,0.920962,548,12,1.000000,1.000000
0.000000,0.000000,29.000000,1.000000,0.000000,0.000000,1.000000,0.000000,0.000000,0.000000,11.660138,2.000000,0.900000,0.900000,1.000000,1.000000,0.000000,0.085147,0.904489,0.907537,632.385926,0.507054,0.338036,1.000000,0.469228,715.984199,0.000000,False,False,False,0.989370,0.400667,0.978740,549,12,1.000000,1.000000
0.000000,0.000000,29.000000,1.000000,0.000000,0.000000,1.000000,0.000000,0.000000,0.000000,11.569417,2.000000,0.900000,0.900000,1.000000,1.000000,0.000000,0.134483,0.867222,0.850899,631.935506,0.507019,0.338013,1.000000,0.450419,715.599048,0.000000,False,False,False,0.993864,0.399017,0.987729,550,12,1.000000,1.000000
0.000000,0.000000,29.000000,1.000000,0.000000,0.000000,1.000000,0.000000,0.000000,0.000000,11.698883,2.000000,0.900000,0.900000,1.000000,1.000000,0.000000,0.133802,0.865598,0.859871,631.501940,0.496573,0.331049,1.000000,0.433566,715.250517,0.000000,False,False,False,0.967774,0.400328,0.935548,551,12,1.000000,1.000000
0.000000,0.000000,29.000000,1.000000,0.000000,0.000000,1.000000,0.000000,0.000000,0.000000,11.782813,2.000000,0.900000,0.900000,1.000000,1.000000,0.000000,0.135705,0.862459,0.865849,631.061049,0.500368,0.333579,1.000000,0.440891,714.885146,0.000000,False,False,False,0.994590,0.398575,0.989180,552,12,1.000000,1.000000
0.000000,0.000000,29.000000,1.000000,0.000000,0.000000,1.000000,0.000000,0.000000,0.000000,11.689835,2.000000,0.900000,0.900000,1.000000,1.000000,0.000000,0.066681,0.925707,0.928823,630.585436,0.502560,0.335040,1.000000,0.475613,714.506821,0.000000,False,False,False,0.992567,0.399995,0.985133,553,12,1.000000,1.000000
0.000000,0.000000,29.000000,1.000000,0.000000,0.000000,1.000000,0.000000,0.000000,0.000000,11.778930,2.000000,0.900000,0.900000,1.000000,1.000000,0.000000,0.086577,0.908331,0.895345,630.117874,0.503900,0.335933,1.000000,0.467562,714.169218,0.000000,False,False,False,0.957438,0.400836,0.914877,554,12,1.000000,1.000000
0.000000,0.000000,29.000000,1.000000,0.000000,0.000000,1.000000,0.000000,0.000000,0.000000,11.831187,2.000000,0.900000,0.900000,1.000000,1.000000,0.000000,0.080717,0.919393,0.913754,629.647085,0.505174,0.336783,1.000000,0.470789,713.800796,0.000000,False,False,False,0.990582,0.397463,0.981164,555,12,1.000000,1.000000
0.000000,0.000000,29.000000,1.000000,0.000000,0.000000,1.000000,0.000000,0.000000,0.000000,11.669781,2.000000,0.900000,0.900000,1.000000,1.000000,0.000000,0.103480,0.893325,0.885003,629.180910,0.505967,0.337311,1.000000,0.466175,713.437760,0.000000,False,False,False,0.996142,0.398651,0.992284,556,12,1.000000,1.000000
0.000000,0.000000,29.000000,1.000000,0.000000,0.000000,1.000000,0.000000,0.000000,0.000000,11.635890,2.000000,0.900000,0.900000,1.000000,1.000000,0.000000,0.100589,0.894338,0.888452,628.715580,0.506305,0.337537,1.000000,0.465331,713.079957,0.000000,False,False,False,0.988401,0.400434,0.976803,557,12,1.000000,1.000000
0.000000,0.000000,29.000000,1.000000,0.000000,0.000000,1.000000,0.000000,0.000000,0.000000,11.656431,2.000000,0.900000,0.900000,1.000000,1.000000,0.000000,0.116901,0.880377,0.879061,628.257523,0.506363,0.337575,1.000000,0.458057,712.719899,0.000000,False,False,False,0.965357,0.396397,0.930714,558,12,1.000000,1.000000
0.000000,0.000000,29.000000,1.000000,0.000000,0.000000,1.000000,0.000000,0.000000,0.000000,11.717061,2.000000,0.900000,0.900000,1.000000,1.000000,0.000000,0.117465,0.877914,0.872460,627.798801,0.506857,0.337905,1.000000,0.458721,712.352754,0.000000,False,False,False,0.991868,0.397554,0.983737,559,12,1.000000,1.000000
0.000000,0.000000,29.000000,1.000000,0.000000,0.000000,1.000000,0.000000,0.000000,0.000000,11.758532,2.000000,0.900000,0.900000,1.000000,1.000000,0.000000,0.098451,0.897740,0.888324,627.331065,0.506920,0.337947,1.000000,0.467736,711.974872,0.000000,False,False,False,0.994471,0.398933,0.988942,560,12,1.000000,1.000000
0.000000,0.000000,29.000000,1.000000,0.000000,0.000000,1.000000,0.000000,0.000000,0.000000,11.704838,2.000000,0.900000,0.900000,1.000000,1.000000,0.000000,0.095593,0.902027,0.887558,626.863262,0.506795,0.337863,1.000000,0.467803,711.618415,0.000000,False,False,False,0.956255,0.399763,0.912510,561,12,1.000000,1.000000
0.000000,0.000000,29.000000,1.000000,0.000000,0.000000,1.000000,0.000000,0.000000,0.000000,11.762335,2.000000,0.900000,0.900000,1.000000,1.000000,0.000000,0.064028,0.934684,0.927246,626.381999,0.507128,0.338085,1.000000,0.481263,711.261745,0.000000,False,False,False,0.989240,0.400829,0.978480,562,12,1.000000,1.000000
0.000000,0.000000,29.000000,1.000000,0.000000,0.000000,1.000000,0.000000,0.000000,0.000000,11.781113,2.000000,0.900000,0.900000,1.000000,1.000000,0.000000,0.064557,0.935100,0.935663,625.912469,0.507304,0.338203,1.000000,0.469529,710.900331,0.000000,False,False,False,0.999137,0.398606,0.998275,563,12,1.000000,1.000000
0.000000,0.000000,29.000000,1.000000,0.000000,0.000000,1.000000,0.000000,0.000000,0.000000,11.756912,2.000000,0.900000,0.900000,1.000000,1.000000,0.000000,0.069395,0.928087,0.929044,625.437023,0.507182,0.338121,1.000000,0.475446,710.546088,0.000000,False,False,False,0.988612,0.400047,0.977225,564,12,1.000000,1.000000
0.000000,0.000000,29.000000,1.000000,0.000000,0.000000,1.000000,0.000000,0.000000,0.000000,11.680170,2.000000,0.900000,0.900000,1.000000,1.000000,0.000000,0.058218,0.932563,0.937509,624.955798,0.506813,0.337875,1.000000,0.481225,710.185858,0.000000,False,False,False,0.958540,0.395788,0.917080,565,12,1.000000,1.000000
0.000000,0.000000,29.000000,1.000000,0.000000,0.000000,1.000000,0.000000,0.000000,0.000000,11.626831,2.000000,0.900000,0.900000,1.000000,1.000000,0.000000,0.064753,0.924605,0.924461,624.478225,0.507173,0.338115,1.000000,0.477574,709.817507,0.000000,False,False,False,0.991086,0.397353,0.982172,566,12,1.000000,1.000000
0.000000,0.000000,29.000000,1.000000,0.000000,0.000000,1.000000,0.000000,0.000000,0.000000,11.876105,2.000000,0.900000,0.900000,1.000000,1.000000,0.000000,0.072136,0.923706,0.924272,624.003496,0.507137,0.338092,1.000000,0.474729,709.431946,0.000000,False,False,False,0.996055,0.398535,0.992110,567,12,1.000000,1.000000
0.000000,0.000000,29.000000,1.000000,0.000000,0.000000,1.000000,0.000000,0.000000,0.000000,11.721936,2.000000,0.900000,0.900000,1.000000,1.000000,0.000000,0.096407,0.901141,0.897857,623.538009,0.507073,0.338049,1.000000,0.465487,709.070035,0.000000,False,False,False,0.972116,0.399842,0.944233,568,12,1.000000,1.000000
0.000000,0.000000,29.000000,1.000000,0.000000,0.000000,1.000000,0.000000,0.000000,0.000000,11.764089,2.000000,0.900000,0.900000,1.000000,1.000000,0.000000,0.078513,0.920232,0.913793,623.063755,0.507289,0.338193,1.000000,0.474255,708.716499,0.000000,False,False,False,0.992932,0.400675,0.985864,569,12,1.000000,1.000000
0.000000,0.000000,29.000000,1.000000,0.000000,0.000000,1.000000,0.000000,0.000000,0.000000,11.743436,2.000000,0.900000,0.900000,1.000000,1.000000,0.000000,0.072593,0.921000,0.918750,622.588110,0.507176,0.338117,1.000000,0.475644,708.331381,0.000000,False,False,False,0.996286,0.398843,0.992571,570,12,1.000000,1.000000
0.000000,0.000000,29.000000,1.000000,0.000000,0.000000,1.000000,0.000000,0.000000,0.000000,11.870708,2.000000,0.900000,0.900000,1.000000,1.000000,0.000000,0.062878,0.937449,0.935497,622.108264,0.507078,0.338052,1.000000,0.479846,707.984342,0.000000,False,False,False,0.971778,0.400098,0.943556,571,12,1.000000,1.000000
0.000000,0.000000,29.000000,1.000000,0.000000,0.000000,1.000000,0.000000,0.000000,0.000000,11.495330,2.000000,0.900000,0.900000,1.000000,1.000000,0.000000,0.098922,0.885194,0.883421,621.645018,0.507301,0.338200,1.000000,0.463246,707.618067,0.000000,False,False,False,0.994853,0.397787,0.989707,572,12,1.000000,1.000000
0.000000,0.000000,29.000000,1.000000,0.000000,0.000000,1.000000,0.000000,0.000000,0.000000,11.665643,2.000000,0.900000,0.900000,1.000000,1.000000,0.000000,0.081644,0.910445,0.922114,621.175516,0.507328,0.338219,1.000000,0.469502,707.260868,0.000000,False,False,False,0.993053,0.399260,0.986105,573,12,1.000000,1.000000
0.000000,0.000000,29.000000,1.000000,0.000000,0.000000,1.000000,0.000000,0.000000,0.000000,11.826825,2.000000,0.900000,0.900000,1.000000,1.000000,0.000000,0.059761,0.927726,0.945799,620.698697,0.507150,0.338100,1.000000,0.476819,706.878784,0.000000,False,False,False,0.987998,0.399972,0.975995,574,12,1.000000,1.000000
0.000000,0.000000,29.000000,1.000000,0.000000,0.000000,1.000000,0.000000,0.000000,0.000000,11.549554,2.000000,0.900000,0.900000,1.000000,1.000000,0.000000,0.111563,0.882619,0.876678,620.242109,0.507026,0.338017,1.000000,0.456587,706.539018,0.000000,False,False,False,0.957429,0.401188,0.914857,575,12,1.000000,1.000000
0.000000,0.000000,29.000000,1.000000,0.000000,0.000000,1.000000,0.000000,0.000000,0.000000,11.732026,2.000000,0.900000,0.900000,1.000000,1.000000,0.000000,0.112965,0.889108,0.878077,619.784647,0.507436,0.338291,1.000000,0.457462,706.172678,0.000000,False,False,False,0.991801,0.398105,0.983603,576,12,1.000000,1.000000
0.000000,0.000000,29.000000,1.000000,0.000000,0.000000,1.000000,0.000000,0.000000,0.000000,11.648458,2.000000,0.900000,0.900000,1.000000,1.000000,0.000000,0.126006,0.871415,0.876502,619.351539,0.494242,0.329495,1.000000,0.433108,705.789782,0.000000,False,False,False,0.993573,0.399507,0.987146,577,12,1.000000,1.000000
0.000000,0.000000,29.000000,1.000000,0.000000,0.000000,1.000000,0.000000,0.000000,0.000000,11.462858,2.000000,0.900000,0.900000,1.000000,1.000000,0.000000,0.101646,0.896030,0.876214,618.898367,0.498873,0.332582,1.000000,0.453172,705.441041,0.000000,False,False,False,0.968242,0.400642,0.936485,578,12,1.000000,1.000000
0.000000,0.000000,29.000000,1.000000,0.000000,0.000000,1.000000,0.000000,0.000000,0.000000,11.704124,2.000000,0.900000,0.900000,1.000000,1.000000,0.000000,0.106617,0.893058,0.879874,618.440269,0.502375,0.334917,1.000000,0.458098,705.073285,0.000000,False,False,False,0.994053,0.399039,0.988107,579,12,1.000000,1.000000
0.000000,0.000000,29.000000,1.000000,0.000000,0.000000,1.000000,0.000000,0.000000,0.000000,11.676342,2.000000,0.900000,0.900000,1.000000,1.000000,0.000000,0.088186,0.902721,0.908468,617.971189,0.504309,0.336206,1.000000,0.469080,704.714915,0.000000,False,False,False,0.994704,0.400349,0.989408,580,12,1.000000,1.000000
0.000000,0.000000,29.000000,1.000000,0.000000,0.000000,1.000000,0.000000,0.000000,0.000000,11.818561,2.000000,0.900000,0.900000,1.000000,1.000000,0.000000,0.086465,0.903069,0.903532,617.503452,0.505363,0.336908,1.000000,0.467736,704.351689,0.000000,False,False,False,0.968361,0.396351,0.936721,581,12,1.000000,1.000000
0.000000,0.000000,29.000000,1.000000,0.000000,0.000000,1.000000,0.000000,0.000000,0.000000,11.615019,2.000000,0.900000,0.900000,1.000000,1.000000,0.000000,0.121707,0.879572,0.873878,617.050752,0.506438,0.337626,1.000000,0.452700,703.984539,0.000000,False,False,False,0.992774,0.397886,0.985549,582,12,1.000000,1.000000
0.000000,0.000000,29.000000,1.000000,0.000000,0.000000,1.000000,0.000000,0.000000,0.000000,11.813066,2.000000,0.900000,0.900000,1.000000,1.000000,0.000000,0.099126,0.897176,0.891799,616.583170,0.506841,0.337894,1.000000,0.467583,703.602675,0.000000,False,False,False,0.994170,0.399284,0.988340,583,12,1.000000,1.000000
0.000000,0.000000,29.000000,1.000000,0.000000,0.000000,1.000000,0.000000,0.000000,0.000000,11.725309,2.000000,0.900000,0.900000,1.000000,1.000000,0.000000,0.072463,0.923118,0.927839,616.105029,0.506926,0.337951,1.000000,0.478141,703.254361,0.000000,False,False,False,0.961316,0.400372,0.922632,584,12,1.000000,1.000000
0.000000,0.000000,29.000000,1.000000,0.000000,0.000000,1.000000,0.000000,0.000000,0.000000,11.775755,2.000000,0.900000,0.900000,1.000000,1.000000,0.000000,0.054310,0.942614,0.934979,615.620867,0.507391,0.338260,1.000000,0.484162,702.885146,0.000000,False,False,False,0.991381,0.399510,0.982762,585,12,1.000000,1.000000
0.000000,0.000000,29.000000,1.000000,0.000000,0.000000,1.000000,0.000000,0.000000,0.000000,11.672195,2.000000,0.900000,0.900000,1.000000,1.000000,0.000000,0.073742,0.924812,0.909527,615.144718,0.507488,0.338325,1.000000,0.476149,702.533921,0.000000,False,False,False,0.995597,0.400882,0.991193,586,12,1.000000,1.000000
0.000000,0.000000,29.000000,1.000000,0.000000,0.000000,1.000000,0.000000,0.000000,0.000000,11.859570,2.000000,0.900000,0.900000,1.000000,1.000000,0.000000,0.079332,0.919796,0.924311,614.670485,0.507353,0.338235,1.000000,0.474233,702.151412,0.000000,False,False,False,0.994415,0.398995,0.988831,587,12,1.000000,1.000000
0.000000,0.000000,29.000000,1.000000,0.000000,0.000000,1.000000,0.000000,0.000000,0.000000,11.696580,2.000000,0.900000,0.900000,1.000000,1.000000,0.000000,0.107964,0.884318,0.886758,614.206406,0.507131,0.338088,1.000000,0.464079,701.799144,0.000000,False,False,False,0.968466,0.400127,0.936931,588,12,1.000000,1.000000
0.000000,0.000000,29.000000,1.000000,0.000000,0.000000,1.000000,0.000000,0.000000,0.000000,11.653201,2.000000,0.900000,0.900000,1.000000,1.000000,0.000000,0.098378,0.904507,0.895779,613.753436,0.507355,0.338237,1.000000,0.452970,701.447422,0.000000,False,False,False,0.989739,0.400087,0.979479,589,12,1.000000,1.000000
0.000000,0.000000,29.000000,1.000000,0.000000,0.000000,1.000000,0.000000,0.000000,0.000000,11.603019,2.000000,0.900000,0.900000,1.000000,1.000000,0.000000,0.118964,0.872435,0.865127,613.299057,0.507249,0.338166,1.000000,0.454379,701.065295,0.000000,False,False,False,0.996378,0.397906,0.992755,590,12,1.000000,1.000000
0.000000,0.000000,29.000000,1.000000,0.000000,0.000000,1.000000,0.000000,0.000000,0.000000,11.694213,2.000000,0.900000,0.900000,1.000000,1.000000,0.000000,0.107635,0.893068,0.882705,612.839329,0.507110,0.338073,1.000000,0.459728,700.700776,0.000000,False,False,False,0.967880,0.399030,0.935761,591,12,1.000000,1.000000
0.000000,0.000000,29.000000,1.000000,0.000000,0.000000,1.000000,0.000000,0.000000,0.000000,11.738734,2.000000,0.900000,0.900000,1.000000,1.000000,0.000000,0.068335,0.927452,0.930243,612.360127,0.507339,0.338226,1.000000,0.479202,700.347329,0.000000,False,False,False,0.993254,0.400552,0.986507,592,12,1.000000,1.000000
0.000000,0.000000,29.000000,1.000000,0.000000,0.000000,1.000000,0.000000,0.000000,0.000000,11.852216,2.000000,0.900000,0.900000,1.000000,1.000000,0.000000,0.066662,0.933552,0.931692,611.881981,0.507259,0.338173,1.000000,0.478146,699.989117,0.000000,False,False,False,0.991150,0.400025,0.982299,593,12,1.000000,1.000000
0.000000,0.000000,29.000000,1.000000,0.000000,0.000000,1.000000,0.000000,0.000000,0.000000,11.620150,2.000000,0.900000,0.900000,1.000000,1.000000,0.000000,0.084434,0.907481,0.896041,611.409686,0.506956,0.337971,1.000000,0.472295,699.628105,0.000000,False,False,False,0.962175,0.396176,0.924349,594,12,1.000000,1.000000
0.000000,0.000000,29.000000,1.000000,0.000000,0.000000,1.000000,0.000000,0.000000,0.000000,11.833074,2.000000,0.900000,0.900000,1.000000,1.000000,0.000000,0.051728,0.945805,0.945575,610.924134,0.507278,0.338185,1.000000,0.485551,699.262059,0.000000,False,False,False,0.992343,0.397510,0.984687,595,12,1.000000,1.000000
0.000000,0.000000,29.000000,1.000000,0.000000,0.000000,1.000000,0.000000,0.000000,0.000000,11.523489,2.000000,0.900000,0.900000,1.000000,1.000000,0.000000,0.068960,0.912733,0.919880,610.449405,0.507184,0.338123,1.000000,0.474729,698.879440,0.000000,False,False,False,0.994254,0.398703,0.988508,596,12,1.000000,1.000000
0.000000,0.000000,29.000000,1.000000,0.000000,0.000000,1.000000,0.000000,0.000000,0.000000,11.690212,2.000000,0.900000,0.900000,1.000000,1.000000,0.000000,0.122387,0.875424,0.863507,609.995592,0.507035,0.338024,1.000000,0.453813,698.517458,0.000000,False,False,False,0.964741,0.399861,0.929482,597,12,1.000000,1.000000
0.000000,0.000000,29.000000,1.000000,0.000000,0.000000,1.000000,0.000000,0.000000,0.000000,11.852811,2.000000,0.900000,0.900000,1.000000,1.000000,0.000000,0.124281,0.875489,0.872944,609.540024,0.507319,0.338213,1.000000,0.455568,698.163620,0.000000,False,False,False,0.993496,0.400823,0.986992,598,12,1.000000,1.000000
0.000000,0.000000,29.000000,1.000000,0.000000,0.000000,1.000000,0.000000,0.000000,0.000000,11.694681,2.000000,0.900000,0.900000,1.000000,1.000000,0.000000,0.113182,0.882016,0.868788,609.077171,0.507361,0.338241,1.000000,0.462853,697.798830,0.000000,False,False,False,0.996139,0.399083,0.992278,599,12,1.000000,1.000000
0.000000,0.000000,29.000000,1.000000,0.000000,0.000000,1.000000,0.000000,0.000000,0.000000,11.719454,2.000000,0.900000,0.900000,1.000000,1.000000,0.000000,0.100035,0.898841,0.887416,608.612089,0.507276,0.338184,1.000000,0.465083,697.443464,0.000000,False,False,False,0.991640,0.400468,0.983279,600,12,1.000000,1.000000
0.000000,0.000000,29.000000,1.000000,0.000000,0.000000,1.000000,0.000000,0.000000,0.000000,11.847097,2.000000,0.900000,0.900000,1.000000,1.000000,0.000000,0.064623,0.930075,0.929254,608.131969,0.506915,0.337944,1.000000,0.480119,697.079998,0.000000,False,False,False,0.960867,0.396383,0.921733,601,12,1.000000,1.000000
0.000000,0.000000,29.000000,1.000000,0.000000,0.000000,1.000000,0.000000,0.000000,0.000000,11.706368,2.000000,0.900000,0.900000,1.000000,1.000000,0.000000,0.084432,0.913414,0.909934,607.660956,0.507308,0.338205,1.000000,0.471013,696.717005,0.000000,False,False,False,0.994317,0.397725,0.988635,602,12,1.000000,1.000000
0.000000,0.000000,29.000000,1.000000,0.000000,0.000000,1.000000,0.000000,0.000000,0.000000,11.701106,2.000000,0.900000,0.900000,1.000000,1.000000,0.000000,0.089236,0.907773,0.902654,607.191326,0.507161,0.338107,1.000000,0.469631,696.336221,0.000000,False,False,False,0.991602,0.398906,0.983205,603,12,1.000000,1.000000
0.000000,0.000000,29.000000,1.000000,0.000000,0.000000,1.000000,0.000000,0.000000,0.000000,11.452111,2.000000,0.900000,0.900000,1.000000,1.000000,0.000000,0.148990,0.851950,0.830730,606.767908,0.493913,0.329275,1.000000,0.423418,695.973515,0.000000,False,False,False,0.960857,0.399986,0.921713,604,12,1.000000,1.000000
0.000000,0.000000,29.000000,1.000000,0.000000,0.000000,1.000000,0.000000,0.000000,0.000000,11.722144,2.000000,0.900000,0.900000,1.000000,1.000000,0.000000,0.121043,0.878218,0.869191,606.321932,0.498616,0.332411,1.000000,0.445976,695.623207,0.000000,False,False,False,0.992673,0.401401,0.985345,605,12,1.000000,1.000000
0.000000,0.000000,29.000000,1.000000,0.000000,0.000000,1.000000,0.000000,0.000000,0.000000,11.733663,2.000000,0.900000,0.900000,1.000000,1.000000,0.000000,0.076526,0.914757,0.920318,605.848838,0.501454,0.334303,1.000000,0.473094,695.267879,0.000000,False,False,False,0.991276,0.400218,0.982551,606,12,1.000000,1.000000
0.000000,0.000000,29.000000,1.000000,0.000000,0.000000,1.000000,0.000000,0.000000,0.000000,11.894709,2.000000,0.900000,0.900000,1.000000,1.000000,0.000000,0.037871,0.958632,0.959162,605.363011,0.502992,0.335328,1.000000,0.485827,694.904867,0.000000,False,False,False,0.954547,0.396203,0.909093,607,12,1.000000,1.000000
0.000000,0.000000,29.000000,1.000000,0.000000,0.000000,1.000000,0.000000,0.000000,0.000000,11.826107,2.000000,0.900000,0.900000,1.000000,1.000000,0.000000,0.049041,0.948906,0.944760,604.879872,0.504728,0.336485,1.000000,0.483139,694.540328,0.000000,False,False,False,0.993696,0.397720,0.987392,608,12,1.000000,1.000000
0.000000,0.000000,29.000000,1.000000,0.000000,0.000000,1.000000,0.000000,0.000000,0.000000,11.457709,2.000000,0.900000,0.900000,1.000000,1.000000,0.000000,0.134578,0.857550,0.839457,604.429608,0.505454,0.336969,1.000000,0.450264,694.156299,0.000000,False,False,False,0.992662,0.398965,0.985325,609,12,1.000000,1.000000
0.000000,0.000000,29.000000,1.000000,0.000000,0.000000,1.000000,0.000000,0.000000,0.000000,11.670827,2.000000,0.900000,0.900000,1.000000,1.000000,0.000000,0.070997,0.925508,0.929060,603.955900,0.505896,0.337264,1.000000,0.473708,693.810142,0.000000,False,False,False,0.966619,0.400239,0.933238,610,12,1.000000,1.000000
0.000000,0.000000,29.000000,1.000000,0.000000,0.000000,1.000000,0.000000,0.000000,0.000000,11.749608,2.000000,0.900000,0.900000,1.000000,1.000000,0.000000,0.040897,0.947677,0.957247,603.469717,0.506560,0.337706,1.000000,0.486183,693.446910,0.000000,False,False,False,0.996923,0.397059,0.993847,611,12,1.000000,1.000000
0.000000,0.000000,29.000000,1.000000,0.000000,0.000000,1.000000,0.000000,0.000000,0.000000,11.662005,2.000000,0.900000,0.900000,1.000000,1.000000,0.000000,0.098771,0.897402,0.896201,603.007476,0.506778,0.337852,1.000000,0.462241,693.084593,0.000000,False,False,False,0.990908,0.398409,0.981817,612,12,1.000000,1.000000
0.000000,0.000000,29.000000,1.000000,0.000000,0.000000,1.000000,0.000000,0.000000,0.000000,11.568417,2.000000,0.900000,0.900000,1.000000,1.000000,0.000000,0.091154,0.908389,0.903049,602.540084,0.506829,0.337886,1.000000,0.467392,692.700656,0.000000,False,False,False,0.991840,0.399432,0.983679,613,12,1.000000,1.000000
0.000000,0.000000,29.000000,1.000000,0.000000,0.000000,1.000000,0.000000,0.000000,0.000000,11.655062,2.000000,0.900000,0.900000,1.000000,1.000000,0.000000,0.110985,0.876865,0.883484,602.079865,0.506871,0.337914,1.000000,0.460219,692.356137,0.000000,False,False,False,0.970302,0.400695,0.940603,614,12,1.000000,1.000000
0.000000,0.000000,29.000000,1.000000,0.000000,0.000000,1.000000,0.000000,0.000000,0.000000,11.737494,2.000000,0.900000,0.900000,1.000000,1.000000,0.000000,0.097001,0.900019,0.905898,601.615788,0.507109,0.338073,1.000000,0.464078,691.988607,0.000000,False,False,False,0.992835,0.398424,0.985670,615,12,1.000000,1.000000
0.000000,0.000000,29.000000,1.000000,0.000000,0.000000,1.000000,0.000000,0.000000,0.000000,11.525609,2.000000,0.900000,0.900000,1.000000,1.000000,0.000000,0.082428,0.916888,0.907990,601.164660,0.494098,0.329399,1.000000,0.451127,691.604008,0.000000,False,False,False,0.995880,0.399268,0.991759,616,12,1.000000,1.000000
0.000000,0.000000,29.000000,1.000000,0.000000,0.000000,1.000000,0.000000,0.000000,0.000000,11.608146,2.000000,0.900000,0.900000,1.000000,1.000000,0.000000,0.089867,0.910209,0.905207,600.707046,0.498237,0.332158,1.000000,0.457614,691.258352,0.000000,False,False,False,0.961045,0.400643,0.922089,617,12,1.000000,1.000000
0.000000,0.000000,29.000000,1.000000,0.000000,0.000000,1.000000,0.000000,0.000000,0.000000,11.748354,2.000000,0.900000,0.900000,1.000000,1.000000,0.000000,0.093466,0.902646,0.901544,600.241772,0.501485,0.334323,1.000000,0.465274,690.894078,0.000000,False,False,False,0.992648,0.398919,0.985297,618,12,1.000000,1.000000
0.000000,0.000000,29.000000,1.000000,0.000000,0.000000,1.000000,0.000000,0.000000,0.000000,11.642239,2.000000,0.900000,0.900000,1.000000,1.000000,0.000000,0.107930,0.883730,0.887503,599.780936,0.503403,0.335602,1.000000,0.460837,690.538767,0.000000,False,False,False,0.992895,0.400025,0.985790,619,12,1.000000,1.000000
0.000000,0.000000,29.000000,1.000000,0.000000,0.000000,1.000000,0.000000,0.000000,0.000000,11.726487,2.000000,0.900000,0.900000,1.000000,1.000000,0.000000,0.088069,0.911358,0.907452,599.316374,0.504321,0.336214,1.000000,0.464561,690.175354,0.000000,False,False,False,0.959469,0.395973,0.918939,620,12,1.000000,1.000000
0.000000,0.000000,29.000000,1.000000,0.000000,0.000000,1.000000,0.000000,0.000000,0.000000,11.723764,2.000000,0.900000,0.900000,1.000000,1.000000,0.000000,0.104604,0.891606,0.879252,598.851737,0.505032,0.336688,1.000000,0.464637,689.815358,0.000000,False,False,False,0.939411,0.397468,0.878822,621,12,1.000000,1.000000
0.000000,0.000000,29.000000,1.000000,0.000000,0.000000,1.000000,0.000000,0.000000,0.000000,11.745649,2.000000,0.900000,0.900000,1.000000,1.000000,0.000000,0.077663,0.918574,0.911347,598.379005,0.505298,0.336865,1.000000,0.472733,689.440086,0.000000,False,False,False,0.923759,0.399354,0.847517,622,12,1.000000,1.000000
0.000000,0.000000,29.000000,1.000000,0.000000,0.000000,1.000000,0.000000,0.000000,0.000000,11.735806,2.000000,0.900000,0.900000,1.000000,1.000000,0.000000,0.075897,0.917055,0.919768,597.903268,0.506336,0.337557,1.000000,0.475737,689.088574,0.000000,False,False,False,0.973624,0.400804,0.947248,623,12,1.000000,1.000000
0.000000,0.000000,29.000000,1.000000,0.000000,0.000000,1.000000,0.000000,0.000000,0.000000,11.867142,2.000000,0.900000,0.900000,1.000000,1.000000,0.000000,0.086308,0.913293,0.921777,597.434548,0.506758,0.337839,1.000000,0.468720,688.742126,0.000000,False,False,False,0.987974,0.400072,0.975947,624,12,1.000000,1.000000
0.000000,0.000000,29.000000,1.000000,0.000000,0.000000,1.000000,0.000000,0.000000,0.000000,11.836557,2.000000,0.900000,0.900000,1.000000,1.000000,0.000000,0.030626,0.952784,0.966429,596.942524,0.506932,0.337955,1.000000,0.492024,688.375910,0.000000,False,False,False,0.992030,0.397558,0.984060,625,12,1.000000,1.000000
0.000000,0.000000,29.000000,1.000000,0.000000,0.000000,1.000000,0.000000,0.000000,0.000000,11.545994,2.000000,0.900000,0.900000,1.000000,1.000000,0.000000,0.057433,0.940905,0.934311,596.460264,0.506951,0.337967,1.000000,0.482261,687.991243,0.000000,False,False,False,0.992314,0.399154,0.984629,626,12,1.000000,1.000000
0.000000,0.000000,29.000000,1.000000,0.000000,0.000000,1.000000,0.000000,0.000000,0.000000,11.389831,2.000000,0.900000,0.900000,1.000000,1.000000,0.000000,0.131004,0.861829,0.840357,596.005082,0.506995,0.337996,1.000000,0.455182,687.645884,0.000000,False,False,False,0.975378,0.400576,0.950756,627,12,1.000000,1.000000
0.000000,0.000000,29.000000,1.000000,0.000000,0.000000,1.000000,0.000000,0.000000,0.000000,11.574986,2.000000,0.900000,0.900000,1.000000,1.000000,0.000000,0.083788,0.916311,0.916739,595.556088,0.496354,0.330902,1.000000,0.448993,687.280056,0.000000,False,False,False,0.965952,0.398858,0.931904,628,12,1.000000,1.000000
0.000000,0.000000,29.000000,1.000000,0.000000,0.000000,1.000000,0.000000,0.000000,0.000000,11.764054,2.000000,0.900000,0.900000,1.000000,1.000000,0.000000,0.077212,0.917889,0.922130,595.093127,0.499506,0.333004,1.000000,0.462961,686.932744,0.000000,False,False,False,0.930620,0.400347,0.861239,629,12,1.000000,1.000000
0.000000,0.000000,29.000000,1.000000,0.000000,0.000000,1.000000,0.000000,0.000000,0.000000,11.709349,2.000000,0.900000,0.900000,1.000000,1.000000,0.000000,0.083194,0.908974,0.914982,594.622279,0.501652,0.334435,1.000000,0.470848,686.576504,0.000000,False,False,False,0.909865,0.395804,0.819729,630,12,1.000000,1.000000
0.000000,0.000000,29.000000,1.000000,0.000000,0.000000,1.000000,0.000000,0.000000,0.000000,11.904432,2.000000,0.900000,0.900000,1.000000,1.000000,0.000000,0.042127,0.953831,0.952341,594.137684,0.503272,0.335515,1.000000,0.484596,686.217231,0.000000,False,False,False,0.906810,0.398451,0.813621,631,12,1.000000,1.000000
0.000000,0.000000,29.000000,1.000000,0.000000,0.000000,1.000000,0.000000,0.000000,0.000000,11.481720,2.000000,0.900000,0.900000,1.000000,1.000000,0.000000,0.085331,0.897942,0.901336,593.670250,0.504705,0.336470,1.000000,0.467434,685.865331,0.000000,False,False,False,0.950883,0.400140,0.901766,632,12,1.000000,1.000000
0.000000,0.000000,29.000000,1.000000,0.000000,0.000000,1.000000,0.000000,0.000000,0.000000,11.778709,2.000000,0.900000,0.900000,1.000000,1.000000,0.000000,0.116707,0.879351,0.872478,593.216159,0.505672,0.337114,1.000000,0.454091,685.505742,0.000000,False,False,False,0.976500,0.395920,0.952999,633,12,1.000000,1.000000
0.000000,0.000000,29.000000,1.000000,0.000000,0.000000,1.000000,0.000000,0.000000,0.000000,11.698088,2.000000,0.900000,0.900000,1.000000,1.000000,0.000000,0.063130,0.933857,0.934446,592.738948,0.505582,0.337055,1.000000,0.477210,685.144585,0.000000,False,False,False,0.922494,0.396881,0.844988,634,12,1.000000,1.000000
0.000000,0.000000,29.000000,1.000000,0.000000,0.000000,1.000000,0.000000,0.000000,0.000000,11.730445,2.000000,0.900000,0.900000,1.000000,1.000000,0.000000,0.096380,0.900259,0.892312,592.273571,0.506567,0.337711,1.000000,0.465377,684.759056,0.000000,False,False,False,0.996645,0.398254,0.993291,635,12,1.000000,1.000000
0.000000,0.000000,29.000000,1.000000,0.000000,0.000000,1.000000,0.000000,0.000000,0.000000,11.892107,2.000000,0.900000,0.900000,1.000000,1.000000,0.000000,0.035004,0.953001,0.960578,591.784245,0.506766,0.337844,1.000000,0.489326,684.398486,0.000000,False,False,False,0.978645,0.399646,0.957289,636,12,1.000000,1.000000
0.000000,0.000000,29.000000,1.000000,0.000000,0.000000,1.000000,0.000000,0.000000,0.000000,11.833414,2.000000,0.900000,0.900000,1.000000,1.000000,0.000000,0.077020,0.919509,0.928040,591.311586,0.506981,0.337988,1.000000,0.472659,684.051815,0.000000,False,False,False,0.986260,0.400499,0.972520,637,12,1.000000,1.000000
0.000000,0.000000,29.000000,1.000000,0.000000,0.000000,1.000000,0.000000,0.000000,0.000000,11.714185,2.000000,0.900000,0.900000,1.000000,1.000000,0.000000,0.087502,0.906643,0.908035,590.840528,0.506401,0.337601,1.000000,0.471058,683.671443,0.000000,False,False,False,0.940488,0.398353,0.880975,638,12,1.000000,1.000000
0.000000,0.000000,29.000000,1.000000,0.000000,0.000000,1.000000,0.000000,0.000000,0.000000,11.666281,2.000000,0.900000,0.900000,1.000000,1.000000,0.000000,0.129969,0.866201,0.856982,590.388828,0.507043,0.338028,1.000000,0.451700,683.329301,0.000000,False,False,False,0.977639,0.400007,0.955277,639,12,1.000000,1.000000
0.000000,0.000000,29.000000,1.000000,0.000000,0.000000,1.000000,0.000000,0.000000,0.000000,11.706831,2.000000,0.900000,0.900000,1.000000,1.000000,0.000000,0.097173,0.896880,0.895370,589.920028,0.507173,0.338115,1.000000,0.468800,682.963733,0.000000,False,False,False,0.994418,0.397399,0.988836,640,12,1.000000,1.000000
0.000000,0.000000,29.000000,1.000000,0.000000,0.000000,1.000000,0.000000,0.000000,0.000000,11.732526,2.000000,0.900000,0.900000,1.000000,1.000000,0.000000,0.106472,0.893440,0.890201,589.478325,0.496118,0.330745,1.000000,0.441703,682.586829,0.000000,False,False,False,0.906919,0.399561,0.813838,641,12,1.000000,1.000000
0.000000,0.000000,29.000000,1.000000,0.000000,0.000000,1.000000,0.000000,0.000000,0.000000,11.795500,2.000000,0.900000,0.900000,1.000000,1.000000,0.000000,0.094622,0.902870,0.887096,589.021067,0.499925,0.333283,1.000000,0.457258,682.249553,0.000000,False,False,False,0.927962,0.401333,0.855923,642,12,1.000000,1.000000
0.000000,0.000000,29.000000,1.000000,0.000000,0.000000,1.000000,0.000000,0.000000,0.000000,11.820557,2.000000,0.900000,0.900000,1.000000,1.000000,0.000000,0.059541,0.939606,0.934611,588.544241,0.502840,0.335227,1.000000,0.476826,681.887013,0.000000,False,False,False,0.995956,0.398138,0.991912,643,12,1.000000,1.000000
0.000000,0.000000,29.000000,1.000000,0.000000,0.000000,1.000000,0.000000,0.000000,0.000000,11.655462,2.000000,0.900000,0.900000,1.000000,1.000000,0.000000,0.112846,0.881516,0.873381,588.085142,0.503678,0.335786,1.000000,0.459099,681.505617,0.000000,False,False,False,0.945676,0.399579,0.891351,644,12,1.000000,1.000000
0.000000,0.000000,29.000000,1.000000,0.000000,0.000000,1.000000,0.000000,0.000000,0.000000,11.764862,2.000000,0.900000,0.900000,1.000000,1.000000,0.000000,0.110535,0.885695,0.882083,587.624739,0.505202,0.336801,1.000000,0.460403,681.160029,0.000000,False,False,False,0.978356,0.401211,0.956712,645,12,1.000000,1.000000
0.000000,0.000000,29.000000,1.000000,0.000000,0.000000,1.000000,0.000000,0.000000,0.000000,11.494046,2.000000,0.900000,0.900000,1.000000,1.000000,0.000000,0.090694,0.907166,0.894664,587.156575,0.505982,0.337321,1.000000,0.468163,680.797545,0.000000,False,False,False,0.993197,0.399517,0.986394,646,12,1.000000,1.000000
0.000000,0.000000,29.000000,1.000000,0.000000,0.000000,1.000000,0.000000,0.000000,0.000000,11.796276,2.000000,0.900000,0.900000,1.000000,1.000000,0.000000,0.086404,0.907444,0.911390,586.683713,0.506407,0.337605,1.000000,0.472862,680.439829,0.000000,False,False,False,0.995322,0.400168,0.990643,647,12,1.000000,1.000000
0.000000,0.000000,29.000000,1.000000,0.000000,0.000000,1.000000,0.000000,0.000000,0.000000,11.697069,2.000000,0.900000,0.900000,1.000000,1.000000,0.000000,0.054806,0.931499,0.942144,586.202736,0.506203,0.337469,1.000000,0.480977,680.081481,0.000000,False,False,False,0.946272,0.396363,0.892545,648,12,1.000000,1.000000
0.000000,0.000000,29.000000,1.000000,0.000000,0.000000,1.000000,0.000000,0.000000,0.000000,11.856303,2.000000,0.900000,0.900000,1.000000,1.000000,0.000000,0.053692,0.935390,0.944583,585.723103,0.506358,0.337572,1.000000,0.479633,679.722524,0.000000,False,False,False,0.942485,0.397796,0.884969,649,12,1.000000,1.000000
0.000000,0.000000,29.000000,1.000000,0.000000,0.000000,1.000000,0.000000,0.000000,0.000000,11.870132,2.000000,0.900000,0.900000,1.000000,1.000000,0.000000,0.094234,0.904828,0.916301,585.258000,0.506940,0.337960,1.000000,0.465103,679.337659,0.000000,False,False,False,0.994931,0.398830,0.989861,650,12,1.000000,1.000000
0.000000,0.000000,29.000000,1.000000,0.000000,0.000000,1.000000,0.000000,0.000000,0.000000,11.800932,2.000000,0.900000,0.900000,1.000000,1.000000,0.000000,0.054045,0.925903,0.946045,584.777789,0.506372,0.337582,1.000000,0.480211,679.007641,0.000000,False,False,False,0.915818,0.400301,0.831636,651,12,1.000000,1.000000
0.000000,0.000000,29.000000,1.000000,0.000000,0.000000,1.000000,0.000000,0.000000,0.000000,11.716545,2.000000,0.900000,0.900000,1.000000,1.000000,0.000000,0.103842,0.890861,0.893804,584.317787,0.507135,0.338090,1.000000,0.460003,678.645631,0.000000,False,False,False,0.993381,0.396815,0.986762,652,12,1.000000,1.000000
0.000000,0.000000,29.000000,1.000000,0.000000,0.000000,1.000000,0.000000,0.000000,0.000000,11.611859,2.000000,0.900000,0.900000,1.000000,1.000000,0.000000,0.092522,0.899412,0.895173,583.849807,0.506480,0.337653,1.000000,0.467980,678.265469,0.000000,False,False,False,0.938784,0.397596,0.877569,653,12,1.000000,1.000000
0.000000,0.000000,29.000000,1.000000,0.000000,0.000000,1.000000,0.000000,0.000000,0.000000,11.922386,2.000000,0.900000,0.900000,1.000000,1.000000,0.000000,0.071320,0.933380,0.928813,583.395430,0.496326,0.330884,1.000000,0.454378,677.911874,0.000000,False,False,False,0.922370,0.399345,0.844741,654,12,1.000000,1.000000
0.000000,0.000000,29.000000,1.000000,0.000000,0.000000,1.000000,0.000000,0.000000,0.000000,11.860302,2.000000,0.900000,0.900000,1.000000,1.000000,0.000000,0.066735,0.929612,0.927255,582.924830,0.500450,0.333633,1.000000,0.470599,677.561010,0.000000,False,False,False,0.991597,0.400822,0.983194,655,12,1.000000,1.000000
0.000000,0.000000,29.000000,1.000000,0.000000,0.000000,1.000000,0.000000,0.000000,0.000000,11.756427,2.000000,0.900000,0.900000,1.000000,1.000000,0.000000,0.080132,0.917794,0.919652,582.455800,0.502316,0.334878,1.000000,0.469030,677.178319,0.000000,False,False,False,0.965857,0.399245,0.931714,656,12,1.000000,1.000000
0.000000,0.000000,29.000000,1.000000,0.000000,0.000000,1.000000,0.000000,0.000000,0.000000,11.931264,2.000000,0.900000,0.900000,1.000000,1.000000,0.000000,0.035931,0.948838,0.963082,581.969413,0.503505,0.335670,1.000000,0.486386,676.838242,0.000000,False,False,False,0.919759,0.400777,0.839518,657,12,1.000000,0.666667
0.000000,0.000000,29.000000,1.000000,0.000000,0.000000,1.000000,0.000000,0.000000,0.000000,11.545807,2.000000,0.900000,0.900000,1.000000,1.000000,0.000000,0.051952,0.928513,0.938926,581.492485,0.504831,0.336554,1.000000,0.476929,676.479446,0.000000,False,False,False,0.950025,0.399093,0.900049,658,12,1.000000,0.666667
0.000000,0.000000,29.000000,1.000000,0.000000,0.000000,1.000000,0.000000,0.000000,0.000000,11.723852,2.000000,0.900000,0.900000,1.000000,1.000000,0.000000,0.119336,0.870437,0.871375,581.041039,0.505889,0.337259,1.000000,0.451446,676.117496,0.000000,False,False,False,0.994555,0.400002,0.989111,659,12,1.000000,0.666667
0.000000,0.000000,29.000000,1.000000,0.000000,0.000000,1.000000,0.000000,0.000000,0.000000,11.582052,2.000000,0.900000,0.900000,1.000000,1.000000,0.000000,0.105917,0.886351,0.886739,580.583555,0.505260,0.336840,1.000000,0.457483,675.756150,0.000000,False,False,False,0.899773,0.396703,0.799545,660,12,1.000000,0.666667
0.000000,0.000000,29.000000,1.000000,0.000000,0.000000,1.000000,0.000000,0.000000,0.000000,11.698406,2.000000,0.900000,0.900000,1.000000,1.000000,0.000000,0.083770,0.906079,0.904945,580.115340,0.506573,0.337715,1.000000,0.468216,675.397991,0.000000,False,False,False,0.984322,0.397660,0.968644,661,12,1.000000,0.666667
0.000000,0.000000,29.000000,1.000000,0.000000,0.000000,1.000000,0.000000,0.000000,0.000000,11.826754,2.000000,0.900000,0.900000,1.000000,1.000000,0.000000,0.078090,0.907046,0.927625,579.645028,0.506894,0.337929,1.000000,0.470312,675.040512,0.000000,False,False,False,0.993829,0.398234,0.987658,662,12,1.000000,0.666667
0.000000,0.000000,29.000000,1.000000,0.000000,0.000000,1.000000,0.000000,0.000000,0.000000,11.884084,2.000000,0.900000,0.900000,1.000000,1.000000,0.000000,0.065807,0.924041,0.930280,579.169378,0.506293,0.337528,1.000000,0.475650,674.678845,0.000000,False,False,False,0.933474,0.398761,0.866948,663,12,1.000000,0.666667
0.000000,0.000000,29.000000,1.000000,0.000000,0.000000,1.000000,0.000000,0.000000,0.000000,11.748267,2.000000,0.900000,0.900000,1.000000,1.000000,0.000000,0.079558,0.907646,0.910066,578.698117,0.506981,0.337988,1.000000,0.471261,674.307946,0.000000,False,False,False,0.986912,0.399322,0.973825,664,12,1.000000,0.666667
0.000000,0.000000,29.000000,1.000000,0.000000,0.000000,1.000000,0.000000,0.000000,0.000000,11.440656,2.000000,0.900000,0.900000,1.000000,1.000000,0.000000,0.153772,0.833720,0.824310,578.259532,0.507095,0.338064,1.000000,0.438585,673.922416,0.000000,False,False,False,0.993846,0.399986,0.987693,665,12,1.000000,0.666667
0.000000,0.000000,29.000000,1.000000,0.000000,0.000000,1.000000,0.000000,0.000000,0.000000,11.686175,2.000000,0.900000,0.900000,1.000000,1.000000,0.000000,0.069039,0.923659,0.945207,577.800442,0.506478,0.337652,1.000000,0.459090,673.597364,0.000000,False,False,False,0.912825,0.401439,0.825651,666,12,1.000000,0.666667
0.000000,0.000000,29.000000,1.000000,0.000000,0.000000,1.000000,0.000000,0.000000,0.000000,11.711041,2.000000,0.900000,0.900000,1.000000,1.000000,0.000000,0.119924,0.877557,0.869271,577.352677,0.506992,0.337995,1.000000,0.447766,673.239548,0.000000,False,False,False,0.975555,0.395675,0.951110,667,12,1.000000,0.666667
0.000000,0.000000,29.000000,1.000000,0.000000,0.000000,1.000000,0.000000,0.000000,0.000000,11.762118,2.000000,0.900000,0.900000,1.000000,1.000000,0.000000,0.111114,0.887686,0.893642,576.893733,0.507210,0.338140,1.000000,0.458944,672.881736,0.000000,False,False,False,0.992195,0.396447,0.984390,668,12,1.000000,0.666667
0.000000,0.000000,29.000000,1.000000,0.000000,0.000000,1.000000,0.000000,0.000000,0.000000,11.726288,2.000000,0.900000,0.900000,1.000000,1.000000,0.000000,0.052052,0.928620,0.948746,576.412433,0.506534,0.337689,1.000000,0.481299,672.511399,0.000000,False,False,False,0.935811,0.397171,0.871621,669,12,1.000000,0.666667
0.000000,0.000000,29.000000,1.000000,0.000000,0.000000,1.000000,0.000000,0.000000,0.000000,11.654179,2.000000,0.900000,0.900000,1.000000,1.000000,0.000000,0.065031,0.924289,0.933516,575.937705,0.507141,0.338094,1.000000,0.474728,672.141408,0.000000,False,False,False,0.991010,0.398391,0.982020,670,12,1.000000,0.666667
0.000000,0.000000,29.000000,1.000000,0.000000,0.000000,1.000000,0.000000,0.000000,0.000000,11.741092,2.000000,0.900000,0.900000,1.000000,1.000000,0.000000,0.067168,0.913984,0.926636,575.463884,0.506437,0.337625,1.000000,0.473821,671.774360,0.000000,False,False,False,0.922675,0.398863,0.845350,671,12,1.000000,0.666667
0.000000,0.000000,29.000000,1.000000,0.000000,0.000000,1.000000,0.000000,0.000000,0.000000,11.460571,2.000000,0.900000,0.900000,1.000000,1.000000,0.000000,0.100867,0.888934,0.877555,575.001503,0.507153,0.338102,1.000000,0.462381,671.388067,0.000000,False,False,False,0.991359,0.399888,0.982718,672,12,1.000000,0.666667
0.000000,0.000000,29.000000,1.000000,0.000000,0.000000,1.000000,0.000000,0.000000,0.000000,11.641138,2.000000,0.900000,0.900000,1.000000,1.000000,0.000000,0.054103,0.938359,0.938384,574.517914,0.506708,0.337805,1.000000,0.483589,671.052344,0.000000,False,False,False,0.930757,0.401263,0.861515,673,12,1.000000,0.666667
0.000000,0.000000,29.000000,1.000000,0.000000,0.000000,1.000000,0.000000,0.000000,0.000000,11.582136,2.000000,0.900000,0.900000,1.000000,1.000000,0.000000,0.065199,0.914798,0.932596,574.040586,0.507113,0.338075,1.000000,0.477328,670.679483,0.000000,False,False,False,0.991595,0.396248,0.983189,674,12,1.000000,0.666667
0.000000,0.000000,29.000000,1.000000,0.000000,0.000000,1.000000,0.000000,0.000000,0.000000,11.676921,2.000000,0.900000,0.900000,1.000000,1.000000,0.000000,0.130644,0.865686,0.859919,573.590795,0.507087,0.338058,1.000000,0.449792,670.311807,0.000000,False,False,False,0.989140,0.397007,0.978279,675,12,1.000000,0.666667
0.000000,0.000000,29.000000,1.000000,0.000000,0.000000,1.000000,0.000000,0.000000,0.000000,11.602204,2.000000,0.900000,0.900000,1.000000,1.000000,0.000000,0.116841,0.875051,0.883670,573.130604,0.507171,0.338114,1.000000,0.460190,669.936938,0.000000,False,False,False,0.989473,0.397352,0.978947,676,12,1.000000,0.666667
0.000000,0.000000,29.000000,1.000000,0.000000,0.000000,1.000000,0.000000,0.000000,0.000000,11.678389,2.000000,0.900000,0.900000,1.000000,1.000000,0.000000,0.098834,0.893910,0.894264,572.665021,0.506451,0.337634,1.000000,0.465583,669.560312,0.000000,False,False,False,0.923194,0.398648,0.846388,677,12,1.000000,0.666667
0.000000,0.000000,29.000000,1.000000,0.000000,0.000000,1.000000,0.000000,0.000000,0.000000,11.556042,2.000000,0.900000,0.900000,1.000000,1.000000,0.000000,0.078772,0.916101,0.913975,572.192078,0.506909,0.337939,1.000000,0.472944,669.253028,0.000000,False,False,False,0.958958,0.400543,0.917916,678,12,1.000000,0.666667
0.000000,0.000000,29.000000,1.000000,0.000000,0.000000,1.000000,0.000000,0.000000,0.000000,11.663977,2.000000,0.900000,0.900000,1.000000,1.000000,0.000000,0.081153,0.913998,0.913850,571.720351,0.506721,0.337814,1.000000,0.471727,668.871212,0.000000,False,False,False,0.963547,0.394107,0.927094,679,12,1.000000,0.666667
0.000000,0.000000,29.000000,1.000000,0.000000,0.000000,1.000000,0.000000,0.000000,0.000000,11.748363,2.000000,0.900000,0.900000,1.000000,1.000000,0.000000,0.086313,0.916729,0.910288,571.273038,0.493897,0.329265,1.000000,0.447313,668.487532,0.000000,False,False,False,0.992010,0.395752,0.984020,680,12,1.000000,0.666667
0.000000,0.000000,29.000000,1.000000,0.000000,0.000000,1.000000,0.000000,0.000000,0.000000,11.565206,2.000000,0.900000,0.900000,1.000000,1.000000,0.000000,0.087486,0.903952,0.905475,570.811207,0.497967,0.331978,1.000000,0.461831,668.117549,0.000000,False,False,False,0.950337,0.397241,0.900674,681,12,1.000000,0.666667
0.000000,0.000000,29.000000,1.000000,0.000000,0.000000,1.000000,0.000000,0.000000,0.000000,11.503167,2.000000,0.900000,0.900000,1.000000,1.000000,0.000000,0.092341,0.906156,0.891267,570.351186,0.500873,0.333915,1.000000,0.460021,667.740177,0.000000,False,False,False,0.951278,0.398464,0.902556,682,12,1.000000,0.666667
0.000000,0.000000,29.000000,1.000000,0.000000,0.000000,1.000000,0.000000,0.000000,0.000000,11.606213,2.000000,0.900000,0.900000,1.000000,1.000000,0.000000,0.040089,0.942614,0.956802,569.865601,0.503386,0.335591,1.000000,0.485586,667.356089,0.000000,False,False,False,0.997614,0.399835,0.995229,683,12,1.000000,0.666667
0.000000,0.000000,29.000000,1.000000,0.000000,0.000000,1.000000,0.000000,0.000000,0.000000,11.683656,2.000000,0.900000,0.900000,1.000000,1.000000,0.000000,0.062144,0.927642,0.929794,569.390359,0.504334,0.336222,1.000000,0.475241,667.048554,0.000000,False,False,False,0.957801,0.401354,0.915603,684,12,1.000000,0.666667
0.000000,0.000000,29.000000,1.000000,0.000000,0.000000,1.000000,0.000000,0.000000,0.000000,11.661270,2.000000,0.900000,0.900000,1.000000,1.000000,0.000000,0.071944,0.917892,0.925646,568.918122,0.504882,0.336588,1.000000,0.472238,666.666559,0.000000,False,False,False,0.954337,0.394395,0.908675,685,12,1.000000,0.666667
0.000000,0.000000,29.000000,1.000000,0.000000,0.000000,1.000000,0.000000,0.000000,0.000000,11.704130,2.000000,0.900000,0.900000,1.000000,1.000000,0.000000,0.058846,0.914210,0.938192,568.443091,0.505351,0.336901,1.000000,0.475030,666.317676,0.000000,False,False,False,0.934533,0.395979,0.869065,686,12,1.000000,0.666667
0.000000,0.000000,29.000000,1.000000,0.000000,0.000000,1.000000,0.000000,0.000000,0.000000,11.704143,2.000000,0.900000,0.900000,1.000000,1.000000,0.000000,0.063511,0.922507,0.939819,567.968837,0.505976,0.337317,1.000000,0.474255,665.934683,0.000000,False,False,False,0.963278,0.395979,0.926556,687,12,1.000000,0.666667
0.000000,0.000000,29.000000,1.000000,0.000000,0.000000,1.000000,0.000000,0.000000,0.000000,11.646210,2.000000,0.900000,0.900000,1.000000,1.000000,0.000000,0.042209,0.939168,0.952435,567.484826,0.506279,0.337519,1.000000,0.484011,665.568475,0.000000,False,False,False,0.960478,0.397483,0.920956,688,12,1.000000,0.666667
0.000000,0.000000,29.000000,1.000000,0.000000,0.000000,1.000000,0.000000,0.000000,0.000000,11.683024,2.000000,0.900000,0.900000,1.000000,1.000000,0.000000,0.087978,0.903732,0.912941,567.019527,0.506592,0.337728,1.000000,0.465299,665.184051,0.000000,False,False,False,0.975166,0.397980,0.950331,689,12,1.000000,0.666667
0.000000,0.000000,29.000000,1.000000,0.000000,0.000000,1.000000,0.000000,0.000000,0.000000,11.550080,2.000000,0.900000,0.900000,1.000000,1.000000,0.000000,0.109906,0.884381,0.885686,566.558358,0.506406,0.337604,1.000000,0.461169,664.832224,0.000000,False,False,False,0.939751,0.399481,0.879502,690,12,1.000000,0.666667
0.000000,0.000000,29.000000,1.000000,0.000000,0.000000,1.000000,0.000000,0.000000,0.000000,11.489819,2.000000,0.900000,0.900000,1.000000,1.000000,0.000000,0.114580,0.883948,0.879012,566.117521,0.496143,0.330762,1.000000,0.440837,664.449826,0.000000,False,False,False,0.952743,0.399671,0.905485,691,12,1.000000,0.666667
0.000000,0.000000,29.000000,1.000000,0.000000,0.000000,1.000000,0.000000,0.000000,0.000000,11.717405,2.000000,0.900000,0.900000,1.000000,1.000000,0.000000,0.060732,0.937526,0.926819,565.646640,0.499957,0.333305,1.000000,0.470881,664.096090,0.000000,False,False,False,0.966094,0.401044,0.932188,692,12,1.000000,0.666667
0.000000,0.000000,29.000000,1.000000,0.000000,0.000000,1.000000,0.000000,0.000000,0.000000,11.669918,2.000000,0.900000,0.900000,1.000000,1.000000,0.000000,0.063937,0.927981,0.934484,565.169423,0.501954,0.334636,1.000000,0.477217,663.715575,0.000000,False,False,False,0.943422,0.399638,0.886844,693,12,1.000000,0.666667
0.000000,0.000000,29.000000,1.000000,0.000000,0.000000,1.000000,0.000000,0.000000,0.000000,11.635850,2.000000,0.900000,0.900000,1.000000,1.000000,0.000000,0.058693,0.933836,0.934488,564.690098,0.504059,0.336039,1.000000,0.479325,663.334060,0.000000,False,False,False,0.989822,0.399614,0.979645,694,12,1.000000,0.666667
0.000000,0.000000,29.000000,1.000000,0.000000,0.000000,1.000000,0.000000,0.000000,0.000000,11.620311,2.000000,0.900000,0.900000,1.000000,1.000000,0.000000,0.096277,0.896036,0.889963,564.225772,0.504650,0.336434,1.000000,0.464326,663.032114,0.000000,False,False,False,0.942869,0.400302,0.885738,695,12,1.000000,0.666667
0.000000,0.000000,29.000000,1.000000,0.000000,0.000000,1.000000,0.000000,0.000000,0.000000,11.608753,2.000000,0.900000,0.900000,1.000000,1.000000,0.000000,0.101207,0.887915,0.897873,563.761797,0.505396,0.336930,1.000000,0.463975,662.680160,0.000000,False,False,False,0.947519,0.401319,0.895038,696,12,1.000000,0.666667
0.000000,0.000000,29.000000,1.000000,0.000000,0.000000,1.000000,0.000000,0.000000,0.000000,11.670155,2.000000,0.900000,0.900000,1.000000,1.000000,0.000000,0.070396,0.911604,0.920960,563.286894,0.506247,0.337498,1.000000,0.474903,662.318718,0.000000,False,False,False,0.996019,0.397344,0.992038,697,12,1.000000,0.666667
0.000000,0.000000,29.000000,1.000000,0.000000,0.000000,1.000000,0.000000,0.000000,0.000000,11.665848,2.000000,0.900000,0.900000,1.000000,1.000000,0.000000,0.047067,0.944856,0.949638,562.803430,0.505792,0.337195,1.000000,0.483464,661.966936,0.000000,False,False,False,0.914982,0.402806,0.829963,698,12,1.000000,0.666667
0.000000,0.000000,29.000000,1.000000,0.000000,0.000000,1.000000,0.000000,0.000000,0.000000,11.708490,2.000000,0.900000,0.900000,1.000000,1.000000,0.000000,0.055827,0.920860,0.939752,562.323043,0.506540,0.337693,1.000000,0.480387,661.582859,0.000000,False,False,False,0.974172,0.398820,0.948344,699,12,1.000000,0.666667
0.000000,0.000000,29.000000,1.000000,0.000000,0.000000,1.000000,0.000000,0.000000,0.000000,11.678652,2.000000,0.900000,0.900000,1.000000,1.000000,0.000000,0.085937,0.907483,0.912183,561.855462,0.506853,0.337902,1.000000,0.467581,661.195533,0.000000,False,False,False,0.992875,0.398804,0.985750,700,12,1.000000,0.666667
0.000000,0.000000,29.000000,1.000000,0.000000,0.000000,1.000000,0.000000,0.000000,0.000000,11.712838,2.000000,0.900000,0.900000,1.000000,1.000000,0.000000,0.085416,0.901274,0.898322,561.386499,0.506345,0.337564,1.000000,0.468963,660.849317,0.000000,False,False,False,0.928403,0.398790,0.856805,701,12,1.000000,0.666667
0.000000,0.000000,29.000000,1.000000,0.000000,0.000000,1.000000,0.000000,0.000000,0.000000,11.687963,2.000000,0.900000,0.900000,1.000000,1.000000,0.000000,0.080749,0.910791,0.907273,560.914110,0.506756,0.337837,1.000000,0.472390,660.492027,0.000000,False,False,False,0.957568,0.402195,0.915136,702,12,1.000000,0.666667
0.000000,0.000000,29.000000,1.000000,0.000000,0.000000,1.000000,0.000000,0.000000,0.000000,11.762408,2.000000,0.900000,0.900000,1.000000,1.000000,0.000000,0.041313,0.945174,0.959181,560.425644,0.507045,0.338030,1.000000,0.488465,660.135834,0.000000,False,False,False,0.980242,0.400650,0.960484,703,12,1.000000,0.666667
0.000000,0.000000,29.000000,1.000000,0.000000,0.000000,1.000000,0.000000,0.000000,0.000000,11.704407,2.000000,0.900000,0.900000,1.000000,1.000000,0.000000,0.093491,0.902112,0.906668,559.983464,0.497290,0.331526,1.000000,0.442180,659.751239,0.000000,False,False,False,0.993883,0.397002,0.987766,704,12,1.000000,0.666667
0.000000,0.000000,29.000000,1.000000,0.000000,0.000000,1.000000,0.000000,0.000000,0.000000,11.671586,2.000000,0.900000,0.900000,1.000000,1.000000,0.000000,0.064721,0.925193,0.932413,559.508453,0.500624,0.333749,1.000000,0.475012,659.397239,0.000000,False,False,False,0.989873,0.397762,0.979746,705,12,1.000000,0.666667
0.000000,0.000000,29.000000,1.000000,0.000000,0.000000,1.000000,0.000000,0.000000,0.000000,11.783316,2.000000,0.900000,0.900000,1.000000,1.000000,0.000000,0.051407,0.941922,0.950775,559.029107,0.502253,0.334835,1.000000,0.479346,659.015842,0.000000,False,False,False,0.941797,0.399652,0.883594,706,12,1.000000,0.666667
0.000000,0.000000,29.000000,1.000000,0.000000,0.000000,1.000000,0.000000,0.000000,0.000000,11.735390,2.000000,0.900000,0.900000,1.000000,1.000000,0.000000,0.059613,0.929366,0.935939,558.549129,0.504034,0.336023,1.000000,0.479978,658.634243,0.000000,False,False,False,0.968329,0.399633,0.936657,707,12,1.000000,0.666667
0.000000,0.000000,29.000000,1.000000,0.000000,0.000000,1.000000,0.000000,0.000000,0.000000,11.693226,2.000000,0.900000,0.900000,1.000000,1.000000,0.000000,0.064148,0.924911,0.934682,558.069945,0.505113,0.336742,1.000000,0.479184,658.275716,0.000000,False,False,False,0.973686,0.400931,0.947373,708,12,1.000000,0.666667
0.000000,0.000000,29.000000,1.000000,0.000000,0.000000,1.000000,0.000000,0.000000,0.000000,11.705436,2.000000,0.900000,0.900000,1.000000,1.000000,0.000000,0.072424,0.914907,0.921371,557.592727,0.505758,0.337172,1.000000,0.477218,657.900394,0.000000,False,False,False,0.972892,0.399595,0.945783,709,12,1.000000,0.666667
0.000000,0.000000,29.000000,1.000000,0.000000,0.000000,1.000000,0.000000,0.000000,0.000000,11.662238,2.000000,0.900000,0.900000,1.000000,1.000000,0.000000,0.096058,0.892962,0.892076,557.127297,0.505907,0.337271,1.000000,0.465430,657.519308,0.000000,False,False,False,0.953782,0.399595,0.907564,710,12,1.000000,0.666667
0.000000,0.000000,29.000000,1.000000,0.000000,0.000000,1.000000,0.000000,0.000000,0.000000,11.565497,2.000000,0.900000,0.900000,1.000000,1.000000,0.000000,0.084177,0.901023,0.911052,556.656587,0.506382,0.337588,1.000000,0.470710,657.210681,0.000000,False,False,False,0.963067,0.400579,0.926133,711,12,1.000000,0.666667
0.000000,0.000000,29.000000,1.000000,0.000000,0.000000,1.000000,0.000000,0.000000,0.000000,11.677709,2.000000,0.900000,0.900000,1.000000,1.000000,0.000000,0.027256,0.948973,0.967267,556.167498,0.506419,0.337613,1.000000,0.489089,656.854373,0.000000,False,False,False,0.949758,0.402658,0.899516,712,12,1.000000,0.666667
0.000000,0.000000,29.000000,1.000000,0.000000,0.000000,1.000000,0.000000,0.000000,0.000000,11.723801,2.000000,0.900000,0.900000,1.000000,1.000000,0.000000,0.055700,0.935609,0.942170,555.687558,0.506373,0.337582,1.000000,0.479940,656.498210,0.000000,False,False,False,0.945319,0.398906,0.890637,713,12,1.000000,0.666667
0.000000,0.000000,29.000000,1.000000,0.000000,0.000000,1.000000,0.000000,0.000000,0.000000,11.766044,2.000000,0.900000,0.900000,1.000000,1.000000,0.000000,0.059580,0.922004,0.938470,555.207137,0.506831,0.337887,1.000000,0.480420,656.141999,0.000000,False,False,False,0.963195,0.403588,0.926391,714,12,1.000000,0.666667
0.000000,0.000000,29.000000,1.000000,0.000000,0.000000,1.000000,0.000000,0.000000,0.000000,11.645171,2.000000,0.900000,0.900000,1.000000,1.000000,0.000000,0.095424,0.895596,0.899871,554.742468,0.507064,0.338043,1.000000,0.464670,655.781075,0.000000,False,False,False,0.989609,0.400032,0.979218,715,12,1.000000,0.666667
0.000000,0.000000,29.000000,1.000000,0.000000,0.000000,1.000000,0.000000,0.000000,0.000000,11.695856,2.000000,0.900000,0.900000,1.000000,1.000000,0.000000,0.065752,0.926358,0.935992,554.277901,0.506424,0.337616,1.000000,0.464567,655.431245,0.000000,False,False,False,0.934666,0.396653,0.869333,716,12,1.000000,0.666667
0.000000,0.000000,29.000000,1.000000,0.000000,0.000000,1.000000,0.000000,0.000000,0.000000,11.597026,2.000000,0.900000,0.900000,1.000000,1.000000,0.000000,0.103061,0.895986,0.895831,553.822044,0.506592,0.337728,1.000000,0.455857,655.077045,0.000000,False,False,False,0.938860,0.401356,0.877719,717,12,1.000000,0.666667
0.000000,0.000000,29.000000,1.000000,0.000000,0.000000,1.000000,0.000000,0.000000,0.000000,11.655349,2.000000,0.900000,0.900000,1.000000,1.000000,0.000000,0.079838,0.885030,0.915819,553.353132,0.506978,0.337985,1.000000,0.468913,654.715554,0.000000,False,False,False,0.987021,0.397466,0.974042,718,12,1.000000,0.666667
0.000000,0.000000,29.000000,1.000000,0.000000,0.000000,1.000000,0.000000,0.000000,0.000000,11.368426,2.000000,0.900000,0.900000,1.000000,1.000000,0.000000,0.106171,0.884162,0.885594,552.894756,0.506808,0.337872,1.000000,0.458376,654.354825,0.000000,False,False,False,0.958075,0.402933,0.916151,719,12,1.000000,0.666667
0.000000,0.000000,29.000000,1.000000,0.000000,0.000000,1.000000,0.000000,0.000000,0.000000,11.668248,2.000000,0.900000,0.900000,1.000000,1.000000,0.000000,0.064659,0.905896,0.934883,552.421143,0.506446,0.337631,1.000000,0.473613,654.002927,0.000000,False,False,False,0.928129,0.399794,0.856258,720,12,1.000000,0.666667
0.000000,0.000000,29.000000,1.000000,0.000000,0.000000,1.000000,0.000000,0.000000,0.000000,11.809336,2.000000,0.900000,0.900000,1.000000,1.000000,0.000000,0.073031,0.916154,0.922714,551.947648,0.506944,0.337963,1.000000,0.473495,653.640473,0.000000,False,False,False,0.964229,0.404452,0.928458,721,12,1.000000,0.666667
0.000000,0.000000,29.000000,1.000000,0.000000,0.000000,1.000000,0.000000,0.000000,0.000000,11.695856,2.000000,0.900000,0.900000,1.000000,1.000000,0.000000,0.040508,0.940301,0.956239,551.458881,0.506857,0.337904,1.000000,0.488766,653.282102,0.000000,False,False,False,0.958914,0.402067,0.917829,722,12,1.000000,0.666667
0.000000,0.000000,29.000000,1.000000,0.000000,0.000000,1.000000,0.000000,0.000000,0.000000,11.744000,2.000000,0.900000,0.900000,1.000000,1.000000,0.000000,0.082115,0.903385,0.917949,550.985508,0.507130,0.338086,1.000000,0.473373,652.895586,0.000000,False,False,False,0.994032,0.398521,0.988063,723,12,1.000000,0.666667
0.000000,0.000000,29.000000,1.000000,0.000000,0.000000,1.000000,0.000000,0.000000,0.000000,11.672306,2.000000,0.900000,0.900000,1.000000,1.000000,0.000000,0.079702,0.903708,0.907203,550.514977,0.506693,0.337795,1.000000,0.470531,652.521670,0.000000,False,False,False,0.949965,0.398513,0.899929,724,12,1.000000,0.666667
0.000000,0.000000,29.000000,1.000000,0.000000,0.000000,1.000000,0.000000,0.000000,0.000000,11.581543,2.000000,0.900000,0.900000,1.000000,1.000000,0.000000,0.068611,0.905921,0.924690,550.039725,0.506832,0.337888,1.000000,0.475252,652.163243,0.000000,False,False,False,0.964925,0.398512,0.929849,725,12,1.000000,0.666667
0.000000,0.000000,29.000000,1.000000,0.000000,0.000000,1.000000,0.000000,0.000000,0.000000,11.602459,2.000000,0.900000,0.900000,1.000000,1.000000,0.000000,0.048760,0.919920,0.944881,549.561956,0.506598,0.337732,1.000000,0.477770,651.806107,0.000000,False,False,False,0.939988,0.401013,0.879975,726,12,1.000000,0.666667
0.000000,0.000000,29.000000,1.000000,0.000000,0.000000,1.000000,0.000000,0.000000,0.000000,11.604363,2.000000,0.900000,0.900000,1.000000,1.000000,0.000000,0.083531,0.902836,0.918362,549.096363,0.506953,0.337969,1.000000,0.465592,651.442938,0.000000,False,False,False,0.981170,0.397498,0.962340,727,12,1.000000,0.666667
0.000000,0.000000,29.000000,1.000000,0.000000,0.000000,1.000000,0.000000,0.000000,0.000000,11.680360,2.000000,0.900000,0.900000,1.000000,1.000000,0.000000,0.072091,0.904798,0.919081,548.624499,0.506231,0.337488,1.000000,0.471865,651.097784,0.000000,False,False,False,0.899134,0.401467,0.798269,728,12,1.000000,0.666667
0.000000,0.000000,29.000000,1.000000,0.000000,0.000000,1.000000,0.000000,0.000000,0.000000,11.599130,2.000000,0.900000,0.900000,1.000000,1.000000,0.000000,0.078291,0.907309,0.915571,548.151245,0.507165,0.338110,1.000000,0.473253,650.716487,0.000000,False,False,False,0.995487,0.399135,0.990973,729,12,1.000000,0.666667
0.000000,0.000000,29.000000,1.000000,0.000000,0.000000,1.000000,0.000000,0.000000,0.000000,11.554425,2.000000,0.900000,0.900000,1.000000,1.000000,0.000000,0.104558,0.891174,0.889586,547.710246,0.493559,0.329040,1.000000,0.441000,650.333917,0.000000,False,False,False,0.959974,0.399134,0.919947,730,12,1.000000,0.666667
0.000000,0.000000,29.000000,1.000000,0.000000,0.000000,1.000000,0.000000,0.000000,0.000000,11.606962,2.000000,0.900000,0.900000,1.000000,1.000000,0.000000,0.110352,0.879825,0.880253,547.267754,0.498375,0.332250,1.000000,0.442492,649.953341,0.000000,False,False,False,0.992009,0.399124,0.984018,731,12,1.000000,0.666667
0.000000,0.000000,29.000000,1.000000,0.000000,0.000000,1.000000,0.000000,0.000000,0.000000,11.649503,2.000000,0.900000,0.900000,1.000000,1.000000,0.000000,0.092845,0.881946,0.907519,546.800103,0.501457,0.334305,1.000000,0.467650,649.576890,0.000000,False,False,False,0.998944,0.399592,0.997888,732,12,1.000000,0.666667
0.000000,0.000000,29.000000,1.000000,0.000000,0.000000,1.000000,0.000000,0.000000,0.000000,11.501217,2.000000,0.900000,0.900000,1.000000,1.000000,0.000000,0.062133,0.926925,0.930429,546.325944,0.503234,0.335489,1.000000,0.474159,649.262587,0.000000,False,False,False,0.979938,0.400922,0.959875,733,12,1.000000,0.666667
0.000000,0.000000,29.000000,1.000000,0.000000,0.000000,1.000000,0.000000,0.000000,0.000000,11.602882,2.000000,0.900000,0.900000,1.000000,1.000000,0.000000,0.066010,0.909908,0.926301,545.849238,0.504047,0.336031,1.000000,0.476706,648.907366,0.000000,False,False,False,0.946168,0.399145,0.892336,734,12,1.000000,0.666667
0.000000,0.000000,29.000000,1.000000,0.000000,0.000000,1.000000,0.000000,0.000000,0.000000,11.701559,2.000000,0.900000,0.900000,1.000000,1.000000,0.000000,0.072186,0.912698,0.927700,545.377512,0.504947,0.336631,1.000000,0.471727,648.552322,0.000000,False,False,False,0.942090,0.401798,0.884180,735,12,1.000000,0.666667
0.000000,0.000000,29.000000,1.000000,0.000000,0.000000,1.000000,0.000000,0.000000,0.000000,11.608819,2.000000,0.900000,0.900000,1.000000,1.000000,0.000000,0.057068,0.913906,0.940084,544.896911,0.505713,0.337142,1.000000,0.480601,648.185140,0.000000,False,False,False,0.960515,0.398169,0.921030,736,12,1.000000,0.666667
0.000000,0.000000,29.000000,1.000000,0.000000,0.000000,1.000000,0.000000,0.000000,0.000000,11.692341,2.000000,0.900000,0.900000,1.000000,1.000000,0.000000,0.055324,0.928014,0.939576,544.416675,0.506182,0.337455,1.000000,0.480236,647.800911,0.000000,False,False,False,0.979318,0.398164,0.958636,737,12,1.000000,0.666667
0.000000,0.000000,29.000000,1.000000,0.000000,0.000000,1.000000,0.000000,0.000000,0.000000,11.550452,2.000000,0.900000,0.900000,1.000000,1.000000,0.000000,0.057916,0.915007,0.941418,543.936081,0.506301,0.337534,1.000000,0.480593,647.425046,0.000000,False,False,False,0.959238,0.398162,0.918477,738,12,1.000000,0.666667
0.000000,0.000000,29.000000,1.000000,0.000000,0.000000,1.000000,0.000000,0.000000,0.000000,11.726890,2.000000,0.900000,0.900000,1.000000,1.000000,0.000000,0.075109,0.910231,0.916510,543.465543,0.506694,0.337796,1.000000,0.470538,647.053567,0.000000,False,False,False,0.971927,0.398162,0.943854,739,12,1.000000,0.666667
0.000000,0.000000,29.000000,1.000000,0.000000,0.000000,1.000000,0.000000,0.000000,0.000000,11.669355,2.000000,0.900000,0.900000,1.000000,1.000000,0.000000,0.102685,0.858739,0.888882,543.003092,0.506879,0.337920,1.000000,0.462450,646.677109,0.000000,False,False,False,0.978820,0.399651,0.957640,740,12,1.000000,0.666667
0.000000,0.000000,29.000000,1.000000,0.000000,0.000000,1.000000,0.000000,0.000000,0.000000,11.575429,2.000000,0.900000,0.900000,1.000000,1.000000,0.000000,0.096607,0.886672,0.891151,542.539898,0.506723,0.337815,1.000000,0.463194,646.370867,0.000000,False,False,False,0.954391,0.401097,0.908782,741,12,1.000000,0.666667
0.000000,0.000000,29.000000,1.000000,0.000000,0.000000,1.000000,0.000000,0.000000,0.000000,11.561596,2.000000,0.900000,0.900000,1.000000,1.000000,0.000000,0.075352,0.920787,0.928229,542.083866,0.496247,0.330831,1.000000,0.456032,646.020993,0.000000,False,False,False,0.939125,0.401085,0.878251,742,12,1.000000,0.666667
0.000000,0.000000,29.000000,1.000000,0.000000,0.000000,1.000000,0.000000,0.000000,0.000000,11.614024,2.000000,0.900000,0.900000,1.000000,1.000000,0.000000,0.077661,0.907132,0.911936,541.618655,0.499951,0.333301,1.000000,0.465211,645.645672,0.000000,False,False,False,0.966216,0.396983,0.932432,743,12,1.000000,0.666667
0.000000,0.000000,29.000000,1.000000,0.000000,0.000000,1.000000,0.000000,0.000000,0.000000,11.565085,2.000000,0.900000,0.900000,1.000000,1.000000,0.000000,0.092107,0.891340,0.893114,541.156308,0.501994,0.334663,1.000000,0.462347,645.267393,0.000000,False,False,False,0.948966,0.396983,0.897932,744,12,1.000000,0.666667
0.000000,0.000000,29.000000,1.000000,0.000000,0.000000,1.000000,0.000000,0.000000,0.000000,11.639919,2.000000,0.900000,0.900000,1.000000,1.000000,0.000000,0.071531,0.908770,0.916973,540.682279,0.504061,0.336040,1.000000,0.474029,644.885828,0.000000,False,False,False,0.993363,0.396982,0.986725,745,12,1.000000,0.666667
0.000000,0.000000,29.000000,1.000000,0.000000,0.000000,1.000000,0.000000,0.000000,0.000000,11.716434,2.000000,0.900000,0.900000,1.000000,1.000000,0.000000,0.053892,0.921103,0.946675,540.198852,0.505064,0.336709,1.000000,0.483427,644.504683,0.000000,False,False,False,0.991342,0.397489,0.982684,746,12,1.000000,0.666667
0.000000,0.000000,29.000000,1.000000,0.000000,0.000000,1.000000,0.000000,0.000000,0.000000,11.577236,2.000000,0.900000,0.900000,1.000000,1.000000,0.000000,0.063982,0.910200,0.932482,539.721308,0.505877,0.337251,1.000000,0.477544,644.122718,0.000000,False,False,False,0.998199,0.398695,0.996398,747,12,1.000000,0.333333
0.000000,0.000000,29.000000,1.000000,0.000000,0.000000,1.000000,0.000000,0.000000,0.000000,11.580675,2.000000,0.900000,0.900000,1.000000,1.000000,0.000000,0.057437,0.901999,0.935516,539.244744,0.505203,0.336802,1.000000,0.476564,643.796107,0.000000,False,False,False,0.878305,0.399928,0.756611,748,12,1.000000,0.250000
0.000000,0.000000,29.000000,1.000000,0.000000,0.000000,1.000000,0.000000,0.000000,0.000000,11.697804,2.000000,0.900000,0.900000,1.000000,1.000000,0.000000,0.082006,0.897772,0.913824,538.777432,0.505382,0.336922,1.000000,0.467312,643.460003,0.000000,False,False,False,0.873949,0.400893,0.747899,749,12,1.000000,0.250000
0.000000,0.000000,29.000000,1.000000,0.000000,0.000000,1.000000,0.000000,0.000000,0.000000,11.716010,2.000000,0.900000,0.900000,1.000000,1.000000,0.000000,0.072467,0.889132,0.923292,538.302749,0.506527,0.337685,1.000000,0.474683,643.086221,0.000000,False,False,False,0.959866,0.399807,0.919731,750,12,1.000000,0.333333
0.000000,0.000000,29.000000,1.000000,0.000000,0.000000,1.000000,0.000000,0.000000,0.000000,11.605646,2.000000,0.900000,0.900000,1.000000,1.000000,0.000000,0.155593,0.822633,0.841487,537.864540,0.506755,0.337837,1.000000,0.438209,642.735938,0.000000,False,False,False,0.964379,0.401695,0.928758,751,12,1.000000,0.333333
0.000000,0.000000,29.000000,1.000000,0.000000,0.000000,1.000000,0.000000,0.000000,0.000000,11.516756,2.000000,0.900000,0.900000,1.000000,1.000000,0.000000,0.076270,0.894344,0.912647,537.387691,0.506000,0.337333,1.000000,0.476849,642.409325,0.000000,False,False,False,0.884968,0.398601,0.769936,752,12,1.000000,0.250000
0.000000,0.000000,29.000000,1.000000,0.000000,0.000000,1.000000,0.000000,0.000000,0.000000,11.450356,2.000000,0.900000,0.900000,1.000000,1.000000,0.000000,0.110619,0.859491,0.879144,536.924394,0.506842,0.337895,1.000000,0.463298,642.056677,0.000000,False,False,False,0.956617,0.398703,0.913233,753,12,1.000000,0.250000
0.000000,0.000000,29.000000,1.000000,0.000000,0.000000,1.000000,0.000000,0.000000,0.000000,11.660386,2.000000,0.900000,0.900000,1.000000,1.000000,0.000000,0.055279,0.914489,0.942923,536.440277,0.506655,0.337770,1.000000,0.484116,641.695539,0.000000,False,False,False,0.934446,0.399705,0.868892,754,12,1.000000,0.333333
0.000000,0.000000,29.000000,1.000000,0.000000,0.000000,1.000000,0.000000,0.000000,0.000000,11.657486,2.000000,0.900000,0.900000,1.000000,1.000000,0.000000,0.091656,0.899466,0.920133,535.982024,0.507028,0.338019,1.000000,0.458253,641.344749,0.000000,False,False,False,0.970233,0.401383,0.940465,755,12,1.000000,0.333333
0.000000,0.000000,29.000000,1.000000,0.000000,0.000000,1.000000,0.000000,0.000000,0.000000,11.500574,2.000000,0.900000,0.900000,1.000000,1.000000,0.000000,0.076945,0.901460,0.912844,535.511606,0.506947,0.337965,1.000000,0.470418,641.022080,0.000000,False,False,False,0.955508,0.401612,0.911016,756,12,1.000000,0.333333
0.000000,0.000000,29.000000,1.000000,0.000000,0.000000,1.000000,0.000000,0.000000,0.000000,11.618878,2.000000,0.900000,0.900000,1.000000,1.000000,0.000000,0.110537,0.865203,0.874876,535.052092,0.506037,0.337358,1.000000,0.459515,640.653208,0.000000,False,False,False,0.890654,0.396077,0.781307,757,12,1.000000,0.333333
0.000000,0.000000,29.000000,1.000000,0.000000,0.000000,1.000000,0.000000,0.000000,0.000000,11.455653,2.000000,0.900000,0.900000,1.000000,1.000000,0.000000,0.104381,0.860006,0.879167,534.589839,0.506442,0.337628,1.000000,0.462253,640.287290,0.000000,False,False,False,0.922902,0.397487,0.845805,758,12,1.000000,0.250000
0.000000,0.000000,29.000000,1.000000,0.000000,0.000000,1.000000,0.000000,0.000000,0.000000,11.673947,2.000000,0.900000,0.900000,1.000000,1.000000,0.000000,0.092964,0.877671,0.900192,534.124919,0.506236,0.337491,1.000000,0.464919,639.918708,0.000000,False,False,False,0.898714,0.398788,0.797429,759,12,1.000000,0.250000
0.000000,0.000000,29.000000,1.000000,0.000000,0.000000,1.000000,0.000000,0.000000,0.000000,11.751159,2.000000,0.900000,0.900000,1.000000,1.000000,0.000000,0.077853,0.885303,0.918483,533.649284,0.507106,0.338071,1.000000,0.475635,639.583293,0.000000,False,False,False,0.970146,0.400936,0.940291,760,12,,0.000000
0.000000,0.000000,29.000000,1.000000,0.000000,0.000000,1.000000,0.000000,0.000000,0.000000,11.560706,2.000000,0.900000,0.900000,1.000000,1.000000,0.000000,0.100629,0.865052,0.889050,533.182840,0.506805,0.337870,1.000000,0.466444,639.253179,0.000000,False,False,False,0.948650,0.397668,0.897300,761,12,,0.000000
0.000000,0.000000,29.000000,1.000000,0.000000,0.000000,1.000000,0.000000,0.000000,0.000000,11.739144,2.000000,0.900000,0.900000,1.000000,1.000000,0.000000,0.090409,0.872156,0.905432,532.712177,0.506125,0.337416,1.000000,0.470663,638.969208,0.000000,False,False,False,0.878285,0.404156,0.756570,762,12,,0.000000
0.000000,0.000000,29.000000,1.000000,0.000000,0.000000,1.000000,0.000000,0.000000,0.000000,11.590464,2.000000,0.900000,0.900000,1.000000,1.000000,0.000000,0.036259,0.924282,0.958901,532.221084,0.506119,0.337412,1.000000,0.491093,638.685495,0.000000,False,False,False,0.865267,0.409863,0.730534,763,12,,0.000000
0.000000,0.000000,29.000000,1.000000,0.000000,0.000000,1.000000,0.000000,0.000000,0.000000,11.619921,2.000000,0.900000,0.900000,1.000000,1.000000,0.000000,0.034322,0.922595,0.963583,531.729270,0.506740,0.337827,1.000000,0.491814,638.383183,0.000000,False,False,False,0.933243,0.404920,0.866486,764,12,1.000000,0.333333
0.000000,0.000000,29.000000,1.000000,0.000000,0.000000,1.000000,0.000000,0.000000,0.000000,11.762253,2.000000,0.900000,0.900000,1.000000,1.000000,0.000000,0.058726,0.898420,0.934614,531.247841,0.507010,0.338006,1.000000,0.481429,638.025005,0.000000,False,False,False,0.972386,0.400234,0.944771,765,12,1.000000,0.333333
0.000000,0.000000,29.000000,1.000000,0.000000,0.000000,1.000000,0.000000,0.000000,0.000000,11.618811,2.000000,0.900000,0.900000,1.000000,1.000000,0.000000,0.091483,0.862258,0.899223,530.781671,0.506653,0.337769,1.000000,0.466169,637.649839,0.000000,False,False,False,0.944205,0.396744,0.888410,766,12,1.000000,0.333333
0.000000,0.000000,29.000000,1.000000,0.000000,0.000000,1.000000,0.000000,0.000000,0.000000,11.717980,2.000000,0.900000,0.900000,1.000000,1.000000,0.000000,0.083113,0.867177,0.902563,530.312575,0.506683,0.337789,1.000000,0.469097,637.308660,0.000000,False,False,False,0.939422,0.398583,0.878845,767,12,,0.000000
0.000000,0.000000,29.000000,1.000000,0.000000,0.000000,1.000000,0.000000,0.000000,0.000000,11.681680,2.000000,0.900000,0.900000,1.000000,1.000000,0.000000,0.062644,0.890133,0.928272,529.833888,0.505558,0.337039,1.000000,0.478687,636.985583,0.000000,False,False,False,0.819706,0.405076,0.639412,768,12,,0.000000
0.000000,0.000000,29.000000,1.000000,0.000000,0.000000,1.000000,0.000000,0.000000,0.000000,11.645540,2.000000,0.900000,0.900000,1.000000,1.000000,0.000000,0.093983,0.855589,0.900039,529.369747,0.506647,0.337765,1.000000,0.464141,636.651739,0.000000,False,False,False,0.926322,0.401135,0.852645,769,12,,0.000000
0.000000,0.000000,29.000000,1.000000,0.000000,0.000000,1.000000,0.000000,0.000000,0.000000,11.499775,2.000000,0.900000,0.900000,1.000000,1.000000,0.000000,0.107616,0.872059,0.892118,528.932895,0.493161,0.328774,1.000000,0.436851,636.326772,0.000000,False,False,False,0.876199,0.410611,0.752397,770,12,,0.000000
0.000000,0.000000,29.000000,1.000000,0.000000,0.000000,1.000000,0.000000,0.000000,0.000000,11.713357,2.000000,0.900000,0.900000,1.000000,1.000000,0.000000,0.085000,0.869374,0.906123,528.475149,0.498170,0.332113,1.000000,0.457746,635.984566,0.000000,False,False,False,0.942413,0.407530,0.884827,771,12,,0.000000
0.000000,0.000000,29.000000,1.000000,0.000000,0.000000,1.000000,0.000000,0.000000,0.000000,11.598284,2.000000,0.900000,0.900000,1.000000,1.000000,0.000000,0.118845,0.812338,0.881077,528.030544,0.501112,0.334074,1.000000,0.444605,635.646993,0.000000,False,False,False,0.944325,0.406373,0.888650,772,12,,0.000000
0.000000,0.000000,29.000000,1.000000,0.000000,0.000000,1.000000,0.000000,0.000000,0.000000,11.789966,2.000000,0.900000,0.900000,1.000000,1.000000,0.000000,0.133841,0.809743,0.866311,527.588583,0.501620,0.334414,1.000000,0.441961,635.357772,0.000000,False,False,False,0.772239,0.419971,0.544477,773,12,,0.000000
0.000000,0.000000,29.000000,1.000000,0.000000,0.000000,1.000000,0.000000,0.000000,0.000000,11.657412,2.000000,0.900000,0.900000,1.000000,1.000000,0.000000,0.098261,0.841000,0.887360,527.128631,0.503863,0.335909,1.000000,0.459952,635.024328,0.000000,False,False,False,0.876974,0.416035,0.753948,774,12,,0.000000
0.000000,0.000000,29.000000,1.000000,0.000000,0.000000,1.000000,0.000000,0.000000,0.000000,11.696981,2.000000,0.900000,0.900000,1.000000,1.000000,0.000000,0.078928,0.843672,0.914905,526.662043,0.505178,0.336785,1.000000,0.466588,634.676783,0.000000,False,False,False,0.930337,0.412336,0.860675,775,12,,0.000000
0.000000,0.000000,29.000000,1.000000,0.000000,0.000000,1.000000,0.000000,0.000000,0.000000,11.951558,2.000000,0.900000,0.900000,1.000000,1.000000,0.000000,0.073632,0.872081,0.928902,526.192395,0.505645,0.337097,1.000000,0.469648,634.327701,0.000000,False,False,False,0.899194,0.423188,0.798387,776,12,,0.000000
0.000000,0.000000,29.000000,1.000000,0.000000,0.000000,1.000000,0.000000,0.000000,0.000000,11.704449,2.000000,0.900000,0.900000,1.000000,1.000000,0.000000,0.050964,0.872475,0.942484,525.708033,0.506675,0.337783,1.000000,0.484361,633.989963,0.000000,False,False,False,0.954020,0.421152,0.908040,777,12,,0.000000
0.000000,0.000000,29.000000,1.000000,0.000000,0.000000,1.000000,0.000000,0.000000,0.000000,11.729219,2.000000,0.900000,0.900000,1.000000,1.000000,0.000000,0.078052,0.848295,0.925312,525.237171,0.507260,0.338173,1.000000,0.470862,633.630909,0.000000,False,False,False,0.996090,0.417299,0.992180,778,12,,0.000000
0.000000,0.000000,29.000000,1.000000,0.000000,0.000000,1.000000,0.000000,0.000000,0.000000,11.700166,2.000000,0.900000,0.900000,1.000000,1.000000,0.000000,0.111926,0.824179,0.885980,524.780242,0.507382,0.338255,1.000000,0.456929,633.267943,0.000000,False,False,False,0.998396,0.415416,0.996791,779,12,,0.000000
0.000000,0.000000,29.000000,1.000000,0.000000,0.000000,1.000000,0.000000,0.000000,0.000000,11.710657,2.000000,0.900000,0.900000,1.000000,1.000000,0.000000,0.096033,0.815131,0.895558,524.316118,0.506663,0.337775,1.000000,0.464124,632.911223,0.000000,False,False,False,0.933560,0.413616,0.867119,780,12,,0.000000
0.000000,0.000000,29.000000,1.000000,0.000000,0.000000,1.000000,0.000000,0.000000,0.000000,11.583703,2.000000,0.900000,0.900000,1.000000,1.000000,0.000000,0.107309,0.821737,0.884164,523.857998,0.506123,0.337415,1.000000,0.458120,632.575343,0.000000,False,False,False,0.847566,0.424272,0.695131,781,12,,0.000000
0.000000,0.000000,29.000000,1.000000,0.000000,0.000000,1.000000,0.000000,0.000000,0.000000,11.739682,2.000000,0.900000,0.900000,1.000000,1.000000,0.000000,0.060022,0.894787,0.941245,523.395490,0.493755,0.329170,1.000000,0.462508,632.229698,0.000000,False,False,False,0.922211,0.421690,0.844423,782,12,,0.000000
0.000000,0.000000,29.000000,1.000000,0.000000,0.000000,1.000000,0.000000,0.000000,0.000000,11.698334,2.000000,0.900000,0.900000,1.000000,1.000000,0.000000,0.053140,0.883214,0.944903,522.922381,0.498972,0.332648,1.000000,0.473108,631.877430,0.000000,False,False,False,0.997568,0.418445,0.995137,783,12,,0.000000
0.000000,0.000000,29.000000,1.000000,0.000000,0.000000,1.000000,0.000000,0.000000,0.000000,11.816977,2.000000,0.900000,0.900000,1.000000,1.000000,0.000000,0.077832,0.845700,0.918520,522.456024,0.501138,0.334092,1.000000,0.466358,631.532484,0.000000,False,False,False,0.933830,0.415238,0.867660,784,12,,0.000000
0.000000,0.000000,29.000000,1.000000,0.000000,0.000000,1.000000,0.000000,0.000000,0.000000,11.684168,2.000000,0.900000,0.900000,1.000000,1.000000,0.000000,0.052534,0.845948,0.938304,521.983791,0.502426,0.334951,1.000000,0.472232,631.204903,0.000000,False,False,False,0.843041,0.427126,0.686083,785,12,,0.000000
0.000000,0.000000,29.000000,1.000000,0.000000,0.000000,1.000000,0.000000,0.000000,0.000000,11.573634,2.000000,0.900000,0.900000,1.000000,1.000000,0.000000,0.113833,0.809036,0.873131,521.531183,0.504726,0.336484,1.000000,0.452608,630.845728,0.000000,False,False,False,0.948834,0.422886,0.897668,786,12,,0.000000
0.000000,0.000000,29.000000,1.000000,0.000000,0.000000,1.000000,0.000000,0.000000,0.000000,11.848247,2.000000,0.900000,0.900000,1.000000,1.000000,0.000000,0.160319,0.812592,0.830116,521.065872,0.505850,0.337233,1.000000,0.465311,630.500005,0.000000,False,False,False,0.966365,0.421933,0.932729,787,12,,0.000000
0.000000,0.000000,29.000000,1.000000,0.000000,0.000000,1.000000,0.000000,0.000000,0.000000,11.654892,2.000000,0.900000,0.900000,1.000000,1.000000,0.000000,0.150317,0.834974,0.843260,520.600803,0.505820,0.337214,1.000000,0.465069,630.153178,0.000000,False,False,False,0.916360,0.421341,0.832720,788,12,,0.000000
0.000000,0.000000,29.000000,1.000000,0.000000,0.000000,1.000000,0.000000,0.000000,0.000000,11.670548,2.000000,0.900000,0.900000,1.000000,1.000000,0.000000,0.115781,0.855037,0.877990,520.124015,0.506262,0.337508,1.000000,0.476788,629.814042,0.000000,False,False,False,0.924398,0.418158,0.848796,789,12,,0.000000
0.000000,0.000000,29.000000,1.000000,0.000000,0.000000,1.000000,0.000000,0.000000,0.000000,11.848862,2.000000,0.900000,0.900000,1.000000,1.000000,0.000000,0.113193,0.851611,0.891536,519.654864,0.506911,0.337941,1.000000,0.469151,629.460510,0.000000,False,False,False,0.972641,0.414140,0.945282,790,12,,0.000000
0.000000,0.000000,29.000000,1.000000,0.000000,0.000000,1.000000,0.000000,0.000000,0.000000,11.538152,2.000000,0.900000,0.900000,1.000000,1.000000,0.000000,0.177222,0.821771,0.830600,519.214869,0.507319,0.338213,1.000000,0.439996,629.108942,0.000000,False,False,False,0.996761,0.412231,0.993523,791,12,,0.000000
0.000000,0.000000,29.000000,1.000000,0.000000,0.000000,1.000000,0.000000,0.000000,0.000000,11.821145,2.000000,0.900000,0.900000,1.000000,1.000000,0.000000,0.162772,0.835305,0.835951,518.758006,0.507050,0.338034,1.000000,0.456863,628.753513,0.000000,False,False,False,0.972809,0.409372,0.945618,792,12,,0.000000
0.000000,0.000000,29.000000,1.000000,0.000000,0.000000,1.000000,0.000000,0.000000,0.000000,11.704380,2.000000,0.900000,0.900000,1.000000,1.000000,0.000000,0.168777,0.824974,0.825070,518.301831,0.506704,0.337803,1.000000,0.456175,628.412048,0.000000,False,False,False,0.934220,0.407419,0.868440,793,12,,0.000000
0.000000,0.000000,29.000000,1.000000,0.000000,0.000000,1.000000,0.000000,0.000000,0.000000,11.787157,2.000000,0.900000,0.900000,1.000000,1.000000,0.000000,0.173781,0.821817,0.826219,517.846332,0.505575,0.337050,1.000000,0.455500,628.093197,0.000000,False,False,False,0.801262,0.417958,0.602523,794,12,,0.000000
0.000000,0.000000,29.000000,1.000000,0.000000,0.000000,1.000000,0.000000,0.000000,0.000000,11.558027,2.000000,0.900000,0.900000,1.000000,1.000000,0.000000,0.158834,0.878445,0.875656,517.395451,0.507148,0.338098,1.000000,0.450881,627.760957,0.000000,False,False,False,0.949042,0.414040,0.898084,795,12,,0.000000
0.000000,0.000000,29.000000,1.000000,0.000000,0.000000,1.000000,0.000000,0.000000,0.000000,11.678574,2.000000,0.900000,0.900000,1.000000,1.000000,0.000000,0.150629,0.853653,0.850851,516.996296,0.507463,0.338309,1.000000,0.399155,627.400704,0.000000,False,False,False,0.994436,0.409357,0.988871,796,12,,0.000000
0.000000,0.000000,29.000000,1.000000,0.000000,0.000000,1.000000,0.000000,0.000000,0.000000,11.874666,2.000000,0.900000,0.900000,1.000000,1.000000,0.000000,0.158384,0.842513,0.833523,516.563375,0.507206,0.338137,1.000000,0.432921,627.053816,0.000000,False,False,False,0.940999,0.419655,0.881997,797,12,,0.000000
0.000000,0.000000,29.000000,1.000000,0.000000,0.000000,1.000000,0.000000,0.000000,0.000000,11.492757,2.000000,0.900000,0.900000,1.000000,1.000000,0.000000,0.179391,0.817773,0.805922,516.128085,0.506547,0.337698,1.000000,0.435290,626.693345,0.000000,False,False,False,0.902251,0.419542,0.804502,798,12,,0.000000
0.000000,0.000000,29.000000,1.000000,0.000000,0.000000,1.000000,0.000000,0.000000,0.000000,11.789856,2.000000,0.900000,0.900000,1.000000,1.000000,0.000000,0.134220,0.855264,0.862262,515.666819,0.506814,0.337876,1.000000,0.461266,626.357084,0.000000,False,False,False,0.908311,0.416805,0.816622,799,12,,0.000000
0.000000,0.000000,29.000000,1.000000,0.000000,0.000000,1.000000,0.000000,0.000000,0.000000,11.586554,2.000000,0.900000,0.900000,1.000000,1.000000,0.000000,0.134462,0.880541,0.893073,515.208029,0.506662,0.337775,1.000000,0.458790,626.012591,0.000000,False,False,False,0.902261,0.415954,0.804521,800,12,,0.000000
0.000000,0.000000,29.000000,1.000000,0.000000,0.000000,1.000000,0.000000,0.000000,0.000000,11.831978,2.000000,0.900000,0.900000,1.000000,1.000000,0.000000,0.161539,0.887971,0.902024,514.799397,0.506753,0.337835,1.000000,0.408632,625.657570,0.000000,False,False,False,0.925256,0.412729,0.850512,801,12,,0.000000
0.000000,0.000000,29.000000,1.000000,0.000000,0.000000,1.000000,0.000000,0.000000,0.000000,11.721933,2.000000,0.900000,0.900000,1.000000,1.000000,0.000000,0.155403,0.894381,0.910265,514.412581,0.506327,0.337552,1.000000,0.386816,625.333665,0.000000,False,False,False,0.838700,0.427755,0.677399,802,12,,0.000000
0.000000,0.000000,29.000000,1.000000,0.000000,0.000000,1.000000,0.000000,0.000000,0.000000,11.549221,2.000000,0.900000,0.900000,1.000000,1.000000,0.000000,0.179988,0.877988,0.877413,514.042609,0.506674,0.337783,1.000000,0.369972,624.997758,0.000000,False,False,False,0.881621,0.423411,0.763243,803,12,,0.000000
0.000000,0.000000,29.000000,1.000000,0.000000,0.000000,1.000000,0.000000,0.000000,0.000000,11.767970,2.000000,0.900000,0.900000,1.000000,1.000000,0.000000,0.154139,0.899627,0.912708,513.661589,0.506666,0.337777,1.000000,0.381020,624.657147,0.000000,False,False,False,0.855693,0.437327,0.711386,804,12,,0.000000
0.000000,0.000000,29.000000,1.000000,0.000000,0.000000,1.000000,0.000000,0.000000,0.000000,11.579574,2.000000,0.900000,0.900000,1.000000,1.000000,0.000000,0.169260,0.884070,0.893505,513.289121,0.507787,0.338525,1.000000,0.372468,624.293928,0.000000,False,False,False,0.959526,0.434840,0.919053,805,12,,0.000000
0.000000,0.000000,29.000000,1.000000,0.000000,0.000000,1.000000,0.000000,0.000000,0.000000,11.767218,2.000000,0.900000,0.900000,1.000000,1.000000,0.000000,0.148380,0.905759,0.920790,512.909380,0.507589,0.338393,1.000000,0.379741,623.932418,0.000000,False,False,False,0.942114,0.435404,0.884228,806,12,,0.000000
0.000000,0.000000,29.000000,1.000000,0.000000,0.000000,1.000000,0.000000,0.000000,0.000000,11.776705,2.000000,0.900000,0.900000,1.000000,1.000000,0.000000,0.134676,0.917091,0.929398,512.524609,0.508144,0.338763,1.000000,0.384771,623.564704,0.000000,False,False,False,0.993054,0.433318,0.986109,807,12,,0.000000
0.000000,0.000000,29.000000,1.000000,0.000000,0.000000,1.000000,0.000000,0.000000,0.000000,11.578749,2.000000,0.900000,0.900000,1.000000,1.000000,0.000000,0.184703,0.899575,0.893619,512.148439,0.507698,0.338465,1.000000,0.376171,623.230834,0.000000,False,False,False,0.956751,0.431678,0.913501,808,12,,0.000000
0.000000,0.000000,29.000000,1.000000,0.000000,0.000000,1.000000,0.000000,0.000000,0.000000,11.630630,2.000000,0.900000,0.900000,1.000000,1.000000,0.000000,0.214011,0.863223,0.875247,511.827604,0.507417,0.338278,1.000000,0.320835,622.864000,0.000000,False,False,False,0.951589,0.426966,0.903179,809,12,,0.000000
0.000000,0.000000,29.000000,1.000000,0.000000,0.000000,1.000000,0.000000,0.000000,0.000000,11.598701,2.000000,0.900000,0.900000,1.000000,1.000000,0.000000,0.207638,0.876479,0.876419,511.493227,0.507318,0.338212,1.000000,0.334376,622.520752,0.000000,False,False,False,0.934228,0.425417,0.868455,810,12,,0.000000
0.000000,0.000000,29.000000,1.000000,0.000000,0.000000,1.000000,0.000000,0.000000,0.000000,11.806327,2.000000,0.900000,0.900000,1.000000,1.000000,0.000000,0.178037,0.900220,0.912114,511.159433,0.507130,0.338087,1.000000,0.333794,622.163218,0.000000,False,False,False,0.934580,0.421882,0.869159,811,12,,0.000000
0.000000,0.000000,29.000000,1.000000,0.000000,0.000000,1.000000,0.000000,0.000000,0.000000,11.785342,2.000000,0.900000,0.900000,1.000000,1.000000,0.000000,0.215837,0.865183,0.878244,510.831134,0.506967,0.337978,1.000000,0.328299,621.809635,0.000000,False,False,False,0.925216,0.419305,0.850433,812,12,,0.000000
0.000000,0.000000,29.000000,1.000000,0.000000,0.000000,1.000000,0.000000,0.000000,0.000000,11.840395,2.000000,0.900000,0.900000,1.000000,1.000000,0.000000,0.152468,0.919756,0.933003,510.500608,0.506370,0.337580,1.000000,0.330527,621.465571,0.000000,False,False,False,0.877511,0.417243,0.755022,813,12,,0.000000
0.000000,0.000000,29.000000,1.000000,0.000000,0.000000,1.000000,0.000000,0.000000,0.000000,11.775787,2.000000,0.900000,0.900000,1.000000,1.000000,0.000000,0.204189,0.873919,0.885103,510.166469,0.507537,0.338358,1.000000,0.334139,621.134057,0.000000,False,False,False,0.980701,0.414432,0.961402,814,12,,0.000000
0.000000,0.000000,29.000000,1.000000,0.000000,0.000000,1.000000,0.000000,0.000000,0.000000,11.727838,2.000000,0.900000,0.900000,1.000000,1.000000,0.000000,0.166305,0.894378,0.906721,509.842668,0.506888,0.337925,1.000000,0.323800,620.801596,0.000000,False,False,False,0.919649,0.413629,0.839299,815,12,,0.000000
0.000000,0.000000,29.000000,1.000000,0.000000,0.000000,1.000000,0.000000,0.000000,0.000000,11.748478,2.000000,0.900000,0.900000,1.000000,1.000000,0.000000,0.184021,0.892234,0.917802,509.499567,0.507602,0.338401,1.000000,0.343102,620.453585,0.000000,False,False,False,0.998192,0.409114,0.996384,816,12,,0.000000
0.000000,0.000000,29.000000,1.000000,0.000000,0.000000,1.000000,0.000000,0.000000,0.000000,11.605764,2.000000,0.900000,0.900000,1.000000,1.000000,0.000000,0.179272,0.886743,0.905654,509.179172,0.506282,0.337521,1.000000,0.320395,620.121390,0.000000,False,False,False,0.879072,0.408540,0.758143,817,12,,0.000000
0.000000,0.000000,29.000000,1.000000,0.000000,0.000000,1.000000,0.000000,0.000000,0.000000,11.738375,2.000000,0.900000,0.900000,1.000000,1.000000,0.000000,0.175325,0.897885,0.933127,508.836553,0.506545,0.337697,1.000000,0.342618,619.783639,0.000000,False,False,False,0.883583,0.418208,0.767167,818,12,,0.000000
0.000000,0.000000,29.000000,1.000000,0.000000,0.000000,1.000000,0.000000,0.000000,0.000000,11.499410,2.000000,0.900000,0.900000,1.000000,1.000000,0.000000,0.173853,0.887793,0.907161,508.515872,0.507064,0.338042,1.000000,0.320682,619.428959,0.000000,False,False,False,0.943100,0.414980,0.886201,819,12,,0.000000
0.000000,0.000000,29.000000,1.000000,0.000000,0.000000,1.000000,0.000000,0.000000,0.000000,11.776001,2.000000,0.900000,0.900000,1.000000,1.000000,0.000000,0.200563,0.867389,0.886602,508.180766,0.507574,0.338383,1.000000,0.335106,619.087519,0.000000,False,False,False,0.983241,0.414028,0.966482,820,12,,0.000000
0.000000,0.000000,29.000000,1.000000,0.000000,0.000000,1.000000,0.000000,0.000000,0.000000,11.718860,2.000000,0.900000,0.900000,1.000000,1.000000,0.000000,0.158295,0.895760,0.931193,507.845473,0.507002,0.338001,1.000000,0.335293,618.745487,0.000000,False,False,False,0.939995,0.410604,0.879991,821,12,,0.000000
0.000000,0.000000,29.000000,1.000000,0.000000,0.000000,1.000000,0.000000,0.000000,0.000000,11.707625,2.000000,0.900000,0.900000,1.000000,1.000000,0.000000,0.184920,0.880171,0.911204,507.509280,0.506187,0.337458,1.000000,0.336193,618.407673,0.000000,False,False,False,0.873799,0.409813,0.747599,822,12,,0.000000
0.000000,0.000000,29.000000,1.000000,0.000000,0.000000,1.000000,0.000000,0.000000,0.000000,11.521108,2.000000,0.900000,0.900000,1.000000,1.000000,0.000000,0.167036,0.876811,0.923223,507.178375,0.506671,0.337781,1.000000,0.330906,618.070748,0.000000,False,False,False,0.891411,0.419065,0.782823,823,12,,0.000000
0.000000,0.000000,29.000000,1.000000,0.000000,0.000000,1.000000,0.000000,0.000000,0.000000,11.807187,2.000000,0.900000,0.900000,1.000000,1.000000,0.000000,0.184843,0.859562,0.927112,506.841398,0.507160,0.338106,1.000000,0.336976,617.715946,0.000000,False,False,False,0.948278,0.416011,0.896555,824,12,,0.000000
0.000000,0.000000,29.000000,1.000000,0.000000,0.000000,1.000000,0.000000,0.000000,0.000000,11.808148,2.000000,0.900000,0.900000,1.000000,1.000000,0.000000,0.158079,0.868988,0.931215,506.512365,0.506555,0.337703,1.000000,0.329033,617.368128,0.000000,False,False,False,0.902120,0.413928,0.804241,825,12,,0.000000
0.000000,0.000000,29.000000,1.000000,0.000000,0.000000,1.000000,0.000000,0.000000,0.000000,11.672897,2.000000,0.900000,0.900000,1.000000,1.000000,0.000000,0.199951,0.827246,0.911052,506.175088,0.507290,0.338194,1.000000,0.337277,617.041068,0.000000,False,False,False,0.967934,0.409641,0.935868,826,12,,0.000000
0.000000,0.000000,29.000000,1.000000,0.000000,0.000000,1.000000,0.000000,0.000000,0.000000,11.508604,2.000000,0.900000,0.900000,1.000000,1.000000,0.000000,0.180875,0.816616,0.882284,505.860271,0.506444,0.337629,1.000000,0.314817,616.693865,0.000000,False,False,False,0.913415,0.404864,0.826831,827,12,,0.000000
0.000000,0.000000,29.000000,1.000000,0.000000,0.000000,1.000000,0.000000,0.000000,0.000000,11.807839,2.000000,0.900000,0.900000,1.000000,1.000000,0.000000,0.185203,0.821501,0.910931,505.515746,0.507084,0.338056,1.000000,0.344525,616.348684,0.000000,False,False,False,0.934328,0.416934,0.868655,828,12,,0.000000
0.000000,0.000000,29.000000,1.000000,0.000000,0.000000,1.000000,0.000000,0.000000,0.000000,11.787655,2.000000,0.900000,0.900000,1.000000,1.000000,0.000000,0.152685,0.827178,0.934324,505.186682,0.507228,0.338152,1.000000,0.329064,616.001059,0.000000,False,False,False,0.954993,0.413616,0.909987,829,12,,0.000000
0.000000,0.000000,29.000000,1.000000,0.000000,0.000000,1.000000,0.000000,0.000000,0.000000,11.673555,2.000000,0.900000,0.900000,1.000000,1.000000,0.000000,0.181803,0.811550,0.900091,504.843639,0.506976,0.337984,1.000000,0.343043,615.681476,0.000000,False,False,False,0.930160,0.412910,0.860320,830,12,,0.000000
0.000000,0.000000,29.000000,1.000000,0.000000,0.000000,1.000000,0.000000,0.000000,0.000000,11.603737,2.000000,0.900000,0.900000,1.000000,1.000000,0.000000,0.181631,0.779493,0.897252,504.523975,0.506835,0.337890,1.000000,0.319665,615.343288,0.000000,False,False,False,0.931836,0.407233,0.863673,831,12,,0.000000
0.000000,0.000000,29.000000,1.000000,0.000000,0.000000,1.000000,0.000000,0.000000,0.000000,11.597270,2.000000,0.900000,0.900000,1.000000,1.000000,0.000000,0.179214,0.801306,0.917356,504.179268,0.506401,0.337601,1.000000,0.344707,614.984954,0.000000,False,False,False,0.920109,0.406064,0.840219,832,12,,0.000000
0.000000,0.000000,29.000000,1.000000,0.000000,0.000000,1.000000,0.000000,0.000000,0.000000,11.837109,2.000000,0.900000,0.900000,1.000000,1.000000,0.000000,0.133869,0.807638,0.964236,503.840832,0.506580,0.337720,1.000000,0.338436,614.639561,0.000000,False,False,False,0.896448,0.416328,0.792897,833,12,,0.000000
0.000000,0.000000,29.000000,1.000000,0.000000,0.000000,1.000000,0.000000,0.000000,0.000000,11.792012,2.000000,0.900000,0.900000,1.000000,1.000000,0.000000,0.187388,0.773436,0.921444,503.499723,0.507017,0.338012,1.000000,0.341108,614.286447,0.000000,False,False,False,0.942188,0.413413,0.884377,834,12,,0.000000
0.000000,0.000000,29.000000,1.000000,0.000000,0.000000,1.000000,0.000000,0.000000,0.000000,11.719029,2.000000,0.900000,0.900000,1.000000,1.000000,0.000000,0.196722,0.732869,0.884392,503.188612,0.506681,0.337787,1.000000,0.311111,613.941247,0.000000,False,False,False,0.914137,0.411772,0.828273,835,12,,0.000000
0.000000,0.000000,29.000000,1.000000,0.000000,0.000000,1.000000,0.000000,0.000000,0.000000,11.686932,2.000000,0.900000,0.900000,1.000000,1.000000,0.000000,0.226569,0.716615,0.866423,502.861561,0.507561,0.338374,1.000000,0.327051,613.589760,0.000000,False,False,False,0.995717,0.409138,0.991433,836,12,,0.000000
0.000000,0.000000,29.000000,1.000000,0.000000,0.000000,1.000000,0.000000,0.000000,0.000000,11.703567,2.000000,0.900000,0.900000,1.000000,1.000000,0.000000,0.157271,0.756342,0.933421,502.534697,0.506262,0.337508,1.000000,0.326864,613.243947,0.000000,False,False,False,0.894165,0.407109,0.788329,837,12,,0.000000
0.000000,0.000000,29.000000,1.000000,0.000000,0.000000,1.000000,0.000000,0.000000,0.000000,11.647466,2.000000,0.900000,0.900000,1.000000,1.000000,0.000000,0.181982,0.753273,0.925085,502.195807,0.507109,0.338073,1.000000,0.338890,612.888453,0.000000,False,False,False,0.936894,0.419760,0.873789,838,12,,0.000000
0.000000,0.000000,29.000000,1.000000,0.000000,0.000000,1.000000,0.000000,0.000000,0.000000,11.692267,2.000000,0.900000,0.900000,1.000000,1.000000,0.000000,0.154372,0.746430,0.943434,501.862304,0.506852,0.337901,1.000000,0.333503,612.519075,0.000000,False,False,False,0.935740,0.418619,0.871479,839,12,,0.000000
0.000000,0.000000,29.000000,1.000000,0.000000,0.000000,1.000000,0.000000,0.000000,0.000000,11.499838,2.000000,0.900000,0.900000,1.000000,1.000000,0.000000,0.191849,0.733052,0.904380,501.527438,0.507356,0.338237,1.000000,0.334866,612.170652,0.000000,False,False,False,0.959030,0.416767,0.918060,840,12,,0.000000
0.000000,0.000000,29.000000,1.000000,0.000000,0.000000,1.000000,0.000000,0.000000,0.000000,11.787533,2.000000,0.900000,0.900000,1.000000,1.000000,0.000000,0.185031,0.714759,0.913241,501.207754,0.506289,0.337526,1.000000,0.319684,611.817957,0.000000,False,False,False,0.888287,0.414444,0.776575,841,12,,0.000000
0.000000,0.000000,29.000000,1.000000,0.000000,0.000000,1.000000,0.000000,0.000000,0.000000,11.457751,2.000000,0.900000,0.900000,1.000000,1.000000,0.000000,0.230688,0.684040,0.850984,500.886233,0.507053,0.338036,1.000000,0.321521,611.468502,0.000000,False,False,False,0.947272,0.411481,0.894543,842,12,,0.000000
0.000000,0.000000,29.000000,1.000000,0.000000,0.000000,1.000000,0.000000,0.000000,0.000000,11.722677,2.000000,0.900000,0.900000,1.000000,1.000000,0.000000,0.172315,0.719940,0.913903,500.559831,0.507511,0.338341,1.000000,0.326401,611.121254,0.000000,False,False,False,0.989545,0.409377,0.979089,843,12,,0.000000
0.000000,0.000000,29.000000,1.000000,0.000000,0.000000,1.000000,0.000000,0.000000,0.000000,11.715580,2.000000,0.900000,0.900000,1.000000,1.000000,0.000000,0.216339,0.697752,0.875203,500.234344,0.506546,0.337697,1.000000,0.325488,610.762643,0.000000,False,False,False,0.926815,0.408099,0.853629,844,12,,0.000000
0.000000,0.000000,29.000000,1.000000,0.000000,0.000000,1.000000,0.000000,0.000000,0.000000,11.801061,2.000000,0.900000,0.900000,1.000000,1.000000,0.000000,0.209047,0.682084,0.867084,499.923546,0.506011,0.337341,1.000000,0.310798,610.445566,0.000000,False,False,False,0.826788,0.419241,0.653576,845,12,,0.000000
0.000000,0.000000,29.000000,1.000000,0.000000,0.000000,1.000000,0.000000,0.000000,0.000000,11.529955,2.000000,0.900000,0.900000,1.000000,1.000000,0.000000,0.194044,0.714902,0.890273,499.585140,0.507156,0.338104,1.000000,0.338406,610.115445,0.000000,False,False,False,0.938867,0.416172,0.877734,846,12,,0.000000
0.000000,0.000000,29.000000,1.000000,0.000000,0.000000,1.000000,0.000000,0.000000,0.000000,11.617022,2.000000,0.900000,0.900000,1.000000,1.000000,0.000000,0.256145,0.635263,0.819632,499.297157,0.507430,0.338287,1.000000,0.287983,609.765835,0.000000,False,False,False,0.948970,0.424166,0.897940,847,12,,0.000000
0.000000,0.000000,29.000000,1.000000,0.000000,0.000000,1.000000,0.000000,0.000000,0.000000,11.605612,2.000000,0.900000,0.900000,1.000000,1.000000,0.000000,0.184817,0.726320,0.905306,498.956921,0.507211,0.338140,1.000000,0.340237,609.412021,0.000000,False,False,False,0.940202,0.421297,0.880403,848,12,,0.000000
0.000000,0.000000,29.000000,1.000000,0.000000,0.000000,1.000000,0.000000,0.000000,0.000000,11.637214,2.000000,0.900000,0.900000,1.000000,1.000000,0.000000,0.174402,0.716723,0.917822,498.632809,0.506903,0.337935,1.000000,0.324112,609.056755,0.000000,False,False,False,0.924545,0.418592,0.849090,849,12,,0.000000
0.000000,0.000000,29.000000,1.000000,0.000000,0.000000,1.000000,0.000000,0.000000,0.000000,11.568139,2.000000,0.900000,0.900000,1.000000,1.000000,0.000000,0.164381,0.741899,0.933441,498.287532,0.506799,0.337866,1.000000,0.345276,608.719718,0.000000,False,False,False,0.875778,0.431920,0.751557,850,12,,0.000000
0.000000,0.000000,29.000000,1.000000,0.000000,0.000000,1.000000,0.000000,0.000000,0.000000,11.656084,2.000000,0.900000,0.900000,1.000000,1.000000,0.000000,0.168535,0.723308,0.920818,497.958671,0.507258,0.338172,1.000000,0.328862,608.343744,0.000000,False,False,False,0.948561,0.428353,0.897122,851,12,,0.000000
0.000000,0.000000,29.000000,1.000000,0.000000,0.000000,1.000000,0.000000,0.000000,0.000000,11.512795,2.000000,0.900000,0.900000,1.000000,1.000000,0.000000,0.172318,0.732082,0.920888,497.614378,0.507315,0.338210,1.000000,0.344293,608.010360,0.000000,False,False,False,0.929940,0.426959,0.859880,852,12,,0.000000
0.000000,0.000000,29.000000,1.000000,0.000000,0.000000,1.000000,0.000000,0.000000,0.000000,11.841897,2.000000,0.900000,0.900000,1.000000,1.000000,0.000000,0.141415,0.751368,0.947388,497.272128,0.507378,0.338252,1.000000,0.342250,607.663589,0.000000,False,False,False,0.939166,0.426231,0.878332,853,12,,0.000000
0.000000,0.000000,29.000000,1.000000,0.000000,0.000000,1.000000,0.000000,0.000000,0.000000,11.730773,2.000000,0.900000,0.900000,1.000000,1.000000,0.000000,0.162537,0.736521,0.926226,496.927214,0.507688,0.338459,1.000000,0.344913,607.319199,0.000000,False,False,False,0.972610,0.423216,0.945221,854,12,,0.000000
0.000000,0.000000,29.000000,1.000000,0.000000,0.000000,1.000000,0.000000,0.000000,0.000000,11.577987,2.000000,0.900000,0.900000,1.000000,1.000000,0.000000,0.210971,0.673618,0.861164,496.618077,0.506670,0.337780,1.000000,0.309137,606.963048,0.000000,False,False,False,0.907308,0.419646,0.814615,855,12,,0.000000
0.000000,0.000000,29.000000,1.000000,0.000000,0.000000,1.000000,0.000000,0.000000,0.000000,11.740479,2.000000,0.900000,0.900000,1.000000,1.000000,0.000000,0.172857,0.722684,0.922196,496.276715,0.506872,0.337915,1.000000,0.341362,606.642537,0.000000,False,False,False,0.880839,0.431028,0.761679,856,12,,0.000000
0.000000,0.000000,29.000000,1.000000,0.000000,0.000000,1.000000,0.000000,0.000000,0.000000,11.807858,2.000000,0.900000,0.900000,1.000000,1.000000,0.000000,0.179025,0.705244,0.895045,495.953061,0.507544,0.338362,1.000000,0.323653,606.296341,0.000000,False,False,False,0.954262,0.425706,0.908524,857,12,,0.000000
0.000000,0.000000,29.000000,1.000000,0.000000,0.000000,1.000000,0.000000,0.000000,0.000000,11.780351,2.000000,0.900000,0.900000,1.000000,1.000000,0.000000,0.181355,0.713737,0.903709,495.613236,0.507131,0.338087,1.000000,0.339825,605.967415,0.000000,False,False,False,0.913159,0.426848,0.826319,858,12,,0.000000
0.000000,0.000000,29.000000,1.000000,0.000000,0.000000,1.000000,0.000000,0.000000,0.000000,11.776855,2.000000,0.900000,0.900000,1.000000,1.000000,0.000000,0.161196,0.799565,0.863188,495.278531,0.507335,0.338224,1.000000,0.334705,605.589076,0.000000,False,False,False,0.970648,0.421984,0.941295,859,12,,0.000000
0.000000,0.000000,29.000000,1.000000,0.000000,0.000000,1.000000,0.000000,0.000000,0.000000,11.656787,2.000000,0.900000,0.900000,1.000000,1.000000,0.000000,0.217019,0.758921,0.808606,494.939926,0.507166,0.338111,1.000000,0.338605,605.268768,0.000000,False,False,False,0.932921,0.420501,0.865842,860,12,,0.000000
0.000000,0.000000,29.000000,1.000000,0.000000,0.000000,1.000000,0.000000,0.000000,0.000000,11.747553,2.000000,0.900000,0.900000,1.000000,1.000000,0.000000,0.148483,0.784863,0.853153,494.648301,0.507307,0.338205,1.000000,0.291625,604.940009,0.000000,False,False,False,0.956504,0.415094,0.913009,861,12,,0.000000
0.000000,0.000000,29.000000,1.000000,0.000000,0.000000,1.000000,0.000000,0.000000,0.000000,11.814976,2.000000,0.900000,0.900000,1.000000,1.000000,0.000000,0.216676,0.871451,0.915685,494.206223,0.506785,0.337857,1.000000,0.442077,604.605220,0.000000,False,False,False,0.919303,0.410465,0.838606,862,12,,0.000000
0.000000,0.000000,29.000000,1.000000,0.000000,0.000000,1.000000,0.000000,0.000000,0.000000,11.724294,2.000000,0.900000,0.900000,1.000000,1.000000,0.000000,0.092818,0.785868,0.903129,494.032389,0.506800,0.337866,1.000000,0.173834,604.264231,0.000000,False,False,False,0.924705,0.410120,0.849409,863,12,,0.000000
0.000000,0.000000,29.000000,1.000000,0.000000,0.000000,1.000000,0.000000,0.000000,0.000000,11.874352,2.000000,0.900000,0.900000,1.000000,1.000000,0.000000,0.238336,0.855819,0.953294,493.548969,0.506415,0.337610,1.000000,0.483421,603.900874,0.000000,False,False,False,0.895935,0.421383,0.791870,864,12,,0.000000
0.000000,0.000000,29.000000,1.000000,0.000000,0.000000,1.000000,0.000000,0.000000,0.000000,11.869388,2.000000,0.900000,0.900000,1.000000,1.000000,0.000000,0.094969,0.786385,0.909760,493.383114,0.507376,0.338251,1.000000,0.165854,603.537975,0.000000,False,False,False,0.965322,0.418848,0.930644,865,12,,0.000000
0.000000,0.000000,29.000000,1.000000,0.000000,0.000000,1.000000,0.000000,0.000000,0.000000,11.655966,2.000000,0.900000,0.900000,1.000000,1.000000,0.000000,0.271005,0.838410,0.924208,492.906245,0.506890,0.337927,1.000000,0.476869,603.176999,0.000000,False,False,False,0.930508,0.418322,0.861016,866,12,,0.000000
0.000000,0.000000,29.000000,1.000000,0.000000,0.000000,1.000000,0.000000,0.000000,0.000000,11.857561,2.000000,0.900000,0.900000,1.000000,1.000000,0.000000,0.069927,0.796365,0.922765,492.733047,0.507181,0.338121,1.000000,0.173198,602.830557,0.000000,False,False,False,0.944433,0.416622,0.888867,867,12,,0.000000
0.000000,0.000000,29.000000,1.000000,0.000000,0.000000,1.000000,0.000000,0.000000,0.000000,11.533814,2.000000,0.900000,0.900000,1.000000,1.000000,0.000000,0.303305,0.823357,0.898918,492.272268,0.506718,0.337812,1.000000,0.460780,602.472098,0.000000,False,False,False,0.922426,0.415672,0.844853,868,12,,0.000000
0.000000,0.000000,29.000000,1.000000,0.000000,0.000000,1.000000,0.000000,0.000000,0.000000,11.834354,2.000000,0.900000,0.900000,1.000000,1.000000,0.000000,0.062055,0.782191,0.937194,492.098849,0.507052,0.338034,1.000000,0.173419,602.156139,0.000000,False,False,False,0.935222,0.415000,0.870444,869,12,,0.000000
0.000000,0.000000,29.000000,1.000000,0.000000,0.000000,1.000000,0.000000,0.000000,0.000000,11.609293,2.000000,0.900000,0.900000,1.000000,1.000000,0.000000,0.293696,0.823118,0.898489,491.637671,0.506334,0.337556,1.000000,0.461177,601.809475,0.000000,False,False,False,0.897222,0.409390,0.794444,870,12,,0.000000
0.000000,0.000000,29.000000,1.000000,0.000000,0.000000,1.000000,0.000000,0.000000,0.000000,11.783395,2.000000,0.900000,0.900000,1.000000,1.000000,0.000000,0.091769,0.787550,0.900833,491.469055,0.507157,0.338105,1.000000,0.168616,601.466051,0.000000,False,False,False,0.924382,0.424168,0.848764,871,12,,0.000000
0.000000,0.000000,29.000000,1.000000,0.000000,0.000000,1.000000,0.000000,0.000000,0.000000,11.390182,2.000000,0.900000,0.900000,1.000000,1.000000,0.000000,0.285101,0.830546,0.902906,490.996014,0.507552,0.338368,1.000000,0.473041,601.126624,0.000000,False,False,False,0.964209,0.421425,0.928418,872,12,,0.000000
0.000000,0.000000,29.000000,1.000000,0.000000,0.000000,1.000000,0.000000,0.000000,0.000000,11.702498,2.000000,0.900000,0.900000,1.000000,1.000000,0.000000,0.064343,0.797587,0.929649,490.819380,0.507485,0.338323,1.000000,0.176634,600.774399,0.000000,False,False,False,0.969212,0.417923,0.938423,873,12,,0.000000
0.000000,0.000000,29.000000,1.000000,0.000000,0.000000,1.000000,0.000000,0.000000,0.000000,11.545670,2.000000,0.900000,0.900000,1.000000,1.000000,0.000000,0.277778,0.839826,0.916538,490.349394,0.506408,0.337605,1.000000,0.469986,600.425340,0.000000,False,False,False,0.891293,0.415573,0.782585,874,12,,0.000000
0.000000,0.000000,29.000000,1.000000,0.000000,0.000000,1.000000,0.000000,0.000000,0.000000,11.811113,2.000000,0.900000,0.900000,1.000000,1.000000,0.000000,0.049730,0.800173,0.947828,490.172399,0.507050,0.338033,1.000000,0.176995,600.087596,0.000000,False,False,False,0.935632,0.414034,0.871265,875,12,,0.000000
0.000000,0.000000,29.000000,1.000000,0.000000,0.000000,1.000000,0.000000,0.000000,0.000000,11.792448,2.000000,0.900000,0.900000,1.000000,1.000000,0.000000,0.304115,0.821431,0.903134,489.713528,0.506734,0.337822,1.000000,0.458871,599.731954,0.000000,False,False,False,0.904685,0.423097,0.809371,876,12,,0.000000
0.000000,0.000000,29.000000,1.000000,0.000000,0.000000,1.000000,0.000000,0.000000,0.000000,11.661596,2.000000,0.900000,0.900000,1.000000,1.000000,0.000000,0.095146,0.782289,0.894105,489.542879,0.507031,0.338020,1.000000,0.170649,599.421030,0.000000,False,False,False,0.922341,0.421379,0.844681,877,12,,0.000000
0.000000,0.000000,29.000000,1.000000,0.000000,0.000000,1.000000,0.000000,0.000000,0.000000,11.833957,2.000000,0.900000,0.900000,1.000000,1.000000,0.000000,0.249948,0.859357,0.945307,489.057066,0.506960,0.337973,1.000000,0.485813,599.081535,0.000000,False,False,False,0.926174,0.415211,0.852347,878,12,,0.000000
5.000000,0.000000,25.000000,0.000000,0.000000,0.000000,5.000000,0.000000,0.000000,0.000000,11.095126,2.000000,0.900000,0.000000,0.000000,2.000000,0.000000,0.292066,0.653961,0.794272,488.797960,0.514048,0.342699,1.000000,0.259105,,0.000000,False,False,False,,,,879,-,,
5.000000,0.000000,25.000000,0.000000,0.000000,0.000000,5.000000,0.000000,0.000000,0.000000,9.525228,2.000000,0.900000,0.000000,0.000000,2.000000,0.000000,0.341137,0.602627,0.756927,488.537267,0.538951,0.359301,1.000000,0.260694,,0.000000,False,False,False,,,,880,-,,
5.000000,0.000000,25.000000,0.000000,0.000000,0.000000,5.000000,0.000000,2.000000,0.000000,7.832519,2.000000,0.900000,0.000000,0.000000,2.000000,0.000000,0.385184,0.567357,0.703861,488.283505,0.558478,0.372319,1.000000,0.253762,,0.000000,False,False,False,,,,881,-,,
5.000000,0.000000,25.000000,0.000000,0.000000,0.000000,5.000000,0.000000,2.000000,0.000000,7.832519,2.000000,0.900000,0.000000,0.000000,2.000000,0.000000,0.382928,0.601710,0.664461,488.024554,0.476640,0.317760,0.900000,0.258950,,0.000000,False,False,False,,,,882,-,,
5.000000,0.000000,25.000000,0.000000,0.000000,0.000000,5.000000,0.000000,2.000000,0.000000,7.832519,2.000000,0.900000,0.000000,0.000000,2.000000,0.000000,0.431134,0.518546,0.659097,487.774882,0.492923,0.328615,0.900000,0.249672,,0.000000,False,False,False,,,,883,-,,
3.000000,0.000000,25.000000,2.000000,0.000000,0.000000,5.000000,2.000000,2.000000,0.000000,7.832519,2.000000,0.900000,0.900000,0.000000,1.000000,1.000000,0.305017,0.688819,0.703467,487.514681,0.508218,0.338812,0.900000,0.260201,498.333804,0.000000,False,False,False,1.000000,1.000000,0.000000,884,"7,13",,
3.000000,0.000000,25.000000,2.000000,0.000000,0.000000,5.000000,2.000000,2.000000,0.000000,7.832519,2.000000,0.900000,0.900000,0.000000,1.000000,1.000000,0.344259,0.594498,0.690064,487.273281,0.521809,0.347873,0.900000,0.241400,499.268626,0.000000,False,False,False,1.000000,1.000000,0.000000,885,"7,13",,0.000000
2.000000,1.000000,25.000000,2.000000,0.000000,0.000000,4.000000,2.000000,1.000000,0.000000,7.457105,2.000000,0.900000,0.900000,0.000000,1.000000,1.000000,0.358890,0.640478,0.638542,487.035203,0.569868,0.379912,0.933333,0.238078,500.202534,0.000000,False,False,False,1.000000,1.000000,0.000000,886,"7,13",,0.000000
2.000000,1.000000,25.000000,2.000000,0.000000,0.000000,4.000000,1.000000,1.000000,0.000000,7.699243,2.000000,0.900000,0.900000,0.000000,1.000000,1.000000,0.333283,0.613715,0.667815,486.800811,0.630608,0.420406,0.966667,0.234392,501.129479,0.000000,False,False,False,1.000000,1.000000,0.000000,887,"7,13",,0.000000
2.000000,1.000000,25.000000,2.000000,0.000000,0.000000,4.000000,2.000000,3.000000,0.000000,7.699243,2.000000,0.900000,0.900000,0.000000,1.000000,1.000000,0.370084,0.626263,0.641409,486.548466,0.589779,0.393186,0.933333,0.252345,502.055409,0.000000,False,False,False,1.000000,1.000000,0.000000,888,"7,13",,0.000000
2.000000,1.000000,25.000000,2.000000,0.000000,0.000000,4.000000,0.000000,1.000000,0.000000,7.699243,2.000000,0.900000,0.900000,0.000000,1.000000,1.000000,0.335174,0.610201,0.678591,486.259326,0.562355,0.374904,0.866667,0.289140,502.055409,0.000000,False,False,False,,,,889,"7,13",,0.000000
2.000000,1.000000,25.000000,2.000000,0.000000,0.000000,4.000000,2.000000,2.000000,0.000000,7.699243,2.000000,0.900000,0.900000,0.000000,1.000000,1.000000,0.386394,0.609591,0.594279,486.006422,0.601390,0.400926,0.933333,0.252903,502.964060,0.000000,False,False,False,1.000000,1.000000,0.000000,890,"7,13",,0.000000
2.000000,1.000000,25.000000,2.000000,0.000000,0.000000,4.000000,1.000000,1.000000,0.000000,7.699243,2.000000,0.900000,0.900000,0.000000,1.000000,1.000000,0.286813,0.637772,0.745326,485.710213,0.596406,0.397604,0.900000,0.296209,502.964060,0.000000,False,False,False,1.000000,1.000000,0.000000,891,"7,13",,0.000000
2.000000,1.000000,25.000000,2.000000,0.000000,0.000000,4.000000,2.000000,2.000000,0.000000,7.699243,2.000000,0.900000,0.900000,0.000000,1.000000,1.000000,0.407772,0.606208,0.665836,485.399625,0.626328,0.417552,0.933333,0.310588,503.867700,0.000000,False,False,False,1.000000,1.000000,0.000000,892,"7,13",,0.000000
1.000000,2.000000,25.000000,2.000000,0.000000,0.000000,3.000000,1.000000,0.000000,0.000000,8.366455,2.000000,0.900000,0.900000,0.000000,1.000000,1.000000,0.365256,0.611136,0.659441,485.102666,0.652644,0.435096,0.933333,0.296959,504.810359,0.000000,False,False,False,1.000000,1.000000,0.000000,893,"7,13",,0.000000
1.000000,2.000000,25.000000,2.000000,0.000000,0.000000,3.000000,2.000000,0.000000,0.000000,8.292964,2.000000,0.900000,0.900000,0.000000,1.000000,1.000000,0.262936,0.607478,0.784772,484.906570,0.710579,0.473719,1.000000,0.196097,505.751444,0.000000,False,False,False,1.000000,1.000000,0.000000,894,"7,13",,0.000000
1.000000,2.000000,25.000000,2.000000,0.000000,0.000000,3.000000,2.000000,0.000000,0.000000,8.090589,2.000000,0.900000,0.900000,0.000000,1.000000,1.000000,0.278981,0.632330,0.767780,484.678139,0.724718,0.483146,1.000000,0.228431,506.690311,0.000000,False,False,False,1.000000,1.000000,0.000000,895,"7,13",,0.000000
1.000000,2.000000,25.000000,2.000000,0.000000,0.000000,3.000000,2.000000,0.000000,0.000000,8.123100,2.000000,0.900000,0.900000,0.000000,1.000000,1.000000,0.327794,0.590196,0.698248,484.406396,0.739970,0.493313,1.000000,0.271743,507.633346,0.000000,False,False,False,1.000000,1.000000,0.000000,896,"7,13",,0.000000
1.000000,1.000000,26.000000,2.000000,0.000000,0.000000,3.000000,2.000000,0.000000,0.000000,8.258632,2.000000,0.900000,0.900000,0.000000,1.000000,1.000000,0.279844,0.672100,0.764836,484.073499,0.754379,0.502919,1.000000,0.332896,508.510361,0.000000,False,False,False,1.000000,1.000000,0.000000,897,"7,13",,0.000000
1.000000,1.000000,26.000000,2.000000,0.000000,0.000000,3.000000,2.000000,1.000000,0.000000,7.859314,2.000000,0.900000,0.900000,0.000000,1.000000,1.000000,0.334535,0.587970,0.701073,483.791082,0.768921,0.512614,1.000000,0.282418,509.447430,0.000000,False,False,False,1.000000,1.000000,0.000000,898,"7,13",0.000000,0.000000
0.000000,0.000000,27.000000,3.000000,0.000000,0.000000,3.000000,2.000000,0.000000,0.000000,8.128403,2.000000,0.900000,1.000000,1.000000,0.000000,1.000000,0.390089,0.524046,0.654612,483.571095,0.756374,0.504249,0.966667,0.219987,50.754540,0.000000,False,False,False,1.000000,1.000000,0.000000,899,"3,7,13",0.000000,0.000000
0.000000,0.000000,27.000000,3.000000,0.000000,0.000000,3.000000,3.000000,2.000000,0.000000,7.366965,2.000000,0.900000,1.000000,1.000000,0.000000,1.000000,0.418886,0.496956,0.673567,483.364102,0.777844,0.518563,1.000000,0.206994,50.214861,0.000000,False,False,False,1.000000,1.000000,0.000000,900,"3,7,13",1.000000,0.125000
0.000000,0.000000,27.000000,3.000000,0.000000,0.000000,3.000000,1.000000,1.000000,0.000000,7.514477,2.000000,0.900000,1.000000,1.000000,0.000000,1.000000,0.491705,0.500141,0.695887,483.136365,0.734221,0.489480,0.933333,0.227737,50.214861,0.000000,False,False,False,1.000000,1.000000,0.000000,901,"3,7,13",1.000000,0.125000
0.000000,0.000000,27.000000,3.000000,0.000000,0.000000,3.000000,2.000000,1.000000,0.000000,7.783194,2.000000,0.900000,1.000000,1.000000,0.000000,1.000000,0.530753,0.357862,0.585060,482.999389,0.741461,0.494307,0.966667,0.136976,49.439910,0.000000,False,False,False,1.000000,1.000000,0.000000,902,"3,7,13",1.000000,0.125000
0.000000,0.000000,27.000000,3.000000,0.000000,0.000000,3.000000,2.000000,1.000000,0.000000,7.699454,2.000000,0.900000,1.000000,1.000000,0.000000,1.000000,0.406206,0.365139,0.676576,482.864761,0.743775,0.495850,0.966667,0.134628,48.572462,0.000000,False,False,False,1.000000,1.000000,0.000000,903,"3,7,13",1.000000,0.125000
0.000000,0.000000,27.000000,3.000000,0.000000,0.000000,3.000000,2.000000,0.000000,0.000000,8.006300,2.000000,0.900000,1.000000,1.000000,0.000000,1.000000,0.508671,0.393189,0.575352,482.705326,0.746675,0.497783,0.966667,0.159434,47.616400,0.000000,False,False,False,1.000000,1.000000,0.000000,904,"3,7,13",1.000000,0.235294
0.000000,0.000000,27.000000,3.000000,0.000000,0.000000,3.000000,3.000000,1.000000,0.000000,7.031818,2.000000,0.900000,1.000000,1.000000,0.000000,1.000000,0.365039,0.506404,0.730400,482.481408,0.770358,0.513572,1.000000,0.223919,46.631852,0.000000,False,False,False,1.000000,1.000000,0.000000,905,"3,7,13",1.000000,0.117647
0.000000,0.000000,27.000000,3.000000,0.000000,0.000000,3.000000,2.000000,0.000000,0.000000,8.002526,2.000000,0.900000,1.000000,1.000000,0.000000,1.000000,0.433363,0.445552,0.655149,482.263978,0.766030,0.510687,0.966667,0.217430,45.631870,0.000000,False,False,False,1.000000,1.000000,0.000000,906,"3,7,13",1.000000,0.117647
0.000000,0.000000,27.000000,3.000000,0.000000,0.000000,3.000000,3.000000,1.000000,0.000000,6.408026,2.000000,0.900000,1.000000,1.000000,0.000000,1.000000,0.361356,0.617254,0.713997,481.936642,0.784588,0.523058,1.000000,0.327336,44.632053,0.000000,False,False,False,1.000000,1.000000,0.000000,907,"3,7,13",1.000000,0.647059
0.000000,0.000000,27.000000,3.000000,0.000000,0.000000,3.000000,2.000000,1.000000,0.000000,7.396167,2.000000,0.900000,1.000000,1.000000,0.000000,1.000000,0.330489,0.666991,0.728354,481.547758,0.777357,0.518238,0.966667,0.388884,43.637619,0.000000,False,False,False,1.000000,1.000000,0.000000,908,"3,7,13",1.000000,0.611111
0.000000,0.000000,27.000000,3.000000,0.000000,0.000000,3.000000,2.000000,1.000000,0.000000,7.555111,2.000000,0.900000,1.000000,1.000000,0.000000,1.000000,0.286962,0.726456,0.763848,481.125826,0.765263,0.510175,0.966667,0.421932,42.637785,0.000000,False,False,False,1.000000,1.000000,0.000000,909,"3,7,13",1.000000,0.722222
0.000000,0.000000,27.000000,3.000000,0.000000,0.000000,3.000000,1.000000,2.000000,0.000000,7.555111,2.000000,0.900000,1.000000,1.000000,0.000000,1.000000,0.173763,0.917380,0.941458,480.582291,0.714653,0.476435,0.933333,0.543535,41.637912,0.000000,False,False,False,1.000000,1.000000,0.000000,910,"3,7,13",1.000000,0.888889
0.000000,0.000000,27.000000,3.000000,0.000000,0.000000,3.000000,1.000000,2.000000,0.000000,7.555111,2.000000,0.900000,1.000000,1.000000,0.000000,1.000000,0.195573,0.891511,0.894091,480.110061,0.674422,0.449614,0.933333,0.472230,40.637940,0.000000,False,False,False,1.000000,1.000000,0.000000,911,"3,7,13",1.000000,0.894737
0.000000,0.000000,27.000000,3.000000,0.000000,0.000000,3.000000,1.000000,2.000000,0.000000,7.555111,2.000000,0.900000,1.000000,1.000000,0.000000,1.000000,0.174024,0.908274,0.914091,479.647685,0.655915,0.437276,0.933333,0.462376,39.638495,0.000000,False,False,False,1.000000,1.000000,0.000000,912,"3,7,13",1.000000,0.894737
0.000000,0.000000,28.000000,2.000000,0.000000,0.000000,2.000000,1.000000,0.000000,0.000000,8.055151,2.000000,0.900000,1.000000,2.000000,0.000000,0.000000,0.197034,0.871101,0.868899,479.211291,0.661470,0.440980,0.966667,0.436394,38.639359,0.000000,False,False,False,1.000000,1.000000,0.000000,913,"3,13",1.000000,0.947368
0.000000,0.000000,28.000000,2.000000,0.000000,0.000000,2.000000,1.000000,1.000000,0.000000,7.575617,2.000000,0.900000,1.000000,2.000000,0.000000,0.000000,0.188691,0.885997,0.915237,478.746729,0.651524,0.434349,1.000000,0.464561,37.640573,0.000000,False,False,False,,,,914,"3,13",0.888889,0.888889
0.000000,0.000000,28.000000,2.000000,0.000000,0.000000,2.000000,1.000000,0.000000,0.000000,8.408676,2.000000,0.900000,1.000000,2.000000,0.000000,0.000000,0.193846,0.893333,0.898859,478.294488,0.640640,0.427093,0.966667,0.452242,36.641676,0.000000,False,False,False,1.000000,1.000000,0.000000,915,"3,13",0.888889,0.888889
0.000000,0.000000,28.000000,2.000000,0.000000,0.000000,2.000000,1.000000,1.000000,0.000000,7.948733,2.000000,0.900000,1.000000,2.000000,0.000000,0.000000,0.154278,0.925107,0.945597,477.822739,0.633494,0.422329,1.000000,0.471749,35.642871,0.000000,False,False,False,,,,916,"3,13",1.000000,1.000000
0.000000,0.000000,28.000000,2.000000,0.000000,0.000000,2.000000,1.000000,0.000000,0.000000,8.406511,2.000000,0.900000,1.000000,2.000000,0.000000,0.000000,0.164364,0.910657,0.917561,477.371641,0.624051,0.416034,0.966667,0.451098,34.644079,0.000000,False,False,False,1.000000,1.000000,0.000000,917,"3,13",1.000000,1.000000
0.000000,0.000000,28.000000,2.000000,0.000000,0.000000,2.000000,1.000000,0.000000,0.000000,8.191808,2.000000,0.900000,1.000000,2.000000,0.000000,0.000000,0.138653,0.929410,0.951573,476.911295,0.620573,0.413715,1.000000,0.460346,33.645410,0.000000,False,False,False,,,,918,"3,13",1.000000,1.000000
0.000000,0.000000,28.000000,2.000000,0.000000,0.000000,2.000000,1.000000,0.000000,0.000000,8.386102,2.000000,0.900000,1.000000,2.000000,0.000000,0.000000,0.125207,0.939014,0.954671,476.430830,0.629765,0.419843,1.000000,0.480465,32.646804,0.000000,False,False,False,0.952921,1.000000,0.905842,919,"3,13",1.000000,1.000000
0.000000,0.000000,28.000000,2.000000,0.000000,0.000000,2.000000,1.000000,0.000000,0.000000,8.416973,2.000000,0.900000,1.000000,2.000000,0.000000,0.000000,0.112117,0.964217,0.972536,475.929871,0.637302,0.424868,1.000000,0.500959,31.648366,0.000000,False,False,False,0.977846,1.000000,0.955692,920,"3,13",1.000000,1.000000
0.000000,0.000000,28.000000,2.000000,0.000000,0.000000,2.000000,1.000000,0.000000,0.000000,8.458721,2.000000,0.900000,1.000000,2.000000,0.000000,0.000000,0.112625,0.954200,0.967049,475.426624,0.644071,0.429381,1.000000,0.503247,30.649952,0.000000,False,False,False,0.987304,1.000000,0.974608,921,"3,13",1.000000,1.000000
0.000000,0.000000,28.000000,2.000000,0.000000,0.000000,2.000000,1.000000,0.000000,0.000000,8.506867,2.000000,0.900000,1.000000,2.000000,0.000000,0.000000,0.120778,0.959848,0.971481,474.917335,0.650125,0.433416,1.000000,0.509288,29.651589,0.000000,False,False,False,0.978285,1.000000,0.956569,922,"3,13",1.000000,1.000000
0.000000,0.000000,28.000000,2.000000,0.000000,0.000000,2.000000,1.000000,0.000000,0.000000,8.551554,2.000000,0.900000,1.000000,2.000000,0.000000,0.000000,0.118848,0.964118,0.974811,474.398293,0.656118,0.437412,1.000000,0.519042,28.653253,0.000000,False,False,False,0.989142,1.000000,0.978283,923,"3,13",1.000000,1.000000
0.000000,0.000000,28.000000,2.000000,0.000000,0.000000,2.000000,1.000000,0.000000,0.000000,8.617709,2.000000,0.900000,1.000000,2.000000,0.000000,0.000000,0.115802,0.977315,0.981891,473.867310,0.661836,0.441224,1.000000,0.530983,27.654743,0.000000,False,False,False,0.989068,1.000000,0.978135,924,"3,13",1.000000,1.000000
0.000000,0.000000,28.000000,2.000000,0.000000,0.000000,2.000000,1.000000,0.000000,0.000000,8.669523,2.000000,0.900000,1.000000,2.000000,0.000000,0.000000,0.114558,0.970570,0.980626,473.332550,0.667356,0.444904,1.000000,0.534760,26.656329,0.000000,False,False,False,0.990729,1.000000,0.981459,925,"3,13",1.000000,1.000000
0.000000,0.000000,28.000000,2.000000,0.000000,0.000000,2.000000,1.000000,0.000000,0.000000,8.732334,2.000000,0.900000,1.000000,2.000000,0.000000,0.000000,0.117406,0.972553,0.978793,472.793197,0.672641,0.448427,1.000000,0.539353,25.658026,0.000000,False,False,False,0.992062,1.000000,0.984124,926,"3,13",1.000000,1.000000
0.000000,0.000000,28.000000,2.000000,0.000000,0.000000,2.000000,1.000000,0.000000,0.000000,8.743672,2.000000,0.900000,1.000000,2.000000,0.000000,0.000000,0.121585,0.966620,0.975447,472.251559,0.677785,0.451857,1.000000,0.541637,24.659857,0.000000,False,False,False,0.994365,1.000000,0.988729,927,"3,13",1.000000,1.000000
0.000000,0.000000,28.000000,2.000000,0.000000,0.000000,2.000000,1.000000,0.000000,0.000000,8.743740,2.000000,0.900000,1.000000,2.000000,0.000000,0.000000,0.138544,0.956019,0.963623,471.712679,0.682706,0.455137,1.000000,0.538881,23.661613,0.000000,False,False,False,0.993122,1.000000,0.986245,928,"3,13",1.000000,1.000000
0.000000,0.000000,28.000000,2.000000,0.000000,0.000000,2.000000,0.000000,0.000000,0.000000,8.544274,2.000000,0.900000,1.000000,2.000000,0.000000,0.000000,0.122453,0.968860,0.976066,471.160391,0.680816,0.453877,1.000000,0.552287,22.862092,0.000000,False,False,False,0.994526,1.000000,0.989053,929,"3,13",1.000000,1.000000
0.000000,0.000000,28.000000,2.000000,0.000000,0.000000,2.000000,0.000000,0.000000,0.000000,8.411573,2.000000,0.900000,1.000000,2.000000,0.000000,0.000000,0.116580,0.973421,0.979542,470.600535,0.680970,0.453980,1.000000,0.559857,22.062632,0.000000,False,False,False,0.994273,1.000000,0.988546,930,"3,13",1.000000,1.000000
0.000000,0.000000,28.000000,2.000000,0.000000,0.000000,2.000000,0.000000,0.000000,0.000000,8.323383,2.000000,0.900000,1.000000,2.000000,0.000000,0.000000,0.122546,0.970060,0.976378,470.036884,0.682445,0.454963,1.000000,0.563651,21.263258,0.000000,False,False,False,0.994493,1.000000,0.988985,931,"3,13",1.000000,1.000000
0.000000,0.000000,28.000000,2.000000,0.000000,0.000000,2.000000,0.000000,0.000000,0.000000,8.264912,2.000000,0.900000,1.000000,2.000000,0.000000,0.000000,0.136893,0.955216,0.963839,469.478212,0.684738,0.456492,1.000000,0.558671,20.463975,0.000000,False,False,False,0.994156,1.000000,0.988311,932,"3,13",1.000000,1.000000
0.000000,0.000000,28.000000,2.000000,0.000000,0.000000,2.000000,0.000000,0.000000,0.000000,8.226288,2.000000,0.900000,1.000000,2.000000,0.000000,0.000000,0.110851,0.982308,0.987086,468.897663,0.687545,0.458364,1.000000,0.580549,19.664802,0.000000,False,False,False,0.994467,1.000000,0.988934,933,"3,13",1.000000,1.000000
0.000000,0.000000,28.000000,2.000000,0.000000,0.000000,2.000000,0.000000,0.000000,0.000000,8.200800,2.000000,0.900000,1.000000,2.000000,0.000000,0.000000,0.122320,0.979076,0.983319,468.317439,0.690649,0.460432,1.000000,0.580225,18.865733,0.000000,False,False,False,0.994647,1.000000,0.989293,934,"3,13",1.000000,1.000000
0.000000,0.000000,28.000000,2.000000,0.000000,0.000000,2.000000,0.000000,0.000000,0.000000,8.182911,2.000000,0.900000,1.000000,2.000000,0.000000,0.000000,0.137371,0.957942,0.966447,467.748489,0.693913,0.462609,1.000000,0.568949,18.066759,0.000000,False,False,False,0.995063,1.000000,0.990126,935,"3,13",1.000000,1.000000
0.000000,0.000000,28.000000,2.000000,0.000000,0.000000,2.000000,0.000000,0.000000,0.000000,8.171108,2.000000,0.900000,1.000000,2.000000,0.000000,0.000000,0.144913,0.949749,0.962514,467.183755,0.697169,0.464780,1.000000,0.564734,17.267811,0.000000,False,False,False,0.993235,1.000000,0.986470,936,"3,13",1.000000,1.000000
0.000000,0.000000,28.000000,2.000000,0.000000,0.000000,2.000000,0.000000,0.000000,0.000000,8.163508,2.000000,0.900000,1.000000,2.000000,0.000000,0.000000,0.163676,0.939790,0.952682,466.621585,0.700450,0.466967,1.000000,0.562170,16.468862,0.000000,False,False,False,0.994142,1.000000,0.988283,937,"3,13",1.000000,1.000000
0.000000,0.000000,28.000000,2.000000,0.000000,0.000000,2.000000,0.000000,0.000000,0.000000,8.159148,2.000000,0.900000,1.000000,2.000000,0.000000,0.000000,0.135711,0.972343,0.976262,466.033871,0.703698,0.469132,1.000000,0.587714,15.669905,0.000000,False,False,False,0.994365,1.000000,0.988730,938,"3,13",1.000000,1.000000
0.000000,0.000000,28.000000,2.000000,0.000000,0.000000,2.000000,0.000000,0.000000,0.000000,8.157583,2.000000,0.900000,1.000000,2.000000,0.000000,0.000000,0.144926,0.959846,0.967946,465.453234,0.706905,0.471270,1.000000,0.580637,14.870931,0.000000,False,False,False,0.994628,1.000000,0.989255,939,"3,13",1.000000,1.000000
0.000000,0.000000,28.000000,2.000000,0.000000,0.000000,2.000000,0.000000,0.000000,0.000000,8.158059,2.000000,0.900000,1.000000,2.000000,0.000000,0.000000,0.133546,0.967282,0.978203,464.863532,0.710045,0.473364,1.000000,0.589702,14.071919,0.000000,False,False,False,0.995174,1.000000,0.990348,940,"3,13",1.000000,1.000000
0.000000,0.000000,28.000000,2.000000,0.000000,0.000000,2.000000,0.000000,0.000000,0.000000,8.160541,2.000000,0.900000,1.000000,2.000000,0.000000,0.000000,0.138101,0.965567,0.978784,464.270278,0.713063,0.475375,1.000000,0.593254,13.272881,0.000000,False,False,False,0.993983,1.000000,0.987966,941,"3,13",1.000000,1.000000
0.000000,0.000000,28.000000,2.000000,0.000000,0.000000,2.000000,0.000000,0.000000,0.000000,8.165233,2.000000,0.900000,1.000000,2.000000,0.000000,0.000000,0.124914,0.944836,0.986904,463.670363,0.716017,0.477344,1.000000,0.599915,12.473809,0.000000,False,False,False,0.995136,1.000000,0.990271,942,"3,13",1.000000,1.000000
0.000000,0.000000,28.000000,2.000000,0.000000,0.000000,2.000000,0.000000,0.000000,0.000000,8.171772,2.000000,0.900000,1.000000,2.000000,0.000000,0.000000,0.126854,0.921510,0.985523,463.066597,0.718858,0.479239,1.000000,0.603766,11.674708,0.000000,False,False,False,0.994479,1.000000,0.988959,943,"3,13",1.000000,1.000000
0.000000,0.000000,28.000000,2.000000,0.000000,0.000000,2.000000,0.000000,0.000000,0.000000,8.180821,2.000000,0.900000,1.000000,2.000000,0.000000,0.000000,0.139638,0.907635,0.976288,462.465097,0.721616,0.481077,1.000000,0.601500,10.875571,0.000000,False,False,False,0.994904,1.000000,0.989809,944,"3,13",1.000000,1.000000
0.000000,0.000000,28.000000,2.000000,0.000000,0.000000,2.000000,0.000000,0.000000,0.000000,8.192774,2.000000,0.900000,1.000000,2.000000,0.000000,0.000000,0.159009,0.889144,0.961556,461.874276,0.724263,0.482842,1.000000,0.590822,10.076402,0.000000,False,False,False,0.994309,1.000000,0.988618,945,"3,13",1.000000,1.000000
0.000000,0.000000,28.000000,2.000000,0.000000,0.000000,2.000000,0.000000,0.000000,0.000000,8.206526,2.000000,0.900000,1.000000,2.000000,0.000000,0.000000,0.141217,0.904149,0.976962,461.271244,0.726853,0.484568,1.000000,0.603032,9.277212,0.000000,False,False,False,0.995578,1.000000,0.991156,946,"3,13",1.000000,1.000000
0.000000,0.000000,28.000000,2.000000,0.000000,0.000000,2.000000,0.000000,0.000000,0.000000,8.224491,2.000000,0.900000,1.000000,2.000000,0.000000,0.000000,0.136189,0.902013,0.982527,460.667252,0.729349,0.486233,1.000000,0.603991,8.478009,0.000000,False,False,False,0.995476,1.000000,0.990951,947,"3,13",1.000000,1.000000
0.000000,0.000000,28.000000,2.000000,0.000000,0.000000,2.000000,0.000000,0.000000,0.000000,8.248090,2.000000,0.900000,1.000000,2.000000,0.000000,0.000000,0.119634,0.921301,0.995908,460.049599,0.731749,0.487832,1.000000,0.617653,7.678811,0.000000,False,False,False,0.995142,1.000000,0.990283,948,"3,13",1.000000,1.000000
0.000000,0.000000,28.000000,2.000000,0.000000,0.000000,2.000000,0.000000,1.000000,0.000000,7.487690,2.000000,0.900000,1.000000,2.000000,0.000000,0.000000,0.130015,0.905758,0.985460,459.433415,0.707400,0.471600,0.966667,0.616185,7.678811,0.000000,False,False,False,0.995294,1.000000,0.990587,949,"3,13",1.000000,1.000000
0.000000,0.000000,28.000000,2.000000,0.000000,0.000000,2.000000,0.000000,0.000000,0.000000,8.487345,2.000000,0.900000,1.000000,2.000000,0.000000,0.000000,0.146355,0.832307,0.906695,458.801665,0.707360,0.471573,0.966667,0.631750,7.678811,0.000000,False,False,False,0.994427,1.000000,0.988855,950,"3,13",1.000000,1.000000
0.000000,0.000000,28.000000,2.000000,0.000000,0.000000,2.000000,0.000000,0.000000,0.000000,8.028787,2.000000,0.900000,1.000000,2.000000,0.000000,0.000000,0.156235,0.891705,0.968549,458.185810,0.692464,0.461643,0.966667,0.615854,7.678811,0.000000,False,False,False,0.995026,1.000000,0.990051,951,"3,13",1.000000,1.000000
0.000000,0.000000,28.000000,2.000000,0.000000,0.000000,2.000000,0.000000,1.000000,0.000000,7.667030,2.000000,0.900000,1.000000,2.000000,0.000000,0.000000,0.157243,0.885646,0.960722,457.569600,0.687138,0.458092,0.966667,0.616210,7.678811,0.000000,False,False,False,0.995552,1.000000,0.991104,952,"3,13",1.000000,1.000000
0.000000,0.000000,28.000000,2.000000,0.000000,0.000000,2.000000,0.000000,0.000000,0.000000,8.666965,2.000000,0.900000,1.000000,2.000000,0.000000,0.000000,0.159923,0.812450,0.893463,456.947460,0.709147,0.472765,0.966667,0.622140,7.678811,0.000000,False,False,False,0.995248,1.000000,0.990496,953,"3,13",1.000000,1.000000
0.000000,0.000000,28.000000,2.000000,0.000000,0.000000,2.000000,0.000000,0.000000,0.000000,8.274010,2.000000,0.900000,1.000000,2.000000,0.000000,0.000000,0.157963,0.892600,0.976574,456.325568,0.695720,0.463813,0.966667,0.621892,7.678811,0.000000,False,False,False,0.994741,1.000000,0.989481,954,"3,13",1.000000,1.000000
0.000000,0.000000,28.000000,2.000000,0.000000,0.000000,2.000000,0.000000,1.000000,0.000000,7.928110,2.000000,0.900000,1.000000,2.000000,0.000000,0.000000,0.134777,0.915474,0.990723,455.681457,0.692954,0.461969,0.966667,0.644110,7.678811,0.000000,False,False,False,0.996085,1.000000,0.992170,955,"3,13",1.000000,1.000000
0.000000,0.000000,28.000000,2.000000,0.000000,0.000000,2.000000,0.000000,0.000000,0.000000,8.928108,2.000000,0.900000,1.000000,2.000000,0.000000,0.000000,0.121314,0.856057,0.933674,455.025297,0.714773,0.476516,0.966667,0.656161,7.678811,0.000000,False,False,False,0.995932,1.000000,0.991865,956,"3,13",1.000000,1.000000
0.000000,0.000000,28.000000,2.000000,0.000000,0.000000,2.000000,0.000000,0.000000,0.000000,8.515176,2.000000,0.900000,1.000000,2.000000,0.000000,0.000000,0.152666,0.908732,0.982645,454.388016,0.703682,0.469121,0.966667,0.637281,7.678811,0.000000,False,False,False,0.995083,1.000000,0.990166,957,"3,13",1.000000,1.000000
0.000000,0.000000,28.000000,2.000000,0.000000,0.000000,2.000000,0.000000,0.000000,0.000000,8.176019,2.000000,0.900000,1.000000,2.000000,0.000000,0.000000,0.176509,0.878289,0.951730,453.765122,0.698879,0.465919,0.966667,0.622894,7.678811,0.000000,False,False,False,0.995624,1.000000,0.991247,958,"3,13",1.000000,1.000000
0.000000,0.000000,28.000000,2.000000,0.000000,0.000000,2.000000,0.000000,1.000000,0.000000,7.847158,2.000000,0.900000,1.000000,2.000000,0.000000,0.000000,0.156891,0.888113,0.967524,453.133975,0.699800,0.466533,0.966667,0.631146,7.678811,0.000000,False,False,False,0.995764,1.000000,0.991528,959,"3,13",1.000000,1.000000
0.000000,0.000000,28.000000,2.000000,0.000000,0.000000,2.000000,0.000000,0.000000,0.000000,8.203303,2.000000,0.900000,1.000000,2.000000,0.000000,0.000000,0.180720,0.888023,0.904714,452.503685,0.698224,0.465483,0.966667,0.630290,7.678811,0.000000,False,False,False,0.996119,1.000000,0.992239,960,"3,13",1.000000,1.000000
0.000000,0.000000,28.000000,2.000000,0.000000,0.000000,2.000000,0.000000,0.000000,0.000000,8.268121,2.000000,0.900000,1.000000,2.000000,0.000000,0.000000,0.208042,0.886795,0.949737,451.879324,0.702710,0.468473,0.966667,0.624362,7.678811,0.000000,False,False,False,0.995251,1.000000,0.990502,961,"3,13",1.000000,1.000000
0.000000,0.000000,28.000000,2.000000,0.000000,0.000000,2.000000,0.000000,0.000000,0.000000,8.110015,2.000000,0.900000,1.000000,2.000000,0.000000,0.000000,0.183211,0.886688,0.967381,451.246928,0.704274,0.469516,0.966667,0.632395,7.678811,0.000000,False,False,False,0.996453,1.000000,0.992907,962,"3,13",1.000000,1.000000
0.000000,0.000000,28.000000,2.000000,0.000000,0.000000,2.000000,0.000000,1.000000,0.000000,7.883483,2.000000,0.900000,1.000000,2.000000,0.000000,0.000000,0.154090,0.904482,0.983471,450.598836,0.705732,0.470488,0.966667,0.648092,7.678811,0.000000,False,False,False,0.995596,1.000000,0.991191,963,"3,13",1.000000,1.000000
0.000000,0.000000,28.000000,2.000000,0.000000,0.000000,2.000000,0.000000,0.000000,0.000000,8.301364,2.000000,0.900000,1.000000,2.000000,0.000000,0.000000,0.149728,0.926617,0.944544,449.940111,0.706518,0.471012,0.966667,0.658725,7.678811,0.000000,False,False,False,0.996476,1.000000,0.992951,964,"3,13",1.000000,1.000000
0.000000,0.000000,28.000000,2.000000,0.000000,0.000000,2.000000,0.000000,0.000000,0.000000,8.382855,2.000000,0.900000,1.000000,2.000000,0.000000,0.000000,0.205335,0.882188,0.955757,449.310134,0.708325,0.472217,0.966667,0.629976,7.678811,0.000000,False,False,False,0.994459,1.000000,0.988918,965,"3,13",1.000000,1.000000
0.000000,0.000000,28.000000,2.000000,0.000000,0.000000,2.000000,0.000000,0.000000,0.000000,8.277976,2.000000,0.900000,1.000000,2.000000,0.000000,0.000000,0.173814,0.889141,0.973779,448.666804,0.709533,0.473022,0.966667,0.643330,7.678811,0.000000,False,False,False,0.994152,1.000000,0.988304,966,"3,13",1.000000,1.000000
0.000000,0.000000,28.000000,2.000000,0.000000,0.000000,2.000000,0.000000,0.000000,0.000000,8.119682,2.000000,0.900000,1.000000,2.000000,0.000000,0.000000,0.144676,0.911389,0.990196,448.006833,0.710739,0.473826,0.966667,0.659972,7.678811,0.000000,False,False,False,0.993321,1.000000,0.986642,967,"3,13",1.000000,1.000000
0.000000,0.000000,28.000000,2.000000,0.000000,0.000000,2.000000,0.000000,1.000000,0.000000,7.954381,2.000000,0.900000,1.000000,2.000000,0.000000,0.000000,0.165465,0.881557,0.965939,447.364075,0.711945,0.474630,0.966667,0.642757,7.678811,0.000000,False,False,False,0.993941,1.000000,0.987882,968,"3,13",1.000000,1.000000
0.000000,0.000000,28.000000,2.000000,0.000000,0.000000,2.000000,0.000000,0.000000,0.000000,8.479229,2.000000,0.900000,1.000000,2.000000,0.000000,0.000000,0.198159,0.886692,0.914324,446.735731,0.715188,0.476792,0.966667,0.628344,7.678811,0.000000,False,False,False,0.992676,1.000000,0.985353,969,"3,13",1.000000,1.000000
0.000000,0.000000,28.000000,2.000000,0.000000,0.000000,2.000000,0.000000,0.000000,0.000000,8.598153,2.000000,0.900000,1.000000,2.000000,0.000000,0.000000,0.209829,0.871978,0.949962,446.105504,0.715524,0.477016,0.966667,0.630227,7.678811,0.000000,False,False,False,0.994837,1.000000,0.989675,970,"3,13",1.000000,1.000000
0.000000,0.000000,28.000000,2.000000,0.000000,0.000000,2.000000,0.000000,0.000000,0.000000,8.563874,2.000000,0.900000,1.000000,2.000000,0.000000,0.000000,0.154064,0.906472,0.989923,445.442752,0.716353,0.477569,0.966667,0.662752,7.678811,0.000000,False,False,False,0.993942,1.000000,0.987883,971,"3,13",1.000000,1.000000
0.000000,0.000000,28.000000,2.000000,0.000000,0.000000,2.000000,0.000000,0.000000,0.000000,8.487029,2.000000,0.900000,1.000000,2.000000,0.000000,0.000000,0.179941,0.878556,0.961926,444.799615,0.717639,0.478426,0.966667,0.643137,7.678811,0.000000,False,False,False,0.992759,1.000000,0.985518,972,"3,13",1.000000,1.000000
0.000000,0.000000,28.000000,2.000000,0.000000,0.000000,2.000000,0.000000,0.000000,0.000000,8.402746,2.000000,0.900000,1.000000,2.000000,0.000000,0.000000,0.165823,0.883215,0.970096,444.149050,0.719211,0.479474,0.966667,0.650565,7.678811,0.000000,False,False,False,0.992823,1.000000,0.985646,973,"3,13",1.000000,1.000000
0.000000,0.000000,28.000000,2.000000,0.000000,0.000000,2.000000,0.000000,0.000000,0.000000,8.328130,2.000000,0.900000,1.000000,2.000000,0.000000,0.000000,0.147184,0.896796,0.981811,443.490190,0.720929,0.480619,0.966667,0.658861,7.678811,0.000000,False,False,False,0.992273,1.000000,0.984545,974,"3,13",1.000000,1.000000
0.000000,0.000000,28.000000,2.000000,0.000000,0.000000,2.000000,0.000000,0.000000,0.000000,8.265190,2.000000,0.900000,1.000000,2.000000,0.000000,0.000000,0.171382,0.870385,0.961718,442.851716,0.722866,0.481911,0.966667,0.638473,7.678811,0.000000,False,False,False,0.995463,1.000000,0.990926,975,"3,13",1.000000,1.000000
0.000000,0.000000,28.000000,2.000000,0.000000,0.000000,2.000000,0.000000,0.000000,0.000000,8.221986,2.000000,0.900000,1.000000,2.000000,0.000000,0.000000,0.176111,0.867133,0.957811,442.213320,0.724889,0.483259,0.966667,0.638396,7.678811,0.000000,False,False,False,0.994839,1.000000,0.989677,976,"3,13",1.000000,1.000000
0.000000,0.000000,28.000000,2.000000,0.000000,0.000000,2.000000,0.000000,0.000000,0.000000,8.194901,2.000000,0.900000,1.000000,2.000000,0.000000,0.000000,0.164680,0.871861,0.964957,441.568893,0.726948,0.484632,0.966667,0.644427,7.678811,0.000000,False,False,False,0.991051,1.000000,0.982102,977,"3,13",1.000000,1.000000
0.000000,0.000000,28.000000,2.000000,0.000000,0.000000,2.000000,0.000000,0.000000,0.000000,8.186592,2.000000,0.900000,1.000000,2.000000,0.000000,0.000000,0.153834,0.885638,0.977499,440.916906,0.729222,0.486148,0.966667,0.651987,7.678811,0.000000,False,False,False,0.991943,1.000000,0.983885,978,"3,13",1.000000,1.000000
0.000000,0.000000,28.000000,2.000000,0.000000,0.000000,2.000000,0.000000,0.000000,0.000000,8.201783,2.000000,0.900000,1.000000,2.000000,0.000000,0.000000,0.144747,0.898773,0.979787,440.253847,0.731713,0.487809,0.966667,0.663059,7.678811,0.000000,False,False,False,0.994030,1.000000,0.988060,979,"3,13",1.000000,1.000000
0.000000,0.000000,28.000000,2.000000,0.000000,0.000000,2.000000,0.000000,0.000000,0.000000,8.240105,2.000000,0.900000,1.000000,2.000000,0.000000,0.000000,0.165924,0.883844,0.967003,439.598390,0.734478,0.489652,0.966667,0.655457,7.678811,0.000000,False,False,False,0.993675,1.000000,0.987350,980,"3,13",1.000000,1.000000
0.000000,0.000000,28.000000,2.000000,0.000000,0.000000,2.000000,0.000000,0.000000,0.000000,8.307298,2.000000,0.900000,1.000000,2.000000,0.000000,0.000000,0.160578,0.885479,0.971803,438.942428,0.737555,0.491703,0.966667,0.655962,7.678811,0.000000,False,False,False,0.994440,1.000000,0.988880,981,"3,13",1.000000,1.000000
0.000000,0.000000,28.000000,2.000000,0.000000,0.000000,2.000000,0.000000,0.000000,0.000000,8.387047,2.000000,0.900000,1.000000,2.000000,0.000000,0.000000,0.108752,0.924504,0.955806,438.265350,0.714562,0.476374,0.933333,0.677077,7.678811,0.000000,False,False,False,0.994978,1.000000,0.989955,982,"3,13",1.000000,1.000000
0.000000,0.000000,28.000000,2.000000,0.000000,0.000000,2.000000,0.000000,0.000000,0.000000,8.371823,2.000000,0.900000,1.000000,2.000000,0.000000,0.000000,0.101461,0.933286,0.959803,437.583935,0.716736,0.477824,0.966667,0.681415,7.678811,0.000000,False,False,False,0.995521,1.000000,0.991041,983,"3,13",1.000000,1.000000
0.000000,0.000000,28.000000,2.000000,0.000000,0.000000,2.000000,0.000000,0.000000,0.000000,8.353737,2.000000,0.900000,1.000000,2.000000,0.000000,0.000000,0.102411,0.933071,0.962180,436.897843,0.718221,0.478814,0.966667,0.686093,7.678811,0.000000,False,False,False,0.995676,1.000000,0.991353,984,"3,13",1.000000,1.000000
0.000000,0.000000,28.000000,2.000000,0.000000,0.000000,2.000000,0.000000,0.000000,0.000000,8.352708,2.000000,0.900000,1.000000,2.000000,0.000000,0.000000,0.106563,0.927274,0.957599,436.211847,0.719209,0.479473,0.966667,0.685996,7.678811,0.000000,False,False,False,0.996917,1.000000,0.993834,985,"3,13",1.000000,1.000000
0.000000,0.000000,28.000000,2.000000,0.000000,0.000000,2.000000,0.000000,0.000000,0.000000,8.333058,2.000000,0.900000,1.000000,2.000000,0.000000,0.000000,0.102655,0.929175,0.961324,435.524512,0.719485,0.479657,0.966667,0.687335,7.678811,0.000000,False,False,False,0.996604,1.000000,0.993208,986,"3,13",1.000000,1.000000
0.000000,0.000000,28.000000,2.000000,0.000000,0.000000,2.000000,0.000000,0.000000,0.000000,8.321358,2.000000,0.900000,1.000000,2.000000,0.000000,0.000000,0.110909,0.917800,0.953147,434.843886,0.719767,0.479845,0.966667,0.680626,7.678811,0.000000,False,False,False,0.997374,1.000000,0.994747,987,"3,13",1.000000,1.000000
0.000000,0.000000,28.000000,2.000000,0.000000,0.000000,2.000000,0.000000,0.000000,0.000000,8.323694,2.000000,0.900000,1.000000,2.000000,0.000000,0.000000,0.106141,0.926860,0.957944,434.159316,0.720069,0.480046,0.966667,0.684570,7.678811,0.000000,False,False,False,0.997045,1.000000,0.994089,988,"3,13",1.000000,1.000000
0.000000,0.000000,28.000000,2.000000,0.000000,0.000000,2.000000,0.000000,0.000000,0.000000,8.305979,2.000000,0.900000,1.000000,2.000000,0.000000,0.000000,0.107081,0.918143,0.951162,433.476659,0.720382,0.480255,0.966667,0.682657,7.678811,0.000000,False,False,False,0.997518,1.000000,0.995036,989,"3,13",1.000000,1.000000
0.000000,0.000000,28.000000,2.000000,0.000000,0.000000,2.000000,0.000000,0.000000,0.000000,8.292740,2.000000,0.900000,1.000000,2.000000,0.000000,0.000000,0.121236,0.905534,0.940591,432.801672,0.720929,0.480619,0.966667,0.674987,7.678811,0.000000,False,False,False,0.997149,1.000000,0.994299,990,"3,13",1.000000,1.000000
0.000000,0.000000,28.000000,2.000000,0.000000,0.000000,2.000000,0.000000,0.000000,0.000000,8.276975,2.000000,0.900000,1.000000,2.000000,0.000000,0.000000,0.124489,0.901084,0.939781,432.128538,0.721378,0.480919,0.966667,0.673133,7.678811,0.000000,False,False,False,0.997353,1.000000,0.994706,991,"3,13",1.000000,1.000000
0.000000,0.000000,28.000000,2.000000,0.000000,0.000000,2.000000,0.000000,0.000000,0.000000,8.281972,2.000000,0.900000,1.000000,2.000000,0.000000,0.000000,0.120670,0.907497,0.945789,431.455271,0.721824,0.481216,0.966667,0.673267,7.678811,0.000000,False,False,False,0.997514,1.000000,0.995027,992,"3,13",1.000000,1.000000
0.000000,0.000000,28.000000,2.000000,0.000000,0.000000,2.000000,0.000000,0.000000,0.000000,8.274715,2.000000,0.900000,1.000000,2.000000,0.000000,0.000000,0.102630,0.914664,0.959362,430.769785,0.722164,0.481443,0.933333,0.685486,7.678811,0.000000,False,False,False,0.998045,1.000000,0.996091,993,"3,13",1.000000,1.000000
0.000000,0.000000,28.000000,2.000000,0.000000,0.000000,2.000000,0.000000,0.000000,0.000000,8.266280,2.000000,0.900000,1.000000,2.000000,0.000000,0.000000,0.086006,0.929800,0.970192,430.072340,0.722684,0.481789,0.933333,0.697445,7.678811,0.000000,False,False,False,0.996931,1.000000,0.993862,994,"3,13",1.000000,1.000000
0.000000,0.000000,28.000000,2.000000,0.000000,0.000000,2.000000,0.000000,0.000000,0.000000,8.252914,2.000000,0.900000,1.000000,2.000000,0.000000,0.000000,0.106505,0.913871,0.954465,429.383870,0.723150,0.482100,0.933333,0.688470,7.678811,0.000000,False,False,False,0.997295,1.000000,0.994590,995,"3,13",1.000000,1.000000
0.000000,0.000000,28.000000,2.000000,0.000000,0.000000,2.000000,0.000000,0.000000,0.000000,8.251836,2.000000,0.900000,1.000000,2.000000,0.000000,0.000000,0.112610,0.907395,0.953413,428.698226,0.723407,0.482271,0.933333,0.685644,7.678811,0.000000,False,False,False,0.997269,1.000000,0.994538,996,"3,13",1.000000,1.000000
0.000000,0.000000,28.000000,2.000000,0.000000,0.000000,2.000000,0.000000,0.000000,0.000000,8.241758,2.000000,0.900000,1.000000,2.000000,0.000000,0.000000,0.086178,0.929748,0.971092,427.995472,0.723782,0.482522,0.933333,0.702754,7.678811,0.000000,False,False,False,0.997649,1.000000,0.995298,997,"3,13",1.000000,1.000000
0.000000,0.000000,28.000000,2.000000,0.000000,0.000000,2.000000,0.000000,0.000000,0.000000,8.228889,2.000000,0.900000,1.000000,2.000000,0.000000,0.000000,0.095607,0.921785,0.962060,427.302120,0.724093,0.482729,0.933333,0.693352,7.678811,0.000000,False,False,False,0.997352,1.000000,0.994704,998,"3,13",1.000000,1.000000
0.000000,0.000000,28.000000,2.000000,0.000000,0.000000,2.000000,0.000000,0.000000,0.000000,8.216373,2.000000,0.900000,1.000000,2.000000,0.000000,0.000000,0.108291,0.908294,0.952771,426.611734,0.724508,0.483005,0.933333,0.690387,7.678811,0.000000,False,False,False,0.997481,1.000000,0.994963,999,"3,13",1.000000,1.000000
0.000000,0.000000,28.000000,2.000000,0.000000,0.000000,2.000000,0.000000,0.000000,0.000000,8.219936,2.000000,0.900000,1.000000,2.000000,0.000000,0.000000,0.114624,0.900192,0.951654,425.925516,0.724814,0.483209,0.933333,0.686218,7.678811,0.000000,False,False,False,0.997150,1.000000,0.994300,1000,"3,13",1.000000,1.000000
0.000000,0.000000,28.000000,2.000000,0.000000,0.000000,2.000000,0.000000,0.000000,0.000000,8.210894,2.000000,0.900000,1.000000,2.000000,0.000000,0.000000,0.086823,0.926041,0.970772,425.221883,0.725021,0.483347,0.933333,0.703633,7.678811,0.000000,False,False,False,0.997636,1.000000,0.995272,1001,"3,13",1.000000,1.000000
0.000000,0.000000,28.000000,2.000000,0.000000,0.000000,2.000000,0.000000,0.000000,0.000000,8.207792,2.000000,0.900000,1.000000,2.000000,0.000000,0.000000,0.075821,0.931011,0.973303,424.515551,0.725279,0.483520,0.933333,0.706332,7.678811,0.000000,False,False,False,0.997939,1.000000,0.995877,1002,"3,13",1.000000,1.000000
0.000000,0.000000,28.000000,2.000000,0.000000,0.000000,2.000000,0.000000,0.000000,0.000000,8.196895,2.000000,0.900000,1.000000,2.000000,0.000000,0.000000,0.115035,0.897265,0.941340,423.835092,0.727004,0.484670,0.966667,0.680460,7.678811,0.000000,False,False,False,0.997201,1.000000,0.994401,1003,"3,13",1.000000,1.000000
0.000000,0.000000,28.000000,2.000000,0.000000,0.000000,2.000000,0.000000,0.000000,0.000000,8.198373,2.000000,0.900000,1.000000,2.000000,0.000000,0.000000,0.121893,0.888587,0.941780,423.154319,0.727273,0.484849,0.966667,0.680773,7.678811,0.000000,False,False,False,0.997406,1.000000,0.994812,1004,"3,13",1.000000,1.000000
0.000000,0.000000,28.000000,2.000000,0.000000,0.000000,2.000000,0.000000,0.000000,0.000000,8.191316,2.000000,0.900000,1.000000,2.000000,0.000000,0.000000,0.085653,0.920097,0.965825,422.450168,0.727553,0.485035,0.966667,0.704151,7.678811,0.000000,False,False,False,0.997262,1.000000,0.994523,1005,"3,13",1.000000,1.000000
0.000000,0.000000,28.000000,2.000000,0.000000,0.000000,2.000000,0.000000,0.000000,0.000000,8.187687,2.000000,0.900000,1.000000,2.000000,0.000000,0.000000,0.085392,0.914053,0.965799,421.750113,0.727699,0.485133,0.966667,0.700055,7.678811,0.000000,False,False,False,0.997430,1.000000,0.994859,1006,"3,13",1.000000,1.000000
0.000000,0.000000,28.000000,2.000000,0.000000,0.000000,2.000000,0.000000,0.000000,0.000000,8.182716,2.000000,0.900000,1.000000,2.000000,0.000000,0.000000,0.094345,0.910832,0.956430,421.054479,0.728137,0.485424,0.966667,0.695634,7.678811,0.000000,False,False,False,0.997418,1.000000,0.994836,1007,"3,13",1.000000,1.000000
0.000000,0.000000,28.000000,2.000000,0.000000,0.000000,2.000000,0.000000,0.000000,0.000000,8.188357,2.000000,0.900000,1.000000,2.000000,0.000000,0.000000,0.095717,0.907009,0.957144,420.355133,0.728218,0.485478,0.966667,0.699347,7.678811,0.000000,False,False,False,0.997375,1.000000,0.994749,1008,"3,13",1.000000,1.000000
0.000000,0.000000,28.000000,2.000000,0.000000,0.000000,2.000000,0.000000,0.000000,0.000000,8.178636,2.000000,0.900000,1.000000,2.000000,0.000000,0.000000,0.089683,0.912278,0.962520,419.652920,0.728398,0.485599,0.966667,0.702213,7.678811,0.000000,False,False,False,0.997079,1.000000,0.994158,1009,"3,13",1.000000,1.000000
0.000000,0.000000,28.000000,2.000000,0.000000,0.000000,2.000000,0.000000,0.000000,0.000000,8.181386,2.000000,0.900000,1.000000,2.000000,0.000000,0.000000,0.073074,0.922291,0.973472,418.940799,0.728610,0.485740,0.933333,0.712121,7.678811,0.000000,False,False,False,0.997909,1.000000,0.995818,1010,"3,13",1.000000,1.000000
0.000000,0.000000,28.000000,2.000000,0.000000,0.000000,2.000000,0.000000,0.000000,0.000000,8.173837,2.000000,0.900000,1.000000,2.000000,0.000000,0.000000,0.085162,0.910656,0.963821,418.236037,0.728763,0.485842,0.933333,0.704762,7.678811,0.000000,False,False,False,0.997013,1.000000,0.994026,1011,"3,13",1.000000,1.000000
0.000000,0.000000,28.000000,2.000000,0.000000,0.000000,2.000000,0.000000,0.000000,0.000000,8.182168,2.000000,0.900000,1.000000,2.000000,0.000000,0.000000,0.092659,0.904562,0.958018,417.538312,0.728939,0.485959,0.933333,0.697725,7.678811,0.000000,False,False,False,0.997307,1.000000,0.994613,1012,"3,13",1.000000,1.000000
0.000000,0.000000,28.000000,2.000000,0.000000,0.000000,2.000000,0.000000,0.000000,0.000000,8.168775,2.000000,0.900000,1.000000,2.000000,0.000000,0.000000,0.087318,0.907407,0.959968,416.833344,0.729020,0.486013,0.933333,0.704968,7.678811,0.000000,False,False,False,0.996718,1.000000,0.993435,1013,"3,13",1.000000,1.000000
0.000000,0.000000,28.000000,2.000000,0.000000,0.000000,2.000000,0.000000,0.000000,0.000000,8.168346,2.000000,0.900000,1.000000,2.000000,0.000000,0.000000,0.105618,0.885726,0.946029,416.143314,0.729203,0.486135,0.933333,0.690030,7.678811,0.000000,False,False,False,0.996507,1.000000,0.993014,1014,"3,13",1.000000,1.000000
0.000000,0.000000,28.000000,2.000000,0.000000,0.000000,2.000000,0.000000,0.000000,0.000000,8.161088,2.000000,0.900000,1.000000,2.000000,0.000000,0.000000,0.109781,0.884117,0.944918,415.452903,0.729392,0.486261,0.933333,0.690411,7.678811,0.000000,False,False,False,0.996833,1.000000,0.993666,1015,"3,13",1.000000,1.000000
0.000000,0.000000,28.000000,2.000000,0.000000,0.000000,2.000000,0.000000,0.000000,0.000000,8.173817,2.000000,0.900000,1.000000,2.000000,0.000000,0.000000,0.089376,0.901445,0.962464,414.748391,0.729534,0.486356,0.933333,0.704511,7.678811,0.000000,False,False,False,0.996867,1.000000,0.993733,1016,"3,13",1.000000,1.000000
0.000000,0.000000,28.000000,2.000000,0.000000,0.000000,2.000000,0.000000,0.000000,0.000000,8.167496,2.000000,0.900000,1.000000,2.000000,0.000000,0.000000,0.093596,0.899154,0.949396,414.049969,0.729869,0.486579,0.933333,0.698423,7.678811,0.000000,False,False,False,0.997001,1.000000,0.994002,1017,"3,13",1.000000,0.882353
0.000000,0.000000,28.000000,2.000000,0.000000,0.000000,2.000000,0.000000,0.000000,0.000000,8.176849,2.000000,0.900000,1.000000,2.000000,0.000000,0.000000,0.115031,0.877019,0.931678,413.363831,0.729781,0.486520,0.933333,0.686138,7.678811,0.000000,False,False,False,0.986095,1.000000,0.972190,1018,"3,13",1.000000,0.823529
0.000000,0.000000,28.000000,2.000000,0.000000,0.000000,2.000000,0.000000,0.000000,0.000000,8.209652,2.000000,0.900000,1.000000,2.000000,0.000000,0.000000,0.136695,0.850469,0.921865,412.698106,0.729218,0.486146,0.933333,0.665725,7.678811,0.000000,False,False,False,0.972141,1.000000,0.944281,1019,"3,13",1.000000,0.823529
0.000000,0.000000,28.000000,2.000000,0.000000,0.000000,2.000000,0.000000,0.000000,0.000000,8.270575,2.000000,0.900000,1.000000,2.000000,0.000000,0.000000,0.169757,0.810657,0.901703,412.056172,0.728603,0.485736,0.933333,0.641933,7.678811,0.000000,False,False,False,0.964756,1.000000,0.929512,1020,"3,13",1.000000,0.823529
0.000000,0.000000,28.000000,2.000000,0.000000,0.000000,2.000000,0.000000,0.000000,0.000000,8.300206,2.000000,0.900000,1.000000,2.000000,0.000000,0.000000,0.176880,0.804412,0.889170,411.420560,0.728332,0.485555,0.933333,0.635612,7.678811,0.000000,False,False,False,0.975133,1.000000,0.950267,1021,"3,13",1.000000,0.823529
0.000000,0.000000,28.000000,2.000000,0.000000,0.000000,2.000000,0.000000,0.000000,0.000000,8.367298,2.000000,0.900000,1.000000,2.000000,0.000000,0.000000,0.152632,0.830636,0.902793,410.765397,0.726977,0.484651,0.933333,0.655163,7.678811,0.000000,False,False,False,0.937934,1.000000,0.875868,1022,"3,13",1.000000,0.823529
0.000000,0.000000,28.000000,2.000000,0.000000,0.000000,2.000000,0.000000,0.000000,0.000000,8.378592,2.000000,0.900000,1.000000,2.000000,0.000000,0.000000,0.150629,0.828387,0.916738,410.114733,0.726401,0.484268,0.933333,0.650663,7.678811,0.000000,False,False,False,0.973444,1.000000,0.946888,1023,"3,13",1.000000,0.823529
0.000000,0.000000,28.000000,2.000000,0.000000,0.000000,2.000000,0.000000,0.000000,0.000000,8.412766,2.000000,0.900000,1.000000,2.000000,0.000000,0.000000,0.129881,0.850444,0.925573,409.444431,0.726262,0.484175,0.933333,0.670302,7.678811,0.000000,False,False,False,0.973740,1.000000,0.947479,1024,"3,13",1.000000,0.823529
0.000000,0.000000,28.000000,2.000000,0.000000,0.000000,2.000000,0.000000,0.000000,0.000000,8.444458,2.000000,0.900000,1.000000,2.000000,0.000000,0.000000,0.152097,0.820507,0.915484,408.799611,0.725950,0.483967,0.933333,0.644820,7.678811,0.000000,False,False,False,0.979529,1.000000,0.959058,1025,"3,13",1.000000,0.823529
0.000000,0.000000,28.000000,2.000000,0.000000,0.000000,2.000000,0.000000,0.000000,0.000000,8.500212,2.000000,0.900000,1.000000,2.000000,0.000000,0.000000,0.141788,0.838254,0.905833,408.136792,0.725340,0.483560,0.933333,0.662819,7.678811,0.000000,False,False,False,0.957582,1.000000,0.915163,1026,"3,13",1.000000,0.823529
0.000000,0.000000,28.000000,2.000000,0.000000,0.000000,2.000000,0.000000,0.000000,0.000000,8.518397,2.000000,0.900000,1.000000,2.000000,0.000000,0.000000,0.113658,0.865220,0.926458,407.455318,0.724593,0.483062,0.933333,0.681474,7.678811,0.000000,False,False,False,0.962144,1.000000,0.924289,1027,"3,13",1.000000,0.823529
0.000000,0.000000,28.000000,2.000000,0.000000,0.000000,2.000000,0.000000,0.000000,0.000000,8.503199,2.000000,0.900000,1.000000,2.000000,0.000000,0.000000,0.132448,0.853482,0.921349,406.783302,0.726978,0.484652,0.966667,0.672016,7.678811,0.000000,False,False,False,0.970356,1.000000,0.940712,1028,"3,13",1.000000,0.823529
0.000000,0.000000,28.000000,2.000000,0.000000,0.000000,2.000000,0.000000,0.000000,0.000000,8.529759,2.000000,0.900000,1.000000,2.000000,0.000000,0.000000,0.141122,0.844278,0.917321,406.115235,0.725672,0.483781,0.966667,0.668066,7.678811,0.000000,False,False,False,0.969818,1.000000,0.939636,1029,"3,13",1.000000,0.823529
0.000000,0.000000,28.000000,2.000000,0.000000,0.000000,2.000000,0.000000,0.000000,0.000000,8.534875,2.000000,0.900000,1.000000,2.000000,0.000000,0.000000,0.142340,0.842477,0.921445,405.446665,0.725316,0.483544,0.966667,0.668571,7.678811,0.000000,False,False,False,0.975796,1.000000,0.951592,1030,"3,13",1.000000,0.823529
0.000000,0.000000,28.000000,2.000000,0.000000,0.000000,2.000000,0.000000,0.000000,0.000000,8.539849,2.000000,0.900000,1.000000,2.000000,0.000000,0.000000,0.121626,0.865035,0.935165,404.762404,0.725045,0.483363,0.966667,0.684261,7.678811,0.000000,False,False,False,0.978409,1.000000,0.956817,1031,"3,13",1.000000,0.823529
0.000000,0.000000,28.000000,2.000000,0.000000,0.000000,2.000000,0.000000,0.000000,0.000000,8.572287,2.000000,0.900000,1.000000,2.000000,0.000000,0.000000,0.133588,0.852288,0.923601,404.087541,0.724936,0.483291,0.966667,0.674862,7.678811,0.000000,False,False,False,0.972220,1.000000,0.944441,1032,"3,13",1.000000,0.823529
0.000000,0.000000,28.000000,2.000000,0.000000,0.000000,2.000000,0.000000,0.000000,0.000000,8.554415,2.000000,0.900000,1.000000,2.000000,0.000000,0.000000,0.144514,0.840187,0.918084,403.421394,0.725000,0.483333,0.966667,0.666147,7.678811,0.000000,False,False,False,0.983386,1.000000,0.966773,1033,"3,13",1.000000,0.823529
0.000000,0.000000,28.000000,2.000000,0.000000,0.000000,2.000000,0.000000,0.000000,0.000000,8.567000,2.000000,0.900000,1.000000,2.000000,0.000000,0.000000,0.133377,0.851279,0.924037,402.748152,0.725229,0.483486,0.966667,0.673242,7.678811,0.000000,False,False,False,0.982859,1.000000,0.965718,1034,"3,13",1.000000,0.823529
0.000000,0.000000,28.000000,2.000000,0.000000,0.000000,2.000000,0.000000,0.000000,0.000000,8.549962,2.000000,0.900000,1.000000,2.000000,0.000000,0.000000,0.152908,0.831215,0.899271,402.093133,0.725318,0.483545,0.966667,0.655019,7.678811,0.000000,False,False,False,0.988043,1.000000,0.976086,1035,"3,13",1.000000,0.823529
0.000000,0.000000,28.000000,2.000000,0.000000,0.000000,2.000000,0.000000,0.000000,0.000000,8.560831,2.000000,0.900000,1.000000,2.000000,0.000000,0.000000,0.120349,0.861109,0.928583,401.413965,0.725218,0.483479,0.966667,0.679168,7.678811,0.000000,False,False,False,0.971721,1.000000,0.943442,1036,"3,13",1.000000,0.823529
0.000000,0.000000,28.000000,2.000000,0.000000,0.000000,2.000000,0.000000,0.000000,0.000000,8.548469,2.000000,0.900000,1.000000,2.000000,0.000000,0.000000,0.137629,0.843472,0.913807,400.747047,0.725422,0.483614,0.966667,0.666918,7.678811,0.000000,False,False,False,0.984755,1.000000,0.969509,1037,"3,13",1.000000,0.823529
0.000000,0.000000,28.000000,2.000000,0.000000,0.000000,2.000000,0.000000,0.000000,0.000000,8.563906,2.000000,0.900000,1.000000,2.000000,0.000000,0.000000,0.191601,0.856323,0.915666,400.086522,0.720251,0.480167,0.933333,0.660526,7.678811,0.000000,False,False,False,0.973430,1.000000,0.946859,1038,"3,13",1.000000,0.823529
0.000000,0.000000,28.000000,2.000000,0.000000,0.000000,2.000000,0.000000,0.000000,0.000000,8.543289,2.000000,0.900000,1.000000,2.000000,0.000000,0.000000,0.165766,0.828724,0.883782,399.438836,0.720499,0.480333,0.933333,0.647686,7.678811,0.000000,False,False,False,0.984456,1.000000,0.968913,1039,"3,13",1.000000,0.823529
0.000000,0.000000,28.000000,2.000000,0.000000,0.000000,2.000000,0.000000,0.000000,0.000000,8.533625,2.000000,0.900000,1.000000,2.000000,0.000000,0.000000,0.179197,0.871409,0.936385,398.765280,0.721907,0.481272,0.933333,0.673557,7.678811,0.000000,False,False,False,0.971876,1.000000,0.943753,1040,"3,13",1.000000,0.823529
0.000000,0.000000,28.000000,2.000000,0.000000,0.000000,2.000000,0.000000,0.000000,0.000000,8.551827,2.000000,0.900000,1.000000,2.000000,0.000000,0.000000,0.133689,0.862957,0.921854,398.093491,0.720474,0.480316,0.933333,0.671789,7.678811,0.000000,False,False,False,0.984588,1.000000,0.969176,1041,"3,13",1.000000,0.823529
0.000000,0.000000,28.000000,2.000000,0.000000,0.000000,2.000000,0.000000,0.000000,0.000000,8.529746,2.000000,0.900000,1.000000,2.000000,0.000000,0.000000,0.173498,0.871310,0.940778,397.417988,0.722486,0.481657,0.933333,0.675503,7.678811,0.000000,False,False,False,0.987525,1.000000,0.975049,1042,"3,13",1.000000,0.823529
0.000000,0.000000,28.000000,2.000000,0.000000,0.000000,2.000000,0.000000,0.000000,0.000000,8.518034,2.000000,0.900000,1.000000,2.000000,0.000000,0.000000,0.145179,0.882731,0.879432,396.745251,0.712830,0.475220,0.900000,0.672737,7.678811,0.000000,False,False,False,0.995607,1.000000,0.991214,1043,"3,13",1.000000,0.764706
0.000000,0.000000,28.000000,2.000000,0.000000,0.000000,2.000000,0.000000,0.000000,0.000000,8.529390,2.000000,0.900000,1.000000,2.000000,0.000000,0.000000,0.164769,0.862122,0.859965,396.082940,0.712343,0.474895,0.900000,0.662311,7.678811,0.000000,False,False,False,0.975476,1.000000,0.950953,1044,"3,13",1.000000,0.764706
0.000000,0.000000,28.000000,2.000000,0.000000,0.000000,2.000000,0.000000,0.000000,0.000000,8.566871,2.000000,0.900000,1.000000,2.000000,0.000000,0.000000,0.196036,0.849374,0.880041,395.439721,0.717108,0.478072,0.933333,0.643219,7.678811,0.000000,False,False,False,0.964639,1.000000,0.929278,1045,"3,13",1.000000,0.764706
0.000000,0.000000,28.000000,2.000000,0.000000,0.000000,2.000000,0.000000,0.000000,0.000000,8.623973,2.000000,0.900000,1.000000,2.000000,0.000000,0.000000,0.175290,0.842796,0.854740,394.792266,0.711774,0.474516,0.900000,0.647454,7.678811,0.000000,False,False,False,0.965488,1.000000,0.930976,1046,"3,13",1.000000,0.764706
0.000000,0.000000,28.000000,2.000000,0.000000,0.000000,2.000000,0.000000,0.000000,0.000000,8.704809,2.000000,0.900000,1.000000,2.000000,0.000000,0.000000,0.186237,0.835562,0.837341,394.150729,0.711170,0.474113,0.900000,0.641537,7.678811,0.000000,False,False,False,0.968392,1.000000,0.936784,1047,"3,13",1.000000,0.764706
0.000000,0.000000,28.000000,2.000000,0.000000,0.000000,2.000000,0.000000,0.000000,0.000000,8.801979,2.000000,0.900000,1.000000,2.000000,0.000000,0.000000,0.155882,0.895388,0.913640,393.476191,0.715548,0.477032,0.933333,0.674538,7.678811,0.000000,False,False,False,0.947551,1.000000,0.895102,1048,"3,13",1.000000,0.764706
0.000000,0.000000,28.000000,2.000000,0.000000,0.000000,2.000000,0.000000,0.000000,0.000000,8.907219,2.000000,0.900000,1.000000,2.000000,0.000000,0.000000,0.124427,0.904895,0.897200,392.785285,0.710497,0.473665,0.900000,0.690906,7.678811,0.000000,False,False,False,0.975527,1.000000,0.951055,1049,"3,13",1.000000,0.705882
0.000000,0.000000,28.000000,2.000000,0.000000,0.000000,2.000000,0.000000,0.000000,0.000000,9.003349,2.000000,0.900000,1.000000,2.000000,0.000000,0.000000,0.139478,0.889871,0.879645,392.105729,0.710567,0.473712,0.900000,0.679556,7.678811,0.000000,False,False,False,0.994566,1.000000,0.989133,1050,"3,13",1.000000,0.705882
0.000000,0.000000,28.000000,2.000000,0.000000,0.000000,2.000000,0.000000,0.000000,0.000000,9.100800,2.000000,0.900000,1.000000,2.000000,0.000000,0.000000,0.161792,0.892558,0.898401,391.435705,0.716328,0.477552,0.933333,0.670024,7.678811,0.000000,False,False,False,0.991504,1.000000,0.983008,1051,"3,13",1.000000,0.705882
0.000000,0.000000,28.000000,2.000000,0.000000,0.000000,2.000000,0.000000,0.000000,0.000000,9.225690,2.000000,0.900000,1.000000,2.000000,0.000000,0.000000,0.182214,0.843663,0.842806,390.789125,0.711043,0.474029,0.900000,0.646580,7.678811,0.000000,False,False,False,0.978624,1.000000,0.957248,1052,"3,13",1.000000,0.705882
0.000000,0.000000,28.000000,2.000000,0.000000,0.000000,2.000000,0.000000,0.000000,0.000000,9.320893,2.000000,0.900000,1.000000,2.000000,0.000000,0.000000,0.140247,0.888085,0.882921,390.110046,0.710250,0.473500,0.900000,0.679079,7.678811,0.000000,False,False,False,0.959832,1.000000,0.919664,1053,"3,13",1.000000,0.705882
0.000000,0.000000,28.000000,2.000000,0.000000,0.000000,2.000000,0.000000,0.000000,0.000000,9.437658,2.000000,0.900000,1.000000,2.000000,0.000000,0.000000,0.151971,0.900925,0.916313,389.433130,0.716102,0.477401,0.966667,0.676917,7.678811,0.000000,False,False,False,0.980986,1.000000,0.961972,1054,"3,13",1.000000,0.705882
0.000000,0.000000,28.000000,2.000000,0.000000,0.000000,2.000000,0.000000,0.000000,0.000000,9.525631,2.000000,0.900000,1.000000,2.000000,0.000000,0.000000,0.153156,0.873619,0.870610,388.763829,0.710753,0.473835,0.900000,0.669300,7.678811,0.000000,False,False,False,0.985833,1.000000,0.971665,1055,"3,13",1.000000,0.705882
0.000000,0.000000,28.000000,2.000000,0.000000,0.000000,2.000000,0.000000,0.000000,0.000000,9.655219,2.000000,0.900000,1.000000,2.000000,0.000000,0.000000,0.152045,0.875863,0.863956,388.094038,0.710444,0.473629,0.900000,0.669792,7.678811,0.000000,False,False,False,0.971591,1.000000,0.943182,1056,"3,13",1.000000,0.705882
0.000000,0.000000,28.000000,2.000000,0.000000,0.000000,2.000000,0.000000,0.000000,0.000000,9.753130,2.000000,0.900000,1.000000,2.000000,0.000000,0.000000,0.144676,0.908995,0.920267,387.412147,0.716103,0.477402,0.966667,0.681890,7.678811,0.000000,False,False,False,0.983508,1.000000,0.967015,1057,"3,13",1.000000,0.705882
0.000000,0.000000,28.000000,2.000000,0.000000,0.000000,2.000000,0.000000,0.000000,0.000000,9.848162,2.000000,0.900000,1.000000,2.000000,0.000000,0.000000,0.138171,0.890463,0.886067,386.730819,0.711270,0.474180,0.900000,0.681329,7.678811,0.000000,False,False,False,0.996686,1.000000,0.993372,1058,"3,13",1.000000,0.647059
0.000000,0.000000,28.000000,2.000000,0.000000,0.000000,2.000000,0.000000,0.000000,0.000000,9.945800,2.000000,0.900000,1.000000,2.000000,0.000000,0.000000,0.143095,0.913247,0.924136,386.048975,0.716744,0.477829,0.966667,0.681844,7.678811,0.000000,False,False,False,0.982611,1.000000,0.965222,1059,"3,13",1.000000,0.647059
0.000000,0.000000,28.000000,2.000000,0.000000,0.000000,2.000000,0.000000,0.000000,0.000000,10.049874,2.000000,0.900000,1.000000,2.000000,0.000000,0.000000,0.149969,0.876082,0.875642,385.376856,0.711562,0.474375,0.900000,0.672119,7.678811,0.000000,False,False,False,0.981611,1.000000,0.963221,1060,"3,13",1.000000,0.647059
0.000000,0.000000,28.000000,2.000000,0.000000,0.000000,2.000000,0.000000,0.000000,0.000000,10.183957,2.000000,0.900000,1.000000,2.000000,0.000000,0.000000,0.131426,0.896615,0.887915,384.690156,0.710964,0.473976,0.900000,0.686699,7.678811,0.000000,False,False,False,0.966560,1.000000,0.933121,1061,"3,13",1.000000,0.647059
0.000000,0.000000,28.000000,2.000000,0.000000,0.000000,2.000000,0.000000,0.000000,0.000000,10.263813,2.000000,0.900000,1.000000,2.000000,0.000000,0.000000,0.142060,0.911180,0.920854,384.005373,0.716410,0.477607,0.933333,0.684784,7.678811,0.000000,False,False,False,0.985686,1.000000,0.971373,1062,"3,13",1.000000,0.647059
0.000000,0.000000,28.000000,2.000000,0.000000,0.000000,2.000000,0.000000,0.000000,0.000000,10.254457,2.000000,0.900000,1.000000,2.000000,0.000000,0.000000,0.169690,0.857259,0.846023,383.349351,0.711516,0.474344,0.900000,0.656022,7.678811,0.000000,False,False,False,0.985986,1.000000,0.971972,1063,"3,13",1.000000,0.647059
0.000000,0.000000,28.000000,2.000000,0.000000,0.000000,2.000000,0.000000,0.000000,0.000000,10.250387,2.000000,0.900000,1.000000,2.000000,0.000000,0.000000,0.170788,0.854564,0.851820,382.694715,0.710952,0.473968,0.900000,0.654636,7.678811,0.000000,False,False,False,0.971083,1.000000,0.942165,1064,"3,13",1.000000,0.647059
0.000000,0.000000,28.000000,2.000000,0.000000,0.000000,2.000000,0.000000,0.000000,0.000000,10.253382,2.000000,0.900000,1.000000,2.000000,0.000000,0.000000,0.163197,0.888407,0.895548,382.029502,0.716377,0.477585,0.966667,0.665212,7.678811,0.000000,False,False,False,0.978678,1.000000,0.957356,1065,"3,13",1.000000,0.647059
0.000000,0.000000,28.000000,2.000000,0.000000,0.000000,2.000000,0.000000,0.000000,0.000000,10.242689,2.000000,0.900000,1.000000,2.000000,0.000000,0.000000,0.131518,0.895947,0.892638,381.346290,0.711571,0.474381,0.900000,0.683212,7.678811,0.000000,False,False,False,0.993655,1.000000,0.987311,1066,"3,13",1.000000,0.647059
0.000000,0.000000,28.000000,2.000000,0.000000,0.000000,2.000000,0.000000,0.000000,0.000000,10.237348,2.000000,0.900000,1.000000,2.000000,0.000000,0.000000,0.139390,0.892082,0.886314,380.669828,0.711924,0.474616,0.900000,0.676462,7.678811,0.000000,False,False,False,0.995140,1.000000,0.990279,1067,"3,13",1.000000,0.647059
0.000000,0.000000,28.000000,2.000000,0.000000,0.000000,2.000000,0.000000,0.000000,0.000000,10.237631,2.000000,0.900000,1.000000,2.000000,0.000000,0.000000,0.163676,0.889202,0.902081,380.001053,0.717202,0.478135,0.966667,0.668775,7.678811,0.000000,False,False,False,0.978774,1.000000,0.957549,1068,"3,13",1.000000,0.647059
0.000000,0.000000,28.000000,2.000000,0.000000,0.000000,2.000000,0.000000,0.000000,0.000000,10.234778,2.000000,0.900000,1.000000,2.000000,0.000000,0.000000,0.153046,0.873191,0.868992,379.331347,0.711434,0.474289,0.900000,0.669706,7.678811,0.000000,False,False,False,0.962983,1.000000,0.925967,1069,"3,13",1.000000,0.647059
0.000000,0.000000,28.000000,2.000000,0.000000,0.000000,2.000000,0.000000,0.000000,0.000000,10.236326,2.000000,0.900000,1.000000,2.000000,0.000000,0.000000,0.152451,0.874778,0.872490,378.661228,0.711482,0.474321,0.900000,0.670120,7.678811,0.000000,False,False,False,0.985792,1.000000,0.971585,1070,"3,13",1.000000,0.647059
0.000000,0.000000,28.000000,2.000000,0.000000,0.000000,2.000000,0.000000,0.000000,0.000000,10.229535,2.000000,0.900000,1.000000,2.000000,0.000000,0.000000,0.166874,0.879740,0.888093,377.999827,0.717055,0.478036,0.966667,0.661400,7.678811,0.000000,False,False,False,0.985941,1.000000,0.971882,1071,"3,13",1.000000,0.647059
0.000000,0.000000,28.000000,2.000000,0.000000,0.000000,2.000000,0.000000,0.000000,0.000000,10.223000,2.000000,0.900000,1.000000,2.000000,0.000000,0.000000,0.154600,0.873547,0.871960,377.332340,0.711600,0.474400,0.900000,0.667488,7.678811,0.000000,False,False,False,0.980067,1.000000,0.960133,1072,"3,13",1.000000,0.647059
0.000000,0.000000,28.000000,2.000000,0.000000,0.000000,2.000000,0.000000,0.000000,0.000000,10.213326,2.000000,0.900000,1.000000,2.000000,0.000000,0.000000,0.144882,0.881400,0.880382,376.657502,0.712142,0.474762,0.900000,0.674838,7.678811,0.000000,False,False,False,0.993776,1.000000,0.987551,1073,"3,13",1.000000,0.647059
0.000000,0.000000,28.000000,2.000000,0.000000,0.000000,2.000000,0.000000,0.000000,0.000000,10.216202,2.000000,0.900000,1.000000,2.000000,0.000000,0.000000,0.129379,0.917481,0.931651,375.969188,0.717506,0.478337,0.966667,0.688314,7.678811,0.000000,False,False,False,0.979521,1.000000,0.959042,1074,"3,13",1.000000,0.647059
0.000000,0.000000,28.000000,2.000000,0.000000,0.000000,2.000000,0.000000,0.000000,0.000000,10.212963,2.000000,0.900000,1.000000,2.000000,0.000000,0.000000,0.135760,0.890326,0.889254,375.289001,0.712781,0.475188,0.900000,0.680187,7.678811,0.000000,False,False,False,0.995739,1.000000,0.991479,1075,"3,13",1.000000,0.647059
0.000000,0.000000,28.000000,2.000000,0.000000,0.000000,2.000000,0.000000,0.000000,0.000000,10.213110,2.000000,0.900000,1.000000,2.000000,0.000000,0.000000,0.141783,0.885718,0.879014,374.610823,0.712990,0.475327,0.900000,0.678178,7.678811,0.000000,False,False,False,0.988617,1.000000,0.977234,1076,"3,13",1.000000,0.647059
0.000000,0.000000,28.000000,2.000000,0.000000,0.000000,2.000000,0.000000,0.000000,0.000000,10.932619,2.000000,0.900000,1.000000,2.000000,0.000000,0.000000,0.218425,0.830813,0.838495,373.989003,0.718326,0.478884,0.966667,0.621819,7.678811,0.000000,False,False,False,0.978779,1.000000,0.957558,1077,"3,13",1.000000,0.588235
0.000000,0.000000,28.000000,2.000000,0.000000,0.000000,2.000000,0.000000,0.000000,0.000000,11.106500,2.000000,0.900000,1.000000,2.000000,0.000000,0.000000,0.169167,0.858363,0.845012,373.334751,0.712129,0.474753,0.900000,0.654253,7.678811,0.000000,False,False,False,0.934637,1.000000,0.869275,1078,"3,13",1.000000,0.470588
0.000000,0.000000,28.000000,2.000000,0.000000,0.000000,2.000000,0.000000,0.000000,0.000000,11.073001,2.000000,0.900000,1.000000,2.000000,0.000000,0.000000,0.164512,0.865039,0.849736,372.675672,0.711341,0.474228,0.900000,0.659078,7.678811,0.000000,False,False,False,0.964011,1.000000,0.928023,1079,"3,13",1.000000,0.470588
0.000000,0.000000,28.000000,2.000000,0.000000,0.000000,2.000000,0.000000,0.000000,0.000000,11.180362,2.000000,0.900000,1.000000,2.000000,0.000000,0.000000,0.158214,0.888344,0.893194,372.006620,0.717190,0.478127,0.966667,0.669053,7.678811,0.000000,False,False,False,0.970816,1.000000,0.941632,1080,"3,13",1.000000,0.470588
0.000000,0.000000,28.000000,2.000000,0.000000,0.000000,2.000000,0.000000,0.000000,0.000000,11.198133,2.000000,0.900000,1.000000,2.000000,0.000000,0.000000,0.170801,0.856393,0.848017,371.354038,0.712090,0.474727,0.900000,0.652582,7.678811,0.000000,False,False,False,0.971103,1.000000,0.942205,1081,"3,13",1.000000,0.470588
0.000000,0.000000,28.000000,2.000000,0.000000,0.000000,2.000000,0.000000,0.000000,0.000000,11.278960,2.000000,0.900000,1.000000,2.000000,0.000000,0.000000,0.174447,0.850325,0.839444,370.699478,0.711867,0.474578,0.900000,0.654561,7.678811,0.000000,False,False,False,0.963332,1.000000,0.926665,1082,"3,13",1.000000,0.470588
0.000000,0.000000,28.000000,2.000000,0.000000,0.000000,2.000000,0.000000,0.000000,0.000000,11.003411,2.000000,0.900000,1.000000,2.000000,0.000000,0.000000,0.199331,0.853914,0.858041,370.061424,0.717844,0.478563,0.966667,0.638053,7.678811,0.000000,False,False,False,0.968785,1.000000,0.937571,1083,"3,13",1.000000,0.500000
0.000000,0.000000,28.000000,2.000000,0.000000,0.000000,2.000000,0.000000,0.000000,0.000000,11.242444,2.000000,0.900000,1.000000,2.000000,0.000000,0.000000,0.193395,0.831719,0.831828,369.421413,0.713144,0.475429,0.900000,0.640011,7.678811,0.000000,False,False,False,0.962159,1.000000,0.924318,1084,"3,13",1.000000,0.500000
0.000000,0.000000,28.000000,2.000000,0.000000,0.000000,2.000000,0.000000,0.000000,0.000000,11.323735,2.000000,0.900000,1.000000,2.000000,0.000000,0.000000,0.149992,0.878830,0.868232,368.748242,0.712824,0.475216,0.900000,0.673171,7.678811,0.000000,False,False,False,0.950386,1.000000,0.900771,1085,"3,13",1.000000,0.500000
0.000000,0.000000,28.000000,2.000000,0.000000,0.000000,2.000000,0.000000,0.000000,0.000000,11.394260,2.000000,0.900000,1.000000,2.000000,0.000000,0.000000,0.171628,0.879070,0.889852,368.088597,0.719289,0.479526,0.966667,0.659645,7.678811,0.000000,False,False,False,0.985289,1.000000,0.970577,1086,"3,13",1.000000,0.500000
0.000000,0.000000,28.000000,2.000000,0.000000,0.000000,2.000000,0.000000,0.000000,0.000000,11.331145,2.000000,0.900000,1.000000,2.000000,0.000000,0.000000,0.162231,0.861258,0.864031,367.432215,0.714953,0.476635,0.900000,0.656382,7.678811,0.000000,False,False,False,0.977633,1.000000,0.955266,1087,"3,13",1.000000,0.500000
0.000000,0.000000,28.000000,2.000000,0.000000,0.000000,2.000000,0.000000,0.000000,0.000000,11.189219,2.000000,0.900000,1.000000,2.000000,0.000000,0.000000,0.157097,0.882887,0.897880,366.767074,0.721646,0.481097,0.966667,0.665141,7.678811,0.000000,False,False,False,0.977677,1.000000,0.955354,1088,"3,13",1.000000,0.500000
0.000000,0.000000,28.000000,2.000000,0.000000,0.000000,2.000000,0.000000,0.000000,0.000000,11.303556,2.000000,0.900000,1.000000,2.000000,0.000000,0.000000,0.183733,0.838587,0.827056,366.121162,0.718152,0.478768,0.900000,0.645912,7.678811,0.000000,False,False,False,0.978111,1.000000,0.956222,1089,"3,13",1.000000,0.500000
0.000000,0.000000,28.000000,2.000000,0.000000,0.000000,2.000000,0.000000,0.000000,0.000000,11.435612,2.000000,0.900000,1.000000,2.000000,0.000000,0.000000,0.173026,0.850126,0.839431,365.465102,0.718965,0.479310,0.900000,0.656059,7.678811,0.000000,False,False,False,0.957734,1.000000,0.915467,1090,"3,13",1.000000,0.500000
0.000000,0.000000,28.000000,2.000000,0.000000,0.000000,2.000000,0.000000,0.000000,0.000000,11.349168,2.000000,0.900000,1.000000,2.000000,0.000000,0.000000,0.207757,0.847992,0.863809,364.830455,0.725327,0.483551,0.966667,0.634648,7.678811,0.000000,False,False,False,0.970583,1.000000,0.941165,1091,"3,13",1.000000,0.500000
0.000000,0.000000,28.000000,2.000000,0.000000,0.000000,2.000000,0.000000,0.000000,0.000000,11.422036,2.000000,0.900000,1.000000,2.000000,0.000000,0.000000,0.143429,0.882754,0.880281,364.144580,0.721006,0.480670,0.900000,0.685875,7.678811,0.000000,False,False,False,0.942001,1.000000,0.884002,1092,"3,13",1.000000,0.500000
0.000000,0.000000,28.000000,2.000000,0.000000,0.000000,2.000000,0.000000,0.000000,0.000000,11.337217,2.000000,0.900000,1.000000,2.000000,0.000000,0.000000,0.142052,0.881653,0.875801,363.460821,0.723513,0.482342,0.900000,0.683760,7.678811,0.000000,False,False,False,0.980401,1.000000,0.960802,1093,"3,13",1.000000,0.500000
0.000000,0.000000,28.000000,2.000000,0.000000,0.000000,2.000000,0.000000,0.000000,0.000000,11.483575,2.000000,0.900000,1.000000,2.000000,0.000000,0.000000,0.154883,0.881992,0.903864,362.786650,0.730953,0.487302,0.966667,0.674170,7.678811,0.000000,False,False,False,0.979507,1.000000,0.959014,1094,"3,13",1.000000,0.500000
0.000000,0.000000,28.000000,2.000000,0.000000,0.000000,2.000000,0.000000,0.000000,0.000000,11.375459,2.000000,0.900000,1.000000,2.000000,0.000000,0.000000,0.169596,0.858420,0.865622,362.122647,0.728612,0.485741,0.900000,0.664003,7.678811,0.000000,False,False,False,0.986131,1.000000,0.972263,1095,"3,13",1.000000,0.500000
0.000000,0.000000,28.000000,2.000000,0.000000,0.000000,2.000000,0.000000,0.000000,0.000000,11.208093,2.000000,0.900000,1.000000,2.000000,0.000000,0.000000,0.163478,0.860169,0.852555,361.448388,0.730494,0.486996,0.900000,0.674260,7.678811,0.000000,False,False,False,0.964828,1.000000,0.929656,1096,"3,13",1.000000,0.500000
0.000000,0.000000,28.000000,2.000000,0.000000,0.000000,2.000000,0.000000,0.000000,0.000000,11.361106,2.000000,0.900000,1.000000,2.000000,0.000000,0.000000,0.172935,0.872099,0.876282,360.775373,0.738550,0.492367,0.966667,0.673014,7.678811,0.000000,False,False,False,0.971886,1.000000,0.943771,1097,"3,13",1.000000,0.500000
0.000000,0.000000,28.000000,2.000000,0.000000,0.000000,2.000000,0.000000,0.000000,0.000000,11.370930,2.000000,0.900000,1.000000,2.000000,0.000000,0.000000,0.153005,0.871283,0.861184,360.086702,0.736040,0.490693,0.900000,0.688671,7.678811,0.000000,False,False,False,0.953320,1.000000,0.906640,1098,"3,13",1.000000,0.500000
0.000000,0.000000,28.000000,2.000000,0.000000,0.000000,2.000000,0.000000,0.000000,0.000000,11.025672,2.000000,0.900000,1.000000,2.000000,0.000000,0.000000,0.185272,0.847131,0.829690,359.420803,0.739130,0.492753,0.900000,0.665900,7.678811,0.000000,False,False,False,0.967836,1.000000,0.935672,1099,"3,13",1.000000,0.500000
0.000000,0.000000,28.000000,2.000000,0.000000,0.000000,2.000000,0.000000,0.000000,0.000000,11.476511,2.000000,0.900000,1.000000,2.000000,0.000000,0.000000,0.179034,0.864428,0.879206,358.741436,0.748641,0.499094,0.966667,0.679367,7.678811,0.000000,False,False,False,0.955253,1.000000,0.910505,1100,"3,13",1.000000,0.500000
0.000000,0.000000,28.000000,2.000000,0.000000,0.000000,2.000000,0.000000,0.000000,0.000000,11.395152,2.000000,0.900000,1.000000,2.000000,0.000000,0.000000,0.160012,0.857931,0.861474,358.050423,0.748171,0.498781,0.900000,0.691012,7.678811,0.000000,False,False,False,0.959919,1.000000,0.919839,1101,"3,13",1.000000,0.500000
0.000000,0.000000,28.000000,2.000000,0.000000,0.000000,2.000000,0.000000,0.000000,0.000000,11.142287,2.000000,0.900000,1.000000,2.000000,0.000000,0.000000,0.166311,0.861970,0.855126,357.358798,0.754008,0.502672,0.900000,0.691625,7.678811,0.000000,False,False,False,0.982214,1.000000,0.964429,1102,"3,13",1.000000,0.500000
0.000000,0.000000,28.000000,2.000000,0.000000,0.000000,2.000000,0.000000,0.000000,0.000000,11.288276,2.000000,0.900000,1.000000,2.000000,0.000000,0.000000,0.160671,0.863644,0.892300,356.666087,0.765529,0.510353,0.966667,0.692711,7.678811,0.000000,False,False,False,0.968193,1.000000,0.936386,1103,"3,13",1.000000,0.500000
0.000000,0.000000,28.000000,2.000000,0.000000,0.000000,2.000000,0.000000,0.000000,0.000000,11.398653,2.000000,0.900000,1.000000,2.000000,0.000000,0.000000,0.175896,0.834298,0.839622,355.976753,0.767036,0.511357,0.900000,0.689334,7.678811,0.000000,False,False,False,0.961652,1.000000,0.923305,1104,"3,13",1.000000,0.500000
0.000000,0.000000,28.000000,2.000000,0.000000,0.000000,2.000000,0.000000,0.000000,0.000000,10.990406,2.000000,0.900000,1.000000,2.000000,0.000000,0.000000,0.160077,0.846459,0.849873,355.276887,0.771436,0.514291,0.900000,0.699866,7.678811,0.000000,False,False,False,0.934811,1.000000,0.869621,1105,"3,13",1.000000,0.500000
0.000000,0.000000,28.000000,2.000000,0.000000,0.000000,2.000000,0.000000,0.000000,0.000000,11.369283,2.000000,0.900000,1.000000,2.000000,0.000000,0.000000,0.183687,0.858860,0.878386,354.584082,0.780742,0.520495,0.966667,0.692805,7.678811,0.000000,False,False,False,0.970458,1.000000,0.940915,1106,"3,13",1.000000,0.500000
0.000000,0.000000,28.000000,2.000000,0.000000,0.000000,2.000000,0.000000,0.000000,0.000000,11.413522,2.000000,0.900000,1.000000,2.000000,0.000000,0.000000,0.163191,0.852584,0.855534,353.872183,0.777147,0.518098,0.900000,0.711899,7.678811,0.000000,False,False,False,0.960878,1.000000,0.921757,1107,"3,13",1.000000,0.533333
0.000000,0.000000,28.000000,2.000000,0.000000,0.000000,2.000000,0.000000,0.000000,0.000000,10.914657,2.000000,0.900000,1.000000,2.000000,0.000000,0.000000,0.178101,0.846640,0.844937,353.166204,0.779379,0.519586,0.900000,0.705979,7.678811,0.000000,False,False,False,0.975140,1.000000,0.950280,1108,"3,13",1.000000,0.533333
0.000000,0.000000,28.000000,2.000000,0.000000,0.000000,2.000000,0.000000,0.000000,0.000000,11.316467,2.000000,0.900000,1.000000,2.000000,0.000000,0.000000,0.137196,0.908528,0.921261,352.418906,0.787632,0.525088,0.966667,0.747298,7.678811,0.000000,False,False,False,0.968622,1.000000,0.937244,1109,"3,13",1.000000,0.533333
0.000000,0.000000,28.000000,2.000000,0.000000,0.000000,2.000000,0.000000,0.000000,0.000000,11.346962,2.000000,0.900000,1.000000,2.000000,0.000000,0.000000,0.147305,0.876000,0.875164,351.675561,0.791029,0.527352,0.900000,0.743345,7.678811,0.000000,False,False,False,0.981640,1.000000,0.963280,1110,"3,13",1.000000,0.400000
0.000000,0.000000,28.000000,2.000000,0.000000,0.000000,2.000000,0.000000,0.000000,0.000000,11.196442,2.000000,0.900000,1.000000,2.000000,0.000000,0.000000,0.194117,0.849500,0.861850,350.962568,0.805128,0.536752,0.966667,0.712993,7.678811,0.000000,False,False,False,0.970616,1.000000,0.941233,1111,"3,13",1.000000,0.333333
0.000000,0.000000,28.000000,2.000000,0.000000,0.000000,2.000000,0.000000,0.000000,0.000000,11.362414,2.000000,0.900000,1.000000,2.000000,0.000000,0.000000,0.229811,0.796033,0.781467,350.281582,0.806602,0.537735,0.900000,0.680987,7.678811,0.000000,False,False,False,0.930907,1.000000,0.861814,1112,"3,13",1.000000,0.333333
0.000000,0.000000,28.000000,2.000000,0.000000,0.000000,2.000000,0.000000,0.000000,0.000000,11.408217,2.000000,0.900000,1.000000,2.000000,0.000000,0.000000,0.207638,0.782725,0.812136,349.594718,0.813617,0.542411,0.900000,0.686864,7.678811,0.000000,False,False,False,0.921656,1.000000,0.843312,1113,"3,13",1.000000,0.133333
0.000000,0.000000,28.000000,2.000000,0.000000,0.000000,2.000000,0.000000,0.000000,0.000000,11.089982,2.000000,0.900000,1.000000,2.000000,0.000000,0.000000,0.235073,0.802910,0.823800,348.908987,0.826092,0.550728,0.966667,0.685731,7.678811,0.000000,False,False,False,0.943977,1.000000,0.887954,1114,"3,13",1.000000,0.133333
0.000000,0.000000,28.000000,2.000000,0.000000,0.000000,2.000000,0.000000,0.000000,0.000000,11.318631,2.000000,0.900000,1.000000,2.000000,0.000000,0.000000,0.210469,0.819114,0.804421,348.188484,0.829688,0.553125,0.900000,0.720503,7.678811,0.000000,False,False,False,0.923049,1.000000,0.846097,1115,"3,13",1.000000,0.133333
0.000000,0.000000,28.000000,2.000000,0.000000,0.000000,2.000000,0.000000,0.000000,0.000000,11.595119,2.000000,0.900000,1.000000,2.000000,0.000000,0.000000,0.188563,0.842267,0.838600,347.430587,0.838634,0.559089,0.900000,0.757897,7.678811,0.000000,False,False,False,0.951504,1.000000,0.903009,1116,"3,13",1.000000,0.133333
0.000000,0.000000,28.000000,2.000000,0.000000,0.000000,2.000000,0.000000,0.000000,0.000000,11.349150,2.000000,0.900000,1.000000,2.000000,0.000000,0.000000,0.258328,0.787013,0.809452,346.728757,0.852451,0.568301,0.966667,0.701830,7.678811,0.000000,False,False,False,0.957386,1.000000,0.914771,1117,"3,13",1.000000,0.133333
0.000000,0.000000,28.000000,2.000000,0.000000,0.000000,2.000000,0.000000,0.000000,0.000000,11.069736,2.000000,0.900000,1.000000,2.000000,0.000000,0.000000,0.201208,0.823087,0.806805,345.978969,0.848827,0.565885,0.900000,0.749788,7.678811,0.000000,False,False,False,0.911091,1.000000,0.822182,1118,"3,13",1.000000,0.133333
0.000000,0.000000,28.000000,2.000000,0.000000,0.000000,2.000000,0.000000,0.000000,0.000000,11.000195,2.000000,0.900000,1.000000,2.000000,0.000000,0.000000,0.208916,0.826483,0.801016,345.229307,0.858310,0.572207,0.900000,0.749661,7.678811,0.000000,False,False,False,0.930977,1.000000,0.861954,1119,"3,13",1.000000,0.133333
0.000000,0.000000,28.000000,2.000000,0.000000,0.000000,2.000000,0.000000,0.000000,0.000000,11.394964,2.000000,0.900000,1.000000,2.000000,0.000000,0.000000,0.189270,0.864227,0.874557,344.447710,0.861097,0.574065,0.966667,0.781597,7.678811,0.000000,False,False,False,0.916844,1.000000,0.833689,1120,"3,13",1.000000,0.133333
0.000000,0.000000,28.000000,2.000000,0.000000,0.000000,2.000000,0.000000,0.000000,0.000000,10.867620,2.000000,0.900000,1.000000,2.000000,0.000000,0.000000,0.177038,0.851598,0.837601,343.651287,0.866560,0.577707,0.900000,0.796423,7.678811,0.000000,False,False,False,0.951119,1.000000,0.902239,1121,"3,13",1.000000,0.133333
0.000000,0.000000,28.000000,2.000000,0.000000,0.000000,2.000000,0.000000,0.000000,0.000000,11.513967,2.000000,0.900000,1.000000,2.000000,0.000000,0.000000,0.206155,0.819236,0.808806,342.880680,0.873614,0.582409,0.900000,0.770607,7.678811,0.000000,False,False,False,0.950902,1.000000,0.901803,1122,"3,13",1.000000,0.133333
0.000000,0.000000,28.000000,2.000000,0.000000,0.000000,2.000000,0.000000,0.000000,0.000000,10.915831,2.000000,0.900000,1.000000,2.000000,0.000000,0.000000,0.210169,0.815372,0.830507,342.133601,0.878052,0.585368,0.966667,0.747079,7.678811,0.000000,False,False,False,0.926493,1.000000,0.852985,1123,"3,13",1.000000,0.133333
0.000000,0.000000,28.000000,2.000000,0.000000,0.000000,2.000000,0.000000,0.000000,0.000000,11.407740,2.000000,0.900000,1.000000,2.000000,0.000000,0.000000,0.204616,0.821512,0.813441,341.370198,0.882100,0.588067,0.900000,0.763403,7.678811,0.000000,False,False,False,0.913274,1.000000,0.826548,1124,"3,13",1.000000,0.133333
0.000000,0.000000,28.000000,2.000000,0.000000,0.000000,2.000000,0.000000,0.000000,0.000000,11.349809,2.000000,0.900000,1.000000,2.000000,0.000000,0.000000,0.192197,0.810896,0.825610,340.600171,0.883377,0.588918,0.900000,0.770027,7.678811,0.000000,False,False,False,0.929080,1.000000,0.858159,1125,"3,13",1.000000,0.133333
0.000000,0.000000,28.000000,2.000000,0.000000,0.000000,2.000000,0.000000,0.000000,0.000000,11.314752,2.000000,0.900000,1.000000,2.000000,0.000000,0.000000,0.210217,0.844747,0.852351,339.826671,0.893821,0.595881,0.966667,0.773500,7.678811,0.000000,False,False,False,0.930067,1.000000,0.860134,1126,"3,13",1.000000,0.133333
0.000000,0.000000,28.000000,2.000000,0.000000,0.000000,2.000000,0.000000,0.000000,0.000000,10.756932,2.000000,0.900000,1.000000,2.000000,0.000000,0.000000,0.242876,0.778362,0.758280,339.072179,0.894174,0.596116,0.900000,0.754493,7.678811,0.000000,False,False,False,0.943459,1.000000,0.886919,1127,"3,13",1.000000,0.133333
0.000000,0.000000,28.000000,2.000000,0.000000,0.000000,2.000000,0.000000,0.000000,0.000000,11.023860,2.000000,0.900000,1.000000,2.000000,0.000000,0.000000,0.205563,0.821794,0.807591,338.280918,0.897177,0.598118,0.900000,0.791260,7.678811,0.000000,False,False,False,0.894824,1.000000,0.789649,1128,"3,13",1.000000,0.133333
0.000000,0.000000,28.000000,2.000000,0.000000,0.000000,2.000000,0.000000,0.000000,0.000000,11.197391,2.000000,0.900000,1.000000,2.000000,0.000000,0.000000,0.179816,0.859106,0.868803,337.457431,0.907801,0.605201,0.966667,0.823487,7.678811,0.000000,False,False,False,0.937452,1.000000,0.874905,1129,"3,13",1.000000,0.142857
0.000000,0.000000,28.000000,2.000000,0.000000,0.000000,2.000000,0.000000,0.000000,0.000000,11.067699,2.000000,0.900000,1.000000,2.000000,0.000000,0.000000,0.201596,0.829195,0.816092,336.657181,0.907454,0.604969,0.900000,0.800250,7.678811,0.000000,False,False,False,0.959062,1.000000,0.918124,1130,"3,13",1.000000,0.142857
0.000000,0.000000,28.000000,2.000000,0.000000,0.000000,2.000000,0.000000,0.000000,0.000000,11.059500,2.000000,0.900000,1.000000,2.000000,0.000000,0.000000,0.201140,0.807502,0.806944,335.860524,0.908345,0.605564,0.900000,0.796657,7.678811,0.000000,False,False,False,0.957791,1.000000,0.915581,1131,"3,13",1.000000,0.142857
0.000000,0.000000,28.000000,2.000000,0.000000,0.000000,2.000000,0.000000,0.000000,0.000000,10.763183,2.000000,0.900000,1.000000,2.000000,0.000000,0.000000,0.225587,0.819522,0.824234,335.083538,0.921119,0.614079,0.966667,0.776986,7.678811,0.000000,False,False,False,0.926602,1.000000,0.853205,1132,"3,13",1.000000,0.142857
0.000000,0.000000,28.000000,2.000000,0.000000,0.000000,2.000000,0.000000,0.000000,0.000000,11.063026,2.000000,0.900000,1.000000,2.000000,0.000000,0.000000,0.176608,0.845163,0.838798,334.259547,0.913928,0.609285,0.900000,0.823991,7.678811,0.000000,False,False,False,0.930007,1.000000,0.860013,1133,"3,13",1.000000,0.142857
0.000000,0.000000,28.000000,2.000000,0.000000,0.000000,2.000000,0.000000,0.000000,0.000000,11.291614,2.000000,0.900000,1.000000,2.000000,0.000000,0.000000,0.221675,0.809970,0.794990,333.473577,0.918526,0.612350,0.900000,0.785970,7.678811,0.000000,False,False,False,0.958724,1.000000,0.917447,1134,"3,13",1.000000,0.142857
0.000000,0.000000,28.000000,2.000000,0.000000,0.000000,2.000000,0.000000,0.000000,0.000000,11.191202,2.000000,0.900000,1.000000,2.000000,0.000000,0.000000,0.242758,0.811837,0.817220,332.692972,0.926117,0.617411,0.966667,0.780605,7.678811,0.000000,False,False,False,0.917669,1.000000,0.835338,1135,"3,13",1.000000,0.142857
0.000000,0.000000,28.000000,2.000000,0.000000,0.000000,2.000000,0.000000,0.000000,0.000000,11.125285,2.000000,0.900000,1.000000,2.000000,0.000000,0.000000,0.202387,0.820963,0.814618,331.868941,0.924031,0.616021,0.900000,0.824032,7.678811,0.000000,False,False,False,0.926258,1.000000,0.852515,1136,"3,13",1.000000,0.142857
0.000000,0.000000,28.000000,2.000000,0.000000,0.000000,2.000000,0.000000,0.000000,0.000000,11.375554,2.000000,0.900000,1.000000,2.000000,0.000000,0.000000,0.194862,0.834953,0.850851,331.058242,0.928138,0.618758,0.966667,0.810699,7.678811,0.000000,False,False,False,0.931794,1.000000,0.863589,1137,"3,13",1.000000,0.142857
0.000000,0.000000,28.000000,2.000000,0.000000,0.000000,2.000000,0.000000,0.000000,0.000000,11.430496,2.000000,0.900000,1.000000,2.000000,0.000000,0.000000,0.190241,0.834532,0.819612,330.230219,0.931463,0.620975,0.900000,0.828023,7.678811,0.000000,False,False,False,0.953863,1.000000,0.907726,1138,"3,13",1.000000,0.142857
0.000000,0.000000,28.000000,2.000000,0.000000,0.000000,2.000000,0.000000,0.000000,0.000000,11.280464,2.000000,0.900000,1.000000,2.000000,0.000000,0.000000,0.218135,0.805238,0.795682,329.425979,0.934176,0.622784,0.900000,0.804240,7.678811,0.000000,False,False,False,0.935916,1.000000,0.871833,1139,"3,13",1.000000,0.142857
0.000000,0.000000,28.000000,2.000000,0.000000,0.000000,2.000000,0.000000,0.000000,0.000000,11.674016,2.000000,0.900000,1.000000,2.000000,0.000000,0.000000,0.207604,0.838053,0.853006,328.604483,0.943461,0.628974,0.966667,0.821496,7.678811,0.000000,False,False,False,0.933141,1.000000,0.866283,1140,"3,13",1.000000,0.142857
0.000000,0.000000,28.000000,2.000000,0.000000,0.000000,2.000000,0.000000,0.000000,0.000000,11.043001,2.000000,0.900000,1.000000,2.000000,0.000000,0.000000,0.191053,0.807114,0.812623,327.787572,0.936330,0.624220,0.900000,0.816911,7.678811,0.000000,False,False,False,0.968736,1.000000,0.937471,1141,"3,13",1.000000,0.142857
0.000000,0.000000,28.000000,2.000000,0.000000,0.000000,2.000000,0.000000,0.000000,0.000000,11.377076,2.000000,0.900000,1.000000,2.000000,0.000000,0.000000,0.229816,0.788457,0.788594,327.000513,0.938591,0.625727,0.900000,0.787059,7.678811,0.000000,False,False,False,0.953196,1.000000,0.906392,1142,"3,13",1.000000,0.153846
0.000000,0.000000,28.000000,2.000000,0.000000,0.000000,2.000000,0.000000,0.000000,0.000000,11.389144,2.000000,0.900000,1.000000,2.000000,0.000000,0.000000,0.187353,0.861735,0.863756,326.152979,0.945229,0.630152,0.966667,0.847535,7.678811,0.000000,False,False,False,0.919128,1.000000,0.838256,1143,"3,13",1.000000,0.153846
0.000000,0.000000,28.000000,2.000000,0.000000,0.000000,2.000000,0.000000,0.000000,0.000000,11.073649,2.000000,0.900000,1.000000,2.000000,0.000000,0.000000,0.166843,0.855600,0.846188,325.287862,0.943604,0.629069,0.900000,0.865117,7.678811,0.000000,False,False,False,0.940444,1.000000,0.880888,1144,"3,13",1.000000,0.153846
0.000000,0.000000,28.000000,2.000000,0.000000,0.000000,2.000000,0.000000,0.000000,0.000000,11.392989,2.000000,0.900000,1.000000,2.000000,0.000000,0.000000,0.151211,0.862783,0.864736,324.410032,0.946139,0.630760,0.900000,0.877830,7.678811,0.000000,False,False,False,0.961848,1.000000,0.923696,1145,"3,13",1.000000,0.153846
0.000000,0.000000,28.000000,2.000000,0.000000,0.000000,2.000000,0.000000,0.000000,0.000000,11.483370,2.000000,0.900000,1.000000,2.000000,0.000000,0.000000,0.163140,0.876221,0.891741,323.539661,0.954578,0.636386,0.966667,0.870372,7.678811,0.000000,False,False,False,0.981869,1.000000,0.963737,1146,"3,13",1.000000,0.153846
0.000000,0.000000,28.000000,2.000000,0.000000,0.000000,2.000000,0.000000,0.000000,0.000000,11.094229,2.000000,0.900000,1.000000,2.000000,0.000000,0.000000,0.178170,0.830204,0.828481,322.688951,0.952015,0.634677,0.900000,0.850710,7.678811,0.000000,False,False,False,0.977447,1.000000,0.954893,1147,"3,13",1.000000,0.153846
0.000000,0.000000,28.000000,2.000000,0.000000,0.000000,2.000000,0.000000,0.000000,0.000000,11.230069,2.000000,0.900000,1.000000,2.000000,0.000000,0.000000,0.240879,0.779772,0.770731,321.902784,0.952989,0.635326,0.900000,0.786167,7.678811,0.000000,False,False,False,0.940716,1.000000,0.881432,1148,"3,13",1.000000,0.153846
0.000000,0.000000,28.000000,2.000000,0.000000,0.000000,2.000000,0.000000,0.000000,0.000000,10.845202,2.000000,0.900000,1.000000,2.000000,0.000000,0.000000,0.202628,0.824176,0.838730,321.077803,0.959557,0.639705,0.966667,0.824981,7.678811,0.000000,False,False,False,0.913889,1.000000,0.827777,1149,"3,13",1.000000,0.153846
0.000000,0.000000,28.000000,2.000000,0.000000,0.000000,2.000000,0.000000,0.000000,0.000000,11.005499,2.000000,0.900000,1.000000,2.000000,0.000000,0.000000,0.202874,0.820457,0.811880,320.238944,0.956863,0.637908,0.900000,0.838860,7.678811,0.000000,False,False,False,0.935245,1.000000,0.870490,1150,"3,13",1.000000,0.153846
0.000000,0.000000,28.000000,2.000000,0.000000,0.000000,2.000000,0.000000,0.000000,0.000000,11.071849,2.000000,0.900000,1.000000,2.000000,0.000000,0.000000,0.225790,0.803740,0.791876,319.425494,0.959197,0.639464,0.900000,0.813449,7.678811,0.000000,False,False,False,0.957662,1.000000,0.915324,1151,"3,13",1.000000,0.153846
0.000000,0.000000,28.000000,2.000000,0.000000,0.000000,2.000000,0.000000,0.000000,0.000000,11.178100,2.000000,0.900000,1.000000,2.000000,0.000000,0.000000,0.235368,0.818472,0.825063,318.605174,0.966096,0.644064,0.966667,0.820320,7.678811,0.000000,False,False,False,0.933940,1.000000,0.867879,1152,"3,13",1.000000,0.153846
0.000000,0.000000,28.000000,2.000000,0.000000,0.000000,2.000000,0.000000,0.000000,0.000000,11.228952,2.000000,0.900000,1.000000,2.000000,0.000000,0.000000,0.207173,0.817043,0.805148,317.752399,0.961430,0.640953,0.900000,0.852775,7.678811,0.000000,False,False,False,0.934636,1.000000,0.869272,1153,"3,13",1.000000,0.166667
0.000000,0.000000,28.000000,2.000000,0.000000,0.000000,2.000000,0.000000,0.000000,0.000000,11.433972,2.000000,0.900000,1.000000,2.000000,0.000000,0.000000,0.215588,0.813749,0.798859,316.918104,0.962714,0.641809,0.900000,0.834295,7.678811,0.000000,False,False,False,0.939106,1.000000,0.878212,1154,"3,13",1.000000,0.166667
0.000000,0.000000,28.000000,2.000000,0.000000,0.000000,2.000000,0.000000,0.000000,0.000000,11.536577,2.000000,0.900000,1.000000,2.000000,0.000000,0.000000,0.202263,0.850112,0.857625,316.051726,0.969743,0.646495,0.966667,0.866378,7.678811,0.000000,False,False,False,0.939670,1.000000,0.879340,1155,"3,13",1.000000,0.166667
0.000000,0.000000,28.000000,2.000000,0.000000,0.000000,2.000000,0.000000,0.000000,0.000000,10.746832,2.000000,0.900000,1.000000,2.000000,0.000000,0.000000,0.184769,0.837428,0.822984,315.182256,0.966097,0.644065,0.900000,0.869470,7.678811,0.000000,False,False,False,0.954674,1.000000,0.909349,1156,"3,13",1.000000,0.166667
0.000000,0.000000,28.000000,2.000000,0.000000,0.000000,2.000000,0.000000,0.000000,0.000000,11.310462,2.000000,0.900000,1.000000,2.000000,0.000000,0.000000,0.142071,0.875046,0.871824,314.269288,0.967803,0.645202,0.900000,0.912967,7.678811,0.000000,False,False,False,0.963713,1.000000,0.927427,1157,"3,13",1.000000,0.166667
0.000000,0.000000,28.000000,2.000000,0.000000,0.000000,2.000000,0.000000,0.000000,0.000000,11.202694,2.000000,0.900000,1.000000,2.000000,0.000000,0.000000,0.183294,0.845688,0.859801,313.401403,0.975134,0.650089,0.966667,0.867886,7.678811,0.000000,False,False,False,0.987657,1.000000,0.975314,1158,"3,13",1.000000,0.166667
0.000000,0.000000,28.000000,2.000000,0.000000,0.000000,2.000000,0.000000,0.000000,0.000000,11.135559,2.000000,0.900000,1.000000,2.000000,0.000000,0.000000,0.231453,0.800443,0.789789,312.592612,0.970961,0.647307,0.900000,0.808791,7.678811,0.000000,False,False,False,0.960911,1.000000,0.921822,1159,"3,13",1.000000,0.166667
0.000000,0.000000,28.000000,2.000000,0.000000,0.000000,2.000000,0.000000,0.000000,0.000000,11.562309,2.000000,0.900000,1.000000,2.000000,0.000000,0.000000,0.175145,0.831399,0.841497,311.714060,0.972533,0.648356,0.900000,0.878552,7.678811,0.000000,False,False,False,0.964881,1.000000,0.929761,1160,"3,13",1.000000,0.166667
0.000000,0.000000,28.000000,2.000000,0.000000,0.000000,2.000000,0.000000,0.000000,0.000000,11.068233,2.000000,0.900000,1.000000,2.000000,0.000000,0.000000,0.189287,0.864288,0.870739,310.836762,0.979780,0.653187,0.966667,0.877297,7.678811,0.000000,False,False,False,0.976857,1.000000,0.953715,1161,"3,13",1.000000,0.166667
0.000000,0.000000,28.000000,2.000000,0.000000,0.000000,2.000000,0.000000,0.000000,0.000000,11.078289,2.000000,0.900000,1.000000,2.000000,0.000000,0.000000,0.179628,0.816971,0.824562,309.969759,0.975785,0.650523,0.900000,0.867003,7.678811,0.000000,False,False,False,0.969929,1.000000,0.939858,1162,"3,13",1.000000,0.166667
0.000000,0.000000,28.000000,2.000000,0.000000,0.000000,2.000000,0.000000,0.000000,0.000000,11.585541,2.000000,0.900000,1.000000,2.000000,0.000000,0.000000,0.214344,0.825050,0.840819,309.131484,0.982065,0.654710,0.966667,0.838275,7.678811,0.000000,False,False,False,0.959546,1.000000,0.919093,1163,"3,13",1.000000,0.166667
0.000000,0.000000,28.000000,2.000000,0.000000,0.000000,2.000000,0.000000,0.000000,0.000000,10.875332,2.000000,0.900000,1.000000,2.000000,0.000000,0.000000,0.240100,0.768686,0.759396,308.323587,0.977990,0.651993,0.900000,0.807897,7.678811,0.000000,False,False,False,0.949218,1.000000,0.898437,1164,"3,13",1.000000,0.166667
0.000000,0.000000,28.000000,2.000000,0.000000,0.000000,2.000000,0.000000,0.000000,0.000000,11.211924,2.000000,0.900000,1.000000,2.000000,0.000000,0.000000,0.218455,0.817590,0.800655,307.489856,0.977941,0.651961,0.900000,0.833732,7.678811,0.000000,False,False,False,0.911913,1.000000,0.823826,1165,"3,13",1.000000,0.181818
0.000000,0.000000,28.000000,2.000000,0.000000,0.000000,2.000000,0.000000,0.000000,0.000000,11.705859,2.000000,0.900000,1.000000,2.000000,0.000000,0.000000,0.164540,0.859589,0.882822,306.588164,0.985562,0.657042,0.966667,0.901691,7.678811,0.000000,False,False,False,0.963780,1.000000,0.927559,1166,"3,13",1.000000,0.181818
0.000000,0.000000,28.000000,2.000000,0.000000,0.000000,2.000000,0.000000,0.000000,0.000000,11.141108,2.000000,0.900000,1.000000,2.000000,0.000000,0.000000,0.183845,0.836686,0.829931,305.714894,0.982107,0.654738,0.900000,0.873270,7.678811,0.000000,False,False,False,0.972161,1.000000,0.944321,1167,"3,13",1.000000,0.181818
0.000000,0.000000,28.000000,2.000000,0.000000,0.000000,2.000000,0.000000,0.000000,0.000000,11.282823,2.000000,0.900000,1.000000,2.000000,0.000000,0.000000,0.197716,0.826579,0.822661,304.857729,0.983389,0.655593,0.900000,0.857165,7.678811,0.000000,False,False,False,0.980438,1.000000,0.960876,1168,"3,13",1.000000,0.181818
0.000000,0.000000,28.000000,2.000000,0.000000,0.000000,2.000000,0.000000,0.000000,0.000000,11.380690,2.000000,0.900000,1.000000,2.000000,0.000000,0.000000,0.169553,0.870857,0.880429,303.956987,0.989674,0.659782,0.966667,0.900743,7.678811,0.000000,False,False,False,0.972103,1.000000,0.944206,1169,"3,13",1.000000,0.181818
0.000000,0.000000,28.000000,2.000000,0.000000,0.000000,2.000000,0.000000,0.000000,0.000000,11.317060,2.000000,0.900000,1.000000,2.000000,0.000000,0.000000,0.166621,0.834783,0.846628,303.069846,0.985728,0.657152,0.900000,0.887141,7.678811,0.000000,False,False,False,0.978315,1.000000,0.956630,1170,"3,13",1.000000,0.181818
0.000000,0.000000,28.000000,2.000000,0.000000,0.000000,2.000000,0.000000,0.000000,0.000000,11.269139,2.000000,0.900000,1.000000,2.000000,0.000000,0.000000,0.194002,0.815437,0.829454,302.216054,0.985996,0.657331,0.900000,0.853793,7.678811,0.000000,False,False,False,0.949506,1.000000,0.899011,1171,"3,13",1.000000,0.181818
0.000000,0.000000,28.000000,2.000000,0.000000,0.000000,2.000000,0.000000,0.000000,0.000000,11.051125,2.000000,0.900000,1.000000,2.000000,0.000000,0.000000,0.214299,0.822823,0.832010,301.375271,0.992095,0.661397,0.966667,0.840782,7.678811,0.000000,False,False,False,0.954838,1.000000,0.909676,1172,"3,13",1.000000,0.181818
0.000000,0.000000,28.000000,2.000000,0.000000,0.000000,2.000000,0.000000,0.000000,0.000000,11.435544,2.000000,0.900000,1.000000,2.000000,0.000000,0.000000,0.202701,0.815251,0.812587,300.516565,0.988246,0.658831,0.900000,0.858706,7.678811,0.000000,False,False,False,0.975639,1.000000,0.951277,1173,"3,13",1.000000,0.181818
0.000000,0.000000,28.000000,2.000000,0.000000,0.000000,2.000000,0.000000,0.000000,0.000000,11.182676,2.000000,0.900000,1.000000,2.000000,0.000000,0.000000,0.198783,0.804757,0.820034,299.666834,0.988770,0.659180,0.900000,0.849731,7.678811,0.000000,False,False,False,0.964907,1.000000,0.929814,1174,"3,13",1.000000,0.181818
0.000000,0.000000,28.000000,2.000000,0.000000,0.000000,2.000000,0.000000,0.000000,0.000000,11.247710,2.000000,0.900000,1.000000,2.000000,0.000000,0.000000,0.218684,0.820229,0.834171,298.833492,0.994346,0.662897,0.966667,0.833342,7.678811,0.000000,False,False,False,0.937216,1.000000,0.874433,1175,"3,13",1.000000,0.181818
0.000000,0.000000,28.000000,2.000000,0.000000,0.000000,2.000000,0.000000,0.000000,0.000000,11.018078,2.000000,0.900000,1.000000,2.000000,0.000000,0.000000,0.204092,0.800586,0.810381,297.984287,0.990467,0.660311,0.900000,0.849205,7.678811,0.000000,False,False,False,0.965547,1.000000,0.931093,1176,"3,13",1.000000,0.181818
0.000000,0.000000,28.000000,2.000000,0.000000,0.000000,2.000000,0.000000,0.000000,0.000000,11.055630,2.000000,0.900000,1.000000,2.000000,0.000000,0.000000,0.245473,0.783320,0.768789,297.164908,0.991449,0.660966,0.900000,0.819379,7.678811,0.000000,False,False,False,0.969046,1.000000,0.938093,1177,"3,13",1.000000,0.181818
0.000000,0.000000,28.000000,2.000000,0.000000,0.000000,2.000000,0.000000,0.000000,0.000000,11.606937,2.000000,0.900000,1.000000,2.000000,0.000000,0.000000,0.201545,0.844241,0.858068,296.283405,0.997366,0.664910,0.966667,0.881504,7.678811,0.000000,False,False,False,0.925902,1.000000,0.851804,1178,"3,13",1.000000,0.181818
0.000000,0.000000,28.000000,2.000000,0.000000,0.000000,2.000000,0.000000,0.000000,0.000000,11.263468,2.000000,0.900000,1.000000,2.000000,0.000000,0.000000,0.183809,0.837840,0.837743,295.396126,0.992621,0.661748,0.900000,0.887279,7.678811,0.000000,False,False,False,0.953133,1.000000,0.906266,1179,"3,13",1.000000,0.181818
0.000000,0.000000,28.000000,2.000000,0.000000,0.000000,2.000000,0.000000,0.000000,0.000000,10.960849,2.000000,0.900000,1.000000,2.000000,0.000000,0.000000,0.205078,0.828955,0.813210,294.538834,0.989808,0.659872,0.900000,0.857292,7.678811,0.000000,False,False,False,0.978792,1.000000,0.957584,1180,"3,13",1.000000,0.181818
0.000000,0.000000,28.000000,2.000000,0.000000,0.000000,2.000000,0.000000,0.000000,0.000000,11.510527,2.000000,0.900000,1.000000,2.000000,0.000000,0.000000,0.160825,0.852926,0.883555,293.632873,0.999439,0.666292,0.966667,0.905960,7.678811,0.000000,False,False,False,0.962551,1.000000,0.925101,1181,"3,13",1.000000,0.181818
0.000000,0.000000,28.000000,2.000000,0.000000,0.000000,2.000000,0.000000,0.000000,0.000000,11.108810,2.000000,0.900000,1.000000,2.000000,0.000000,0.000000,0.216280,0.810347,0.802640,292.785833,0.995354,0.663569,0.900000,0.847040,7.678811,0.000000,False,False,False,0.976816,1.000000,0.953632,1182,"3,13",1.000000,0.181818
0.000000,0.000000,28.000000,2.000000,0.000000,0.000000,2.000000,0.000000,0.000000,0.000000,11.226712,2.000000,0.900000,1.000000,2.000000,0.000000,0.000000,0.204360,0.828401,0.811610,291.912652,0.995782,0.663855,0.900000,0.873181,7.678811,0.000000,False,False,False,0.954854,1.000000,0.909708,1183,"3,13",1.000000,0.181818
0.000000,0.000000,28.000000,2.000000,0.000000,0.000000,2.000000,0.000000,0.000000,0.000000,11.300067,2.000000,0.900000,1.000000,2.000000,0.000000,0.000000,0.203439,0.836779,0.856955,291.020690,1.002302,0.668201,0.966667,0.891962,7.678811,0.000000,False,False,False,0.953026,1.000000,0.906052,1184,"3,13",1.000000,0.200000
0.000000,0.000000,28.000000,2.000000,0.000000,0.000000,2.000000,0.000000,0.000000,0.000000,11.168490,2.000000,0.900000,1.000000,2.000000,0.000000,0.000000,0.195589,0.834876,0.823123,290.142589,0.992174,0.661449,0.900000,0.878100,7.678811,0.000000,False,False,False,0.948894,1.000000,0.897788,1185,"3,13",1.000000,0.200000
0.000000,0.000000,28.000000,2.000000,0.000000,0.000000,2.000000,0.000000,0.000000,0.000000,11.590259,2.000000,0.900000,1.000000,2.000000,0.000000,0.000000,0.159667,0.867319,0.856117,289.222125,0.995532,0.663688,0.900000,0.920464,7.678811,0.000000,False,False,False,0.990971,1.000000,0.981942,1186,"3,13",1.000000,0.200000
0.000000,0.000000,28.000000,2.000000,0.000000,0.000000,2.000000,0.000000,0.000000,0.000000,11.568682,2.000000,0.900000,1.000000,2.000000,0.000000,0.000000,0.166433,0.855806,0.882389,288.315657,1.002316,0.668211,0.966667,0.906467,7.678811,0.000000,False,False,False,0.989247,1.000000,0.978495,1187,"3,13",1.000000,0.200000
0.000000,0.000000,28.000000,2.000000,0.000000,0.000000,2.000000,0.000000,0.000000,0.000000,11.274120,2.000000,0.900000,1.000000,2.000000,0.000000,0.000000,0.220179,0.810847,0.798512,287.467066,0.996898,0.664598,0.900000,0.848591,7.678811,0.000000,False,False,False,0.948961,1.000000,0.897923,1188,"3,13",1.000000,0.200000
0.000000,0.000000,28.000000,2.000000,0.000000,0.000000,2.000000,0.000000,0.000000,0.000000,10.996996,2.000000,0.900000,1.000000,2.000000,0.000000,0.000000,0.186956,0.838192,0.862077,286.577504,1.001852,0.667902,0.966667,0.889563,7.678811,0.000000,False,False,False,0.909936,1.000000,0.819871,1189,"3,13",1.000000,0.200000
0.000000,0.000000,28.000000,2.000000,0.000000,0.000000,2.000000,0.000000,0.000000,0.000000,11.187165,2.000000,0.900000,1.000000,2.000000,0.000000,0.000000,0.226219,0.804840,0.794995,285.745085,0.993296,0.662198,0.900000,0.832418,7.678811,0.000000,False,False,False,0.949417,1.000000,0.898834,1190,"3,13",1.000000,0.200000
0.000000,0.000000,28.000000,2.000000,0.000000,0.000000,2.000000,0.000000,0.000000,0.000000,11.017190,2.000000,0.900000,1.000000,2.000000,0.000000,0.000000,0.193522,0.815071,0.813024,284.859766,0.999364,0.666243,0.900000,0.885319,7.678811,0.000000,False,False,False,0.978195,1.000000,0.956389,1191,"3,13",1.000000,0.200000
0.000000,0.000000,28.000000,2.000000,0.000000,0.000000,2.000000,0.000000,0.000000,0.000000,11.019246,2.000000,0.900000,1.000000,2.000000,0.000000,0.000000,0.232637,0.825021,0.826864,284.008861,1.005771,0.670514,0.966667,0.850906,7.678811,0.000000,False,False,False,0.978784,1.000000,0.957568,1192,"3,13",1.000000,0.200000
0.000000,0.000000,28.000000,2.000000,0.000000,0.000000,2.000000,0.000000,0.000000,0.000000,10.668789,2.000000,0.900000,1.000000,2.000000,0.000000,0.000000,0.220900,0.805475,0.798684,283.140480,1.000411,0.666940,0.900000,0.868381,7.678811,0.000000,False,False,False,0.936575,1.000000,0.873149,1193,"3,13",1.000000,0.200000
0.000000,0.000000,28.000000,2.000000,0.000000,0.000000,2.000000,0.000000,0.000000,0.000000,11.469079,2.000000,0.900000,1.000000,2.000000,0.000000,0.000000,0.174146,0.855637,0.855299,282.230556,1.000906,0.667271,0.900000,0.909924,7.678811,0.000000,False,False,False,0.950664,1.000000,0.901327,1194,"3,13",1.000000,0.200000
0.000000,0.000000,28.000000,2.000000,0.000000,0.000000,2.000000,0.000000,0.000000,0.000000,11.173185,2.000000,0.900000,1.000000,2.000000,0.000000,0.000000,0.173425,0.838524,0.870460,281.336746,1.006528,0.671019,0.966667,0.893810,7.678811,0.000000,False,False,False,0.980858,1.000000,0.961716,1195,"3,13",1.000000,0.200000
0.000000,0.000000,28.000000,2.000000,0.000000,0.000000,2.000000,0.000000,0.000000,0.000000,11.146405,2.000000,0.900000,1.000000,2.000000,0.000000,0.000000,0.240174,0.797560,0.790946,280.520751,0.997442,0.664962,0.900000,0.815994,7.678811,0.000000,False,False,False,0.989627,1.000000,0.979254,1196,"3,13",1.000000,0.200000
0.000000,0.000000,28.000000,2.000000,0.000000,0.000000,2.000000,0.000000,0.000000,0.000000,11.047341,2.000000,0.900000,1.000000,2.000000,0.000000,0.000000,0.207810,0.806304,0.802789,279.633715,1.000278,0.666852,0.900000,0.887036,7.678811,0.000000,False,False,False,0.979414,1.000000,0.958827,1197,"3,13",1.000000,0.200000
0.000000,0.000000,28.000000,2.000000,0.000000,0.000000,2.000000,0.000000,0.000000,0.000000,11.697896,2.000000,0.900000,1.000000,2.000000,0.000000,0.000000,0.177599,0.880920,0.887470,278.717881,1.006269,0.670846,0.966667,0.915835,7.678811,0.000000,False,False,False,0.958895,1.000000,0.917789,1198,"3,13",1.000000,0.200000
0.000000,0.000000,28.000000,2.000000,0.000000,0.000000,2.000000,0.000000,0.000000,0.000000,11.136643,2.000000,0.900000,1.000000,2.000000,0.000000,0.000000,0.169164,0.846043,0.849587,277.795054,1.001274,0.667516,0.900000,0.922827,7.678811,0.000000,False,False,False,0.964539,1.000000,0.929079,1199,"3,13",1.000000,0.200000
0.000000,0.000000,28.000000,2.000000,0.000000,0.000000,2.000000,0.000000,0.000000,0.000000,11.153982,2.000000,0.900000,1.000000,2.000000,0.000000,0.000000,0.181122,0.849821,0.843787,276.894034,1.001113,0.667409,0.900000,0.901020,7.678811,0.000000,False,False,False,0.950195,1.000000,0.900389,1200,"3,13",1.000000,0.200000
0.000000,0.000000,28.000000,2.000000,0.000000,0.000000,2.000000,0.000000,0.000000,0.000000,10.924353,2.000000,0.900000,1.000000,2.000000,0.000000,0.000000,0.208701,0.831245,0.842164,276.001930,1.008118,0.672079,0.966667,0.892104,7.678811,0.000000,False,False,False,0.986713,1.000000,0.973426,1201,"3,13",1.000000,0.200000
0.000000,0.000000,28.000000,2.000000,0.000000,0.000000,2.000000,0.000000,0.000000,0.000000,11.244682,2.000000,0.900000,1.000000,2.000000,0.000000,0.000000,0.252935,0.767355,0.752507,275.178425,1.003852,0.669235,0.900000,0.823505,7.678811,0.000000,False,False,False,0.967821,1.000000,0.935642,1202,"3,13",1.000000,0.200000
0.000000,0.000000,28.000000,2.000000,0.000000,0.000000,2.000000,0.000000,0.000000,0.000000,10.516762,2.000000,0.900000,1.000000,2.000000,0.000000,0.000000,0.238422,0.773352,0.776625,274.352250,1.003311,0.668874,0.900000,0.826174,7.678811,0.000000,False,False,False,0.926536,1.000000,0.853071,1203,"3,13",1.000000,0.200000
0.000000,0.000000,28.000000,2.000000,0.000000,0.000000,2.000000,0.000000,0.000000,0.000000,10.879249,2.000000,0.900000,1.000000,2.000000,0.000000,0.000000,0.223363,0.825767,0.838175,273.508391,1.008997,0.672665,0.966667,0.843859,7.678811,0.000000,False,False,False,0.948029,1.000000,0.896058,1204,"3,13",1.000000,0.200000
0.000000,0.000000,28.000000,2.000000,0.000000,0.000000,2.000000,0.000000,0.000000,0.000000,11.507645,2.000000,0.900000,1.000000,2.000000,0.000000,0.000000,0.172078,0.831752,0.845369,272.613440,1.004622,0.669748,0.900000,0.894952,7.678811,0.000000,False,False,False,0.961290,1.000000,0.922581,1205,"3,13",1.000000,0.200000
0.000000,0.000000,28.000000,2.000000,0.000000,0.000000,2.000000,0.000000,0.000000,0.000000,11.009914,2.000000,0.900000,1.000000,2.000000,0.000000,0.000000,0.208512,0.811068,0.816852,271.756298,1.005606,0.670404,0.900000,0.857141,7.678811,0.000000,False,False,False,0.983656,1.000000,0.967313,1206,"3,13",1.000000,0.200000
0.000000,0.000000,28.000000,2.000000,0.000000,0.000000,2.000000,0.000000,0.000000,0.000000,10.962093,2.000000,0.900000,1.000000,2.000000,0.000000,0.000000,0.221409,0.825230,0.833883,270.889804,1.012008,0.674672,0.966667,0.866495,7.678811,0.000000,False,False,False,0.964806,1.000000,0.929612,1207,"3,13",1.000000,0.200000
0.000000,0.000000,28.000000,2.000000,0.000000,0.000000,2.000000,0.000000,0.000000,0.000000,10.922069,2.000000,0.900000,1.000000,2.000000,0.000000,0.000000,0.214994,0.806990,0.804322,270.012479,1.006058,0.670706,0.900000,0.877324,7.678811,0.000000,False,False,False,0.969865,1.000000,0.939731,1208,"3,13",1.000000,0.200000
0.000000,0.000000,28.000000,2.000000,0.000000,0.000000,2.000000,0.000000,0.000000,0.000000,11.488078,2.000000,0.900000,1.000000,2.000000,0.000000,0.000000,0.212845,0.810984,0.804706,269.136330,1.006002,0.670668,0.900000,0.876149,7.678811,0.000000,False,False,False,0.950402,1.000000,0.900803,1209,"3,13",1.000000,0.200000
0.000000,0.000000,28.000000,2.000000,0.000000,0.000000,2.000000,0.000000,0.000000,0.000000,11.156322,2.000000,0.900000,1.000000,2.000000,0.000000,0.000000,0.200948,0.857283,0.862794,268.241966,1.011574,0.674383,0.966667,0.894364,7.678811,0.000000,False,False,False,0.932911,1.000000,0.865821,1210,"3,13",1.000000,0.200000
0.000000,0.000000,28.000000,2.000000,0.000000,0.000000,2.000000,0.000000,0.000000,0.000000,11.254230,2.000000,0.900000,1.000000,2.000000,0.000000,0.000000,0.222061,0.794587,0.806179,267.354893,1.007896,0.671930,0.900000,0.887073,7.678811,0.000000,False,False,False,0.973316,1.000000,0.946633,1211,"3,13",1.000000,0.200000
0.000000,0.000000,28.000000,2.000000,0.000000,0.000000,2.000000,0.000000,0.000000,0.000000,11.141131,2.000000,0.900000,1.000000,2.000000,0.000000,0.000000,0.193447,0.832838,0.826692,266.454185,1.007579,0.671720,0.900000,0.900708,7.678811,0.000000,False,False,False,0.957439,1.000000,0.914878,1212,"3,13",1.000000,0.200000
0.000000,0.000000,28.000000,2.000000,0.000000,0.000000,2.000000,0.000000,0.000000,0.000000,11.826695,2.000000,0.900000,1.000000,2.000000,0.000000,0.000000,0.139252,0.918783,0.927940,265.485488,1.013146,0.675431,0.966667,0.968697,7.678811,0.000000,False,False,False,0.940039,1.000000,0.880078,1213,"3,13",1.000000,0.222222
0.000000,0.000000,28.000000,2.000000,0.000000,0.000000,2.000000,0.000000,0.000000,0.000000,11.487690,2.000000,0.900000,1.000000,2.000000,0.000000,0.000000,0.154482,0.857669,0.861790,264.544434,1.005550,0.670367,0.900000,0.941054,7.678811,0.000000,False,False,False,0.992183,1.000000,0.984366,1214,"3,13",1.000000,0.222222
0.000000,0.000000,28.000000,2.000000,0.000000,0.000000,2.000000,0.000000,0.000000,0.000000,11.132802,2.000000,0.900000,1.000000,2.000000,0.000000,0.000000,0.170493,0.849811,0.846110,263.628942,1.009485,0.672990,0.900000,0.915492,7.678811,0.000000,False,False,False,0.946620,1.000000,0.893240,1215,"3,13",1.000000,0.222222
0.000000,0.000000,28.000000,2.000000,0.000000,0.000000,2.000000,0.000000,0.000000,0.000000,11.221365,2.000000,0.900000,1.000000,2.000000,0.000000,0.000000,0.183432,0.858011,0.878024,262.720415,1.013540,0.675693,0.966667,0.908527,7.678811,0.000000,False,False,False,0.963343,1.000000,0.926686,1216,"3,13",1.000000,0.222222
0.000000,0.000000,28.000000,2.000000,0.000000,0.000000,2.000000,0.000000,0.000000,0.000000,10.701260,2.000000,0.900000,1.000000,2.000000,0.000000,0.000000,0.196960,0.823821,0.816472,261.836561,1.008972,0.672648,0.900000,0.883854,7.678811,0.000000,False,False,False,0.976052,1.000000,0.952103,1217,"3,13",1.000000,0.222222
0.000000,0.000000,28.000000,2.000000,0.000000,0.000000,2.000000,0.000000,0.000000,0.000000,11.332878,2.000000,0.900000,1.000000,2.000000,0.000000,0.000000,0.163617,0.863638,0.895282,260.922369,1.014398,0.676265,0.966667,0.914192,7.678811,0.000000,False,False,False,0.990339,1.000000,0.980679,1218,"3,13",1.000000,0.222222
0.000000,0.000000,28.000000,2.000000,0.000000,0.000000,2.000000,0.000000,0.000000,0.000000,11.130574,2.000000,0.900000,1.000000,2.000000,0.000000,0.000000,0.159974,0.840411,0.855669,260.009397,1.009925,0.673283,0.900000,0.912972,7.678811,0.000000,False,False,False,0.987595,1.000000,0.975189,1219,"3,13",1.000000,0.222222
0.000000,0.000000,28.000000,2.000000,0.000000,0.000000,2.000000,0.000000,0.000000,0.000000,10.983933,2.000000,0.900000,1.000000,2.000000,0.000000,0.000000,0.210035,0.823014,0.815059,259.135456,1.010330,0.673553,0.900000,0.873940,7.678811,0.000000,False,False,False,0.982746,1.000000,0.965492,1220,"3,13",1.000000,0.222222
0.000000,0.000000,28.000000,2.000000,0.000000,0.000000,2.000000,0.000000,0.000000,0.000000,11.432331,2.000000,0.900000,1.000000,2.000000,0.000000,0.000000,0.204236,0.841763,0.852390,258.233697,1.014611,0.676407,0.966667,0.901759,7.678811,0.000000,False,False,False,0.920992,1.000000,0.841985,1221,"3,13",1.000000,0.222222
0.000000,0.000000,28.000000,2.000000,0.000000,0.000000,2.000000,0.000000,0.000000,0.000000,11.406842,2.000000,0.900000,1.000000,2.000000,0.000000,0.000000,0.154343,0.864557,0.860476,257.286186,1.010960,0.673973,0.900000,0.947511,7.678811,0.000000,False,False,False,0.984045,1.000000,0.968090,1222,"3,13",1.000000,0.222222
0.000000,0.000000,28.000000,2.000000,0.000000,0.000000,2.000000,0.000000,0.000000,0.000000,11.171405,2.000000,0.900000,1.000000,2.000000,0.000000,0.000000,0.155515,0.866875,0.864694,256.338994,1.011780,0.674520,0.900000,0.947191,7.678811,0.000000,False,False,False,0.993845,1.000000,0.987690,1223,"3,13",1.000000,0.222222
0.000000,0.000000,28.000000,2.000000,0.000000,0.000000,2.000000,0.000000,0.000000,0.000000,11.429442,2.000000,0.900000,1.000000,2.000000,0.000000,0.000000,0.159122,0.896773,0.909634,255.393171,1.017751,0.678501,0.966667,0.945823,7.678811,0.000000,False,False,False,0.993652,1.000000,0.987305,1224,"3,13",1.000000,0.222222
0.000000,0.000000,28.000000,2.000000,0.000000,0.000000,2.000000,0.000000,0.000000,0.000000,10.812409,2.000000,0.900000,1.000000,2.000000,0.000000,0.000000,0.175522,0.846841,0.840768,254.457356,1.013001,0.675334,0.900000,0.935815,7.678811,0.000000,False,False,False,0.989903,1.000000,0.979806,1225,"3,13",1.000000,0.222222
0.000000,0.000000,28.000000,2.000000,0.000000,0.000000,2.000000,0.000000,0.000000,0.000000,11.179929,2.000000,0.900000,1.000000,2.000000,0.000000,0.000000,0.206590,0.818464,0.814645,253.563076,1.012154,0.674769,0.900000,0.894280,7.678811,0.000000,False,False,False,0.940061,1.000000,0.880121,1226,"3,13",1.000000,0.222222
0.000000,0.000000,28.000000,2.000000,0.000000,0.000000,2.000000,0.000000,0.000000,0.000000,10.996436,2.000000,0.900000,1.000000,2.000000,0.000000,0.000000,0.233664,0.820362,0.826397,252.689800,1.016665,0.677777,0.966667,0.873276,7.678811,0.000000,False,False,False,0.925293,1.000000,0.850585,1227,"3,13",1.000000,0.222222
0.000000,0.000000,28.000000,2.000000,0.000000,0.000000,2.000000,0.000000,0.000000,0.000000,11.140472,2.000000,0.900000,1.000000,2.000000,0.000000,0.000000,0.178476,0.844804,0.838995,251.759832,1.012021,0.674680,0.900000,0.929968,7.678811,0.000000,False,False,False,0.946318,1.000000,0.892635,1228,"3,13",1.000000,0.222222
0.000000,0.000000,28.000000,2.000000,0.000000,0.000000,2.000000,0.000000,0.000000,0.000000,11.510659,2.000000,0.900000,1.000000,2.000000,0.000000,0.000000,0.175070,0.848064,0.848442,250.826811,1.012878,0.675252,0.900000,0.933021,7.678811,0.000000,False,False,False,0.971930,1.000000,0.943861,1229,"3,13",1.000000,0.222222
0.000000,0.000000,28.000000,2.000000,0.000000,0.000000,2.000000,0.000000,0.000000,0.000000,11.373357,2.000000,0.900000,1.000000,2.000000,0.000000,0.000000,0.156748,0.887475,0.889634,249.875462,1.018903,0.679268,0.966667,0.951348,7.678811,0.000000,False,False,False,0.994316,1.000000,0.988632,1230,"3,13",1.000000,0.222222
0.000000,0.000000,28.000000,2.000000,0.000000,0.000000,2.000000,0.000000,0.000000,0.000000,11.169310,2.000000,0.900000,1.000000,2.000000,0.000000,0.000000,0.191454,0.841253,0.819751,248.974698,1.014173,0.676116,0.900000,0.900764,7.678811,0.000000,False,False,False,0.994774,1.000000,0.989548,1231,"3,13",1.000000,0.222222
0.000000,0.000000,28.000000,2.000000,0.000000,0.000000,2.000000,0.000000,0.000000,0.000000,11.106379,2.000000,0.900000,1.000000,2.000000,0.000000,0.000000,0.207598,0.821171,0.808917,248.077698,1.014217,0.676145,0.900000,0.897000,7.678811,0.000000,False,False,False,0.992745,1.000000,0.985491,1232,"3,13",1.000000,0.222222
0.000000,0.000000,28.000000,2.000000,0.000000,0.000000,2.000000,0.000000,0.000000,0.000000,11.214352,2.000000,0.900000,1.000000,2.000000,0.000000,0.000000,0.203776,0.841590,0.863925,247.160700,1.019473,0.679649,0.966667,0.916999,7.678811,0.000000,False,False,False,0.937312,1.000000,0.874624,1233,"3,13",1.000000,0.222222
0.000000,0.000000,28.000000,2.000000,0.000000,0.000000,2.000000,0.000000,0.000000,0.000000,11.210666,2.000000,0.900000,1.000000,2.000000,0.000000,0.000000,0.200156,0.823875,0.824313,246.261365,1.014407,0.676271,0.900000,0.899334,7.678811,0.000000,False,False,False,0.959455,1.000000,0.918909,1234,"3,13",1.000000,0.222222
0.000000,0.000000,28.000000,2.000000,0.000000,0.000000,2.000000,0.000000,0.000000,0.000000,11.156019,2.000000,0.900000,1.000000,2.000000,0.000000,0.000000,0.193105,0.827181,0.828512,245.358903,1.009118,0.672745,0.900000,0.902462,7.678811,0.000000,False,False,False,0.912376,1.000000,0.824752,1235,"3,13",1.000000,0.222222
0.000000,0.000000,28.000000,2.000000,0.000000,0.000000,2.000000,0.000000,0.000000,0.000000,10.831186,2.000000,0.900000,1.000000,2.000000,0.000000,0.000000,0.224219,0.836583,0.845025,244.482984,1.020715,0.680477,0.966667,0.875919,7.678811,0.000000,False,False,False,0.982856,1.000000,0.965712,1236,"3,13",1.000000,0.222222
0.000000,0.000000,28.000000,2.000000,0.000000,0.000000,2.000000,0.000000,0.000000,0.000000,10.584013,2.000000,0.900000,1.000000,2.000000,0.000000,0.000000,0.192525,0.828666,0.818391,243.562261,1.016644,0.677763,0.900000,0.920723,7.678811,0.000000,False,False,False,0.994367,1.000000,0.988734,1237,"3,13",1.000000,0.222222
0.000000,0.000000,28.000000,2.000000,0.000000,0.000000,2.000000,0.000000,0.000000,0.000000,11.265379,2.000000,0.900000,1.000000,2.000000,0.000000,0.000000,0.199336,0.826519,0.823607,242.661955,1.016822,0.677882,0.900000,0.900306,7.678811,0.000000,False,False,False,0.992739,1.000000,0.985478,1238,"3,13",1.000000,0.222222
0.000000,0.000000,28.000000,2.000000,0.000000,0.000000,2.000000,0.000000,0.000000,0.000000,10.846893,2.000000,0.900000,1.000000,2.000000,0.000000,0.000000,0.200781,0.842878,0.853280,241.758697,1.021575,0.681050,0.966667,0.903258,7.678811,0.000000,False,False,False,0.951883,1.000000,0.903766,1239,"3,13",1.000000,0.222222
0.000000,0.000000,28.000000,2.000000,0.000000,0.000000,2.000000,0.000000,0.000000,0.000000,11.101903,2.000000,0.900000,1.000000,2.000000,0.000000,0.000000,0.175067,0.848396,0.846869,240.819869,1.016677,0.677785,0.900000,0.938828,7.678811,0.000000,False,False,False,0.965481,1.000000,0.930963,1240,"3,13",1.000000,0.222222
0.000000,0.000000,28.000000,2.000000,0.000000,0.000000,2.000000,0.000000,0.000000,0.000000,11.633944,2.000000,0.900000,1.000000,2.000000,0.000000,0.000000,0.150172,0.897528,0.910763,239.849676,1.020953,0.680635,0.966667,0.970194,7.678811,0.000000,False,False,False,0.923597,1.000000,0.847194,1241,"3,13",1.000000,0.222222
0.000000,0.000000,28.000000,2.000000,0.000000,0.000000,2.000000,0.000000,0.000000,0.000000,11.742380,2.000000,0.900000,1.000000,2.000000,0.000000,0.000000,0.159729,0.858023,0.866353,238.902332,1.017204,0.678136,0.900000,0.947343,7.678811,0.000000,False,False,False,0.984798,1.000000,0.969595,1242,"3,13",1.000000,0.222222
0.000000,0.000000,28.000000,2.000000,0.000000,0.000000,2.000000,0.000000,0.000000,0.000000,11.772054,2.000000,0.900000,1.000000,2.000000,0.000000,0.000000,0.156341,0.862806,0.860111,237.956357,1.017835,0.678557,0.900000,0.945976,7.678811,0.000000,False,False,False,0.994792,1.000000,0.989585,1243,"3,13",1.000000,0.222222
0.000000,0.000000,28.000000,2.000000,0.000000,0.000000,2.000000,0.000000,0.000000,0.000000,11.387416,2.000000,0.900000,1.000000,2.000000,0.000000,0.000000,0.182960,0.867716,0.876624,237.035715,1.023244,0.682163,0.966667,0.920642,7.678811,0.000000,False,False,False,0.993477,1.000000,0.986954,1244,"3,13",1.000000,0.222222
0.000000,0.000000,28.000000,2.000000,0.000000,0.000000,2.000000,0.000000,0.000000,0.000000,11.008638,2.000000,0.900000,1.000000,2.000000,0.000000,0.000000,0.171264,0.856192,0.843466,236.100098,1.018418,0.678945,0.900000,0.935617,7.678811,0.000000,False,False,False,0.990575,1.000000,0.981150,1245,"3,13",1.000000,0.222222
0.000000,0.000000,28.000000,2.000000,0.000000,0.000000,2.000000,0.000000,0.000000,0.000000,11.142303,2.000000,0.900000,1.000000,2.000000,0.000000,0.000000,0.175549,0.846448,0.835676,235.165231,1.017471,0.678314,0.900000,0.934867,7.678811,0.000000,False,False,False,0.948209,1.000000,0.896417,1246,"3,13",1.000000,0.222222
0.000000,0.000000,28.000000,2.000000,0.000000,0.000000,2.000000,0.000000,0.000000,0.000000,10.939660,2.000000,0.900000,1.000000,2.000000,0.000000,0.000000,0.213993,0.825160,0.841270,234.268028,1.022779,0.681853,0.966667,0.897203,7.678811,0.000000,False,False,False,0.954033,1.000000,0.908066,1247,"3,13",1.000000,0.222222
0.000000,0.000000,28.000000,2.000000,0.000000,0.000000,2.000000,0.000000,0.000000,0.000000,11.503152,2.000000,0.900000,1.000000,2.000000,0.000000,0.000000,0.147577,0.869022,0.868588,233.309829,1.017521,0.678347,0.900000,0.958199,7.678811,0.000000,False,False,False,0.944396,1.000000,0.888792,1248,"3,13",1.000000,0.222222
0.000000,0.000000,28.000000,2.000000,0.000000,0.000000,2.000000,0.000000,0.000000,0.000000,11.425279,2.000000,0.900000,1.000000,2.000000,0.000000,0.000000,0.186134,0.842413,0.838746,232.393905,1.018025,0.678684,0.900000,0.915924,7.678811,0.000000,False,False,False,0.979533,1.000000,0.959065,1249,"3,13",1.000000,0.222222
0.000000,0.000000,28.000000,2.000000,0.000000,0.000000,2.000000,0.000000,0.000000,0.000000,11.459561,2.000000,0.900000,1.000000,2.000000,0.000000,0.000000,0.247494,0.787042,0.799150,231.544998,1.022906,0.681937,0.966667,0.848907,7.678811,0.000000,False,False,False,0.937668,1.000000,0.875336,1250,"3,13",1.000000,0.250000
0.000000,0.000000,28.000000,2.000000,0.000000,0.000000,2.000000,0.000000,0.000000,0.000000,11.052838,2.000000,0.900000,1.000000,2.000000,0.000000,0.000000,0.222753,0.793168,0.800641,230.671762,1.016420,0.677613,0.900000,0.873236,7.678811,0.000000,False,False,False,0.894284,1.000000,0.788567,1251,"3,13",1.000000,0.250000
0.000000,0.000000,28.000000,2.000000,0.000000,0.000000,2.000000,0.000000,0.000000,0.000000,11.669846,2.000000,0.900000,1.000000,2.000000,0.000000,0.000000,0.187249,0.843092,0.830666,229.768360,1.017738,0.678492,0.900000,0.903403,7.678811,0.000000,False,False,False,0.967341,1.000000,0.934683,1252,"3,13",1.000000,0.250000
0.000000,0.000000,28.000000,2.000000,0.000000,0.000000,2.000000,0.000000,0.000000,0.000000,11.411064,2.000000,0.900000,1.000000,2.000000,0.000000,0.000000,0.193357,0.853607,0.864996,228.859083,1.024118,0.682745,0.966667,0.909277,7.678811,0.000000,False,False,False,0.997509,1.000000,0.995018,1253,"3,13",1.000000,0.250000
0.000000,0.000000,28.000000,2.000000,0.000000,0.000000,2.000000,0.000000,0.000000,0.000000,11.838799,2.000000,0.900000,1.000000,2.000000,0.000000,0.000000,0.156288,0.878329,0.871175,227.910553,1.018923,0.679282,0.900000,0.948530,7.678811,0.000000,False,False,False,0.979950,1.000000,0.959899,1254,"3,13",1.000000,0.250000
0.000000,0.000000,28.000000,2.000000,0.000000,0.000000,2.000000,0.000000,0.000000,0.000000,11.372567,2.000000,0.900000,1.000000,2.000000,0.000000,0.000000,0.169477,0.846269,0.846521,226.966124,1.019423,0.679616,0.900000,0.944428,7.678811,0.000000,False,False,False,0.993737,1.000000,0.987474,1255,"3,13",1.000000,0.250000
0.000000,0.000000,28.000000,2.000000,0.000000,0.000000,2.000000,0.000000,0.000000,0.000000,11.600387,2.000000,0.900000,1.000000,2.000000,0.000000,0.000000,0.171811,0.878449,0.886940,226.034830,1.025064,0.683376,0.966667,0.931294,7.678811,0.000000,False,False,False,0.996871,1.000000,0.993741,1256,"3,13",1.000000,0.250000
0.000000,0.000000,28.000000,2.000000,0.000000,0.000000,2.000000,0.000000,0.000000,0.000000,11.912945,2.000000,0.900000,1.000000,2.000000,0.000000,0.000000,0.118669,0.893731,0.899453,225.049042,1.020125,0.680083,0.900000,0.985789,7.678811,0.000000,False,False,False,0.992225,1.000000,0.984450,1257,"3,13",1.000000,0.250000
0.000000,0.000000,28.000000,2.000000,0.000000,0.000000,2.000000,0.000000,0.000000,0.000000,11.479971,2.000000,0.900000,1.000000,2.000000,0.000000,0.000000,0.148304,0.884102,0.875745,224.100894,1.020144,0.680096,0.900000,0.948148,7.678811,0.000000,False,False,False,0.988536,1.000000,0.977072,1258,"3,13",1.000000,0.250000
0.000000,0.000000,28.000000,2.000000,0.000000,0.000000,2.000000,0.000000,0.000000,0.000000,10.594054,2.000000,0.900000,1.000000,2.000000,0.000000,0.000000,0.213970,0.813131,0.820233,223.217782,1.025694,0.683796,0.966667,0.883111,7.678811,0.000000,False,False,False,0.988544,1.000000,0.977087,1259,"3,13",1.000000,0.250000
0.000000,0.000000,28.000000,2.000000,0.000000,0.000000,2.000000,0.000000,0.000000,0.000000,11.040081,2.000000,0.900000,1.000000,2.000000,0.000000,0.000000,0.205211,0.820965,0.809609,222.320616,1.019670,0.679780,0.900000,0.897167,7.678811,0.000000,False,False,False,0.958704,1.000000,0.917408,1260,"3,13",1.000000,0.250000
0.000000,0.000000,28.000000,2.000000,0.000000,0.000000,2.000000,0.000000,0.000000,0.000000,11.465398,2.000000,0.900000,1.000000,2.000000,0.000000,0.000000,0.180552,0.838606,0.837675,221.388019,1.019012,0.679341,0.900000,0.932597,7.678811,0.000000,False,False,False,0.933473,1.000000,0.866945,1261,"3,13",1.000000,0.250000
0.000000,0.000000,28.000000,2.000000,0.000000,0.000000,2.000000,0.000000,0.000000,0.000000,11.326294,2.000000,0.900000,1.000000,2.000000,0.000000,0.000000,0.215753,0.833093,0.855325,220.493656,1.026170,0.684113,0.966667,0.894363,7.678811,0.000000,False,False,False,0.997358,1.000000,0.994716,1262,"3,13",1.000000,0.250000
0.000000,0.000000,28.000000,2.000000,0.000000,0.000000,2.000000,0.000000,0.000000,0.000000,11.515957,2.000000,0.900000,1.000000,2.000000,0.000000,0.000000,0.176286,0.851884,0.845922,219.561893,1.021174,0.680783,0.900000,0.931763,7.678811,0.000000,False,False,False,0.997353,1.000000,0.994707,1263,"3,13",1.000000,0.250000
0.000000,0.000000,28.000000,2.000000,0.000000,0.000000,2.000000,0.000000,0.000000,0.000000,10.951894,2.000000,0.900000,1.000000,2.000000,0.000000,0.000000,0.174946,0.845956,0.842585,218.621868,1.021236,0.680824,0.900000,0.940025,7.678811,0.000000,False,False,False,0.997051,1.000000,0.994101,1264,"3,13",1.000000,0.250000
0.000000,0.000000,28.000000,2.000000,0.000000,0.000000,2.000000,0.000000,0.000000,0.000000,11.759799,2.000000,0.900000,1.000000,2.000000,0.000000,0.000000,0.166639,0.879137,0.892041,217.666737,1.026716,0.684477,0.966667,0.955131,7.678811,0.000000,False,False,False,0.984293,1.000000,0.968586,1265,"3,13",1.000000,0.250000
0.000000,0.000000,28.000000,2.000000,0.000000,0.000000,2.000000,0.000000,0.000000,0.000000,10.826496,2.000000,0.900000,1.000000,2.000000,0.000000,0.000000,0.153766,0.867018,0.862747,216.705291,1.020907,0.680605,0.900000,0.961446,7.678811,0.000000,False,False,False,0.963784,1.000000,0.927568,1266,"3,13",1.000000,0.250000
0.000000,0.000000,28.000000,2.000000,0.000000,0.000000,2.000000,0.000000,0.000000,0.000000,11.325700,2.000000,0.900000,1.000000,2.000000,0.000000,0.000000,0.158556,0.879766,0.896663,215.748097,1.026909,0.684606,0.966667,0.957194,7.678811,0.000000,False,False,False,0.988165,1.000000,0.976330,1267,"3,13",1.000000,0.250000
0.000000,0.000000,28.000000,2.000000,0.000000,0.000000,2.000000,0.000000,0.000000,0.000000,11.223284,2.000000,0.900000,1.000000,2.000000,0.000000,0.000000,0.175337,0.854038,0.845789,214.824999,1.022225,0.681484,0.900000,0.923098,7.678811,0.000000,False,False,False,0.995016,1.000000,0.990031,1268,"3,13",1.000000,0.250000
0.000000,0.000000,28.000000,2.000000,0.000000,0.000000,2.000000,0.000000,0.000000,0.000000,11.205239,2.000000,0.900000,1.000000,2.000000,0.000000,0.000000,0.174626,0.837298,0.834049,213.896888,1.022169,0.681446,0.900000,0.928111,7.678811,0.000000,False,False,False,0.995089,1.000000,0.990178,1269,"3,13",1.000000,0.250000
0.000000,0.000000,28.000000,2.000000,0.000000,0.000000,2.000000,0.000000,0.000000,0.000000,11.464891,2.000000,0.900000,1.000000,2.000000,0.000000,0.000000,0.215494,0.831726,0.839324,213.006122,1.027488,0.684992,0.966667,0.890765,7.678811,0.000000,False,False,False,0.986032,1.000000,0.972065,1270,"3,13",1.000000,0.250000
0.000000,0.000000,28.000000,2.000000,0.000000,0.000000,2.000000,0.000000,0.000000,0.000000,11.447593,2.000000,0.900000,1.000000,2.000000,0.000000,0.000000,0.191175,0.833153,0.832565,212.092957,1.021866,0.681244,0.900000,0.913165,7.678811,0.000000,False,False,False,0.960119,1.000000,0.920238,1271,"3,13",1.000000,0.250000
0.000000,0.000000,28.000000,2.000000,0.000000,0.000000,2.000000,0.000000,0.000000,0.000000,11.163387,2.000000,0.900000,1.000000,2.000000,0.000000,0.000000,0.185006,0.835301,0.831278,211.164120,1.022555,0.681703,0.900000,0.928837,7.678811,0.000000,False,False,False,0.989513,1.000000,0.979027,1272,"3,13",1.000000,0.250000
0.000000,0.000000,28.000000,2.000000,0.000000,0.000000,2.000000,0.000000,0.000000,0.000000,11.283259,2.000000,0.900000,1.000000,2.000000,0.000000,0.000000,0.237218,0.816509,0.823633,210.295444,1.028101,0.685401,0.966667,0.868676,7.678811,0.000000,False,False,False,0.998090,1.000000,0.996181,1273,"3,13",1.000000,0.250000
0.000000,0.000000,28.000000,2.000000,0.000000,0.000000,2.000000,0.000000,0.000000,0.000000,11.173485,2.000000,0.900000,1.000000,2.000000,0.000000,0.000000,0.152941,0.879297,0.867575,209.331682,1.022073,0.681382,0.900000,0.963762,7.678811,0.000000,False,False,False,0.944695,1.000000,0.889391,1274,"3,13",1.000000,0.250000
0.000000,0.000000,28.000000,2.000000,0.000000,0.000000,2.000000,0.000000,0.000000,0.000000,11.164163,2.000000,0.900000,1.000000,2.000000,0.000000,0.000000,0.166699,0.858279,0.856206,208.369278,1.023119,0.682079,0.900000,0.962404,7.678811,0.000000,False,False,False,0.996132,1.000000,0.992265,1275,"3,13",1.000000,0.250000
0.000000,0.000000,28.000000,2.000000,0.000000,0.000000,2.000000,0.000000,0.000000,0.000000,11.051903,2.000000,0.900000,1.000000,2.000000,0.000000,0.000000,0.179923,0.868735,0.879282,207.419091,1.028816,0.685877,0.966667,0.950187,7.678811,0.000000,False,False,False,0.996354,1.000000,0.992708,1276,"3,13",1.000000,0.250000
0.000000,0.000000,28.000000,2.000000,0.000000,0.000000,2.000000,0.000000,0.000000,0.000000,11.482851,2.000000,0.900000,1.000000,2.000000,0.000000,0.000000,0.190955,0.822003,0.829680,206.503770,1.023595,0.682396,0.900000,0.915321,7.678811,0.000000,False,False,False,0.997471,1.000000,0.994942,1277,"3,13",1.000000,0.250000
0.000000,0.000000,28.000000,2.000000,0.000000,0.000000,2.000000,0.000000,0.000000,0.000000,11.232096,2.000000,0.900000,1.000000,2.000000,0.000000,0.000000,0.175946,0.859807,0.849703,205.586181,1.021672,0.681115,0.900000,0.917588,7.678811,0.000000,False,False,False,0.922473,1.000000,0.844946,1278,"3,13",1.000000,0.250000
0.000000,0.000000,28.000000,2.000000,0.000000,0.000000,2.000000,0.000000,0.000000,0.000000,10.736696,2.000000,0.900000,1.000000,2.000000,0.000000,0.000000,0.183776,0.847639,0.862190,204.657135,1.027971,0.685314,0.966667,0.929046,7.678811,0.000000,False,False,False,0.982952,1.000000,0.965905,1279,"3,13",1.000000,0.250000
0.000000,0.000000,28.000000,2.000000,0.000000,0.000000,2.000000,0.000000,0.000000,0.000000,11.401130,2.000000,0.900000,1.000000,2.000000,0.000000,0.000000,0.212328,0.813601,0.805531,203.765180,1.023019,0.682013,0.900000,0.891955,7.678811,0.000000,False,False,False,0.977737,1.000000,0.955474,1280,"3,13",1.000000,0.250000
0.000000,0.000000,28.000000,2.000000,0.000000,0.000000,2.000000,0.000000,0.000000,0.000000,10.986198,2.000000,0.900000,1.000000,2.000000,0.000000,0.000000,0.202699,0.824179,0.821230,202.862892,1.022277,0.681518,0.900000,0.902288,7.678811,0.000000,False,False,False,0.955548,1.000000,0.911096,1281,"3,13",1.000000,0.250000
0.000000,0.000000,28.000000,2.000000,0.000000,0.000000,2.000000,0.000000,0.000000,0.000000,11.270237,2.000000,0.900000,1.000000,2.000000,0.000000,0.000000,0.172184,0.861018,0.885375,201.919494,1.028709,0.685806,0.966667,0.943398,7.678811,0.000000,False,False,False,0.989204,1.000000,0.978409,1282,"3,13",1.000000,0.250000
0.000000,0.000000,28.000000,2.000000,0.000000,0.000000,2.000000,0.000000,0.000000,0.000000,10.909518,2.000000,0.900000,1.000000,2.000000,0.000000,0.000000,0.196456,0.816153,0.814217,201.016049,1.023752,0.682501,0.900000,0.903445,7.678811,0.000000,False,False,False,0.988200,1.000000,0.976400,1283,"3,13",1.000000,0.250000
0.000000,0.000000,28.000000,2.000000,0.000000,0.000000,2.000000,0.000000,0.000000,0.000000,10.917381,2.000000,0.900000,1.000000,2.000000,0.000000,0.000000,0.242734,0.783226,0.772799,200.171714,1.023707,0.682471,0.900000,0.844335,7.678811,0.000000,False,False,False,0.984617,1.000000,0.969234,1284,"3,13",1.000000,0.250000
0.000000,0.000000,28.000000,2.000000,0.000000,0.000000,2.000000,0.000000,0.000000,0.000000,11.375725,2.000000,0.900000,1.000000,2.000000,0.000000,0.000000,0.209206,0.833102,0.849137,199.274439,1.026996,0.684664,0.966667,0.897275,7.678811,0.000000,False,False,False,0.900694,1.000000,0.801388,1285,"3,13",1.000000,0.250000
0.000000,0.000000,28.000000,2.000000,0.000000,0.000000,2.000000,0.000000,0.000000,0.000000,11.302122,2.000000,0.900000,1.000000,2.000000,0.000000,0.000000,0.195424,0.825789,0.822907,198.366931,1.023432,0.682288,0.900000,0.907508,7.678811,0.000000,False,False,False,0.989327,1.000000,0.978655,1286,"3,13",1.000000,0.285714
0.000000,0.000000,28.000000,2.000000,0.000000,0.000000,2.000000,0.000000,0.000000,0.000000,11.478627,2.000000,0.900000,1.000000,2.000000,0.000000,0.000000,0.200912,0.828925,0.817977,197.464133,1.023876,0.682584,0.900000,0.902798,7.678811,0.000000,False,False,False,0.993808,1.000000,0.987616,1287,"3,13",1.000000,0.285714
0.000000,0.000000,28.000000,2.000000,0.000000,0.000000,2.000000,0.000000,0.000000,0.000000,10.629081,2.000000,0.900000,1.000000,2.000000,0.000000,0.000000,0.221670,0.825074,0.824536,196.558680,1.029574,0.686383,0.966667,0.905453,7.678811,0.000000,False,False,False,0.993035,1.000000,0.986071,1288,"3,13",1.000000,0.285714
0.000000,0.000000,28.000000,2.000000,0.000000,0.000000,2.000000,0.000000,0.000000,0.000000,11.418277,2.000000,0.900000,1.000000,2.000000,0.000000,0.000000,0.171321,0.856344,0.846288,195.614997,1.022563,0.681709,0.900000,0.943683,7.678811,0.000000,False,False,False,0.919550,1.000000,0.839100,1289,"3,13",1.000000,0.285714
0.000000,0.000000,28.000000,2.000000,0.000000,0.000000,2.000000,0.000000,0.000000,0.000000,11.506884,2.000000,0.900000,1.000000,2.000000,0.000000,0.000000,0.181042,0.837973,0.832211,194.677154,1.024058,0.682705,0.900000,0.937843,7.678811,0.000000,False,False,False,0.995918,1.000000,0.991835,1290,"3,13",1.000000,0.285714
0.000000,0.000000,28.000000,2.000000,0.000000,0.000000,2.000000,0.000000,0.000000,0.000000,11.223612,2.000000,0.900000,1.000000,2.000000,0.000000,0.000000,0.201556,0.850095,0.860278,193.757185,1.029892,0.686595,0.966667,0.919970,7.678811,0.000000,False,False,False,0.998501,1.000000,0.997002,1291,"3,13",1.000000,0.285714
0.000000,0.000000,28.000000,2.000000,0.000000,0.000000,2.000000,0.000000,0.000000,0.000000,11.358256,2.000000,0.900000,1.000000,2.000000,0.000000,0.000000,0.165018,0.862646,0.857713,192.804996,1.024827,0.683218,0.900000,0.952189,7.678811,0.000000,False,False,False,0.994867,1.000000,0.989734,1292,"3,13",1.000000,0.285714
0.000000,0.000000,28.000000,2.000000,0.000000,0.000000,2.000000,0.000000,0.000000,0.000000,11.308872,2.000000,0.900000,1.000000,2.000000,0.000000,0.000000,0.185280,0.859876,0.876727,191.859330,1.029923,0.686615,0.966667,0.945666,7.678811,0.000000,False,False,False,0.997865,1.000000,0.995730,1293,"3,13",1.000000,0.285714
0.000000,0.000000,28.000000,2.000000,0.000000,0.000000,2.000000,0.000000,0.000000,0.000000,10.748115,2.000000,0.900000,1.000000,2.000000,0.000000,0.000000,0.202623,0.811010,0.807377,190.956259,1.025079,0.683386,0.900000,0.903071,7.678811,0.000000,False,False,False,0.998012,1.000000,0.996023,1294,"3,13",1.000000,0.285714
0.000000,0.000000,28.000000,2.000000,0.000000,0.000000,2.000000,0.000000,0.000000,0.000000,11.075555,2.000000,0.900000,1.000000,2.000000,0.000000,0.000000,0.167294,0.843979,0.849709,190.024519,1.023276,0.682184,0.900000,0.931739,7.678811,0.000000,False,False,False,0.930499,1.000000,0.860997,1295,"3,13",1.000000,0.285714
0.000000,0.000000,28.000000,2.000000,0.000000,0.000000,2.000000,0.000000,0.000000,0.000000,11.280324,2.000000,0.900000,1.000000,2.000000,0.000000,0.000000,0.200926,0.853116,0.862701,189.121324,1.029602,0.686401,0.966667,0.903195,7.678811,0.000000,False,False,False,0.989417,1.000000,0.978834,1296,"3,13",1.000000,0.285714
0.000000,0.000000,28.000000,2.000000,0.000000,0.000000,2.000000,0.000000,0.000000,0.000000,11.365992,2.000000,0.900000,1.000000,2.000000,0.000000,0.000000,0.200872,0.822328,0.808740,188.214027,1.024362,0.682908,0.900000,0.907298,7.678811,0.000000,False,False,False,0.987749,1.000000,0.975498,1297,"3,13",1.000000,0.285714
0.000000,0.000000,28.000000,2.000000,0.000000,0.000000,2.000000,0.000000,0.000000,0.000000,11.079790,2.000000,0.900000,1.000000,2.000000,0.000000,0.000000,0.212294,0.809032,0.803276,187.314677,1.024494,0.682996,0.900000,0.899349,7.678811,0.000000,False,False,False,0.986899,1.000000,0.973798,1298,"3,13",1.000000,0.285714
0.000000,0.000000,28.000000,2.000000,0.000000,0.000000,2.000000,0.000000,0.000000,0.000000,11.378806,2.000000,0.900000,1.000000,2.000000,0.000000,0.000000,0.187827,0.860028,0.869917,186.388267,1.029996,0.686664,0.966667,0.926410,7.678811,0.000000,False,False,False,0.987986,1.000000,0.975972,1299,"3,13",1.000000,0.285714
0.000000,0.000000,28.000000,2.000000,0.000000,0.000000,2.000000,0.000000,0.000000,0.000000,10.937628,2.000000,0.900000,1.000000,2.000000,0.000000,0.000000,0.166937,0.851159,0.844865,185.452308,1.025008,0.683339,0.900000,0.935959,7.678811,0.000000,False,False,False,0.993322,1.000000,0.986644,1300,"3,13",1.000000,0.285714
0.000000,0.000000,28.000000,2.000000,0.000000,0.000000,2.000000,0.000000,0.000000,0.000000,11.333853,2.000000,0.900000,1.000000,2.000000,0.000000,0.000000,0.154229,0.853931,0.859960,184.506938,1.025092,0.683394,0.900000,0.945370,7.678811,0.000000,False,False,False,0.988504,1.000000,0.977008,1301,"3,13",1.000000,0.285714
0.000000,0.000000,28.000000,2.000000,0.000000,0.000000,2.000000,0.000000,0.000000,0.000000,11.325391,2.000000,0.900000,1.000000,2.000000,0.000000,0.000000,0.217504,0.825007,0.843501,183.621170,1.030348,0.686898,0.966667,0.885768,7.678811,0.000000,False,False,False,0.987974,1.000000,0.975948,1302,"3,13",1.000000,0.285714
0.000000,0.000000,28.000000,2.000000,0.000000,0.000000,2.000000,0.000000,0.000000,0.000000,11.338484,2.000000,0.900000,1.000000,2.000000,0.000000,0.000000,0.201309,0.830152,0.821219,182.725104,1.025281,0.683521,0.900000,0.896065,7.678811,0.000000,False,False,False,0.988642,1.000000,0.977284,1303,"3,13",1.000000,0.285714
0.000000,0.000000,28.000000,2.000000,0.000000,0.000000,2.000000,0.000000,0.000000,0.000000,11.640493,2.000000,0.900000,1.000000,2.000000,0.000000,0.000000,0.156445,0.846478,0.862569,181.780576,1.025229,0.683486,0.900000,0.944528,7.678811,0.000000,False,False,False,0.982096,1.000000,0.964191,1304,"3,13",1.000000,0.285714
0.000000,0.000000,28.000000,2.000000,0.000000,0.000000,2.000000,0.000000,0.000000,0.000000,11.252849,2.000000,0.900000,1.000000,2.000000,0.000000,0.000000,0.189451,0.858368,0.868103,180.864700,1.030750,0.687167,0.966667,0.915876,7.678811,0.000000,False,False,False,0.987684,1.000000,0.975368,1305,"3,13",1.000000,0.285714
0.000000,0.000000,28.000000,2.000000,0.000000,0.000000,2.000000,0.000000,0.000000,0.000000,11.154857,2.000000,0.900000,1.000000,2.000000,0.000000,0.000000,0.188504,0.835196,0.823802,179.946314,1.025567,0.683711,0.900000,0.918386,7.678811,0.000000,False,False,False,0.984973,1.000000,0.969946,1306,"3,13",1.000000,0.285714
0.000000,0.000000,28.000000,2.000000,0.000000,0.000000,2.000000,0.000000,0.000000,0.000000,11.504181,2.000000,0.900000,1.000000,2.000000,0.000000,0.000000,0.183524,0.841077,0.834616,179.019807,1.025594,0.683730,0.900000,0.926507,7.678811,0.000000,False,False,False,0.984242,1.000000,0.968484,1307,"3,13",1.000000,0.285714
0.000000,0.000000,28.000000,2.000000,0.000000,0.000000,2.000000,0.000000,0.000000,0.000000,11.387284,2.000000,0.900000,1.000000,2.000000,0.000000,0.000000,0.163597,0.872366,0.888979,178.063116,1.031421,0.687614,0.966667,0.956691,7.678811,0.000000,False,False,False,0.992066,1.000000,0.984132,1308,"3,13",1.000000,0.285714
0.000000,0.000000,28.000000,2.000000,0.000000,0.000000,2.000000,0.000000,0.000000,0.000000,11.316687,2.000000,0.900000,1.000000,2.000000,0.000000,0.000000,0.181544,0.837367,0.836335,177.146603,1.026289,0.684193,0.900000,0.916513,7.678811,0.000000,False,False,False,0.988095,1.000000,0.976189,1309,"3,13",1.000000,0.285714
0.000000,0.000000,28.000000,2.000000,0.000000,0.000000,2.000000,0.000000,0.000000,0.000000,11.404079,2.000000,0.900000,1.000000,2.000000,0.000000,0.000000,0.207515,0.801902,0.814313,176.272693,1.025866,0.683911,0.900000,0.873910,7.678811,0.000000,False,False,False,0.991581,1.000000,0.983162,1310,"3,13",1.000000,0.285714
0.000000,0.000000,28.000000,2.000000,0.000000,0.000000,2.000000,0.000000,0.000000,0.000000,10.976152,2.000000,0.900000,1.000000,2.000000,0.000000,0.000000,0.190625,0.850645,0.865033,175.365992,1.031716,0.687811,0.966667,0.906702,7.678811,0.000000,False,False,False,0.993250,1.000000,0.986500,1311,"3,13",1.000000,0.285714
0.000000,0.000000,28.000000,2.000000,0.000000,0.000000,2.000000,0.000000,0.000000,0.000000,11.026890,2.000000,0.900000,1.000000,2.000000,0.000000,0.000000,0.177123,0.840793,0.831864,174.429904,1.026639,0.684426,0.900000,0.936087,7.678811,0.000000,False,False,False,0.986969,1.000000,0.973938,1312,"3,13",1.000000,0.285714
0.000000,0.000000,28.000000,2.000000,0.000000,0.000000,2.000000,0.000000,0.000000,0.000000,11.196558,2.000000,0.900000,1.000000,2.000000,0.000000,0.000000,0.197229,0.830328,0.823063,173.515867,1.026423,0.684282,0.900000,0.914037,7.678811,0.000000,False,False,False,0.990723,1.000000,0.981447,1313,"3,13",1.000000,0.285714
0.000000,0.000000,28.000000,2.000000,0.000000,0.000000,2.000000,0.000000,0.000000,0.000000,11.615401,2.000000,0.900000,1.000000,2.000000,0.000000,0.000000,0.174794,0.863987,0.880634,172.562705,1.032311,0.688207,0.966667,0.953162,7.678811,0.000000,False,False,False,0.996808,1.000000,0.993616,1314,"3,13",1.000000,0.285714
0.000000,0.000000,28.000000,2.000000,0.000000,0.000000,2.000000,0.000000,0.000000,0.000000,11.585862,2.000000,0.900000,1.000000,2.000000,0.000000,0.000000,0.198852,0.832286,0.825492,171.662816,1.027144,0.684763,0.900000,0.899889,7.678811,0.000000,False,False,False,0.994482,1.000000,0.988965,1315,"3,13",1.000000,0.285714
0.000000,0.000000,28.000000,2.000000,0.000000,0.000000,2.000000,0.000000,0.000000,0.000000,10.726545,2.000000,0.900000,1.000000,2.000000,0.000000,0.000000,0.205646,0.833735,0.846961,170.745442,1.032555,0.688370,0.966667,0.917374,7.678811,0.000000,False,False,False,0.994796,1.000000,0.989591,1316,"3,13",1.000000,0.285714
0.000000,0.000000,28.000000,2.000000,0.000000,0.000000,2.000000,0.000000,0.000000,0.000000,11.578362,2.000000,0.900000,1.000000,2.000000,0.000000,0.000000,0.180874,0.846035,0.832773,169.815890,1.027644,0.685096,0.900000,0.929552,7.678811,0.000000,False,False,False,0.993791,1.000000,0.987582,1317,"3,13",1.000000,0.285714
0.000000,0.000000,28.000000,2.000000,0.000000,0.000000,2.000000,0.000000,0.000000,0.000000,10.688515,2.000000,0.900000,1.000000,2.000000,0.000000,0.000000,0.202796,0.820441,0.798165,168.904999,1.027904,0.685269,0.900000,0.910891,7.678811,0.000000,False,False,False,0.997755,1.000000,0.995509,1318,"3,13",1.000000,0.285714
0.000000,0.000000,28.000000,2.000000,0.000000,0.000000,2.000000,0.000000,0.000000,0.000000,11.112425,2.000000,0.900000,1.000000,2.000000,0.000000,0.000000,0.180544,0.854698,0.875311,167.979811,1.031037,0.687358,0.966667,0.925187,7.678811,0.000000,False,False,False,0.997919,1.000000,0.995838,1319,"3,13",1.000000,0.285714
0.000000,0.000000,28.000000,2.000000,0.000000,0.000000,2.000000,0.000000,0.000000,0.000000,11.362847,2.000000,0.900000,1.000000,2.000000,0.000000,0.000000,0.262309,0.761094,0.756797,167.141649,1.027071,0.684714,0.900000,0.838162,7.678811,0.000000,False,False,False,0.996327,1.000000,0.992655,1320,"3,13",1.000000,0.285714
0.000000,0.000000,28.000000,2.000000,0.000000,0.000000,2.000000,0.000000,0.000000,0.000000,11.193703,2.000000,0.900000,1.000000,2.000000,0.000000,0.000000,0.222430,0.811568,0.796552,166.264655,1.025366,0.683578,0.900000,0.876994,7.678811,0.000000,False,False,False,0.927080,1.000000,0.854160,1321,"3,13",1.000000,0.285714
0.000000,0.000000,28.000000,2.000000,0.000000,0.000000,2.000000,0.000000,0.000000,0.000000,11.173978,2.000000,0.900000,1.000000,2.000000,0.000000,0.000000,0.216902,0.832662,0.850505,165.349076,1.031676,0.687784,0.966667,0.915579,7.678811,0.000000,False,False,False,0.988316,1.000000,0.976632,1322,"3,13",1.000000,0.285714
0.000000,0.000000,28.000000,2.000000,0.000000,0.000000,2.000000,0.000000,0.000000,0.000000,11.405678,2.000000,0.900000,1.000000,2.000000,0.000000,0.000000,0.153383,0.868250,0.862585,164.384211,1.027625,0.685083,0.900000,0.964865,7.678811,0.000000,False,False,False,0.997204,1.000000,0.994408,1323,"3,13",1.000000,0.285714
0.000000,0.000000,28.000000,2.000000,0.000000,0.000000,2.000000,0.000000,0.000000,0.000000,11.153645,2.000000,0.900000,1.000000,2.000000,0.000000,0.000000,0.164899,0.854971,0.853181,163.436785,1.027841,0.685228,0.900000,0.947427,7.678811,0.000000,False,False,False,0.994878,1.000000,0.989756,1324,"3,13",1.000000,0.285714
0.000000,0.000000,28.000000,2.000000,0.000000,0.000000,2.000000,0.000000,0.000000,0.000000,11.377030,2.000000,0.900000,1.000000,2.000000,0.000000,0.000000,0.195706,0.853415,0.860708,162.521541,1.033352,0.688902,0.966667,0.915244,7.678811,0.000000,False,False,False,0.997229,1.000000,0.994458,1325,"3,13",1.000000,0.285714
0.000000,0.000000,28.000000,2.000000,0.000000,0.000000,2.000000,0.000000,0.000000,0.000000,11.092228,2.000000,0.900000,1.000000,2.000000,0.000000,0.000000,0.195927,0.824307,0.828379,161.618752,1.028426,0.685617,0.900000,0.902789,7.678811,0.000000,False,False,False,0.994819,1.000000,0.989638,1326,"3,13",1.000000,0.285714
0.000000,0.000000,28.000000,2.000000,0.000000,0.000000,2.000000,0.000000,0.000000,0.000000,10.988254,2.000000,0.900000,1.000000,2.000000,0.000000,0.000000,0.207577,0.823841,0.820163,160.736273,1.026397,0.684265,0.900000,0.882479,7.678811,0.000000,False,False,False,0.918118,1.000000,0.836235,1327,"3,13",1.000000,0.285714
0.000000,0.000000,28.000000,2.000000,0.000000,0.000000,2.000000,0.000000,0.000000,0.000000,11.401954,2.000000,0.900000,1.000000,2.000000,0.000000,0.000000,0.198458,0.843268,0.860788,159.824362,1.032823,0.688549,0.966667,0.911911,7.678811,0.000000,False,False,False,0.988195,1.000000,0.976391,1328,"3,13",1.000000,0.285714
0.000000,0.000000,28.000000,2.000000,0.000000,0.000000,2.000000,0.000000,0.000000,0.000000,11.386939,2.000000,0.900000,1.000000,2.000000,0.000000,0.000000,0.183373,0.843510,0.843291,158.899634,1.026588,0.684392,0.900000,0.924729,7.678811,0.000000,False,False,False,0.934027,1.000000,0.868054,1329,"3,13",1.000000,0.285714
0.000000,0.000000,28.000000,2.000000,0.000000,0.000000,2.000000,0.000000,0.000000,0.000000,11.262199,2.000000,0.900000,1.000000,2.000000,0.000000,0.000000,0.197133,0.812561,0.820007,157.992623,1.027442,0.684961,0.900000,0.907011,7.678811,0.000000,False,False,False,0.986404,1.000000,0.972808,1330,"3,13",1.000000,0.285714
0.000000,0.000000,28.000000,2.000000,0.000000,0.000000,2.000000,0.000000,0.000000,0.000000,11.089612,2.000000,0.900000,1.000000,2.000000,0.000000,0.000000,0.204418,0.851314,0.855819,157.097154,1.033128,0.688752,0.966667,0.895469,7.678811,0.000000,False,False,False,0.990764,1.000000,0.981528,1331,"3,13",1.000000,0.285714
0.000000,0.000000,28.000000,2.000000,0.000000,0.000000,2.000000,0.000000,0.000000,0.000000,11.596283,2.000000,0.900000,1.000000,2.000000,0.000000,0.000000,0.163421,0.851703,0.853471,156.150793,1.027852,0.685235,0.900000,0.946360,7.678811,0.000000,False,False,False,0.989048,1.000000,0.978095,1332,"3,13",1.000000,0.285714
0.000000,0.000000,28.000000,2.000000,0.000000,0.000000,2.000000,0.000000,0.000000,0.000000,11.343834,2.000000,0.900000,1.000000,2.000000,0.000000,0.000000,0.140256,0.875317,0.876750,155.183927,1.028173,0.685449,0.900000,0.966867,7.678811,0.000000,False,False,False,0.994389,1.000000,0.988777,1333,"3,13",1.000000,0.285714
0.000000,0.000000,28.000000,2.000000,0.000000,0.000000,2.000000,0.000000,0.000000,0.000000,11.256398,2.000000,0.900000,1.000000,2.000000,0.000000,0.000000,0.207310,0.803203,0.848230,154.309773,1.033753,0.689169,0.966667,0.874154,7.678811,0.000000,False,False,False,0.990373,1.000000,0.980745,1334,"3,13",1.000000,0.285714
0.000000,0.000000,28.000000,2.000000,0.000000,0.000000,2.000000,0.000000,0.000000,0.000000,10.779623,2.000000,0.900000,1.000000,2.000000,0.000000,0.000000,0.187586,0.835180,0.832454,153.403656,1.028118,0.685412,0.900000,0.906117,7.678811,0.000000,False,False,False,0.960710,1.000000,0.921419,1335,"3,13",1.000000,0.285714
0.000000,0.000000,28.000000,2.000000,0.000000,0.000000,2.000000,0.000000,0.000000,0.000000,11.649405,2.000000,0.900000,1.000000,2.000000,0.000000,0.000000,0.185706,0.858876,0.877634,152.475327,1.033349,0.688900,0.966667,0.928329,7.678811,0.000000,False,False,False,0.985153,1.000000,0.970306,1336,"3,13",1.000000,0.285714
0.000000,0.000000,28.000000,2.000000,0.000000,0.000000,2.000000,0.000000,0.000000,0.000000,11.247831,2.000000,0.900000,1.000000,2.000000,0.000000,0.000000,0.153434,0.864603,0.863658,151.510518,1.028893,0.685929,0.900000,0.964809,7.678811,0.000000,False,False,False,0.992173,1.000000,0.984345,1337,"3,13",1.000000,0.285714
0.000000,0.000000,28.000000,2.000000,0.000000,0.000000,2.000000,0.000000,0.000000,0.000000,11.059944,2.000000,0.900000,1.000000,2.000000,0.000000,0.000000,0.197366,0.796093,0.817461,150.622070,1.028841,0.685894,0.900000,0.888448,7.678811,0.000000,False,False,False,0.986404,1.000000,0.972808,1338,"3,13",1.000000,0.285714
0.000000,0.000000,28.000000,2.000000,0.000000,0.000000,2.000000,0.000000,0.000000,0.000000,10.966560,2.000000,0.900000,1.000000,2.000000,0.000000,0.000000,0.239044,0.810784,0.825622,149.772423,1.032202,0.688135,0.966667,0.849647,7.678811,0.000000,False,False,False,0.919394,1.000000,0.838788,1339,"3,13",1.000000,0.285714
0.000000,0.000000,28.000000,2.000000,0.000000,0.000000,2.000000,0.000000,0.000000,0.000000,10.961332,2.000000,0.900000,1.000000,2.000000,0.000000,0.000000,0.222662,0.791545,0.788753,148.886435,1.028249,0.685500,0.900000,0.885988,7.678811,0.000000,False,False,False,0.979224,1.000000,0.958448,1340,"3,13",1.000000,0.285714
0.000000,0.000000,28.000000,2.000000,0.000000,0.000000,2.000000,0.000000,0.000000,0.000000,10.877161,2.000000,0.900000,1.000000,2.000000,0.000000,0.000000,0.201618,0.827693,0.815700,147.982599,1.027427,0.684952,0.900000,0.903836,7.678811,0.000000,False,False,False,0.941575,1.000000,0.883151,1341,"3,13",1.000000,0.285714
0.000000,0.000000,28.000000,2.000000,0.000000,0.000000,2.000000,0.000000,0.000000,0.000000,11.255851,2.000000,0.900000,1.000000,2.000000,0.000000,0.000000,0.208411,0.838099,0.855938,147.074537,1.033467,0.688978,0.966667,0.908062,7.678811,0.000000,False,False,False,0.989943,1.000000,0.979887,1342,"3,13",1.000000,0.285714
0.000000,0.000000,28.000000,2.000000,0.000000,0.000000,2.000000,0.000000,0.000000,0.000000,11.332397,2.000000,0.900000,1.000000,2.000000,0.000000,0.000000,0.189575,0.841930,0.829236,146.162053,1.029026,0.686017,0.900000,0.912484,7.678811,0.000000,False,False,False,0.998366,1.000000,0.996731,1343,"3,13",1.000000,0.285714
0.000000,0.000000,28.000000,2.000000,0.000000,0.000000,2.000000,0.000000,0.000000,0.000000,11.294781,2.000000,0.900000,1.000000,2.000000,0.000000,0.000000,0.186147,0.839781,0.837608,145.222090,1.029171,0.686114,0.900000,0.939963,7.678811,0.000000,False,False,False,0.992976,1.000000,0.985951,1344,"3,13",1.000000,0.285714
0.000000,0.000000,28.000000,2.000000,0.000000,0.000000,2.000000,0.000000,0.000000,0.000000,11.213968,2.000000,0.900000,1.000000,2.000000,0.000000,0.000000,0.186648,0.869344,0.876306,144.284206,1.034362,0.689574,0.966667,0.937883,7.678811,0.000000,False,False,False,0.997363,1.000000,0.994727,1345,"3,13",1.000000,0.285714
0.000000,0.000000,28.000000,2.000000,0.000000,0.000000,2.000000,0.000000,0.000000,0.000000,10.917974,2.000000,0.900000,1.000000,2.000000,0.000000,0.000000,0.185533,0.839613,0.836812,143.342329,1.028136,0.685424,0.900000,0.941878,7.678811,0.000000,False,False,False,0.944346,1.000000,0.888691,1346,"3,13",1.000000,0.285714
0.000000,0.000000,28.000000,2.000000,0.000000,0.000000,2.000000,0.000000,0.000000,0.000000,11.654496,2.000000,0.900000,1.000000,2.000000,0.000000,0.000000,0.170868,0.850119,0.851852,142.391149,1.028485,0.685657,0.900000,0.951180,7.678811,0.000000,False,False,False,0.991368,1.000000,0.982736,1347,"3,13",1.000000,0.285714
0.000000,0.000000,28.000000,2.000000,0.000000,0.000000,2.000000,0.000000,0.000000,0.000000,11.701489,2.000000,0.900000,1.000000,2.000000,0.000000,0.000000,0.157155,0.898710,0.910475,141.411778,1.034142,0.689428,0.966667,0.979371,7.678811,0.000000,False,False,False,0.994603,1.000000,0.989205,1348,"3,13",1.000000,0.285714
0.000000,0.000000,28.000000,2.000000,0.000000,0.000000,2.000000,0.000000,0.000000,0.000000,10.963828,2.000000,0.900000,1.000000,2.000000,0.000000,0.000000,0.170492,0.858086,0.851139,140.455526,1.029225,0.686150,0.900000,0.956252,7.678811,0.000000,False,False,False,0.994346,1.000000,0.988693,1349,"3,13",1.000000,0.285714
