candidate_count,passive_count,follower_count,leader_count,challenger_count,dormant_count,contender_count,leaders_auditing,election_contacts,hard_safety_violations,minimum_distance,component_count,largest_component_fraction,leader_reachable_fraction,single_leader_components,components_without_leader,components_with_multiple_leaders,heading_variance,goal_alignment,mean_local_coherence,centroid_distance,mean_speed,normalized_mean_speed,moving_fraction,centroid_progress,leader_goal_distance,max_anomaly_counter,swarm_goal_reached,leader_at_goal,mission_success,leader_gate,leader_tether,leader_agreement,round,leader_ids,recognition_precision,recognition_recall
80.000000,0.000000,0.000000,0.000000,0.000000,0.000000,80.000000,0.000000,111.000000,0.000000,5.000000,1.000000,1.000000,0.000000,0.000000,1.000000,0.000000,0.902699,-0.030513,0.166267,962.543698,0.025000,0.016667,0.025000,0.024460,,0.000000,False,False,False,,,,0,-,,
80.000000,0.000000,0.000000,0.000000,0.000000,0.000000,80.000000,0.000000,111.000000,0.000000,5.000000,1.000000,1.000000,0.000000,0.000000,1.000000,0.000000,0.902699,-0.030513,0.166267,962.543698,0.000000,0.000000,0.000000,0.000000,,0.000000,False,False,False,,,,1,-,,
71.000000,9.000000,0.000000,0.000000,0.000000,0.000000,71.000000,0.000000,110.000000,0.000000,5.000000,1.000000,1.000000,0.000000,0.000000,1.000000,0.000000,0.886994,0.010549,0.163358,962.534243,0.112500,0.075000,0.112500,0.009456,,0.000000,False,False,False,,,,2,-,,
58.000000,22.000000,0.000000,0.000000,0.000000,0.000000,58.000000,0.000000,101.000000,0.000000,5.000000,1.000000,1.000000,0.000000,0.000000,1.000000,0.000000,0.896030,0.044736,0.147823,962.524631,0.300000,0.200000,0.300000,0.009612,,0.000000,False,False,False,,,,3,-,,
45.000000,35.000000,0.000000,0.000000,0.000000,0.000000,45.000000,0.000000,100.000000,0.000000,5.000000,1.000000,1.000000,0.000000,0.000000,1.000000,0.000000,0.871898,0.085473,0.158669,962.447826,0.500000,0.333333,0.500000,0.076804,,0.000000,False,False,False,,,,4,-,,
34.000000,46.000000,0.000000,0.000000,0.000000,0.000000,34.000000,0.000000,96.000000,0.000000,5.000000,1.000000,1.000000,0.000000,0.000000,1.000000,0.000000,0.982719,0.009674,0.074908,962.404425,0.675000,0.450000,0.675000,0.043401,,0.000000,False,False,False,,,,5,-,,
28.000000,50.000000,2.000000,0.000000,0.000000,0.000000,28.000000,0.000000,86.000000,0.000000,5.000000,1.000000,1.000000,0.000000,0.000000,1.000000,0.000000,0.968610,-0.027681,0.108346,962.388043,0.750000,0.500000,0.750000,0.016382,,0.000000,False,False,False,,,,6,-,,
24.000000,48.000000,8.000000,0.000000,0.000000,0.000000,24.000000,0.000000,75.000000,0.000000,5.000000,1.000000,1.000000,0.000000,0.000000,1.000000,0.000000,0.988867,-0.010855,0.112357,962.386973,0.821591,0.547727,0.825000,0.001070,,0.000000,False,False,False,,,,7,-,0.000000,
21.000000,46.000000,13.000000,0.000000,0.000000,0.000000,21.000000,0.000000,68.000000,0.000000,5.000000,1.000000,1.000000,0.000000,0.000000,1.000000,0.000000,0.941896,0.023242,0.099816,962.365815,0.925000,0.616667,0.925000,0.021158,,0.000000,False,False,False,,,,8,-,0.000000,
21.000000,37.000000,22.000000,0.000000,0.000000,0.000000,21.000000,0.000000,60.000000,0.000000,5.000000,1.000000,1.000000,0.000000,0.000000,1.000000,0.000000,0.942238,0.061833,0.149986,962.321310,0.958689,0.639126,0.962500,0.044505,,0.000000,False,False,False,,,,9,-,0.000000,
19.000000,29.000000,30.000000,2.000000,0.000000,0.000000,21.000000,2.000000,63.000000,0.000000,5.000000,1.000000,1.000000,1.000000,0.000000,0.000000,1.000000,0.921647,0.080141,0.157121,962.275817,0.909266,0.606177,0.912500,0.045493,947.373711,0.000000,False,False,False,1.000000,1.000000,0.000000,10,"3,52",0.000000,
18.000000,26.000000,33.000000,3.000000,0.000000,0.000000,21.000000,2.000000,56.000000,0.000000,5.000000,1.000000,1.000000,1.000000,0.000000,0.000000,1.000000,0.793179,0.198031,0.230329,962.130048,0.868680,0.579120,0.875000,0.145769,947.373711,0.000000,False,False,False,1.000000,1.000000,0.000000,11,"3,52,58",0.000000,0.000000
17.000000,20.000000,39.000000,4.000000,0.000000,0.000000,21.000000,2.000000,61.000000,0.000000,5.000000,1.000000,1.000000,1.000000,0.000000,0.000000,1.000000,0.796607,0.205653,0.282399,962.010137,0.872171,0.581447,0.900000,0.119911,947.373711,0.000000,False,False,False,1.000000,1.000000,0.000000,12,"3,52,58,62",0.000000,0.000000
14.000000,15.000000,47.000000,4.000000,0.000000,0.000000,18.000000,3.000000,61.000000,0.000000,5.000000,1.000000,1.000000,1.000000,0.000000,0.000000,1.000000,0.816154,0.186075,0.249995,961.897157,0.925326,0.616884,0.950000,0.112980,948.104761,0.000000,False,False,False,1.000000,1.000000,0.000000,13,"3,33,52,62",0.025641,0.034483
13.000000,11.000000,51.000000,5.000000,0.000000,0.000000,18.000000,3.000000,63.000000,0.000000,5.000000,1.000000,1.000000,1.000000,0.000000,0.000000,1.000000,0.754052,0.248798,0.276170,961.705631,0.821595,0.547730,0.837500,0.191526,948.650834,0.000000,False,False,False,1.000000,1.000000,0.000000,14,"3,33,52,62,63",0.021277,0.033333
12.000000,7.000000,56.000000,5.000000,0.000000,0.000000,17.000000,3.000000,64.000000,0.000000,5.000000,1.000000,1.000000,1.000000,0.000000,0.000000,1.000000,0.626663,0.368286,0.409955,961.438235,0.817786,0.545191,0.862500,0.267395,949.151829,0.000000,False,False,False,1.000000,1.000000,0.000000,15,"3,33,52,62,63",0.058824,0.088235
12.000000,6.000000,57.000000,5.000000,0.000000,0.000000,17.000000,2.000000,64.000000,0.000000,5.000000,1.000000,1.000000,1.000000,0.000000,0.000000,1.000000,0.759107,0.243719,0.244894,961.331035,0.879292,0.586195,0.925000,0.107200,949.224217,0.000000,False,False,False,1.000000,1.000000,0.000000,16,"3,33,52,62,63",0.089286,0.128205
12.000000,3.000000,60.000000,5.000000,0.000000,0.000000,17.000000,2.000000,54.000000,0.000000,5.000000,1.000000,1.000000,1.000000,0.000000,0.000000,1.000000,0.717356,0.279692,0.269775,961.187600,0.880723,0.587149,0.912500,0.143435,949.741885,0.000000,False,False,False,1.000000,1.000000,0.000000,17,"3,33,52,62,63",0.070175,0.102564
12.000000,1.000000,62.000000,5.000000,0.000000,0.000000,17.000000,3.000000,61.000000,0.000000,5.000000,1.000000,1.000000,1.000000,0.000000,0.000000,1.000000,0.763979,0.234971,0.211658,961.091390,0.891633,0.594422,0.925000,0.096210,950.369129,0.000000,False,False,False,1.000000,1.000000,0.000000,18,"3,33,52,62,63",0.067797,0.095238
12.000000,1.000000,62.000000,5.000000,0.000000,0.000000,17.000000,3.000000,60.000000,0.000000,5.000000,1.000000,1.000000,1.000000,0.000000,0.000000,1.000000,0.821087,0.169912,0.157982,961.039995,0.881285,0.587523,0.900000,0.051396,950.924837,1.000000,False,False,False,1.000000,1.000000,0.000000,19,"3,33,52,62,63",0.065574,0.090909
11.000000,2.000000,63.000000,4.000000,0.000000,0.000000,15.000000,2.000000,65.000000,0.000000,5.000000,1.000000,1.000000,1.000000,0.000000,0.000000,1.000000,0.835648,0.162602,0.180003,960.962259,0.847713,0.565142,0.875000,0.077736,951.537329,2.000000,False,False,False,1.000000,1.000000,0.000000,20,"33,52,62,63",0.016393,0.022727
10.000000,2.000000,63.000000,5.000000,0.000000,0.000000,15.000000,3.000000,54.000000,0.000000,5.000000,1.000000,1.000000,1.000000,0.000000,0.000000,1.000000,0.831149,0.158630,0.240676,960.900793,0.861812,0.574541,0.887500,0.061466,952.135995,3.000000,False,False,False,1.000000,1.000000,0.000000,21,"33,52,62,63,65",0.064516,0.088889
10.000000,2.000000,63.000000,5.000000,0.000000,0.000000,15.000000,1.000000,50.000000,0.000000,5.000000,1.000000,1.000000,1.000000,0.000000,0.000000,1.000000,0.826847,0.160877,0.271790,960.819735,0.843341,0.562228,0.887500,0.081058,952.679959,4.000000,False,False,False,1.000000,1.000000,0.000000,22,"33,52,62,63,65",0.000000,0.000000
9.000000,2.000000,64.000000,5.000000,0.000000,0.000000,14.000000,2.000000,48.000000,0.000000,5.000000,1.000000,1.000000,1.000000,0.000000,0.000000,1.000000,0.752721,0.223086,0.346232,960.739609,0.842634,0.561756,0.900000,0.080126,953.201951,5.000000,False,False,False,1.000000,1.000000,0.000000,23,"33,52,62,63,65",0.000000,0.000000
9.000000,2.000000,64.000000,5.000000,0.000000,0.000000,14.000000,4.000000,47.000000,0.000000,5.000000,1.000000,1.000000,1.000000,0.000000,0.000000,1.000000,0.705687,0.294944,0.355909,960.599235,0.887352,0.591568,0.937500,0.140373,953.786377,6.000000,False,False,False,1.000000,1.000000,0.000000,24,"33,52,62,63,65",0.015873,0.015873
9.000000,2.000000,64.000000,5.000000,0.000000,0.000000,14.000000,2.000000,45.000000,0.000000,5.000000,1.000000,1.000000,1.000000,0.000000,0.000000,1.000000,0.719152,0.287958,0.346262,960.433016,0.878644,0.585763,0.912500,0.166219,953.786377,7.000000,False,False,False,1.000000,1.000000,0.000000,25,"33,52,62,63,65",0.000000,0.000000
7.000000,3.000000,64.000000,5.000000,1.000000,0.000000,12.000000,2.000000,40.000000,0.000000,5.000000,1.000000,1.000000,1.000000,0.000000,0.000000,1.000000,0.677416,0.308127,0.367416,960.248028,0.873308,0.582205,0.925000,0.184988,953.786377,7.000000,False,False,False,1.000000,1.000000,0.000000,26,"33,52,62,63,65",0.000000,0.000000
6.000000,3.000000,64.000000,5.000000,2.000000,0.000000,11.000000,3.000000,44.000000,0.000000,5.000000,1.000000,1.000000,1.000000,0.000000,0.000000,1.000000,0.588367,0.408255,0.420633,959.969309,0.886758,0.591172,0.950000,0.278719,953.786377,6.000000,False,False,False,1.000000,1.000000,0.000000,27,"17,33,52,63,65",0.338710,0.333333
5.000000,3.000000,64.000000,6.000000,2.000000,0.000000,11.000000,4.000000,39.000000,0.000000,5.000000,1.000000,1.000000,1.000000,0.000000,0.000000,1.000000,0.536635,0.427170,0.451921,959.675582,0.876833,0.584555,0.937500,0.293726,954.213766,7.000000,False,False,False,1.000000,1.000000,0.000000,28,"17,33,40,52,63,65",0.015873,0.015625
5.000000,3.000000,64.000000,5.000000,3.000000,0.000000,10.000000,3.000000,37.000000,0.000000,5.000000,1.000000,1.000000,1.000000,0.000000,0.000000,1.000000,0.682944,0.302775,0.351851,959.472594,0.868745,0.579163,0.937500,0.202988,954.635867,7.000000,False,False,False,1.000000,1.000000,0.000000,29,"17,33,40,52,63",0.000000,0.000000
4.000000,2.000000,64.000000,6.000000,4.000000,0.000000,10.000000,4.000000,40.000000,0.000000,5.000000,1.000000,1.000000,1.000000,0.000000,0.000000,1.000000,0.511006,0.451117,0.501154,959.131176,0.887857,0.591905,0.962500,0.341419,955.014342,7.000000,False,False,False,1.000000,1.000000,0.000000,30,"17,33,40,52,63,66",0.000000,0.000000
4.000000,1.000000,65.000000,6.000000,4.000000,0.000000,10.000000,4.000000,33.000000,0.000000,5.000000,1.000000,1.000000,1.000000,0.000000,0.000000,1.000000,0.575488,0.374353,0.469099,958.867565,0.878507,0.585671,0.937500,0.263610,955.527210,2.000000,False,False,False,1.000000,1.000000,0.000000,31,"17,33,40,52,63,66",0.000000,0.000000
5.000000,0.000000,66.000000,6.000000,3.000000,0.000000,11.000000,4.000000,39.000000,0.000000,5.000000,1.000000,1.000000,1.000000,0.000000,0.000000,1.000000,0.489511,0.438748,0.522270,958.544764,0.886939,0.591293,0.950000,0.322802,955.949843,3.000000,False,False,False,1.000000,1.000000,0.000000,32,"17,33,40,52,63,66",0.000000,0.000000
6.000000,0.000000,66.000000,6.000000,2.000000,0.000000,12.000000,2.000000,32.000000,0.000000,5.000000,1.000000,1.000000,1.000000,0.000000,0.000000,1.000000,0.558526,0.374138,0.432017,958.264692,0.894859,0.596573,0.950000,0.280071,955.949843,0.000000,False,False,False,1.000000,1.000000,0.000000,33,"17,33,40,52,63,66",0.000000,0.000000
7.000000,0.000000,66.000000,6.000000,1.000000,0.000000,13.000000,3.000000,36.000000,0.000000,5.000000,1.000000,1.000000,1.000000,0.000000,0.000000,1.000000,0.448268,0.478376,0.527543,957.913392,0.881338,0.587559,0.950000,0.351300,956.369755,1.000000,False,False,False,1.000000,1.000000,0.000000,34,"17,33,40,52,63,66",0.000000,0.000000
7.000000,0.000000,67.000000,5.000000,1.000000,0.000000,12.000000,0.000000,34.000000,0.000000,5.000000,1.000000,1.000000,1.000000,0.000000,0.000000,1.000000,0.471053,0.484847,0.512892,957.567266,0.834382,0.556255,0.900000,0.346126,956.369755,2.000000,False,False,False,,,,35,"33,40,52,63,66",0.000000,0.000000
8.000000,0.000000,67.000000,5.000000,0.000000,0.000000,13.000000,3.000000,34.000000,0.000000,5.000000,1.000000,1.000000,1.000000,0.000000,0.000000,1.000000,0.486008,0.509013,0.535233,957.244105,0.820063,0.546709,0.912500,0.323161,956.658280,3.000000,False,False,False,1.000000,1.000000,0.000000,36,"33,40,52,63,66",0.070175,0.063492
8.000000,0.000000,67.000000,5.000000,0.000000,0.000000,13.000000,0.000000,29.000000,0.000000,5.000000,1.000000,1.000000,1.000000,0.000000,0.000000,1.000000,0.463533,0.541385,0.551642,956.872588,0.771319,0.514213,0.862500,0.371517,956.658280,4.000000,False,False,False,,,,37,"33,40,52,63,66",0.000000,0.000000
7.000000,1.000000,68.000000,4.000000,0.000000,0.000000,11.000000,0.000000,28.000000,0.000000,5.000000,1.000000,1.000000,1.000000,0.000000,0.000000,1.000000,0.424531,0.572878,0.575498,956.469932,0.773740,0.515827,0.912500,0.402656,956.658280,5.000000,False,False,False,,,,38,"33,40,52,66",0.065574,0.063492
7.000000,1.000000,68.000000,4.000000,0.000000,0.000000,11.000000,3.000000,30.000000,0.000000,5.000000,1.000000,1.000000,1.000000,0.000000,0.000000,1.000000,0.455049,0.545886,0.566923,956.111368,0.798487,0.532325,0.950000,0.358564,956.797294,4.000000,False,False,False,1.000000,1.000000,0.000000,39,"33,40,52,66",0.437500,0.444444
7.000000,1.000000,68.000000,4.000000,0.000000,0.000000,11.000000,2.000000,32.000000,0.000000,5.000000,1.000000,1.000000,1.000000,0.000000,0.000000,1.000000,0.425102,0.558846,0.576930,955.721707,0.789647,0.526431,0.912500,0.389660,956.797294,5.000000,False,False,False,1.000000,1.000000,0.000000,40,"33,40,52,66",0.421875,0.428571
7.000000,1.000000,69.000000,3.000000,0.000000,0.000000,10.000000,1.000000,28.000000,0.000000,5.000000,1.000000,1.000000,1.000000,0.000000,0.000000,1.000000,0.497527,0.488075,0.510573,955.386293,0.783251,0.522167,0.912500,0.335414,956.797294,2.000000,False,False,False,1.000000,1.000000,0.000000,41,"33,40,52",0.186441,0.174603
7.000000,0.000000,70.000000,3.000000,0.000000,0.000000,10.000000,1.000000,30.000000,0.000000,5.000000,1.000000,1.000000,1.000000,0.000000,0.000000,1.000000,0.639701,0.357153,0.383076,955.133650,0.805422,0.536948,0.950000,0.252643,956.960269,3.000000,False,False,False,,,,42,"33,40,52",0.151515,0.156250
5.000000,1.000000,70.000000,4.000000,0.000000,0.000000,9.000000,1.000000,34.000000,0.000000,5.000000,1.000000,1.000000,1.000000,0.000000,0.000000,1.000000,0.638582,0.344531,0.368741,954.879487,0.826148,0.550765,0.950000,0.254164,957.123885,4.000000,False,False,False,,,,43,"11,33,40,52",0.000000,0.000000
4.000000,1.000000,70.000000,5.000000,0.000000,0.000000,9.000000,2.000000,28.000000,0.000000,5.431028,1.000000,1.000000,1.000000,0.000000,0.000000,1.000000,0.762073,0.179146,0.251020,954.786626,0.840707,0.560471,0.937500,0.092861,957.288142,5.000000,False,False,False,,,,44,"11,33,39,40,52",0.093750,0.095238
2.000000,3.000000,70.000000,5.000000,0.000000,0.000000,7.000000,1.000000,33.000000,0.000000,5.000000,1.000000,1.000000,1.000000,0.000000,0.000000,1.000000,0.692408,0.212428,0.336947,954.674279,0.856112,0.570741,0.950000,0.112347,957.453039,6.000000,False,False,False,,,,45,"11,33,39,40,52",0.062500,0.063492
2.000000,3.000000,70.000000,5.000000,0.000000,0.000000,7.000000,2.000000,35.000000,0.000000,5.118055,1.000000,1.000000,1.000000,0.000000,0.000000,1.000000,0.637445,0.320751,0.378590,954.456928,0.905069,0.603379,0.975000,0.217350,957.453039,7.000000,False,False,False,1.000000,1.000000,0.000000,46,"11,33,39,40,52",0.444444,0.444444
2.000000,3.000000,68.000000,5.000000,2.000000,0.000000,7.000000,2.000000,23.000000,0.000000,5.392158,1.000000,1.000000,1.000000,0.000000,0.000000,1.000000,0.580294,0.394917,0.436990,954.162263,0.912529,0.608353,0.975000,0.294666,957.502959,6.000000,False,False,False,,,,47,"11,33,39,40,52",0.412698,0.412698
2.000000,2.000000,69.000000,5.000000,2.000000,0.000000,7.000000,1.000000,25.000000,0.000000,5.421367,1.000000,1.000000,1.000000,0.000000,0.000000,1.000000,0.352961,0.641098,0.662940,953.649799,0.875936,0.583957,0.950000,0.512464,957.502959,7.000000,False,False,False,,,,48,"11,33,39,40,52",0.406780,0.406780
2.000000,2.000000,69.000000,5.000000,2.000000,0.000000,7.000000,1.000000,20.000000,0.000000,5.510571,1.000000,1.000000,1.000000,0.000000,0.000000,1.000000,0.275501,0.707525,0.734061,953.078751,0.856433,0.570955,0.950000,0.571047,957.502959,0.000000,False,False,False,0.738631,1.000000,0.477261,49,"11,33,39,40,52",0.382979,0.310345
3.000000,2.000000,69.000000,5.000000,1.000000,0.000000,8.000000,2.000000,22.000000,0.000000,5.472798,1.000000,1.000000,1.000000,0.000000,0.000000,1.000000,0.260727,0.726140,0.728486,952.499762,0.843387,0.562258,0.962500,0.578989,956.851310,0.000000,False,False,False,0.814561,1.000000,0.629122,50,"11,33,39,40,52",0.644444,0.500000
2.000000,4.000000,69.000000,5.000000,0.000000,0.000000,7.000000,0.000000,21.000000,0.000000,5.262214,1.000000,1.000000,1.000000,0.000000,0.000000,1.000000,0.230874,0.760376,0.748735,951.907424,0.838732,0.559155,0.962500,0.592338,956.189063,0.000000,False,False,False,0.827809,1.000000,0.655618,51,"11,33,39,40,52",0.622642,0.568966
2.000000,4.000000,69.000000,5.000000,0.000000,0.000000,7.000000,1.000000,23.000000,0.000000,5.000000,1.000000,1.000000,1.000000,0.000000,0.000000,1.000000,0.248571,0.744062,0.745713,951.333117,0.849760,0.566507,0.975000,0.574307,955.543593,0.000000,False,False,False,0.806837,1.000000,0.613674,52,"11,33,39,40,52",0.734694,0.620690
2.000000,3.000000,70.000000,5.000000,0.000000,0.000000,7.000000,3.000000,18.000000,0.000000,5.000000,1.000000,1.000000,1.000000,0.000000,0.000000,1.000000,0.233835,0.761214,0.766554,950.733480,0.860574,0.573716,0.975000,0.599637,954.890297,0.000000,False,False,False,0.816620,1.000000,0.633241,53,"11,33,39,40,52",0.734694,0.631579
2.000000,3.000000,70.000000,5.000000,0.000000,0.000000,7.000000,3.000000,22.000000,0.000000,5.423286,1.000000,1.000000,1.000000,0.000000,0.000000,1.000000,0.170359,0.823613,0.823514,950.052456,0.860751,0.573834,0.962500,0.681024,954.201572,0.000000,False,False,False,0.860907,1.000000,0.721813,54,"11,33,39,40,52",0.720000,0.620690
1.000000,4.000000,70.000000,5.000000,0.000000,0.000000,6.000000,2.000000,15.000000,0.000000,5.000000,1.000000,1.000000,1.000000,0.000000,0.000000,1.000000,0.218420,0.772705,0.784969,949.406157,0.866454,0.577636,0.962500,0.646299,953.478470,0.000000,False,False,False,0.903877,1.000000,0.807753,55,"11,33,39,40,52",0.673913,0.534483
1.000000,3.000000,71.000000,5.000000,0.000000,0.000000,6.000000,2.000000,18.000000,0.000000,5.017280,1.000000,1.000000,1.000000,0.000000,0.000000,1.000000,0.140709,0.849982,0.862461,948.686419,0.868478,0.578985,0.975000,0.719738,952.737066,0.000000,False,False,False,0.926755,1.000000,0.853510,56,"11,33,39,40,52",0.520833,0.431034
1.000000,3.000000,72.000000,4.000000,0.000000,0.000000,5.000000,1.000000,16.000000,0.000000,5.000000,1.000000,1.000000,1.000000,0.000000,0.000000,1.000000,0.200875,0.785484,0.788634,948.028479,0.862151,0.574767,0.962500,0.657940,951.980951,0.000000,False,False,False,0.945145,1.000000,0.890289,57,"11,33,40,52",0.619048,0.440678
1.000000,2.000000,73.000000,4.000000,0.000000,0.000000,5.000000,1.000000,17.000000,0.000000,5.000000,1.000000,1.000000,1.000000,0.000000,0.000000,1.000000,0.250296,0.738208,0.754937,947.442008,0.872119,0.581413,0.975000,0.586471,952.191138,0.000000,False,False,False,,,,58,"11,33,40,52",0.754386,0.728814
1.000000,0.000000,75.000000,4.000000,0.000000,0.000000,5.000000,1.000000,17.000000,0.000000,5.000000,1.000000,1.000000,1.000000,0.000000,0.000000,1.000000,0.268397,0.722915,0.739735,946.860080,0.891395,0.594263,0.987500,0.581928,952.191138,0.000000,False,False,False,,,,59,"11,33,40,52",0.620690,0.610169
1.000000,0.000000,75.000000,4.000000,0.000000,0.000000,5.000000,1.000000,17.000000,0.000000,5.000000,1.000000,1.000000,1.000000,0.000000,0.000000,1.000000,0.210522,0.777048,0.789736,946.198055,0.895915,0.597277,0.987500,0.662025,951.496389,0.000000,False,False,False,0.868436,1.000000,0.736872,60,"11,33,40,52",0.519231,0.442623
1.000000,0.000000,75.000000,4.000000,0.000000,0.000000,5.000000,0.000000,16.000000,0.000000,5.000000,1.000000,1.000000,1.000000,0.000000,0.000000,1.000000,0.181521,0.805391,0.822375,945.503286,0.883285,0.588856,0.975000,0.694769,950.824931,0.000000,False,False,False,0.839323,1.000000,0.678645,61,"11,33,40,52",0.642857,0.457627
1.000000,0.000000,76.000000,3.000000,0.000000,0.000000,4.000000,0.000000,14.000000,0.000000,5.000000,1.000000,1.000000,1.000000,0.000000,0.000000,1.000000,0.251292,0.727882,0.745053,944.886705,0.888727,0.592484,0.987500,0.616581,950.113500,0.000000,False,False,False,0.889288,1.000000,0.778575,62,"33,40,52",0.693878,0.576271
1.000000,0.000000,76.000000,3.000000,0.000000,0.000000,4.000000,0.000000,13.000000,0.000000,5.328499,1.000000,1.000000,1.000000,0.000000,0.000000,1.000000,0.188599,0.794356,0.805203,944.212606,0.896335,0.597557,1.000000,0.674100,950.295318,0.000000,False,False,False,,,,63,"33,40,52",0.722222,0.650000
0.000000,0.000000,76.000000,4.000000,0.000000,0.000000,4.000000,1.000000,11.000000,0.000000,5.805050,1.000000,1.000000,1.000000,0.000000,0.000000,1.000000,0.239435,0.739945,0.774176,943.579654,0.905962,0.603975,1.000000,0.632951,950.462902,0.000000,False,False,False,1.000000,1.000000,0.000000,64,"33,40,52,64",0.722222,0.661017
0.000000,0.000000,76.000000,4.000000,0.000000,0.000000,4.000000,1.000000,12.000000,0.000000,6.051222,1.000000,1.000000,1.000000,0.000000,0.000000,1.000000,0.231170,0.742486,0.765689,942.938494,0.890044,0.593363,0.975000,0.641160,950.462902,0.000000,False,False,False,1.000000,1.000000,0.000000,65,"33,40,52,64",0.700000,0.614035
0.000000,0.000000,76.000000,4.000000,0.000000,0.000000,4.000000,1.000000,8.000000,0.000000,6.526789,1.000000,1.000000,1.000000,0.000000,0.000000,1.000000,0.282102,0.689506,0.744974,942.344344,0.889926,0.593284,0.987500,0.594150,949.807985,0.000000,False,False,False,1.000000,1.000000,0.000000,66,"33,40,52,64",0.605263,0.410714
0.000000,0.000000,76.000000,4.000000,0.000000,0.000000,4.000000,0.000000,5.000000,0.000000,6.899194,1.000000,1.000000,1.000000,0.000000,0.000000,1.000000,0.204255,0.779512,0.815164,941.676845,0.878544,0.585696,0.987500,0.667499,949.168490,0.000000,False,False,False,0.799369,1.000000,0.598737,67,"33,40,52,64",0.400000,0.178571
0.000000,0.000000,76.000000,4.000000,0.000000,0.000000,4.000000,0.000000,6.000000,0.000000,6.940299,1.000000,1.000000,1.000000,0.000000,0.000000,1.000000,0.169705,0.822590,0.846384,940.976111,0.869229,0.579486,0.987500,0.700733,948.478166,0.000000,False,False,False,0.862904,1.000000,0.725809,68,"33,40,52,64",0.516129,0.290909
0.000000,0.000000,76.000000,4.000000,0.000000,0.000000,4.000000,1.000000,3.000000,0.000000,7.013391,1.000000,1.000000,1.000000,0.000000,0.000000,1.000000,0.158854,0.831772,0.858395,940.258219,0.877379,0.584920,1.000000,0.717893,947.767416,0.000000,False,False,False,1.000000,1.000000,0.000000,69,"33,40,52,64",0.605263,0.418182
0.000000,0.000000,76.000000,4.000000,0.000000,0.000000,4.000000,1.000000,3.000000,0.000000,7.531322,1.000000,1.000000,1.000000,0.000000,0.000000,1.000000,0.138217,0.855469,0.883167,939.515800,0.880191,0.586794,1.000000,0.742418,947.025713,0.000000,False,False,False,1.000000,1.000000,0.000000,70,"33,40,52,64",0.666667,0.472727
0.000000,0.000000,76.000000,4.000000,0.000000,0.000000,4.000000,1.000000,3.000000,0.000000,7.895854,1.000000,1.000000,1.000000,0.000000,0.000000,1.000000,0.082311,0.912950,0.940458,938.722269,0.869815,0.579877,0.987500,0.793531,946.279153,0.000000,False,False,False,1.000000,1.000000,0.000000,71,"33,40,52,64",0.692308,0.500000
0.000000,0.000000,76.000000,4.000000,0.000000,0.000000,4.000000,1.000000,2.000000,0.000000,7.463568,1.000000,1.000000,1.000000,0.000000,0.000000,1.000000,0.131705,0.862508,0.899933,937.986964,0.862498,0.574999,0.987500,0.735305,945.492358,0.000000,False,False,False,1.000000,1.000000,0.000000,72,"33,40,52,64",0.692308,0.509434
0.000000,0.000000,76.000000,4.000000,0.000000,0.000000,4.000000,1.000000,1.000000,0.000000,7.852734,1.000000,1.000000,1.000000,0.000000,0.000000,1.000000,0.089209,0.907756,0.922736,937.212965,0.860951,0.573967,1.000000,0.773998,944.719127,0.000000,False,False,False,1.000000,1.000000,0.000000,73,"33,40,52,64",0.692308,0.509434
0.000000,0.000000,76.000000,4.000000,0.000000,0.000000,4.000000,0.000000,0.000000,0.000000,8.038438,1.000000,1.000000,1.000000,0.000000,0.000000,1.000000,0.061672,0.932883,0.953588,936.425068,0.846873,0.564582,0.987500,0.787897,943.961892,0.000000,False,False,False,0.946545,1.000000,0.893090,74,"33,40,52,64",0.692308,0.509434
0.000000,0.000000,76.000000,4.000000,0.000000,0.000000,4.000000,1.000000,1.000000,0.000000,7.737990,1.000000,1.000000,1.000000,0.000000,0.000000,1.000000,0.054781,0.942257,0.959890,935.629604,0.845763,0.563842,1.000000,0.795464,943.176207,0.000000,False,False,False,1.000000,1.000000,0.000000,75,"33,40,52,64",0.666667,0.490566
0.000000,0.000000,76.000000,4.000000,0.000000,0.000000,4.000000,1.000000,1.000000,0.000000,7.864307,1.000000,1.000000,1.000000,0.000000,0.000000,1.000000,0.059064,0.934103,0.955126,934.844511,0.837104,0.558069,0.987500,0.785092,942.387942,0.000000,False,False,False,1.000000,1.000000,0.000000,76,"33,40,52,64",0.684211,0.490566
0.000000,0.000000,76.000000,4.000000,0.000000,0.000000,4.000000,1.000000,1.000000,0.000000,7.603449,1.000000,1.000000,1.000000,0.000000,0.000000,1.000000,0.053041,0.943312,0.955588,934.063390,0.828245,0.552163,0.987500,0.781121,941.600020,0.000000,False,False,False,1.000000,1.000000,0.000000,77,"33,40,52,64",0.763158,0.547170
0.000000,0.000000,76.000000,4.000000,0.000000,0.000000,4.000000,1.000000,1.000000,0.000000,7.255584,1.000000,1.000000,1.000000,0.000000,0.000000,1.000000,0.077894,0.916599,0.938146,933.303839,0.832450,0.554967,1.000000,0.759551,940.818181,0.000000,False,False,False,1.000000,1.000000,0.000000,78,"33,40,52,64",0.763158,0.547170
0.000000,0.000000,76.000000,4.000000,0.000000,0.000000,4.000000,1.000000,2.000000,0.000000,7.888649,1.000000,1.000000,1.000000,0.000000,0.000000,1.000000,0.091507,0.902458,0.928505,932.554726,0.836170,0.557447,1.000000,0.749113,940.052811,0.000000,False,False,False,1.000000,1.000000,0.000000,79,"33,40,52,64",0.756757,0.538462
0.000000,0.000000,76.000000,4.000000,0.000000,0.000000,4.000000,0.000000,0.000000,0.000000,8.204543,1.000000,1.000000,1.000000,0.000000,0.000000,1.000000,0.077656,0.918189,0.930487,931.809252,0.815764,0.543843,0.975000,0.745474,939.302439,0.000000,False,False,False,0.937965,1.000000,0.875930,80,"33,40,52,64",0.800000,0.538462
0.000000,0.000000,76.000000,4.000000,0.000000,0.000000,4.000000,1.000000,1.000000,0.000000,7.935366,1.000000,1.000000,1.000000,0.000000,0.000000,1.000000,0.061541,0.932501,0.950546,931.049210,0.814753,0.543169,1.000000,0.760042,938.534569,0.000000,False,False,False,1.000000,1.000000,0.000000,81,"33,40,52,64",0.800000,0.538462
0.000000,0.000000,76.000000,4.000000,0.000000,0.000000,4.000000,1.000000,0.000000,0.000000,8.044629,1.000000,1.000000,1.000000,0.000000,0.000000,1.000000,0.058119,0.938698,0.951636,930.291676,0.808749,0.539166,0.987500,0.757534,937.747212,0.000000,False,False,False,1.000000,1.000000,0.000000,82,"33,40,52,64",0.787879,0.500000
0.000000,0.000000,76.000000,4.000000,0.000000,0.000000,4.000000,1.000000,2.000000,0.000000,7.374976,1.000000,1.000000,1.000000,0.000000,0.000000,1.000000,0.052376,0.944092,0.953552,929.559344,0.810029,0.540019,1.000000,0.732332,938.381681,0.000000,False,False,False,1.000000,1.000000,0.000000,83,"33,40,52,64",0.853659,0.673077
0.000000,0.000000,76.000000,4.000000,0.000000,0.000000,4.000000,1.000000,2.000000,0.000000,7.666330,1.000000,1.000000,1.000000,0.000000,0.000000,1.000000,0.099666,0.900738,0.898266,928.866764,0.797088,0.531392,0.975000,0.692580,938.381681,0.000000,False,False,False,1.000000,1.000000,0.000000,84,"33,40,52,64",0.850000,0.653846
0.000000,0.000000,76.000000,4.000000,0.000000,0.000000,4.000000,1.000000,3.000000,0.000000,7.065158,1.000000,1.000000,1.000000,0.000000,0.000000,1.000000,0.095626,0.904063,0.911761,928.175469,0.797198,0.531465,0.987500,0.691296,939.016403,0.000000,False,False,False,1.000000,1.000000,0.000000,85,"33,40,52,64",0.860465,0.725490
0.000000,0.000000,76.000000,4.000000,0.000000,0.000000,4.000000,0.000000,6.000000,0.000000,7.142712,1.000000,1.000000,1.000000,0.000000,0.000000,1.000000,0.042447,0.957856,0.957303,927.454876,0.770889,0.513926,0.962500,0.720593,939.016403,0.000000,False,False,False,,,,86,"33,40,52,64",0.857143,0.734694
0.000000,0.000000,76.000000,4.000000,0.000000,0.000000,4.000000,0.000000,3.000000,0.000000,6.319005,1.000000,1.000000,1.000000,0.000000,0.000000,1.000000,0.072417,0.925597,0.932153,926.773073,0.746910,0.497940,0.950000,0.681803,939.016403,0.000000,False,False,False,,,,87,"33,40,52,64",0.878049,0.734694
0.000000,0.000000,76.000000,4.000000,0.000000,0.000000,4.000000,1.000000,5.000000,0.000000,6.199263,1.000000,1.000000,1.000000,0.000000,0.000000,1.000000,0.075772,0.923772,0.917830,926.110448,0.750742,0.500495,0.987500,0.662625,939.651377,0.000000,False,False,False,1.000000,1.000000,0.000000,88,"33,40,52,64",0.900000,0.750000
0.000000,0.000000,76.000000,4.000000,0.000000,0.000000,4.000000,0.000000,5.000000,0.000000,6.354561,1.000000,1.000000,1.000000,0.000000,0.000000,1.000000,0.059206,0.936557,0.944188,925.439195,0.755824,0.503882,0.987500,0.671253,940.286603,0.000000,False,False,False,,,,89,"33,40,52,64",0.897436,0.729167
0.000000,0.000000,76.000000,4.000000,0.000000,0.000000,4.000000,0.000000,8.000000,0.000000,6.511756,1.000000,1.000000,1.000000,0.000000,0.000000,1.000000,0.115588,0.875446,0.877734,924.833324,0.761507,0.507671,0.987500,0.605871,940.922081,0.000000,False,False,False,,,,90,"33,40,52,64",0.914286,0.711111
0.000000,0.000000,76.000000,4.000000,0.000000,0.000000,4.000000,1.000000,7.000000,0.000000,5.000000,1.000000,1.000000,1.000000,0.000000,0.000000,1.000000,0.173619,0.816201,0.834824,924.236338,0.780970,0.520646,0.987500,0.596986,940.196373,0.000000,False,False,False,1.000000,1.000000,0.000000,91,"33,40,52,64",0.880000,0.523810
0.000000,0.000000,76.000000,4.000000,0.000000,0.000000,4.000000,1.000000,4.000000,0.000000,6.198155,1.000000,1.000000,1.000000,0.000000,0.000000,1.000000,0.210321,0.782236,0.795128,923.637252,0.794064,0.529376,0.987500,0.599086,939.487746,0.000000,False,False,False,1.000000,1.000000,0.000000,92,"33,40,52,64",0.000000,0.000000
0.000000,0.000000,76.000000,4.000000,0.000000,0.000000,4.000000,1.000000,5.000000,0.000000,6.824294,1.000000,1.000000,1.000000,0.000000,0.000000,1.000000,0.137548,0.856177,0.863949,922.992541,0.801224,0.534149,1.000000,0.644711,940.139291,0.000000,False,False,False,1.000000,1.000000,0.000000,93,"33,40,52,64",0.892857,0.595238
0.000000,0.000000,76.000000,4.000000,0.000000,0.000000,4.000000,0.000000,3.000000,0.000000,7.418531,1.000000,1.000000,1.000000,0.000000,0.000000,1.000000,0.157267,0.834417,0.854635,922.339045,0.797681,0.531788,0.987500,0.653496,939.435732,0.000000,False,False,False,0.879449,1.000000,0.758898,94,"33,40,52,64",0.000000,0.000000
0.000000,0.000000,76.000000,4.000000,0.000000,0.000000,4.000000,0.000000,0.000000,0.000000,8.088602,1.000000,1.000000,1.000000,0.000000,0.000000,1.000000,0.129772,0.859740,0.887682,921.667626,0.786966,0.524644,0.987500,0.671419,938.733497,0.000000,False,False,False,0.877794,1.000000,0.755587,95,"33,40,52,64",0.000000,0.000000
0.000000,0.000000,76.000000,4.000000,0.000000,0.000000,4.000000,0.000000,1.000000,0.000000,7.898154,1.000000,1.000000,1.000000,0.000000,0.000000,1.000000,0.096955,0.892460,0.914992,920.965454,0.783632,0.522422,1.000000,0.702171,937.996280,0.000000,False,False,False,0.899874,1.000000,0.799748,96,"33,40,52,64",0.000000,0.000000
0.000000,0.000000,76.000000,4.000000,0.000000,0.000000,4.000000,0.000000,0.000000,0.000000,8.057173,1.000000,1.000000,1.000000,0.000000,0.000000,1.000000,0.125239,0.868623,0.886200,920.284476,0.787910,0.525273,1.000000,0.680979,937.257647,0.000000,False,False,False,0.950414,1.000000,0.900827,97,"33,40,52,64",0.000000,0.000000
0.000000,0.000000,76.000000,4.000000,0.000000,0.000000,4.000000,0.000000,0.000000,0.000000,8.028095,1.000000,1.000000,1.000000,0.000000,0.000000,1.000000,0.090916,0.903273,0.917529,919.574235,0.784513,0.523009,1.000000,0.710241,936.516107,0.000000,False,False,False,0.900391,1.000000,0.800782,98,"33,40,52,64",0.000000,0.000000
0.000000,0.000000,76.000000,4.000000,0.000000,0.000000,4.000000,0.000000,1.000000,0.000000,7.946800,1.000000,1.000000,1.000000,0.000000,0.000000,1.000000,0.076865,0.916169,0.935660,918.853923,0.782911,0.521941,1.000000,0.720311,935.765748,0.000000,False,False,False,0.951963,1.000000,0.903925,99,"33,40,52,64",0.000000,0.000000
0.000000,0.000000,76.000000,4.000000,0.000000,0.000000,4.000000,0.000000,0.000000,0.000000,8.063478,1.000000,1.000000,1.000000,0.000000,0.000000,1.000000,0.092626,0.905347,0.920812,918.152015,0.775186,0.516791,0.987500,0.701909,935.765748,0.000000,False,False,False,0.955427,1.000000,0.910855,100,"33,40,52,64",0.000000,0.000000
0.000000,0.000000,76.000000,4.000000,0.000000,0.000000,4.000000,0.000000,1.000000,0.000000,7.980673,1.000000,1.000000,1.000000,0.000000,0.000000,1.000000,0.074157,0.921216,0.934218,917.436980,0.773640,0.515760,1.000000,0.715035,935.000659,0.000000,False,False,False,0.959274,1.000000,0.918548,101,"33,40,52,64",0.000000,0.000000
0.000000,0.000000,76.000000,4.000000,0.000000,0.000000,4.000000,0.000000,0.000000,0.000000,8.108963,1.000000,1.000000,1.000000,0.000000,0.000000,1.000000,0.070127,0.925649,0.935455,916.726573,0.766891,0.511261,0.987500,0.710407,935.000659,0.000000,False,False,False,0.954881,1.000000,0.909761,102,"33,40,52,64",0.000000,0.000000
0.000000,0.000000,76.000000,4.000000,0.000000,0.000000,4.000000,0.000000,1.000000,0.000000,7.846945,1.000000,1.000000,1.000000,0.000000,0.000000,1.000000,0.094854,0.902533,0.910141,916.033838,0.766574,0.511049,1.000000,0.692736,934.237488,0.000000,False,False,False,0.976542,1.000000,0.953085,103,"33,40,52,64",0.000000,0.000000
0.000000,0.000000,76.000000,4.000000,0.000000,0.000000,4.000000,0.000000,1.000000,0.000000,7.893504,1.000000,1.000000,1.000000,0.000000,0.000000,1.000000,0.113766,0.880827,0.895679,915.356165,0.773669,0.515779,1.000000,0.677672,933.474724,0.000000,False,False,False,0.974449,1.000000,0.948897,104,"33,40,52,64",0.000000,0.000000
0.000000,0.000000,76.000000,4.000000,0.000000,0.000000,4.000000,0.000000,0.000000,0.000000,8.133812,1.000000,1.000000,1.000000,0.000000,0.000000,1.000000,0.083838,0.913403,0.921865,914.656761,0.765272,0.510181,0.987500,0.699404,933.474724,0.000000,False,False,False,0.921033,1.000000,0.842065,105,"33,40,52,64",0.000000,0.000000
0.000000,0.000000,76.000000,4.000000,0.000000,0.000000,4.000000,0.000000,0.000000,0.000000,8.131587,1.000000,1.000000,1.000000,0.000000,0.000000,1.000000,0.070143,0.928112,0.934243,913.946665,0.763890,0.509260,1.000000,0.710095,932.720947,0.000000,False,False,False,0.966700,1.000000,0.933401,106,"33,40,52,64",0.000000,0.000000
0.000000,0.000000,76.000000,4.000000,0.000000,0.000000,4.000000,0.000000,1.000000,0.000000,7.996961,1.000000,1.000000,1.000000,0.000000,0.000000,1.000000,0.055949,0.940342,0.949212,913.224973,0.764601,0.509734,1.000000,0.721693,931.955108,0.000000,False,False,False,0.971135,1.000000,0.942271,107,"33,40,52,64",0.000000,0.000000
0.000000,0.000000,76.000000,4.000000,0.000000,0.000000,4.000000,0.000000,0.000000,0.000000,8.241289,1.000000,1.000000,1.000000,0.000000,0.000000,1.000000,0.071330,0.926425,0.936360,912.521345,0.758567,0.505711,0.987500,0.703627,931.955108,0.000000,False,False,False,0.970656,1.000000,0.941312,108,"33,40,52,64",0.000000,0.000000
0.000000,0.000000,76.000000,4.000000,0.000000,0.000000,4.000000,0.000000,0.000000,0.000000,8.249981,1.000000,1.000000,1.000000,0.000000,0.000000,1.000000,0.059287,0.938529,0.941105,911.824376,0.759260,0.506173,1.000000,0.696969,931.180139,0.000000,False,False,False,,,,109,"33,40,52,64",0.894737,0.435897
0.000000,0.000000,76.000000,4.000000,0.000000,0.000000,4.000000,0.000000,0.000000,0.000000,8.271654,1.000000,1.000000,1.000000,0.000000,0.000000,1.000000,0.053004,0.945068,0.946743,911.104164,0.760474,0.506983,1.000000,0.720212,930.407012,0.000000,False,False,False,0.967016,1.000000,0.934032,110,"33,40,52,64",0.000000,0.000000
0.000000,0.000000,76.000000,4.000000,0.000000,0.000000,4.000000,0.000000,0.000000,0.000000,8.335910,1.000000,1.000000,1.000000,0.000000,0.000000,1.000000,0.057953,0.937732,0.951632,910.387182,0.761147,0.507431,1.000000,0.716982,929.637196,0.000000,False,False,False,0.963955,1.000000,0.927911,111,"33,40,52,64",0.000000,0.000000
0.000000,0.000000,76.000000,4.000000,0.000000,0.000000,4.000000,0.000000,0.000000,0.000000,8.275975,1.000000,1.000000,1.000000,0.000000,0.000000,1.000000,0.060498,0.938680,0.945596,909.671344,0.761944,0.507963,1.000000,0.715838,928.863448,0.000000,False,False,False,0.970256,1.000000,0.940513,112,"33,40,52,64",0.000000,0.000000
0.000000,0.000000,76.000000,4.000000,0.000000,0.000000,4.000000,0.000000,0.000000,0.000000,8.184366,1.000000,1.000000,1.000000,0.000000,0.000000,1.000000,0.062468,0.933661,0.942992,908.956229,0.762847,0.508565,1.000000,0.715115,928.089979,0.000000,False,False,False,0.978119,1.000000,0.956238,113,"33,40,52,64",0.000000,0.000000
0.000000,0.000000,76.000000,4.000000,0.000000,0.000000,4.000000,0.000000,0.000000,0.000000,8.114524,1.000000,1.000000,1.000000,0.000000,0.000000,1.000000,0.062114,0.935252,0.941323,908.240248,0.763687,0.509125,1.000000,0.715981,927.313273,0.000000,False,False,False,0.975071,1.000000,0.950142,114,"33,40,52,64",0.000000,0.000000
0.000000,0.000000,76.000000,4.000000,0.000000,0.000000,4.000000,0.000000,0.000000,0.000000,8.015799,1.000000,1.000000,1.000000,0.000000,0.000000,1.000000,0.077305,0.920279,0.924632,907.535178,0.764452,0.509635,1.000000,0.705070,926.539109,0.000000,False,False,False,0.982014,1.000000,0.964028,115,"33,40,52,64",0.000000,0.000000
0.000000,0.000000,76.000000,4.000000,0.000000,0.000000,4.000000,0.000000,1.000000,0.000000,7.963405,1.000000,1.000000,1.000000,0.000000,0.000000,1.000000,0.065523,0.932821,0.933522,906.820791,0.764697,0.509798,1.000000,0.714387,925.772259,0.000000,False,False,False,0.966968,1.000000,0.933937,116,"33,40,52,64",0.000000,0.000000
0.000000,0.000000,76.000000,4.000000,0.000000,0.000000,4.000000,0.000000,0.000000,0.000000,8.567715,1.000000,1.000000,1.000000,0.000000,0.000000,1.000000,0.064812,0.932039,0.939943,906.112684,0.758179,0.505453,0.987500,0.708107,925.772259,0.000000,False,False,False,0.958459,1.000000,0.916918,117,"33,40,52,64",0.000000,0.000000
0.000000,0.000000,76.000000,4.000000,0.000000,0.000000,4.000000,0.000000,0.000000,0.000000,8.492326,1.000000,1.000000,1.000000,0.000000,0.000000,1.000000,0.057511,0.943196,0.946944,905.415996,0.758375,0.505583,1.000000,0.696688,925.000932,0.000000,False,False,False,,,,118,"33,40,52,64",0.933333,0.736842
0.000000,0.000000,76.000000,4.000000,0.000000,0.000000,4.000000,0.000000,0.000000,0.000000,8.192777,1.000000,1.000000,1.000000,0.000000,0.000000,1.000000,0.054477,0.944055,0.948031,904.713202,0.760568,0.507045,1.000000,0.702795,924.218482,0.000000,False,False,False,,,,119,"33,40,52,64",0.933333,0.736842
0.000000,0.000000,76.000000,4.000000,0.000000,0.000000,4.000000,0.000000,1.000000,0.000000,7.847654,1.000000,1.000000,1.000000,0.000000,0.000000,1.000000,0.047516,0.953278,0.954628,904.002991,0.762507,0.508338,1.000000,0.710210,923.436383,0.000000,False,False,False,,,,120,"33,40,52,64",0.933333,0.736842
0.000000,0.000000,76.000000,4.000000,0.000000,0.000000,4.000000,0.000000,0.000000,0.000000,8.241026,1.000000,1.000000,1.000000,0.000000,0.000000,1.000000,0.045748,0.953242,0.954918,903.288411,0.757212,0.504808,0.987500,0.714580,922.650144,0.000000,False,False,False,,,,121,"33,40,52,64",0.933333,0.736842
0.000000,0.000000,76.000000,4.000000,0.000000,0.000000,4.000000,0.000000,0.000000,0.000000,8.119830,1.000000,1.000000,1.000000,0.000000,0.000000,1.000000,0.040913,0.959660,0.962609,902.575139,0.757654,0.505103,1.000000,0.713272,921.867437,0.000000,False,False,False,,,,122,"33,40,52,64",0.933333,0.756757
0.000000,0.000000,76.000000,4.000000,0.000000,0.000000,4.000000,0.000000,1.000000,0.000000,7.859189,1.000000,1.000000,1.000000,0.000000,0.000000,1.000000,0.049934,0.949910,0.952786,901.865380,0.760187,0.506792,1.000000,0.709759,921.079084,0.000000,False,False,False,,,,123,"33,40,52,64",0.933333,0.756757
0.000000,0.000000,76.000000,4.000000,0.000000,0.000000,4.000000,0.000000,2.000000,0.000000,7.612152,1.000000,1.000000,1.000000,0.000000,0.000000,1.000000,0.069863,0.931482,0.936996,901.174022,0.755132,0.503421,0.987500,0.691358,920.290840,0.000000,False,False,False,0.985304,1.000000,0.970608,124,"33,40,52,64",0.933333,0.800000
0.000000,0.000000,76.000000,4.000000,0.000000,0.000000,4.000000,0.000000,1.000000,0.000000,7.919831,1.000000,1.000000,1.000000,0.000000,0.000000,1.000000,0.095927,0.903154,0.906826,900.529063,0.730957,0.487305,0.962500,0.644959,920.290840,0.000000,False,False,False,,,,125,"33,40,52,64",0.933333,0.800000
0.000000,0.000000,76.000000,4.000000,0.000000,0.000000,4.000000,0.000000,2.000000,0.000000,7.919831,1.000000,1.000000,1.000000,0.000000,0.000000,1.000000,0.052048,0.945579,0.951517,899.864361,0.713851,0.475901,0.975000,0.664702,920.290840,0.000000,False,False,False,,,,126,"33,40,52,64",0.933333,0.800000
0.000000,0.000000,77.000000,3.000000,0.000000,0.000000,3.000000,0.000000,2.000000,0.000000,7.745494,1.000000,1.000000,1.000000,0.000000,0.000000,1.000000,0.090631,0.907933,0.912697,899.242153,0.705496,0.470331,0.975000,0.622208,920.290840,0.000000,False,False,False,,,,127,"40,52,64",0.968750,0.885714
0.000000,0.000000,77.000000,3.000000,0.000000,0.000000,3.000000,0.000000,1.000000,0.000000,7.789423,1.000000,1.000000,1.000000,0.000000,0.000000,1.000000,0.073178,0.924476,0.932785,898.598680,0.711244,0.474163,0.987500,0.643473,919.546532,0.000000,False,False,False,0.930385,1.000000,0.860770,128,"40,52,64",0.967742,0.833333
0.000000,0.000000,77.000000,3.000000,0.000000,0.000000,3.000000,0.000000,2.000000,0.000000,7.145119,1.000000,1.000000,1.000000,0.000000,0.000000,1.000000,0.070168,0.929737,0.933518,897.966558,0.709370,0.472913,0.987500,0.632122,920.052860,0.000000,False,False,False,,,,129,"40,52,64",0.972973,1.000000
0.000000,0.000000,77.000000,3.000000,0.000000,0.000000,3.000000,0.000000,3.000000,0.000000,6.993236,1.000000,1.000000,1.000000,0.000000,0.000000,1.000000,0.087615,0.913636,0.919665,897.337309,0.715694,0.477129,0.987500,0.629248,920.052860,0.000000,False,False,False,,,,130,"40,52,64",0.972222,1.000000
0.000000,0.000000,77.000000,3.000000,0.000000,0.000000,3.000000,0.000000,2.000000,0.000000,7.131754,1.000000,1.000000,1.000000,0.000000,0.000000,1.000000,0.085275,0.912651,0.923656,896.712654,0.707830,0.471887,0.975000,0.624656,920.052860,0.000000,False,False,False,,,,131,"40,52,64",0.970588,0.970588
0.000000,0.000000,77.000000,3.000000,0.000000,0.000000,3.000000,0.000000,2.000000,0.000000,6.256570,1.000000,1.000000,1.000000,0.000000,0.000000,1.000000,0.084997,0.914927,0.925996,896.094486,0.720918,0.480612,1.000000,0.618168,920.559604,0.000000,False,False,False,,,,132,"40,52,64",0.969697,0.969697
0.000000,0.000000,77.000000,3.000000,0.000000,0.000000,3.000000,0.000000,4.000000,0.000000,6.456647,1.000000,1.000000,1.000000,0.000000,0.000000,1.000000,0.075377,0.922391,0.928401,895.463461,0.720584,0.480390,0.987500,0.631024,921.066764,0.000000,False,False,False,,,,133,"40,52,64",0.969697,0.969697
0.000000,0.000000,77.000000,3.000000,0.000000,0.000000,3.000000,0.000000,4.000000,0.000000,5.845252,1.000000,1.000000,1.000000,0.000000,0.000000,1.000000,0.120614,0.875114,0.886470,894.872890,0.726775,0.484516,0.987500,0.590571,921.574340,0.000000,False,False,False,,,,134,"40,52,64",0.941176,1.000000
0.000000,0.000000,77.000000,3.000000,0.000000,0.000000,3.000000,0.000000,4.000000,0.000000,6.361109,1.000000,1.000000,1.000000,0.000000,0.000000,1.000000,0.153110,0.844586,0.856369,894.302337,0.744365,0.496243,1.000000,0.570553,922.082330,0.000000,False,False,False,,,,135,"40,52,64",0.933333,1.000000
0.000000,0.000000,77.000000,3.000000,0.000000,0.000000,3.000000,0.000000,4.000000,0.000000,6.890590,1.000000,1.000000,1.000000,0.000000,0.000000,1.000000,0.160296,0.836847,0.852267,893.739948,0.746272,0.497515,0.987500,0.562389,922.590735,0.000000,False,False,False,,,,136,"40,52,64",0.931034,0.964286
0.000000,0.000000,77.000000,3.000000,0.000000,0.000000,3.000000,0.000000,6.000000,0.000000,7.227211,1.000000,1.000000,1.000000,0.000000,0.000000,1.000000,0.163408,0.832384,0.845327,893.164745,0.736025,0.490683,0.975000,0.575204,923.099552,0.000000,False,False,False,,,,137,"40,52,64",0.904762,0.703704
0.000000,0.000000,77.000000,3.000000,0.000000,0.000000,3.000000,0.000000,4.000000,0.000000,7.227211,1.000000,1.000000,1.000000,0.000000,0.000000,1.000000,0.184734,0.813507,0.828289,892.613860,0.736313,0.490875,0.975000,0.550884,923.608783,0.000000,False,False,False,,,,138,"40,52,64",0.913043,0.777778
0.000000,0.000000,77.000000,3.000000,0.000000,0.000000,3.000000,0.000000,4.000000,0.000000,7.227211,1.000000,1.000000,1.000000,0.000000,0.000000,1.000000,0.131966,0.867097,0.878412,892.016281,0.730127,0.486751,0.975000,0.597579,924.118425,0.000000,False,False,False,,,,139,"40,52,64",0.916667,0.814815
0.000000,0.000000,77.000000,3.000000,0.000000,0.000000,3.000000,0.000000,5.000000,0.000000,7.227211,1.000000,1.000000,1.000000,0.000000,0.000000,1.000000,0.115841,0.882025,0.892712,891.397542,0.716157,0.477438,0.962500,0.618739,924.118425,0.000000,False,False,False,,,,140,"40,52,64",0.916667,0.814815
0.000000,0.000000,78.000000,2.000000,0.000000,0.000000,2.000000,0.000000,2.000000,0.000000,7.678631,1.000000,1.000000,1.000000,0.000000,0.000000,1.000000,0.166640,0.830682,0.843271,890.825356,0.720988,0.480659,0.975000,0.572186,924.118425,0.000000,False,False,False,,,,141,"40,52",0.916667,0.814815
0.000000,0.000000,79.000000,1.000000,0.000000,0.000000,1.000000,0.000000,1.000000,0.000000,7.352198,1.000000,1.000000,1.000000,1.000000,0.000000,0.000000,0.200715,0.786180,0.829807,890.260371,0.716719,0.477813,0.987500,0.564985,926.339972,0.000000,False,False,False,,,,142,40,0.200000,0.185185
0.000000,0.000000,79.000000,1.000000,0.000000,0.000000,1.000000,0.000000,2.000000,0.000000,7.436340,1.000000,1.000000,1.000000,1.000000,0.000000,0.000000,0.108694,0.885164,0.898331,889.642915,0.723462,0.482308,1.000000,0.617457,926.989903,0.000000,False,False,False,,,,143,40,0.880000,1.000000
0.000000,0.000000,79.000000,1.000000,0.000000,0.000000,1.000000,0.000000,2.000000,0.000000,7.600995,1.000000,1.000000,1.000000,1.000000,0.000000,0.000000,0.088226,0.902954,0.913832,888.994062,0.726670,0.484447,0.987500,0.648852,926.989903,0.000000,False,False,False,,,,144,40,0.840000,0.954545
0.000000,0.000000,79.000000,1.000000,0.000000,0.000000,1.000000,0.000000,1.000000,0.000000,7.960414,1.000000,1.000000,1.000000,1.000000,0.000000,0.000000,0.111648,0.881602,0.891269,888.365867,0.729134,0.486089,0.987500,0.628195,926.989903,0.000000,False,False,False,,,,145,40,0.880000,1.000000
0.000000,0.000000,79.000000,1.000000,0.000000,0.000000,1.000000,0.000000,2.000000,0.000000,7.800826,1.000000,1.000000,1.000000,1.000000,0.000000,0.000000,0.087317,0.908346,0.911708,887.720549,0.733824,0.489216,1.000000,0.645318,927.489932,0.000000,False,False,False,,,,146,40,0.880000,1.000000
0.000000,0.000000,79.000000,1.000000,0.000000,0.000000,1.000000,0.000000,1.000000,0.000000,7.018611,1.000000,1.000000,1.000000,1.000000,0.000000,0.000000,0.074254,0.921280,0.926354,887.049443,0.732805,0.488537,0.987500,0.671106,927.489932,0.000000,False,False,False,,,,147,40,0.880000,1.000000
0.000000,0.000000,79.000000,1.000000,0.000000,0.000000,1.000000,0.000000,2.000000,0.000000,7.644648,1.000000,1.000000,1.000000,1.000000,0.000000,0.000000,0.079623,0.919024,0.924351,886.386665,0.727640,0.485093,0.987500,0.662778,927.489932,0.000000,False,False,False,,,,148,40,0.916667,1.000000
0.000000,0.000000,79.000000,1.000000,0.000000,0.000000,1.000000,0.000000,1.000000,0.000000,7.444544,1.000000,1.000000,1.000000,1.000000,0.000000,0.000000,0.083306,0.911389,0.922461,885.720573,0.736479,0.490986,1.000000,0.666092,926.726664,0.000000,False,False,False,0.954085,1.000000,0.908169,149,40,0.916667,1.000000
0.000000,0.000000,79.000000,1.000000,0.000000,0.000000,1.000000,0.000000,0.000000,0.000000,8.039722,1.000000,1.000000,1.000000,1.000000,0.000000,0.000000,0.068826,0.932057,0.927324,885.031311,0.741024,0.494016,1.000000,0.689262,925.977705,0.000000,False,False,False,0.936199,1.000000,0.872399,150,40,0.916667,1.000000
0.000000,0.000000,79.000000,1.000000,0.000000,0.000000,1.000000,0.000000,1.000000,0.000000,7.979145,1.000000,1.000000,1.000000,1.000000,0.000000,0.000000,0.061804,0.940447,0.943620,884.333771,0.742803,0.495202,1.000000,0.697541,925.212069,0.000000,False,False,False,0.957045,1.000000,0.914091,151,40,0.916667,1.000000
0.000000,0.000000,79.000000,1.000000,0.000000,0.000000,1.000000,0.000000,1.000000,0.000000,7.012568,1.000000,1.000000,1.000000,1.000000,0.000000,0.000000,0.053269,0.948290,0.950877,883.635667,0.738629,0.492419,0.987500,0.698104,925.212069,0.000000,False,False,False,,,,152,40,0.916667,1.000000
0.000000,0.000000,79.000000,1.000000,0.000000,0.000000,1.000000,0.000000,1.000000,0.000000,7.651231,1.000000,1.000000,1.000000,1.000000,0.000000,0.000000,0.060677,0.938426,0.939522,882.948927,0.733790,0.489193,0.987500,0.686740,925.212069,0.000000,False,False,False,,,,153,40,0.916667,1.000000
0.000000,0.000000,79.000000,1.000000,0.000000,0.000000,1.000000,0.000000,2.000000,0.000000,7.153157,1.000000,1.000000,1.000000,1.000000,0.000000,0.000000,0.057497,0.943224,0.940788,882.252009,0.739419,0.492946,1.000000,0.696918,924.445217,0.000000,False,False,False,0.958565,1.000000,0.917130,154,40,0.916667,1.000000
0.000000,0.000000,79.000000,1.000000,0.000000,0.000000,1.000000,0.000000,1.000000,0.000000,7.421935,1.000000,1.000000,1.000000,1.000000,0.000000,0.000000,0.108756,0.892844,0.903477,881.591826,0.752550,0.501700,1.000000,0.660183,923.672441,0.000000,False,False,False,0.965969,1.000000,0.931938,155,40,0.916667,1.000000
0.000000,0.000000,79.000000,1.000000,0.000000,0.000000,1.000000,0.000000,0.000000,0.000000,8.174010,1.000000,1.000000,1.000000,1.000000,0.000000,0.000000,0.071825,0.929219,0.931049,880.894473,0.754902,0.503268,1.000000,0.697353,922.955591,0.000000,False,False,False,0.896063,1.000000,0.792127,156,40,0.880000,1.000000
0.000000,0.000000,79.000000,1.000000,0.000000,0.000000,1.000000,0.000000,0.000000,0.000000,8.128142,1.000000,1.000000,1.000000,1.000000,0.000000,0.000000,0.056713,0.942919,0.942150,880.180575,0.756289,0.504193,1.000000,0.713898,922.195606,0.000000,False,False,False,0.949981,1.000000,0.899962,157,40,0.875000,0.954545
0.000000,0.000000,79.000000,1.000000,0.000000,0.000000,1.000000,0.000000,0.000000,0.000000,8.074841,1.000000,1.000000,1.000000,1.000000,0.000000,0.000000,0.070391,0.930251,0.928816,879.475324,0.758261,0.505507,1.000000,0.705251,921.419143,0.000000,False,False,False,0.970579,1.000000,0.941159,158,40,0.875000,0.954545
0.000000,0.000000,79.000000,1.000000,0.000000,0.000000,1.000000,0.000000,0.000000,0.000000,8.072913,1.000000,1.000000,1.000000,1.000000,0.000000,0.000000,0.049031,0.949096,0.950237,878.751421,0.760759,0.507173,1.000000,0.723903,920.648835,0.000000,False,False,False,0.962885,1.000000,0.925770,159,40,0.875000,0.954545
0.000000,0.000000,79.000000,1.000000,0.000000,0.000000,1.000000,0.000000,0.000000,0.000000,8.063706,1.000000,1.000000,1.000000,1.000000,0.000000,0.000000,0.073491,0.927012,0.928456,878.043411,0.764393,0.509595,1.000000,0.708010,919.866626,0.000000,False,False,False,0.977761,1.000000,0.955523,160,40,0.869565,0.909091
0.000000,0.000000,79.000000,1.000000,0.000000,0.000000,1.000000,0.000000,0.000000,0.000000,8.117346,1.000000,1.000000,1.000000,1.000000,0.000000,0.000000,0.056310,0.943368,0.941288,877.318687,0.767531,0.511687,1.000000,0.724724,919.080110,0.000000,False,False,False,0.983144,1.000000,0.966288,161,40,0.869565,0.909091
0.000000,0.000000,79.000000,1.000000,0.000000,0.000000,1.000000,0.000000,0.000000,0.000000,8.186773,1.000000,1.000000,1.000000,1.000000,0.000000,0.000000,0.056880,0.944795,0.944237,876.589692,0.772502,0.515002,1.000000,0.728996,918.299793,0.000000,False,False,False,0.975396,1.000000,0.950793,162,40,0.909091,0.909091
0.000000,0.000000,79.000000,1.000000,0.000000,0.000000,1.000000,0.000000,0.000000,0.000000,8.214207,1.000000,1.000000,1.000000,1.000000,0.000000,0.000000,0.048223,0.950442,0.950814,875.850888,0.776428,0.517618,1.000000,0.738804,917.512597,0.000000,False,False,False,0.983995,1.000000,0.967991,163,40,0.909091,0.909091
0.000000,0.000000,79.000000,1.000000,0.000000,0.000000,1.000000,0.000000,0.000000,0.000000,8.200457,1.000000,1.000000,1.000000,1.000000,0.000000,0.000000,0.053085,0.947022,0.948246,875.112313,0.780203,0.520135,1.000000,0.738575,916.725131,0.000000,False,False,False,0.984333,1.000000,0.968665,164,40,0.909091,0.909091
0.000000,0.000000,79.000000,1.000000,0.000000,0.000000,1.000000,0.000000,0.000000,0.000000,8.154897,1.000000,1.000000,1.000000,1.000000,0.000000,0.000000,0.048684,0.947729,0.951997,874.367864,0.783865,0.522576,1.000000,0.744449,915.934938,0.000000,False,False,False,0.987741,1.000000,0.975481,165,40,0.909091,0.909091
0.000000,0.000000,79.000000,1.000000,0.000000,0.000000,1.000000,0.000000,0.000000,0.000000,8.086875,1.000000,1.000000,1.000000,1.000000,0.000000,0.000000,0.082839,0.918178,0.920987,873.646662,0.786348,0.524232,1.000000,0.721201,915.144650,0.000000,False,False,False,0.987860,1.000000,0.975720,166,40,0.909091,0.909091
0.000000,0.000000,79.000000,1.000000,0.000000,0.000000,1.000000,0.000000,0.000000,0.000000,8.016241,1.000000,1.000000,1.000000,1.000000,0.000000,0.000000,0.048472,0.949518,0.949373,872.895795,0.790646,0.527097,1.000000,0.750867,914.356410,0.000000,False,False,False,0.985301,1.000000,0.970601,167,40,0.909091,0.869565
0.000000,0.000000,79.000000,1.000000,0.000000,0.000000,1.000000,0.000000,1.000000,0.000000,7.969523,1.000000,1.000000,1.000000,1.000000,0.000000,0.000000,0.055012,0.942826,0.943370,872.145100,0.794242,0.529495,1.000000,0.750695,913.565502,0.000000,False,False,False,0.988635,1.000000,0.977270,168,40,0.909091,0.909091
0.000000,0.000000,79.000000,1.000000,0.000000,0.000000,1.000000,0.000000,1.000000,0.000000,7.678320,1.000000,1.000000,1.000000,1.000000,0.000000,0.000000,0.083232,0.916393,0.919523,871.413531,0.803455,0.535637,1.000000,0.731569,912.773078,0.000000,False,False,False,0.990529,1.000000,0.981058,169,40,0.909091,0.909091
0.000000,0.000000,79.000000,1.000000,0.000000,0.000000,1.000000,0.000000,1.000000,0.000000,7.503197,1.000000,1.000000,1.000000,1.000000,0.000000,0.000000,0.075823,0.922540,0.923649,870.669313,0.810923,0.540616,1.000000,0.744219,912.019294,0.000000,False,False,False,0.942230,1.000000,0.884460,170,40,0.909091,0.869565
0.000000,0.000000,79.000000,1.000000,0.000000,0.000000,1.000000,0.000000,0.000000,0.000000,8.035985,1.000000,1.000000,1.000000,1.000000,0.000000,0.000000,0.075080,0.920837,0.931059,869.918015,0.818083,0.545389,1.000000,0.751298,911.264760,0.000000,False,False,False,0.943168,1.000000,0.886335,171,40,0.909091,0.909091
0.000000,0.000000,79.000000,1.000000,0.000000,0.000000,1.000000,0.000000,1.000000,0.000000,7.969889,1.000000,1.000000,1.000000,1.000000,0.000000,0.000000,0.049547,0.947814,0.952088,869.140852,0.819445,0.546297,1.000000,0.777163,910.514510,0.000000,False,False,False,0.937813,1.000000,0.875627,172,40,0.909091,0.909091
0.000000,0.000000,79.000000,1.000000,0.000000,0.000000,1.000000,0.000000,1.000000,0.000000,7.433447,1.000000,1.000000,1.000000,1.000000,0.000000,0.000000,0.048615,0.950173,0.953357,868.366604,0.814171,0.542781,0.987500,0.774248,910.514510,0.000000,False,False,False,,,,173,40,0.909091,0.869565
0.000000,0.000000,79.000000,1.000000,0.000000,0.000000,1.000000,0.000000,1.000000,0.000000,7.920420,1.000000,1.000000,1.000000,1.000000,0.000000,0.000000,0.066417,0.932488,0.936799,867.614630,0.809552,0.539701,0.987500,0.751975,910.514510,0.000000,False,False,False,,,,174,40,0.909091,0.952381
0.000000,0.000000,79.000000,1.000000,0.000000,0.000000,1.000000,0.000000,0.000000,0.000000,8.205066,1.000000,1.000000,1.000000,1.000000,0.000000,0.000000,0.071977,0.928779,0.937127,866.859174,0.818730,0.545820,1.000000,0.755455,909.742366,0.000000,False,False,False,0.965180,1.000000,0.930359,175,40,0.913043,1.000000
0.000000,0.000000,79.000000,1.000000,0.000000,0.000000,1.000000,0.000000,0.000000,0.000000,8.015246,1.000000,1.000000,1.000000,1.000000,0.000000,0.000000,0.055681,0.943367,0.945830,866.085278,0.820359,0.546906,1.000000,0.773896,908.987565,0.000000,False,False,False,0.943502,1.000000,0.887004,176,40,0.913043,1.000000
0.000000,0.000000,79.000000,1.000000,0.000000,0.000000,1.000000,0.000000,1.000000,0.000000,7.852323,1.000000,1.000000,1.000000,1.000000,0.000000,0.000000,0.048444,0.952355,0.955151,865.303140,0.822845,0.548564,1.000000,0.782138,908.192774,0.000000,False,False,False,0.993489,1.000000,0.986978,177,40,0.913043,1.000000
0.000000,0.000000,79.000000,1.000000,0.000000,0.000000,1.000000,0.000000,2.000000,0.000000,7.857861,1.000000,1.000000,1.000000,1.000000,0.000000,0.000000,0.067916,0.931066,0.935667,864.545660,0.817978,0.545319,0.987500,0.757480,908.192774,0.000000,False,False,False,,,,178,40,0.913043,1.000000
0.000000,0.000000,79.000000,1.000000,0.000000,0.000000,1.000000,0.000000,1.000000,0.000000,7.854443,1.000000,1.000000,1.000000,1.000000,0.000000,0.000000,0.105463,0.893916,0.911205,863.814070,0.828846,0.552564,1.000000,0.731590,907.434123,0.000000,False,False,False,0.948314,1.000000,0.896628,179,40,0.913043,1.000000
0.000000,0.000000,79.000000,1.000000,0.000000,0.000000,1.000000,0.000000,1.000000,0.000000,7.659219,1.000000,1.000000,1.000000,1.000000,0.000000,0.000000,0.064767,0.934611,0.938737,863.049356,0.821777,0.547851,0.987500,0.764714,907.434123,0.000000,False,False,False,,,,180,40,0.913043,1.000000
0.000000,0.000000,79.000000,1.000000,0.000000,0.000000,1.000000,0.000000,0.000000,0.000000,8.574261,1.000000,1.000000,1.000000,1.000000,0.000000,0.000000,0.072759,0.926580,0.937861,862.284741,0.829305,0.552870,1.000000,0.764615,906.671622,0.000000,False,False,False,0.953126,1.000000,0.906251,181,40,0.913043,1.000000
0.000000,0.000000,79.000000,1.000000,0.000000,0.000000,1.000000,0.000000,0.000000,0.000000,8.624805,1.000000,1.000000,1.000000,1.000000,0.000000,0.000000,0.044364,0.955959,0.956499,861.492279,0.830015,0.553343,1.000000,0.792462,905.913312,0.000000,False,False,False,0.947888,1.000000,0.895776,182,40,0.913043,1.000000
0.000000,0.000000,79.000000,1.000000,0.000000,0.000000,1.000000,0.000000,0.000000,0.000000,8.669945,1.000000,1.000000,1.000000,1.000000,0.000000,0.000000,0.045743,0.951687,0.953083,860.700226,0.831806,0.554537,1.000000,0.792054,905.122846,0.000000,False,False,False,0.988082,1.000000,0.976163,183,40,0.913043,1.000000
0.000000,0.000000,79.000000,1.000000,0.000000,0.000000,1.000000,0.000000,0.000000,0.000000,8.662994,1.000000,1.000000,1.000000,1.000000,0.000000,0.000000,0.045060,0.953580,0.954769,859.904693,0.834068,0.556045,1.000000,0.795533,904.329046,0.000000,False,False,False,0.992251,1.000000,0.984502,184,40,0.913043,1.000000
0.000000,0.000000,79.000000,1.000000,0.000000,0.000000,1.000000,0.000000,0.000000,0.000000,8.653089,1.000000,1.000000,1.000000,1.000000,0.000000,0.000000,0.044542,0.952195,0.958631,859.108468,0.836502,0.557668,1.000000,0.796225,903.537882,0.000000,False,False,False,0.988955,1.000000,0.977910,185,40,0.954545,1.000000
0.000000,0.000000,79.000000,1.000000,0.000000,0.000000,1.000000,0.000000,0.000000,0.000000,8.538403,1.000000,1.000000,1.000000,1.000000,0.000000,0.000000,0.044495,0.955157,0.956981,858.307535,0.838502,0.559001,1.000000,0.800933,902.743233,0.000000,False,False,False,0.993311,1.000000,0.986622,186,40,0.954545,1.000000
0.000000,0.000000,79.000000,1.000000,0.000000,0.000000,1.000000,0.000000,0.000000,0.000000,8.446522,1.000000,1.000000,1.000000,1.000000,0.000000,0.000000,0.046222,0.953206,0.954990,857.504585,0.841688,0.561126,1.000000,0.802950,901.948872,0.000000,False,False,False,0.992951,1.000000,0.985902,187,40,0.954545,1.000000
0.000000,0.000000,79.000000,1.000000,0.000000,0.000000,1.000000,0.000000,0.000000,0.000000,8.348999,1.000000,1.000000,1.000000,1.000000,0.000000,0.000000,0.041587,0.957552,0.959514,856.696399,0.844841,0.563227,1.000000,0.808186,901.153475,0.000000,False,False,False,0.994246,1.000000,0.988491,188,40,0.954545,1.000000
0.000000,0.000000,79.000000,1.000000,0.000000,0.000000,1.000000,0.000000,0.000000,0.000000,8.269969,1.000000,1.000000,1.000000,1.000000,0.000000,0.000000,0.045259,0.954367,0.956908,855.886376,0.848202,0.565468,1.000000,0.810023,900.357031,0.000000,False,False,False,0.995555,1.000000,0.991110,189,40,0.954545,1.000000
0.000000,0.000000,79.000000,1.000000,0.000000,0.000000,1.000000,0.000000,0.000000,0.000000,8.185063,1.000000,1.000000,1.000000,1.000000,0.000000,0.000000,0.046496,0.954278,0.954666,855.073857,0.851617,0.567745,1.000000,0.812519,899.561588,0.000000,False,False,False,0.994304,1.000000,0.988608,190,40,0.954545,0.954545
0.000000,0.000000,79.000000,1.000000,0.000000,0.000000,1.000000,0.000000,0.000000,0.000000,8.114507,1.000000,1.000000,1.000000,1.000000,0.000000,0.000000,0.051804,0.946854,0.949159,854.264076,0.854997,0.569998,1.000000,0.809781,898.764731,0.000000,False,False,False,0.996071,1.000000,0.992142,191,40,0.954545,0.954545
0.000000,0.000000,79.000000,1.000000,0.000000,0.000000,1.000000,0.000000,0.000000,0.000000,8.044316,1.000000,1.000000,1.000000,1.000000,0.000000,0.000000,0.055468,0.944484,0.945642,853.453151,0.857992,0.571995,1.000000,0.810925,897.969502,0.000000,False,False,False,0.994037,1.000000,0.988073,192,40,0.954545,0.954545
0.000000,0.000000,79.000000,1.000000,0.000000,0.000000,1.000000,0.000000,1.000000,0.000000,7.985450,1.000000,1.000000,1.000000,1.000000,0.000000,0.000000,0.049288,0.950201,0.953002,852.633194,0.861890,0.574593,1.000000,0.819957,897.174089,0.000000,False,False,False,0.994267,1.000000,0.988533,193,40,0.954545,0.954545
0.000000,0.000000,79.000000,1.000000,0.000000,0.000000,1.000000,0.000000,0.000000,0.000000,8.200388,1.000000,1.000000,1.000000,1.000000,0.000000,0.000000,0.071508,0.930590,0.939539,851.828204,0.870183,0.580122,1.000000,0.804990,896.379980,0.000000,False,False,False,0.992636,1.000000,0.985271,194,40,0.954545,0.954545
0.000000,0.000000,79.000000,1.000000,0.000000,0.000000,1.000000,0.000000,0.000000,0.000000,8.482428,1.000000,1.000000,1.000000,1.000000,0.000000,0.000000,0.042811,0.956114,0.957386,850.992456,0.872786,0.581857,1.000000,0.835748,895.621126,0.000000,False,False,False,0.948567,1.000000,0.897135,195,40,0.954545,0.954545
0.000000,0.000000,79.000000,1.000000,0.000000,0.000000,1.000000,0.000000,0.000000,0.000000,8.185732,1.000000,1.000000,1.000000,1.000000,0.000000,0.000000,0.053577,0.946461,0.946355,850.162806,0.876072,0.584048,1.000000,0.829651,894.827308,0.000000,False,False,False,0.992273,1.000000,0.984546,196,40,0.954545,0.954545
0.000000,0.000000,79.000000,1.000000,0.000000,0.000000,1.000000,0.000000,0.000000,0.000000,8.454884,1.000000,1.000000,1.000000,1.000000,0.000000,0.000000,0.051392,0.948940,0.949812,849.328116,0.879688,0.586458,1.000000,0.834690,894.031408,0.000000,False,False,False,0.994875,1.000000,0.989751,197,40,0.954545,0.954545
0.000000,0.000000,79.000000,1.000000,0.000000,0.000000,1.000000,0.000000,0.000000,0.000000,8.323934,1.000000,1.000000,1.000000,1.000000,0.000000,0.000000,0.046508,0.954147,0.954958,848.486488,0.882242,0.588161,1.000000,0.841628,893.235009,0.000000,False,False,False,0.995498,1.000000,0.990996,198,40,1.000000,0.954545
0.000000,0.000000,79.000000,1.000000,0.000000,0.000000,1.000000,0.000000,0.000000,0.000000,8.499632,1.000000,1.000000,1.000000,1.000000,0.000000,0.000000,0.048225,0.950335,0.951991,847.643076,0.885617,0.590411,1.000000,0.843412,892.437898,0.000000,False,False,False,0.996389,1.000000,0.992778,199,40,1.000000,0.954545
0.000000,0.000000,79.000000,1.000000,0.000000,0.000000,1.000000,0.000000,0.000000,0.000000,8.230647,1.000000,1.000000,1.000000,1.000000,0.000000,0.000000,0.056068,0.942249,0.942657,846.805658,0.888443,0.592295,1.000000,0.837418,891.645226,0.000000,False,False,False,0.990840,1.000000,0.981680,200,40,1.000000,0.954545
0.000000,0.000000,79.000000,1.000000,0.000000,0.000000,1.000000,0.000000,0.000000,0.000000,8.443180,1.000000,1.000000,1.000000,1.000000,0.000000,0.000000,0.053012,0.946783,0.947484,845.961551,0.890720,0.593814,1.000000,0.844107,890.854594,0.000000,False,False,False,0.988290,1.000000,0.976580,201,40,1.000000,0.954545
0.000000,0.000000,79.000000,1.000000,0.000000,0.000000,1.000000,0.000000,0.000000,0.000000,8.285591,1.000000,1.000000,1.000000,1.000000,0.000000,0.000000,0.043387,0.955284,0.956391,845.107579,0.893046,0.595364,1.000000,0.853972,890.062089,0.000000,False,False,False,0.990632,1.000000,0.981263,202,40,1.000000,0.954545
0.000000,0.000000,79.000000,1.000000,0.000000,0.000000,1.000000,0.000000,0.000000,0.000000,8.395393,1.000000,1.000000,1.000000,1.000000,0.000000,0.000000,0.053360,0.944285,0.948220,844.262210,0.894835,0.596557,1.000000,0.845369,889.265847,0.000000,False,False,False,0.995303,1.000000,0.990606,203,40,1.000000,0.954545
0.000000,0.000000,79.000000,1.000000,0.000000,0.000000,1.000000,0.000000,0.000000,0.000000,8.305103,1.000000,1.000000,1.000000,1.000000,0.000000,0.000000,0.048846,0.951228,0.951621,843.408835,0.896652,0.597768,1.000000,0.853375,888.467965,0.000000,False,False,False,0.997353,1.000000,0.994705,204,40,1.000000,0.954545
0.000000,0.000000,79.000000,1.000000,0.000000,0.000000,1.000000,0.000000,0.000000,0.000000,8.339931,1.000000,1.000000,1.000000,1.000000,0.000000,0.000000,0.053508,0.943310,0.947602,842.559075,0.898598,0.599065,1.000000,0.849760,887.670361,0.000000,False,False,False,0.997005,1.000000,0.994010,205,40,1.000000,0.954545
0.000000,0.000000,79.000000,1.000000,0.000000,0.000000,1.000000,0.000000,0.000000,0.000000,8.306057,1.000000,1.000000,1.000000,1.000000,0.000000,0.000000,0.050569,0.945734,0.950618,841.707072,0.900409,0.600273,1.000000,0.852004,886.873852,0.000000,False,False,False,0.995636,1.000000,0.991271,206,40,1.000000,0.954545
0.000000,0.000000,79.000000,1.000000,0.000000,0.000000,1.000000,0.000000,0.000000,0.000000,8.295682,1.000000,1.000000,1.000000,1.000000,0.000000,0.000000,0.059664,0.935294,0.942904,840.861661,0.902160,0.601440,1.000000,0.845411,886.080838,0.000000,False,False,False,0.991268,1.000000,0.982536,207,40,1.000000,0.954545
0.000000,0.000000,79.000000,1.000000,0.000000,0.000000,1.000000,0.000000,0.000000,0.000000,8.279998,1.000000,1.000000,1.000000,1.000000,0.000000,0.000000,0.050606,0.950178,0.950171,840.002085,0.904175,0.602784,1.000000,0.859576,885.284620,0.000000,False,False,False,0.995272,1.000000,0.990543,208,40,1.000000,0.954545
0.000000,0.000000,79.000000,1.000000,0.000000,0.000000,1.000000,0.000000,0.000000,0.000000,8.262282,1.000000,1.000000,1.000000,1.000000,0.000000,0.000000,0.056540,0.941458,0.941639,839.146739,0.906929,0.604619,1.000000,0.855346,884.487032,0.000000,False,False,False,0.996985,1.000000,0.993970,209,40,1.000000,0.954545
0.000000,0.000000,79.000000,1.000000,0.000000,0.000000,1.000000,0.000000,0.000000,0.000000,8.248038,1.000000,1.000000,1.000000,1.000000,0.000000,0.000000,0.045021,0.953675,0.953771,838.277309,0.909594,0.606396,1.000000,0.869429,883.689964,0.000000,False,False,False,0.996335,1.000000,0.992670,210,40,1.000000,0.952381
0.000000,0.000000,79.000000,1.000000,0.000000,0.000000,1.000000,0.000000,0.000000,0.000000,8.225759,1.000000,1.000000,1.000000,1.000000,0.000000,0.000000,0.058651,0.941955,0.940722,837.417279,0.911848,0.607899,1.000000,0.860031,882.892743,0.000000,False,False,False,0.996526,1.000000,0.993053,211,40,1.000000,0.952381
0.000000,0.000000,79.000000,1.000000,0.000000,0.000000,1.000000,0.000000,0.000000,0.000000,8.192338,1.000000,1.000000,1.000000,1.000000,0.000000,0.000000,0.051420,0.948880,0.947019,836.549932,0.913517,0.609011,1.000000,0.867347,882.097158,0.000000,False,False,False,0.994481,1.000000,0.988961,212,40,0.952381,0.952381
0.000000,0.000000,79.000000,1.000000,0.000000,0.000000,1.000000,0.000000,0.000000,0.000000,8.185929,1.000000,1.000000,1.000000,1.000000,0.000000,0.000000,0.063162,0.936346,0.938689,835.691553,0.914847,0.609898,1.000000,0.858378,881.308777,0.000000,False,False,False,0.985477,1.000000,0.970953,213,40,0.952381,0.952381
0.000000,0.000000,79.000000,1.000000,0.000000,0.000000,1.000000,0.000000,0.000000,0.000000,8.158981,1.000000,1.000000,1.000000,1.000000,0.000000,0.000000,0.059246,0.940041,0.943485,834.829925,0.916061,0.610708,1.000000,0.861628,880.519144,0.000000,False,False,False,0.987041,1.000000,0.974083,214,40,1.000000,0.952381
0.000000,0.000000,79.000000,1.000000,0.000000,0.000000,1.000000,0.000000,0.000000,0.000000,8.150314,1.000000,1.000000,1.000000,1.000000,0.000000,0.000000,0.048284,0.948305,0.952133,833.959443,0.916670,0.611113,1.000000,0.870482,879.727604,0.000000,False,False,False,0.989425,1.000000,0.978851,215,40,1.000000,0.952381
0.000000,0.000000,79.000000,1.000000,0.000000,0.000000,1.000000,0.000000,0.000000,0.000000,8.137744,1.000000,1.000000,1.000000,1.000000,0.000000,0.000000,0.049222,0.948637,0.950535,833.088812,0.917022,0.611348,1.000000,0.870632,878.929980,0.000000,False,False,False,0.997029,1.000000,0.994059,216,40,1.000000,0.952381
0.000000,0.000000,79.000000,1.000000,0.000000,0.000000,1.000000,0.000000,0.000000,0.000000,8.123868,1.000000,1.000000,1.000000,1.000000,0.000000,0.000000,0.065574,0.931502,0.937072,832.231927,0.916753,0.611169,1.000000,0.856884,878.135771,0.000000,False,False,False,0.992762,1.000000,0.985524,217,40,1.000000,0.952381
0.000000,0.000000,79.000000,1.000000,0.000000,0.000000,1.000000,0.000000,0.000000,0.000000,8.112783,1.000000,1.000000,1.000000,1.000000,0.000000,0.000000,0.049201,0.948297,0.949968,831.362607,0.915978,0.610652,1.000000,0.869320,877.344150,0.000000,False,False,False,0.989525,1.000000,0.979051,218,40,1.000000,0.952381
0.000000,0.000000,79.000000,1.000000,0.000000,0.000000,1.000000,0.000000,0.000000,0.000000,8.104106,1.000000,1.000000,1.000000,1.000000,0.000000,0.000000,0.046468,0.949931,0.953593,830.491194,0.915025,0.610017,1.000000,0.871413,876.549312,0.000000,False,False,False,0.993548,1.000000,0.987095,219,40,1.000000,0.952381
0.000000,0.000000,79.000000,1.000000,0.000000,0.000000,1.000000,0.000000,0.000000,0.000000,8.096836,1.000000,1.000000,1.000000,1.000000,0.000000,0.000000,0.052322,0.945400,0.946776,829.625467,0.913924,0.609282,1.000000,0.865727,875.751083,0.000000,False,False,False,0.997786,1.000000,0.995573,220,40,1.000000,0.952381
0.000000,0.000000,79.000000,1.000000,0.000000,0.000000,1.000000,0.000000,0.000000,0.000000,8.092091,1.000000,1.000000,1.000000,1.000000,0.000000,0.000000,0.054529,0.945529,0.945438,828.761510,0.913172,0.608782,1.000000,0.863957,874.954989,0.000000,False,False,False,0.995118,1.000000,0.990236,221,40,1.000000,0.952381
0.000000,0.000000,79.000000,1.000000,0.000000,0.000000,1.000000,0.000000,0.000000,0.000000,8.085861,1.000000,1.000000,1.000000,1.000000,0.000000,0.000000,0.041853,0.957926,0.957242,827.886828,0.912719,0.608479,1.000000,0.874683,874.162610,0.000000,False,False,False,0.990473,1.000000,0.980946,222,40,1.000000,0.952381
0.000000,0.000000,79.000000,1.000000,0.000000,0.000000,1.000000,0.000000,0.000000,0.000000,8.082721,1.000000,1.000000,1.000000,1.000000,0.000000,0.000000,0.067750,0.932909,0.932176,827.035488,0.912598,0.608398,1.000000,0.851339,873.364612,0.000000,False,False,False,0.997497,1.000000,0.994995,223,40,1.000000,0.952381
0.000000,0.000000,79.000000,1.000000,0.000000,0.000000,1.000000,0.000000,0.000000,0.000000,8.083937,1.000000,1.000000,1.000000,1.000000,0.000000,0.000000,0.054772,0.943326,0.944577,826.173612,0.912255,0.608170,1.000000,0.861877,872.587868,0.000000,False,False,False,0.970930,1.000000,0.941861,224,40,1.000000,0.952381
0.000000,0.000000,79.000000,1.000000,0.000000,0.000000,1.000000,0.000000,0.000000,0.000000,8.089067,1.000000,1.000000,1.000000,1.000000,0.000000,0.000000,0.044270,0.951189,0.956390,825.303211,0.912305,0.608203,1.000000,0.870400,871.795579,0.000000,False,False,False,0.990361,1.000000,0.980722,225,40,1.000000,0.952381
0.000000,0.000000,79.000000,1.000000,0.000000,0.000000,1.000000,0.000000,0.000000,0.000000,8.098745,1.000000,1.000000,1.000000,1.000000,0.000000,0.000000,0.040221,0.958296,0.958500,824.427520,0.912351,0.608234,1.000000,0.875691,871.003004,0.000000,False,False,False,0.990719,1.000000,0.981438,226,40,1.000000,0.952381
0.000000,0.000000,79.000000,1.000000,0.000000,0.000000,1.000000,0.000000,0.000000,0.000000,8.105964,1.000000,1.000000,1.000000,1.000000,0.000000,0.000000,0.047912,0.948720,0.949129,823.559055,0.912452,0.608302,1.000000,0.868466,870.208139,0.000000,False,False,False,0.993581,1.000000,0.987163,227,40,1.000000,0.952381
0.000000,0.000000,79.000000,1.000000,0.000000,0.000000,1.000000,0.000000,0.000000,0.000000,8.126328,1.000000,1.000000,1.000000,1.000000,0.000000,0.000000,0.039046,0.961736,0.961115,822.681843,0.912767,0.608512,1.000000,0.877212,869.420884,0.000000,False,False,False,0.984069,1.000000,0.968137,228,40,1.000000,0.952381
0.000000,0.000000,79.000000,1.000000,0.000000,0.000000,1.000000,0.000000,0.000000,0.000000,8.137991,1.000000,1.000000,1.000000,1.000000,0.000000,0.000000,0.056846,0.942193,0.944853,821.821426,0.912746,0.608498,1.000000,0.860417,868.631452,0.000000,False,False,False,0.986791,1.000000,0.973582,229,40,1.000000,0.952381
0.000000,0.000000,79.000000,1.000000,0.000000,0.000000,1.000000,0.000000,0.000000,0.000000,8.158376,1.000000,1.000000,1.000000,1.000000,0.000000,0.000000,0.084395,0.914071,0.914670,820.985994,0.913160,0.608773,1.000000,0.835432,867.834058,0.000000,False,False,False,0.996742,1.000000,0.993483,230,40,1.000000,0.952381
0.000000,0.000000,79.000000,1.000000,0.000000,0.000000,1.000000,0.000000,0.000000,0.000000,8.180443,1.000000,1.000000,1.000000,1.000000,0.000000,0.000000,0.048262,0.948378,0.956738,820.116859,0.913545,0.609030,1.000000,0.869135,867.038487,0.000000,False,False,False,0.994464,1.000000,0.988927,231,40,1.000000,0.952381
0.000000,0.000000,79.000000,1.000000,0.000000,0.000000,1.000000,0.000000,0.000000,0.000000,8.205975,1.000000,1.000000,1.000000,1.000000,0.000000,0.000000,0.040563,0.957836,0.962202,819.240361,0.913439,0.608960,1.000000,0.876499,866.240532,0.000000,False,False,False,0.997444,1.000000,0.994888,232,40,1.000000,0.952381
0.000000,0.000000,79.000000,1.000000,0.000000,0.000000,1.000000,0.000000,0.000000,0.000000,8.231221,1.000000,1.000000,1.000000,1.000000,0.000000,0.000000,0.048208,0.952322,0.952860,818.370463,0.913637,0.609091,1.000000,0.869898,865.442691,0.000000,False,False,False,0.997302,1.000000,0.994603,233,40,1.000000,0.952381
0.000000,0.000000,79.000000,1.000000,0.000000,0.000000,1.000000,0.000000,0.000000,0.000000,8.263437,1.000000,1.000000,1.000000,1.000000,0.000000,0.000000,0.048078,0.950697,0.951988,817.504571,0.910973,0.607316,1.000000,0.865891,864.646373,0.000000,False,False,False,0.995398,1.000000,0.990796,234,40,1.000000,0.952381
0.000000,0.000000,79.000000,1.000000,0.000000,0.000000,1.000000,0.000000,0.000000,0.000000,8.292576,1.000000,1.000000,1.000000,1.000000,0.000000,0.000000,0.060944,0.936643,0.938225,816.647945,0.913860,0.609240,1.000000,0.856627,863.854011,0.000000,False,False,False,0.990452,1.000000,0.980905,235,40,1.000000,0.952381
0.000000,0.000000,79.000000,1.000000,0.000000,0.000000,1.000000,0.000000,0.000000,0.000000,8.326036,1.000000,1.000000,1.000000,1.000000,0.000000,0.000000,0.048173,0.950925,0.952375,815.779067,0.913650,0.609100,1.000000,0.868878,863.065621,0.000000,False,False,False,0.985487,1.000000,0.970974,236,40,1.000000,0.952381
0.000000,0.000000,79.000000,1.000000,0.000000,0.000000,1.000000,0.000000,0.000000,0.000000,8.315671,1.000000,1.000000,1.000000,1.000000,0.000000,0.000000,0.040768,0.957708,0.960837,814.902353,0.913666,0.609111,1.000000,0.876714,862.270484,0.000000,False,False,False,0.993921,1.000000,0.987843,237,40,1.000000,0.952381
0.000000,0.000000,79.000000,1.000000,0.000000,0.000000,1.000000,0.000000,0.000000,0.000000,8.273029,1.000000,1.000000,1.000000,1.000000,0.000000,0.000000,0.047423,0.950687,0.954155,814.031650,0.913788,0.609192,1.000000,0.870703,861.474428,0.000000,False,False,False,0.995070,1.000000,0.990140,238,40,1.000000,0.952381
0.000000,0.000000,79.000000,1.000000,0.000000,0.000000,1.000000,0.000000,0.000000,0.000000,8.235384,1.000000,1.000000,1.000000,1.000000,0.000000,0.000000,0.045894,0.952130,0.954759,813.161539,0.913275,0.608850,1.000000,0.870111,860.678480,0.000000,False,False,False,0.994935,1.000000,0.989870,239,40,1.000000,0.952381
0.000000,0.000000,79.000000,1.000000,0.000000,0.000000,1.000000,0.000000,0.000000,0.000000,8.188878,1.000000,1.000000,1.000000,1.000000,0.000000,0.000000,0.057930,0.938040,0.942943,812.301909,0.913329,0.608886,1.000000,0.859630,859.881487,0.000000,False,False,False,0.996242,1.000000,0.992483,240,40,1.000000,0.952381
0.000000,0.000000,79.000000,1.000000,0.000000,0.000000,1.000000,0.000000,0.000000,0.000000,8.143655,1.000000,1.000000,1.000000,1.000000,0.000000,0.000000,0.052003,0.948885,0.948956,811.437428,0.913367,0.608911,1.000000,0.864481,859.084706,0.000000,False,False,False,0.995975,1.000000,0.991951,241,40,1.000000,0.952381
0.000000,0.000000,79.000000,1.000000,0.000000,0.000000,1.000000,0.000000,0.000000,0.000000,8.101969,1.000000,1.000000,1.000000,1.000000,0.000000,0.000000,0.045005,0.953064,0.959003,810.570301,0.910164,0.606776,1.000000,0.867127,858.287596,0.000000,False,False,False,0.996388,1.000000,0.992777,242,40,1.000000,0.952381
0.000000,0.000000,79.000000,1.000000,0.000000,0.000000,1.000000,0.000000,0.000000,0.000000,8.066020,1.000000,1.000000,1.000000,1.000000,0.000000,0.000000,0.042050,0.956864,0.957065,809.695641,0.912694,0.608463,1.000000,0.874660,857.491608,0.000000,False,False,False,0.994985,1.000000,0.989970,243,40,1.000000,0.952381
0.000000,0.000000,79.000000,1.000000,0.000000,0.000000,1.000000,0.000000,0.000000,0.000000,8.014825,1.000000,1.000000,1.000000,1.000000,0.000000,0.000000,0.040023,0.958500,0.958248,808.819806,0.913031,0.608687,1.000000,0.875836,856.695773,0.000000,False,False,False,0.994794,1.000000,0.989588,244,40,1.000000,0.952381
0.000000,0.000000,79.000000,1.000000,0.000000,0.000000,1.000000,0.000000,1.000000,0.000000,7.983918,1.000000,1.000000,1.000000,1.000000,0.000000,0.000000,0.046127,0.953183,0.952883,807.948869,0.912530,0.608353,1.000000,0.870936,855.904545,0.000000,False,False,False,0.989034,1.000000,0.978069,245,40,1.000000,0.952381
0.000000,0.000000,79.000000,1.000000,0.000000,0.000000,1.000000,0.000000,0.000000,0.000000,8.144715,1.000000,1.000000,1.000000,1.000000,0.000000,0.000000,0.045880,0.951473,0.954851,807.088048,0.904058,0.602705,0.987500,0.860822,855.904545,0.000000,False,False,False,,,,246,40,1.000000,0.952381
0.000000,0.000000,79.000000,1.000000,0.000000,0.000000,1.000000,0.000000,0.000000,0.000000,8.099453,1.000000,1.000000,1.000000,1.000000,0.000000,0.000000,0.050993,0.949992,0.947656,806.229625,0.904710,0.603140,1.000000,0.858422,855.108108,0.000000,False,False,False,0.995546,1.000000,0.991093,247,40,1.000000,0.952381
0.000000,0.000000,79.000000,1.000000,0.000000,0.000000,1.000000,0.000000,0.000000,0.000000,8.045893,1.000000,1.000000,1.000000,1.000000,0.000000,0.000000,0.064399,0.934309,0.935386,805.387983,0.901667,0.601111,1.000000,0.841642,854.313796,0.000000,False,False,False,0.992890,1.000000,0.985780,248,40,1.000000,0.952381
0.000000,0.000000,79.000000,1.000000,0.000000,0.000000,1.000000,0.000000,0.000000,0.000000,8.001517,1.000000,1.000000,1.000000,1.000000,0.000000,0.000000,0.041763,0.958579,0.959667,804.521425,0.904395,0.602930,1.000000,0.866558,853.519962,0.000000,False,False,False,0.992293,1.000000,0.984586,249,40,1.000000,0.952381
0.000000,0.000000,79.000000,1.000000,0.000000,0.000000,1.000000,0.000000,1.000000,0.000000,7.955400,1.000000,1.000000,1.000000,1.000000,0.000000,0.000000,0.041401,0.956805,0.958979,803.654201,0.904396,0.602931,1.000000,0.867224,852.729585,0.000000,False,False,False,0.987971,1.000000,0.975941,250,40,1.000000,0.952381
0.000000,0.000000,79.000000,1.000000,0.000000,0.000000,1.000000,0.000000,0.000000,0.000000,8.194865,1.000000,1.000000,1.000000,1.000000,0.000000,0.000000,0.044367,0.956015,0.958172,802.798995,0.896204,0.597469,0.987500,0.855206,852.729585,0.000000,False,False,False,,,,251,40,1.000000,0.952381
0.000000,0.000000,79.000000,1.000000,0.000000,0.000000,1.000000,0.000000,0.000000,0.000000,8.167460,1.000000,1.000000,1.000000,1.000000,0.000000,0.000000,0.050392,0.949928,0.951561,801.947695,0.897359,0.598239,1.000000,0.851300,851.931424,0.000000,False,False,False,0.997702,1.000000,0.995404,252,40,1.000000,1.000000
0.000000,0.000000,79.000000,1.000000,0.000000,0.000000,1.000000,0.000000,0.000000,0.000000,8.147139,1.000000,1.000000,1.000000,1.000000,0.000000,0.000000,0.046782,0.952384,0.955583,801.092445,0.897468,0.598312,1.000000,0.855250,851.133848,0.000000,False,False,False,0.996969,1.000000,0.993939,253,40,1.000000,1.000000
0.000000,0.000000,79.000000,1.000000,0.000000,0.000000,1.000000,0.000000,0.000000,0.000000,8.126789,1.000000,1.000000,1.000000,1.000000,0.000000,0.000000,0.040860,0.958626,0.957888,800.231072,0.897645,0.598430,1.000000,0.861373,850.336014,0.000000,False,False,False,0.997293,1.000000,0.994585,254,40,1.000000,1.000000
0.000000,0.000000,79.000000,1.000000,0.000000,0.000000,1.000000,0.000000,0.000000,0.000000,8.112412,1.000000,1.000000,1.000000,1.000000,0.000000,0.000000,0.042101,0.957384,0.958455,799.375132,0.895023,0.596682,1.000000,0.855940,849.537519,0.000000,False,False,False,0.998119,1.000000,0.996238,255,40,1.000000,1.000000
0.000000,0.000000,79.000000,1.000000,0.000000,0.000000,1.000000,0.000000,0.000000,0.000000,8.083929,1.000000,1.000000,1.000000,1.000000,0.000000,0.000000,0.032710,0.966173,0.966549,798.506537,0.897660,0.598440,1.000000,0.868595,848.738895,0.000000,False,False,False,0.998279,1.000000,0.996558,256,40,1.000000,1.000000
0.000000,0.000000,79.000000,1.000000,0.000000,0.000000,1.000000,0.000000,0.000000,0.000000,8.043562,1.000000,1.000000,1.000000,1.000000,0.000000,0.000000,0.045646,0.952430,0.954198,797.650264,0.898248,0.598832,1.000000,0.856273,847.940298,0.000000,False,False,False,0.998246,1.000000,0.996492,257,40,1.000000,1.000000
0.000000,0.000000,79.000000,1.000000,0.000000,0.000000,1.000000,0.000000,1.000000,0.000000,7.992054,1.000000,1.000000,1.000000,1.000000,0.000000,0.000000,0.034857,0.964667,0.965906,796.783106,0.898312,0.598874,1.000000,0.867158,847.142489,0.000000,False,False,False,0.997262,1.000000,0.994523,258,40,1.000000,1.000000
0.000000,0.000000,79.000000,1.000000,0.000000,0.000000,1.000000,0.000000,0.000000,0.000000,8.006429,1.000000,1.000000,1.000000,1.000000,0.000000,0.000000,0.066741,0.934754,0.941147,795.955040,0.889933,0.593289,0.987500,0.828066,847.142489,0.000000,False,False,False,,,,259,40,1.000000,1.000000
0.000000,0.000000,79.000000,1.000000,0.000000,0.000000,1.000000,0.000000,1.000000,0.000000,7.981644,1.000000,1.000000,1.000000,1.000000,0.000000,0.000000,0.035153,0.963047,0.964683,795.094967,0.891001,0.594001,1.000000,0.860073,846.389910,0.000000,False,False,False,0.940724,1.000000,0.881449,260,40,1.000000,1.000000
0.000000,0.000000,79.000000,1.000000,0.000000,0.000000,1.000000,0.000000,0.000000,0.000000,8.014470,1.000000,1.000000,1.000000,1.000000,0.000000,0.000000,0.074110,0.925456,0.930656,794.272404,0.892983,0.595322,1.000000,0.822563,845.592581,0.000000,False,False,False,0.996661,1.000000,0.993323,261,40,1.000000,1.000000
0.000000,0.000000,79.000000,1.000000,0.000000,0.000000,1.000000,0.000000,1.000000,0.000000,7.993363,1.000000,1.000000,1.000000,1.000000,0.000000,0.000000,0.046219,0.952876,0.953959,793.418890,0.895384,0.596923,1.000000,0.853513,844.840464,0.000000,False,False,False,0.940146,1.000000,0.880292,262,40,1.000000,1.000000
0.000000,0.000000,79.000000,1.000000,0.000000,0.000000,1.000000,0.000000,0.000000,0.000000,8.314663,1.000000,1.000000,1.000000,1.000000,0.000000,0.000000,0.074952,0.925069,0.923906,792.588160,0.899674,0.599783,1.000000,0.830730,844.042397,0.000000,False,False,False,0.997583,1.000000,0.995166,263,40,1.000000,1.000000
0.000000,0.000000,79.000000,1.000000,0.000000,0.000000,1.000000,0.000000,0.000000,0.000000,8.129996,1.000000,1.000000,1.000000,1.000000,0.000000,0.000000,0.066444,0.931424,0.931244,791.747223,0.899675,0.599783,1.000000,0.840938,843.290258,0.000000,False,False,False,0.940174,1.000000,0.880349,264,40,1.000000,1.000000
0.000000,0.000000,79.000000,1.000000,0.000000,0.000000,1.000000,0.000000,1.000000,0.000000,7.928491,1.000000,1.000000,1.000000,1.000000,0.000000,0.000000,0.037728,0.963225,0.961389,790.880354,0.900303,0.600202,1.000000,0.866869,842.495849,0.000000,False,False,False,0.993011,1.000000,0.986022,265,40,1.000000,1.000000
0.000000,0.000000,79.000000,1.000000,0.000000,0.000000,1.000000,0.000000,1.000000,0.000000,7.746242,1.000000,1.000000,1.000000,1.000000,0.000000,0.000000,0.062670,0.935776,0.936571,790.034577,0.904395,0.602930,1.000000,0.845777,841.699520,0.000000,False,False,False,0.995411,1.000000,0.990822,266,40,1.000000,1.000000
0.000000,0.000000,79.000000,1.000000,0.000000,0.000000,1.000000,0.000000,1.000000,0.000000,7.673460,1.000000,1.000000,1.000000,1.000000,0.000000,0.000000,0.057597,0.942518,0.942516,789.194296,0.894209,0.596140,0.987500,0.840281,841.699520,0.000000,False,False,False,,,,267,40,1.000000,1.000000
0.000000,0.000000,79.000000,1.000000,0.000000,0.000000,1.000000,0.000000,0.000000,0.000000,8.116218,1.000000,1.000000,1.000000,1.000000,0.000000,0.000000,0.068927,0.929931,0.937615,788.367619,0.890563,0.593709,0.987500,0.826677,841.699520,0.000000,False,False,False,,,,268,40,1.000000,1.000000
0.000000,0.000000,79.000000,1.000000,0.000000,0.000000,1.000000,0.000000,0.000000,0.000000,8.103384,1.000000,1.000000,1.000000,1.000000,0.000000,0.000000,0.055804,0.944866,0.941425,787.523748,0.892992,0.595328,1.000000,0.843871,840.950272,0.000000,False,False,False,0.936560,1.000000,0.873120,269,40,1.000000,1.000000
0.000000,0.000000,79.000000,1.000000,0.000000,0.000000,1.000000,0.000000,0.000000,0.000000,8.087556,1.000000,1.000000,1.000000,1.000000,0.000000,0.000000,0.058453,0.940954,0.936642,786.680805,0.894248,0.596166,1.000000,0.842943,840.164171,0.000000,False,False,False,0.982627,1.000000,0.965254,270,40,1.000000,1.000000
0.000000,0.000000,79.000000,1.000000,0.000000,0.000000,1.000000,0.000000,0.000000,0.000000,8.066836,1.000000,1.000000,1.000000,1.000000,0.000000,0.000000,0.048279,0.950379,0.950133,785.828145,0.896158,0.597439,1.000000,0.852660,839.377484,0.000000,False,False,False,0.983358,1.000000,0.966717,271,40,1.000000,1.000000
0.000000,0.000000,79.000000,1.000000,0.000000,0.000000,1.000000,0.000000,0.000000,0.000000,8.054173,1.000000,1.000000,1.000000,1.000000,0.000000,0.000000,0.065440,0.934641,0.932822,784.988390,0.897298,0.598199,1.000000,0.839755,838.585094,0.000000,False,False,False,0.990487,1.000000,0.980974,272,40,1.000000,1.000000
0.000000,0.000000,79.000000,1.000000,0.000000,0.000000,1.000000,0.000000,0.000000,0.000000,8.037823,1.000000,1.000000,1.000000,1.000000,0.000000,0.000000,0.061045,0.940233,0.938106,784.147268,0.896513,0.597675,1.000000,0.841122,837.791541,0.000000,False,False,False,0.991942,1.000000,0.983884,273,40,1.000000,1.000000
0.000000,0.000000,79.000000,1.000000,0.000000,0.000000,1.000000,0.000000,0.000000,0.000000,8.025216,1.000000,1.000000,1.000000,1.000000,0.000000,0.000000,0.052486,0.945687,0.945700,783.294162,0.899382,0.599588,1.000000,0.853107,837.006538,0.000000,False,False,False,0.981254,1.000000,0.962508,274,40,1.000000,1.000000
0.000000,0.000000,79.000000,1.000000,0.000000,0.000000,1.000000,0.000000,1.000000,0.000000,7.974809,1.000000,1.000000,1.000000,1.000000,0.000000,0.000000,0.051913,0.946575,0.945359,782.439196,0.901148,0.600765,1.000000,0.854965,836.217208,0.000000,False,False,False,0.986662,1.000000,0.973324,275,40,1.000000,1.000000
0.000000,0.000000,79.000000,1.000000,0.000000,0.000000,1.000000,0.000000,0.000000,0.000000,8.009529,1.000000,1.000000,1.000000,1.000000,0.000000,0.000000,0.074113,0.923894,0.925906,781.602004,0.906152,0.604101,1.000000,0.837192,835.422789,0.000000,False,False,False,0.993023,1.000000,0.986046,276,40,1.000000,1.000000
0.000000,0.000000,79.000000,1.000000,0.000000,0.000000,1.000000,0.000000,0.000000,0.000000,8.003881,1.000000,1.000000,1.000000,1.000000,0.000000,0.000000,0.049296,0.949296,0.950849,780.740434,0.907075,0.604717,1.000000,0.861570,834.671672,0.000000,False,False,False,0.938897,1.000000,0.877794,277,40,1.000000,1.000000
0.000000,0.000000,79.000000,1.000000,0.000000,0.000000,1.000000,0.000000,1.000000,0.000000,7.992655,1.000000,1.000000,1.000000,1.000000,0.000000,0.000000,0.053256,0.945622,0.950019,779.879912,0.908607,0.605738,1.000000,0.860522,833.879096,0.000000,False,False,False,0.990720,1.000000,0.981440,278,40,1.000000,1.000000
0.000000,0.000000,79.000000,1.000000,0.000000,0.000000,1.000000,0.000000,0.000000,0.000000,8.075576,1.000000,1.000000,1.000000,1.000000,0.000000,0.000000,0.069978,0.928873,0.937454,779.032873,0.913932,0.609288,1.000000,0.847039,833.083577,0.000000,False,False,False,0.994399,1.000000,0.988797,279,40,1.000000,1.000000
0.000000,0.000000,79.000000,1.000000,0.000000,0.000000,1.000000,0.000000,1.000000,0.000000,7.947448,1.000000,1.000000,1.000000,1.000000,0.000000,0.000000,0.054455,0.945266,0.946548,778.172529,0.911735,0.607823,1.000000,0.860343,832.331258,0.000000,False,False,False,0.940399,1.000000,0.880797,280,40,1.000000,1.000000
0.000000,0.000000,79.000000,1.000000,0.000000,0.000000,1.000000,0.000000,0.000000,0.000000,8.622816,1.000000,1.000000,1.000000,1.000000,0.000000,0.000000,0.059171,0.938415,0.948622,777.320768,0.908065,0.605377,0.987500,0.851761,832.331258,0.000000,False,False,False,,,,281,40,1.000000,1.000000
0.000000,0.000000,79.000000,1.000000,0.000000,0.000000,1.000000,0.000000,0.000000,0.000000,8.590743,1.000000,1.000000,1.000000,1.000000,0.000000,0.000000,0.043686,0.956691,0.954432,776.449251,0.911329,0.607553,1.000000,0.871516,831.578097,0.000000,False,False,False,0.941452,1.000000,0.882904,282,40,1.000000,1.000000
0.000000,0.000000,79.000000,1.000000,0.000000,0.000000,1.000000,0.000000,0.000000,0.000000,8.560254,1.000000,1.000000,1.000000,1.000000,0.000000,0.000000,0.032255,0.966941,0.966612,775.563247,0.915146,0.610097,1.000000,0.886005,830.780966,0.000000,False,False,False,0.996413,1.000000,0.992826,283,40,1.000000,1.000000
0.000000,0.000000,79.000000,1.000000,0.000000,0.000000,1.000000,0.000000,0.000000,0.000000,8.518785,1.000000,1.000000,1.000000,1.000000,0.000000,0.000000,0.029444,0.968748,0.968709,774.671722,0.918634,0.612422,1.000000,0.891525,829.984062,0.000000,False,False,False,0.996131,1.000000,0.992262,284,40,1.000000,1.000000
0.000000,0.000000,79.000000,1.000000,0.000000,0.000000,1.000000,0.000000,0.000000,0.000000,8.477976,1.000000,1.000000,1.000000,1.000000,0.000000,0.000000,0.035823,0.964038,0.962760,773.782536,0.921307,0.614205,1.000000,0.889185,829.186698,0.000000,False,False,False,0.996704,1.000000,0.993408,285,40,1.000000,1.000000
0.000000,0.000000,79.000000,1.000000,0.000000,0.000000,1.000000,0.000000,0.000000,0.000000,8.451249,1.000000,1.000000,1.000000,1.000000,0.000000,0.000000,0.051189,0.947237,0.945973,772.910425,0.921151,0.614101,1.000000,0.872111,828.389325,0.000000,False,False,False,0.996717,1.000000,0.993433,286,40,1.000000,1.000000
0.000000,0.000000,79.000000,1.000000,0.000000,0.000000,1.000000,0.000000,0.000000,0.000000,8.423058,1.000000,1.000000,1.000000,1.000000,0.000000,0.000000,0.050639,0.949991,0.948677,772.030076,0.926320,0.617547,1.000000,0.880349,827.590563,0.000000,False,False,False,0.998453,1.000000,0.996906,287,40,1.000000,1.000000
0.000000,0.000000,79.000000,1.000000,0.000000,0.000000,1.000000,0.000000,0.000000,0.000000,8.411153,1.000000,1.000000,1.000000,1.000000,0.000000,0.000000,0.046569,0.951395,0.952732,771.144459,0.929931,0.619954,1.000000,0.885617,826.792474,0.000000,False,False,False,0.997611,1.000000,0.995223,288,40,1.000000,1.000000
0.000000,0.000000,79.000000,1.000000,0.000000,0.000000,1.000000,0.000000,0.000000,0.000000,8.387655,1.000000,1.000000,1.000000,1.000000,0.000000,0.000000,0.044576,0.953842,0.955279,770.254721,0.932233,0.621489,1.000000,0.889738,825.995153,0.000000,False,False,False,0.996651,1.000000,0.993301,289,40,1.000000,1.000000
0.000000,0.000000,79.000000,1.000000,0.000000,0.000000,1.000000,0.000000,0.000000,0.000000,8.369699,1.000000,1.000000,1.000000,1.000000,0.000000,0.000000,0.035586,0.963462,0.962643,769.352614,0.935070,0.623380,1.000000,0.902107,825.197602,0.000000,False,False,False,0.996940,1.000000,0.993879,290,40,1.000000,1.000000
0.000000,0.000000,79.000000,1.000000,0.000000,0.000000,1.000000,0.000000,0.000000,0.000000,8.365031,1.000000,1.000000,1.000000,1.000000,0.000000,0.000000,0.042303,0.956408,0.956698,768.454354,0.937114,0.624743,1.000000,0.898259,824.399511,0.000000,False,False,False,0.997613,1.000000,0.995225,291,40,1.000000,1.000000
0.000000,0.000000,79.000000,1.000000,0.000000,0.000000,1.000000,0.000000,0.000000,0.000000,8.289199,1.000000,1.000000,1.000000,1.000000,0.000000,0.000000,0.045979,0.955843,0.956082,767.557600,0.939202,0.626135,1.000000,0.896754,823.601757,0.000000,False,False,False,0.997192,1.000000,0.994385,292,40,1.000000,1.000000
0.000000,0.000000,79.000000,1.000000,0.000000,0.000000,1.000000,0.000000,0.000000,0.000000,8.276157,1.000000,1.000000,1.000000,1.000000,0.000000,0.000000,0.036317,0.962616,0.964716,766.654090,0.938656,0.625771,1.000000,0.903510,822.803546,0.000000,False,False,False,0.997764,1.000000,0.995528,293,40,1.000000,1.000000
0.000000,0.000000,79.000000,1.000000,0.000000,0.000000,1.000000,0.000000,0.000000,0.000000,8.221889,1.000000,1.000000,1.000000,1.000000,0.000000,0.000000,0.054048,0.945502,0.945036,765.761467,0.943139,0.628759,1.000000,0.892623,822.005295,0.000000,False,False,False,0.997814,1.000000,0.995628,294,40,1.000000,1.000000
0.000000,0.000000,79.000000,1.000000,0.000000,0.000000,1.000000,0.000000,0.000000,0.000000,8.155082,1.000000,1.000000,1.000000,1.000000,0.000000,0.000000,0.045143,0.955784,0.955973,764.857469,0.945939,0.630626,1.000000,0.903998,821.206548,0.000000,False,False,False,0.998433,1.000000,0.996867,295,40,1.000000,1.000000
0.000000,0.000000,79.000000,1.000000,0.000000,0.000000,1.000000,0.000000,0.000000,0.000000,8.083799,1.000000,1.000000,1.000000,1.000000,0.000000,0.000000,0.042986,0.957797,0.957426,763.948350,0.948984,0.632656,1.000000,0.909119,820.407881,0.000000,False,False,False,0.998334,1.000000,0.996667,296,40,1.000000,1.000000
0.000000,0.000000,79.000000,1.000000,0.000000,0.000000,1.000000,0.000000,0.000000,0.000000,8.016107,1.000000,1.000000,1.000000,1.000000,0.000000,0.000000,0.037726,0.963038,0.962770,763.030265,0.953287,0.635524,1.000000,0.918085,819.609149,0.000000,False,False,False,0.998416,1.000000,0.996832,297,40,1.000000,1.000000
0.000000,0.000000,79.000000,1.000000,0.000000,0.000000,1.000000,0.000000,1.000000,0.000000,7.945512,1.000000,1.000000,1.000000,1.000000,0.000000,0.000000,0.051918,0.947128,0.947677,762.120276,0.958288,0.638859,1.000000,0.909989,818.810439,0.000000,False,False,False,0.998387,1.000000,0.996774,298,40,1.000000,1.000000
0.000000,0.000000,79.000000,1.000000,0.000000,0.000000,1.000000,0.000000,0.000000,0.000000,8.169744,1.000000,1.000000,1.000000,1.000000,0.000000,0.000000,0.074315,0.926400,0.933625,761.241882,0.951508,0.634339,0.987500,0.878394,818.810439,0.000000,False,False,False,,,,299,40,1.000000,1.000000
0.000000,0.000000,79.000000,1.000000,0.000000,0.000000,1.000000,0.000000,0.000000,0.000000,8.154288,1.000000,1.000000,1.000000,1.000000,0.000000,0.000000,0.041835,0.956482,0.958115,760.322218,0.959519,0.639679,1.000000,0.919663,818.058445,0.000000,False,False,False,0.939993,1.000000,0.879986,300,40,1.000000,1.000000
0.000000,0.000000,79.000000,1.000000,0.000000,0.000000,1.000000,0.000000,0.000000,0.000000,8.156979,1.000000,1.000000,1.000000,1.000000,0.000000,0.000000,0.034120,0.963621,0.965657,759.389022,0.965723,0.643815,1.000000,0.933196,817.259697,0.000000,False,False,False,0.998435,1.000000,0.996871,301,40,1.000000,1.000000
0.000000,0.000000,79.000000,1.000000,0.000000,0.000000,1.000000,0.000000,0.000000,0.000000,8.169119,1.000000,1.000000,1.000000,1.000000,0.000000,0.000000,0.045345,0.955037,0.953294,758.461042,0.970999,0.647333,1.000000,0.927980,816.461149,0.000000,False,False,False,0.998184,1.000000,0.996368,302,40,1.000000,1.000000
0.000000,0.000000,79.000000,1.000000,0.000000,0.000000,1.000000,0.000000,0.000000,0.000000,8.159713,1.000000,1.000000,1.000000,1.000000,0.000000,0.000000,0.064103,0.935165,0.936835,757.547134,0.975596,0.650398,1.000000,0.913908,815.662779,0.000000,False,False,False,0.997963,1.000000,0.995925,303,40,1.000000,1.000000
0.000000,0.000000,79.000000,1.000000,0.000000,0.000000,1.000000,0.000000,0.000000,0.000000,8.184227,1.000000,1.000000,1.000000,1.000000,0.000000,0.000000,0.048880,0.951644,0.952897,756.613970,0.979790,0.653193,1.000000,0.933164,814.864232,0.000000,False,False,False,0.998184,1.000000,0.996368,304,40,1.000000,1.000000
0.000000,0.000000,79.000000,1.000000,0.000000,0.000000,1.000000,0.000000,0.000000,0.000000,8.141086,1.000000,1.000000,1.000000,1.000000,0.000000,0.000000,0.055261,0.944266,0.945792,755.682207,0.983959,0.655973,1.000000,0.931763,814.065869,0.000000,False,False,False,0.997954,1.000000,0.995908,305,40,1.000000,1.000000
0.000000,0.000000,79.000000,1.000000,0.000000,0.000000,1.000000,0.000000,0.000000,0.000000,8.192595,1.000000,1.000000,1.000000,1.000000,0.000000,0.000000,0.062976,0.935554,0.936063,754.759622,0.983727,0.655818,1.000000,0.922585,813.267043,0.000000,False,False,False,0.998532,1.000000,0.997064,306,40,1.000000,1.000000
0.000000,0.000000,79.000000,1.000000,0.000000,0.000000,1.000000,0.000000,0.000000,0.000000,8.112774,1.000000,1.000000,1.000000,1.000000,0.000000,0.000000,0.048354,0.951645,0.950622,753.816044,0.989477,0.659651,1.000000,0.943578,812.468328,0.000000,False,False,False,0.998394,1.000000,0.996788,307,40,1.000000,1.000000
0.000000,0.000000,79.000000,1.000000,0.000000,0.000000,1.000000,0.000000,0.000000,0.000000,8.143478,1.000000,1.000000,1.000000,1.000000,0.000000,0.000000,0.041336,0.957523,0.955679,752.861505,0.993790,0.662527,1.000000,0.954539,811.669445,0.000000,False,False,False,0.998604,1.000000,0.997208,308,40,1.000000,1.000000
0.000000,0.000000,79.000000,1.000000,0.000000,0.000000,1.000000,0.000000,0.000000,0.000000,8.147621,1.000000,1.000000,1.000000,1.000000,0.000000,0.000000,0.047807,0.950669,0.950142,751.909972,0.997359,0.664906,1.000000,0.951532,810.870389,0.000000,False,False,False,0.998820,1.000000,0.997640,309,40,1.000000,1.000000
0.000000,0.000000,79.000000,1.000000,0.000000,0.000000,1.000000,0.000000,0.000000,0.000000,8.230338,1.000000,1.000000,1.000000,1.000000,0.000000,0.000000,0.050824,0.947778,0.947600,750.957818,1.000624,0.667083,1.000000,0.952154,810.071244,0.000000,False,False,False,0.998931,1.000000,0.997862,310,40,1.000000,1.000000
0.000000,0.000000,79.000000,1.000000,0.000000,0.000000,1.000000,0.000000,0.000000,0.000000,8.263632,1.000000,1.000000,1.000000,1.000000,0.000000,0.000000,0.043948,0.954218,0.954349,749.997139,1.003133,0.668755,1.000000,0.960678,809.272339,0.000000,False,False,False,0.998631,1.000000,0.997263,311,40,1.000000,1.000000
0.000000,0.000000,79.000000,1.000000,0.000000,0.000000,1.000000,0.000000,1.000000,0.000000,7.974858,1.000000,1.000000,1.000000,1.000000,0.000000,0.000000,0.055286,0.945698,0.947499,749.054470,0.999477,0.666318,1.000000,0.942669,808.473592,0.000000,False,False,False,0.998433,1.000000,0.996866,312,40,1.000000,1.000000
0.000000,0.000000,79.000000,1.000000,0.000000,0.000000,1.000000,0.000000,1.000000,0.000000,7.499598,1.000000,1.000000,1.000000,1.000000,0.000000,0.000000,0.063773,0.936400,0.934736,748.109834,1.007058,0.671372,1.000000,0.944636,807.676562,0.000000,False,False,False,0.996288,1.000000,0.992576,313,40,1.000000,1.000000
0.000000,0.000000,79.000000,1.000000,0.000000,0.000000,1.000000,0.000000,0.000000,0.000000,8.205363,1.000000,1.000000,1.000000,1.000000,0.000000,0.000000,0.079081,0.918936,0.915456,747.175553,1.012461,0.674974,1.000000,0.934281,806.901278,0.000000,False,False,False,0.969105,1.000000,0.938210,314,40,1.000000,1.000000
0.000000,0.000000,79.000000,1.000000,0.000000,0.000000,1.000000,0.000000,0.000000,0.000000,8.126683,1.000000,1.000000,1.000000,1.000000,0.000000,0.000000,0.046914,0.952835,0.950195,746.206162,1.015119,0.676746,1.000000,0.969391,806.142893,0.000000,False,False,False,0.947981,1.000000,0.895961,315,40,1.000000,1.000000
0.000000,0.000000,79.000000,1.000000,0.000000,0.000000,1.000000,0.000000,0.000000,0.000000,8.082661,1.000000,1.000000,1.000000,1.000000,0.000000,0.000000,0.047757,0.950246,0.949751,745.235472,1.017605,0.678403,1.000000,0.970690,805.347571,0.000000,False,False,False,0.994153,1.000000,0.988305,316,40,1.000000,1.000000
0.000000,0.000000,79.000000,1.000000,0.000000,0.000000,1.000000,0.000000,0.000000,0.000000,8.053749,1.000000,1.000000,1.000000,1.000000,0.000000,0.000000,0.046935,0.951660,0.954008,744.261948,1.019588,0.679725,1.000000,0.973524,804.549925,0.000000,False,False,False,0.997058,1.000000,0.994116,317,40,1.000000,1.000000
0.000000,0.000000,79.000000,1.000000,0.000000,0.000000,1.000000,0.000000,0.000000,0.000000,8.029687,1.000000,1.000000,1.000000,1.000000,0.000000,0.000000,0.060117,0.941470,0.942617,743.308113,1.016436,0.677624,1.000000,0.953835,803.751649,0.000000,False,False,False,0.997845,1.000000,0.995690,318,40,1.000000,1.000000
0.000000,0.000000,79.000000,1.000000,0.000000,0.000000,1.000000,0.000000,0.000000,0.000000,8.025019,1.000000,1.000000,1.000000,1.000000,0.000000,0.000000,0.061423,0.938844,0.935166,742.348519,1.019756,0.679837,1.000000,0.959595,802.953654,0.000000,False,False,False,0.997493,1.000000,0.994986,319,40,1.000000,1.000000
0.000000,0.000000,79.000000,1.000000,0.000000,0.000000,1.000000,0.000000,0.000000,0.000000,8.013144,1.000000,1.000000,1.000000,1.000000,0.000000,0.000000,0.059254,0.941843,0.941232,741.385227,1.021647,0.681098,1.000000,0.963292,802.156124,0.000000,False,False,False,0.996914,1.000000,0.993827,320,40,1.000000,1.000000
0.000000,0.000000,79.000000,1.000000,0.000000,0.000000,1.000000,0.000000,0.000000,0.000000,8.019061,1.000000,1.000000,1.000000,1.000000,0.000000,0.000000,0.050816,0.950737,0.948861,740.413075,1.022677,0.681785,1.000000,0.972152,801.358742,0.000000,False,False,False,0.996727,1.000000,0.993455,321,40,1.000000,1.000000
0.000000,0.000000,79.000000,1.000000,0.000000,0.000000,1.000000,0.000000,0.000000,0.000000,8.020579,1.000000,1.000000,1.000000,1.000000,0.000000,0.000000,0.046495,0.953860,0.954240,739.436011,1.023699,0.682466,1.000000,0.977064,800.561806,0.000000,False,False,False,0.996170,1.000000,0.992339,322,40,1.000000,1.000000
0.000000,0.000000,79.000000,1.000000,0.000000,0.000000,1.000000,0.000000,0.000000,0.000000,8.050079,1.000000,1.000000,1.000000,1.000000,0.000000,0.000000,0.049907,0.950086,0.948352,738.462171,1.023593,0.682395,1.000000,0.973840,799.764491,0.000000,False,False,False,0.996643,1.000000,0.993287,323,40,1.000000,1.000000
0.000000,0.000000,79.000000,1.000000,0.000000,0.000000,1.000000,0.000000,0.000000,0.000000,8.077737,1.000000,1.000000,1.000000,1.000000,0.000000,0.000000,0.061289,0.938661,0.939100,737.500376,1.023290,0.682193,1.000000,0.961795,798.966587,0.000000,False,False,False,0.997381,1.000000,0.994761,324,40,1.000000,1.000000
0.000000,0.000000,79.000000,1.000000,0.000000,0.000000,1.000000,0.000000,0.000000,0.000000,8.128447,1.000000,1.000000,1.000000,1.000000,0.000000,0.000000,0.064076,0.934981,0.936368,736.543085,1.022925,0.681950,1.000000,0.957291,798.169945,0.000000,False,False,False,0.995802,1.000000,0.991604,325,40,1.000000,1.000000
0.000000,0.000000,79.000000,1.000000,0.000000,0.000000,1.000000,0.000000,0.000000,0.000000,8.197128,1.000000,1.000000,1.000000,1.000000,0.000000,0.000000,0.059570,0.939628,0.940537,735.588684,1.016604,0.677736,1.000000,0.954401,797.376400,0.000000,False,False,False,0.991931,1.000000,0.983862,326,40,1.000000,1.000000
0.000000,0.000000,79.000000,1.000000,0.000000,0.000000,1.000000,0.000000,0.000000,0.000000,8.282180,1.000000,1.000000,1.000000,1.000000,0.000000,0.000000,0.068896,0.932580,0.931809,734.638369,1.019285,0.679523,1.000000,0.950316,796.580169,0.000000,False,False,False,0.995290,1.000000,0.990579,327,40,1.000000,1.000000
0.000000,0.000000,79.000000,1.000000,0.000000,0.000000,1.000000,0.000000,0.000000,0.000000,8.381601,1.000000,1.000000,1.000000,1.000000,0.000000,0.000000,0.056467,0.943914,0.942813,733.675207,1.020116,0.680078,1.000000,0.963161,795.784607,0.000000,False,False,False,0.994452,1.000000,0.988903,328,40,1.000000,1.000000
0.000000,0.000000,79.000000,1.000000,0.000000,0.000000,1.000000,0.000000,0.000000,0.000000,8.488540,1.000000,1.000000,1.000000,1.000000,0.000000,0.000000,0.043078,0.957230,0.960593,732.699315,1.019946,0.679964,1.000000,0.975893,794.988680,0.000000,False,False,False,0.994909,1.000000,0.989818,329,40,1.000000,1.000000
0.000000,0.000000,79.000000,1.000000,0.000000,0.000000,1.000000,0.000000,0.000000,0.000000,8.540404,1.000000,1.000000,1.000000,1.000000,0.000000,0.000000,0.061569,0.940090,0.942394,731.742799,1.019483,0.679655,1.000000,0.956515,794.192302,0.000000,False,False,False,0.995473,1.000000,0.990945,330,40,1.000000,1.000000
0.000000,0.000000,79.000000,1.000000,0.000000,0.000000,1.000000,0.000000,0.000000,0.000000,8.563720,1.000000,1.000000,1.000000,1.000000,0.000000,0.000000,0.062154,0.936495,0.942050,730.786748,1.019341,0.679560,1.000000,0.956051,793.397499,0.000000,False,False,False,0.993504,1.000000,0.987008,331,40,1.000000,1.000000
0.000000,0.000000,79.000000,1.000000,0.000000,0.000000,1.000000,0.000000,0.000000,0.000000,8.515829,1.000000,1.000000,1.000000,1.000000,0.000000,0.000000,0.056739,0.943797,0.948826,729.826191,1.018999,0.679333,1.000000,0.960557,792.601923,0.000000,False,False,False,0.994469,1.000000,0.988939,332,40,1.000000,1.000000
0.000000,0.000000,79.000000,1.000000,0.000000,0.000000,1.000000,0.000000,0.000000,0.000000,8.553876,1.000000,1.000000,1.000000,1.000000,0.000000,0.000000,0.070255,0.930101,0.933505,728.885306,1.014854,0.676569,1.000000,0.940886,791.806253,0.000000,False,False,False,0.994588,1.000000,0.989177,333,40,1.000000,1.000000
0.000000,0.000000,79.000000,1.000000,0.000000,0.000000,1.000000,0.000000,0.000000,0.000000,8.503691,1.000000,1.000000,1.000000,1.000000,0.000000,0.000000,0.058278,0.940056,0.942192,727.927134,1.017077,0.678052,1.000000,0.958172,791.010049,0.000000,False,False,False,0.995255,1.000000,0.990509,334,40,1.000000,1.000000
0.000000,0.000000,79.000000,1.000000,0.000000,0.000000,1.000000,0.000000,0.000000,0.000000,8.518351,1.000000,1.000000,1.000000,1.000000,0.000000,0.000000,0.054440,0.944683,0.951450,726.964534,1.017676,0.678450,1.000000,0.962600,790.213745,0.000000,False,False,False,0.995380,1.000000,0.990760,335,40,1.000000,1.000000
0.000000,0.000000,79.000000,1.000000,0.000000,0.000000,1.000000,0.000000,0.000000,0.000000,8.496591,1.000000,1.000000,1.000000,1.000000,0.000000,0.000000,0.058844,0.941663,0.945910,726.006945,1.017034,0.678023,1.000000,0.957589,789.417330,0.000000,False,False,False,0.995519,1.000000,0.991038,336,40,1.000000,1.000000
0.000000,0.000000,79.000000,1.000000,0.000000,0.000000,1.000000,0.000000,0.000000,0.000000,8.547346,1.000000,1.000000,1.000000,1.000000,0.000000,0.000000,0.055160,0.944592,0.948161,725.047393,1.016127,0.677418,1.000000,0.959552,788.621823,0.000000,False,False,False,0.994383,1.000000,0.988767,337,40,1.000000,1.000000
0.000000,0.000000,79.000000,1.000000,0.000000,0.000000,1.000000,0.000000,0.000000,0.000000,8.444468,1.000000,1.000000,1.000000,1.000000,0.000000,0.000000,0.046977,0.952846,0.955324,724.079636,1.015702,0.677135,1.000000,0.967756,787.825366,0.000000,False,False,False,0.995571,1.000000,0.991142,338,40,1.000000,1.000000
0.000000,0.000000,79.000000,1.000000,0.000000,0.000000,1.000000,0.000000,0.000000,0.000000,8.497855,1.000000,1.000000,1.000000,1.000000,0.000000,0.000000,0.054848,0.944139,0.946924,723.119838,1.015656,0.677104,1.000000,0.959799,787.029217,0.000000,False,False,False,0.995187,1.000000,0.990375,339,40,1.000000,1.000000
0.000000,0.000000,79.000000,1.000000,0.000000,0.000000,1.000000,0.000000,0.000000,0.000000,8.558982,1.000000,1.000000,1.000000,1.000000,0.000000,0.000000,0.048061,0.951471,0.953389,722.153110,1.015676,0.677117,1.000000,0.966728,786.232965,0.000000,False,False,False,0.995315,1.000000,0.990629,340,40,1.000000,1.000000
0.000000,0.000000,79.000000,1.000000,0.000000,0.000000,1.000000,0.000000,0.000000,0.000000,8.307505,1.000000,1.000000,1.000000,1.000000,0.000000,0.000000,0.064262,0.933842,0.934872,721.207450,1.013088,0.675392,1.000000,0.945660,785.436965,0.000000,False,False,False,0.995000,1.000000,0.990000,341,40,1.000000,1.000000
0.000000,0.000000,79.000000,1.000000,0.000000,0.000000,1.000000,0.000000,0.000000,0.000000,8.396079,1.000000,1.000000,1.000000,1.000000,0.000000,0.000000,0.056805,0.944025,0.945230,720.249607,1.014555,0.676370,1.000000,0.957843,784.640061,0.000000,False,False,False,0.996129,1.000000,0.992259,342,40,1.000000,1.000000
0.000000,0.000000,79.000000,1.000000,0.000000,0.000000,1.000000,0.000000,0.000000,0.000000,8.397563,1.000000,1.000000,1.000000,1.000000,0.000000,0.000000,0.038993,0.960560,0.963270,719.273915,1.015409,0.676939,1.000000,0.975692,783.841977,0.000000,False,False,False,0.997605,1.000000,0.995210,343,40,1.000000,1.000000
0.000000,0.000000,79.000000,1.000000,0.000000,0.000000,1.000000,0.000000,0.000000,0.000000,8.370406,1.000000,1.000000,1.000000,1.000000,0.000000,0.000000,0.042680,0.954284,0.961836,718.301459,1.015719,0.677146,1.000000,0.972456,783.044158,0.000000,False,False,False,0.997274,1.000000,0.994548,344,40,1.000000,1.000000
0.000000,0.000000,79.000000,1.000000,0.000000,0.000000,1.000000,0.000000,0.000000,0.000000,8.436995,1.000000,1.000000,1.000000,1.000000,0.000000,0.000000,0.051712,0.949006,0.950235,717.337138,1.015764,0.677176,1.000000,0.964321,782.245867,0.000000,False,False,False,0.997864,1.000000,0.995729,345,40,1.000000,1.000000
0.000000,0.000000,79.000000,1.000000,0.000000,0.000000,1.000000,0.000000,0.000000,0.000000,8.411876,1.000000,1.000000,1.000000,1.000000,0.000000,0.000000,0.048026,0.950256,0.951053,716.369690,1.015679,0.677119,1.000000,0.967447,781.448171,0.000000,False,False,False,0.997120,1.000000,0.994239,346,40,1.000000,1.000000
0.000000,0.000000,79.000000,1.000000,0.000000,0.000000,1.000000,0.000000,0.000000,0.000000,8.426228,1.000000,1.000000,1.000000,1.000000,0.000000,0.000000,0.061562,0.938521,0.937675,715.416045,1.015533,0.677022,1.000000,0.953646,780.651564,0.000000,False,False,False,0.995759,1.000000,0.991519,347,40,1.000000,1.000000
0.000000,0.000000,79.000000,1.000000,0.000000,0.000000,1.000000,0.000000,0.000000,0.000000,8.521521,1.000000,1.000000,1.000000,1.000000,0.000000,0.000000,0.071378,0.927038,0.924975,714.477709,1.010794,0.673863,1.000000,0.938336,779.854172,0.000000,False,False,False,0.996739,1.000000,0.993478,348,40,1.000000,1.000000
0.000000,0.000000,79.000000,1.000000,0.000000,0.000000,1.000000,0.000000,0.000000,0.000000,8.569849,1.000000,1.000000,1.000000,1.000000,0.000000,0.000000,0.062942,0.937255,0.936481,713.527075,1.013499,0.675666,1.000000,0.950634,779.055924,0.000000,False,False,False,0.997810,1.000000,0.995621,349,40,1.000000,1.000000
0.000000,0.000000,79.000000,1.000000,0.000000,0.000000,1.000000,0.000000,0.000000,0.000000,8.862895,1.000000,1.000000,1.000000,1.000000,0.000000,0.000000,0.048577,0.948794,0.951064,712.560414,1.014560,0.676373,1.000000,0.966661,778.257648,0.000000,False,False,False,0.997846,1.000000,0.995691,350,40,1.000000,1.000000
0.000000,0.000000,79.000000,1.000000,0.000000,0.000000,1.000000,0.000000,0.000000,0.000000,8.878730,1.000000,1.000000,1.000000,1.000000,0.000000,0.000000,0.051336,0.946859,0.948971,711.596208,1.014881,0.676587,1.000000,0.964206,777.458985,0.000000,False,False,False,0.998328,1.000000,0.996656,351,40,1.000000,1.000000
0.000000,0.000000,79.000000,1.000000,0.000000,0.000000,1.000000,0.000000,0.000000,0.000000,8.937360,1.000000,1.000000,1.000000,1.000000,0.000000,0.000000,0.059051,0.937571,0.944821,710.639755,1.014938,0.676626,1.000000,0.956453,776.660833,0.000000,False,False,False,0.997691,1.000000,0.995381,352,40,1.000000,1.000000
0.000000,0.000000,79.000000,1.000000,0.000000,0.000000,1.000000,0.000000,0.000000,0.000000,8.958498,1.000000,1.000000,1.000000,1.000000,0.000000,0.000000,0.058147,0.939858,0.945895,709.683372,1.014877,0.676585,1.000000,0.956382,775.861937,0.000000,False,False,False,0.998620,1.000000,0.997240,353,40,1.000000,1.000000
0.000000,0.000000,79.000000,1.000000,0.000000,0.000000,1.000000,0.000000,0.000000,0.000000,8.990682,1.000000,1.000000,1.000000,1.000000,0.000000,0.000000,0.056238,0.940573,0.945279,708.726328,1.014158,0.676106,1.000000,0.957045,775.063179,0.000000,False,False,False,0.998447,1.000000,0.996893,354,40,1.000000,1.000000
0.000000,0.000000,79.000000,1.000000,0.000000,0.000000,1.000000,0.000000,0.000000,0.000000,8.991130,1.000000,1.000000,1.000000,1.000000,0.000000,0.000000,0.058817,0.943150,0.942382,707.769884,1.014183,0.676122,1.000000,0.956444,774.264960,0.000000,False,False,False,0.997775,1.000000,0.995549,355,40,1.000000,1.000000
0.000000,0.000000,79.000000,1.000000,0.000000,0.000000,1.000000,0.000000,0.000000,0.000000,8.955514,1.000000,1.000000,1.000000,1.000000,0.000000,0.000000,0.059976,0.936109,0.940658,706.816347,1.014181,0.676121,1.000000,0.953537,773.466531,0.000000,False,False,False,0.998035,1.000000,0.996071,356,40,1.000000,1.000000
0.000000,0.000000,79.000000,1.000000,0.000000,0.000000,1.000000,0.000000,0.000000,0.000000,8.956394,1.000000,1.000000,1.000000,1.000000,0.000000,0.000000,0.074968,0.922850,0.927390,705.883347,1.008933,0.672622,1.000000,0.932999,772.667709,0.000000,False,False,False,0.998528,1.000000,0.997055,357,40,1.000000,1.000000
0.000000,0.000000,79.000000,1.000000,0.000000,0.000000,1.000000,0.000000,0.000000,0.000000,8.882441,1.000000,1.000000,1.000000,1.000000,0.000000,0.000000,0.063016,0.934041,0.939740,704.935023,1.011569,0.674379,1.000000,0.948324,771.869258,0.000000,False,False,False,0.998064,1.000000,0.996127,358,40,1.000000,1.000000
0.000000,0.000000,79.000000,1.000000,0.000000,0.000000,1.000000,0.000000,0.000000,0.000000,8.977622,1.000000,1.000000,1.000000,1.000000,0.000000,0.000000,0.064387,0.935510,0.937414,703.986433,1.012515,0.675010,1.000000,0.948590,771.071136,0.000000,False,False,False,0.997653,1.000000,0.995306,359,40,1.000000,1.000000
0.000000,0.000000,79.000000,1.000000,0.000000,0.000000,1.000000,0.000000,0.000000,0.000000,8.848707,1.000000,1.000000,1.000000,1.000000,0.000000,0.000000,0.050293,0.948355,0.948086,703.023281,1.012951,0.675300,1.000000,0.963152,770.273504,0.000000,False,False,False,0.997040,1.000000,0.994081,360,40,1.000000,1.000000
0.000000,0.000000,79.000000,1.000000,0.000000,0.000000,1.000000,0.000000,0.000000,0.000000,8.829172,1.000000,1.000000,1.000000,1.000000,0.000000,0.000000,0.043162,0.956112,0.955710,702.052675,1.013424,0.675616,1.000000,0.970606,769.476595,0.000000,False,False,False,0.996136,1.000000,0.992272,361,40,1.000000,1.000000
0.000000,0.000000,79.000000,1.000000,0.000000,0.000000,1.000000,0.000000,0.000000,0.000000,8.755565,1.000000,1.000000,1.000000,1.000000,0.000000,0.000000,0.059895,0.938416,0.938066,701.098549,1.013523,0.675682,1.000000,0.954126,768.678572,0.000000,False,False,False,0.997529,1.000000,0.995058,362,40,1.000000,1.000000
0.000000,0.000000,79.000000,1.000000,0.000000,0.000000,1.000000,0.000000,0.000000,0.000000,8.808178,1.000000,1.000000,1.000000,1.000000,0.000000,0.000000,0.066205,0.934036,0.936879,700.151719,1.013065,0.675376,1.000000,0.946830,767.880153,0.000000,False,False,False,0.998024,1.000000,0.996048,363,40,1.000000,1.000000
0.000000,0.000000,79.000000,1.000000,0.000000,0.000000,1.000000,0.000000,0.000000,0.000000,8.703020,1.000000,1.000000,1.000000,1.000000,0.000000,0.000000,0.068202,0.931846,0.935544,699.206541,1.013318,0.675545,1.000000,0.945178,767.085054,0.000000,False,False,False,0.993874,1.000000,0.987747,364,40,1.000000,1.000000
0.000000,0.000000,79.000000,1.000000,0.000000,0.000000,1.000000,0.000000,0.000000,0.000000,8.659185,1.000000,1.000000,1.000000,1.000000,0.000000,0.000000,0.067051,0.931805,0.937154,698.260438,1.013363,0.675575,1.000000,0.946103,766.286814,0.000000,False,False,False,0.997799,1.000000,0.995599,365,40,1.000000,1.000000
0.000000,0.000000,79.000000,1.000000,0.000000,0.000000,1.000000,0.000000,0.000000,0.000000,8.561264,1.000000,1.000000,1.000000,1.000000,0.000000,0.000000,0.050572,0.945641,0.951750,697.297601,1.013166,0.675444,1.000000,0.962837,765.488227,0.000000,False,False,False,0.998234,1.000000,0.996468,366,40,1.000000,1.000000
0.000000,0.000000,79.000000,1.000000,0.000000,0.000000,1.000000,0.000000,0.000000,0.000000,8.614662,1.000000,1.000000,1.000000,1.000000,0.000000,0.000000,0.062287,0.934895,0.941033,696.348424,1.012363,0.674909,1.000000,0.949177,764.690427,0.000000,False,False,False,0.997250,1.000000,0.994501,367,40,1.000000,1.000000
0.000000,0.000000,79.000000,1.000000,0.000000,0.000000,1.000000,0.000000,0.000000,0.000000,8.493199,1.000000,1.000000,1.000000,1.000000,0.000000,0.000000,0.065160,0.931508,0.935781,695.400287,1.012844,0.675230,1.000000,0.948136,763.893567,0.000000,False,False,False,0.996075,1.000000,0.992149,368,40,1.000000,1.000000
0.000000,0.000000,79.000000,1.000000,0.000000,0.000000,1.000000,0.000000,0.000000,0.000000,8.538758,1.000000,1.000000,1.000000,1.000000,0.000000,0.000000,0.067046,0.933461,0.932937,694.458933,1.008609,0.672406,1.000000,0.941355,763.097213,0.000000,False,False,False,0.995443,1.000000,0.990885,369,40,1.000000,1.000000
0.000000,0.000000,79.000000,1.000000,0.000000,0.000000,1.000000,0.000000,0.000000,0.000000,8.400984,1.000000,1.000000,1.000000,1.000000,0.000000,0.000000,0.049518,0.948577,0.951915,693.497372,1.010547,0.673698,1.000000,0.961560,762.304508,0.000000,False,False,False,0.990880,1.000000,0.981761,370,40,1.000000,1.000000
0.000000,0.000000,79.000000,1.000000,0.000000,0.000000,1.000000,0.000000,0.000000,0.000000,8.372811,1.000000,1.000000,1.000000,1.000000,0.000000,0.000000,0.067493,0.930977,0.931372,692.552584,1.011381,0.674254,1.000000,0.944789,761.507638,0.000000,False,False,False,0.996088,1.000000,0.992176,371,40,1.000000,1.000000
0.000000,0.000000,79.000000,1.000000,0.000000,0.000000,1.000000,0.000000,0.000000,0.000000,8.302759,1.000000,1.000000,1.000000,1.000000,0.000000,0.000000,0.099388,0.898566,0.901586,691.641620,1.011023,0.674015,1.000000,0.910964,760.710643,0.000000,False,False,False,0.996244,1.000000,0.992488,372,40,1.000000,1.000000
0.000000,0.000000,79.000000,1.000000,0.000000,0.000000,1.000000,0.000000,0.000000,0.000000,8.369419,1.000000,1.000000,1.000000,1.000000,0.000000,0.000000,0.072062,0.928283,0.929805,690.700747,1.011387,0.674258,1.000000,0.940873,759.912959,0.000000,False,False,False,0.997105,1.000000,0.994210,373,40,1.000000,1.000000
0.000000,0.000000,79.000000,1.000000,0.000000,0.000000,1.000000,0.000000,0.000000,0.000000,8.324525,1.000000,1.000000,1.000000,1.000000,0.000000,0.000000,0.054995,0.945166,0.945732,689.742934,1.011562,0.674375,1.000000,0.957813,759.115390,0.000000,False,False,False,0.996962,1.000000,0.993923,374,40,1.000000,1.000000
0.000000,0.000000,79.000000,1.000000,0.000000,0.000000,1.000000,0.000000,0.000000,0.000000,8.307467,1.000000,1.000000,1.000000,1.000000,0.000000,0.000000,0.056963,0.943108,0.943306,688.787169,1.011547,0.674365,1.000000,0.955765,758.316029,0.000000,False,False,False,0.999200,1.000000,0.998401,375,40,1.000000,1.000000
0.000000,0.000000,79.000000,1.000000,0.000000,0.000000,1.000000,0.000000,0.000000,0.000000,8.250862,1.000000,1.000000,1.000000,1.000000,0.000000,0.000000,0.057183,0.941877,0.943101,687.833839,1.010849,0.673899,1.000000,0.953330,757.518293,0.000000,False,False,False,0.997171,1.000000,0.994341,376,40,1.000000,1.000000
0.000000,0.000000,79.000000,1.000000,0.000000,0.000000,1.000000,0.000000,0.000000,0.000000,8.177907,1.000000,1.000000,1.000000,1.000000,0.000000,0.000000,0.062241,0.936711,0.937171,686.885525,1.010709,0.673806,1.000000,0.948314,756.719178,0.000000,False,False,False,0.998894,1.000000,0.997788,377,40,1.000000,1.000000
0.000000,0.000000,79.000000,1.000000,0.000000,0.000000,1.000000,0.000000,0.000000,0.000000,8.139817,1.000000,1.000000,1.000000,1.000000,0.000000,0.000000,0.062339,0.935536,0.935783,685.941802,1.006444,0.670963,1.000000,0.943723,755.920460,0.000000,False,False,False,0.998398,1.000000,0.996795,378,40,1.000000,1.000000
0.000000,0.000000,79.000000,1.000000,0.000000,0.000000,1.000000,0.000000,0.000000,0.000000,8.173202,1.000000,1.000000,1.000000,1.000000,0.000000,0.000000,0.059812,0.936958,0.940673,684.993290,1.008109,0.672073,1.000000,0.948512,755.121184,0.000000,False,False,False,0.999095,1.000000,0.998190,379,40,1.000000,1.000000
0.000000,0.000000,79.000000,1.000000,0.000000,0.000000,1.000000,0.000000,0.000000,0.000000,8.097050,1.000000,1.000000,1.000000,1.000000,0.000000,0.000000,0.058454,0.939041,0.942916,684.045978,1.007257,0.671505,1.000000,0.947312,754.323070,0.000000,False,False,False,0.997642,1.000000,0.995283,380,40,1.000000,1.000000
0.000000,0.000000,79.000000,1.000000,0.000000,0.000000,1.000000,0.000000,0.000000,0.000000,8.084977,1.000000,1.000000,1.000000,1.000000,0.000000,0.000000,0.047696,0.951264,0.955965,683.084464,1.007784,0.671856,1.000000,0.961513,753.524156,0.000000,False,False,False,0.998643,1.000000,0.997286,381,40,1.000000,1.000000
0.000000,0.000000,79.000000,1.000000,0.000000,0.000000,1.000000,0.000000,0.000000,0.000000,8.076082,1.000000,1.000000,1.000000,1.000000,0.000000,0.000000,0.048301,0.951246,0.951275,682.123723,1.007921,0.671947,1.000000,0.960742,752.724666,0.000000,False,False,False,0.999362,1.000000,0.998724,382,40,1.000000,1.000000
0.000000,0.000000,79.000000,1.000000,0.000000,0.000000,1.000000,0.000000,0.000000,0.000000,8.144576,1.000000,1.000000,1.000000,1.000000,0.000000,0.000000,0.046292,0.953226,0.952081,681.160831,1.007909,0.671940,1.000000,0.962892,751.925170,0.000000,False,False,False,0.999371,1.000000,0.998742,383,40,1.000000,1.000000
0.000000,0.000000,79.000000,1.000000,0.000000,0.000000,1.000000,0.000000,0.000000,0.000000,8.178703,1.000000,1.000000,1.000000,1.000000,0.000000,0.000000,0.061136,0.937781,0.941910,680.214420,1.008008,0.672006,1.000000,0.946411,751.127025,0.000000,False,False,False,0.997681,1.000000,0.995362,384,40,1.000000,1.000000
0.000000,0.000000,79.000000,1.000000,0.000000,0.000000,1.000000,0.000000,0.000000,0.000000,8.272443,1.000000,1.000000,1.000000,1.000000,0.000000,0.000000,0.066715,0.931649,0.933442,679.271092,1.008266,0.672178,1.000000,0.943328,750.327658,0.000000,False,False,False,0.999209,1.000000,0.998417,385,40,1.000000,1.000000
0.000000,0.000000,79.000000,1.000000,0.000000,0.000000,1.000000,0.000000,0.000000,0.000000,8.183079,1.000000,1.000000,1.000000,1.000000,0.000000,0.000000,0.067884,0.930004,0.931964,678.330199,1.008589,0.672392,1.000000,0.940892,749.528057,0.000000,False,False,False,0.999501,1.000000,0.999001,386,40,1.000000,1.000000
0.000000,0.000000,79.000000,1.000000,0.000000,0.000000,1.000000,0.000000,0.000000,0.000000,8.180834,1.000000,1.000000,1.000000,1.000000,0.000000,0.000000,0.061980,0.936929,0.938400,677.387050,1.005420,0.670280,1.000000,0.943149,748.728829,0.000000,False,False,False,0.999036,1.000000,0.998072,387,40,1.000000,1.000000
0.000000,0.000000,79.000000,1.000000,0.000000,0.000000,1.000000,0.000000,0.000000,0.000000,8.103184,1.000000,1.000000,1.000000,1.000000,0.000000,0.000000,0.067915,0.930421,0.931655,676.445907,1.007298,0.671532,1.000000,0.941143,747.931777,0.000000,False,False,False,0.996315,1.000000,0.992629,388,40,1.000000,1.000000
0.000000,0.000000,79.000000,1.000000,0.000000,0.000000,1.000000,0.000000,0.000000,0.000000,8.185766,1.000000,1.000000,1.000000,1.000000,0.000000,0.000000,0.058816,0.938060,0.939588,675.497205,1.006551,0.671034,1.000000,0.948702,747.133631,0.000000,False,False,False,0.997682,1.000000,0.995364,389,40,1.000000,1.000000
0.000000,0.000000,79.000000,1.000000,0.000000,0.000000,1.000000,0.000000,0.000000,0.000000,8.251992,1.000000,1.000000,1.000000,1.000000,0.000000,0.000000,0.043979,0.956700,0.956982,674.531816,1.008114,0.672076,1.000000,0.965389,746.334193,0.000000,False,False,False,0.999297,1.000000,0.998595,390,40,1.000000,1.000000
0.000000,0.000000,79.000000,1.000000,0.000000,0.000000,1.000000,0.000000,0.000000,0.000000,8.335040,1.000000,1.000000,1.000000,1.000000,0.000000,0.000000,0.040974,0.957614,0.957296,673.563047,1.008807,0.672538,1.000000,0.968768,745.535893,0.000000,False,False,False,0.997875,1.000000,0.995750,391,40,1.000000,1.000000
0.000000,0.000000,79.000000,1.000000,0.000000,0.000000,1.000000,0.000000,0.000000,0.000000,8.432672,1.000000,1.000000,1.000000,1.000000,0.000000,0.000000,0.048713,0.949764,0.953533,672.602486,1.009008,0.672672,1.000000,0.960561,744.736623,0.000000,False,False,False,0.999087,1.000000,0.998175,392,40,1.000000,1.000000
0.000000,0.000000,79.000000,1.000000,0.000000,0.000000,1.000000,0.000000,0.000000,0.000000,8.373288,1.000000,1.000000,1.000000,1.000000,0.000000,0.000000,0.064928,0.935969,0.936885,671.657781,1.009083,0.672722,1.000000,0.944706,743.937214,0.000000,False,False,False,0.999262,1.000000,0.998525,393,40,1.000000,1.000000
0.000000,0.000000,79.000000,1.000000,0.000000,0.000000,1.000000,0.000000,0.000000,0.000000,8.361983,1.000000,1.000000,1.000000,1.000000,0.000000,0.000000,0.045832,0.950906,0.955123,670.697431,1.009015,0.672676,1.000000,0.960350,743.138656,0.000000,False,False,False,0.998197,1.000000,0.996394,394,40,1.000000,1.000000
0.000000,0.000000,79.000000,1.000000,0.000000,0.000000,1.000000,0.000000,0.000000,0.000000,8.406464,1.000000,1.000000,1.000000,1.000000,0.000000,0.000000,0.050439,0.946441,0.947299,669.738286,1.008932,0.672621,1.000000,0.959144,742.341851,0.000000,False,False,False,0.996006,1.000000,0.992012,395,40,1.000000,1.000000
0.000000,0.000000,79.000000,1.000000,0.000000,0.000000,1.000000,0.000000,0.000000,0.000000,8.470938,1.000000,1.000000,1.000000,1.000000,0.000000,0.000000,0.057068,0.943538,0.944143,668.790406,1.005269,0.670179,1.000000,0.947880,741.543181,0.000000,False,False,False,0.998338,1.000000,0.996675,396,40,1.000000,1.000000
0.000000,0.000000,79.000000,1.000000,0.000000,0.000000,1.000000,0.000000,0.000000,0.000000,8.605550,1.000000,1.000000,1.000000,1.000000,0.000000,0.000000,0.058423,0.942574,0.943586,667.840004,1.006666,0.671111,1.000000,0.950403,740.744395,0.000000,False,False,False,0.998483,1.000000,0.996967,397,40,1.000000,1.000000
0.000000,0.000000,79.000000,1.000000,0.000000,0.000000,1.000000,0.000000,0.000000,0.000000,8.628099,1.000000,1.000000,1.000000,1.000000,0.000000,0.000000,0.056614,0.942051,0.940661,666.888296,1.007175,0.671450,1.000000,0.951708,739.947008,0.000000,False,False,False,0.996733,1.000000,0.993466,398,40,1.000000,1.000000
0.000000,0.000000,79.000000,1.000000,0.000000,0.000000,1.000000,0.000000,0.000000,0.000000,8.621959,1.000000,1.000000,1.000000,1.000000,0.000000,0.000000,0.061169,0.936578,0.935381,665.940903,1.007351,0.671568,1.000000,0.947393,739.147878,0.000000,False,False,False,0.998913,1.000000,0.997826,399,40,1.000000,1.000000
0.000000,0.000000,79.000000,1.000000,0.000000,0.000000,1.000000,0.000000,0.000000,0.000000,8.590150,1.000000,1.000000,1.000000,1.000000,0.000000,0.000000,0.057035,0.942760,0.943607,664.988792,1.007335,0.671557,1.000000,0.952112,738.349487,0.000000,False,False,False,0.997988,1.000000,0.995976,400,40,1.000000,1.000000
0.000000,0.000000,79.000000,1.000000,0.000000,0.000000,1.000000,0.000000,0.000000,0.000000,8.616356,1.000000,1.000000,1.000000,1.000000,0.000000,0.000000,0.067567,0.930448,0.933524,664.046914,1.007234,0.671489,1.000000,0.941878,737.552232,0.000000,False,False,False,0.996569,1.000000,0.993138,401,40,1.000000,1.000000
0.000000,0.000000,79.000000,1.000000,0.000000,0.000000,1.000000,0.000000,0.000000,0.000000,8.691492,1.000000,1.000000,1.000000,1.000000,0.000000,0.000000,0.070492,0.928277,0.931634,663.108395,1.007214,0.671476,1.000000,0.938519,736.753074,0.000000,False,False,False,0.998947,1.000000,0.997895,402,40,1.000000,1.000000
0.000000,0.000000,79.000000,1.000000,0.000000,0.000000,1.000000,0.000000,0.000000,0.000000,8.560373,1.000000,1.000000,1.000000,1.000000,0.000000,0.000000,0.048229,0.950079,0.947105,662.149159,1.007112,0.671408,1.000000,0.959236,735.954365,0.000000,False,False,False,0.998386,1.000000,0.996771,403,40,1.000000,1.000000
0.000000,0.000000,79.000000,1.000000,0.000000,0.000000,1.000000,0.000000,0.000000,0.000000,8.567353,1.000000,1.000000,1.000000,1.000000,0.000000,0.000000,0.062616,0.937955,0.935832,661.204206,1.007001,0.671334,1.000000,0.944953,735.156456,0.000000,False,False,False,0.997387,1.000000,0.994773,404,40,1.000000,1.000000
0.000000,0.000000,79.000000,1.000000,0.000000,0.000000,1.000000,0.000000,0.000000,0.000000,8.645754,1.000000,1.000000,1.000000,1.000000,0.000000,0.000000,0.064684,0.934405,0.934819,660.265709,1.003443,0.668962,1.000000,0.938497,734.358246,0.000000,False,False,False,0.997763,1.000000,0.995525,405,40,1.000000,1.000000
0.000000,0.000000,79.000000,1.000000,0.000000,0.000000,1.000000,0.000000,0.000000,0.000000,8.774929,1.000000,1.000000,1.000000,1.000000,0.000000,0.000000,0.059966,0.937764,0.941635,659.318442,1.005130,0.670087,1.000000,0.947267,733.559479,0.000000,False,False,False,0.998459,1.000000,0.996917,406,40,1.000000,1.000000
0.000000,0.000000,79.000000,1.000000,0.000000,0.000000,1.000000,0.000000,0.000000,0.000000,8.892326,1.000000,1.000000,1.000000,1.000000,0.000000,0.000000,0.058533,0.940241,0.943118,658.369309,1.005886,0.670591,1.000000,0.949133,732.761354,0.000000,False,False,False,0.997657,1.000000,0.995314,407,40,1.000000,1.000000
0.000000,0.000000,79.000000,1.000000,0.000000,0.000000,1.000000,0.000000,0.000000,0.000000,8.998647,1.000000,1.000000,1.000000,1.000000,0.000000,0.000000,0.050125,0.947367,0.953492,657.411717,1.006310,0.670873,1.000000,0.957593,731.963903,0.000000,False,False,False,0.996814,1.000000,0.993627,408,40,1.000000,1.000000
0.000000,0.000000,79.000000,1.000000,0.000000,0.000000,1.000000,0.000000,0.000000,0.000000,9.081684,1.000000,1.000000,1.000000,1.000000,0.000000,0.000000,0.055118,0.942195,0.944990,656.458607,1.006464,0.670976,1.000000,0.953110,731.166764,0.000000,False,False,False,0.996423,1.000000,0.992847,409,40,1.000000,1.000000
0.000000,0.000000,79.000000,1.000000,0.000000,0.000000,1.000000,0.000000,0.000000,0.000000,9.156632,1.000000,1.000000,1.000000,1.000000,0.000000,0.000000,0.055138,0.945172,0.942720,655.505771,1.006454,0.670969,1.000000,0.952836,730.370100,0.000000,False,False,False,0.995831,1.000000,0.991661,410,40,1.000000,1.000000
0.000000,0.000000,79.000000,1.000000,0.000000,0.000000,1.000000,0.000000,0.000000,0.000000,9.173547,1.000000,1.000000,1.000000,1.000000,0.000000,0.000000,0.059399,0.936653,0.938955,654.557970,1.006421,0.670948,1.000000,0.947801,729.572044,0.000000,False,False,False,0.997569,1.000000,0.995138,411,40,1.000000,1.000000
0.000000,0.000000,79.000000,1.000000,0.000000,0.000000,1.000000,0.000000,0.000000,0.000000,9.188077,1.000000,1.000000,1.000000,1.000000,0.000000,0.000000,0.063151,0.934542,0.940050,653.613532,1.006271,0.670848,1.000000,0.944438,728.774971,0.000000,False,False,False,0.996342,1.000000,0.992683,412,40,1.000000,1.000000
0.000000,0.000000,79.000000,1.000000,0.000000,0.000000,1.000000,0.000000,0.000000,0.000000,9.135081,1.000000,1.000000,1.000000,1.000000,0.000000,0.000000,0.053355,0.944986,0.944954,652.659738,1.006171,0.670781,1.000000,0.953794,727.979649,0.000000,False,False,False,0.994153,1.000000,0.988307,413,40,1.000000,1.000000
0.000000,0.000000,79.000000,1.000000,0.000000,0.000000,1.000000,0.000000,0.000000,0.000000,9.073136,1.000000,1.000000,1.000000,1.000000,0.000000,0.000000,0.058577,0.940245,0.941070,651.715669,1.002191,0.668128,1.000000,0.944069,727.184410,0.000000,False,False,False,0.994048,1.000000,0.988096,414,40,1.000000,1.000000
0.000000,0.000000,79.000000,1.000000,0.000000,0.000000,1.000000,0.000000,0.000000,0.000000,9.083555,1.000000,1.000000,1.000000,1.000000,0.000000,0.000000,0.068121,0.932209,0.931708,650.777554,1.004031,0.669354,1.000000,0.938115,726.387540,0.000000,False,False,False,0.996088,1.000000,0.992175,415,40,1.000000,1.000000
0.000000,0.000000,79.000000,1.000000,0.000000,0.000000,1.000000,0.000000,0.000000,0.000000,9.052648,1.000000,1.000000,1.000000,1.000000,0.000000,0.000000,0.084463,0.913408,0.914179,649.853981,1.004861,0.669907,1.000000,0.923573,725.592865,0.000000,False,False,False,0.993344,1.000000,0.986688,416,40,1.000000,1.000000
0.000000,0.000000,79.000000,1.000000,0.000000,0.000000,1.000000,0.000000,0.000000,0.000000,9.032743,1.000000,1.000000,1.000000,1.000000,0.000000,0.000000,0.067994,0.931048,0.929018,648.914569,1.004873,0.669916,1.000000,0.939412,724.797229,0.000000,False,False,False,0.994545,1.000000,0.989090,417,40,1.000000,1.000000
0.000000,0.000000,79.000000,1.000000,0.000000,0.000000,1.000000,0.000000,0.000000,0.000000,8.991028,1.000000,1.000000,1.000000,1.000000,0.000000,0.000000,0.067326,0.929194,0.934753,647.977282,1.003913,0.669275,1.000000,0.937287,724.012648,0.000000,False,False,False,0.980727,1.000000,0.961454,418,40,1.000000,1.000000
0.000000,0.000000,79.000000,1.000000,0.000000,0.000000,1.000000,0.000000,0.000000,0.000000,9.010902,1.000000,1.000000,1.000000,1.000000,0.000000,0.000000,0.090909,0.906158,0.907003,647.062702,1.003210,0.668807,1.000000,0.914579,723.218730,0.000000,False,False,False,0.992398,1.000000,0.984795,419,40,1.000000,1.000000
0.000000,0.000000,79.000000,1.000000,0.000000,0.000000,1.000000,0.000000,0.000000,0.000000,8.999217,1.000000,1.000000,1.000000,1.000000,0.000000,0.000000,0.078113,0.920532,0.923448,646.137275,1.002599,0.668400,1.000000,0.925427,722.422491,0.000000,False,False,False,0.995299,1.000000,0.990597,420,40,1.000000,1.000000
0.000000,0.000000,79.000000,1.000000,0.000000,0.000000,1.000000,0.000000,0.000000,0.000000,8.987273,1.000000,1.000000,1.000000,1.000000,0.000000,0.000000,0.067442,0.932073,0.933345,645.200838,1.002324,0.668216,1.000000,0.936437,721.629700,0.000000,False,False,False,0.990988,1.000000,0.981977,421,40,1.000000,1.000000
0.000000,0.000000,79.000000,1.000000,0.000000,0.000000,1.000000,0.000000,0.000000,0.000000,8.849039,1.000000,1.000000,1.000000,1.000000,0.000000,0.000000,0.069174,0.928863,0.927977,644.266317,1.002159,0.668106,1.000000,0.934521,720.835775,0.000000,False,False,False,0.992407,1.000000,0.984814,422,40,1.000000,1.000000
0.000000,0.000000,79.000000,1.000000,0.000000,0.000000,1.000000,0.000000,0.000000,0.000000,8.998379,1.000000,1.000000,1.000000,1.000000,0.000000,0.000000,0.060676,0.935913,0.939858,643.328281,0.998455,0.665636,1.000000,0.938035,720.057592,0.000000,False,False,False,0.972728,1.000000,0.945457,423,40,1.000000,1.000000
0.000000,0.000000,79.000000,1.000000,0.000000,0.000000,1.000000,0.000000,0.000000,0.000000,8.996208,1.000000,1.000000,1.000000,1.000000,0.000000,0.000000,0.050165,0.948408,0.951972,642.376923,0.999993,0.666662,1.000000,0.951358,719.275144,0.000000,False,False,False,0.978059,1.000000,0.956119,424,40,1.000000,1.000000
0.000000,0.000000,79.000000,1.000000,0.000000,0.000000,1.000000,0.000000,0.000000,0.000000,8.939908,1.000000,1.000000,1.000000,1.000000,0.000000,0.000000,0.053013,0.944750,0.947799,641.427415,1.000978,0.667319,1.000000,0.949509,718.479438,0.000000,False,False,False,0.994633,1.000000,0.989265,425,40,1.000000,1.000000
0.000000,0.000000,79.000000,1.000000,0.000000,0.000000,1.000000,0.000000,0.000000,0.000000,8.977274,1.000000,1.000000,1.000000,1.000000,0.000000,0.000000,0.052442,0.944696,0.947450,640.478578,1.001457,0.667638,1.000000,0.948837,717.682744,0.000000,False,False,False,0.995869,1.000000,0.991737,426,40,1.000000,1.000000
0.000000,0.000000,79.000000,1.000000,0.000000,0.000000,1.000000,0.000000,0.000000,0.000000,8.957262,1.000000,1.000000,1.000000,1.000000,0.000000,0.000000,0.084056,0.912173,0.911901,639.559196,1.001632,0.667755,1.000000,0.919381,716.887366,0.000000,False,False,False,0.994221,1.000000,0.988443,427,40,1.000000,1.000000
0.000000,0.000000,79.000000,1.000000,0.000000,0.000000,1.000000,0.000000,0.000000,0.000000,9.034298,1.000000,1.000000,1.000000,1.000000,0.000000,0.000000,0.068814,0.928491,0.934680,638.623793,1.001892,0.667928,1.000000,0.935403,716.096885,0.000000,False,False,False,0.988102,1.000000,0.976204,428,40,1.000000,1.000000
0.000000,0.000000,79.000000,1.000000,0.000000,0.000000,1.000000,0.000000,0.000000,0.000000,9.037987,1.000000,1.000000,1.000000,1.000000,0.000000,0.000000,0.054569,0.943236,0.950408,637.673807,1.002352,0.668235,1.000000,0.949987,715.307354,0.000000,False,False,False,0.986913,1.000000,0.973827,429,40,1.000000,1.000000
0.000000,0.000000,79.000000,1.000000,0.000000,0.000000,1.000000,0.000000,0.000000,0.000000,9.118235,1.000000,1.000000,1.000000,1.000000,0.000000,0.000000,0.066855,0.931971,0.935488,636.735421,1.002896,0.668597,1.000000,0.938386,714.522652,0.000000,False,False,False,0.980877,1.000000,0.961754,430,40,1.000000,1.000000
0.000000,0.000000,79.000000,1.000000,0.000000,0.000000,1.000000,0.000000,0.000000,0.000000,9.101491,1.000000,1.000000,1.000000,1.000000,0.000000,0.000000,0.063240,0.934678,0.935945,635.797995,1.000150,0.666767,1.000000,0.937425,713.730868,0.000000,False,False,False,0.989731,1.000000,0.979462,431,40,1.000000,1.000000
0.000000,0.000000,79.000000,1.000000,0.000000,0.000000,1.000000,0.000000,0.000000,0.000000,9.055513,1.000000,1.000000,1.000000,1.000000,0.000000,0.000000,0.052304,0.947111,0.946352,634.845769,1.002298,0.668198,1.000000,0.952226,712.936938,0.000000,False,False,False,0.992411,1.000000,0.984823,432,40,1.000000,1.000000
0.000000,0.000000,79.000000,1.000000,0.000000,0.000000,1.000000,0.000000,0.000000,0.000000,9.099419,1.000000,1.000000,1.000000,1.000000,0.000000,0.000000,0.056723,0.941987,0.942393,633.896628,1.003620,0.669080,1.000000,0.949141,712.142068,0.000000,False,False,False,0.993588,1.000000,0.987177,433,40,1.000000,1.000000
0.000000,0.000000,79.000000,1.000000,0.000000,0.000000,1.000000,0.000000,0.000000,0.000000,9.045201,1.000000,1.000000,1.000000,1.000000,0.000000,0.000000,0.048942,0.949506,0.950604,632.939873,1.004568,0.669712,1.000000,0.956755,711.346218,0.000000,False,False,False,0.994812,1.000000,0.989625,434,40,1.000000,1.000000
0.000000,0.000000,79.000000,1.000000,0.000000,0.000000,1.000000,0.000000,0.000000,0.000000,9.081520,1.000000,1.000000,1.000000,1.000000,0.000000,0.000000,0.049423,0.948435,0.948800,631.982402,1.004949,0.669966,1.000000,0.957472,710.549106,0.000000,False,False,False,0.996389,1.000000,0.992779,435,40,1.000000,1.000000
0.000000,0.000000,79.000000,1.000000,0.000000,0.000000,1.000000,0.000000,0.000000,0.000000,9.100714,1.000000,1.000000,1.000000,1.000000,0.000000,0.000000,0.080951,0.916428,0.921229,631.055274,1.005226,0.670151,1.000000,0.927128,709.752854,0.000000,False,False,False,0.995316,1.000000,0.990632,436,40,1.000000,1.000000
0.000000,0.000000,79.000000,1.000000,0.000000,0.000000,1.000000,0.000000,0.000000,0.000000,9.139446,1.000000,1.000000,1.000000,1.000000,0.000000,0.000000,0.067429,0.933601,0.939408,630.114678,1.005357,0.670238,1.000000,0.940596,708.957597,0.000000,False,False,False,0.994070,1.000000,0.988141,437,40,1.000000,1.000000
0.000000,0.000000,79.000000,1.000000,0.000000,0.000000,1.000000,0.000000,0.000000,0.000000,9.144981,1.000000,1.000000,1.000000,1.000000,0.000000,0.000000,0.052696,0.945424,0.948606,629.159484,1.005462,0.670308,1.000000,0.955194,708.162400,0.000000,False,False,False,0.993996,1.000000,0.987993,438,40,1.000000,1.000000
0.000000,0.000000,79.000000,1.000000,0.000000,0.000000,1.000000,0.000000,0.000000,0.000000,9.104874,1.000000,1.000000,1.000000,1.000000,0.000000,0.000000,0.062491,0.935523,0.935615,628.213576,1.005612,0.670408,1.000000,0.945909,707.365035,0.000000,False,False,False,0.996706,1.000000,0.993412,439,40,1.000000,1.000000
0.000000,0.000000,79.000000,1.000000,0.000000,0.000000,1.000000,0.000000,0.000000,0.000000,9.254452,1.000000,1.000000,1.000000,1.000000,0.000000,0.000000,0.086885,0.913982,0.910507,627.297573,1.000687,0.667125,1.000000,0.916003,706.569818,0.000000,False,False,False,0.994022,1.000000,0.988043,440,40,1.000000,1.000000
0.000000,0.000000,79.000000,1.000000,0.000000,0.000000,1.000000,0.000000,0.000000,0.000000,9.130146,1.000000,1.000000,1.000000,1.000000,0.000000,0.000000,0.068637,0.930642,0.928389,626.359958,1.003084,0.668723,1.000000,0.937615,705.786967,0.000000,False,False,False,0.978564,1.000000,0.957128,441,40,1.000000,1.000000
0.000000,0.000000,79.000000,1.000000,0.000000,0.000000,1.000000,0.000000,0.000000,0.000000,9.119091,1.000000,1.000000,1.000000,1.000000,0.000000,0.000000,0.064586,0.933162,0.933177,625.417382,1.004361,0.669574,1.000000,0.942575,704.991015,0.000000,False,False,False,0.994939,1.000000,0.989879,442,40,1.000000,1.000000
0.000000,0.000000,79.000000,1.000000,0.000000,0.000000,1.000000,0.000000,0.000000,0.000000,9.279842,1.000000,1.000000,1.000000,1.000000,0.000000,0.000000,0.075575,0.926179,0.928783,624.485201,1.004999,0.670000,1.000000,0.932181,704.192859,0.000000,False,False,False,0.997695,1.000000,0.995389,443,40,1.000000,1.000000
0.000000,0.000000,79.000000,1.000000,0.000000,0.000000,1.000000,0.000000,0.000000,0.000000,9.305495,1.000000,1.000000,1.000000,1.000000,0.000000,0.000000,0.048789,0.948928,0.954013,623.526686,1.005214,0.670142,1.000000,0.958515,703.398487,0.000000,False,False,False,0.992965,1.000000,0.985930,444,40,1.000000,1.000000
0.000000,0.000000,79.000000,1.000000,0.000000,0.000000,1.000000,0.000000,0.000000,0.000000,9.438954,1.000000,1.000000,1.000000,1.000000,0.000000,0.000000,0.058291,0.941607,0.942683,622.577196,1.005205,0.670136,1.000000,0.949489,702.605855,0.000000,False,False,False,0.990790,1.000000,0.981580,445,40,1.000000,1.000000
0.000000,0.000000,79.000000,1.000000,0.000000,0.000000,1.000000,0.000000,0.000000,0.000000,9.447079,1.000000,1.000000,1.000000,1.000000,0.000000,0.000000,0.069850,0.929635,0.928752,621.640995,1.005095,0.670064,1.000000,0.936202,701.813854,0.000000,False,False,False,0.990001,1.000000,0.980003,446,40,1.000000,1.000000
0.000000,0.000000,79.000000,1.000000,0.000000,0.000000,1.000000,0.000000,0.000000,0.000000,9.388862,1.000000,1.000000,1.000000,1.000000,0.000000,0.000000,0.048480,0.951045,0.952216,620.682376,1.005193,0.670129,1.000000,0.958619,701.030129,0.000000,False,False,False,0.979657,1.000000,0.959314,447,40,1.000000,1.000000
0.000000,0.000000,79.000000,1.000000,0.000000,0.000000,1.000000,0.000000,0.000000,0.000000,9.388397,1.000000,1.000000,1.000000,1.000000,0.000000,0.000000,0.048065,0.949104,0.952939,619.722565,1.006455,0.670970,1.000000,0.959811,700.232014,0.000000,False,False,False,0.997643,1.000000,0.995286,448,40,1.000000,1.000000
0.000000,0.000000,79.000000,1.000000,0.000000,0.000000,1.000000,0.000000,0.000000,0.000000,9.522791,1.000000,1.000000,1.000000,1.000000,0.000000,0.000000,0.066152,0.932928,0.934828,618.784444,1.003785,0.669190,1.000000,0.938121,699.436745,0.000000,False,False,False,0.994087,1.000000,0.988173,449,40,1.000000,1.000000
0.000000,0.000000,79.000000,1.000000,0.000000,0.000000,1.000000,0.000000,0.000000,0.000000,9.516876,1.000000,1.000000,1.000000,1.000000,0.000000,0.000000,0.062213,0.935202,0.938282,617.837339,1.006530,0.671020,1.000000,0.947105,698.640572,0.000000,False,False,False,0.995217,1.000000,0.990433,450,40,1.000000,1.000000
0.000000,0.000000,79.000000,1.000000,0.000000,0.000000,1.000000,0.000000,0.000000,0.000000,9.577029,1.000000,1.000000,1.000000,1.000000,0.000000,0.000000,0.054423,0.946739,0.946125,616.881087,1.008046,0.672031,1.000000,0.956253,697.847310,0.000000,False,False,False,0.991578,1.000000,0.983155,451,40,1.000000,1.000000
0.000000,0.000000,79.000000,1.000000,0.000000,0.000000,1.000000,0.000000,0.000000,0.000000,9.521633,1.000000,1.000000,1.000000,1.000000,0.000000,0.000000,0.044889,0.953415,0.953651,615.914764,1.008957,0.672638,1.000000,0.966323,697.052397,0.000000,False,False,False,0.993641,1.000000,0.987283,452,40,1.000000,1.000000
0.000000,0.000000,79.000000,1.000000,0.000000,0.000000,1.000000,0.000000,0.000000,0.000000,9.527289,1.000000,1.000000,1.000000,1.000000,0.000000,0.000000,0.061707,0.939230,0.939032,614.964773,1.009485,0.672990,1.000000,0.949990,696.257066,0.000000,False,False,False,0.994164,1.000000,0.988327,453,40,1.000000,1.000000
0.000000,0.000000,79.000000,1.000000,0.000000,0.000000,1.000000,0.000000,0.000000,0.000000,9.505032,1.000000,1.000000,1.000000,1.000000,0.000000,0.000000,0.084492,0.913056,0.914125,614.049698,1.000187,0.666791,1.000000,0.915076,695.460056,0.000000,False,False,False,0.996261,1.000000,0.992523,454,40,1.000000,1.000000
0.000000,0.000000,79.000000,1.000000,0.000000,0.000000,1.000000,0.000000,0.000000,0.000000,9.510531,1.000000,1.000000,1.000000,1.000000,0.000000,0.000000,0.060529,0.937790,0.939380,613.100868,1.006891,0.671261,1.000000,0.948830,694.664446,0.000000,False,False,False,0.994514,1.000000,0.989027,455,40,1.000000,1.000000
0.000000,0.000000,79.000000,1.000000,0.000000,0.000000,1.000000,0.000000,0.000000,0.000000,9.482181,1.000000,1.000000,1.000000,1.000000,0.000000,0.000000,0.068900,0.930421,0.931991,612.158155,1.008312,0.672208,1.000000,0.942713,693.885355,0.000000,False,False,False,0.973863,1.000000,0.947726,456,40,1.000000,1.000000
0.000000,0.000000,79.000000,1.000000,0.000000,0.000000,1.000000,0.000000,0.000000,0.000000,9.552799,1.000000,1.000000,1.000000,1.000000,0.000000,0.000000,0.076520,0.921439,0.926760,611.223128,1.008769,0.672513,1.000000,0.935027,693.092441,0.000000,False,False,False,0.991143,1.000000,0.982285,457,40,1.000000,1.000000
0.000000,0.000000,79.000000,1.000000,0.000000,0.000000,1.000000,0.000000,0.000000,0.000000,9.555300,1.000000,1.000000,1.000000,1.000000,0.000000,0.000000,0.077556,0.919980,0.918788,610.296089,1.004336,0.669557,1.000000,0.927040,692.296993,0.000000,False,False,False,0.994310,1.000000,0.988619,458,40,1.000000,1.000000
0.000000,0.000000,79.000000,1.000000,0.000000,0.000000,1.000000,0.000000,0.000000,0.000000,9.553450,1.000000,1.000000,1.000000,1.000000,0.000000,0.000000,0.040666,0.956163,0.958345,609.329320,1.006437,0.670958,1.000000,0.966769,691.500592,0.000000,False,False,False,0.995502,1.000000,0.991004,459,40,1.000000,1.000000
0.000000,0.000000,79.000000,1.000000,0.000000,0.000000,1.000000,0.000000,0.000000,0.000000,9.488904,1.000000,1.000000,1.000000,1.000000,0.000000,0.000000,0.058678,0.940640,0.940937,608.378333,1.007855,0.671903,1.000000,0.950987,690.704089,0.000000,False,False,False,0.995628,1.000000,0.991256,460,40,1.000000,1.000000
0.000000,0.000000,79.000000,1.000000,0.000000,0.000000,1.000000,0.000000,0.000000,0.000000,9.511721,1.000000,1.000000,1.000000,1.000000,0.000000,0.000000,0.067670,0.930205,0.935289,607.434223,1.008781,0.672521,1.000000,0.944110,689.908276,0.000000,False,False,False,0.994767,1.000000,0.989534,461,40,1.000000,1.000000
0.000000,0.000000,79.000000,1.000000,0.000000,0.000000,1.000000,0.000000,0.000000,0.000000,9.533226,1.000000,1.000000,1.000000,1.000000,0.000000,0.000000,0.066848,0.933230,0.935276,606.499279,1.000595,0.667063,1.000000,0.934944,689.115126,0.000000,False,False,False,0.991437,1.000000,0.982874,462,40,1.000000,1.000000
0.000000,0.000000,79.000000,1.000000,0.000000,0.000000,1.000000,0.000000,0.000000,0.000000,9.564158,1.000000,1.000000,1.000000,1.000000,0.000000,0.000000,0.036807,0.960836,0.965890,605.527262,1.008187,0.672125,1.000000,0.972017,688.326789,0.000000,False,False,False,0.985421,1.000000,0.970841,463,40,1.000000,1.000000
0.000000,0.000000,79.000000,1.000000,0.000000,0.000000,1.000000,0.000000,0.000000,0.000000,9.578283,1.000000,1.000000,1.000000,1.000000,0.000000,0.000000,0.046512,0.951741,0.956467,604.562518,1.009872,0.673248,1.000000,0.964744,687.528339,0.000000,False,False,False,0.998063,1.000000,0.996125,464,40,1.000000,1.000000
0.000000,0.000000,79.000000,1.000000,0.000000,0.000000,1.000000,0.000000,0.000000,0.000000,9.579052,1.000000,1.000000,1.000000,1.000000,0.000000,0.000000,0.058912,0.939781,0.942342,603.609338,1.010929,0.673953,1.000000,0.953181,686.730192,0.000000,False,False,False,0.997685,1.000000,0.995369,465,40,1.000000,1.000000
0.000000,0.000000,79.000000,1.000000,0.000000,0.000000,1.000000,0.000000,0.000000,0.000000,9.578119,1.000000,1.000000,1.000000,1.000000,0.000000,0.000000,0.079020,0.918782,0.926636,602.673729,1.011644,0.674430,1.000000,0.935609,685.932139,0.000000,False,False,False,0.997566,1.000000,0.995133,466,40,1.000000,1.000000
0.000000,0.000000,79.000000,1.000000,0.000000,0.000000,1.000000,0.000000,0.000000,0.000000,9.621396,1.000000,1.000000,1.000000,1.000000,0.000000,0.000000,0.065632,0.931778,0.939123,601.730437,1.007845,0.671897,1.000000,0.943292,685.150469,0.000000,False,False,False,0.977087,1.000000,0.954174,467,40,1.000000,1.000000
0.000000,0.000000,79.000000,1.000000,0.000000,0.000000,1.000000,0.000000,0.000000,0.000000,9.547795,1.000000,1.000000,1.000000,1.000000,0.000000,0.000000,0.054496,0.942884,0.945616,600.772165,1.010283,0.673522,1.000000,0.958272,684.352082,0.000000,False,False,False,0.997984,1.000000,0.995967,468,40,1.000000,1.000000
0.000000,0.000000,79.000000,1.000000,0.000000,0.000000,1.000000,0.000000,0.000000,0.000000,9.617086,1.000000,1.000000,1.000000,1.000000,0.000000,0.000000,0.037992,0.960520,0.961318,599.798468,1.011757,0.674505,1.000000,0.973697,683.564969,0.000000,False,False,False,0.983891,1.000000,0.967781,469,40,1.000000,1.000000
0.000000,0.000000,79.000000,1.000000,0.000000,0.000000,1.000000,0.000000,0.000000,0.000000,9.526463,1.000000,1.000000,1.000000,1.000000,0.000000,0.000000,0.039322,0.958902,0.960285,598.824552,1.012746,0.675164,1.000000,0.973916,682.781795,0.000000,False,False,False,0.978968,1.000000,0.957937,470,40,1.000000,1.000000
0.000000,0.000000,79.000000,1.000000,0.000000,0.000000,1.000000,0.000000,0.000000,0.000000,9.585035,1.000000,1.000000,1.000000,1.000000,0.000000,0.000000,0.066620,0.932042,0.935017,597.877172,1.013534,0.675689,1.000000,0.947381,681.998138,0.000000,False,False,False,0.979571,1.000000,0.959142,471,40,1.000000,1.000000
0.000000,0.000000,79.000000,1.000000,0.000000,0.000000,1.000000,0.000000,0.000000,0.000000,9.475771,1.000000,1.000000,1.000000,1.000000,0.000000,0.000000,0.044130,0.954925,0.955993,596.905613,1.013644,0.675763,1.000000,0.971559,681.216727,0.000000,False,False,False,0.976764,1.000000,0.953527,472,40,1.000000,1.000000
0.000000,0.000000,79.000000,1.000000,0.000000,0.000000,1.000000,0.000000,0.000000,0.000000,9.614019,1.000000,1.000000,1.000000,1.000000,0.000000,0.000000,0.040631,0.959010,0.959273,595.938298,1.007339,0.671559,1.000000,0.967315,680.438047,0.000000,False,False,False,0.973349,1.000000,0.946699,473,40,1.000000,1.000000
0.000000,0.000000,79.000000,1.000000,0.000000,0.000000,1.000000,0.000000,0.000000,0.000000,9.568678,1.000000,1.000000,1.000000,1.000000,0.000000,0.000000,0.053682,0.943853,0.947371,594.977066,1.012310,0.674874,1.000000,0.961232,679.667807,0.000000,False,False,False,0.962800,1.000000,0.925600,474,40,1.000000,1.000000
0.000000,0.000000,79.000000,1.000000,0.000000,0.000000,1.000000,0.000000,0.000000,0.000000,9.730359,1.000000,1.000000,1.000000,1.000000,0.000000,0.000000,0.069606,0.928851,0.929115,594.035051,1.010108,0.673406,1.000000,0.942015,678.905741,0.000000,False,False,False,0.952582,1.000000,0.905165,475,40,1.000000,1.000000
0.000000,0.000000,79.000000,1.000000,0.000000,0.000000,1.000000,0.000000,0.000000,0.000000,9.674928,1.000000,1.000000,1.000000,1.000000,0.000000,0.000000,0.053606,0.944709,0.944712,593.073241,1.012710,0.675140,1.000000,0.961810,678.122989,0.000000,False,False,False,0.978440,1.000000,0.956880,476,40,1.000000,1.000000
0.000000,0.000000,79.000000,1.000000,0.000000,0.000000,1.000000,0.000000,0.000000,0.000000,9.770315,1.000000,1.000000,1.000000,1.000000,0.000000,0.000000,0.049355,0.949086,0.949179,592.106707,1.013962,0.675975,1.000000,0.966534,677.349614,0.000000,False,False,False,0.966719,1.000000,0.933438,477,40,1.000000,1.000000
0.000000,0.000000,79.000000,1.000000,0.000000,0.000000,1.000000,0.000000,0.000000,0.000000,9.746408,1.000000,1.000000,1.000000,1.000000,0.000000,0.000000,0.067260,0.931584,0.932779,591.155893,1.014928,0.676619,1.000000,0.950814,676.569075,0.000000,False,False,False,0.975675,1.000000,0.951350,478,40,1.000000,1.000000
0.000000,0.000000,79.000000,1.000000,0.000000,0.000000,1.000000,0.000000,0.000000,0.000000,9.441530,1.000000,1.000000,1.000000,1.000000,0.000000,0.000000,0.072672,0.924235,0.926825,590.216867,1.009288,0.672859,1.000000,0.939026,675.783872,0.000000,False,False,False,0.981503,1.000000,0.963006,479,40,1.000000,1.000000
0.000000,0.000000,79.000000,1.000000,0.000000,0.000000,1.000000,0.000000,0.000000,0.000000,9.545465,1.000000,1.000000,1.000000,1.000000,0.000000,0.000000,0.064025,0.932160,0.933134,589.264399,1.014446,0.676297,1.000000,0.952468,675.008170,0.000000,False,False,False,0.969627,1.000000,0.939255,480,40,1.000000,1.000000
0.000000,0.000000,79.000000,1.000000,0.000000,0.000000,1.000000,0.000000,0.000000,0.000000,9.407832,1.000000,1.000000,1.000000,1.000000,0.000000,0.000000,0.054661,0.941484,0.945062,588.305862,1.015523,0.677015,1.000000,0.958537,674.239536,0.000000,False,False,False,0.960793,1.000000,0.921587,481,40,1.000000,1.000000
0.000000,0.000000,79.000000,1.000000,0.000000,0.000000,1.000000,0.000000,0.000000,0.000000,9.385231,1.000000,1.000000,1.000000,1.000000,0.000000,0.000000,0.055621,0.942759,0.944058,587.343292,1.015861,0.677240,1.000000,0.962570,673.461093,0.000000,False,False,False,0.973053,1.000000,0.946106,482,40,1.000000,1.000000
0.000000,0.000000,79.000000,1.000000,0.000000,0.000000,1.000000,0.000000,0.000000,0.000000,9.282389,1.000000,1.000000,1.000000,1.000000,0.000000,0.000000,0.047550,0.950374,0.951156,586.373139,1.016191,0.677461,1.000000,0.970153,672.677789,0.000000,False,False,False,0.979130,1.000000,0.958261,483,40,1.000000,1.000000
0.000000,0.000000,79.000000,1.000000,0.000000,0.000000,1.000000,0.000000,0.000000,0.000000,9.286544,1.000000,1.000000,1.000000,1.000000,0.000000,0.000000,0.051989,0.946085,0.947099,585.412338,1.011943,0.674629,1.000000,0.960801,671.893933,0.000000,False,False,False,0.979820,1.000000,0.959641,484,40,1.000000,1.000000
0.000000,0.000000,79.000000,1.000000,0.000000,0.000000,1.000000,0.000000,0.000000,0.000000,9.178774,1.000000,1.000000,1.000000,1.000000,0.000000,0.000000,0.057572,0.940221,0.938515,584.460833,1.007906,0.671937,1.000000,0.951505,671.109508,0.000000,False,False,False,0.980531,1.000000,0.961062,485,40,1.000000,1.000000
0.000000,0.000000,79.000000,1.000000,0.000000,0.000000,1.000000,0.000000,0.000000,0.000000,9.196709,1.000000,1.000000,1.000000,1.000000,0.000000,0.000000,0.071349,0.927868,0.928902,583.515255,1.013657,0.675771,1.000000,0.945578,670.328933,0.000000,False,False,False,0.975718,1.000000,0.951437,486,40,1.000000,1.000000
0.000000,0.000000,79.000000,1.000000,0.000000,0.000000,1.000000,0.000000,0.000000,0.000000,9.090421,1.000000,1.000000,1.000000,1.000000,0.000000,0.000000,0.071547,0.927246,0.928531,582.568985,1.015231,0.676821,1.000000,0.946270,669.549029,0.000000,False,False,False,0.974880,1.000000,0.949760,487,40,1.000000,1.000000
0.000000,0.000000,79.000000,1.000000,0.000000,0.000000,1.000000,0.000000,0.000000,0.000000,9.087232,2.000000,0.862500,0.862500,1.000000,1.000000,0.000000,0.066730,0.929395,0.934048,581.617355,1.016140,0.677427,1.000000,0.951630,668.764382,0.000000,False,False,False,0.980809,1.000000,0.961619,488,40,1.000000,1.000000
0.000000,0.000000,79.000000,1.000000,0.000000,0.000000,1.000000,0.000000,0.000000,0.000000,8.968263,2.000000,0.862500,0.862500,1.000000,1.000000,0.000000,0.066523,0.932553,0.935616,580.663076,1.017365,0.678243,1.000000,0.954278,667.988340,0.000000,False,False,False,0.970052,1.000000,0.940105,489,40,1.000000,1.000000
0.000000,0.000000,79.000000,1.000000,0.000000,0.000000,1.000000,0.000000,0.000000,0.000000,8.953962,2.000000,0.862500,0.862500,1.000000,1.000000,0.000000,0.053946,0.942309,0.947170,579.704048,1.011370,0.674247,1.000000,0.959029,667.211342,0.000000,False,False,False,0.971247,1.000000,0.942494,490,40,1.000000,1.000000
0.000000,0.000000,79.000000,1.000000,0.000000,0.000000,1.000000,0.000000,0.000000,0.000000,8.886888,2.000000,0.862500,0.862500,1.000000,1.000000,0.000000,0.058623,0.939844,0.937073,578.743925,1.016009,0.677339,1.000000,0.960123,666.437373,0.000000,False,False,False,0.967461,1.000000,0.934922,491,40,1.000000,1.000000
0.000000,0.000000,79.000000,1.000000,0.000000,0.000000,1.000000,0.000000,0.000000,0.000000,8.917607,2.000000,0.862500,0.862500,1.000000,1.000000,0.000000,0.071615,0.924165,0.926483,577.797960,1.016894,0.677929,1.000000,0.945965,665.652647,0.000000,False,False,False,0.980908,1.000000,0.961817,492,40,1.000000,1.000000
0.000000,0.000000,79.000000,1.000000,0.000000,0.000000,1.000000,0.000000,0.000000,0.000000,8.816052,2.000000,0.862500,0.862500,1.000000,1.000000,0.000000,0.067111,0.927120,0.933093,576.853721,1.012687,0.675125,1.000000,0.944239,664.864038,0.000000,False,False,False,0.985760,1.000000,0.971521,493,40,1.000000,1.000000
0.000000,0.000000,79.000000,1.000000,0.000000,0.000000,1.000000,0.000000,0.000000,0.000000,8.915123,2.000000,0.862500,0.862500,1.000000,1.000000,0.000000,0.061925,0.935288,0.938815,575.898682,1.014658,0.676439,1.000000,0.955039,664.099009,0.000000,False,False,False,0.956287,1.000000,0.912574,494,40,1.000000,1.000000
0.000000,0.000000,79.000000,1.000000,0.000000,0.000000,1.000000,0.000000,0.000000,0.000000,8.874827,2.000000,0.862500,0.862500,1.000000,1.000000,0.000000,0.082554,0.916434,0.914208,574.970635,1.008282,0.672188,1.000000,0.928048,663.341119,0.000000,False,False,False,0.947362,1.000000,0.894725,495,40,1.000000,1.000000
0.000000,0.000000,79.000000,1.000000,0.000000,0.000000,1.000000,0.000000,0.000000,0.000000,8.977583,2.000000,0.862500,0.862500,1.000000,1.000000,0.000000,0.084443,0.918050,0.918538,574.037237,1.013318,0.675546,1.000000,0.933397,662.595430,0.000000,False,False,False,0.932111,1.000000,0.864221,496,40,1.000000,1.000000
0.000000,0.000000,79.000000,1.000000,0.000000,0.000000,1.000000,0.000000,0.000000,0.000000,8.830854,2.000000,0.862500,0.862500,1.000000,1.000000,0.000000,0.055164,0.942925,0.943734,573.075399,1.014492,0.676328,1.000000,0.961838,661.812167,0.000000,False,False,False,0.979079,1.000000,0.958158,497,40,1.000000,1.000000
0.000000,0.000000,79.000000,1.000000,0.000000,0.000000,1.000000,0.000000,0.000000,0.000000,8.863723,2.000000,0.862500,0.862500,1.000000,1.000000,0.000000,0.045760,0.951959,0.953422,572.104170,1.014745,0.676497,1.000000,0.971229,661.026067,0.000000,False,False,False,0.982626,1.000000,0.965251,498,40,1.000000,1.000000
0.000000,0.000000,79.000000,1.000000,0.000000,0.000000,1.000000,0.000000,0.000000,0.000000,8.923894,2.000000,0.862500,0.862500,1.000000,1.000000,0.000000,0.064584,0.933398,0.937023,571.151284,1.014678,0.676452,1.000000,0.952886,660.241182,0.000000,False,False,False,0.981107,1.000000,0.962213,499,40,1.000000,1.000000
0.000000,0.000000,79.000000,1.000000,0.000000,0.000000,1.000000,0.000000,0.000000,0.000000,8.885197,2.000000,0.862500,0.862500,1.000000,1.000000,0.000000,0.062132,0.938703,0.936672,570.195848,1.013982,0.675988,1.000000,0.955436,659.493815,0.000000,False,False,False,0.934209,1.000000,0.868417,500,40,1.000000,1.000000
0.000000,0.000000,79.000000,1.000000,0.000000,0.000000,1.000000,0.000000,0.000000,0.000000,8.881754,2.000000,0.862500,0.862500,1.000000,1.000000,0.000000,0.068234,0.927447,0.931022,569.254590,1.007239,0.671492,1.000000,0.941258,658.681429,0.000000,False,False,False,0.981732,1.000000,0.963464,501,40,1.000000,1.000000
0.000000,0.000000,79.000000,1.000000,0.000000,0.000000,1.000000,0.000000,0.000000,0.000000,8.944728,2.000000,0.862500,0.862500,1.000000,1.000000,0.000000,0.061023,0.939651,0.938420,568.305924,1.008136,0.672091,1.000000,0.948666,657.826306,0.000000,False,False,False,0.983081,1.000000,0.966163,502,40,1.000000,1.000000
0.000000,0.000000,79.000000,1.000000,0.000000,0.000000,1.000000,0.000000,0.000000,0.000000,9.014231,2.000000,0.862500,0.862500,1.000000,1.000000,0.000000,0.052199,0.947297,0.945832,567.345388,1.009781,0.673187,1.000000,0.960536,657.016586,0.000000,False,False,False,0.974736,1.000000,0.949471,503,40,1.000000,1.000000
0.000000,0.000000,79.000000,1.000000,0.000000,0.000000,1.000000,0.000000,0.000000,0.000000,9.148916,2.000000,0.862500,0.862500,1.000000,1.000000,0.000000,0.060336,0.938644,0.936201,566.393983,1.010478,0.673652,1.000000,0.951405,656.191457,0.000000,False,False,False,0.980690,1.000000,0.961381,504,40,1.000000,1.000000
0.000000,0.000000,79.000000,1.000000,0.000000,0.000000,1.000000,0.000000,0.000000,0.000000,9.342610,2.000000,0.862500,0.862500,1.000000,1.000000,0.000000,0.044638,0.952483,0.954016,565.425500,1.010442,0.673628,1.000000,0.968483,655.354825,0.000000,False,False,False,0.979616,1.000000,0.959232,505,40,1.000000,1.000000
0.000000,0.000000,79.000000,1.000000,0.000000,0.000000,1.000000,0.000000,0.000000,0.000000,9.513655,2.000000,0.862500,0.862500,1.000000,1.000000,0.000000,0.048129,0.952098,0.949441,564.468943,1.002763,0.668509,1.000000,0.956557,654.531088,0.000000,False,False,False,0.976865,1.000000,0.953731,506,40,1.000000,1.000000
0.000000,0.000000,79.000000,1.000000,0.000000,0.000000,1.000000,0.000000,0.000000,0.000000,9.663379,2.000000,0.862500,0.862500,1.000000,1.000000,0.000000,0.075094,0.922684,0.922066,563.532560,1.006904,0.671270,1.000000,0.936383,653.734340,0.000000,False,False,False,0.933349,1.000000,0.866698,507,40,1.000000,1.000000
0.000000,0.000000,79.000000,1.000000,0.000000,0.000000,1.000000,0.000000,0.000000,0.000000,9.789715,2.000000,0.862500,0.862500,1.000000,1.000000,0.000000,0.078765,0.919845,0.921173,562.599062,1.007329,0.671553,1.000000,0.933498,652.941378,0.000000,False,False,False,0.972319,1.000000,0.944637,508,40,1.000000,1.000000
0.000000,0.000000,79.000000,1.000000,0.000000,0.000000,1.000000,0.000000,0.000000,0.000000,9.768703,2.000000,0.862500,0.862500,1.000000,1.000000,0.000000,0.051619,0.949435,0.949819,561.640728,1.007368,0.671579,1.000000,0.958334,652.128160,0.000000,False,False,False,0.970482,1.000000,0.940964,509,40,1.000000,1.000000
0.000000,0.000000,79.000000,1.000000,0.000000,0.000000,1.000000,0.000000,0.000000,0.000000,9.901028,2.000000,0.862500,0.862500,1.000000,1.000000,0.000000,0.077873,0.919077,0.917760,560.706742,1.006895,0.671264,1.000000,0.933986,651.343469,0.000000,False,False,False,0.956770,1.000000,0.913540,510,40,1.000000,1.000000
0.000000,0.000000,79.000000,1.000000,0.000000,0.000000,1.000000,0.000000,0.000000,0.000000,10.029988,2.000000,0.862500,0.862500,1.000000,1.000000,0.000000,0.063416,0.937072,0.936216,559.759997,1.006599,0.671066,1.000000,0.946745,650.488237,0.000000,False,False,False,0.971693,0.991965,0.943385,511,40,1.000000,1.000000
0.000000,0.000000,79.000000,1.000000,0.000000,0.000000,1.000000,0.000000,0.000000,0.000000,9.975482,2.000000,0.862500,0.862500,1.000000,1.000000,0.000000,0.075046,0.923181,0.923125,558.838992,0.993931,0.662620,1.000000,0.921006,649.719617,0.000000,False,False,False,0.971176,0.989290,0.942352,512,40,1.000000,1.000000
0.000000,0.000000,79.000000,1.000000,0.000000,0.000000,1.000000,0.000000,0.000000,0.000000,10.111205,2.000000,0.862500,0.862500,1.000000,1.000000,0.000000,0.042824,0.956820,0.954526,557.878404,1.000749,0.667166,1.000000,0.960587,648.870544,0.000000,False,False,False,0.969853,0.980097,0.939706,513,40,1.000000,1.000000
0.000000,0.000000,79.000000,1.000000,0.000000,0.000000,1.000000,0.000000,0.000000,0.000000,10.209717,2.000000,0.862500,0.862500,1.000000,1.000000,0.000000,0.049231,0.950355,0.949660,556.922718,1.001758,0.667839,1.000000,0.955686,648.112224,0.000000,False,False,False,0.966789,0.976841,0.933579,514,40,1.000000,1.000000
0.000000,0.000000,79.000000,1.000000,0.000000,0.000000,1.000000,0.000000,0.000000,0.000000,10.067587,2.000000,0.862500,0.862500,1.000000,1.000000,0.000000,0.057951,0.940468,0.941795,555.974990,1.002069,0.668046,1.000000,0.947729,647.270072,0.000000,False,False,False,0.970749,0.967320,0.941498,515,40,1.000000,1.000000
0.000000,0.000000,79.000000,1.000000,0.000000,0.000000,1.000000,0.000000,0.000000,0.000000,10.190404,2.000000,0.862500,0.862500,1.000000,1.000000,0.000000,0.072008,0.929292,0.928534,555.040425,1.001533,0.667689,1.000000,0.934565,646.426996,0.000000,False,False,False,0.977161,0.964045,0.954322,516,40,1.000000,1.000000
0.000000,0.000000,79.000000,1.000000,0.000000,0.000000,1.000000,0.000000,0.000000,0.000000,10.327304,2.000000,0.862500,0.862500,1.000000,1.000000,0.000000,0.052019,0.945038,0.950276,554.088045,1.000806,0.667204,1.000000,0.952379,645.579933,0.000000,False,False,False,0.989987,0.960384,0.979973,517,40,1.000000,1.000000
0.000000,0.000000,79.000000,1.000000,0.000000,0.000000,1.000000,0.000000,0.000000,0.000000,10.285826,2.000000,0.862500,0.862500,1.000000,1.000000,0.000000,0.068826,0.930595,0.931346,553.151967,0.999844,0.666563,1.000000,0.936078,644.802559,0.000000,False,False,False,0.976155,0.956905,0.952310,518,40,1.000000,1.000000
0.000000,0.000000,79.000000,1.000000,0.000000,0.000000,1.000000,0.000000,0.000000,0.000000,10.428481,2.000000,0.862500,0.862500,1.000000,1.000000,0.000000,0.050869,0.948244,0.947875,552.208343,0.991803,0.661202,1.000000,0.943624,643.979945,0.000000,False,False,False,0.945533,0.949585,0.891066,519,40,1.000000,1.000000
0.000000,0.000000,79.000000,1.000000,0.000000,0.000000,1.000000,0.000000,0.000000,0.000000,10.495247,2.000000,0.862500,0.862500,1.000000,1.000000,0.000000,0.052397,0.942258,0.947717,551.265705,0.995747,0.663831,1.000000,0.942638,643.202479,0.000000,False,False,False,0.977974,0.944742,0.955948,520,40,1.000000,1.000000
0.000000,0.000000,79.000000,1.000000,0.000000,0.000000,1.000000,0.000000,0.000000,0.000000,10.471703,2.000000,0.862500,0.862500,1.000000,1.000000,0.000000,0.075151,0.925257,0.928337,550.345779,0.992195,0.661463,1.000000,0.919926,642.376158,0.000000,False,False,False,0.971930,0.937156,0.943860,521,40,1.000000,1.000000
0.000000,0.000000,79.000000,1.000000,0.000000,0.000000,1.000000,0.000000,0.000000,0.000000,10.313364,2.000000,0.862500,0.862500,1.000000,1.000000,0.000000,0.067784,0.931555,0.931331,549.416260,0.993058,0.662039,1.000000,0.929518,641.657757,0.000000,False,False,False,0.962870,0.932631,0.925740,522,40,1.000000,1.000000
0.000000,0.000000,79.000000,1.000000,0.000000,0.000000,1.000000,0.000000,0.000000,0.000000,10.193552,2.000000,0.862500,0.862500,1.000000,1.000000,0.000000,0.068037,0.932046,0.930438,548.486114,0.993291,0.662194,1.000000,0.930146,640.954146,0.000000,False,False,False,0.954809,0.921141,0.909618,523,40,1.000000,1.000000
0.000000,0.000000,79.000000,1.000000,0.000000,0.000000,1.000000,0.000000,0.000000,0.000000,10.295225,2.000000,0.862500,0.862500,1.000000,1.000000,0.000000,0.056106,0.941467,0.944188,547.544914,0.992713,0.661809,1.000000,0.941200,640.285544,0.000000,False,False,False,0.918179,0.910228,0.836358,524,40,1.000000,1.000000
0.000000,0.000000,79.000000,1.000000,0.000000,0.000000,1.000000,0.000000,0.000000,0.000000,10.284681,2.000000,0.862500,0.862500,1.000000,1.000000,0.000000,0.091340,0.909948,0.909845,546.644977,0.985477,0.656985,1.000000,0.899937,639.600257,0.000000,False,False,False,0.956355,0.895702,0.912709,525,40,1.000000,1.000000
0.000000,0.000000,79.000000,1.000000,0.000000,0.000000,1.000000,0.000000,0.000000,0.000000,10.600525,2.000000,0.862500,0.862500,1.000000,1.000000,0.000000,0.056142,0.938393,0.944500,545.708898,0.989840,0.659893,1.000000,0.936079,638.802034,0.000000,False,False,False,0.973003,0.882988,0.946006,526,40,1.000000,1.000000
0.000000,0.000000,79.000000,1.000000,0.000000,0.000000,1.000000,0.000000,0.000000,0.000000,10.630837,2.000000,0.862500,0.862500,1.000000,1.000000,0.000000,0.064090,0.935945,0.936442,544.779076,0.989564,0.659709,1.000000,0.929822,638.050754,0.000000,False,False,False,0.992327,0.877154,0.984654,527,40,1.000000,1.000000
0.000000,0.000000,79.000000,1.000000,0.000000,0.000000,1.000000,0.000000,0.000000,0.000000,10.632637,2.000000,0.862500,0.862500,1.000000,1.000000,0.000000,0.062713,0.935331,0.937067,543.848532,0.988325,0.658883,1.000000,0.930544,637.404210,0.000000,False,False,False,0.930535,0.868510,0.861070,528,40,1.000000,1.000000
0.000000,0.000000,79.000000,1.000000,0.000000,0.000000,1.000000,0.000000,0.000000,0.000000,10.561259,2.000000,0.862500,0.862500,1.000000,1.000000,0.000000,0.067247,0.935747,0.936555,542.922668,0.987737,0.658491,1.000000,0.925864,636.631406,0.000000,False,False,False,0.956401,0.853351,0.912803,529,40,1.000000,1.000000
0.000000,0.000000,79.000000,1.000000,0.000000,0.000000,1.000000,0.000000,0.000000,0.000000,10.499403,2.000000,0.862500,0.862500,1.000000,1.000000,0.000000,0.065419,0.934552,0.932675,541.996674,0.986431,0.657621,1.000000,0.925994,635.852354,0.000000,False,False,False,0.972546,0.846128,0.945092,530,40,1.000000,1.000000
0.000000,0.000000,79.000000,1.000000,0.000000,0.000000,1.000000,0.000000,0.000000,0.000000,10.435358,2.000000,0.862500,0.862500,1.000000,1.000000,0.000000,0.083678,0.914923,0.914593,541.088807,0.985166,0.656777,1.000000,0.907867,635.188358,0.000000,False,False,False,0.989524,0.838781,0.979049,531,40,1.000000,1.000000
0.000000,0.000000,79.000000,1.000000,0.000000,0.000000,1.000000,0.000000,0.000000,0.000000,10.386975,2.000000,0.862500,0.862500,1.000000,1.000000,0.000000,0.071392,0.926219,0.928335,540.184996,0.972137,0.648091,1.000000,0.903811,634.569683,0.000000,False,False,False,0.936815,0.825503,0.873631,532,40,1.000000,1.000000
0.000000,0.000000,79.000000,1.000000,0.000000,0.000000,1.000000,0.000000,0.000000,0.000000,10.410459,2.000000,0.862500,0.862500,1.000000,1.000000,0.000000,0.102901,0.894909,0.892741,539.300412,0.978702,0.652468,1.000000,0.884584,633.810289,0.000000,False,False,False,0.977619,0.809301,0.955238,533,40,1.000000,1.000000
0.000000,0.000000,79.000000,1.000000,0.000000,0.000000,1.000000,0.000000,0.000000,0.000000,10.400450,2.000000,0.862500,0.862500,1.000000,1.000000,0.000000,0.057109,0.941874,0.944238,538.372621,0.979381,0.652921,1.000000,0.927791,633.091844,0.000000,False,False,False,0.969964,0.802333,0.939929,534,40,1.000000,1.000000
0.000000,0.000000,79.000000,1.000000,0.000000,0.000000,1.000000,0.000000,0.000000,0.000000,10.552016,2.000000,0.862500,0.862500,1.000000,1.000000,0.000000,0.059405,0.938122,0.940924,537.449032,0.978904,0.652603,1.000000,0.923589,632.347178,0.000000,False,False,False,0.972865,0.792145,0.945729,535,40,1.000000,1.000000
0.000000,0.000000,79.000000,1.000000,0.000000,0.000000,1.000000,0.000000,0.000000,0.000000,10.570097,2.000000,0.862500,0.862500,1.000000,1.000000,0.000000,0.085099,0.914804,0.911014,536.548223,0.977466,0.651644,1.000000,0.900809,631.651368,0.000000,False,False,False,0.911797,0.785101,0.823594,536,40,1.000000,1.000000
0.000000,0.000000,79.000000,1.000000,0.000000,0.000000,1.000000,0.000000,0.000000,0.000000,10.590751,2.000000,0.862500,0.862500,1.000000,1.000000,0.000000,0.066405,0.931036,0.934354,535.631818,0.976476,0.650984,1.000000,0.916405,630.914751,0.000000,False,False,False,0.973957,0.774751,0.947914,537,40,1.000000,1.000000
0.000000,0.000000,79.000000,1.000000,0.000000,0.000000,1.000000,0.000000,0.000000,0.000000,10.572646,2.000000,0.862500,0.862500,1.000000,1.000000,0.000000,0.049610,0.947341,0.952174,534.709475,0.968072,0.645382,1.000000,0.922343,630.183641,0.000000,False,False,False,0.973645,0.766832,0.947290,538,40,1.000000,1.000000
0.000000,0.000000,79.000000,1.000000,0.000000,0.000000,1.000000,0.000000,0.000000,0.000000,10.603604,2.000000,0.862500,0.862500,1.000000,1.000000,0.000000,0.071885,0.923261,0.931208,533.805905,0.971458,0.647639,1.000000,0.903570,629.485628,0.000000,False,False,False,0.972103,0.758423,0.944205,539,40,1.000000,1.000000
0.000000,0.000000,79.000000,1.000000,0.000000,0.000000,1.000000,0.000000,0.000000,0.000000,10.596139,2.000000,0.862500,0.862500,1.000000,1.000000,0.000000,0.057848,0.936652,0.944726,532.891426,0.970934,0.647290,1.000000,0.914479,628.759443,0.000000,False,False,False,0.988734,0.748647,0.977469,540,40,1.000000,1.000000
0.000000,0.000000,79.000000,1.000000,0.000000,0.000000,1.000000,0.000000,0.000000,0.000000,10.681863,2.000000,0.862500,0.862500,1.000000,1.000000,0.000000,0.081449,0.910321,0.918768,532.004439,0.965125,0.643417,1.000000,0.886987,628.074183,0.000000,False,False,False,0.966562,0.739739,0.933124,541,40,1.000000,1.000000
0.000000,0.000000,79.000000,1.000000,0.000000,0.000000,1.000000,0.000000,0.000000,0.000000,10.686358,2.000000,0.862500,0.862500,1.000000,1.000000,0.000000,0.110883,0.884102,0.888495,531.138563,0.966110,0.644073,1.000000,0.865876,627.365025,0.000000,False,False,False,0.982242,0.728463,0.964484,542,40,1.000000,1.000000
0.000000,0.000000,79.000000,1.000000,0.000000,0.000000,1.000000,0.000000,0.000000,0.000000,10.751206,2.000000,0.862500,0.862500,1.000000,1.000000,0.000000,0.062808,0.936062,0.936276,530.229322,0.965168,0.643445,1.000000,0.909241,626.698852,0.000000,False,False,False,0.903145,0.720278,0.806290,543,40,1.000000,1.000000
0.000000,0.000000,79.000000,1.000000,0.000000,0.000000,1.000000,0.000000,0.000000,0.000000,10.602928,2.000000,0.862500,0.862500,1.000000,1.000000,0.000000,0.064177,0.935237,0.932462,529.322058,0.964389,0.642926,1.000000,0.907264,625.994673,0.000000,False,False,False,0.979256,0.712088,0.958512,544,40,1.000000,1.000000
0.000000,0.000000,79.000000,1.000000,0.000000,0.000000,1.000000,0.000000,0.000000,0.000000,10.825102,2.000000,0.862500,0.862500,1.000000,1.000000,0.000000,0.052179,0.948148,0.946494,528.413110,0.956220,0.637480,1.000000,0.908948,625.329963,0.000000,False,False,False,0.984830,0.702050,0.969659,545,40,1.000000,1.000000
0.000000,0.000000,79.000000,1.000000,0.000000,0.000000,1.000000,0.000000,0.000000,0.000000,10.693190,2.000000,0.862500,0.862500,1.000000,1.000000,0.000000,0.075695,0.922477,0.926244,527.520828,0.959304,0.639536,1.000000,0.892282,624.691768,0.000000,False,False,False,0.917815,0.691482,0.835630,546,40,1.000000,1.000000
0.000000,0.000000,79.000000,1.000000,0.000000,0.000000,1.000000,0.000000,0.000000,0.000000,10.808858,2.000000,0.862500,0.862500,1.000000,1.000000,0.000000,0.046662,0.953342,0.954534,526.603596,0.958896,0.639264,1.000000,0.917232,624.029086,0.000000,False,False,False,0.974067,0.686887,0.948134,547,40,1.000000,1.000000
0.000000,0.000000,79.000000,1.000000,0.000000,0.000000,1.000000,0.000000,0.000000,0.000000,10.674696,2.000000,0.862500,0.862500,1.000000,1.000000,0.000000,0.059507,0.936506,0.943350,525.697856,0.957579,0.638386,1.000000,0.905740,623.341580,0.000000,False,False,False,0.978400,0.684450,0.956801,548,40,1.000000,1.000000
0.000000,0.000000,79.000000,1.000000,0.000000,0.000000,1.000000,0.000000,0.000000,0.000000,10.663773,2.000000,0.862500,0.862500,1.000000,1.000000,0.000000,0.054662,0.945588,0.947279,524.791181,0.955709,0.637139,1.000000,0.906675,622.710285,0.000000,False,False,False,0.916179,0.674070,0.832358,549,40,1.000000,1.000000
0.000000,0.000000,79.000000,1.000000,0.000000,0.000000,1.000000,0.000000,0.000000,0.000000,10.665005,2.000000,0.862500,0.862500,1.000000,1.000000,0.000000,0.076428,0.922214,0.925835,523.903240,0.954354,0.636236,1.000000,0.887942,622.035337,0.000000,False,False,False,0.971140,0.672711,0.942281,550,40,1.000000,1.000000
0.000000,0.000000,79.000000,1.000000,0.000000,0.000000,1.000000,0.000000,0.000000,0.000000,10.700643,2.000000,0.862500,0.862500,1.000000,1.000000,0.000000,0.075097,0.919726,0.924423,523.024493,0.948970,0.632647,1.000000,0.878747,621.358565,0.000000,False,False,False,0.978594,0.667858,0.957188,551,40,1.000000,1.000000
0.000000,0.000000,79.000000,1.000000,0.000000,0.000000,1.000000,0.000000,0.000000,0.000000,10.696049,2.000000,0.862500,0.862500,1.000000,1.000000,0.000000,0.062530,0.936569,0.936671,522.137671,0.942313,0.628209,1.000000,0.886822,620.683415,0.000000,False,False,False,0.985887,0.661494,0.971775,552,40,1.000000,1.000000
0.000000,0.000000,79.000000,1.000000,0.000000,0.000000,1.000000,0.000000,0.000000,0.000000,10.660311,2.000000,0.862500,0.862500,1.000000,1.000000,0.000000,0.056304,0.944788,0.946219,521.240391,0.946104,0.630736,1.000000,0.897280,620.057928,0.000000,False,False,False,0.991340,0.651327,0.982680,553,40,1.000000,1.000000
0.000000,0.000000,79.000000,1.000000,0.000000,0.000000,1.000000,0.000000,0.000000,0.000000,10.669130,2.000000,0.862500,0.862500,1.000000,1.000000,0.000000,0.066872,0.934420,0.934883,520.353016,0.946074,0.630716,1.000000,0.887375,619.391149,0.000000,False,False,False,0.991664,0.643229,0.983329,554,40,1.000000,1.000000
0.000000,0.000000,79.000000,1.000000,0.000000,0.000000,1.000000,0.000000,0.000000,0.000000,10.605497,2.000000,0.862500,0.862500,1.000000,1.000000,0.000000,0.073609,0.924233,0.924401,519.472120,0.944946,0.629964,1.000000,0.880896,618.777996,0.000000,False,False,False,0.960131,0.634760,0.920262,555,40,1.000000,1.000000
0.000000,0.000000,79.000000,1.000000,0.000000,0.000000,1.000000,0.000000,0.000000,0.000000,10.582167,2.000000,0.862500,0.862500,1.000000,1.000000,0.000000,0.067233,0.931887,0.929898,518.586567,0.943622,0.629081,1.000000,0.885552,618.125794,0.000000,False,False,False,0.971951,0.630011,0.943903,556,40,1.000000,1.000000
0.000000,0.000000,79.000000,1.000000,0.000000,0.000000,1.000000,0.000000,0.000000,0.000000,10.596154,2.000000,0.862500,0.862500,1.000000,1.000000,0.000000,0.069240,0.926099,0.932445,517.705848,0.942171,0.628114,1.000000,0.880720,617.511220,0.000000,False,False,False,0.979233,0.619876,0.958465,557,40,1.000000,1.000000
0.000000,0.000000,79.000000,1.000000,0.000000,0.000000,1.000000,0.000000,0.000000,0.000000,10.525094,2.000000,0.862500,0.862500,1.000000,1.000000,0.000000,0.072681,0.925009,0.928416,516.834900,0.934453,0.622969,1.000000,0.870947,616.863310,0.000000,False,False,False,0.982844,0.617782,0.965688,558,40,1.000000,1.000000
0.000000,0.000000,79.000000,1.000000,0.000000,0.000000,1.000000,0.000000,0.000000,0.000000,10.538783,2.000000,0.862500,0.862500,1.000000,1.000000,0.000000,0.062807,0.937296,0.936248,515.951467,0.937373,0.624915,1.000000,0.883434,616.265201,0.000000,False,False,False,0.964648,0.608462,0.929297,559,40,1.000000,1.000000
0.000000,0.000000,79.000000,1.000000,0.000000,0.000000,1.000000,0.000000,0.000000,0.000000,10.548476,2.000000,0.862500,0.862500,1.000000,1.000000,0.000000,0.063350,0.933441,0.937510,515.069286,0.936207,0.624138,1.000000,0.882181,615.629834,0.000000,False,False,False,0.964521,0.605101,0.929041,560,40,1.000000,1.000000
0.000000,0.000000,79.000000,1.000000,0.000000,0.000000,1.000000,0.000000,0.000000,0.000000,10.555902,2.000000,0.862500,0.862500,1.000000,1.000000,0.000000,0.068719,0.928912,0.928445,514.194009,0.934675,0.623117,1.000000,0.875277,615.045489,0.000000,False,False,False,0.966431,0.595642,0.932863,561,40,1.000000,1.000000
0.000000,0.000000,79.000000,1.000000,0.000000,0.000000,1.000000,0.000000,0.000000,0.000000,10.513380,2.000000,0.862500,0.862500,1.000000,1.000000,0.000000,0.077686,0.921216,0.922341,513.333397,0.928217,0.618811,1.000000,0.860611,614.418542,0.000000,False,False,False,0.965027,0.592484,0.930054,562,40,1.000000,1.000000
0.000000,0.000000,79.000000,1.000000,0.000000,0.000000,1.000000,0.000000,0.000000,0.000000,10.511387,2.000000,0.862500,0.862500,1.000000,1.000000,0.000000,0.077715,0.918264,0.921664,512.472813,0.928819,0.619213,1.000000,0.860584,613.845740,0.000000,False,False,False,0.937647,0.581565,0.875294,563,40,1.000000,1.000000
0.000000,0.000000,79.000000,1.000000,0.000000,0.000000,1.000000,0.000000,0.000000,0.000000,10.453522,2.000000,0.862500,0.862500,1.000000,1.000000,0.000000,0.083739,0.912710,0.917712,511.616539,0.927979,0.618652,1.000000,0.856274,613.228781,0.000000,False,False,False,0.963967,0.575625,0.927934,564,40,1.000000,1.000000
0.000000,0.000000,79.000000,1.000000,0.000000,0.000000,1.000000,0.000000,0.000000,0.000000,10.449362,2.000000,0.862500,0.862500,1.000000,1.000000,0.000000,0.072534,0.927232,0.929183,510.759714,0.919906,0.613270,1.000000,0.856826,612.664181,0.000000,False,False,False,0.969855,0.565277,0.939711,565,40,1.000000,1.000000
0.000000,0.000000,79.000000,1.000000,0.000000,0.000000,1.000000,0.000000,0.000000,0.000000,10.463739,2.000000,0.862500,0.862500,1.000000,1.000000,0.000000,0.036971,0.959905,0.961956,509.868845,0.922710,0.615140,1.000000,0.890868,612.055460,0.000000,False,False,False,0.967283,0.560098,0.934566,566,40,1.000000,1.000000
0.000000,0.000000,79.000000,1.000000,0.000000,0.000000,1.000000,0.000000,0.000000,0.000000,10.467281,2.000000,0.862500,0.862500,1.000000,1.000000,0.000000,0.044179,0.954049,0.955997,508.984303,0.922371,0.614914,1.000000,0.884542,611.495111,0.000000,False,False,False,0.971953,0.550159,0.943905,567,40,1.000000,1.000000
0.000000,0.000000,79.000000,1.000000,0.000000,0.000000,1.000000,0.000000,0.000000,0.000000,10.481522,2.000000,0.862500,0.862500,1.000000,1.000000,0.000000,0.084496,0.919747,0.916252,508.133825,0.921198,0.614132,1.000000,0.850478,610.891691,0.000000,False,False,False,0.976536,0.548640,0.953073,568,40,1.000000,1.000000
0.000000,0.000000,79.000000,1.000000,0.000000,0.000000,1.000000,0.000000,0.000000,0.000000,10.480204,2.000000,0.862500,0.862500,1.000000,1.000000,0.000000,0.083123,0.916292,0.913458,507.283888,0.919654,0.613102,1.000000,0.849937,610.328371,0.000000,False,False,False,0.970340,0.538250,0.940680,569,40,1.000000,1.000000
0.000000,0.000000,79.000000,1.000000,0.000000,0.000000,1.000000,0.000000,0.000000,0.000000,10.463368,2.000000,0.862500,0.862500,1.000000,1.000000,0.000000,0.073975,0.926319,0.925309,506.427787,0.917838,0.611892,1.000000,0.856101,609.737438,0.000000,False,False,False,0.956172,0.537614,0.912344,570,40,1.000000,1.000000
0.000000,0.000000,79.000000,1.000000,0.000000,0.000000,1.000000,0.000000,0.000000,0.000000,10.474652,2.000000,0.862500,0.862500,1.000000,1.000000,0.000000,0.079344,0.918214,0.923964,505.577423,0.916149,0.610766,1.000000,0.850364,609.190211,0.000000,False,False,False,0.974494,0.526498,0.948987,571,40,1.000000,1.000000
0.000000,0.000000,79.000000,1.000000,0.000000,0.000000,1.000000,0.000000,0.000000,0.000000,10.464712,2.000000,0.862500,0.862500,1.000000,1.000000,0.000000,0.075841,0.922004,0.923662,504.740760,0.903220,0.602147,1.000000,0.836663,608.607735,0.000000,False,False,False,0.961365,0.522626,0.922730,572,40,1.000000,1.000000
0.000000,0.000000,79.000000,1.000000,0.000000,0.000000,1.000000,0.000000,0.000000,0.000000,10.499349,2.000000,0.862500,0.862500,1.000000,1.000000,0.000000,0.083433,0.914722,0.912999,503.902465,0.907621,0.605080,1.000000,0.838295,608.054494,0.000000,False,False,False,0.965657,0.511099,0.931314,573,40,1.000000,1.000000
0.000000,0.000000,79.000000,1.000000,0.000000,0.000000,1.000000,0.000000,0.000000,0.000000,10.510097,2.000000,0.862500,0.862500,1.000000,1.000000,0.000000,0.067896,0.929602,0.930473,503.050752,0.907644,0.605096,1.000000,0.851712,607.482184,0.000000,False,False,False,0.974956,0.511629,0.949912,574,40,1.000000,1.000000
0.000000,0.000000,79.000000,1.000000,0.000000,0.000000,1.000000,0.000000,0.000000,0.000000,10.555290,2.000000,0.862500,0.862500,1.000000,1.000000,0.000000,0.061852,0.938587,0.936157,502.194941,0.906786,0.604524,1.000000,0.855811,606.939932,0.000000,False,False,False,0.966286,0.500328,0.932572,575,40,1.000000,1.000000
0.000000,0.000000,79.000000,1.000000,0.000000,0.000000,1.000000,0.000000,0.000000,0.000000,10.546701,2.000000,0.862500,0.862500,1.000000,1.000000,0.000000,0.082071,0.915187,0.914570,501.356497,0.905687,0.603791,1.000000,0.838445,606.375068,0.000000,False,False,False,0.972231,0.498640,0.944462,576,40,1.000000,1.000000
0.000000,0.000000,79.000000,1.000000,0.000000,0.000000,1.000000,0.000000,0.000000,0.000000,10.553262,2.000000,0.862500,0.862500,1.000000,1.000000,0.000000,0.056834,0.941636,0.938216,500.498666,0.904421,0.602948,1.000000,0.857830,605.853083,0.000000,False,False,False,0.962099,0.487797,0.924198,577,40,1.000000,1.000000
0.000000,0.000000,79.000000,1.000000,0.000000,0.000000,1.000000,0.000000,0.000000,0.000000,10.529885,2.000000,0.862500,0.862500,1.000000,1.000000,0.000000,0.050454,0.949248,0.948323,499.645635,0.896226,0.597484,1.000000,0.853032,605.327504,0.000000,False,False,False,0.984814,0.475220,0.969627,578,40,1.000000,1.000000
0.000000,0.000000,79.000000,1.000000,0.000000,0.000000,1.000000,0.000000,0.000000,0.000000,10.547299,2.000000,0.862500,0.862500,1.000000,1.000000,0.000000,0.060163,0.937610,0.940986,498.796227,0.898731,0.599154,1.000000,0.849407,604.777752,0.000000,False,False,False,0.989320,0.462082,0.978639,579,40,1.000000,1.000000
0.000000,0.000000,79.000000,1.000000,0.000000,0.000000,1.000000,0.000000,0.000000,0.000000,10.553479,2.000000,0.862500,0.862500,1.000000,1.000000,0.000000,0.085928,0.914965,0.912646,497.967779,0.898280,0.598853,1.000000,0.828448,604.286444,0.000000,False,False,False,0.960155,0.450350,0.920309,580,40,1.000000,1.000000
0.000000,0.000000,79.000000,1.000000,0.000000,0.000000,1.000000,0.000000,0.000000,0.000000,10.580428,2.000000,0.862500,0.862500,1.000000,1.000000,0.000000,0.076234,0.922563,0.919242,497.133315,0.897174,0.598116,1.000000,0.834464,603.755639,0.000000,False,False,False,0.954068,0.447124,0.908135,581,40,1.000000,1.000000
0.000000,0.000000,79.000000,1.000000,0.000000,0.000000,1.000000,0.000000,0.000000,0.000000,10.580811,2.000000,0.862500,0.862500,1.000000,1.000000,0.000000,0.051077,0.947663,0.947944,496.278786,0.895991,0.597328,1.000000,0.854529,603.264078,0.000000,False,False,False,0.962005,0.434510,0.924011,582,40,1.000000,1.000000
0.000000,0.000000,79.000000,1.000000,0.000000,0.000000,1.000000,0.000000,0.000000,0.000000,10.631800,2.000000,0.862500,0.862500,1.000000,1.000000,0.000000,0.068044,0.931190,0.931882,495.445954,0.890325,0.593550,1.000000,0.832832,602.769756,0.000000,False,False,False,0.990959,0.420021,0.981918,583,40,1.000000,1.000000
0.000000,0.000000,79.000000,1.000000,0.000000,0.000000,1.000000,0.000000,0.000000,0.000000,10.639203,2.000000,0.862500,0.862500,1.000000,1.000000,0.000000,0.068949,0.931928,0.930619,494.609946,0.891701,0.594467,1.000000,0.836008,602.288747,0.000000,False,False,False,0.994051,0.405516,0.988103,584,40,1.000000,1.000000
0.000000,0.000000,79.000000,1.000000,0.000000,0.000000,1.000000,0.000000,0.000000,0.000000,10.670556,2.000000,0.862500,0.862500,1.000000,1.000000,0.000000,0.049065,0.950934,0.950928,493.766148,0.884638,0.589759,1.000000,0.843799,601.666083,0.000000,False,False,False,0.988398,0.390410,0.976796,585,40,1.000000,1.000000
0.000000,0.000000,79.000000,1.000000,0.000000,0.000000,1.000000,0.000000,0.000000,0.000000,10.676089,2.000000,0.862500,0.862500,1.000000,1.000000,0.000000,0.054542,0.944085,0.945237,492.922565,0.887509,0.591673,1.000000,0.843583,601.090371,0.000000,False,False,False,0.945577,0.397470,0.891155,586,40,1.000000,1.000000
0.000000,0.000000,79.000000,1.000000,0.000000,0.000000,1.000000,0.000000,0.000000,0.000000,10.705375,2.000000,0.862500,0.862500,1.000000,1.000000,0.000000,0.058771,0.941495,0.940013,492.082987,0.886970,0.591313,1.000000,0.839578,600.612385,0.000000,False,False,False,0.987836,0.402736,0.975672,587,40,1.000000,1.000000
0.000000,0.000000,79.000000,1.000000,0.000000,0.000000,1.000000,0.000000,0.000000,0.000000,10.722469,2.000000,0.862500,0.862500,1.000000,1.000000,0.000000,0.057667,0.942181,0.941647,491.243541,0.885939,0.590626,1.000000,0.839446,600.001079,0.000000,False,False,False,0.991764,0.387706,0.983528,588,40,1.000000,1.000000
0.000000,0.000000,79.000000,1.000000,0.000000,0.000000,1.000000,0.000000,0.000000,0.000000,10.767341,2.000000,0.862500,0.862500,1.000000,1.000000,0.000000,0.055848,0.943724,0.941816,490.404096,0.884399,0.589599,1.000000,0.839445,599.421701,0.000000,False,False,False,0.944477,0.394756,0.888954,589,40,1.000000,1.000000
0.000000,0.000000,79.000000,1.000000,0.000000,0.000000,1.000000,0.000000,0.000000,0.000000,10.809108,2.000000,0.862500,0.862500,1.000000,1.000000,0.000000,0.060616,0.938191,0.936544,489.569658,0.883168,0.588779,1.000000,0.834439,598.935315,0.000000,False,False,False,0.991406,0.400586,0.982812,590,40,1.000000,1.000000
0.000000,0.000000,79.000000,1.000000,0.000000,0.000000,1.000000,0.000000,0.000000,0.000000,10.858566,2.000000,0.862500,0.862500,1.000000,1.000000,0.000000,0.068841,0.931746,0.928205,488.742972,0.882051,0.588034,1.000000,0.826686,598.357815,0.000000,False,False,False,0.995059,0.387667,0.990117,591,40,1.000000,1.000000
0.000000,0.000000,79.000000,1.000000,0.000000,0.000000,1.000000,0.000000,0.000000,0.000000,10.858162,2.000000,0.862500,0.862500,1.000000,1.000000,0.000000,0.078135,0.921177,0.920145,487.931747,0.874233,0.582822,1.000000,0.811225,597.749637,0.000000,False,False,False,0.990175,0.393404,0.980349,592,40,1.000000,1.000000
0.000000,0.000000,79.000000,1.000000,0.000000,0.000000,1.000000,0.000000,0.000000,0.000000,10.797396,2.000000,0.862500,0.862500,1.000000,1.000000,0.000000,0.063551,0.937296,0.939312,487.107962,0.876783,0.584522,1.000000,0.823785,597.278910,0.000000,False,False,False,0.948477,0.400287,0.896954,593,40,1.000000,1.000000
0.000000,0.000000,79.000000,1.000000,0.000000,0.000000,1.000000,0.000000,0.000000,0.000000,10.973229,2.000000,0.862500,0.862500,1.000000,1.000000,0.000000,0.058971,0.936262,0.940283,486.284748,0.872628,0.581752,1.000000,0.823214,596.701959,0.000000,False,False,False,0.992152,0.386633,0.984304,594,40,1.000000,1.000000
0.000000,0.000000,79.000000,1.000000,0.000000,0.000000,1.000000,0.000000,0.000000,0.000000,11.098348,2.000000,0.862500,0.862500,1.000000,1.000000,0.000000,0.068012,0.930198,0.932228,485.464828,0.873010,0.582007,1.000000,0.819920,596.097956,0.000000,False,False,False,0.990337,0.392716,0.980673,595,40,1.000000,1.000000
0.000000,0.000000,79.000000,1.000000,0.000000,0.000000,1.000000,0.000000,0.000000,0.000000,10.894541,2.000000,0.862500,0.862500,1.000000,1.000000,0.000000,0.059289,0.939520,0.939835,484.639267,0.872077,0.581385,1.000000,0.825561,595.522924,0.000000,False,False,False,0.948934,0.399404,0.897868,596,40,1.000000,1.000000
0.000000,0.000000,79.000000,1.000000,0.000000,0.000000,1.000000,0.000000,0.000000,0.000000,11.096295,2.000000,0.862500,0.862500,1.000000,1.000000,0.000000,0.059019,0.941176,0.940023,483.814721,0.871150,0.580766,1.000000,0.824546,595.043017,0.000000,False,False,False,0.989928,0.405608,0.979857,597,40,1.000000,1.000000
0.000000,0.000000,79.000000,1.000000,0.000000,0.000000,1.000000,0.000000,0.000000,0.000000,10.860824,2.000000,0.862500,0.862500,1.000000,1.000000,0.000000,0.056616,0.941993,0.939899,482.989111,0.870223,0.580149,1.000000,0.825610,594.466712,0.000000,False,False,False,0.995099,0.392638,0.990199,598,40,1.000000,1.000000
0.000000,0.000000,79.000000,1.000000,0.000000,0.000000,1.000000,0.000000,0.000000,0.000000,10.991459,2.000000,0.862500,0.862500,1.000000,1.000000,0.000000,0.064053,0.934854,0.935122,482.183217,0.858093,0.572062,1.000000,0.805894,593.865424,0.000000,False,False,False,0.992287,0.398497,0.984574,599,40,1.000000,1.000000
0.000000,0.000000,79.000000,1.000000,0.000000,0.000000,1.000000,0.000000,0.000000,0.000000,11.044218,2.000000,0.862500,0.862500,1.000000,1.000000,0.000000,0.064424,0.933201,0.935469,481.371839,0.862625,0.575084,1.000000,0.811378,593.403851,0.000000,False,False,False,0.950992,0.405054,0.901983,600,40,1.000000,1.000000
0.000000,0.000000,79.000000,1.000000,0.000000,0.000000,1.000000,0.000000,0.000000,0.000000,10.658052,2.000000,0.862500,0.862500,1.000000,1.000000,0.000000,0.084866,0.911509,0.917777,480.575736,0.862853,0.575236,1.000000,0.796103,592.839083,0.000000,False,False,False,0.990440,0.391123,0.980880,601,40,1.000000,1.000000
5.000000,0.000000,75.000000,0.000000,0.000000,0.000000,5.000000,0.000000,0.000000,0.000000,10.380671,2.000000,0.862500,0.000000,0.000000,2.000000,0.000000,0.142792,0.853894,0.866601,479.857834,0.844286,0.562858,1.000000,0.717901,,0.000000,False,False,False,,,,602,-,0.000000,
5.000000,0.000000,75.000000,0.000000,0.000000,0.000000,5.000000,0.000000,0.000000,0.000000,8.516795,2.000000,0.862500,0.000000,0.000000,2.000000,0.000000,0.112457,0.887448,0.893253,479.105136,0.849681,0.566454,1.000000,0.752698,,0.000000,False,False,False,,,,603,-,0.000000,
5.000000,0.000000,75.000000,0.000000,0.000000,0.000000,5.000000,0.000000,1.000000,0.000000,6.678039,2.000000,0.862500,0.000000,0.000000,2.000000,0.000000,0.112409,0.884437,0.887421,478.349912,0.851484,0.567656,1.000000,0.755224,,0.000000,False,False,False,,,,604,-,0.000000,
5.000000,0.000000,75.000000,0.000000,0.000000,0.000000,5.000000,0.000000,1.000000,0.000000,6.678039,2.000000,0.862500,0.000000,0.000000,2.000000,0.000000,0.098452,0.902355,0.905788,477.592640,0.827779,0.551852,0.975000,0.757271,,0.000000,False,False,False,,,,605,-,0.000000,
5.000000,0.000000,75.000000,0.000000,0.000000,0.000000,5.000000,0.000000,1.000000,0.000000,6.678039,2.000000,0.862500,0.000000,0.000000,2.000000,0.000000,0.106156,0.890679,0.893905,476.840708,0.828903,0.552602,0.975000,0.751933,,0.000000,False,False,False,,,,606,-,0.000000,
2.000000,0.000000,75.000000,3.000000,0.000000,0.000000,5.000000,3.000000,1.000000,0.000000,6.678039,2.000000,0.862500,0.137500,0.000000,1.000000,1.000000,0.094693,0.902225,0.900081,476.102483,0.829989,0.553326,0.975000,0.738225,205.121937,0.000000,False,False,False,1.000000,1.000000,0.000000,607,"22,25,71",0.000000,
1.000000,1.000000,75.000000,3.000000,0.000000,0.000000,4.000000,3.000000,1.000000,0.000000,7.647927,2.000000,0.862500,0.137500,0.000000,1.000000,1.000000,0.080107,0.914793,0.928351,475.342675,0.843465,0.562310,0.987500,0.759808,206.121356,0.000000,False,False,False,1.000000,1.000000,0.000000,608,"22,25,71",0.000000,0.000000
1.000000,1.000000,75.000000,3.000000,0.000000,0.000000,4.000000,3.000000,1.000000,0.000000,7.406437,2.000000,0.862500,0.137500,0.000000,1.000000,1.000000,0.110450,0.882037,0.896546,474.606712,0.857514,0.571676,1.000000,0.735963,207.121229,0.000000,False,False,False,1.000000,1.000000,0.000000,609,"22,25,71",0.000000,0.000000
1.000000,1.000000,75.000000,3.000000,0.000000,0.000000,4.000000,2.000000,1.000000,0.000000,7.406437,2.000000,0.862500,0.137500,0.000000,1.000000,1.000000,0.087334,0.907212,0.912739,473.851431,0.834590,0.556394,0.975000,0.755281,208.121133,0.000000,False,False,False,1.000000,1.000000,0.000000,610,"22,25,71",0.000000,0.000000
1.000000,1.000000,75.000000,3.000000,0.000000,0.000000,4.000000,2.000000,1.000000,0.000000,7.406437,2.000000,0.862500,0.137500,0.000000,1.000000,1.000000,0.083990,0.909381,0.916473,473.092137,0.835966,0.557311,0.975000,0.759294,209.120582,0.000000,False,False,False,1.000000,1.000000,0.000000,611,"22,25,71",0.000000,0.000000
1.000000,1.000000,75.000000,3.000000,0.000000,0.000000,4.000000,2.000000,1.000000,0.000000,7.406437,2.000000,0.862500,0.137500,0.000000,1.000000,1.000000,0.089028,0.905094,0.912896,472.335821,0.836658,0.557772,0.975000,0.756316,210.119114,0.000000,False,False,False,1.000000,1.000000,0.000000,612,"22,25,71",0.000000,0.000000
1.000000,1.000000,76.000000,2.000000,0.000000,0.000000,3.000000,2.000000,0.000000,0.000000,8.405982,2.000000,0.862500,0.137500,0.000000,1.000000,1.000000,0.136583,0.862055,0.881111,471.609240,0.849501,0.566334,0.987500,0.726581,211.116094,0.000000,False,False,False,1.000000,1.000000,0.000000,613,"22,71",0.000000,0.000000
1.000000,1.000000,76.000000,2.000000,0.000000,0.000000,3.000000,2.000000,0.000000,0.000000,8.198196,2.000000,0.862500,0.137500,0.000000,1.000000,1.000000,0.121304,0.878625,0.880972,470.879512,0.860237,0.573492,1.000000,0.729728,212.110026,0.000000,False,False,False,1.000000,1.000000,0.000000,614,"22,71",0.000000,0.000000
1.000000,1.000000,76.000000,2.000000,0.000000,0.000000,3.000000,2.000000,0.000000,0.000000,8.055008,2.000000,0.862500,0.137500,0.000000,1.000000,1.000000,0.124287,0.876520,0.898625,470.153325,0.862755,0.575170,1.000000,0.726187,213.103947,0.000000,False,False,False,1.000000,1.000000,0.000000,615,"22,71",0.000000,0.000000
1.000000,1.000000,76.000000,2.000000,0.000000,0.000000,3.000000,2.000000,0.000000,0.000000,8.035355,2.000000,0.862500,0.137500,0.000000,1.000000,1.000000,0.123505,0.871358,0.897435,469.429957,0.864695,0.576463,1.000000,0.723368,214.089582,0.000000,False,False,False,1.000000,1.000000,0.000000,616,"22,71",0.000000,0.000000
1.000000,1.000000,76.000000,2.000000,0.000000,0.000000,3.000000,2.000000,0.000000,0.000000,8.058038,2.000000,0.862500,0.137500,0.000000,1.000000,1.000000,0.135935,0.860676,0.889626,468.718877,0.865301,0.576868,1.000000,0.711081,215.085901,0.000000,False,False,False,1.000000,1.000000,0.000000,617,"22,71",0.000000,0.000000
1.000000,1.000000,76.000000,2.000000,0.000000,0.000000,3.000000,2.000000,0.000000,0.000000,8.072293,2.000000,0.862500,0.137500,0.000000,1.000000,1.000000,0.132698,0.861185,0.890716,468.000919,0.865620,0.577080,1.000000,0.717958,216.078036,0.000000,False,False,False,1.000000,1.000000,0.000000,618,"22,71",0.000000,0.000000
0.000000,0.000000,77.000000,3.000000,0.000000,0.000000,3.000000,3.000000,0.000000,0.000000,8.092331,2.000000,0.862500,0.137500,0.000000,1.000000,1.000000,0.115761,0.876198,0.889146,467.288796,0.864015,0.576010,1.000000,0.712122,217.064296,0.000000,False,False,False,1.000000,1.000000,0.000000,619,"22,31,71",0.000000,0.000000
0.000000,0.000000,77.000000,3.000000,0.000000,0.000000,3.000000,3.000000,1.000000,0.000000,6.693376,2.000000,0.862500,0.137500,0.000000,1.000000,1.000000,0.085680,0.910403,0.912466,466.549857,0.861268,0.574179,1.000000,0.738940,218.041382,0.000000,False,False,False,1.000000,1.000000,0.000000,620,"22,31,71",0.285714,0.500000
0.000000,0.000000,77.000000,3.000000,0.000000,0.000000,3.000000,2.000000,1.000000,0.000000,7.693196,2.000000,0.862500,0.137500,0.000000,1.000000,1.000000,0.092455,0.902899,0.906134,465.812065,0.845401,0.563600,0.987500,0.737791,219.008588,0.000000,False,False,False,1.000000,1.000000,0.000000,621,"22,31,71",0.285714,0.500000
0.000000,0.000000,77.000000,3.000000,0.000000,0.000000,3.000000,2.000000,1.000000,0.000000,7.500865,2.000000,0.862500,0.137500,0.000000,1.000000,1.000000,0.084229,0.914535,0.917598,465.071653,0.838970,0.559313,0.987500,0.740412,219.965921,0.000000,False,False,False,1.000000,1.000000,0.000000,622,"22,31,71",0.285714,0.500000
0.000000,0.000000,77.000000,3.000000,0.000000,0.000000,3.000000,2.000000,1.000000,0.000000,7.474422,2.000000,0.862500,0.137500,0.000000,1.000000,1.000000,0.080338,0.916316,0.921954,464.330679,0.832932,0.555288,0.987500,0.740974,219.965921,0.000000,False,False,False,1.000000,1.000000,0.000000,623,"22,31,71",0.285714,0.500000
0.000000,0.000000,77.000000,3.000000,0.000000,0.000000,3.000000,2.000000,1.000000,0.000000,7.472745,2.000000,0.862500,0.137500,0.000000,1.000000,1.000000,0.088295,0.909667,0.912203,463.598235,0.833304,0.555536,0.987500,0.732444,220.893217,0.000000,False,False,False,1.000000,1.000000,0.000000,624,"22,31,71",0.285714,0.500000
0.000000,0.000000,77.000000,3.000000,0.000000,0.000000,3.000000,1.000000,1.000000,0.000000,7.472745,2.000000,0.862500,0.137500,0.000000,1.000000,1.000000,0.069145,0.927545,0.930017,462.843818,0.815557,0.543705,0.975000,0.754417,220.893217,0.000000,False,False,False,1.000000,1.000000,0.000000,625,"22,31,71",0.285714,0.500000
0.000000,0.000000,77.000000,3.000000,0.000000,0.000000,3.000000,1.000000,1.000000,0.000000,7.472745,2.000000,0.862500,0.137500,0.000000,1.000000,1.000000,0.073169,0.922271,0.925614,462.100625,0.805772,0.537182,0.975000,0.743192,220.893217,0.000000,False,False,False,1.000000,1.000000,0.000000,626,"22,31,71",0.285714,0.500000
0.000000,0.000000,77.000000,3.000000,0.000000,0.000000,3.000000,1.000000,2.000000,0.000000,7.472745,2.000000,0.862500,0.137500,0.000000,1.000000,1.000000,0.088524,0.908860,0.909455,461.373191,0.799625,0.533083,0.975000,0.727434,220.893217,0.000000,False,False,False,1.000000,1.000000,0.000000,627,"22,31,71",0.285714,0.500000
0.000000,0.000000,78.000000,2.000000,0.000000,0.000000,2.000000,0.000000,1.000000,0.000000,7.816491,2.000000,0.862500,0.137500,0.000000,1.000000,1.000000,0.101005,0.898969,0.899797,460.656750,0.802353,0.534902,0.975000,0.716441,220.893217,0.000000,False,False,False,,,,628,"22,71",0.375000,0.750000
0.000000,0.000000,78.000000,2.000000,0.000000,0.000000,2.000000,2.000000,2.000000,0.000000,7.616677,2.000000,0.862500,0.137500,0.000000,1.000000,1.000000,0.096009,0.902157,0.911282,459.943222,0.817941,0.545294,1.000000,0.713528,221.856770,0.000000,False,False,False,1.000000,1.000000,0.000000,629,"22,71",0.222222,0.400000
0.000000,0.000000,78.000000,2.000000,0.000000,0.000000,2.000000,1.000000,1.000000,0.000000,7.584064,2.000000,0.862500,0.137500,0.000000,1.000000,1.000000,0.116318,0.882748,0.886079,459.250480,0.815794,0.543863,0.987500,0.692742,222.823855,0.000000,False,False,False,1.000000,1.000000,0.000000,630,"22,71",0.125000,0.200000
0.000000,0.000000,78.000000,2.000000,0.000000,0.000000,2.000000,2.000000,2.000000,0.000000,7.851252,2.000000,0.862500,0.137500,0.000000,1.000000,1.000000,0.092278,0.907164,0.920670,458.530971,0.821664,0.547776,1.000000,0.719509,223.794210,0.000000,False,False,False,1.000000,1.000000,0.000000,631,"22,71",0.000000,0.000000
0.000000,0.000000,78.000000,2.000000,0.000000,0.000000,2.000000,1.000000,0.000000,0.000000,8.210548,2.000000,0.862500,0.137500,0.000000,1.000000,1.000000,0.102250,0.897029,0.899638,457.830087,0.814260,0.542840,0.987500,0.700884,224.772855,0.000000,False,False,False,1.000000,1.000000,0.000000,632,"22,71",0.000000,0.000000
0.000000,0.000000,78.000000,2.000000,0.000000,0.000000,2.000000,2.000000,0.000000,0.000000,8.250314,2.000000,0.862500,0.137500,0.000000,1.000000,1.000000,0.067642,0.928368,0.934861,457.091826,0.818545,0.545697,1.000000,0.738261,225.756871,0.000000,False,False,False,1.000000,1.000000,0.000000,633,"22,71",0.166667,0.200000
0.000000,0.000000,78.000000,2.000000,0.000000,0.000000,2.000000,2.000000,1.000000,0.000000,7.662112,2.000000,0.862500,0.137500,0.000000,1.000000,1.000000,0.090543,0.908751,0.910719,456.370594,0.820818,0.547212,1.000000,0.721232,226.744176,0.000000,False,False,False,1.000000,1.000000,0.000000,634,"22,71",0.166667,0.200000
0.000000,0.000000,78.000000,2.000000,0.000000,0.000000,2.000000,0.000000,1.000000,0.000000,7.662112,2.000000,0.862500,0.137500,0.000000,1.000000,1.000000,0.096612,0.902210,0.900900,455.651531,0.797447,0.531631,0.975000,0.719063,226.744176,0.000000,False,False,False,,,,635,"22,71",0.166667,0.200000
0.000000,0.000000,78.000000,2.000000,0.000000,0.000000,2.000000,0.000000,1.000000,0.000000,7.662112,2.000000,0.862500,0.137500,0.000000,1.000000,1.000000,0.079675,0.919675,0.918554,454.932043,0.782534,0.521689,0.975000,0.719488,226.744176,0.000000,False,False,False,,,,636,"22,71",0.285714,0.400000
0.000000,0.000000,79.000000,1.000000,0.000000,0.000000,1.000000,0.000000,0.000000,0.000000,8.660936,2.000000,0.862500,0.137500,1.000000,1.000000,0.000000,0.087021,0.911602,0.908304,454.223559,0.783555,0.522370,0.987500,0.708484,226.744176,0.000000,False,False,False,,,,637,71,0.500000,1.000000
0.000000,0.000000,79.000000,1.000000,0.000000,0.000000,1.000000,0.000000,0.000000,0.000000,8.513957,2.000000,0.862500,0.137500,1.000000,1.000000,0.000000,0.073777,0.922008,0.927361,453.503748,0.787972,0.525315,1.000000,0.719811,226.794568,0.000000,False,False,False,,,,638,71,0.555556,0.833333
0.000000,0.000000,79.000000,1.000000,0.000000,0.000000,1.000000,0.000000,0.000000,0.000000,8.324084,2.000000,0.862500,0.137500,1.000000,1.000000,0.000000,0.080730,0.916303,0.921708,452.787665,0.790794,0.527196,1.000000,0.716083,226.802567,0.000000,False,False,False,,,,639,71,0.555556,0.833333
0.000000,0.000000,79.000000,1.000000,0.000000,0.000000,1.000000,0.000000,1.000000,0.000000,7.775970,2.000000,0.862500,0.137500,1.000000,1.000000,0.000000,0.100078,0.898472,0.900088,452.083025,0.793345,0.528897,1.000000,0.704640,226.756965,0.000000,False,False,False,,,,640,71,0.555556,0.833333
0.000000,0.000000,79.000000,1.000000,0.000000,0.000000,1.000000,0.000000,0.000000,0.000000,8.775966,2.000000,0.862500,0.137500,1.000000,1.000000,0.000000,0.069891,0.925630,0.927887,451.351462,0.789395,0.526263,0.987500,0.731563,226.756965,0.000000,False,False,False,,,,641,71,0.555556,0.833333
0.000000,0.000000,79.000000,1.000000,0.000000,0.000000,1.000000,0.000000,0.000000,0.000000,8.995864,2.000000,0.862500,0.137500,1.000000,1.000000,0.000000,0.084639,0.911298,0.910469,450.627258,0.791886,0.527924,1.000000,0.724204,226.042935,0.000000,False,False,False,0.892537,1.000000,0.785075,642,71,0.600000,1.000000
0.000000,0.000000,79.000000,1.000000,0.000000,0.000000,1.000000,0.000000,0.000000,0.000000,9.216839,2.000000,0.862500,0.137500,1.000000,1.000000,0.000000,0.067353,0.930299,0.930810,449.886098,0.794947,0.529965,1.000000,0.741159,225.255818,0.000000,False,False,False,0.983896,1.000000,0.967793,643,71,0.600000,1.000000
0.000000,0.000000,79.000000,1.000000,0.000000,0.000000,1.000000,0.000000,0.000000,0.000000,9.450822,2.000000,0.862500,0.137500,1.000000,1.000000,0.000000,0.068767,0.930975,0.928333,449.143300,0.797970,0.531980,1.000000,0.742799,224.469191,0.000000,False,False,False,0.983284,1.000000,0.966569,644,71,0.600000,1.000000
0.000000,0.000000,79.000000,1.000000,0.000000,0.000000,1.000000,0.000000,0.000000,0.000000,9.707875,2.000000,0.862500,0.137500,1.000000,1.000000,0.000000,0.061238,0.934374,0.937133,448.391554,0.801015,0.534010,1.000000,0.751746,223.681034,0.000000,False,False,False,0.985195,1.000000,0.970390,645,71,0.600000,1.000000
0.000000,0.000000,79.000000,1.000000,0.000000,0.000000,1.000000,0.000000,0.000000,0.000000,9.964081,2.000000,0.862500,0.137500,1.000000,1.000000,0.000000,0.052269,0.944601,0.947298,447.629712,0.804141,0.536094,1.000000,0.761842,222.896912,0.000000,False,False,False,0.980153,1.000000,0.960305,646,71,0.600000,1.000000
0.000000,0.000000,79.000000,1.000000,0.000000,0.000000,1.000000,0.000000,0.000000,0.000000,10.096436,2.000000,0.862500,0.137500,1.000000,1.000000,0.000000,0.073883,0.921394,0.926374,446.882105,0.807586,0.538390,1.000000,0.747607,222.111843,0.000000,False,False,False,0.981337,1.000000,0.962673,647,71,0.600000,1.000000
0.000000,0.000000,79.000000,1.000000,0.000000,0.000000,1.000000,0.000000,0.000000,0.000000,10.098820,2.000000,0.862500,0.137500,1.000000,1.000000,0.000000,0.064021,0.932475,0.935364,446.122808,0.811430,0.540953,1.000000,0.759297,221.326188,0.000000,False,False,False,0.982069,1.000000,0.964138,648,71,0.600000,1.000000
0.000000,0.000000,79.000000,1.000000,0.000000,0.000000,1.000000,0.000000,0.000000,0.000000,10.140210,2.000000,0.862500,0.137500,1.000000,1.000000,0.000000,0.068379,0.932239,0.928861,445.363595,0.814501,0.543001,1.000000,0.759212,220.531753,0.000000,False,False,False,0.993044,1.000000,0.986088,649,71,0.600000,1.000000
0.000000,0.000000,79.000000,1.000000,0.000000,0.000000,1.000000,0.000000,0.000000,0.000000,10.182862,2.000000,0.862500,0.137500,1.000000,1.000000,0.000000,0.069079,0.930530,0.929350,444.602514,0.816858,0.544572,1.000000,0.761081,219.738478,0.000000,False,False,False,0.991594,1.000000,0.983187,650,71,0.600000,1.000000
0.000000,0.000000,79.000000,1.000000,0.000000,0.000000,1.000000,0.000000,0.000000,0.000000,10.226755,2.000000,0.862500,0.137500,1.000000,1.000000,0.000000,0.060992,0.934229,0.936655,443.833028,0.818824,0.545883,1.000000,0.769486,218.944896,0.000000,False,False,False,0.991977,1.000000,0.983954,651,71,0.600000,1.000000
0.000000,0.000000,79.000000,1.000000,0.000000,0.000000,1.000000,0.000000,0.000000,0.000000,10.381628,2.000000,0.862500,0.137500,1.000000,1.000000,0.000000,0.077967,0.919582,0.921791,443.075308,0.820931,0.547287,1.000000,0.757720,217.878704,0.000000,False,False,False,0.991965,1.000000,0.983929,652,71,0.600000,1.000000
0.000000,0.000000,79.000000,1.000000,0.000000,0.000000,1.000000,0.000000,0.000000,0.000000,10.537900,2.000000,0.862500,0.137500,1.000000,1.000000,0.000000,0.076957,0.921280,0.922238,442.314300,0.823454,0.548969,1.000000,0.761007,216.808156,0.000000,False,False,False,0.989888,1.000000,0.979776,653,71,0.600000,1.000000
0.000000,0.000000,79.000000,1.000000,0.000000,0.000000,1.000000,0.000000,0.000000,0.000000,10.685324,2.000000,0.862500,0.137500,1.000000,1.000000,0.000000,0.061059,0.937909,0.936334,441.538034,0.825757,0.550505,1.000000,0.776266,215.725267,0.000000,False,False,False,0.989671,1.000000,0.979341,654,71,0.600000,1.000000
0.000000,0.000000,79.000000,1.000000,0.000000,0.000000,1.000000,0.000000,0.000000,0.000000,10.859838,2.000000,0.862500,0.137500,1.000000,1.000000,0.000000,0.074095,0.922428,0.924325,440.770784,0.827843,0.551896,1.000000,0.767250,214.619676,0.000000,False,False,False,0.994674,1.000000,0.989349,655,71,0.600000,1.000000
0.000000,0.000000,79.000000,1.000000,0.000000,0.000000,1.000000,0.000000,0.000000,0.000000,11.038555,2.000000,0.862500,0.137500,1.000000,1.000000,0.000000,0.073148,0.924231,0.921823,440.000548,0.829759,0.553173,1.000000,0.770236,213.500806,0.000000,False,False,False,0.995427,1.000000,0.990853,656,71,0.600000,1.000000
0.000000,0.000000,79.000000,1.000000,0.000000,0.000000,1.000000,0.000000,0.000000,0.000000,10.898503,2.000000,0.862500,0.137500,1.000000,1.000000,0.000000,0.074128,0.922438,0.923113,439.228564,0.831670,0.554447,1.000000,0.771984,212.378831,0.000000,False,False,False,0.996109,1.000000,0.992219,657,71,0.600000,1.000000
0.000000,0.000000,79.000000,1.000000,0.000000,0.000000,1.000000,0.000000,0.000000,0.000000,11.275219,2.000000,0.862500,0.137500,1.000000,1.000000,0.000000,0.061683,0.939702,0.938934,438.445017,0.833283,0.555522,1.000000,0.783547,211.254134,0.000000,False,False,False,0.996727,1.000000,0.993455,658,71,0.600000,1.000000
0.000000,0.000000,79.000000,1.000000,0.000000,0.000000,1.000000,0.000000,0.000000,0.000000,11.279809,2.000000,0.862500,0.137500,1.000000,1.000000,0.000000,0.051489,0.946078,0.950108,437.651916,0.834685,0.556457,1.000000,0.793101,210.125108,0.000000,False,False,False,0.997194,1.000000,0.994389,659,71,0.600000,1.000000
0.000000,0.000000,79.000000,1.000000,0.000000,0.000000,1.000000,0.000000,0.000000,0.000000,11.025058,2.000000,0.862500,0.137500,1.000000,1.000000,0.000000,0.057657,0.937542,0.940143,436.864491,0.835938,0.557292,1.000000,0.787425,208.991395,0.000000,False,False,False,0.997574,1.000000,0.995147,660,71,0.555556,0.833333
0.000000,0.000000,79.000000,1.000000,0.000000,0.000000,1.000000,0.000000,0.000000,0.000000,11.195259,2.000000,0.862500,0.137500,1.000000,1.000000,0.000000,0.079307,0.915264,0.917149,436.091698,0.837018,0.558012,1.000000,0.772793,207.862949,0.000000,False,False,False,0.988127,1.000000,0.976253,661,71,0.555556,0.833333
0.000000,0.000000,79.000000,1.000000,0.000000,0.000000,1.000000,0.000000,0.000000,0.000000,11.225022,2.000000,0.862500,0.137500,1.000000,1.000000,0.000000,0.075503,0.924902,0.923172,435.315234,0.838117,0.558745,1.000000,0.776464,206.749066,0.000000,False,False,False,0.987953,1.000000,0.975906,662,71,0.555556,0.833333
0.000000,0.000000,79.000000,1.000000,0.000000,0.000000,1.000000,0.000000,0.000000,0.000000,11.244392,2.000000,0.862500,0.137500,1.000000,1.000000,0.000000,0.069483,0.927653,0.928369,434.534013,0.838756,0.559171,1.000000,0.781221,205.692218,0.000000,False,False,False,0.981294,1.000000,0.962588,663,71,0.555556,0.833333
0.000000,0.000000,79.000000,1.000000,0.000000,0.000000,1.000000,0.000000,0.000000,0.000000,11.243280,2.000000,0.862500,0.137500,1.000000,1.000000,0.000000,0.071455,0.923710,0.926977,433.755074,0.839618,0.559745,1.000000,0.778939,204.588435,0.000000,False,False,False,0.966760,1.000000,0.933520,664,71,0.555556,0.833333
0.000000,0.000000,79.000000,1.000000,0.000000,0.000000,1.000000,0.000000,0.000000,0.000000,11.200425,2.000000,0.862500,0.137500,1.000000,1.000000,0.000000,0.061309,0.936659,0.936620,432.964710,0.840249,0.560166,1.000000,0.790363,203.452752,0.000000,False,False,False,0.978386,1.000000,0.956773,665,71,0.555556,0.833333
0.000000,0.000000,79.000000,1.000000,0.000000,0.000000,1.000000,0.000000,0.000000,0.000000,11.137912,2.000000,0.862500,0.137500,1.000000,1.000000,0.000000,0.069424,0.927884,0.932722,432.180977,0.841350,0.560900,1.000000,0.783733,202.387575,0.000000,False,False,False,0.998684,1.000000,0.997367,666,71,0.555556,0.833333
0.000000,0.000000,79.000000,1.000000,0.000000,0.000000,1.000000,0.000000,0.000000,0.000000,11.108754,2.000000,0.862500,0.137500,1.000000,1.000000,0.000000,0.054802,0.945739,0.947850,431.383044,0.842248,0.561499,1.000000,0.797933,201.252229,0.000000,False,False,False,0.998298,1.000000,0.996596,667,71,0.555556,0.833333
0.000000,0.000000,79.000000,1.000000,0.000000,0.000000,1.000000,0.000000,0.000000,0.000000,11.097622,2.000000,0.862500,0.137500,1.000000,1.000000,0.000000,0.050385,0.946207,0.948181,430.580619,0.843263,0.562175,1.000000,0.802424,200.127493,0.000000,False,False,False,0.994395,1.000000,0.988789,668,71,0.555556,0.833333
0.000000,0.000000,79.000000,1.000000,0.000000,0.000000,1.000000,0.000000,0.000000,0.000000,11.079796,2.000000,0.862500,0.137500,1.000000,1.000000,0.000000,0.077747,0.918665,0.922093,429.800185,0.844077,0.562718,1.000000,0.780434,198.997515,0.000000,False,False,False,0.995808,1.000000,0.991616,669,71,0.500000,0.833333
0.000000,0.000000,79.000000,1.000000,0.000000,0.000000,1.000000,0.000000,0.000000,0.000000,11.079124,2.000000,0.862500,0.137500,1.000000,1.000000,0.000000,0.073246,0.923777,0.927984,429.015108,0.844564,0.563043,1.000000,0.785077,197.856412,0.000000,False,False,False,0.979885,1.000000,0.959770,670,71,0.500000,0.833333
0.000000,0.000000,79.000000,1.000000,0.000000,0.000000,1.000000,0.000000,0.000000,0.000000,11.064435,2.000000,0.862500,0.137500,1.000000,1.000000,0.000000,0.061581,0.936481,0.937231,428.219652,0.845615,0.563743,1.000000,0.795456,196.711964,0.000000,False,False,False,0.998803,1.000000,0.997606,671,71,0.500000,0.833333
0.000000,0.000000,79.000000,1.000000,0.000000,0.000000,1.000000,0.000000,0.000000,0.000000,10.945915,2.000000,0.862500,0.137500,1.000000,1.000000,0.000000,0.073918,0.921420,0.924781,427.432835,0.846915,0.564610,1.000000,0.786817,195.569465,0.000000,False,False,False,0.998603,1.000000,0.997206,672,71,0.500000,0.833333
0.000000,0.000000,79.000000,1.000000,0.000000,0.000000,1.000000,0.000000,0.000000,0.000000,11.072672,2.000000,0.862500,0.137500,1.000000,1.000000,0.000000,0.061095,0.941487,0.940102,426.634315,0.848054,0.565369,1.000000,0.798520,194.494953,0.000000,False,False,False,0.998260,1.000000,0.996520,673,71,0.500000,0.833333
0.000000,0.000000,79.000000,1.000000,0.000000,0.000000,1.000000,0.000000,0.000000,0.000000,11.072025,2.000000,0.862500,0.137500,1.000000,1.000000,0.000000,0.087464,0.912726,0.914244,425.855517,0.849378,0.566252,1.000000,0.778798,193.351605,0.000000,False,False,False,0.998047,1.000000,0.996093,674,71,0.500000,0.833333
0.000000,0.000000,79.000000,1.000000,0.000000,0.000000,1.000000,0.000000,0.000000,0.000000,11.074942,2.000000,0.862500,0.137500,1.000000,1.000000,0.000000,0.061345,0.938225,0.942251,425.055849,0.850680,0.567120,1.000000,0.799668,192.208522,0.000000,False,False,False,0.998125,1.000000,0.996250,675,71,0.500000,0.833333
0.000000,0.000000,79.000000,1.000000,0.000000,0.000000,1.000000,0.000000,0.000000,0.000000,11.077442,2.000000,0.862500,0.137500,1.000000,1.000000,0.000000,0.051549,0.944569,0.950655,424.247782,0.852138,0.568092,1.000000,0.808067,191.071585,0.000000,False,False,False,0.994510,1.000000,0.989019,676,71,0.500000,0.833333
0.000000,0.000000,79.000000,1.000000,0.000000,0.000000,1.000000,0.000000,0.000000,0.000000,10.893021,2.000000,0.862500,0.137500,1.000000,1.000000,0.000000,0.090351,0.906694,0.905350,423.468485,0.853586,0.569057,1.000000,0.779297,189.990937,0.000000,False,False,False,0.994832,1.000000,0.989665,677,71,0.500000,0.833333
0.000000,0.000000,79.000000,1.000000,0.000000,0.000000,1.000000,0.000000,0.000000,0.000000,10.840495,2.000000,0.862500,0.137500,1.000000,1.000000,0.000000,0.078013,0.922833,0.922258,422.677059,0.854879,0.569920,1.000000,0.791426,188.851021,0.000000,False,False,False,0.976444,1.000000,0.952887,678,71,0.555556,0.833333
0.000000,0.000000,79.000000,1.000000,0.000000,0.000000,1.000000,0.000000,0.000000,0.000000,11.077769,2.000000,0.862500,0.137500,1.000000,1.000000,0.000000,0.073252,0.927217,0.925142,421.879786,0.856809,0.571206,1.000000,0.797273,187.703598,0.000000,False,False,False,0.994394,1.000000,0.988788,679,71,0.555556,0.833333
0.000000,0.000000,79.000000,1.000000,0.000000,0.000000,1.000000,0.000000,0.000000,0.000000,11.067663,2.000000,0.862500,0.137500,1.000000,1.000000,0.000000,0.079754,0.920895,0.920524,421.086540,0.858156,0.572104,1.000000,0.793246,186.554497,0.000000,False,False,False,0.998754,1.000000,0.997507,680,71,0.555556,0.833333
0.000000,0.000000,79.000000,1.000000,0.000000,0.000000,1.000000,0.000000,0.000000,0.000000,11.040513,2.000000,0.862500,0.137500,1.000000,1.000000,0.000000,0.052941,0.946773,0.944299,420.269454,0.860181,0.573454,1.000000,0.817086,185.411258,0.000000,False,False,False,0.996277,1.000000,0.992555,681,71,0.555556,0.833333
0.000000,0.000000,79.000000,1.000000,0.000000,0.000000,1.000000,0.000000,0.000000,0.000000,11.017493,2.000000,0.862500,0.137500,1.000000,1.000000,0.000000,0.063466,0.932352,0.936816,419.460763,0.861879,0.574586,1.000000,0.808691,184.265124,0.000000,False,False,False,0.997971,1.000000,0.995941,682,71,0.555556,0.833333
0.000000,0.000000,79.000000,1.000000,0.000000,0.000000,1.000000,0.000000,0.000000,0.000000,11.048164,2.000000,0.862500,0.137500,1.000000,1.000000,0.000000,0.076944,0.919521,0.922764,418.660239,0.863492,0.575661,1.000000,0.800524,183.177865,0.000000,False,False,False,0.996429,1.000000,0.992858,683,71,0.555556,0.833333
0.000000,0.000000,79.000000,1.000000,0.000000,0.000000,1.000000,0.000000,0.000000,0.000000,11.053167,2.000000,0.862500,0.137500,1.000000,1.000000,0.000000,0.062581,0.936868,0.936984,417.846231,0.865638,0.577092,1.000000,0.814008,182.029434,0.000000,False,False,False,0.998519,1.000000,0.997038,684,71,0.625000,0.833333
0.000000,0.000000,79.000000,1.000000,0.000000,0.000000,1.000000,0.000000,0.000000,0.000000,11.072858,2.000000,0.862500,0.137500,1.000000,1.000000,0.000000,0.069933,0.927093,0.930853,417.037359,0.867354,0.578236,1.000000,0.808871,180.882003,0.000000,False,False,False,0.998813,1.000000,0.997627,685,71,0.625000,0.833333
0.000000,0.000000,79.000000,1.000000,0.000000,0.000000,1.000000,0.000000,0.000000,0.000000,11.100418,2.000000,0.862500,0.137500,1.000000,1.000000,0.000000,0.076096,0.920545,0.924511,416.230936,0.869644,0.579762,1.000000,0.806424,179.792799,0.000000,False,False,False,0.982412,1.000000,0.964825,686,71,0.625000,0.833333
0.000000,0.000000,79.000000,1.000000,0.000000,0.000000,1.000000,0.000000,0.000000,0.000000,11.130046,2.000000,0.862500,0.137500,1.000000,1.000000,0.000000,0.068267,0.930866,0.930852,415.415366,0.871810,0.581207,1.000000,0.815570,178.644864,0.000000,False,False,False,0.998152,1.000000,0.996304,687,71,0.625000,0.833333
0.000000,0.000000,79.000000,1.000000,0.000000,0.000000,1.000000,0.000000,0.000000,0.000000,11.066326,2.000000,0.862500,0.137500,1.000000,1.000000,0.000000,0.053151,0.945139,0.947184,414.585678,0.874219,0.582813,1.000000,0.829687,177.497067,0.000000,False,False,False,0.998823,1.000000,0.997647,688,71,0.625000,0.833333
0.000000,0.000000,79.000000,1.000000,0.000000,0.000000,1.000000,0.000000,0.000000,0.000000,11.049351,2.000000,0.862500,0.137500,1.000000,1.000000,0.000000,0.064724,0.934357,0.935984,413.763184,0.877034,0.584689,1.000000,0.822494,176.348619,0.000000,False,False,False,0.996340,1.000000,0.992680,689,71,0.714286,0.833333
0.000000,0.000000,79.000000,1.000000,0.000000,0.000000,1.000000,0.000000,0.000000,0.000000,10.954318,2.000000,0.862500,0.137500,1.000000,1.000000,0.000000,0.087799,0.913881,0.915056,412.960152,0.879637,0.586425,1.000000,0.803032,175.199577,0.000000,False,False,False,0.998971,1.000000,0.997942,690,71,0.714286,0.833333
0.000000,0.000000,79.000000,1.000000,0.000000,0.000000,1.000000,0.000000,0.000000,0.000000,10.982579,2.000000,0.862500,0.137500,1.000000,1.000000,0.000000,0.057384,0.941951,0.943269,412.125914,0.883147,0.588765,1.000000,0.834238,174.055835,0.000000,False,False,False,0.995334,1.000000,0.990668,691,71,0.714286,0.833333
0.000000,0.000000,79.000000,1.000000,0.000000,0.000000,1.000000,0.000000,0.000000,0.000000,10.921903,2.000000,0.862500,0.137500,1.000000,1.000000,0.000000,0.063544,0.934996,0.938627,411.293310,0.885805,0.590536,1.000000,0.832604,172.911986,0.000000,False,False,False,0.984720,1.000000,0.969441,692,71,0.714286,0.833333
0.000000,0.000000,79.000000,1.000000,0.000000,0.000000,1.000000,0.000000,0.000000,0.000000,11.046545,2.000000,0.862500,0.137500,1.000000,1.000000,0.000000,0.063519,0.936339,0.937541,410.458178,0.888526,0.592351,1.000000,0.835132,171.820763,0.000000,False,False,False,0.996339,1.000000,0.992678,693,71,0.714286,0.833333
0.000000,0.000000,79.000000,1.000000,0.000000,0.000000,1.000000,0.000000,0.000000,0.000000,11.100627,2.000000,0.862500,0.137500,1.000000,1.000000,0.000000,0.052926,0.944681,0.948281,409.612906,0.891021,0.594014,1.000000,0.845271,170.671689,0.000000,False,False,False,0.998497,1.000000,0.996995,694,71,0.714286,0.833333
0.000000,0.000000,79.000000,1.000000,0.000000,0.000000,1.000000,0.000000,0.000000,0.000000,11.209463,2.000000,0.862500,0.137500,1.000000,1.000000,0.000000,0.064433,0.930297,0.933872,408.775945,0.893501,0.595667,1.000000,0.836962,169.523259,0.000000,False,False,False,0.998945,1.000000,0.997890,695,71,0.714286,0.833333
0.000000,0.000000,79.000000,1.000000,0.000000,0.000000,1.000000,0.000000,0.000000,0.000000,11.087800,2.000000,0.862500,0.137500,1.000000,1.000000,0.000000,0.065973,0.935377,0.935208,407.936819,0.895548,0.597032,1.000000,0.839126,168.377316,0.000000,False,False,False,0.992913,1.000000,0.985825,696,71,0.833333,0.833333
0.000000,0.000000,79.000000,1.000000,0.000000,0.000000,1.000000,0.000000,0.000000,0.000000,10.750377,2.000000,0.862500,0.137500,1.000000,1.000000,0.000000,0.072699,0.925050,0.926271,407.099916,0.899666,0.599777,1.000000,0.836903,167.229179,0.000000,False,False,False,0.998656,1.000000,0.997312,697,71,0.833333,0.833333
0.000000,0.000000,79.000000,1.000000,0.000000,0.000000,1.000000,0.000000,0.000000,0.000000,10.926733,2.000000,0.862500,0.137500,1.000000,1.000000,0.000000,0.066972,0.931864,0.932251,406.254527,0.903878,0.602585,1.000000,0.845389,166.080950,0.000000,False,False,False,0.998661,1.000000,0.997322,698,71,0.833333,0.833333
0.000000,0.000000,79.000000,1.000000,0.000000,0.000000,1.000000,0.000000,0.000000,0.000000,11.050993,2.000000,0.862500,0.137500,1.000000,1.000000,0.000000,0.065827,0.930910,0.936218,405.404534,0.908001,0.605334,1.000000,0.849994,164.982213,0.000000,False,False,False,0.986067,1.000000,0.972135,699,71,0.833333,0.833333
0.000000,0.000000,79.000000,1.000000,0.000000,0.000000,1.000000,0.000000,0.000000,0.000000,11.173438,2.000000,0.862500,0.137500,1.000000,1.000000,0.000000,0.059028,0.939599,0.938004,404.544297,0.911725,0.607817,1.000000,0.860236,163.833181,0.000000,False,False,False,0.997600,1.000000,0.995201,700,71,1.000000,0.833333
0.000000,0.000000,79.000000,1.000000,0.000000,0.000000,1.000000,0.000000,0.000000,0.000000,11.139693,2.000000,0.862500,0.137500,1.000000,1.000000,0.000000,0.074202,0.926877,0.929014,403.693887,0.915622,0.610415,1.000000,0.850411,162.687330,0.000000,False,False,False,0.996390,1.000000,0.992781,701,71,1.000000,0.833333
0.000000,0.000000,79.000000,1.000000,0.000000,0.000000,1.000000,0.000000,0.000000,0.000000,10.805184,2.000000,0.862500,0.137500,1.000000,1.000000,0.000000,0.073712,0.925045,0.924632,402.839177,0.919085,0.612724,1.000000,0.854709,161.539841,0.000000,False,False,False,0.998170,1.000000,0.996340,702,71,1.000000,0.833333
0.000000,0.000000,79.000000,1.000000,0.000000,0.000000,1.000000,0.000000,0.000000,0.000000,10.842804,2.000000,0.862500,0.137500,1.000000,1.000000,0.000000,0.058279,0.941551,0.941465,401.968058,0.923098,0.615399,1.000000,0.871120,160.391313,0.000000,False,False,False,0.996311,1.000000,0.992623,703,71,1.000000,0.833333
0.000000,0.000000,79.000000,1.000000,0.000000,0.000000,1.000000,0.000000,0.000000,0.000000,11.095603,2.000000,0.862500,0.137500,1.000000,1.000000,0.000000,0.052435,0.947720,0.949928,401.088336,0.926712,0.617808,1.000000,0.879721,159.241782,0.000000,False,False,False,0.999038,1.000000,0.998076,704,71,1.000000,0.833333
0.000000,0.000000,79.000000,1.000000,0.000000,0.000000,1.000000,0.000000,0.000000,0.000000,10.688296,2.000000,0.862500,0.137500,1.000000,1.000000,0.000000,0.082233,0.917198,0.918679,400.231468,0.929540,0.619693,1.000000,0.856869,158.097106,0.000000,False,False,False,0.987949,1.000000,0.975898,705,71,1.000000,0.833333
0.000000,0.000000,79.000000,1.000000,0.000000,0.000000,1.000000,0.000000,0.000000,0.000000,11.061847,2.000000,0.862500,0.137500,1.000000,1.000000,0.000000,0.087842,0.910733,0.914073,399.375567,0.933282,0.622188,1.000000,0.855900,157.010386,0.000000,False,False,False,0.992982,1.000000,0.985965,706,71,1.000000,0.833333
0.000000,0.000000,79.000000,1.000000,0.000000,0.000000,1.000000,0.000000,0.000000,0.000000,11.123484,2.000000,0.862500,0.137500,1.000000,1.000000,0.000000,0.070217,0.928957,0.930252,398.502592,0.936185,0.624124,1.000000,0.872975,155.861828,0.000000,False,False,False,0.998385,1.000000,0.996770,707,71,1.000000,0.833333
0.000000,0.000000,79.000000,1.000000,0.000000,0.000000,1.000000,0.000000,0.000000,0.000000,11.013173,2.000000,0.862500,0.137500,1.000000,1.000000,0.000000,0.074006,0.922554,0.922470,397.631269,0.939749,0.626499,1.000000,0.871323,154.713244,0.000000,False,False,False,0.998824,1.000000,0.997647,708,71,1.000000,0.666667
0.000000,0.000000,79.000000,1.000000,0.000000,0.000000,1.000000,0.000000,0.000000,0.000000,11.128186,2.000000,0.862500,0.137500,1.000000,1.000000,0.000000,0.076076,0.919584,0.920470,396.760794,0.941295,0.627530,1.000000,0.870475,153.564775,0.000000,False,False,False,0.996404,1.000000,0.992807,709,71,1.000000,0.666667
0.000000,0.000000,79.000000,1.000000,0.000000,0.000000,1.000000,0.000000,0.000000,0.000000,10.833054,2.000000,0.862500,0.137500,1.000000,1.000000,0.000000,0.073853,0.922279,0.921976,395.883196,0.945840,0.630560,1.000000,0.877599,152.415261,0.000000,False,False,False,0.998901,1.000000,0.997803,710,71,1.000000,0.666667
0.000000,0.000000,79.000000,1.000000,0.000000,0.000000,1.000000,0.000000,0.000000,0.000000,10.868039,2.000000,0.862500,0.137500,1.000000,1.000000,0.000000,0.041749,0.955415,0.956618,394.973625,0.949182,0.632788,1.000000,0.909570,151.271272,0.000000,False,False,False,0.985168,1.000000,0.970335,711,71,1.000000,0.666667
0.000000,0.000000,79.000000,1.000000,0.000000,0.000000,1.000000,0.000000,0.000000,0.000000,10.932515,2.000000,0.862500,0.137500,1.000000,1.000000,0.000000,0.056321,0.944604,0.941980,394.074130,0.951463,0.634309,1.000000,0.899495,150.122805,0.000000,False,False,False,0.998539,1.000000,0.997079,712,71,1.000000,0.666667
0.000000,0.000000,79.000000,1.000000,0.000000,0.000000,1.000000,0.000000,0.000000,0.000000,11.342795,2.000000,0.862500,0.137500,1.000000,1.000000,0.000000,0.074458,0.926644,0.925874,393.189458,0.952718,0.635145,1.000000,0.884672,149.028574,0.000000,False,False,False,0.996582,1.000000,0.993165,713,71,1.000000,0.666667
0.000000,0.000000,79.000000,1.000000,0.000000,0.000000,1.000000,0.000000,0.000000,0.000000,10.938927,2.000000,0.862500,0.137500,1.000000,1.000000,0.000000,0.072125,0.926683,0.927593,392.299434,0.957113,0.638076,1.000000,0.890024,147.879386,0.000000,False,False,False,0.998272,1.000000,0.996544,714,71,1.000000,0.666667
0.000000,0.000000,79.000000,1.000000,0.000000,0.000000,1.000000,0.000000,0.000000,0.000000,10.532459,2.000000,0.862500,0.137500,1.000000,1.000000,0.000000,0.084182,0.911227,0.914210,391.419302,0.958927,0.639285,1.000000,0.880133,146.730024,0.000000,False,False,False,0.998957,1.000000,0.997914,715,71,1.000000,0.666667
0.000000,0.000000,79.000000,1.000000,0.000000,0.000000,1.000000,0.000000,0.000000,0.000000,10.731905,2.000000,0.862500,0.137500,1.000000,1.000000,0.000000,0.081026,0.914297,0.918946,390.536930,0.959713,0.639809,1.000000,0.882371,145.583030,0.000000,False,False,False,0.993346,1.000000,0.986691,716,71,1.000000,0.666667
0.000000,0.000000,79.000000,1.000000,0.000000,0.000000,1.000000,0.000000,0.000000,0.000000,10.647324,2.000000,0.862500,0.137500,1.000000,1.000000,0.000000,0.089292,0.909005,0.912322,389.658528,0.963987,0.642658,1.000000,0.878402,144.438304,0.000000,False,False,False,0.988722,1.000000,0.977443,717,71,1.000000,0.666667
0.000000,0.000000,79.000000,1.000000,0.000000,0.000000,1.000000,0.000000,0.000000,0.000000,10.671353,2.000000,0.862500,0.137500,1.000000,1.000000,0.000000,0.065158,0.929710,0.937898,388.755469,0.967116,0.644744,1.000000,0.903059,143.289063,0.000000,False,False,False,0.998542,1.000000,0.997084,718,71,1.000000,0.500000
0.000000,0.000000,79.000000,1.000000,0.000000,0.000000,1.000000,0.000000,0.000000,0.000000,10.707221,2.000000,0.862500,0.137500,1.000000,1.000000,0.000000,0.059043,0.937683,0.939665,387.842995,0.968826,0.645884,1.000000,0.912475,142.140060,0.000000,False,False,False,0.998554,1.000000,0.997109,719,71,1.000000,0.500000
0.000000,0.000000,79.000000,1.000000,0.000000,0.000000,1.000000,0.000000,0.000000,0.000000,10.690819,2.000000,0.862500,0.137500,1.000000,1.000000,0.000000,0.060421,0.936171,0.941507,386.929042,0.971136,0.647424,1.000000,0.913953,140.993492,0.000000,False,False,False,0.992621,1.000000,0.985242,720,71,1.000000,0.500000
0.000000,0.000000,79.000000,1.000000,0.000000,0.000000,1.000000,0.000000,0.000000,0.000000,10.717296,2.000000,0.862500,0.137500,1.000000,1.000000,0.000000,0.077823,0.924189,0.921418,386.032045,0.971710,0.647807,1.000000,0.896997,139.844322,0.000000,False,False,False,0.998354,1.000000,0.996708,721,71,1.000000,0.500000
0.000000,0.000000,79.000000,1.000000,0.000000,0.000000,1.000000,0.000000,0.000000,0.000000,10.831237,2.000000,0.862500,0.137500,1.000000,1.000000,0.000000,0.079238,0.918910,0.918122,385.131943,0.975698,0.650466,1.000000,0.900102,138.714552,0.000000,False,False,False,0.950516,1.000000,0.901032,722,71,1.000000,0.500000
0.000000,0.000000,79.000000,1.000000,0.000000,0.000000,1.000000,0.000000,0.000000,0.000000,10.859010,2.000000,0.862500,0.137500,1.000000,1.000000,0.000000,0.061412,0.937902,0.938740,384.215173,0.975845,0.650564,1.000000,0.916770,137.569603,0.000000,False,False,False,0.995389,1.000000,0.990778,723,71,1.000000,0.500000
0.000000,0.000000,79.000000,1.000000,0.000000,0.000000,1.000000,0.000000,0.000000,0.000000,11.073565,2.000000,0.862500,0.137500,1.000000,1.000000,0.000000,0.083694,0.912950,0.915764,383.315337,0.980324,0.653550,1.000000,0.899835,136.474791,0.000000,False,False,False,0.996162,1.000000,0.992324,724,71,1.000000,0.500000
0.000000,0.000000,79.000000,1.000000,0.000000,0.000000,1.000000,0.000000,0.000000,0.000000,10.785941,2.000000,0.862500,0.137500,1.000000,1.000000,0.000000,0.060979,0.936903,0.939188,382.390951,0.982482,0.654988,1.000000,0.924387,135.326256,0.000000,False,False,False,0.996603,1.000000,0.993206,725,71,1.000000,0.500000
0.000000,0.000000,79.000000,1.000000,0.000000,0.000000,1.000000,0.000000,0.000000,0.000000,10.644081,2.000000,0.862500,0.137500,1.000000,1.000000,0.000000,0.088451,0.911049,0.908996,381.491554,0.983135,0.655423,1.000000,0.899397,134.179932,0.000000,False,False,False,0.995192,1.000000,0.990383,726,71,1.000000,0.500000
0.000000,0.000000,79.000000,1.000000,0.000000,0.000000,1.000000,0.000000,0.000000,0.000000,10.632939,2.000000,0.862500,0.137500,1.000000,1.000000,0.000000,0.063351,0.938162,0.938291,380.564470,0.987256,0.658171,1.000000,0.927084,133.031643,0.000000,False,False,False,0.996211,1.000000,0.992421,727,71,1.000000,0.500000
0.000000,0.000000,79.000000,1.000000,0.000000,0.000000,1.000000,0.000000,0.000000,0.000000,10.683084,2.000000,0.862500,0.137500,1.000000,1.000000,0.000000,0.067554,0.935330,0.933806,379.640701,0.989069,0.659380,1.000000,0.923769,131.882602,0.000000,False,False,False,0.997599,1.000000,0.995199,728,71,1.000000,0.500000
0.000000,0.000000,79.000000,1.000000,0.000000,0.000000,1.000000,0.000000,0.000000,0.000000,9.970949,2.000000,0.862500,0.137500,1.000000,1.000000,0.000000,0.079361,0.921232,0.921545,378.726796,0.990760,0.660507,1.000000,0.913905,130.754794,0.000000,False,False,False,0.944757,1.000000,0.889514,729,71,1.000000,0.500000
0.000000,0.000000,79.000000,1.000000,0.000000,0.000000,1.000000,0.000000,0.000000,0.000000,10.153841,2.000000,0.862500,0.137500,1.000000,1.000000,0.000000,0.086672,0.913189,0.914712,377.818806,0.993338,0.662226,1.000000,0.907990,129.667280,0.000000,False,False,False,0.990221,1.000000,0.980443,730,71,1.000000,0.500000
0.000000,0.000000,79.000000,1.000000,0.000000,0.000000,1.000000,0.000000,0.000000,0.000000,10.140708,2.000000,0.862500,0.137500,1.000000,1.000000,0.000000,0.096695,0.901329,0.905346,376.923181,0.994331,0.662888,1.000000,0.895626,128.519371,0.000000,False,False,False,0.996315,1.000000,0.992630,731,71,1.000000,0.500000
0.000000,0.000000,79.000000,1.000000,0.000000,0.000000,1.000000,0.000000,0.000000,0.000000,10.141438,2.000000,0.862500,0.137500,1.000000,1.000000,0.000000,0.102678,0.886244,0.900739,376.035575,0.996978,0.664652,1.000000,0.887606,127.371267,0.000000,False,False,False,0.996328,1.000000,0.992656,732,71,1.000000,0.500000
0.000000,0.000000,79.000000,1.000000,0.000000,0.000000,1.000000,0.000000,0.000000,0.000000,10.193023,2.000000,0.862500,0.137500,1.000000,1.000000,0.000000,0.087922,0.898973,0.920245,375.132991,0.998064,0.665376,1.000000,0.902584,126.224171,0.000000,False,False,False,0.994473,1.000000,0.988946,733,71,1.000000,0.500000
0.000000,0.000000,79.000000,1.000000,0.000000,0.000000,1.000000,0.000000,0.000000,0.000000,10.222477,2.000000,0.862500,0.137500,1.000000,1.000000,0.000000,0.073208,0.924398,0.931764,374.206308,1.001145,0.667430,1.000000,0.926683,125.098163,0.000000,False,False,False,0.940021,1.000000,0.880042,734,71,1.000000,0.500000
0.000000,0.000000,79.000000,1.000000,0.000000,0.000000,1.000000,0.000000,0.000000,0.000000,10.378715,2.000000,0.862500,0.137500,1.000000,1.000000,0.000000,0.069964,0.927803,0.925782,373.273186,1.003212,0.668808,1.000000,0.933122,123.952610,0.000000,False,False,False,0.992355,1.000000,0.984710,735,71,1.000000,0.333333
0.000000,0.000000,79.000000,1.000000,0.000000,0.000000,1.000000,0.000000,0.000000,0.000000,10.532026,2.000000,0.862500,0.137500,1.000000,1.000000,0.000000,0.075008,0.916322,0.925262,372.350128,1.003736,0.669158,1.000000,0.923058,122.804785,0.000000,False,False,False,0.994674,1.000000,0.989347,736,71,1.000000,0.333333
0.000000,0.000000,79.000000,1.000000,0.000000,0.000000,1.000000,0.000000,0.000000,0.000000,10.929279,2.000000,0.862500,0.137500,1.000000,1.000000,0.000000,0.090382,0.902557,0.912690,371.441352,1.006804,0.671203,1.000000,0.908776,121.695580,0.000000,False,False,False,0.936646,1.000000,0.873292,737,71,1.000000,0.166667
0.000000,0.000000,79.000000,1.000000,0.000000,0.000000,1.000000,0.000000,0.000000,0.000000,10.913182,2.000000,0.862500,0.137500,1.000000,1.000000,0.000000,0.083545,0.917607,0.926060,370.519123,1.007293,0.671529,1.000000,0.922229,120.558685,0.000000,False,False,False,0.989924,1.000000,0.979849,738,71,1.000000,0.166667
0.000000,0.000000,79.000000,1.000000,0.000000,0.000000,1.000000,0.000000,0.000000,0.000000,10.542164,2.000000,0.862500,0.137500,1.000000,1.000000,0.000000,0.072308,0.924232,0.924822,369.584160,1.010297,0.673532,1.000000,0.934963,119.464940,0.000000,False,False,False,0.994319,1.000000,0.988637,739,71,1.000000,0.166667
0.000000,0.000000,79.000000,1.000000,0.000000,0.000000,1.000000,0.000000,0.000000,0.000000,10.657820,2.000000,0.862500,0.137500,1.000000,1.000000,0.000000,0.066573,0.932539,0.932344,368.636624,1.012743,0.675162,1.000000,0.947536,118.317232,0.000000,False,False,False,0.996678,1.000000,0.993356,740,71,1.000000,0.166667
0.000000,0.000000,79.000000,1.000000,0.000000,0.000000,1.000000,0.000000,0.000000,0.000000,10.722371,2.000000,0.862500,0.137500,1.000000,1.000000,0.000000,0.064405,0.935686,0.931681,367.685028,1.014970,0.676647,1.000000,0.951596,117.180549,0.000000,False,False,False,0.993638,1.000000,0.987277,741,71,1.000000,0.166667
0.000000,0.000000,79.000000,1.000000,0.000000,0.000000,1.000000,0.000000,0.000000,0.000000,10.272011,2.000000,0.862500,0.137500,1.000000,1.000000,0.000000,0.079285,0.918337,0.917278,366.748535,1.015256,0.676837,1.000000,0.936493,116.038852,0.000000,False,False,False,0.992830,1.000000,0.985660,742,71,1.000000,0.166667
0.000000,0.000000,79.000000,1.000000,0.000000,0.000000,1.000000,0.000000,0.000000,0.000000,10.825469,2.000000,0.862500,0.137500,1.000000,1.000000,0.000000,0.079050,0.919013,0.921087,365.810810,1.017911,0.678607,1.000000,0.937725,114.902455,0.000000,False,False,False,0.987155,1.000000,0.974309,743,71,,0.000000
0.000000,0.000000,79.000000,1.000000,0.000000,0.000000,1.000000,0.000000,0.000000,0.000000,10.811888,2.000000,0.862500,0.137500,1.000000,1.000000,0.000000,0.072008,0.925040,0.925583,364.865035,1.018036,0.678691,1.000000,0.945775,113.780783,0.000000,False,False,False,0.941971,1.000000,0.883943,744,71,,0.000000
0.000000,0.000000,79.000000,1.000000,0.000000,0.000000,1.000000,0.000000,0.000000,0.000000,10.315960,2.000000,0.862500,0.137500,1.000000,1.000000,0.000000,0.069282,0.927778,0.926923,363.911712,1.021983,0.681322,1.000000,0.953323,112.670029,0.000000,False,False,False,0.988133,1.000000,0.976266,745,71,,0.000000
0.000000,0.000000,79.000000,1.000000,0.000000,0.000000,1.000000,0.000000,0.000000,0.000000,10.348395,2.000000,0.862500,0.137500,1.000000,1.000000,0.000000,0.079628,0.918470,0.917234,362.966639,1.023858,0.682572,1.000000,0.945073,111.523726,0.000000,False,False,False,0.993635,1.000000,0.987269,746,71,,0.000000
0.000000,0.000000,79.000000,1.000000,0.000000,0.000000,1.000000,0.000000,0.000000,0.000000,10.565910,2.000000,0.862500,0.137500,1.000000,1.000000,0.000000,0.071742,0.926115,0.925594,362.013750,1.025340,0.683560,1.000000,0.952890,110.397644,0.000000,False,False,False,0.985228,1.000000,0.970455,747,71,,0.000000
0.000000,0.000000,79.000000,1.000000,0.000000,0.000000,1.000000,0.000000,0.000000,0.000000,10.917621,2.000000,0.862500,0.137500,1.000000,1.000000,0.000000,0.060877,0.940222,0.939162,361.050591,1.025427,0.683618,1.000000,0.963159,109.291679,0.000000,False,False,False,0.986890,1.000000,0.973780,748,71,,0.000000
0.000000,0.000000,79.000000,1.000000,0.000000,0.000000,1.000000,0.000000,0.000000,0.000000,10.885596,2.000000,0.862500,0.137500,1.000000,1.000000,0.000000,0.082163,0.913231,0.920205,360.104933,1.029218,0.686146,1.000000,0.945658,108.144584,0.000000,False,False,False,0.993695,1.000000,0.987389,749,71,,0.000000
0.000000,0.000000,79.000000,1.000000,0.000000,0.000000,1.000000,0.000000,0.000000,0.000000,10.659809,2.000000,0.862500,0.137500,1.000000,1.000000,0.000000,0.101645,0.890428,0.898503,359.180504,1.029086,0.686057,1.000000,0.924428,106.997039,0.000000,False,False,False,0.995032,1.000000,0.990064,750,71,,0.000000
0.000000,0.000000,79.000000,1.000000,0.000000,0.000000,1.000000,0.000000,0.000000,0.000000,10.718807,2.000000,0.862500,0.137500,1.000000,1.000000,0.000000,0.076837,0.920550,0.918397,358.227017,1.032284,0.688189,1.000000,0.953488,105.921081,0.000000,False,False,False,0.925797,1.000000,0.851594,751,71,,0.000000
0.000000,0.000000,79.000000,1.000000,0.000000,0.000000,1.000000,0.000000,0.000000,0.000000,10.755510,2.000000,0.862500,0.137500,1.000000,1.000000,0.000000,0.079119,0.917391,0.921554,357.273866,1.034404,0.689603,1.000000,0.953151,104.776950,0.000000,False,False,False,0.991812,1.000000,0.983625,752,71,,0.000000
0.000000,0.000000,79.000000,1.000000,0.000000,0.000000,1.000000,0.000000,0.000000,0.000000,10.617697,2.000000,0.862500,0.137500,1.000000,1.000000,0.000000,0.073917,0.922315,0.922929,356.312222,1.035759,0.690506,1.000000,0.961644,103.630766,0.000000,False,False,False,0.994686,1.000000,0.989372,753,71,,0.000000
0.000000,0.000000,79.000000,1.000000,0.000000,0.000000,1.000000,0.000000,0.000000,0.000000,10.644116,2.000000,0.862500,0.137500,1.000000,1.000000,0.000000,0.091450,0.906893,0.906625,355.368401,1.037720,0.691813,1.000000,0.943820,102.521433,0.000000,False,False,False,0.988157,1.000000,0.976314,754,71,,0.000000
0.000000,0.000000,79.000000,1.000000,0.000000,0.000000,1.000000,0.000000,0.000000,0.000000,10.829492,2.000000,0.862500,0.137500,1.000000,1.000000,0.000000,0.098226,0.898844,0.899537,354.432034,1.037481,0.691654,1.000000,0.936367,101.464342,0.000000,False,False,False,0.977630,1.000000,0.955259,755,71,,0.000000
0.000000,0.000000,79.000000,1.000000,0.000000,0.000000,1.000000,0.000000,0.000000,0.000000,10.593450,2.000000,0.862500,0.137500,1.000000,1.000000,0.000000,0.068098,0.929435,0.929439,353.461349,1.041136,0.694090,1.000000,0.970686,100.322374,0.000000,False,False,False,0.992314,1.000000,0.984628,756,71,,0.000000
0.000000,0.000000,79.000000,1.000000,0.000000,0.000000,1.000000,0.000000,0.000000,0.000000,10.591519,2.000000,0.862500,0.137500,1.000000,1.000000,0.000000,0.090075,0.908237,0.902297,352.509867,1.042963,0.695309,1.000000,0.951482,99.211813,0.000000,False,False,False,0.988166,1.000000,0.976333,757,71,,0.000000
0.000000,0.000000,79.000000,1.000000,0.000000,0.000000,1.000000,0.000000,0.000000,0.000000,10.400951,2.000000,0.862500,0.137500,1.000000,1.000000,0.000000,0.084597,0.914559,0.916052,351.554109,1.041874,0.694583,1.000000,0.955758,98.085306,0.000000,False,False,False,0.947494,1.000000,0.894988,758,71,,0.000000
0.000000,0.000000,79.000000,1.000000,0.000000,0.000000,1.000000,0.000000,0.000000,0.000000,10.496178,2.000000,0.862500,0.137500,1.000000,1.000000,0.000000,0.086826,0.908325,0.915196,350.597267,1.045628,0.697085,1.000000,0.956842,96.937697,0.000000,False,False,False,0.994369,1.000000,0.988738,759,71,,0.000000
0.000000,0.000000,79.000000,1.000000,0.000000,0.000000,1.000000,0.000000,0.000000,0.000000,10.632463,2.000000,0.862500,0.137500,1.000000,1.000000,0.000000,0.077900,0.916428,0.923441,349.629785,1.046822,0.697881,1.000000,0.967482,95.824441,0.000000,False,False,False,0.977144,1.000000,0.954287,760,71,,0.000000
0.000000,0.000000,79.000000,1.000000,0.000000,0.000000,1.000000,0.000000,0.000000,0.000000,10.629077,2.000000,0.862500,0.137500,1.000000,1.000000,0.000000,0.089637,0.908226,0.908996,348.673050,1.048272,0.698848,1.000000,0.956735,94.717661,0.000000,False,False,False,0.984837,1.000000,0.969675,761,71,,0.000000
0.000000,0.000000,79.000000,1.000000,0.000000,0.000000,1.000000,0.000000,0.000000,0.000000,10.347444,2.000000,0.862500,0.137500,1.000000,1.000000,0.000000,0.072999,0.922644,0.925299,347.700422,1.048001,0.698667,1.000000,0.972628,93.570472,0.000000,False,False,False,0.993455,1.000000,0.986911,762,71,,0.000000
0.000000,0.000000,79.000000,1.000000,0.000000,0.000000,1.000000,0.000000,0.000000,0.000000,10.387562,2.000000,0.862500,0.137500,1.000000,1.000000,0.000000,0.084180,0.909964,0.914285,346.736195,1.051951,0.701301,1.000000,0.964228,92.422532,0.000000,False,False,False,0.994880,1.000000,0.989759,763,71,,0.000000
0.000000,0.000000,79.000000,1.000000,0.000000,0.000000,1.000000,0.000000,0.000000,0.000000,10.382815,2.000000,0.862500,0.137500,1.000000,1.000000,0.000000,0.076655,0.920377,0.925434,345.765041,1.051053,0.700702,1.000000,0.971154,91.322984,0.000000,False,False,False,0.939615,1.000000,0.879231,764,71,,0.000000
0.000000,0.000000,79.000000,1.000000,0.000000,0.000000,1.000000,0.000000,0.000000,0.000000,10.411982,2.000000,0.862500,0.137500,1.000000,1.000000,0.000000,0.093581,0.904115,0.908697,344.806361,1.054920,0.703280,1.000000,0.958680,90.197899,0.000000,False,False,False,0.974746,1.000000,0.949492,765,71,,0.000000
0.000000,0.000000,79.000000,1.000000,0.000000,0.000000,1.000000,0.000000,0.000000,0.000000,10.304511,2.000000,0.862500,0.137500,1.000000,1.000000,0.000000,0.099077,0.897728,0.896831,343.852319,1.056197,0.704131,1.000000,0.954042,89.057280,0.000000,False,False,False,0.991369,1.000000,0.982737,766,71,,0.000000
0.000000,0.000000,79.000000,1.000000,0.000000,0.000000,1.000000,0.000000,0.000000,0.000000,10.296430,2.000000,0.862500,0.137500,1.000000,1.000000,0.000000,0.086629,0.912070,0.912158,342.883789,1.057963,0.705308,1.000000,0.968530,87.948375,0.000000,False,False,False,0.988415,1.000000,0.976831,767,71,,0.000000
0.000000,0.000000,79.000000,1.000000,0.000000,0.000000,1.000000,0.000000,0.000000,0.000000,10.388345,2.000000,0.862500,0.137500,1.000000,1.000000,0.000000,0.082316,0.914571,0.914443,341.912258,1.058177,0.705451,1.000000,0.971531,86.845119,0.000000,False,False,False,0.992013,1.000000,0.984026,768,71,,0.000000
0.000000,0.000000,79.000000,1.000000,0.000000,0.000000,1.000000,0.000000,0.000000,0.000000,10.424082,2.000000,0.862500,0.137500,1.000000,1.000000,0.000000,0.089430,0.904897,0.907957,340.944783,1.060919,0.707279,1.000000,0.967475,85.699569,0.000000,False,False,False,0.992657,1.000000,0.985314,769,71,,0.000000
0.000000,0.000000,79.000000,1.000000,0.000000,0.000000,1.000000,0.000000,0.000000,0.000000,10.455100,2.000000,0.862500,0.137500,1.000000,1.000000,0.000000,0.098249,0.897952,0.896727,339.984377,1.062664,0.708443,1.000000,0.960406,84.613334,0.000000,False,False,False,0.967406,1.000000,0.934813,770,71,,0.000000
0.000000,0.000000,79.000000,1.000000,0.000000,0.000000,1.000000,0.000000,0.000000,0.000000,10.671919,2.000000,0.862500,0.137500,1.000000,1.000000,0.000000,0.090337,0.912353,0.913743,339.013688,1.064147,0.709431,1.000000,0.970690,83.482165,0.000000,False,False,False,0.954270,1.000000,0.908540,771,71,,0.000000
0.000000,0.000000,79.000000,1.000000,0.000000,0.000000,1.000000,0.000000,0.000000,0.000000,9.993986,2.000000,0.862500,0.137500,1.000000,1.000000,0.000000,0.085849,0.912776,0.909111,338.040940,1.064153,0.709435,1.000000,0.972748,82.336269,0.000000,False,False,False,0.993957,1.000000,0.987914,772,71,,0.000000
0.000000,0.000000,79.000000,1.000000,0.000000,0.000000,1.000000,0.000000,0.000000,0.000000,10.872336,2.000000,0.862500,0.137500,1.000000,1.000000,0.000000,0.080545,0.913678,0.917010,337.059820,1.067335,0.711557,1.000000,0.981120,81.190706,0.000000,False,False,False,0.993352,1.000000,0.986703,773,71,,0.000000
0.000000,0.000000,79.000000,1.000000,0.000000,0.000000,1.000000,0.000000,0.000000,0.000000,10.761266,2.000000,0.862500,0.137500,1.000000,1.000000,0.000000,0.073579,0.921583,0.926572,336.069058,1.069197,0.712798,1.000000,0.990762,80.117246,0.000000,False,False,False,0.967270,1.000000,0.934540,774,71,,0.000000
0.000000,0.000000,79.000000,1.000000,0.000000,0.000000,1.000000,0.000000,0.000000,0.000000,10.895545,2.000000,0.862500,0.137500,1.000000,1.000000,0.000000,0.091455,0.903314,0.909692,335.097160,1.071059,0.714040,1.000000,0.971897,78.972336,0.000000,False,False,False,0.993762,1.000000,0.987524,775,71,,0.000000
0.000000,0.000000,79.000000,1.000000,0.000000,0.000000,1.000000,0.000000,0.000000,0.000000,10.851489,2.000000,0.862500,0.137500,1.000000,1.000000,0.000000,0.074465,0.918969,0.926246,334.109612,1.070556,0.713704,1.000000,0.987549,77.863309,0.000000,False,False,False,0.986434,1.000000,0.972869,776,71,,0.000000
0.000000,0.000000,79.000000,1.000000,0.000000,0.000000,1.000000,0.000000,0.000000,0.000000,10.715067,2.000000,0.862500,0.137500,1.000000,1.000000,0.000000,0.076236,0.921600,0.924677,333.116458,1.073986,0.715990,1.000000,0.993154,76.756350,0.000000,False,False,False,0.991696,1.000000,0.983392,777,71,,0.000000
0.000000,0.000000,79.000000,1.000000,0.000000,0.000000,1.000000,0.000000,0.000000,0.000000,10.773355,2.000000,0.862500,0.137500,1.000000,1.000000,0.000000,0.084770,0.911108,0.916005,332.130698,1.075511,0.717007,1.000000,0.985760,75.632295,0.000000,False,False,False,0.978532,1.000000,0.957065,778,71,,0.000000
0.000000,0.000000,79.000000,1.000000,0.000000,0.000000,1.000000,0.000000,0.000000,0.000000,10.793032,2.000000,0.862500,0.137500,1.000000,1.000000,0.000000,0.086088,0.911134,0.914360,331.143759,1.077196,0.718131,1.000000,0.986939,74.489994,0.000000,False,False,False,0.991369,1.000000,0.982738,779,71,,0.000000
0.000000,0.000000,79.000000,1.000000,0.000000,0.000000,1.000000,0.000000,0.000000,0.000000,10.775443,2.000000,0.862500,0.137500,1.000000,1.000000,0.000000,0.077576,0.917540,0.927980,330.149718,1.076261,0.717508,1.000000,0.994041,73.379506,0.000000,False,False,False,0.987255,1.000000,0.974511,780,71,,0.000000
0.000000,0.000000,79.000000,1.000000,0.000000,0.000000,1.000000,0.000000,0.000000,0.000000,10.700944,2.000000,0.862500,0.137500,1.000000,1.000000,0.000000,0.054482,0.942616,0.942369,329.127269,1.080058,0.720038,1.000000,1.022449,72.283166,0.000000,False,False,False,0.990919,1.000000,0.981837,781,71,,0.000000
0.000000,0.000000,79.000000,1.000000,0.000000,0.000000,1.000000,0.000000,0.000000,0.000000,10.699774,2.000000,0.862500,0.137500,1.000000,1.000000,0.000000,0.071100,0.926133,0.926512,328.121499,1.081199,0.720799,1.000000,1.005769,71.143901,0.000000,False,False,False,0.981735,1.000000,0.963471,782,71,,0.000000
0.000000,0.000000,79.000000,1.000000,0.000000,0.000000,1.000000,0.000000,0.000000,0.000000,10.644630,2.000000,0.862500,0.137500,1.000000,1.000000,0.000000,0.090454,0.909373,0.907952,327.134756,1.082539,0.721693,1.000000,0.986743,70.023706,0.000000,False,False,False,0.977825,1.000000,0.955649,783,71,,0.000000
0.000000,0.000000,79.000000,1.000000,0.000000,0.000000,1.000000,0.000000,0.000000,0.000000,10.622771,2.000000,0.862500,0.137500,1.000000,1.000000,0.000000,0.067689,0.933943,0.933349,326.124106,1.083702,0.722468,1.000000,1.010650,68.915799,0.000000,False,False,False,0.983721,1.000000,0.967442,784,71,,0.000000
0.000000,0.000000,79.000000,1.000000,0.000000,0.000000,1.000000,0.000000,0.000000,0.000000,10.555071,2.000000,0.862500,0.137500,1.000000,1.000000,0.000000,0.074422,0.922383,0.923512,325.123189,1.083257,0.722172,1.000000,1.000917,67.769102,0.000000,False,False,False,0.992405,1.000000,0.984810,785,71,,0.000000
0.000000,0.000000,79.000000,1.000000,0.000000,0.000000,1.000000,0.000000,0.000000,0.000000,10.118347,2.000000,0.862500,0.137500,1.000000,1.000000,0.000000,0.069383,0.924318,0.924989,324.113836,1.086487,0.724325,1.000000,1.009353,66.621679,0.000000,False,False,False,0.993861,1.000000,0.987721,786,71,,0.000000
0.000000,0.000000,79.000000,1.000000,0.000000,0.000000,1.000000,0.000000,0.000000,0.000000,10.623718,2.000000,0.862500,0.137500,1.000000,1.000000,0.000000,0.068251,0.927584,0.933744,323.102202,1.087748,0.725165,1.000000,1.011634,65.540420,0.000000,False,False,False,0.969283,1.000000,0.938567,787,71,,0.000000
0.000000,0.000000,79.000000,1.000000,0.000000,0.000000,1.000000,0.000000,0.000000,0.000000,10.803232,2.000000,0.862500,0.137500,1.000000,1.000000,0.000000,0.071673,0.925283,0.930991,322.091984,1.089042,0.726028,1.000000,1.010218,64.406237,0.000000,False,False,False,0.960463,1.000000,0.920926,788,71,,0.000000
0.000000,0.000000,79.000000,1.000000,0.000000,0.000000,1.000000,0.000000,0.000000,0.000000,10.752925,2.000000,0.862500,0.137500,1.000000,1.000000,0.000000,0.081906,0.914814,0.924865,321.093491,1.090482,0.726988,1.000000,0.998493,63.262984,0.000000,False,False,False,0.985175,1.000000,0.970349,789,71,,0.000000
0.000000,0.000000,79.000000,1.000000,0.000000,0.000000,1.000000,0.000000,0.000000,0.000000,10.738030,2.000000,0.862500,0.137500,1.000000,1.000000,0.000000,0.074684,0.924032,0.926747,320.081326,1.092133,0.728089,1.000000,1.012165,62.153448,0.000000,False,False,False,0.987899,1.000000,0.975798,790,71,,0.000000
0.000000,0.000000,79.000000,1.000000,0.000000,0.000000,1.000000,0.000000,0.000000,0.000000,10.869399,2.000000,0.862500,0.137500,1.000000,1.000000,0.000000,0.076635,0.925023,0.925307,319.071047,1.092937,0.728624,1.000000,1.010279,61.026247,0.000000,False,False,False,0.976007,1.000000,0.952013,791,71,,0.000000
0.000000,0.000000,79.000000,1.000000,0.000000,0.000000,1.000000,0.000000,0.000000,0.000000,10.802783,2.000000,0.862500,0.137500,1.000000,1.000000,0.000000,0.076633,0.919482,0.927547,318.061800,1.094172,0.729448,1.000000,1.009247,59.884140,0.000000,False,False,False,0.991931,1.000000,0.983862,792,71,,0.000000
0.000000,0.000000,79.000000,1.000000,0.000000,0.000000,1.000000,0.000000,0.000000,0.000000,10.863882,2.000000,0.862500,0.137500,1.000000,1.000000,0.000000,0.098970,0.900443,0.907622,317.078709,1.093322,0.728882,1.000000,0.983091,58.778025,0.000000,False,False,False,0.969662,1.000000,0.939325,793,71,,0.000000
0.000000,0.000000,79.000000,1.000000,0.000000,0.000000,1.000000,0.000000,0.000000,0.000000,10.324223,2.000000,0.862500,0.137500,1.000000,1.000000,0.000000,0.090390,0.902010,0.908796,316.085931,1.096340,0.730893,1.000000,0.992778,57.680090,0.000000,False,False,False,0.987031,1.000000,0.974062,794,71,,0.000000
0.000000,0.000000,79.000000,1.000000,0.000000,0.000000,1.000000,0.000000,0.000000,0.000000,10.288179,2.000000,0.862500,0.137500,1.000000,1.000000,0.000000,0.095826,0.899163,0.905313,315.095181,1.097914,0.731943,1.000000,0.990750,56.552495,0.000000,False,False,False,0.978538,1.000000,0.957076,795,71,,0.000000
0.000000,0.000000,79.000000,1.000000,0.000000,0.000000,1.000000,0.000000,0.000000,0.000000,10.332495,2.000000,0.862500,0.137500,1.000000,1.000000,0.000000,0.060708,0.934870,0.936786,314.062404,1.098969,0.732646,1.000000,1.032778,55.409950,0.000000,False,False,False,0.991527,1.000000,0.983054,796,71,,0.000000
0.000000,0.000000,79.000000,1.000000,0.000000,0.000000,1.000000,0.000000,0.000000,0.000000,10.482986,2.000000,0.862500,0.137500,1.000000,1.000000,0.000000,0.060604,0.937732,0.938833,313.028515,1.099744,0.733163,1.000000,1.033888,54.307812,0.000000,False,False,False,0.971355,1.000000,0.942710,797,71,,0.000000
0.000000,0.000000,79.000000,1.000000,0.000000,0.000000,1.000000,0.000000,0.000000,0.000000,10.402615,2.000000,0.862500,0.137500,1.000000,1.000000,0.000000,0.057542,0.935931,0.941459,311.993200,1.099350,0.732900,1.000000,1.035315,53.167308,0.000000,False,False,False,0.987253,1.000000,0.974506,798,71,,0.000000
0.000000,0.000000,79.000000,1.000000,0.000000,0.000000,1.000000,0.000000,0.000000,0.000000,10.418577,2.000000,0.862500,0.137500,1.000000,1.000000,0.000000,0.062747,0.933374,0.936471,310.959742,1.102023,0.734682,1.000000,1.033458,52.044334,0.000000,False,False,False,0.964863,1.000000,0.929726,799,71,,0.000000
0.000000,0.000000,79.000000,1.000000,0.000000,0.000000,1.000000,0.000000,0.000000,0.000000,10.354894,2.000000,0.862500,0.137500,1.000000,1.000000,0.000000,0.072140,0.924226,0.925809,309.938090,1.101824,0.734549,1.000000,1.021651,50.907046,0.000000,False,False,False,0.990545,1.000000,0.981089,800,71,,0.000000
0.000000,0.000000,79.000000,1.000000,0.000000,0.000000,1.000000,0.000000,0.000000,0.000000,10.432405,2.000000,0.862500,0.137500,1.000000,1.000000,0.000000,0.060854,0.934054,0.938383,308.900816,1.104770,0.736513,1.000000,1.037274,49.800557,0.000000,False,False,False,0.986181,1.000000,0.972363,801,71,,0.000000
0.000000,0.000000,79.000000,1.000000,0.000000,0.000000,1.000000,0.000000,0.000000,0.000000,10.457825,2.000000,0.862500,0.137500,1.000000,1.000000,0.000000,0.071865,0.925788,0.926829,307.873310,1.106706,0.737804,1.000000,1.027507,48.698899,0.000000,False,False,False,0.992882,1.000000,0.985765,802,71,,0.000000
0.000000,0.000000,79.000000,1.000000,0.000000,0.000000,1.000000,0.000000,0.000000,0.000000,10.365685,2.000000,0.862500,0.137500,1.000000,1.000000,0.000000,0.086325,0.906077,0.909480,306.860425,1.107779,0.738519,1.000000,1.012885,47.552680,0.000000,False,False,False,0.993804,1.000000,0.987607,803,71,,0.000000
0.000000,0.000000,79.000000,1.000000,0.000000,0.000000,1.000000,0.000000,0.000000,0.000000,10.616608,2.000000,0.862500,0.137500,1.000000,1.000000,0.000000,0.074017,0.921171,0.925086,305.838433,1.106323,0.737549,1.000000,1.021992,46.445389,0.000000,False,False,False,0.948667,1.000000,0.897335,804,71,,0.000000
0.000000,0.000000,79.000000,1.000000,0.000000,0.000000,1.000000,0.000000,0.000000,0.000000,10.702549,2.000000,0.862500,0.137500,1.000000,1.000000,0.000000,0.055386,0.943746,0.943869,304.791579,1.109064,0.739376,1.000000,1.046854,45.340370,0.000000,False,False,False,0.985197,1.000000,0.970394,805,71,,0.000000
0.000000,0.000000,79.000000,1.000000,0.000000,0.000000,1.000000,0.000000,0.000000,0.000000,10.697638,2.000000,0.862500,0.137500,1.000000,1.000000,0.000000,0.057530,0.939471,0.941156,303.746696,1.110820,0.740547,1.000000,1.044883,44.195699,0.000000,False,False,False,0.991323,1.000000,0.982647,806,71,,0.000000
0.000000,0.000000,79.000000,1.000000,0.000000,0.000000,1.000000,0.000000,0.000000,0.000000,10.533941,2.000000,0.862500,0.137500,1.000000,1.000000,0.000000,0.067959,0.925458,0.933372,302.711196,1.111820,0.741214,1.000000,1.035499,43.050749,0.000000,False,False,False,0.993303,1.000000,0.986605,807,71,,0.000000
0.000000,0.000000,79.000000,1.000000,0.000000,0.000000,1.000000,0.000000,0.000000,0.000000,10.497955,2.000000,0.862500,0.137500,1.000000,1.000000,0.000000,0.074586,0.915972,0.924765,301.683880,1.112758,0.741838,1.000000,1.027316,41.929463,0.000000,False,False,False,0.976279,1.000000,0.952558,808,71,,0.000000
0.000000,0.000000,79.000000,1.000000,0.000000,0.000000,1.000000,0.000000,0.000000,0.000000,10.383743,2.000000,0.862500,0.137500,1.000000,1.000000,0.000000,0.096702,0.899181,0.897069,300.683929,1.111174,0.740783,1.000000,0.999951,40.825992,0.000000,False,False,False,0.955462,1.000000,0.910923,809,71,,0.000000
0.000000,0.000000,79.000000,1.000000,0.000000,0.000000,1.000000,0.000000,0.000000,0.000000,10.042581,2.000000,0.862500,0.137500,1.000000,1.000000,0.000000,0.064851,0.931472,0.931374,299.647258,1.114170,0.742780,1.000000,1.036671,39.678945,0.000000,False,False,False,0.992961,1.000000,0.985922,810,71,,0.000000
0.000000,0.000000,79.000000,1.000000,0.000000,0.000000,1.000000,0.000000,0.000000,0.000000,10.643328,2.000000,0.862500,0.137500,1.000000,1.000000,0.000000,0.046737,0.948139,0.952808,298.588756,1.115654,0.743770,1.000000,1.058502,38.538390,0.000000,False,False,False,0.976461,1.000000,0.952922,811,71,,0.000000
0.000000,0.000000,79.000000,1.000000,0.000000,0.000000,1.000000,0.000000,0.000000,0.000000,10.887614,2.000000,0.862500,0.137500,1.000000,1.000000,0.000000,0.058929,0.934221,0.942915,297.541841,1.116858,0.744572,1.000000,1.046915,37.438032,0.000000,False,False,False,0.983915,1.000000,0.967829,812,71,,0.000000
0.000000,0.000000,79.000000,1.000000,0.000000,0.000000,1.000000,0.000000,0.000000,0.000000,10.558060,2.000000,0.862500,0.137500,1.000000,1.000000,0.000000,0.085289,0.908763,0.915068,296.523884,1.117454,0.744969,1.000000,1.017958,36.306303,0.000000,False,False,False,0.974304,1.000000,0.948608,813,71,,0.000000
0.000000,0.000000,79.000000,1.000000,0.000000,0.000000,1.000000,0.000000,0.000000,0.000000,10.595570,2.000000,0.862500,0.137500,1.000000,1.000000,0.000000,0.093423,0.904818,0.907789,295.510965,1.118392,0.745594,1.000000,1.012919,35.160625,0.000000,False,False,False,0.992622,1.000000,0.985244,814,71,,0.000000
0.000000,0.000000,79.000000,1.000000,0.000000,0.000000,1.000000,0.000000,0.000000,0.000000,10.499381,2.000000,0.862500,0.137500,1.000000,1.000000,0.000000,0.092598,0.901841,0.909860,294.503891,1.117005,0.744670,1.000000,1.007074,34.022081,0.000000,False,False,False,0.974394,1.000000,0.948787,815,71,,0.000000
0.000000,0.000000,79.000000,1.000000,0.000000,0.000000,1.000000,0.000000,0.000000,0.000000,10.361574,2.000000,0.862500,0.137500,1.000000,1.000000,0.000000,0.094257,0.890799,0.902604,293.495530,1.119644,0.746429,1.000000,1.008361,32.875504,0.000000,False,False,False,0.992131,1.000000,0.984263,816,71,,0.000000
0.000000,0.000000,79.000000,1.000000,0.000000,0.000000,1.000000,0.000000,0.000000,0.000000,10.650952,2.000000,0.862500,0.137500,1.000000,1.000000,0.000000,0.075935,0.917614,0.922041,292.464661,1.120740,0.747160,1.000000,1.030869,31.803894,0.000000,False,False,False,0.963108,1.000000,0.926217,817,71,,0.000000
0.000000,0.000000,79.000000,1.000000,0.000000,0.000000,1.000000,0.000000,0.000000,0.000000,10.221366,2.000000,0.862500,0.137500,1.000000,1.000000,0.000000,0.090088,0.902834,0.909413,291.450982,1.120251,0.746834,1.000000,1.013680,30.715680,0.000000,False,False,False,0.993523,1.000000,0.987046,818,71,,0.000000
0.000000,0.000000,79.000000,1.000000,0.000000,0.000000,1.000000,0.000000,0.000000,0.000000,10.750509,2.000000,0.862500,0.137500,1.000000,1.000000,0.000000,0.065615,0.922974,0.929897,290.408464,1.122941,0.748628,1.000000,1.042518,29.567925,0.000000,False,False,False,0.994615,1.000000,0.989229,819,71,,0.000000
0.000000,0.000000,79.000000,1.000000,0.000000,0.000000,1.000000,0.000000,0.000000,0.000000,10.071765,2.000000,0.862500,0.137500,1.000000,1.000000,0.000000,0.097433,0.893213,0.899048,289.394649,1.124766,0.749844,1.000000,1.013814,28.464440,0.000000,False,False,False,0.982543,1.000000,0.965087,820,71,,0.000000
0.000000,0.000000,79.000000,1.000000,0.000000,0.000000,1.000000,0.000000,0.000000,0.000000,10.453796,2.000000,0.862500,0.137500,1.000000,1.000000,0.000000,0.084014,0.914230,0.911990,288.363638,1.124325,0.749550,1.000000,1.031012,27.374915,0.000000,False,False,False,0.866097,1.000000,0.732194,821,71,,0.000000
0.000000,0.000000,79.000000,1.000000,0.000000,0.000000,1.000000,0.000000,0.000000,0.000000,9.542965,2.000000,0.862500,0.137500,1.000000,1.000000,0.000000,0.082548,0.914654,0.914129,287.328936,1.125705,0.750470,1.000000,1.034701,26.233489,0.000000,False,False,False,0.982480,1.000000,0.964960,822,71,,0.000000
0.000000,0.000000,79.000000,1.000000,0.000000,0.000000,1.000000,0.000000,0.000000,0.000000,10.269565,2.000000,0.862500,0.137500,1.000000,1.000000,0.000000,0.086081,0.909445,0.911354,286.301305,1.124727,0.749818,1.000000,1.027632,25.090918,0.000000,False,False,False,0.983734,1.000000,0.967468,823,71,,0.000000
0.000000,0.000000,79.000000,1.000000,0.000000,0.000000,1.000000,0.000000,0.000000,0.000000,10.462236,2.000000,0.862500,0.137500,1.000000,1.000000,0.000000,0.071416,0.909066,0.924389,285.253614,1.127451,0.751634,1.000000,1.047691,23.979299,0.000000,False,False,False,0.974499,1.000000,0.948997,824,71,,0.000000
0.000000,0.000000,79.000000,1.000000,0.000000,0.000000,1.000000,0.000000,0.000000,0.000000,10.058046,2.000000,0.862500,0.137500,1.000000,1.000000,0.000000,0.073023,0.895276,0.923047,284.206297,1.128887,0.752591,1.000000,1.047317,22.846054,0.000000,False,False,False,0.988569,1.000000,0.977138,825,71,,0.000000
0.000000,0.000000,79.000000,1.000000,0.000000,0.000000,1.000000,0.000000,0.000000,0.000000,10.268115,2.000000,0.862500,0.137500,1.000000,1.000000,0.000000,0.090197,0.881518,0.907054,283.176960,1.129593,0.753062,1.000000,1.029337,21.745226,0.000000,False,False,False,0.960301,1.000000,0.920601,826,71,,0.000000
0.000000,0.000000,79.000000,1.000000,0.000000,0.000000,1.000000,0.000000,0.000000,0.000000,10.738607,2.000000,0.862500,0.137500,1.000000,1.000000,0.000000,0.077824,0.890405,0.922722,282.134799,1.129477,0.752985,1.000000,1.042162,20.764266,0.000000,False,False,False,0.993088,1.000000,0.986177,827,71,,0.000000
0.000000,0.000000,79.000000,1.000000,0.000000,0.000000,1.000000,0.000000,0.000000,0.000000,9.665238,2.000000,0.862500,0.137500,1.000000,1.000000,0.000000,0.101242,0.866027,0.893793,281.116817,1.131252,0.754168,1.000000,1.017981,19.639084,0.000000,False,False,False,0.989876,1.000000,0.979753,828,71,,0.000000
0.000000,0.000000,79.000000,1.000000,0.000000,0.000000,1.000000,0.000000,0.000000,0.000000,10.630307,2.000000,0.862500,0.137500,1.000000,1.000000,0.000000,0.114358,0.904335,0.890564,280.089470,1.129880,0.753253,1.000000,1.027348,18.508228,0.000000,False,False,False,0.975350,1.000000,0.950700,829,71,,0.000000
0.000000,0.000000,79.000000,1.000000,0.000000,0.000000,1.000000,0.000000,0.000000,0.000000,10.707484,2.000000,0.862500,0.137500,1.000000,1.000000,0.000000,0.118031,0.901551,0.886897,279.065375,1.130871,0.753914,1.000000,1.024094,17.437048,0.000000,False,False,False,0.830119,1.000000,0.660238,830,71,,0.000000
0.000000,0.000000,79.000000,1.000000,0.000000,0.000000,1.000000,0.000000,0.000000,0.000000,9.967953,2.000000,0.862500,0.137500,1.000000,1.000000,0.000000,0.103543,0.907795,0.898022,278.024051,1.131732,0.754488,1.000000,1.041325,16.371211,0.000000,False,False,False,0.831184,1.000000,0.662368,831,71,,0.000000
0.000000,0.000000,79.000000,1.000000,0.000000,0.000000,1.000000,0.000000,0.000000,0.000000,10.704639,2.000000,0.862500,0.137500,1.000000,1.000000,0.000000,0.115527,0.903111,0.891444,276.999141,1.131920,0.754613,1.000000,1.024909,15.335757,0.000000,False,False,False,0.805938,1.000000,0.611876,832,71,,0.000000
0.000000,0.000000,79.000000,1.000000,0.000000,0.000000,1.000000,0.000000,0.000000,0.000000,9.146404,2.000000,0.862500,0.137500,1.000000,1.000000,0.000000,0.143600,0.863703,0.856528,276.004123,1.132105,0.754737,1.000000,0.995018,14.286584,0.000000,False,False,False,0.824406,1.000000,0.648811,833,71,,0.000000
0.000000,0.000000,79.000000,1.000000,0.000000,0.000000,1.000000,0.000000,0.000000,0.000000,10.342966,2.000000,0.862500,0.137500,1.000000,1.000000,0.000000,0.120517,0.897143,0.885801,274.983577,1.130187,0.753458,1.000000,1.020547,13.214859,0.000000,False,False,False,0.819138,1.000000,0.638275,834,71,,0.000000
0.000000,0.000000,79.000000,1.000000,0.000000,0.000000,1.000000,0.000000,0.000000,0.000000,10.617176,2.000000,0.862500,0.137500,1.000000,1.000000,0.000000,0.123054,0.895713,0.880416,273.962787,1.132195,0.754797,1.000000,1.020790,12.141486,0.000000,False,False,False,0.813634,1.000000,0.627268,835,71,,0.000000
0.000000,0.000000,79.000000,1.000000,0.000000,0.000000,1.000000,0.000000,0.000000,0.000000,9.532590,2.000000,0.862500,0.137500,1.000000,1.000000,0.000000,0.133186,0.879242,0.870051,272.951723,1.133756,0.755837,1.000000,1.011064,11.078694,0.000000,False,False,False,0.828148,1.000000,0.656295,836,71,,0.000000
0.000000,0.000000,79.000000,1.000000,0.000000,0.000000,1.000000,0.000000,0.000000,0.000000,10.601698,2.000000,0.862500,0.137500,1.000000,1.000000,0.000000,0.112853,0.900409,0.894974,271.916418,1.134288,0.756192,1.000000,1.035305,10.010726,0.000000,False,False,False,0.825518,1.000000,0.651037,837,71,,0.000000
0.000000,0.000000,79.000000,1.000000,0.000000,0.000000,1.000000,0.000000,0.000000,0.000000,10.483526,2.000000,0.862500,0.137500,1.000000,1.000000,0.000000,0.100297,0.910536,0.905690,270.872191,1.135058,0.756706,1.000000,1.044227,9.002260,0.000000,False,False,False,0.808967,1.000000,0.617933,838,71,,0.000000
0.000000,0.000000,79.000000,1.000000,0.000000,0.000000,1.000000,0.000000,0.000000,0.000000,11.002402,2.000000,0.862500,0.137500,1.000000,1.000000,0.000000,0.122585,0.883819,0.885588,269.854490,1.133032,0.755355,1.000000,1.017702,7.968849,0.000000,False,True,False,0.825693,1.000000,0.651387,839,71,,0.000000
0.000000,0.000000,79.000000,1.000000,0.000000,0.000000,1.000000,0.000000,0.000000,0.000000,10.471061,2.000000,0.862500,0.137500,1.000000,1.000000,0.000000,0.099484,0.895556,0.902822,268.841655,1.110896,0.740597,0.975000,1.012835,7.968849,0.000000,False,True,False,1.000000,1.000000,1.000000,840,71,,0.000000
0.000000,0.000000,79.000000,1.000000,0.000000,0.000000,1.000000,0.000000,0.000000,0.000000,10.843665,2.000000,0.862500,0.137500,1.000000,1.000000,0.000000,0.117495,0.856621,0.888079,267.860572,1.104471,0.736314,0.987500,0.981083,7.968849,0.000000,False,True,False,1.000000,1.000000,1.000000,841,71,,0.000000
0.000000,0.000000,79.000000,1.000000,0.000000,0.000000,1.000000,0.000000,0.000000,0.000000,10.886355,2.000000,0.862500,0.137500,1.000000,1.000000,0.000000,0.102477,0.880059,0.902311,266.871268,1.093584,0.729056,0.987500,0.989304,7.968849,0.000000,False,True,False,1.000000,1.000000,1.000000,842,71,,0.000000
0.000000,0.000000,79.000000,1.000000,0.000000,0.000000,1.000000,0.000000,0.000000,0.000000,10.647497,2.000000,0.862500,0.137500,1.000000,1.000000,0.000000,0.095438,0.873805,0.910322,265.878594,1.088087,0.725391,0.987500,0.992674,7.968849,0.000000,False,True,False,1.000000,1.000000,1.000000,843,71,,0.000000
0.000000,0.000000,79.000000,1.000000,0.000000,0.000000,1.000000,0.000000,0.000000,0.000000,10.624203,2.000000,0.862500,0.137500,1.000000,1.000000,0.000000,0.110816,0.856231,0.894665,264.908838,1.081459,0.720973,0.987500,0.969756,7.968849,0.000000,False,True,False,1.000000,1.000000,1.000000,844,71,,0.000000
0.000000,0.000000,79.000000,1.000000,0.000000,0.000000,1.000000,0.000000,0.000000,0.000000,10.738323,2.000000,0.862500,0.137500,1.000000,1.000000,0.000000,0.099843,0.876755,0.904909,263.942619,1.072868,0.715245,0.987500,0.966218,7.968849,0.000000,False,True,False,1.000000,1.000000,1.000000,845,71,,0.000000
0.000000,0.000000,79.000000,1.000000,0.000000,0.000000,1.000000,0.000000,0.000000,0.000000,10.222890,2.000000,0.862500,0.137500,1.000000,1.000000,0.000000,0.119667,0.844940,0.877952,262.991941,1.068371,0.712248,0.987500,0.950678,7.968849,0.000000,False,True,False,1.000000,1.000000,1.000000,846,71,,0.000000
0.000000,0.000000,79.000000,1.000000,0.000000,0.000000,1.000000,0.000000,0.000000,0.000000,10.877309,2.000000,0.862500,0.137500,1.000000,1.000000,0.000000,0.096459,0.870914,0.905728,262.025754,1.062915,0.708610,0.987500,0.966188,7.968849,0.000000,False,True,False,1.000000,1.000000,1.000000,847,71,,0.000000
0.000000,0.000000,79.000000,1.000000,0.000000,0.000000,1.000000,0.000000,0.000000,0.000000,10.493012,2.000000,0.862500,0.137500,1.000000,1.000000,0.000000,0.086200,0.891574,0.917743,261.055867,1.055816,0.703877,0.987500,0.969887,7.968849,0.000000,False,True,False,1.000000,1.000000,1.000000,848,71,1.000000,0.166667
0.000000,0.000000,79.000000,1.000000,0.000000,0.000000,1.000000,0.000000,0.000000,0.000000,10.864077,2.000000,0.862500,0.137500,1.000000,1.000000,0.000000,0.095086,0.868284,0.905692,260.093760,1.053874,0.702583,0.987500,0.962106,7.968849,0.000000,False,True,False,1.000000,1.000000,1.000000,849,71,1.000000,0.500000
0.000000,0.000000,79.000000,1.000000,0.000000,0.000000,1.000000,0.000000,0.000000,0.000000,10.495902,2.000000,0.862500,0.137500,1.000000,1.000000,0.000000,0.116585,0.843946,0.887121,259.164356,1.051039,0.700692,0.975000,0.929405,7.968849,0.000000,False,True,False,1.000000,1.000000,1.000000,850,71,1.000000,0.666667
0.000000,0.000000,79.000000,1.000000,0.000000,0.000000,1.000000,0.000000,0.000000,0.000000,10.661204,2.000000,0.862500,0.137500,1.000000,1.000000,0.000000,0.091061,0.873316,0.912271,258.200127,1.047188,0.698125,0.975000,0.964229,7.968849,0.000000,False,True,False,1.000000,1.000000,1.000000,851,71,1.000000,0.714286
0.000000,0.000000,79.000000,1.000000,0.000000,0.000000,1.000000,0.000000,0.000000,0.000000,10.776276,2.000000,0.862500,0.137500,1.000000,1.000000,0.000000,0.078613,0.891393,0.923793,257.231896,1.045790,0.697193,0.975000,0.968231,7.968849,0.000000,False,True,False,1.000000,1.000000,1.000000,852,71,1.000000,0.714286
0.000000,0.000000,79.000000,1.000000,0.000000,0.000000,1.000000,0.000000,0.000000,0.000000,10.702710,2.000000,0.862500,0.137500,1.000000,1.000000,0.000000,0.081199,0.882011,0.921613,256.262658,1.043493,0.695662,0.975000,0.969238,7.968849,0.000000,False,True,False,1.000000,1.000000,1.000000,853,71,1.000000,0.714286
0.000000,0.000000,79.000000,1.000000,0.000000,0.000000,1.000000,0.000000,0.000000,0.000000,10.672646,2.000000,0.862500,0.137500,1.000000,1.000000,0.000000,0.087891,0.875234,0.917813,255.309984,1.041801,0.694534,0.975000,0.952674,7.968849,0.000000,False,True,False,1.000000,1.000000,1.000000,854,71,1.000000,0.714286
0.000000,0.000000,79.000000,1.000000,0.000000,0.000000,1.000000,0.000000,0.000000,0.000000,10.623629,2.000000,0.862500,0.137500,1.000000,1.000000,0.000000,0.091291,0.870053,0.913506,254.357105,1.042331,0.694887,0.975000,0.952879,7.968849,0.000000,False,True,False,1.000000,1.000000,1.000000,855,71,1.000000,0.714286
0.000000,0.000000,79.000000,1.000000,0.000000,0.000000,1.000000,0.000000,0.000000,0.000000,10.564018,2.000000,0.862500,0.137500,1.000000,1.000000,0.000000,0.079486,0.888662,0.919345,253.392041,1.044051,0.696034,0.975000,0.965064,7.968849,0.000000,False,True,False,1.000000,1.000000,1.000000,856,71,1.000000,0.857143
0.000000,0.000000,79.000000,1.000000,0.000000,0.000000,1.000000,0.000000,0.000000,0.000000,10.806066,2.000000,0.862500,0.137500,1.000000,1.000000,0.000000,0.074617,0.897076,0.930312,252.421307,1.043723,0.695815,0.975000,0.970734,7.968849,0.000000,False,True,False,1.000000,1.000000,1.000000,857,71,1.000000,0.857143
0.000000,0.000000,79.000000,1.000000,0.000000,0.000000,1.000000,0.000000,0.000000,0.000000,10.405080,2.000000,0.862500,0.137500,1.000000,1.000000,0.000000,0.101496,0.894997,0.910061,251.454831,1.042310,0.694873,0.975000,0.966476,7.968849,0.000000,False,True,False,1.000000,1.000000,1.000000,858,71,1.000000,0.857143
0.000000,0.000000,79.000000,1.000000,0.000000,0.000000,1.000000,0.000000,0.000000,0.000000,10.772129,2.000000,0.862500,0.137500,1.000000,1.000000,0.000000,0.135877,0.884846,0.879044,250.508908,1.048745,0.699163,0.987500,0.945923,7.968849,0.000000,False,True,False,1.000000,1.000000,1.000000,859,71,1.000000,0.857143
0.000000,0.000000,79.000000,1.000000,0.000000,0.000000,1.000000,0.000000,0.000000,0.000000,10.195688,2.000000,0.862500,0.137500,1.000000,1.000000,0.000000,0.128898,0.886450,0.888830,249.556605,1.050086,0.700057,0.987500,0.952303,7.968849,0.000000,False,True,False,1.000000,1.000000,1.000000,860,71,1.000000,0.857143
0.000000,0.000000,79.000000,1.000000,0.000000,0.000000,1.000000,0.000000,0.000000,0.000000,10.564626,2.000000,0.862500,0.137500,1.000000,1.000000,0.000000,0.119075,0.896744,0.893589,248.592368,1.050770,0.700514,0.987500,0.964237,7.968849,0.000000,False,True,False,1.000000,1.000000,1.000000,861,71,1.000000,0.857143
0.000000,0.000000,79.000000,1.000000,0.000000,0.000000,1.000000,0.000000,0.000000,0.000000,10.598563,2.000000,0.862500,0.137500,1.000000,1.000000,0.000000,0.098533,0.923445,0.916429,247.601478,1.051348,0.700899,0.987500,0.990890,7.968849,0.000000,False,True,False,1.000000,1.000000,1.000000,862,71,1.000000,0.857143
0.000000,0.000000,79.000000,1.000000,0.000000,0.000000,1.000000,0.000000,0.000000,0.000000,10.250798,2.000000,0.862500,0.137500,1.000000,1.000000,0.000000,0.116766,0.899422,0.895667,246.634777,1.049887,0.699924,0.987500,0.966701,7.968849,0.000000,False,True,False,1.000000,1.000000,1.000000,863,71,1.000000,0.857143
0.000000,0.000000,79.000000,1.000000,0.000000,0.000000,1.000000,0.000000,0.000000,0.000000,9.921435,2.000000,0.862500,0.137500,1.000000,1.000000,0.000000,0.113127,0.898177,0.898340,245.665985,1.051755,0.701170,0.987500,0.968793,7.968849,0.000000,False,True,False,1.000000,1.000000,1.000000,864,71,1.000000,0.857143
0.000000,0.000000,79.000000,1.000000,0.000000,0.000000,1.000000,0.000000,0.000000,0.000000,9.561870,2.000000,0.862500,0.137500,1.000000,1.000000,0.000000,0.112923,0.901035,0.899283,244.689272,1.053010,0.702007,0.987500,0.976712,7.968849,0.000000,False,True,False,1.000000,1.000000,1.000000,865,71,1.000000,0.857143
0.000000,0.000000,79.000000,1.000000,0.000000,0.000000,1.000000,0.000000,0.000000,0.000000,9.205805,2.000000,0.862500,0.137500,1.000000,1.000000,0.000000,0.098938,0.914796,0.913294,243.696037,1.053707,0.702472,0.987500,0.993235,7.968849,0.000000,False,True,False,1.000000,1.000000,1.000000,866,71,1.000000,0.857143
0.000000,0.000000,79.000000,1.000000,0.000000,0.000000,1.000000,0.000000,0.000000,0.000000,8.856272,2.000000,0.862500,0.137500,1.000000,1.000000,0.000000,0.123038,0.892788,0.894400,242.728385,1.051984,0.701323,0.987500,0.967652,7.968849,0.000000,False,True,False,1.000000,1.000000,1.000000,867,71,1.000000,0.857143
0.000000,0.000000,79.000000,1.000000,0.000000,0.000000,1.000000,0.000000,0.000000,0.000000,8.508746,2.000000,0.862500,0.137500,1.000000,1.000000,0.000000,0.138809,0.872379,0.872803,241.774973,1.054112,0.702741,0.987500,0.953412,7.968849,0.000000,False,True,False,1.000000,1.000000,1.000000,868,71,1.000000,0.857143
0.000000,0.000000,79.000000,1.000000,0.000000,0.000000,1.000000,0.000000,0.000000,0.000000,8.184137,2.000000,0.862500,0.137500,1.000000,1.000000,0.000000,0.131633,0.882733,0.883289,240.816371,1.055055,0.703370,0.987500,0.958602,7.968849,0.000000,False,True,False,1.000000,1.000000,1.000000,869,71,1.000000,0.857143
0.000000,0.000000,79.000000,1.000000,0.000000,0.000000,1.000000,0.000000,1.000000,0.000000,7.870857,2.000000,0.862500,0.137500,1.000000,1.000000,0.000000,0.115920,0.896453,0.901328,239.837153,1.056179,0.704119,0.987500,0.979219,7.968849,0.000000,False,True,False,1.000000,1.000000,1.000000,870,71,1.000000,0.857143
0.000000,0.000000,79.000000,1.000000,0.000000,0.000000,1.000000,0.000000,0.000000,0.000000,8.870620,2.000000,0.862500,0.137500,1.000000,1.000000,0.000000,0.137162,0.880004,0.881984,238.875980,1.061735,0.707824,0.987500,0.961173,7.968849,0.000000,False,True,False,,,,871,71,1.000000,0.750000
0.000000,0.000000,79.000000,1.000000,0.000000,0.000000,1.000000,0.000000,0.000000,0.000000,8.511618,2.000000,0.862500,0.137500,1.000000,1.000000,0.000000,0.118651,0.886730,0.903814,237.900329,1.060538,0.707025,0.987500,0.975651,7.968849,0.000000,False,True,False,1.000000,1.000000,1.000000,872,71,1.000000,0.750000
0.000000,0.000000,79.000000,1.000000,0.000000,0.000000,1.000000,0.000000,0.000000,0.000000,8.208081,2.000000,0.862500,0.137500,1.000000,1.000000,0.000000,0.127661,0.878499,0.886283,236.936900,1.059769,0.706512,0.987500,0.963428,7.968849,0.000000,False,True,False,1.000000,1.000000,1.000000,873,71,1.000000,0.750000
0.000000,0.000000,79.000000,1.000000,0.000000,0.000000,1.000000,0.000000,1.000000,0.000000,7.910573,2.000000,0.862500,0.137500,1.000000,1.000000,0.000000,0.132180,0.873786,0.882132,235.973274,1.060425,0.706950,0.987500,0.963627,7.968849,0.000000,False,True,False,1.000000,1.000000,1.000000,874,71,1.000000,0.750000
0.000000,0.000000,79.000000,1.000000,0.000000,0.000000,1.000000,0.000000,0.000000,0.000000,8.900876,2.000000,0.862500,0.137500,1.000000,1.000000,0.000000,0.176427,0.822341,0.839941,235.051675,1.068649,0.712433,0.987500,0.921598,7.968849,0.000000,False,True,False,,,,875,71,1.000000,0.750000
0.000000,0.000000,79.000000,1.000000,0.000000,0.000000,1.000000,0.000000,0.000000,0.000000,8.492363,2.000000,0.862500,0.137500,1.000000,1.000000,0.000000,0.137288,0.867750,0.888039,234.096224,1.062617,0.708412,0.987500,0.955451,7.968849,0.000000,False,True,False,1.000000,1.000000,1.000000,876,71,1.000000,0.750000
0.000000,0.000000,79.000000,1.000000,0.000000,0.000000,1.000000,0.000000,0.000000,0.000000,8.124937,2.000000,0.862500,0.137500,1.000000,1.000000,0.000000,0.121239,0.882919,0.894926,233.121890,1.063266,0.708844,0.987500,0.974334,7.968849,0.000000,False,True,False,1.000000,1.000000,1.000000,877,71,1.000000,0.875000
0.000000,0.000000,79.000000,1.000000,0.000000,0.000000,1.000000,0.000000,1.000000,0.000000,7.775657,2.000000,0.862500,0.137500,1.000000,1.000000,0.000000,0.131901,0.871191,0.881291,232.157082,1.063819,0.709213,0.987500,0.964809,7.968849,0.000000,False,True,False,1.000000,1.000000,1.000000,878,71,1.000000,0.875000
0.000000,0.000000,79.000000,1.000000,0.000000,0.000000,1.000000,0.000000,0.000000,0.000000,8.437083,2.000000,0.862500,0.137500,1.000000,1.000000,0.000000,0.159189,0.853368,0.850810,231.211070,1.071598,0.714398,0.987500,0.946012,7.968849,0.000000,False,True,False,,,,879,71,1.000000,0.875000
0.000000,0.000000,79.000000,1.000000,0.000000,0.000000,1.000000,0.000000,0.000000,0.000000,8.262594,2.000000,0.862500,0.137500,1.000000,1.000000,0.000000,0.123142,0.876044,0.895724,230.235077,1.068066,0.712044,0.987500,0.975993,7.968849,0.000000,False,True,False,1.000000,1.000000,1.000000,880,71,1.000000,0.875000
0.000000,0.000000,79.000000,1.000000,0.000000,0.000000,1.000000,0.000000,1.000000,0.000000,7.872467,2.000000,0.862500,0.137500,1.000000,1.000000,0.000000,0.164244,0.873600,0.857827,229.281516,1.063006,0.708671,0.987500,0.953561,7.968849,0.000000,False,True,False,1.000000,1.000000,1.000000,881,71,1.000000,0.875000
0.000000,0.000000,79.000000,1.000000,0.000000,0.000000,1.000000,0.000000,0.000000,0.000000,8.536566,2.000000,0.862500,0.137500,1.000000,1.000000,0.000000,0.160344,0.856748,0.861455,228.327997,1.073129,0.715419,0.987500,0.953519,7.968849,0.000000,False,True,False,,,,882,71,1.000000,0.875000
0.000000,0.000000,79.000000,1.000000,0.000000,0.000000,1.000000,0.000000,0.000000,0.000000,8.116874,2.000000,0.862500,0.137500,1.000000,1.000000,0.000000,0.149131,0.859035,0.880464,227.372923,1.070562,0.713708,0.987500,0.955074,7.968849,0.000000,False,True,False,1.000000,1.000000,1.000000,883,71,1.000000,1.000000
0.000000,0.000000,79.000000,1.000000,0.000000,0.000000,1.000000,0.000000,1.000000,0.000000,7.725317,2.000000,0.862500,0.137500,1.000000,1.000000,0.000000,0.123053,0.904270,0.899335,226.377270,1.067514,0.711676,0.987500,0.995652,7.968849,0.000000,False,True,False,1.000000,1.000000,1.000000,884,71,1.000000,0.888889
0.000000,0.000000,79.000000,1.000000,0.000000,0.000000,1.000000,0.000000,0.000000,0.000000,8.457566,2.000000,0.862500,0.137500,1.000000,1.000000,0.000000,0.165013,0.852779,0.852964,225.430851,1.075019,0.716680,0.987500,0.946419,7.968849,0.000000,False,True,False,,,,885,71,1.000000,0.888889
0.000000,0.000000,79.000000,1.000000,0.000000,0.000000,1.000000,0.000000,0.000000,0.000000,8.036230,2.000000,0.862500,0.137500,1.000000,1.000000,0.000000,0.156289,0.854253,0.866048,224.487613,1.068708,0.712472,0.987500,0.943239,7.968849,0.000000,False,True,False,1.000000,1.000000,1.000000,886,71,1.000000,0.888889
0.000000,0.000000,79.000000,1.000000,0.000000,0.000000,1.000000,0.000000,1.000000,0.000000,7.642804,2.000000,0.862500,0.137500,1.000000,1.000000,0.000000,0.161049,0.862790,0.858285,223.536197,1.069089,0.712726,0.987500,0.951416,7.968849,0.000000,False,True,False,1.000000,1.000000,1.000000,887,71,1.000000,0.888889
0.000000,0.000000,79.000000,1.000000,0.000000,0.000000,1.000000,0.000000,0.000000,0.000000,8.469185,2.000000,0.862500,0.137500,1.000000,1.000000,0.000000,0.177121,0.845750,0.843853,222.591062,1.077289,0.718192,0.987500,0.945135,7.968849,0.000000,False,True,False,,,,888,71,1.000000,0.888889
0.000000,0.000000,79.000000,1.000000,0.000000,0.000000,1.000000,0.000000,0.000000,0.000000,8.045671,2.000000,0.862500,0.137500,1.000000,1.000000,0.000000,0.109309,0.877982,0.911168,221.601288,1.074480,0.716320,0.987500,0.989774,7.968849,0.000000,False,True,False,1.000000,1.000000,1.000000,889,71,1.000000,0.888889
0.000000,0.000000,79.000000,1.000000,0.000000,0.000000,1.000000,0.000000,1.000000,0.000000,7.652876,2.000000,0.862500,0.137500,1.000000,1.000000,0.000000,0.147361,0.882405,0.871808,220.623315,1.071932,0.714621,0.987500,0.977973,7.968849,0.000000,False,True,False,1.000000,1.000000,1.000000,890,71,1.000000,0.888889
0.000000,0.000000,79.000000,1.000000,0.000000,0.000000,1.000000,0.000000,0.000000,0.000000,8.537785,2.000000,0.862500,0.137500,1.000000,1.000000,0.000000,0.182411,0.831630,0.842574,219.689503,1.077913,0.718609,0.987500,0.933812,7.968849,0.000000,False,True,False,,,,891,71,1.000000,0.888889
0.000000,0.000000,79.000000,1.000000,0.000000,0.000000,1.000000,0.000000,0.000000,0.000000,8.104114,2.000000,0.862500,0.137500,1.000000,1.000000,0.000000,0.146901,0.853466,0.876090,218.726812,1.076971,0.717981,0.987500,0.962691,7.968849,0.000000,False,True,False,1.000000,1.000000,1.000000,892,71,1.000000,0.888889
0.000000,0.000000,79.000000,1.000000,0.000000,0.000000,1.000000,0.000000,1.000000,0.000000,7.704321,2.000000,0.862500,0.137500,1.000000,1.000000,0.000000,0.149824,0.860370,0.875314,217.765785,1.075033,0.716688,0.987500,0.961027,7.968849,0.000000,False,True,False,1.000000,1.000000,1.000000,893,71,1.000000,0.888889
0.000000,0.000000,79.000000,1.000000,0.000000,0.000000,1.000000,0.000000,0.000000,0.000000,8.581405,2.000000,0.862500,0.137500,1.000000,1.000000,0.000000,0.167226,0.836361,0.850556,216.822297,1.079835,0.719890,0.987500,0.943488,7.968849,0.000000,False,True,False,,,,894,71,1.000000,0.875000
0.000000,0.000000,79.000000,1.000000,0.000000,0.000000,1.000000,0.000000,0.000000,0.000000,8.154126,2.000000,0.862500,0.137500,1.000000,1.000000,0.000000,0.153335,0.843901,0.873147,215.868818,1.080716,0.720477,0.987500,0.953479,7.968849,0.000000,False,True,False,1.000000,1.000000,1.000000,895,71,1.000000,1.000000
0.000000,0.000000,79.000000,1.000000,0.000000,0.000000,1.000000,0.000000,1.000000,0.000000,7.739966,2.000000,0.862500,0.137500,1.000000,1.000000,0.000000,0.169644,0.830069,0.850237,214.932646,1.079200,0.719467,0.987500,0.936172,7.968849,0.000000,False,True,False,1.000000,1.000000,1.000000,896,71,1.000000,1.000000
0.000000,0.000000,79.000000,1.000000,0.000000,0.000000,1.000000,0.000000,1.000000,0.000000,7.932075,2.000000,0.862500,0.137500,1.000000,1.000000,0.000000,0.182888,0.826105,0.835715,214.000226,1.086367,0.724245,0.987500,0.932421,7.968849,0.000000,False,True,False,,,,897,71,1.000000,1.000000
0.000000,0.000000,79.000000,1.000000,0.000000,0.000000,1.000000,0.000000,0.000000,0.000000,8.331893,2.000000,0.862500,0.137500,1.000000,1.000000,0.000000,0.139930,0.848477,0.886557,213.014081,1.098961,0.732640,0.987500,0.986145,7.968849,0.000000,False,True,False,1.000000,1.000000,1.000000,898,71,1.000000,1.000000
0.000000,0.000000,79.000000,1.000000,0.000000,0.000000,1.000000,0.000000,1.000000,0.000000,7.808339,2.000000,0.862500,0.137500,1.000000,1.000000,0.000000,0.125968,0.874278,0.897173,212.008785,1.095988,0.730658,0.987500,1.005295,7.968849,0.000000,False,True,False,1.000000,1.000000,1.000000,899,71,1.000000,1.000000
0.000000,0.000000,79.000000,1.000000,0.000000,0.000000,1.000000,0.000000,0.000000,0.000000,8.684738,2.000000,0.862500,0.137500,1.000000,1.000000,0.000000,0.177311,0.821087,0.834072,211.067240,1.095435,0.730290,0.987500,0.941545,7.968849,0.000000,False,True,False,,,,900,71,1.000000,1.000000
0.000000,0.000000,79.000000,1.000000,0.000000,0.000000,1.000000,0.000000,0.000000,0.000000,8.231438,2.000000,0.862500,0.137500,1.000000,1.000000,0.000000,0.168166,0.855968,0.861109,210.091366,1.094421,0.729614,0.987500,0.975874,7.968849,0.000000,False,True,False,1.000000,1.000000,1.000000,901,71,1.000000,1.000000
0.000000,0.000000,79.000000,1.000000,0.000000,0.000000,1.000000,0.000000,1.000000,0.000000,7.805097,2.000000,0.862500,0.137500,1.000000,1.000000,0.000000,0.125570,0.837698,0.885067,209.127656,1.090914,0.727276,0.987500,0.963710,7.968849,0.000000,False,True,False,1.000000,1.000000,1.000000,902,71,1.000000,1.000000
0.000000,0.000000,79.000000,1.000000,0.000000,0.000000,1.000000,0.000000,0.000000,0.000000,8.555707,2.000000,0.862500,0.137500,1.000000,1.000000,0.000000,0.172516,0.861036,0.855362,208.147607,1.094020,0.729347,0.987500,0.980050,7.968849,0.000000,False,True,False,,,,903,71,1.000000,1.000000
0.000000,0.000000,79.000000,1.000000,0.000000,0.000000,1.000000,0.000000,0.000000,0.000000,8.201434,2.000000,0.862500,0.137500,1.000000,1.000000,0.000000,0.113942,0.833234,0.886049,207.194283,1.087193,0.724796,0.987500,0.953324,7.968849,0.000000,False,True,False,1.000000,1.000000,1.000000,904,71,1.000000,1.000000
0.000000,0.000000,79.000000,1.000000,0.000000,0.000000,1.000000,0.000000,1.000000,0.000000,7.854832,2.000000,0.862500,0.137500,1.000000,1.000000,0.000000,0.182324,0.887377,0.856526,206.221829,1.084250,0.722833,0.987500,0.972454,7.968849,0.000000,False,True,False,1.000000,1.000000,1.000000,905,71,1.000000,1.000000
0.000000,0.000000,79.000000,1.000000,0.000000,0.000000,1.000000,0.000000,0.000000,0.000000,8.666252,2.000000,0.862500,0.137500,1.000000,1.000000,0.000000,0.156904,0.785227,0.854494,205.325596,1.088695,0.725797,0.987500,0.896233,7.968849,0.000000,False,True,False,,,,906,71,1.000000,1.000000
0.000000,0.000000,79.000000,1.000000,0.000000,0.000000,1.000000,0.000000,0.000000,0.000000,8.405729,2.000000,0.862500,0.137500,1.000000,1.000000,0.000000,0.193962,0.870525,0.865805,204.380006,1.084652,0.723102,0.987500,0.945590,7.968849,0.000000,False,True,False,1.000000,1.000000,1.000000,907,71,1.000000,1.000000
0.000000,0.000000,79.000000,1.000000,0.000000,0.000000,1.000000,0.000000,0.000000,0.000000,8.192570,2.000000,0.862500,0.137500,1.000000,1.000000,0.000000,0.174381,0.826487,0.851627,203.469027,1.080929,0.720619,0.987500,0.910979,7.968849,0.000000,False,True,False,1.000000,1.000000,1.000000,908,71,1.000000,1.000000
0.000000,0.000000,79.000000,1.000000,0.000000,0.000000,1.000000,0.000000,1.000000,0.000000,7.991793,2.000000,0.862500,0.137500,1.000000,1.000000,0.000000,0.169748,0.886341,0.873234,202.512046,1.077571,0.718381,0.987500,0.956981,7.968849,0.000000,False,True,False,1.000000,1.000000,1.000000,909,71,1.000000,1.000000
0.000000,0.000000,79.000000,1.000000,0.000000,0.000000,1.000000,0.000000,0.000000,0.000000,8.933348,2.000000,0.862500,0.137500,1.000000,1.000000,0.000000,0.170325,0.860968,0.873822,201.568114,1.087828,0.725219,0.987500,0.943933,7.968849,0.000000,False,True,False,,,,910,71,1.000000,1.000000
0.000000,0.000000,79.000000,1.000000,0.000000,0.000000,1.000000,0.000000,0.000000,0.000000,8.812548,2.000000,0.862500,0.137500,1.000000,1.000000,0.000000,0.143176,0.896637,0.900013,200.588200,1.084320,0.722880,0.987500,0.979914,7.968849,0.000000,False,True,False,1.000000,1.000000,1.000000,911,71,1.000000,0.888889
0.000000,0.000000,79.000000,1.000000,0.000000,0.000000,1.000000,0.000000,0.000000,0.000000,8.691828,2.000000,0.862500,0.137500,1.000000,1.000000,0.000000,0.175988,0.861720,0.861720,199.649739,1.082096,0.721398,0.987500,0.938461,7.968849,0.000000,False,True,False,1.000000,1.000000,1.000000,912,71,1.000000,0.888889
0.000000,0.000000,79.000000,1.000000,0.000000,0.000000,1.000000,0.000000,0.000000,0.000000,8.580210,2.000000,0.862500,0.137500,1.000000,1.000000,0.000000,0.155049,0.890693,0.884086,198.680979,1.082351,0.721567,0.987500,0.968760,7.968849,0.000000,False,True,False,1.000000,1.000000,1.000000,913,71,1.000000,0.888889
0.000000,0.000000,79.000000,1.000000,0.000000,0.000000,1.000000,0.000000,0.000000,0.000000,8.482514,2.000000,0.862500,0.137500,1.000000,1.000000,0.000000,0.143259,0.899790,0.894350,197.704129,1.079392,0.719594,0.987500,0.976851,7.968849,0.000000,False,True,False,1.000000,1.000000,1.000000,914,71,1.000000,0.888889
0.000000,0.000000,79.000000,1.000000,0.000000,0.000000,1.000000,0.000000,0.000000,0.000000,8.397145,2.000000,0.862500,0.137500,1.000000,1.000000,0.000000,0.147553,0.893700,0.883291,196.726394,1.082599,0.721733,0.987500,0.977734,7.968849,0.000000,False,True,False,1.000000,1.000000,1.000000,915,71,1.000000,0.888889
0.000000,0.000000,79.000000,1.000000,0.000000,0.000000,1.000000,0.000000,0.000000,0.000000,8.332679,2.000000,0.862500,0.137500,1.000000,1.000000,0.000000,0.145247,0.893094,0.884147,195.746459,1.083615,0.722410,0.987500,0.979935,7.968849,0.000000,False,True,False,1.000000,1.000000,1.000000,916,71,1.000000,0.888889
0.000000,0.000000,79.000000,1.000000,0.000000,0.000000,1.000000,0.000000,0.000000,0.000000,8.287547,2.000000,0.862500,0.137500,1.000000,1.000000,0.000000,0.155678,0.886588,0.882117,194.777193,1.084116,0.722744,0.987500,0.969267,7.968849,0.000000,False,True,False,1.000000,1.000000,1.000000,917,71,1.000000,0.888889
0.000000,0.000000,79.000000,1.000000,0.000000,0.000000,1.000000,0.000000,0.000000,0.000000,8.270332,2.000000,0.862500,0.137500,1.000000,1.000000,0.000000,0.157414,0.878824,0.879949,193.812268,1.084613,0.723075,0.987500,0.964925,7.968849,0.000000,False,True,False,1.000000,1.000000,1.000000,918,71,1.000000,0.888889
0.000000,0.000000,79.000000,1.000000,0.000000,0.000000,1.000000,0.000000,0.000000,0.000000,8.269040,2.000000,0.862500,0.137500,1.000000,1.000000,0.000000,0.168009,0.867002,0.869343,192.861202,1.081342,0.720895,0.987500,0.951066,7.968849,0.000000,False,True,False,1.000000,1.000000,1.000000,919,71,1.000000,0.888889
0.000000,0.000000,79.000000,1.000000,0.000000,0.000000,1.000000,0.000000,0.000000,0.000000,8.283356,2.000000,0.862500,0.137500,1.000000,1.000000,0.000000,0.158045,0.871102,0.876762,191.895280,1.084889,0.723259,0.987500,0.965922,7.968849,0.000000,False,True,False,1.000000,1.000000,1.000000,920,71,1.000000,0.888889
0.000000,0.000000,79.000000,1.000000,0.000000,0.000000,1.000000,0.000000,0.000000,0.000000,8.323902,2.000000,0.862500,0.137500,1.000000,1.000000,0.000000,0.165081,0.870142,0.875954,190.933418,1.085860,0.723907,0.987500,0.961862,7.968849,0.000000,False,True,False,1.000000,1.000000,1.000000,921,71,1.000000,0.888889
0.000000,0.000000,79.000000,1.000000,0.000000,0.000000,1.000000,0.000000,0.000000,0.000000,8.031124,2.000000,0.862500,0.137500,1.000000,1.000000,0.000000,0.170171,0.856073,0.857732,189.980134,1.086354,0.724236,0.987500,0.953284,7.968849,0.000000,False,True,False,1.000000,1.000000,1.000000,922,71,1.000000,0.888889
0.000000,0.000000,79.000000,1.000000,0.000000,0.000000,1.000000,0.000000,1.000000,0.000000,7.654809,2.000000,0.862500,0.137500,1.000000,1.000000,0.000000,0.163049,0.868169,0.873809,189.016196,1.086815,0.724543,0.987500,0.963938,7.968849,0.000000,False,True,False,1.000000,1.000000,1.000000,923,71,1.000000,0.888889
0.000000,0.000000,79.000000,1.000000,0.000000,0.000000,1.000000,0.000000,0.000000,0.000000,8.572660,2.000000,0.862500,0.137500,1.000000,1.000000,0.000000,0.169739,0.861031,0.868732,188.052523,1.094785,0.729857,0.987500,0.963673,7.968849,0.000000,False,True,False,,,,924,71,1.000000,0.888889
0.000000,0.000000,79.000000,1.000000,0.000000,0.000000,1.000000,0.000000,0.000000,0.000000,8.274419,2.000000,0.862500,0.137500,1.000000,1.000000,0.000000,0.156836,0.869649,0.877040,187.093078,1.085940,0.723960,0.987500,0.959446,7.968849,0.000000,False,True,False,1.000000,1.000000,1.000000,925,71,1.000000,0.888889
0.000000,0.000000,79.000000,1.000000,0.000000,0.000000,1.000000,0.000000,1.000000,0.000000,7.938862,2.000000,0.862500,0.137500,1.000000,1.000000,0.000000,0.152856,0.870259,0.878930,186.122535,1.087550,0.725034,0.987500,0.970543,7.968849,0.000000,False,True,False,1.000000,1.000000,1.000000,926,71,1.000000,0.888889
0.000000,0.000000,79.000000,1.000000,0.000000,0.000000,1.000000,0.000000,0.000000,0.000000,8.938277,2.000000,0.862500,0.137500,1.000000,1.000000,0.000000,0.157752,0.868260,0.881723,185.141439,1.095942,0.730628,0.987500,0.981096,7.968849,0.000000,False,True,False,,,,927,71,1.000000,0.888889
0.000000,0.000000,79.000000,1.000000,0.000000,0.000000,1.000000,0.000000,0.000000,0.000000,8.615843,2.000000,0.862500,0.137500,1.000000,1.000000,0.000000,0.174653,0.841116,0.858268,184.195632,1.091039,0.727359,0.987500,0.945807,7.968849,0.000000,False,True,False,1.000000,1.000000,1.000000,928,71,1.000000,0.888889
0.000000,0.000000,79.000000,1.000000,0.000000,0.000000,1.000000,0.000000,0.000000,0.000000,8.344895,2.000000,0.862500,0.137500,1.000000,1.000000,0.000000,0.168916,0.855601,0.861797,183.238271,1.089513,0.726342,0.987500,0.957361,7.968849,0.000000,False,True,False,1.000000,1.000000,1.000000,929,71,1.000000,1.000000
0.000000,0.000000,79.000000,1.000000,0.000000,0.000000,1.000000,0.000000,0.000000,0.000000,8.080892,1.000000,1.000000,1.000000,1.000000,0.000000,0.000000,0.151076,0.865883,0.881920,182.261593,1.089878,0.726585,0.987500,0.976678,7.968849,0.000000,False,True,False,1.000000,1.000000,1.000000,930,71,1.000000,1.000000
0.000000,0.000000,79.000000,1.000000,0.000000,0.000000,1.000000,0.000000,1.000000,0.000000,7.810463,1.000000,1.000000,1.000000,1.000000,0.000000,0.000000,0.163365,0.854519,0.875314,181.295988,1.087313,0.724875,0.987500,0.965605,7.968849,0.000000,False,True,False,1.000000,1.000000,1.000000,931,71,1.000000,1.000000
0.000000,0.000000,79.000000,1.000000,0.000000,0.000000,1.000000,0.000000,0.000000,0.000000,8.761053,1.000000,1.000000,1.000000,1.000000,0.000000,0.000000,0.191482,0.817902,0.854114,180.354983,1.097986,0.731991,0.987500,0.941005,7.968849,0.000000,False,True,False,,,,932,71,1.000000,1.000000
0.000000,0.000000,79.000000,1.000000,0.000000,0.000000,1.000000,0.000000,0.000000,0.000000,8.503540,1.000000,1.000000,1.000000,1.000000,0.000000,0.000000,0.188117,0.816480,0.854999,179.420985,1.094802,0.729868,0.987500,0.933997,7.968849,0.000000,False,True,False,1.000000,1.000000,1.000000,933,71,1.000000,1.000000
0.000000,0.000000,79.000000,1.000000,0.000000,0.000000,1.000000,0.000000,0.000000,0.000000,8.262931,1.000000,1.000000,1.000000,1.000000,0.000000,0.000000,0.164430,0.858257,0.868328,178.445179,1.092984,0.728656,0.987500,0.975807,7.968849,0.000000,False,True,False,1.000000,1.000000,1.000000,934,71,1.000000,1.000000
0.000000,0.000000,79.000000,1.000000,0.000000,0.000000,1.000000,0.000000,0.000000,0.000000,8.029458,1.000000,1.000000,1.000000,1.000000,0.000000,0.000000,0.158931,0.849871,0.871540,177.479079,1.089507,0.726338,0.987500,0.966100,7.968849,0.000000,False,True,False,1.000000,1.000000,1.000000,935,71,1.000000,1.000000
0.000000,0.000000,79.000000,1.000000,0.000000,0.000000,1.000000,0.000000,1.000000,0.000000,7.798762,1.000000,1.000000,1.000000,1.000000,0.000000,0.000000,0.169087,0.843786,0.862293,176.516605,1.092272,0.728182,0.987500,0.962475,7.968849,0.000000,False,True,False,1.000000,1.000000,1.000000,936,71,1.000000,1.000000
0.000000,0.000000,79.000000,1.000000,0.000000,0.000000,1.000000,0.000000,0.000000,0.000000,8.132643,1.000000,1.000000,1.000000,1.000000,0.000000,0.000000,0.168729,0.835068,0.864487,175.548027,1.100803,0.733869,0.987500,0.968578,7.968849,0.000000,False,True,False,,,,937,71,1.000000,1.000000
0.000000,0.000000,79.000000,1.000000,0.000000,0.000000,1.000000,0.000000,0.000000,0.000000,8.288960,1.000000,1.000000,1.000000,1.000000,0.000000,0.000000,0.160955,0.836121,0.875399,174.581345,1.097351,0.731567,0.987500,0.966681,7.968849,0.000000,False,True,False,1.000000,1.000000,1.000000,938,71,1.000000,1.000000
0.000000,0.000000,79.000000,1.000000,0.000000,0.000000,1.000000,0.000000,0.000000,0.000000,8.172277,1.000000,1.000000,1.000000,1.000000,0.000000,0.000000,0.148340,0.857482,0.887926,173.588865,1.094933,0.729956,0.987500,0.992480,7.968849,0.000000,False,True,False,1.000000,1.000000,1.000000,939,71,1.000000,1.000000
0.000000,0.000000,79.000000,1.000000,0.000000,0.000000,1.000000,0.000000,1.000000,0.000000,7.938937,1.000000,1.000000,1.000000,1.000000,0.000000,0.000000,0.161498,0.831643,0.862638,172.627076,1.090998,0.727332,0.987500,0.961789,7.968849,0.000000,False,True,False,1.000000,1.000000,1.000000,940,71,1.000000,1.000000
0.000000,0.000000,79.000000,1.000000,0.000000,0.000000,1.000000,0.000000,1.000000,0.000000,7.991267,1.000000,1.000000,1.000000,1.000000,0.000000,0.000000,0.193022,0.810456,0.832457,171.681897,1.101870,0.734580,0.987500,0.945179,7.968849,0.000000,False,True,False,,,,941,71,1.000000,1.000000
0.000000,0.000000,79.000000,1.000000,0.000000,0.000000,1.000000,0.000000,0.000000,0.000000,9.139084,1.000000,1.000000,1.000000,1.000000,0.000000,0.000000,0.187986,0.794052,0.841689,170.731794,1.113953,0.742635,0.987500,0.950104,7.968849,0.000000,False,True,False,1.000000,1.000000,1.000000,942,71,1.000000,1.000000
0.000000,0.000000,79.000000,1.000000,0.000000,0.000000,1.000000,0.000000,0.000000,0.000000,9.072575,1.000000,1.000000,1.000000,1.000000,0.000000,0.000000,0.160749,0.853031,0.874557,169.738456,1.108818,0.739212,0.987500,0.993337,7.968849,0.000000,False,True,False,1.000000,1.000000,1.000000,943,71,1.000000,1.000000
0.000000,0.000000,79.000000,1.000000,0.000000,0.000000,1.000000,0.000000,0.000000,0.000000,9.044667,1.000000,1.000000,1.000000,1.000000,0.000000,0.000000,0.161274,0.824316,0.870502,168.768787,1.104841,0.736561,0.987500,0.969669,7.968849,0.000000,False,True,False,1.000000,1.000000,1.000000,944,71,1.000000,1.000000
0.000000,0.000000,79.000000,1.000000,0.000000,0.000000,1.000000,0.000000,0.000000,0.000000,8.893498,1.000000,1.000000,1.000000,1.000000,0.000000,0.000000,0.173782,0.843178,0.863110,167.789998,1.101496,0.734331,0.987500,0.978790,7.968849,0.000000,False,True,False,1.000000,1.000000,1.000000,945,71,1.000000,1.000000
0.000000,0.000000,79.000000,1.000000,0.000000,0.000000,1.000000,0.000000,0.000000,0.000000,8.629224,1.000000,1.000000,1.000000,1.000000,0.000000,0.000000,0.174100,0.805809,0.867694,166.842476,1.100323,0.733549,0.987500,0.947522,7.968849,0.000000,False,True,False,1.000000,1.000000,1.000000,946,71,1.000000,1.000000
0.000000,0.000000,79.000000,1.000000,0.000000,0.000000,1.000000,0.000000,0.000000,0.000000,8.397157,1.000000,1.000000,1.000000,1.000000,0.000000,0.000000,0.180490,0.828596,0.858810,165.878786,1.099561,0.733040,0.987500,0.963690,7.968849,0.000000,False,True,False,1.000000,1.000000,1.000000,947,71,1.000000,1.000000
0.000000,0.000000,79.000000,1.000000,0.000000,0.000000,1.000000,0.000000,0.000000,0.000000,8.077571,1.000000,1.000000,1.000000,1.000000,0.000000,0.000000,0.212638,0.795991,0.831009,164.953825,1.099195,0.732797,0.987500,0.924962,7.968849,0.000000,False,True,False,1.000000,1.000000,1.000000,948,71,1.000000,1.000000
0.000000,0.000000,79.000000,1.000000,0.000000,0.000000,1.000000,0.000000,1.000000,0.000000,7.683432,1.000000,1.000000,1.000000,1.000000,0.000000,0.000000,0.178496,0.814475,0.860013,164.002135,1.095682,0.730455,0.987500,0.951690,7.968849,0.000000,False,True,False,1.000000,1.000000,1.000000,949,71,1.000000,0.900000
0.000000,0.000000,79.000000,1.000000,0.000000,0.000000,1.000000,0.000000,1.000000,0.000000,7.861312,1.000000,1.000000,1.000000,1.000000,0.000000,0.000000,0.225217,0.788901,0.823788,163.077708,1.098321,0.732214,0.987500,0.924427,7.968849,0.000000,False,True,False,,,,950,71,1.000000,0.900000
0.000000,0.000000,79.000000,1.000000,0.000000,0.000000,1.000000,0.000000,0.000000,0.000000,8.329433,1.000000,1.000000,1.000000,1.000000,0.000000,0.000000,0.208810,0.763416,0.823131,162.167511,1.099555,0.733036,0.987500,0.910197,7.968849,0.000000,False,True,False,,,,951,71,1.000000,0.900000
0.000000,0.000000,79.000000,1.000000,0.000000,0.000000,1.000000,0.000000,1.000000,0.000000,7.976759,1.000000,1.000000,1.000000,1.000000,0.000000,0.000000,0.193170,0.815142,0.853414,161.220143,1.094204,0.729469,0.987500,0.947368,7.968849,0.000000,False,True,False,1.000000,1.000000,1.000000,952,71,1.000000,0.900000
0.000000,0.000000,79.000000,1.000000,0.000000,0.000000,1.000000,0.000000,0.000000,0.000000,8.011389,1.000000,1.000000,1.000000,1.000000,0.000000,0.000000,0.206852,0.790783,0.839705,160.290145,1.094786,0.729857,0.987500,0.929998,7.968849,0.000000,False,True,False,,,,953,71,1.000000,0.900000
0.000000,0.000000,79.000000,1.000000,0.000000,0.000000,1.000000,0.000000,1.000000,0.000000,7.766444,1.000000,1.000000,1.000000,1.000000,0.000000,0.000000,0.175502,0.813577,0.861802,159.338109,1.089008,0.726005,0.987500,0.952036,7.968849,0.000000,False,True,False,1.000000,1.000000,1.000000,954,71,1.000000,0.888889
0.000000,0.000000,79.000000,1.000000,0.000000,0.000000,1.000000,0.000000,0.000000,0.000000,8.475031,1.000000,1.000000,1.000000,1.000000,0.000000,0.000000,0.202335,0.771824,0.827317,158.419370,1.090149,0.726766,0.987500,0.918739,7.968849,0.000000,False,True,False,,,,955,71,1.000000,0.888889
0.000000,0.000000,79.000000,1.000000,0.000000,0.000000,1.000000,0.000000,0.000000,0.000000,8.227289,1.000000,1.000000,1.000000,1.000000,0.000000,0.000000,0.171295,0.805179,0.865637,157.471192,1.083940,0.722626,0.987500,0.948178,7.968849,0.000000,False,True,False,1.000000,1.000000,1.000000,956,71,1.000000,1.000000
0.000000,0.000000,79.000000,1.000000,0.000000,0.000000,1.000000,0.000000,0.000000,0.000000,8.023764,1.000000,1.000000,1.000000,1.000000,0.000000,0.000000,0.201003,0.801164,0.837572,156.543979,1.077725,0.718483,0.987500,0.927213,7.968849,0.000000,False,True,False,1.000000,1.000000,1.000000,957,71,1.000000,1.000000
0.000000,0.000000,79.000000,1.000000,0.000000,0.000000,1.000000,0.000000,1.000000,0.000000,7.859789,1.000000,1.000000,1.000000,1.000000,0.000000,0.000000,0.194911,0.751853,0.833785,155.655513,1.071865,0.714577,0.987500,0.888467,7.968849,0.000000,False,True,False,1.000000,1.000000,1.000000,958,71,1.000000,1.000000
0.000000,0.000000,79.000000,1.000000,0.000000,0.000000,1.000000,0.000000,0.000000,0.000000,8.394243,1.000000,1.000000,1.000000,1.000000,0.000000,0.000000,0.228331,0.783897,0.811421,154.744373,1.076073,0.717382,0.987500,0.911140,7.968849,0.000000,False,True,False,,,,959,71,1.000000,1.000000
0.000000,0.000000,79.000000,1.000000,0.000000,0.000000,1.000000,0.000000,0.000000,0.000000,8.377503,1.000000,1.000000,1.000000,1.000000,0.000000,0.000000,0.168153,0.776113,0.850722,153.834095,1.070078,0.713385,0.987500,0.910277,7.968849,0.000000,False,True,False,1.000000,1.000000,1.000000,960,71,1.000000,1.000000
0.000000,0.000000,79.000000,1.000000,0.000000,0.000000,1.000000,0.000000,0.000000,0.000000,8.412455,1.000000,1.000000,1.000000,1.000000,0.000000,0.000000,0.184917,0.815975,0.844985,152.893308,1.065490,0.710327,0.987500,0.940787,7.968849,0.000000,False,True,False,1.000000,1.000000,1.000000,961,71,1.000000,1.000000
0.000000,0.000000,79.000000,1.000000,0.000000,0.000000,1.000000,0.000000,0.000000,0.000000,8.470957,1.000000,1.000000,1.000000,1.000000,0.000000,0.000000,0.159398,0.802881,0.858385,151.964379,1.061992,0.707995,0.987500,0.928930,7.968849,0.000000,False,True,False,1.000000,1.000000,1.000000,962,71,1.000000,1.000000
0.000000,0.000000,79.000000,1.000000,0.000000,0.000000,1.000000,0.000000,0.000000,0.000000,8.459833,1.000000,1.000000,1.000000,1.000000,0.000000,0.000000,0.216694,0.814808,0.829195,151.040008,1.059230,0.706154,0.987500,0.924371,7.968849,0.000000,False,True,False,1.000000,1.000000,1.000000,963,71,1.000000,1.000000
0.000000,0.000000,79.000000,1.000000,0.000000,0.000000,1.000000,0.000000,0.000000,0.000000,8.429885,1.000000,1.000000,1.000000,1.000000,0.000000,0.000000,0.176569,0.786726,0.843531,150.130532,1.056697,0.704465,0.987500,0.909476,7.968849,0.000000,False,True,False,1.000000,1.000000,1.000000,964,71,1.000000,1.000000
0.000000,0.000000,79.000000,1.000000,0.000000,0.000000,1.000000,0.000000,0.000000,0.000000,8.441415,1.000000,1.000000,1.000000,1.000000,0.000000,0.000000,0.200747,0.796308,0.832741,149.220620,1.054325,0.702884,0.987500,0.909912,7.968849,0.000000,False,True,False,1.000000,1.000000,1.000000,965,71,1.000000,1.000000
0.000000,0.000000,79.000000,1.000000,0.000000,0.000000,1.000000,0.000000,0.000000,0.000000,8.463397,1.000000,1.000000,1.000000,1.000000,0.000000,0.000000,0.157593,0.809682,0.871713,148.282317,1.052104,0.701403,0.987500,0.938303,7.968849,0.000000,False,True,False,1.000000,1.000000,1.000000,966,71,1.000000,1.000000
0.000000,0.000000,79.000000,1.000000,0.000000,0.000000,1.000000,0.000000,0.000000,0.000000,8.505621,1.000000,1.000000,1.000000,1.000000,0.000000,0.000000,0.175271,0.797635,0.847482,147.362298,1.049975,0.699983,0.987500,0.920019,7.968849,0.000000,False,True,False,1.000000,1.000000,1.000000,967,71,1.000000,1.000000
0.000000,0.000000,79.000000,1.000000,0.000000,0.000000,1.000000,0.000000,0.000000,0.000000,8.528515,1.000000,1.000000,1.000000,1.000000,0.000000,0.000000,0.178798,0.801934,0.847574,146.441916,1.047675,0.698450,0.987500,0.920382,7.968849,0.000000,False,True,False,1.000000,1.000000,1.000000,968,71,1.000000,1.000000
0.000000,0.000000,79.000000,1.000000,0.000000,0.000000,1.000000,0.000000,0.000000,0.000000,8.239362,1.000000,1.000000,1.000000,1.000000,0.000000,0.000000,0.165917,0.837522,0.862140,145.491724,1.045106,0.696738,0.987500,0.950192,7.968849,0.000000,False,True,False,1.000000,1.000000,1.000000,969,71,1.000000,1.000000
0.000000,0.000000,79.000000,1.000000,0.000000,0.000000,1.000000,0.000000,1.000000,0.000000,7.831106,1.000000,1.000000,1.000000,1.000000,0.000000,0.000000,0.162914,0.821276,0.871792,144.557171,1.042430,0.694953,0.987500,0.934553,7.968849,0.000000,False,True,False,1.000000,1.000000,1.000000,970,71,1.000000,1.000000
0.000000,0.000000,79.000000,1.000000,0.000000,0.000000,1.000000,0.000000,0.000000,0.000000,8.539914,1.000000,1.000000,1.000000,1.000000,0.000000,0.000000,0.231387,0.783912,0.819053,143.662482,1.046633,0.697756,0.987500,0.894689,7.968849,0.000000,False,True,False,,,,971,71,1.000000,1.000000
0.000000,0.000000,79.000000,1.000000,0.000000,0.000000,1.000000,0.000000,0.000000,0.000000,8.401633,1.000000,1.000000,1.000000,1.000000,0.000000,0.000000,0.170716,0.814498,0.872799,142.740982,1.042387,0.694925,0.987500,0.921499,7.968849,0.000000,False,True,False,1.000000,1.000000,1.000000,972,71,1.000000,1.000000
0.000000,0.000000,79.000000,1.000000,0.000000,0.000000,1.000000,0.000000,1.000000,0.000000,7.979416,1.000000,1.000000,1.000000,1.000000,0.000000,0.000000,0.176525,0.821488,0.860724,141.818977,1.037575,0.691716,0.987500,0.922005,7.968849,0.000000,False,True,False,1.000000,1.000000,1.000000,973,71,1.000000,0.900000
0.000000,0.000000,79.000000,1.000000,0.000000,0.000000,1.000000,0.000000,0.000000,0.000000,8.970199,1.000000,1.000000,1.000000,1.000000,0.000000,0.000000,0.223095,0.752526,0.829108,140.947803,1.040327,0.693551,0.987500,0.871174,7.968849,0.000000,False,True,False,,,,974,71,1.000000,0.900000
0.000000,0.000000,79.000000,1.000000,0.000000,0.000000,1.000000,0.000000,0.000000,0.000000,8.639622,1.000000,1.000000,1.000000,1.000000,0.000000,0.000000,0.205662,0.786673,0.860058,140.061983,1.035250,0.690166,0.987500,0.885820,7.968849,0.000000,False,True,False,1.000000,1.000000,1.000000,975,71,1.000000,0.900000
0.000000,0.000000,79.000000,1.000000,0.000000,0.000000,1.000000,0.000000,0.000000,0.000000,8.313562,1.000000,1.000000,1.000000,1.000000,0.000000,0.000000,0.199254,0.791553,0.858649,139.160739,1.030732,0.687154,0.987500,0.901244,7.968849,0.000000,False,True,False,1.000000,1.000000,1.000000,976,71,1.000000,0.900000
0.000000,0.000000,79.000000,1.000000,0.000000,0.000000,1.000000,0.000000,0.000000,0.000000,8.030058,1.000000,1.000000,1.000000,1.000000,0.000000,0.000000,0.186575,0.793240,0.872851,138.264581,1.027367,0.684912,0.987500,0.896159,7.968849,0.000000,False,True,False,1.000000,1.000000,1.000000,977,71,1.000000,0.900000
0.000000,0.000000,79.000000,1.000000,0.000000,0.000000,1.000000,0.000000,1.000000,0.000000,7.752713,1.000000,1.000000,1.000000,1.000000,0.000000,0.000000,0.194253,0.807796,0.862727,137.353470,1.024632,0.683088,0.987500,0.911111,7.968849,0.000000,False,True,False,1.000000,1.000000,1.000000,978,71,1.000000,0.900000
0.000000,0.000000,79.000000,1.000000,0.000000,0.000000,1.000000,0.000000,0.000000,0.000000,8.699799,1.000000,1.000000,1.000000,1.000000,0.000000,0.000000,0.176499,0.773090,0.868943,136.454981,1.029457,0.686304,0.987500,0.898489,7.968849,0.000000,False,True,False,,,,979,71,1.000000,0.900000
0.000000,0.000000,79.000000,1.000000,0.000000,0.000000,1.000000,0.000000,0.000000,0.000000,8.458432,1.000000,1.000000,1.000000,1.000000,0.000000,0.000000,0.187715,0.814888,0.873554,135.535117,1.024944,0.683296,0.987500,0.919864,7.968849,0.000000,False,True,False,1.000000,1.000000,1.000000,980,71,1.000000,0.900000
0.000000,0.000000,79.000000,1.000000,0.000000,0.000000,1.000000,0.000000,0.000000,0.000000,8.234755,1.000000,1.000000,1.000000,1.000000,0.000000,0.000000,0.207071,0.772841,0.852001,134.658228,1.020224,0.680149,0.987500,0.876889,7.968849,0.000000,False,True,False,1.000000,1.000000,1.000000,981,71,1.000000,0.818182
0.000000,0.000000,79.000000,1.000000,0.000000,0.000000,1.000000,0.000000,0.000000,0.000000,8.014496,1.000000,1.000000,1.000000,1.000000,0.000000,0.000000,0.230117,0.781087,0.858044,133.778454,1.016674,0.677783,0.987500,0.879774,7.968849,0.000000,False,True,False,1.000000,1.000000,1.000000,982,71,1.000000,0.818182
0.000000,0.000000,79.000000,1.000000,0.000000,0.000000,1.000000,0.000000,1.000000,0.000000,7.806125,1.000000,1.000000,1.000000,1.000000,0.000000,0.000000,0.180516,0.781862,0.884071,132.888540,1.013795,0.675863,0.987500,0.889914,7.968849,0.000000,False,True,False,1.000000,1.000000,1.000000,983,71,1.000000,0.800000
0.000000,0.000000,79.000000,1.000000,0.000000,0.000000,1.000000,0.000000,0.000000,0.000000,8.760504,1.000000,1.000000,1.000000,1.000000,0.000000,0.000000,0.231297,0.768767,0.848442,132.005252,1.018704,0.679136,0.987500,0.883288,7.968849,0.000000,False,True,False,,,,984,71,1.000000,0.800000
0.000000,0.000000,79.000000,1.000000,0.000000,0.000000,1.000000,0.000000,0.000000,0.000000,8.602004,1.000000,1.000000,1.000000,1.000000,0.000000,0.000000,0.212103,0.742809,0.847667,131.153190,1.013511,0.675674,0.987500,0.852062,7.968849,0.000000,False,True,False,1.000000,1.000000,1.000000,985,71,1.000000,0.900000
0.000000,0.000000,79.000000,1.000000,0.000000,0.000000,1.000000,0.000000,0.000000,0.000000,8.489230,1.000000,1.000000,1.000000,1.000000,0.000000,0.000000,0.205269,0.780933,0.829551,130.284219,1.009930,0.673286,0.987500,0.868971,7.968849,0.000000,False,True,False,1.000000,1.000000,1.000000,986,71,1.000000,0.900000
0.000000,0.000000,79.000000,1.000000,0.000000,0.000000,1.000000,0.000000,0.000000,0.000000,8.384837,1.000000,1.000000,1.000000,1.000000,0.000000,0.000000,0.184122,0.816488,0.863311,129.375460,1.007195,0.671463,0.987500,0.908760,7.968849,0.000000,False,True,False,1.000000,1.000000,1.000000,987,71,1.000000,0.900000
0.000000,0.000000,79.000000,1.000000,0.000000,0.000000,1.000000,0.000000,0.000000,0.000000,8.310151,1.000000,1.000000,1.000000,1.000000,0.000000,0.000000,0.173051,0.766494,0.875453,128.493267,1.005017,0.670011,0.987500,0.882193,7.968849,0.000000,False,True,False,1.000000,1.000000,1.000000,988,71,1.000000,0.900000
0.000000,0.000000,79.000000,1.000000,0.000000,0.000000,1.000000,0.000000,0.000000,0.000000,8.259245,1.000000,1.000000,1.000000,1.000000,0.000000,0.000000,0.220989,0.795458,0.837883,127.611186,1.002966,0.668644,0.987500,0.882081,7.968849,0.000000,False,True,False,1.000000,1.000000,1.000000,989,71,1.000000,0.900000
0.000000,0.000000,79.000000,1.000000,0.000000,0.000000,1.000000,0.000000,0.000000,0.000000,8.212725,1.000000,1.000000,1.000000,1.000000,0.000000,0.000000,0.181227,0.764539,0.857495,126.742849,1.001108,0.667405,0.987500,0.868337,7.968849,0.000000,False,True,False,1.000000,1.000000,1.000000,990,71,1.000000,0.900000
0.000000,0.000000,79.000000,1.000000,0.000000,0.000000,1.000000,0.000000,0.000000,0.000000,8.215028,1.000000,1.000000,1.000000,1.000000,0.000000,0.000000,0.212759,0.794691,0.827793,125.864097,0.999262,0.666175,0.987500,0.878752,7.968849,0.000000,False,True,False,1.000000,1.000000,1.000000,991,71,1.000000,0.900000
0.000000,0.000000,79.000000,1.000000,0.000000,0.000000,1.000000,0.000000,0.000000,0.000000,8.231048,1.000000,1.000000,1.000000,1.000000,0.000000,0.000000,0.175852,0.774204,0.858293,124.990039,0.997315,0.664876,0.987500,0.874057,7.968849,0.000000,False,True,False,1.000000,1.000000,1.000000,992,71,1.000000,0.900000
0.000000,0.000000,79.000000,1.000000,0.000000,0.000000,1.000000,0.000000,0.000000,0.000000,8.026590,1.000000,1.000000,1.000000,1.000000,0.000000,0.000000,0.242331,0.787531,0.814976,124.122309,0.995432,0.663621,0.987500,0.867730,7.968849,0.000000,False,True,False,1.000000,1.000000,1.000000,993,71,1.000000,0.900000
0.000000,0.000000,79.000000,1.000000,0.000000,0.000000,1.000000,0.000000,1.000000,0.000000,7.607092,1.000000,1.000000,1.000000,1.000000,0.000000,0.000000,0.163181,0.784406,0.852205,123.250699,0.992761,0.661841,0.987500,0.871609,7.968849,0.000000,False,True,False,1.000000,1.000000,1.000000,994,71,1.000000,0.818182
0.000000,0.000000,79.000000,1.000000,0.000000,0.000000,1.000000,0.000000,0.000000,0.000000,8.394031,1.000000,1.000000,1.000000,1.000000,0.000000,0.000000,0.241564,0.805629,0.824793,122.375265,0.997294,0.664863,0.987500,0.875434,7.968849,0.000000,False,True,False,,,,995,71,1.000000,0.818182
0.000000,0.000000,79.000000,1.000000,0.000000,0.000000,1.000000,0.000000,0.000000,0.000000,8.158833,1.000000,1.000000,1.000000,1.000000,0.000000,0.000000,0.162767,0.730360,0.864043,121.545734,0.993304,0.662203,0.987500,0.829531,7.968849,0.000000,False,True,False,1.000000,1.000000,1.000000,996,71,1.000000,0.818182
0.000000,0.000000,79.000000,1.000000,0.000000,0.000000,1.000000,0.000000,1.000000,0.000000,7.762392,1.000000,1.000000,1.000000,1.000000,0.000000,0.000000,0.203714,0.798627,0.857487,120.665216,0.989187,0.659458,0.987500,0.880518,7.968849,0.000000,False,True,False,1.000000,1.000000,1.000000,997,71,1.000000,0.909091
0.000000,0.000000,79.000000,1.000000,0.000000,0.000000,1.000000,0.000000,0.000000,0.000000,8.762390,1.000000,1.000000,1.000000,1.000000,0.000000,0.000000,0.190039,0.707260,0.827276,119.857859,0.992851,0.661901,0.987500,0.807357,7.968849,0.000000,False,True,False,,,,998,71,1.000000,0.909091
0.000000,0.000000,79.000000,1.000000,0.000000,0.000000,1.000000,0.000000,0.000000,0.000000,8.352431,1.000000,1.000000,1.000000,1.000000,0.000000,0.000000,0.237593,0.790309,0.829037,118.989006,0.989155,0.659437,0.987500,0.868853,7.968849,0.000000,False,True,False,1.000000,1.000000,1.000000,999,71,1.000000,0.909091
0.000000,0.000000,79.000000,1.000000,0.000000,0.000000,1.000000,0.000000,1.000000,0.000000,7.920257,1.000000,1.000000,1.000000,1.000000,0.000000,0.000000,0.159782,0.759364,0.860487,118.145187,0.984816,0.656544,0.987500,0.843819,7.968849,0.000000,False,True,False,1.000000,1.000000,1.000000,1000,71,1.000000,0.909091
0.000000,0.000000,79.000000,1.000000,0.000000,0.000000,1.000000,0.000000,0.000000,0.000000,8.920134,1.000000,1.000000,1.000000,1.000000,0.000000,0.000000,0.265758,0.811213,0.814576,117.283194,0.987918,0.658612,0.987500,0.861993,7.968849,0.000000,False,True,False,,,,1001,71,1.000000,0.909091
0.000000,0.000000,79.000000,1.000000,0.000000,0.000000,1.000000,0.000000,0.000000,0.000000,8.550019,1.000000,1.000000,1.000000,1.000000,0.000000,0.000000,0.153522,0.747742,0.855937,116.463981,0.983340,0.655560,0.987500,0.819213,7.968849,0.000000,False,True,False,1.000000,1.000000,1.000000,1002,71,1.000000,0.833333
0.000000,0.000000,79.000000,1.000000,0.000000,0.000000,1.000000,0.000000,0.000000,0.000000,8.220840,1.000000,1.000000,1.000000,1.000000,0.000000,0.000000,0.269068,0.843116,0.825091,115.582262,0.978379,0.652253,0.987500,0.881719,7.968849,0.000000,False,True,False,1.000000,1.000000,1.000000,1003,71,1.000000,0.833333
0.000000,0.000000,79.000000,1.000000,0.000000,0.000000,1.000000,0.000000,1.000000,0.000000,7.875058,1.000000,1.000000,1.000000,1.000000,0.000000,0.000000,0.111876,0.741944,0.894314,114.761367,0.974203,0.649469,0.987500,0.820895,7.968849,0.000000,False,True,False,1.000000,1.000000,1.000000,1004,71,1.000000,0.916667
0.000000,0.000000,79.000000,1.000000,0.000000,0.000000,1.000000,0.000000,0.000000,0.000000,8.364509,1.000000,1.000000,1.000000,1.000000,0.000000,0.000000,0.314341,0.815428,0.802834,113.918145,0.977708,0.651806,0.987500,0.843221,7.968849,0.000000,False,True,False,,,,1005,71,1.000000,0.916667
0.000000,0.000000,79.000000,1.000000,0.000000,0.000000,1.000000,0.000000,0.000000,0.000000,8.316124,1.000000,1.000000,1.000000,1.000000,0.000000,0.000000,0.141917,0.759732,0.856758,113.119426,0.974046,0.649364,0.987500,0.798719,7.968849,0.000000,False,True,False,1.000000,1.000000,1.000000,1006,71,1.000000,0.916667
0.000000,0.000000,79.000000,1.000000,0.000000,0.000000,1.000000,0.000000,0.000000,0.000000,8.057382,1.000000,1.000000,1.000000,1.000000,0.000000,0.000000,0.274190,0.859673,0.825330,112.262281,0.969451,0.646301,0.987500,0.857145,7.968849,0.000000,False,True,False,1.000000,1.000000,1.000000,1007,71,1.000000,0.916667
0.000000,0.000000,79.000000,1.000000,0.000000,0.000000,1.000000,0.000000,1.000000,0.000000,7.705902,1.000000,1.000000,1.000000,1.000000,0.000000,0.000000,0.187511,0.775451,0.868520,111.459551,0.965639,0.643759,0.987500,0.802730,7.968849,0.000000,False,True,False,1.000000,1.000000,1.000000,1008,71,1.000000,0.916667
0.000000,0.000000,79.000000,1.000000,0.000000,0.000000,1.000000,0.000000,0.000000,0.000000,8.203298,1.000000,1.000000,1.000000,1.000000,0.000000,0.000000,0.286492,0.788385,0.809168,110.664532,0.968931,0.645954,0.987500,0.795019,7.968849,0.000000,False,True,False,,,,1009,71,1.000000,0.916667
0.000000,0.000000,79.000000,1.000000,0.000000,0.000000,1.000000,0.000000,1.000000,0.000000,7.896151,1.000000,1.000000,1.000000,1.000000,0.000000,0.000000,0.201544,0.822181,0.873457,109.837756,0.965181,0.643454,0.987500,0.826776,7.968849,0.000000,False,True,False,1.000000,1.000000,1.000000,1010,71,1.000000,0.916667
0.000000,0.000000,79.000000,1.000000,0.000000,0.000000,1.000000,0.000000,0.000000,0.000000,8.486055,1.000000,1.000000,1.000000,1.000000,0.000000,0.000000,0.212259,0.831669,0.865506,109.000171,0.966606,0.644404,0.987500,0.837585,7.968849,0.000000,False,True,False,,,,1011,71,1.000000,0.846154
0.000000,0.000000,79.000000,1.000000,0.000000,0.000000,1.000000,0.000000,0.000000,0.000000,8.178704,1.000000,1.000000,1.000000,1.000000,0.000000,0.000000,0.192849,0.867255,0.896197,108.134799,0.961900,0.641267,0.987500,0.865372,7.968849,0.000000,False,True,False,1.000000,1.000000,1.000000,1012,71,1.000000,0.923077
0.000000,0.000000,79.000000,1.000000,0.000000,0.000000,1.000000,0.000000,1.000000,0.000000,7.884360,1.000000,1.000000,1.000000,1.000000,0.000000,0.000000,0.193054,0.853823,0.888097,107.287543,0.956602,0.637735,0.987500,0.847256,7.968849,0.000000,False,True,False,1.000000,1.000000,1.000000,1013,71,1.000000,0.923077
0.000000,0.000000,79.000000,1.000000,0.000000,0.000000,1.000000,0.000000,0.000000,0.000000,8.684110,1.000000,1.000000,1.000000,1.000000,0.000000,0.000000,0.231975,0.809778,0.848768,106.474996,0.958904,0.639269,0.987500,0.812548,7.968849,0.000000,False,True,False,,,,1014,71,1.000000,0.923077
0.000000,0.000000,79.000000,1.000000,0.000000,0.000000,1.000000,0.000000,0.000000,0.000000,8.420012,1.000000,1.000000,1.000000,1.000000,0.000000,0.000000,0.243974,0.794097,0.843799,105.687437,0.954576,0.636384,0.987500,0.787558,7.968849,0.000000,False,True,False,1.000000,1.000000,1.000000,1015,71,1.000000,0.923077
0.000000,0.000000,79.000000,1.000000,0.000000,0.000000,1.000000,0.000000,0.000000,0.000000,8.186457,1.000000,1.000000,1.000000,1.000000,0.000000,0.000000,0.215333,0.818069,0.876766,104.868989,0.949523,0.633015,0.987500,0.818448,7.968849,0.000000,False,True,False,1.000000,1.000000,1.000000,1016,71,1.000000,0.923077
0.000000,0.000000,79.000000,1.000000,0.000000,0.000000,1.000000,0.000000,1.000000,0.000000,7.971163,1.000000,1.000000,1.000000,1.000000,0.000000,0.000000,0.226199,0.814173,0.861946,104.059561,0.945081,0.630054,0.987500,0.809428,7.968849,0.000000,False,True,False,1.000000,1.000000,1.000000,1017,71,1.000000,0.923077
0.000000,0.000000,79.000000,1.000000,0.000000,0.000000,1.000000,0.000000,0.000000,0.000000,8.896926,1.000000,1.000000,1.000000,1.000000,0.000000,0.000000,0.276786,0.763854,0.816912,103.287517,0.947463,0.631642,0.987500,0.772043,7.968849,0.000000,False,True,False,,,,1018,71,1.000000,0.857143
0.000000,0.000000,79.000000,1.000000,0.000000,0.000000,1.000000,0.000000,0.000000,0.000000,8.718304,1.000000,1.000000,1.000000,1.000000,0.000000,0.000000,0.245918,0.804692,0.850771,102.484181,0.942605,0.628403,0.987500,0.803336,7.968849,0.000000,False,True,False,1.000000,1.000000,1.000000,1019,71,1.000000,0.857143
0.000000,0.000000,79.000000,1.000000,0.000000,0.000000,1.000000,0.000000,0.000000,0.000000,8.584710,1.000000,1.000000,1.000000,1.000000,0.000000,0.000000,0.236833,0.814277,0.860875,101.674369,0.937277,0.624852,0.987500,0.809812,7.968849,0.000000,False,True,False,1.000000,1.000000,1.000000,1020,71,1.000000,0.857143
0.000000,0.000000,79.000000,1.000000,0.000000,0.000000,1.000000,0.000000,0.000000,0.000000,8.482666,1.000000,1.000000,1.000000,1.000000,0.000000,0.000000,0.211398,0.849196,0.884935,100.841188,0.932792,0.621861,0.987500,0.833180,7.968849,0.000000,False,True,False,1.000000,1.000000,1.000000,1021,71,1.000000,0.928571
0.000000,0.000000,79.000000,1.000000,0.000000,0.000000,1.000000,0.000000,0.000000,0.000000,8.404771,1.000000,1.000000,1.000000,1.000000,0.000000,0.000000,0.232030,0.832392,0.870760,100.023648,0.928795,0.619197,0.987500,0.817540,7.968849,0.000000,False,True,False,1.000000,1.000000,1.000000,1022,71,1.000000,0.928571
0.000000,0.000000,79.000000,1.000000,0.000000,0.000000,1.000000,0.000000,1.000000,0.000000,7.969162,1.000000,1.000000,1.000000,1.000000,0.000000,0.000000,0.242934,0.815060,0.857572,99.224494,0.925116,0.616744,0.987500,0.799154,7.968849,0.000000,False,True,False,1.000000,1.000000,1.000000,1023,71,1.000000,0.928571
0.000000,0.000000,79.000000,1.000000,0.000000,0.000000,1.000000,0.000000,0.000000,0.000000,8.301937,1.000000,1.000000,1.000000,1.000000,0.000000,0.000000,0.303603,0.734504,0.810856,98.483104,0.928867,0.619245,0.987500,0.741390,7.968849,0.000000,False,True,False,,,,1024,71,1.000000,0.928571
0.000000,0.000000,79.000000,1.000000,0.000000,0.000000,1.000000,0.000000,0.000000,0.000000,8.257529,1.000000,1.000000,1.000000,1.000000,0.000000,0.000000,0.267946,0.791919,0.822083,97.707862,0.924952,0.616635,0.987500,0.775242,7.968849,0.000000,False,True,False,1.000000,1.000000,1.000000,1025,71,1.000000,0.928571
0.000000,0.000000,79.000000,1.000000,0.000000,0.000000,1.000000,0.000000,0.000000,0.000000,8.019188,1.000000,1.000000,1.000000,1.000000,0.000000,0.000000,0.249861,0.755828,0.842002,96.947546,0.920539,0.613693,0.987500,0.760316,7.968849,0.000000,False,True,False,1.000000,1.000000,1.000000,1026,71,1.000000,0.928571
0.000000,0.000000,79.000000,1.000000,0.000000,0.000000,1.000000,0.000000,1.000000,0.000000,7.560675,1.000000,1.000000,1.000000,1.000000,0.000000,0.000000,0.261305,0.816648,0.852225,96.152021,0.916369,0.610913,0.987500,0.795525,7.968849,0.000000,False,True,False,1.000000,1.000000,1.000000,1027,71,1.000000,0.928571
0.000000,0.000000,79.000000,1.000000,0.000000,0.000000,1.000000,0.000000,1.000000,0.000000,7.355949,1.000000,1.000000,1.000000,1.000000,0.000000,0.000000,0.210315,0.757463,0.847779,95.394548,0.919019,0.612680,0.987500,0.757473,7.968849,0.000000,False,True,False,,,,1028,71,1.000000,0.928571
0.000000,0.000000,79.000000,1.000000,0.000000,0.000000,1.000000,0.000000,0.000000,0.000000,8.277716,1.000000,1.000000,1.000000,1.000000,0.000000,0.000000,0.294787,0.806388,0.809238,94.613063,0.926278,0.617519,0.987500,0.781486,7.968849,0.000000,False,True,False,1.000000,1.000000,1.000000,1029,71,1.000000,1.000000
0.000000,0.000000,79.000000,1.000000,0.000000,0.000000,1.000000,0.000000,1.000000,0.000000,7.767689,1.000000,1.000000,1.000000,1.000000,0.000000,0.000000,0.190785,0.781052,0.874406,93.835398,0.920047,0.613365,0.987500,0.777665,7.968849,0.000000,False,True,False,1.000000,1.000000,1.000000,1030,71,1.000000,0.933333
0.000000,0.000000,79.000000,1.000000,0.000000,0.000000,1.000000,0.000000,1.000000,0.000000,7.962641,1.000000,1.000000,1.000000,1.000000,0.000000,0.000000,0.298926,0.818472,0.823857,93.042951,0.919389,0.612926,0.987500,0.792447,7.968849,0.000000,False,True,False,,,,1031,71,1.000000,0.933333
0.000000,0.000000,79.000000,1.000000,0.000000,0.000000,1.000000,0.000000,0.000000,0.000000,8.657673,1.000000,1.000000,1.000000,1.000000,0.000000,0.000000,0.194347,0.721923,0.849962,92.297540,0.923724,0.615816,0.987500,0.745411,7.968849,0.000000,False,True,False,1.000000,1.000000,1.000000,1032,71,1.000000,0.933333
0.000000,0.000000,79.000000,1.000000,0.000000,0.000000,1.000000,0.000000,0.000000,0.000000,8.545141,1.000000,1.000000,1.000000,1.000000,0.000000,0.000000,0.298681,0.823202,0.805937,91.499676,0.916796,0.611197,0.987500,0.797864,7.968849,0.000000,False,True,False,1.000000,1.000000,1.000000,1033,71,1.000000,0.933333
0.000000,0.000000,79.000000,1.000000,0.000000,0.000000,1.000000,0.000000,0.000000,0.000000,8.164589,1.000000,1.000000,1.000000,1.000000,0.000000,0.000000,0.181757,0.726242,0.865194,90.746292,0.910293,0.606862,0.987500,0.753385,7.968849,0.000000,False,True,False,1.000000,1.000000,1.000000,1034,71,1.000000,0.933333
0.000000,0.000000,79.000000,1.000000,0.000000,0.000000,1.000000,0.000000,1.000000,0.000000,7.763336,1.000000,1.000000,1.000000,1.000000,0.000000,0.000000,0.313523,0.838288,0.822301,89.939954,0.903485,0.602324,0.987500,0.806337,7.968849,0.000000,False,True,False,1.000000,1.000000,1.000000,1035,71,1.000000,0.937500
0.000000,0.000000,79.000000,1.000000,0.000000,0.000000,1.000000,0.000000,0.000000,0.000000,8.632876,1.000000,1.000000,1.000000,1.000000,0.000000,0.000000,0.190428,0.709352,0.868943,89.203994,0.903446,0.602297,0.987500,0.735961,7.968849,0.000000,False,True,False,,,,1036,71,1.000000,0.937500
0.000000,0.000000,79.000000,1.000000,0.000000,0.000000,1.000000,0.000000,0.000000,0.000000,8.293829,1.000000,1.000000,1.000000,1.000000,0.000000,0.000000,0.341209,0.797769,0.802559,88.435345,0.896519,0.597679,0.987500,0.768649,7.968849,0.000000,False,True,False,1.000000,1.000000,1.000000,1037,71,1.000000,0.882353
0.000000,0.000000,79.000000,1.000000,0.000000,0.000000,1.000000,0.000000,1.000000,0.000000,7.994932,1.000000,1.000000,1.000000,1.000000,0.000000,0.000000,0.215339,0.706512,0.867839,87.714145,0.890017,0.593345,0.987500,0.721200,7.968849,0.000000,False,True,False,1.000000,1.000000,1.000000,1038,71,1.000000,0.882353
0.000000,0.000000,79.000000,1.000000,0.000000,0.000000,1.000000,0.000000,0.000000,0.000000,8.843888,1.000000,1.000000,1.000000,1.000000,0.000000,0.000000,0.340352,0.764676,0.794413,86.976311,0.890231,0.593487,0.987500,0.737834,7.968849,0.000000,False,True,False,,,,1039,71,1.000000,0.882353
0.000000,0.000000,79.000000,1.000000,0.000000,0.000000,1.000000,0.000000,0.000000,0.000000,8.605388,1.000000,1.000000,1.000000,1.000000,0.000000,0.000000,0.224228,0.697284,0.840040,86.275764,0.884083,0.589389,0.987500,0.700548,7.968849,0.000000,False,True,False,1.000000,1.000000,1.000000,1040,71,1.000000,0.941176
0.000000,0.000000,79.000000,1.000000,0.000000,0.000000,1.000000,0.000000,0.000000,0.000000,8.383658,1.000000,1.000000,1.000000,1.000000,0.000000,0.000000,0.304991,0.810457,0.822015,85.506624,0.878053,0.585369,0.987500,0.769140,7.968849,0.000000,False,True,False,1.000000,1.000000,1.000000,1041,71,1.000000,0.941176
0.000000,0.000000,79.000000,1.000000,0.000000,0.000000,1.000000,0.000000,0.000000,0.000000,8.158620,1.000000,1.000000,1.000000,1.000000,0.000000,0.000000,0.203085,0.744987,0.854522,84.773601,0.872270,0.581513,0.987500,0.733023,7.968849,0.000000,False,True,False,1.000000,1.000000,1.000000,1042,71,1.000000,0.941176
0.000000,0.000000,79.000000,1.000000,0.000000,0.000000,1.000000,0.000000,1.000000,0.000000,7.974980,1.000000,1.000000,1.000000,1.000000,0.000000,0.000000,0.314049,0.808110,0.823872,84.011552,0.866919,0.577946,0.987500,0.762049,7.968849,0.000000,False,True,False,1.000000,1.000000,1.000000,1043,71,1.000000,0.941176
0.000000,0.000000,79.000000,1.000000,0.000000,0.000000,1.000000,0.000000,0.000000,0.000000,8.920791,1.000000,1.000000,1.000000,1.000000,0.000000,0.000000,0.244396,0.660591,0.824794,83.328742,0.868472,0.578981,0.987500,0.682810,7.968849,0.000000,False,True,False,,,,1044,71,0.941176,0.941176
0.000000,0.000000,79.000000,1.000000,0.000000,0.000000,1.000000,0.000000,0.000000,0.000000,8.750842,1.000000,1.000000,1.000000,1.000000,0.000000,0.000000,0.303033,0.785134,0.819895,82.576403,0.862611,0.575074,0.987500,0.752339,7.968849,0.000000,False,True,False,1.000000,1.000000,1.000000,1045,71,0.941176,0.941176
0.000000,0.000000,79.000000,1.000000,0.000000,0.000000,1.000000,0.000000,0.000000,0.000000,8.631735,1.000000,1.000000,1.000000,1.000000,0.000000,0.000000,0.247169,0.682238,0.829779,81.888385,0.856944,0.571296,0.987500,0.688018,7.968849,0.000000,False,True,False,1.000000,1.000000,1.000000,1046,71,0.944444,1.000000
0.000000,0.000000,79.000000,1.000000,0.000000,0.000000,1.000000,0.000000,0.000000,0.000000,8.271890,1.000000,1.000000,1.000000,1.000000,0.000000,0.000000,0.278228,0.795642,0.847160,81.133798,0.851598,0.567732,0.987500,0.754587,7.968849,0.000000,False,True,False,1.000000,1.000000,1.000000,1047,71,0.944444,1.000000
0.000000,0.000000,79.000000,1.000000,0.000000,0.000000,1.000000,0.000000,1.000000,0.000000,7.836909,1.000000,1.000000,1.000000,1.000000,0.000000,0.000000,0.229439,0.740517,0.877899,80.406354,0.846166,0.564111,0.987500,0.727444,7.968849,0.000000,False,True,False,1.000000,1.000000,1.000000,1048,71,0.944444,0.944444
0.000000,0.000000,79.000000,1.000000,0.000000,0.000000,1.000000,0.000000,0.000000,0.000000,8.367959,1.000000,1.000000,1.000000,1.000000,0.000000,0.000000,0.321904,0.721138,0.812869,79.709755,0.847609,0.565073,0.987500,0.696599,7.968849,0.000000,False,True,False,,,,1049,71,0.941176,0.941176
0.000000,0.000000,79.000000,1.000000,0.000000,0.000000,1.000000,0.000000,0.000000,0.000000,8.312481,1.000000,1.000000,1.000000,1.000000,0.000000,0.000000,0.259205,0.693664,0.849372,79.027189,0.842488,0.561659,0.987500,0.682566,7.968849,0.000000,False,True,False,1.000000,1.000000,1.000000,1050,71,0.941176,0.941176
0.000000,0.000000,79.000000,1.000000,0.000000,0.000000,1.000000,0.000000,1.000000,0.000000,7.841107,1.000000,1.000000,1.000000,1.000000,0.000000,0.000000,0.319209,0.724631,0.808049,78.331193,0.836916,0.557944,0.987500,0.695995,7.968849,0.000000,False,True,False,1.000000,1.000000,1.000000,1051,71,0.941176,0.941176
0.000000,0.000000,79.000000,1.000000,0.000000,0.000000,1.000000,0.000000,0.000000,0.000000,8.384944,1.000000,1.000000,1.000000,1.000000,0.000000,0.000000,0.280768,0.652361,0.815652,77.675761,0.837633,0.558422,0.987500,0.655433,7.968849,0.000000,False,True,False,,,,1052,71,0.941176,0.941176
0.000000,0.000000,79.000000,1.000000,0.000000,0.000000,1.000000,0.000000,0.000000,0.000000,8.347818,1.000000,1.000000,1.000000,1.000000,0.000000,0.000000,0.304602,0.727427,0.826058,76.965117,0.832074,0.554716,0.987500,0.710644,7.968849,0.000000,False,True,False,1.000000,1.000000,1.000000,1053,71,0.941176,0.941176
0.000000,0.000000,79.000000,1.000000,0.000000,0.000000,1.000000,0.000000,1.000000,0.000000,7.916156,1.000000,1.000000,1.000000,1.000000,0.000000,0.000000,0.226147,0.716126,0.870356,76.256748,0.826269,0.550846,0.987500,0.708369,7.968849,0.000000,False,True,False,1.000000,1.000000,1.000000,1054,71,0.941176,0.941176
0.000000,0.000000,79.000000,1.000000,0.000000,0.000000,1.000000,0.000000,0.000000,0.000000,8.562526,1.000000,1.000000,1.000000,1.000000,0.000000,0.000000,0.272304,0.730059,0.836046,75.552042,0.826682,0.551121,0.987500,0.704706,7.968849,0.000000,False,True,False,,,,1055,71,0.941176,0.941176
0.000000,0.000000,79.000000,1.000000,0.000000,0.000000,1.000000,0.000000,0.000000,0.000000,8.400262,1.000000,1.000000,1.000000,1.000000,0.000000,0.000000,0.262845,0.729202,0.837263,74.860154,0.821173,0.547449,0.987500,0.691888,7.968849,0.000000,False,True,False,1.000000,1.000000,1.000000,1056,71,0.937500,0.937500
0.000000,0.000000,79.000000,1.000000,0.000000,0.000000,1.000000,0.000000,0.000000,0.000000,8.044027,1.000000,1.000000,1.000000,1.000000,0.000000,0.000000,0.260786,0.736301,0.833651,74.172222,0.815008,0.543339,0.987500,0.687932,7.968849,0.000000,False,True,False,1.000000,1.000000,1.000000,1057,71,0.941176,0.941176
0.000000,0.000000,79.000000,1.000000,0.000000,0.000000,1.000000,0.000000,1.000000,0.000000,7.681336,1.000000,1.000000,1.000000,1.000000,0.000000,0.000000,0.225767,0.769882,0.872423,73.460994,0.809016,0.539344,0.987500,0.711228,7.968849,0.000000,False,True,False,1.000000,1.000000,1.000000,1058,71,0.941176,0.941176
0.000000,0.000000,79.000000,1.000000,0.000000,0.000000,1.000000,0.000000,1.000000,0.000000,7.825469,1.000000,1.000000,1.000000,1.000000,0.000000,0.000000,0.296614,0.700826,0.800610,72.816091,0.809308,0.539539,0.987500,0.644903,7.968849,0.000000,False,True,False,,,,1059,71,0.941176,0.941176
0.000000,0.000000,79.000000,1.000000,0.000000,0.000000,1.000000,0.000000,1.000000,0.000000,7.670135,1.000000,1.000000,1.000000,1.000000,0.000000,0.000000,0.268329,0.695829,0.824554,72.159412,0.813739,0.542492,0.987500,0.656680,7.968849,0.000000,False,True,False,1.000000,1.000000,1.000000,1060,71,0.941176,0.941176
0.000000,0.000000,79.000000,1.000000,0.000000,0.000000,1.000000,0.000000,0.000000,0.000000,8.374829,1.000000,1.000000,1.000000,1.000000,0.000000,0.000000,0.321190,0.679811,0.809216,71.505417,0.812220,0.541480,0.987500,0.653995,7.968849,0.000000,False,True,False,,,,1061,71,0.941176,0.941176
0.000000,0.000000,79.000000,1.000000,0.000000,0.000000,1.000000,0.000000,0.000000,0.000000,8.073790,1.000000,1.000000,1.000000,1.000000,0.000000,0.000000,0.274647,0.673535,0.828502,70.852609,0.805749,0.537166,0.987500,0.652808,7.968849,0.000000,False,True,False,1.000000,1.000000,1.000000,1062,71,0.941176,0.941176
0.000000,0.000000,79.000000,1.000000,0.000000,0.000000,1.000000,0.000000,1.000000,0.000000,7.727852,1.000000,1.000000,1.000000,1.000000,0.000000,0.000000,0.295743,0.720112,0.819005,70.181959,0.799722,0.533148,0.987500,0.670650,7.968849,0.000000,False,True,False,1.000000,1.000000,1.000000,1063,71,0.941176,0.941176
0.000000,0.000000,79.000000,1.000000,0.000000,0.000000,1.000000,0.000000,1.000000,0.000000,6.883449,1.000000,1.000000,1.000000,1.000000,0.000000,0.000000,0.274414,0.667144,0.823894,69.547037,0.799647,0.533098,0.987500,0.634922,7.968849,0.000000,False,True,False,,,,1064,71,0.937500,0.937500
0.000000,0.000000,79.000000,1.000000,0.000000,0.000000,1.000000,0.000000,1.000000,0.000000,7.709563,1.000000,1.000000,1.000000,1.000000,0.000000,0.000000,0.305111,0.706923,0.815699,68.888060,0.803220,0.535480,0.987500,0.658976,7.968849,0.000000,False,True,False,1.000000,1.000000,1.000000,1065,71,0.937500,0.882353
0.000000,0.000000,79.000000,1.000000,0.000000,0.000000,1.000000,0.000000,1.000000,0.000000,7.390801,1.000000,1.000000,1.000000,1.000000,0.000000,0.000000,0.294080,0.662263,0.815763,68.256198,0.801342,0.534228,0.987500,0.631862,7.968849,0.000000,False,True,False,,,,1066,71,0.937500,0.882353
0.000000,0.000000,79.000000,1.000000,0.000000,0.000000,1.000000,0.000000,1.000000,0.000000,7.929454,1.000000,1.000000,1.000000,1.000000,0.000000,0.000000,0.325447,0.673199,0.791949,67.615071,0.804357,0.536238,0.987500,0.641127,7.968849,0.000000,False,True,False,1.000000,1.000000,1.000000,1067,71,1.000000,0.941176
0.000000,0.000000,79.000000,1.000000,0.000000,0.000000,1.000000,0.000000,1.000000,0.000000,7.818111,1.000000,1.000000,1.000000,1.000000,0.000000,0.000000,0.283038,0.649441,0.810979,66.985173,0.802227,0.534818,0.987500,0.629898,7.968849,0.000000,False,True,False,,,,1068,71,1.000000,0.937500
0.000000,0.000000,79.000000,1.000000,0.000000,0.000000,1.000000,0.000000,0.000000,0.000000,8.112932,1.000000,1.000000,1.000000,1.000000,0.000000,0.000000,0.323451,0.661118,0.801301,66.336706,0.804205,0.536137,0.987500,0.648466,7.968849,0.000000,False,True,False,1.000000,1.000000,1.000000,1069,71,1.000000,0.937500
0.000000,0.000000,79.000000,1.000000,0.000000,0.000000,1.000000,0.000000,1.000000,0.000000,7.609907,1.000000,1.000000,1.000000,1.000000,0.000000,0.000000,0.286181,0.626724,0.813876,65.714052,0.796973,0.531316,0.987500,0.622654,7.968849,0.000000,False,True,False,1.000000,1.000000,1.000000,1070,71,1.000000,0.882353
0.000000,0.000000,79.000000,1.000000,0.000000,0.000000,1.000000,0.000000,0.000000,0.000000,8.358692,1.000000,1.000000,1.000000,1.000000,0.000000,0.000000,0.321884,0.653054,0.802990,65.079994,0.794522,0.529682,0.987500,0.634059,7.968849,0.000000,False,True,False,,,,1071,71,1.000000,0.882353
0.000000,0.000000,79.000000,1.000000,0.000000,0.000000,1.000000,0.000000,1.000000,0.000000,7.970248,1.000000,1.000000,1.000000,1.000000,0.000000,0.000000,0.295399,0.641872,0.834097,64.448416,0.787528,0.525019,0.987500,0.631578,7.968849,0.000000,False,True,False,1.000000,1.000000,1.000000,1072,71,1.000000,0.941176
0.000000,0.000000,79.000000,1.000000,0.000000,0.000000,1.000000,0.000000,1.000000,0.000000,7.922908,1.000000,1.000000,1.000000,1.000000,0.000000,0.000000,0.344331,0.606378,0.789476,63.850279,0.784796,0.523198,0.987500,0.598137,7.968849,0.000000,False,True,False,,,,1073,71,1.000000,0.888889
0.000000,0.000000,79.000000,1.000000,0.000000,0.000000,1.000000,0.000000,1.000000,0.000000,7.927537,1.000000,1.000000,1.000000,1.000000,0.000000,0.000000,0.372968,0.549686,0.768982,63.280280,0.786511,0.524340,0.987500,0.569999,7.968849,0.000000,False,True,False,1.000000,1.000000,1.000000,1074,71,1.000000,0.888889
0.000000,0.000000,79.000000,1.000000,0.000000,0.000000,1.000000,0.000000,0.000000,0.000000,8.182320,1.000000,1.000000,1.000000,1.000000,0.000000,0.000000,0.362800,0.577496,0.801333,62.690186,0.782935,0.521957,0.987500,0.590094,7.968849,0.000000,False,True,False,,,,1075,71,1.000000,0.888889
0.000000,0.000000,79.000000,1.000000,0.000000,0.000000,1.000000,0.000000,1.000000,0.000000,7.588553,1.000000,1.000000,1.000000,1.000000,0.000000,0.000000,0.276259,0.612532,0.848357,62.078898,0.775637,0.517091,0.987500,0.611288,7.968849,0.000000,False,True,False,1.000000,1.000000,1.000000,1076,71,1.000000,0.888889
0.000000,0.000000,79.000000,1.000000,0.000000,0.000000,1.000000,0.000000,1.000000,0.000000,7.479013,1.000000,1.000000,1.000000,1.000000,0.000000,0.000000,0.347319,0.638032,0.812584,61.460490,0.772410,0.514940,0.987500,0.618408,7.968849,0.000000,False,True,False,,,,1077,71,1.000000,0.842105
0.000000,0.000000,79.000000,1.000000,0.000000,0.000000,1.000000,0.000000,1.000000,0.000000,6.695567,1.000000,1.000000,1.000000,1.000000,0.000000,0.000000,0.289812,0.605331,0.825861,60.867673,0.769152,0.512768,0.987500,0.592817,7.968849,0.000000,False,True,False,,,,1078,71,1.000000,0.894737
0.000000,0.000000,79.000000,1.000000,0.000000,0.000000,1.000000,0.000000,2.000000,0.000000,7.491797,1.000000,1.000000,1.000000,1.000000,0.000000,0.000000,0.377420,0.643368,0.808653,60.262177,0.766056,0.510704,0.987500,0.605496,7.968849,0.000000,False,True,False,1.000000,1.000000,1.000000,1079,71,1.000000,0.947368
0.000000,0.000000,79.000000,1.000000,0.000000,0.000000,1.000000,0.000000,1.000000,0.000000,7.032506,1.000000,1.000000,1.000000,1.000000,0.000000,0.000000,0.285180,0.537425,0.823172,59.716517,0.766909,0.511272,0.987500,0.545660,7.968849,0.000000,False,True,False,1.000000,1.000000,1.000000,1080,71,1.000000,0.900000
0.000000,0.000000,79.000000,1.000000,0.000000,0.000000,1.000000,0.000000,1.000000,0.000000,7.610513,1.000000,1.000000,1.000000,1.000000,0.000000,0.000000,0.375989,0.636598,0.790427,59.104944,0.763357,0.508904,0.987500,0.611573,7.968849,0.000000,False,True,False,1.000000,1.000000,1.000000,1081,71,1.000000,0.950000
0.000000,0.000000,79.000000,1.000000,0.000000,0.000000,1.000000,0.000000,1.000000,0.000000,7.874506,1.000000,1.000000,1.000000,1.000000,0.000000,0.000000,0.254308,0.523926,0.850068,58.549806,0.759617,0.506411,0.987500,0.555138,7.968849,0.000000,False,True,False,1.000000,1.000000,1.000000,1082,71,1.000000,0.904762
0.000000,0.000000,79.000000,1.000000,0.000000,0.000000,1.000000,0.000000,1.000000,0.000000,7.917364,1.000000,1.000000,1.000000,1.000000,0.000000,0.000000,0.361872,0.673001,0.802532,57.913803,0.755549,0.503699,0.987500,0.636003,7.968849,0.000000,False,True,False,1.000000,1.000000,1.000000,1083,71,1.000000,0.904762
0.000000,0.000000,79.000000,1.000000,0.000000,0.000000,1.000000,0.000000,0.000000,0.000000,8.279623,1.000000,1.000000,1.000000,1.000000,0.000000,0.000000,0.267197,0.524977,0.835406,57.375496,0.756901,0.504600,0.987500,0.538307,7.968849,0.000000,False,True,False,1.000000,1.000000,1.000000,1084,71,1.000000,0.950000
0.000000,0.000000,79.000000,1.000000,0.000000,0.000000,1.000000,0.000000,0.000000,0.000000,8.199643,1.000000,1.000000,1.000000,1.000000,0.000000,0.000000,0.362347,0.629456,0.817133,56.761581,0.749104,0.499403,0.987500,0.613915,7.968849,0.000000,False,True,False,1.000000,1.000000,1.000000,1085,71,1.000000,0.950000
0.000000,0.000000,79.000000,1.000000,0.000000,0.000000,1.000000,0.000000,1.000000,0.000000,7.993015,1.000000,1.000000,1.000000,1.000000,0.000000,0.000000,0.255442,0.578063,0.858848,56.191478,0.741275,0.494183,0.987500,0.570104,7.968849,0.000000,False,True,False,1.000000,1.000000,1.000000,1086,71,1.000000,0.950000
0.000000,0.000000,79.000000,1.000000,0.000000,0.000000,1.000000,0.000000,0.000000,0.000000,8.729179,1.000000,1.000000,1.000000,1.000000,0.000000,0.000000,0.362106,0.626302,0.802453,55.604136,0.737994,0.491996,0.987500,0.587342,7.968849,0.000000,False,True,False,,,,1087,71,1.000000,0.950000
0.000000,0.000000,79.000000,1.000000,0.000000,0.000000,1.000000,0.000000,0.000000,0.000000,8.456198,1.000000,1.000000,1.000000,1.000000,0.000000,0.000000,0.273669,0.542740,0.848209,55.056432,0.729122,0.486081,0.987500,0.547704,7.968849,0.000000,False,True,False,1.000000,1.000000,1.000000,1088,71,1.000000,0.952381
0.000000,0.000000,79.000000,1.000000,0.000000,0.000000,1.000000,0.000000,1.000000,0.000000,7.937935,1.000000,1.000000,1.000000,1.000000,0.000000,0.000000,0.404547,0.602023,0.782711,54.484529,0.720897,0.480598,0.987500,0.571903,7.968849,0.000000,False,True,False,1.000000,1.000000,1.000000,1089,71,1.000000,0.952381
0.000000,0.000000,79.000000,1.000000,0.000000,0.000000,1.000000,0.000000,0.000000,0.000000,8.790852,1.000000,1.000000,1.000000,1.000000,0.000000,0.000000,0.292126,0.502767,0.811424,53.980020,0.717761,0.478507,0.987500,0.504508,7.968849,0.000000,False,True,False,,,,1090,71,1.000000,0.952381
0.000000,0.000000,79.000000,1.000000,0.000000,0.000000,1.000000,0.000000,0.000000,0.000000,8.317971,1.000000,1.000000,1.000000,1.000000,0.000000,0.000000,0.342998,0.618498,0.798542,53.403734,0.709939,0.473293,0.987500,0.576287,7.968849,0.000000,False,True,False,1.000000,1.000000,1.000000,1091,71,1.000000,0.952381
0.000000,0.000000,79.000000,1.000000,0.000000,0.000000,1.000000,0.000000,1.000000,0.000000,7.790915,1.000000,1.000000,1.000000,1.000000,0.000000,0.000000,0.230766,0.530553,0.848684,52.877945,0.702065,0.468043,0.987500,0.525789,7.968849,0.000000,False,True,False,1.000000,1.000000,1.000000,1092,71,1.000000,0.952381
0.000000,0.000000,79.000000,1.000000,0.000000,0.000000,1.000000,0.000000,0.000000,0.000000,8.721809,1.000000,1.000000,1.000000,1.000000,0.000000,0.000000,0.379339,0.608172,0.786031,52.320116,0.699810,0.466540,0.987500,0.557829,7.968849,0.000000,False,True,False,,,,1093,71,1.000000,0.950000
0.000000,0.000000,79.000000,1.000000,0.000000,0.000000,1.000000,0.000000,0.000000,0.000000,8.134066,1.000000,1.000000,1.000000,1.000000,0.000000,0.000000,0.218368,0.516264,0.855181,51.820423,0.692100,0.461400,0.987500,0.499693,7.968849,0.000000,False,True,False,1.000000,1.000000,1.000000,1094,71,1.000000,0.904762
0.000000,0.000000,79.000000,1.000000,0.000000,0.000000,1.000000,0.000000,1.000000,0.000000,7.573366,1.000000,1.000000,1.000000,1.000000,0.000000,0.000000,0.335444,0.611202,0.802629,51.264101,0.684495,0.456330,0.987500,0.556322,7.968849,0.000000,False,True,False,1.000000,1.000000,1.000000,1095,71,1.000000,0.904762
0.000000,0.000000,79.000000,1.000000,0.000000,0.000000,1.000000,0.000000,0.000000,0.000000,8.479079,1.000000,1.000000,1.000000,1.000000,0.000000,0.000000,0.230347,0.511289,0.824259,50.788054,0.682554,0.455036,0.987500,0.476047,7.968849,0.000000,False,True,False,,,,1096,71,1.000000,0.900000
0.000000,0.000000,79.000000,1.000000,0.000000,0.000000,1.000000,0.000000,1.000000,0.000000,7.908600,1.000000,1.000000,1.000000,1.000000,0.000000,0.000000,0.359041,0.658162,0.814104,50.213006,0.675307,0.450204,0.987500,0.575048,7.968849,0.000000,False,True,False,1.000000,1.000000,1.000000,1097,71,1.000000,0.950000
0.000000,0.000000,79.000000,1.000000,0.000000,0.000000,1.000000,0.000000,1.000000,0.000000,7.721400,1.000000,1.000000,1.000000,1.000000,0.000000,0.000000,0.239367,0.515054,0.840315,49.719583,0.673670,0.449113,0.987500,0.493423,7.968849,0.000000,False,True,False,,,,1098,71,1.000000,0.950000
0.000000,0.000000,79.000000,1.000000,0.000000,0.000000,1.000000,0.000000,1.000000,0.000000,7.538240,1.000000,1.000000,1.000000,1.000000,0.000000,0.000000,0.381443,0.583657,0.769781,49.186093,0.676828,0.451219,0.987500,0.533490,7.968849,0.000000,False,True,False,1.000000,1.000000,1.000000,1099,71,1.000000,0.950000
0.000000,0.000000,79.000000,1.000000,0.000000,0.000000,1.000000,0.000000,0.000000,0.000000,8.169937,1.000000,1.000000,1.000000,1.000000,0.000000,0.000000,0.314511,0.498308,0.767986,48.721631,0.675022,0.450014,0.987500,0.464462,7.968849,0.000000,False,True,False,,,,1100,71,1.000000,0.950000
0.000000,0.000000,79.000000,1.000000,0.000000,0.000000,1.000000,0.000000,1.000000,0.000000,7.886223,1.000000,1.000000,1.000000,1.000000,0.000000,0.000000,0.364888,0.599705,0.820880,48.174442,0.666914,0.444609,0.987500,0.547188,7.968849,0.000000,False,True,False,1.000000,1.000000,1.000000,1101,71,1.000000,0.909091
0.000000,0.000000,79.000000,1.000000,0.000000,0.000000,1.000000,0.000000,1.000000,0.000000,6.701056,1.000000,1.000000,1.000000,1.000000,0.000000,0.000000,0.288672,0.524101,0.794084,47.700081,0.664301,0.442868,0.987500,0.474361,7.968849,0.000000,False,True,False,,,,1102,71,1.000000,0.909091
0.000000,0.000000,79.000000,1.000000,0.000000,0.000000,1.000000,0.000000,1.000000,0.000000,7.996005,1.000000,1.000000,1.000000,1.000000,0.000000,0.000000,0.362648,0.589094,0.788910,47.179242,0.666745,0.444497,0.987500,0.520839,7.968849,0.000000,False,True,False,1.000000,1.000000,1.000000,1103,71,1.000000,0.909091
0.000000,0.000000,79.000000,1.000000,0.000000,0.000000,1.000000,0.000000,1.000000,0.000000,7.285289,1.000000,1.000000,1.000000,1.000000,0.000000,0.000000,0.261114,0.556079,0.837161,46.686336,0.664867,0.443245,0.987500,0.492906,7.968849,0.000000,False,True,False,,,,1104,71,1.000000,0.904762
0.000000,0.000000,79.000000,1.000000,0.000000,0.000000,1.000000,0.000000,1.000000,0.000000,7.417794,1.000000,1.000000,1.000000,1.000000,0.000000,0.000000,0.361752,0.586388,0.801830,46.168769,0.666968,0.444645,0.987500,0.517566,7.968849,0.000000,False,True,False,1.000000,1.000000,1.000000,1105,71,1.000000,0.904762
0.000000,0.000000,79.000000,1.000000,0.000000,0.000000,1.000000,0.000000,1.000000,0.000000,7.868471,1.000000,1.000000,1.000000,1.000000,0.000000,0.000000,0.288539,0.528138,0.799450,45.698981,0.669610,0.446407,0.987500,0.469789,7.968849,0.000000,False,True,False,1.000000,1.000000,1.000000,1106,71,1.000000,0.904762
0.000000,0.000000,79.000000,1.000000,0.000000,0.000000,1.000000,0.000000,0.000000,0.000000,8.450862,1.000000,1.000000,1.000000,1.000000,0.000000,0.000000,0.377133,0.591050,0.797228,45.177837,0.667945,0.445296,0.987500,0.521144,7.968849,0.000000,False,True,False,,,,1107,71,1.000000,0.863636
0.000000,0.000000,79.000000,1.000000,0.000000,0.000000,1.000000,0.000000,0.000000,0.000000,8.357745,1.000000,1.000000,1.000000,1.000000,0.000000,0.000000,0.250487,0.526769,0.861274,44.693946,0.660195,0.440130,0.987500,0.483891,7.968849,0.000000,False,True,False,1.000000,1.000000,1.000000,1108,71,1.000000,0.954545
0.000000,0.000000,79.000000,1.000000,0.000000,0.000000,1.000000,0.000000,1.000000,0.000000,7.890262,1.000000,1.000000,1.000000,1.000000,0.000000,0.000000,0.363022,0.615678,0.794012,44.170144,0.652407,0.434938,0.987500,0.523802,7.968849,0.000000,False,True,False,1.000000,1.000000,1.000000,1109,71,1.000000,0.954545
0.000000,0.000000,79.000000,1.000000,0.000000,0.000000,1.000000,0.000000,0.000000,0.000000,8.414422,1.000000,1.000000,1.000000,1.000000,0.000000,0.000000,0.318705,0.499313,0.771764,43.732065,0.649786,0.433191,0.987500,0.438079,7.968849,0.000000,False,True,False,,,,1110,71,1.000000,0.954545
0.000000,0.000000,79.000000,1.000000,0.000000,0.000000,1.000000,0.000000,0.000000,0.000000,8.431452,1.000000,1.000000,1.000000,1.000000,0.000000,0.000000,0.407748,0.594083,0.762341,43.228101,0.642707,0.428471,0.987500,0.503964,7.968849,0.000000,False,True,False,1.000000,1.000000,1.000000,1111,71,1.000000,0.954545
0.000000,0.000000,79.000000,1.000000,0.000000,0.000000,1.000000,0.000000,1.000000,0.000000,7.974049,1.000000,1.000000,1.000000,1.000000,0.000000,0.000000,0.308850,0.540348,0.762322,42.785952,0.635111,0.423407,0.987500,0.442148,7.968849,0.000000,False,True,False,1.000000,1.000000,1.000000,1112,71,1.000000,0.909091
0.000000,0.000000,79.000000,1.000000,0.000000,0.000000,1.000000,0.000000,1.000000,0.000000,7.698957,1.000000,1.000000,1.000000,1.000000,0.000000,0.000000,0.402822,0.586720,0.742710,42.306866,0.632652,0.421768,0.987500,0.479086,7.968849,0.000000,False,True,False,,,,1113,71,1.000000,0.869565
0.000000,0.000000,79.000000,1.000000,0.000000,0.000000,1.000000,0.000000,1.000000,0.000000,7.658415,1.000000,1.000000,1.000000,1.000000,0.000000,0.000000,0.326133,0.509786,0.756351,41.887585,0.636022,0.424014,0.987500,0.419281,7.968849,0.000000,False,True,False,1.000000,1.000000,1.000000,1114,71,1.000000,0.869565
0.000000,0.000000,79.000000,1.000000,0.000000,0.000000,1.000000,0.000000,0.000000,0.000000,8.408921,1.000000,1.000000,1.000000,1.000000,0.000000,0.000000,0.430800,0.559536,0.739297,41.403854,0.638997,0.425998,0.987500,0.483730,7.968849,0.000000,False,True,False,1.000000,1.000000,1.000000,1115,71,1.000000,0.869565
0.000000,0.000000,79.000000,1.000000,0.000000,0.000000,1.000000,0.000000,0.000000,0.000000,8.499979,1.000000,1.000000,1.000000,1.000000,0.000000,0.000000,0.299322,0.523489,0.785268,40.951310,0.633061,0.422041,0.987500,0.452544,7.968849,0.000000,False,True,False,1.000000,1.000000,1.000000,1116,71,1.000000,0.909091
0.000000,0.000000,79.000000,1.000000,0.000000,0.000000,1.000000,0.000000,0.000000,0.000000,8.167685,1.000000,1.000000,1.000000,1.000000,0.000000,0.000000,0.387245,0.590605,0.762036,40.464600,0.625574,0.417049,0.987500,0.486710,7.968849,0.000000,False,True,False,1.000000,1.000000,1.000000,1117,71,1.000000,0.909091
0.000000,0.000000,79.000000,1.000000,0.000000,0.000000,1.000000,0.000000,1.000000,0.000000,7.820179,1.000000,1.000000,1.000000,1.000000,0.000000,0.000000,0.301461,0.501482,0.751970,40.046818,0.617589,0.411726,0.987500,0.417782,7.968849,0.000000,False,True,False,1.000000,1.000000,1.000000,1118,71,1.000000,0.869565
0.000000,0.000000,79.000000,1.000000,0.000000,0.000000,1.000000,0.000000,1.000000,0.000000,7.455207,1.000000,1.000000,1.000000,1.000000,0.000000,0.000000,0.428411,0.649972,0.770912,39.538548,0.615108,0.410072,0.987500,0.508269,7.968849,0.000000,True,True,True,,,,1119,71,1.000000,0.833333
0.000000,0.000000,79.000000,1.000000,0.000000,0.000000,1.000000,0.000000,1.000000,0.000000,7.858090,1.000000,1.000000,1.000000,1.000000,0.000000,0.000000,0.225708,0.517260,0.804103,39.137760,0.618615,0.412410,0.987500,0.400789,7.968849,0.000000,True,True,True,1.000000,1.000000,1.000000,1120,71,1.000000,0.833333
0.000000,0.000000,79.000000,1.000000,0.000000,0.000000,1.000000,0.000000,1.000000,0.000000,7.810550,1.000000,1.000000,1.000000,1.000000,0.000000,0.000000,0.442619,0.641267,0.741983,38.636619,0.616150,0.410767,0.987500,0.501141,7.968849,0.000000,True,True,True,,,,1121,71,1.000000,0.800000
0.000000,0.000000,79.000000,1.000000,0.000000,0.000000,1.000000,0.000000,1.000000,0.000000,7.786022,1.000000,1.000000,1.000000,1.000000,0.000000,0.000000,0.253069,0.523817,0.805897,38.229096,0.619137,0.412758,0.987500,0.407523,7.968849,0.000000,True,True,True,1.000000,1.000000,1.000000,1122,71,1.000000,0.840000
0.000000,0.000000,79.000000,1.000000,0.000000,0.000000,1.000000,0.000000,1.000000,0.000000,7.575242,1.000000,1.000000,1.000000,1.000000,0.000000,0.000000,0.383796,0.592034,0.770229,37.766853,0.616474,0.410983,0.987500,0.462243,7.968849,0.000000,True,True,True,,,,1123,71,1.000000,0.880000
0.000000,0.000000,79.000000,1.000000,0.000000,0.000000,1.000000,0.000000,1.000000,0.000000,7.734276,1.000000,1.000000,1.000000,1.000000,0.000000,0.000000,0.304062,0.553661,0.789537,37.336303,0.619496,0.412997,0.987500,0.430550,7.968849,0.000000,True,True,True,1.000000,1.000000,1.000000,1124,71,1.000000,0.880000
0.000000,0.000000,79.000000,1.000000,0.000000,0.000000,1.000000,0.000000,2.000000,0.000000,7.671810,1.000000,1.000000,1.000000,1.000000,0.000000,0.000000,0.405483,0.595094,0.754319,36.865604,0.617336,0.411557,0.987500,0.470699,7.968849,0.000000,True,True,True,,,,1125,71,1.000000,0.880000
0.000000,0.000000,79.000000,1.000000,0.000000,0.000000,1.000000,0.000000,2.000000,0.000000,7.893694,1.000000,1.000000,1.000000,1.000000,0.000000,0.000000,0.345942,0.497394,0.757984,36.455312,0.625615,0.417077,0.987500,0.410293,7.968849,0.000000,True,True,True,,,,1126,71,1.000000,0.960000
0.000000,0.000000,79.000000,1.000000,0.000000,0.000000,1.000000,0.000000,1.000000,0.000000,6.915433,1.000000,1.000000,1.000000,1.000000,0.000000,0.000000,0.429926,0.524625,0.744965,36.026182,0.633790,0.422527,0.987500,0.429129,7.968849,0.000000,True,True,True,1.000000,1.000000,1.000000,1127,71,1.000000,1.000000
0.000000,0.000000,79.000000,1.000000,0.000000,0.000000,1.000000,0.000000,1.000000,0.000000,7.838940,1.000000,1.000000,1.000000,1.000000,0.000000,0.000000,0.359949,0.478849,0.773778,35.622804,0.635809,0.423872,0.987500,0.403379,7.968849,0.000000,True,True,True,1.000000,1.000000,1.000000,1128,71,1.000000,1.000000
0.000000,0.000000,79.000000,1.000000,0.000000,0.000000,1.000000,0.000000,2.000000,0.000000,7.698633,1.000000,1.000000,1.000000,1.000000,0.000000,0.000000,0.426410,0.523536,0.772822,35.165717,0.633962,0.422641,0.987500,0.457086,7.968849,0.000000,True,True,True,,,,1129,71,1.000000,1.000000
0.000000,0.000000,79.000000,1.000000,0.000000,0.000000,1.000000,0.000000,1.000000,0.000000,7.454755,1.000000,1.000000,1.000000,1.000000,0.000000,0.000000,0.332867,0.457236,0.780179,34.761923,0.641254,0.427503,0.987500,0.403794,7.968849,0.000000,True,True,True,,,,1130,71,1.000000,1.000000
0.000000,0.000000,79.000000,1.000000,0.000000,0.000000,1.000000,0.000000,2.000000,0.000000,7.899417,1.000000,1.000000,1.000000,1.000000,0.000000,0.000000,0.433049,0.536173,0.748623,34.308063,0.644307,0.429538,0.987500,0.453861,7.968849,0.000000,True,True,True,1.000000,1.000000,1.000000,1131,71,1.000000,1.000000
0.000000,0.000000,79.000000,1.000000,0.000000,0.000000,1.000000,0.000000,1.000000,0.000000,7.671119,1.000000,1.000000,1.000000,1.000000,0.000000,0.000000,0.331621,0.504869,0.770833,33.887982,0.650517,0.433678,0.987500,0.420081,7.968849,0.000000,True,True,True,,,,1132,71,1.000000,1.000000
0.000000,0.000000,79.000000,1.000000,0.000000,0.000000,1.000000,0.000000,2.000000,0.000000,7.793706,1.000000,1.000000,1.000000,1.000000,0.000000,0.000000,0.356242,0.537498,0.769268,33.435898,0.653487,0.435658,0.987500,0.452083,7.968849,0.000000,True,True,True,1.000000,1.000000,1.000000,1133,71,1.000000,1.000000
0.000000,0.000000,79.000000,1.000000,0.000000,0.000000,1.000000,0.000000,2.000000,0.000000,7.590384,1.000000,1.000000,1.000000,1.000000,0.000000,0.000000,0.416694,0.460950,0.684386,33.045342,0.659314,0.439543,0.987500,0.390556,7.968849,0.000000,True,True,True,,,,1134,71,1.000000,0.920000
0.000000,0.000000,79.000000,1.000000,0.000000,0.000000,1.000000,0.000000,2.000000,0.000000,7.661517,1.000000,1.000000,1.000000,1.000000,0.000000,0.000000,0.392686,0.520486,0.723670,32.632872,0.668913,0.445942,0.987500,0.412471,7.968849,0.000000,True,True,True,1.000000,1.000000,1.000000,1135,71,1.000000,0.920000
0.000000,0.000000,79.000000,1.000000,0.000000,0.000000,1.000000,0.000000,3.000000,0.000000,7.437130,1.000000,1.000000,1.000000,1.000000,0.000000,0.000000,0.396865,0.488903,0.709931,32.227894,0.672760,0.448507,0.987500,0.404977,7.968849,0.000000,True,True,True,,,,1136,71,1.000000,0.920000
0.000000,0.000000,79.000000,1.000000,0.000000,0.000000,1.000000,0.000000,1.000000,0.000000,7.295650,1.000000,1.000000,1.000000,1.000000,0.000000,0.000000,0.462986,0.432055,0.685535,31.828197,0.684302,0.456202,0.987500,0.399698,7.968849,0.000000,True,True,True,,,,1137,71,1.000000,0.920000
0.000000,0.000000,79.000000,1.000000,0.000000,0.000000,1.000000,0.000000,1.000000,0.000000,7.696159,1.000000,1.000000,1.000000,1.000000,0.000000,0.000000,0.405501,0.436822,0.711205,31.428235,0.683967,0.455978,0.987500,0.399962,7.968849,0.000000,True,True,True,1.000000,1.000000,1.000000,1138,71,1.000000,0.851852
0.000000,0.000000,79.000000,1.000000,0.000000,0.000000,1.000000,0.000000,1.000000,0.000000,7.394883,1.000000,1.000000,1.000000,1.000000,0.000000,0.000000,0.460595,0.505921,0.689126,30.991467,0.679927,0.453285,0.987500,0.436768,7.968849,0.000000,True,True,True,,,,1139,71,1.000000,0.851852
0.000000,0.000000,79.000000,1.000000,0.000000,0.000000,1.000000,0.000000,0.000000,0.000000,8.094252,1.000000,1.000000,1.000000,1.000000,0.000000,0.000000,0.397192,0.445027,0.685803,30.624402,0.678700,0.452467,0.987500,0.367065,7.968849,0.000000,True,True,True,1.000000,1.000000,1.000000,1140,71,1.000000,0.925926
0.000000,0.000000,79.000000,1.000000,0.000000,0.000000,1.000000,0.000000,1.000000,0.000000,7.426822,1.000000,1.000000,1.000000,1.000000,0.000000,0.000000,0.467068,0.569608,0.694896,30.145811,0.670071,0.446714,0.987500,0.478590,7.968849,0.000000,True,True,True,1.000000,1.000000,1.000000,1141,71,1.000000,0.925926
0.000000,0.000000,79.000000,1.000000,0.000000,0.000000,1.000000,0.000000,1.000000,0.000000,7.754016,1.000000,1.000000,1.000000,1.000000,0.000000,0.000000,0.337689,0.451653,0.700811,29.798129,0.664967,0.443311,0.987500,0.347683,7.968849,0.000000,True,True,True,,,,1142,71,1.000000,0.923077
0.000000,0.000000,79.000000,1.000000,0.000000,0.000000,1.000000,0.000000,1.000000,0.000000,7.468239,1.000000,1.000000,1.000000,1.000000,0.000000,0.000000,0.500661,0.615961,0.688191,29.330713,0.664947,0.443298,0.987500,0.467415,7.968849,0.000000,True,True,True,1.000000,1.000000,1.000000,1143,71,1.000000,0.888889
0.000000,0.000000,79.000000,1.000000,0.000000,0.000000,1.000000,0.000000,0.000000,0.000000,8.219903,1.000000,1.000000,1.000000,1.000000,0.000000,0.000000,0.323456,0.452315,0.723839,28.994025,0.661193,0.440795,0.987500,0.336689,7.968849,0.000000,True,True,True,,,,1144,71,1.000000,0.888889
0.000000,0.000000,79.000000,1.000000,0.000000,0.000000,1.000000,0.000000,1.000000,0.000000,7.823333,1.000000,1.000000,1.000000,1.000000,0.000000,0.000000,0.521148,0.659312,0.715581,28.478548,0.652680,0.435120,0.987500,0.515477,7.968849,0.000000,True,True,True,1.000000,1.000000,1.000000,1145,71,1.000000,0.962963
0.000000,0.000000,79.000000,1.000000,0.000000,0.000000,1.000000,0.000000,1.000000,0.000000,6.832876,1.000000,1.000000,1.000000,1.000000,0.000000,0.000000,0.239180,0.461711,0.795757,28.172181,0.647727,0.431818,0.987500,0.306367,7.968849,0.000000,True,True,True,,,,1146,71,1.000000,0.962963
0.000000,0.000000,79.000000,1.000000,0.000000,0.000000,1.000000,0.000000,2.000000,0.000000,7.251841,1.000000,1.000000,1.000000,1.000000,0.000000,0.000000,0.594038,0.666939,0.685343,27.685007,0.643701,0.429134,0.987500,0.487175,7.968849,0.000000,True,True,True,,,,1147,71,1.000000,0.928571
0.000000,0.000000,79.000000,1.000000,0.000000,0.000000,1.000000,0.000000,1.000000,0.000000,6.849947,1.000000,1.000000,1.000000,1.000000,0.000000,0.000000,0.280781,0.458044,0.724347,27.422475,0.644252,0.429501,0.987500,0.262531,7.968849,0.000000,True,True,True,1.000000,1.000000,1.000000,1148,71,1.000000,0.964286
0.000000,0.000000,79.000000,1.000000,0.000000,0.000000,1.000000,0.000000,2.000000,0.000000,7.596940,1.000000,1.000000,1.000000,1.000000,0.000000,0.000000,0.643793,0.672744,0.667121,26.917246,0.640586,0.427057,0.987500,0.505229,7.968849,0.000000,True,True,True,1.000000,1.000000,1.000000,1149,71,1.000000,0.931034
0.000000,0.000000,79.000000,1.000000,0.000000,0.000000,1.000000,0.000000,1.000000,0.000000,6.832700,1.000000,1.000000,1.000000,1.000000,0.000000,0.000000,0.269106,0.473244,0.751226,26.671315,0.640714,0.427143,0.987500,0.245931,7.968849,0.000000,True,True,True,1.000000,1.000000,1.000000,1150,71,1.000000,0.900000
0.000000,0.000000,79.000000,1.000000,0.000000,0.000000,1.000000,0.000000,2.000000,0.000000,7.562548,1.000000,1.000000,1.000000,1.000000,0.000000,0.000000,0.634113,0.697640,0.681834,26.162071,0.636992,0.424661,0.987500,0.509244,7.968849,0.000000,True,True,True,1.000000,1.000000,1.000000,1151,71,1.000000,0.933333
0.000000,0.000000,79.000000,1.000000,0.000000,0.000000,1.000000,0.000000,2.000000,0.000000,7.322412,1.000000,1.000000,1.000000,1.000000,0.000000,0.000000,0.313400,0.549992,0.746768,25.866664,0.637537,0.425025,0.987500,0.295407,7.968849,0.000000,True,True,True,1.000000,1.000000,1.000000,1152,71,1.000000,0.933333
0.000000,0.000000,79.000000,1.000000,0.000000,0.000000,1.000000,0.000000,2.000000,0.000000,7.310656,1.000000,1.000000,1.000000,1.000000,0.000000,0.000000,0.616078,0.719061,0.712720,25.336358,0.644259,0.429506,0.987500,0.530307,7.968849,0.000000,True,True,True,1.000000,1.000000,1.000000,1153,71,1.000000,0.966667
0.000000,0.000000,79.000000,1.000000,0.000000,0.000000,1.000000,0.000000,1.000000,0.000000,7.176370,1.000000,1.000000,1.000000,1.000000,0.000000,0.000000,0.303745,0.519765,0.741926,24.997638,0.654534,0.436356,0.987500,0.338719,7.968849,0.000000,True,True,True,1.000000,1.000000,1.000000,1154,71,1.000000,0.967742
0.000000,0.000000,79.000000,1.000000,0.000000,0.000000,1.000000,0.000000,1.000000,0.000000,7.692886,1.000000,1.000000,1.000000,1.000000,0.000000,0.000000,0.584754,0.707034,0.723998,24.472964,0.650847,0.433898,0.987500,0.524675,7.968849,0.000000,True,True,True,,,,1155,71,1.000000,0.937500
0.000000,0.000000,79.000000,1.000000,0.000000,0.000000,1.000000,0.000000,1.000000,0.000000,7.100926,1.000000,1.000000,1.000000,1.000000,0.000000,0.000000,0.303550,0.545611,0.764294,24.097944,0.650550,0.433700,0.987500,0.375020,7.968849,0.000000,True,True,True,1.000000,1.000000,1.000000,1156,71,1.000000,0.937500
0.000000,0.000000,79.000000,1.000000,0.000000,0.000000,1.000000,0.000000,1.000000,0.000000,7.771245,1.000000,1.000000,1.000000,1.000000,0.000000,0.000000,0.587525,0.673421,0.714668,23.566773,0.646619,0.431079,0.987500,0.531172,7.968849,0.000000,True,True,True,,,,1157,71,1.000000,0.937500
0.000000,0.000000,79.000000,1.000000,0.000000,0.000000,1.000000,0.000000,1.000000,0.000000,7.114427,1.000000,1.000000,1.000000,1.000000,0.000000,0.000000,0.287991,0.553455,0.784433,23.179183,0.646154,0.430769,0.987500,0.387590,7.968849,0.000000,True,True,True,1.000000,1.000000,1.000000,1158,71,1.000000,0.909091
0.000000,0.000000,79.000000,1.000000,0.000000,0.000000,1.000000,0.000000,1.000000,0.000000,7.800777,1.000000,1.000000,1.000000,1.000000,0.000000,0.000000,0.578050,0.633108,0.696956,22.641271,0.642173,0.428115,0.987500,0.537912,7.968849,0.000000,True,True,True,,,,1159,71,1.000000,0.909091
0.000000,0.000000,79.000000,1.000000,0.000000,0.000000,1.000000,0.000000,2.000000,0.000000,7.266118,1.000000,1.000000,1.000000,1.000000,0.000000,0.000000,0.288816,0.513417,0.783376,22.280992,0.641831,0.427887,0.987500,0.360279,7.968849,0.000000,True,True,True,1.000000,1.000000,1.000000,1160,71,1.000000,0.939394
0.000000,0.000000,79.000000,1.000000,0.000000,0.000000,1.000000,0.000000,0.000000,0.000000,8.153590,1.000000,1.000000,1.000000,1.000000,0.000000,0.000000,0.652095,0.592611,0.668788,21.764803,0.646942,0.431294,0.987500,0.516189,7.968849,0.000000,True,True,True,,,,1161,71,1.000000,0.909091
0.000000,0.000000,79.000000,1.000000,0.000000,0.000000,1.000000,0.000000,2.000000,0.000000,7.513629,1.000000,1.000000,1.000000,1.000000,0.000000,0.000000,0.305055,0.473836,0.777364,21.422263,0.638881,0.425921,0.987500,0.342540,7.968849,0.000000,True,True,True,1.000000,1.000000,1.000000,1162,71,1.000000,0.939394
0.000000,0.000000,79.000000,1.000000,0.000000,0.000000,1.000000,0.000000,2.000000,0.000000,7.691906,1.000000,1.000000,1.000000,1.000000,0.000000,0.000000,0.616269,0.671445,0.702241,20.906642,0.643977,0.429318,0.987500,0.515621,7.968849,0.000000,True,True,True,,,,1163,71,1.000000,0.909091
0.000000,0.000000,79.000000,1.000000,0.000000,0.000000,1.000000,0.000000,6.000000,0.000000,7.443602,1.000000,1.000000,1.000000,1.000000,0.000000,0.000000,0.395030,0.430391,0.694291,20.560167,0.654140,0.436093,0.987500,0.346475,7.968849,0.000000,True,True,True,1.000000,1.000000,1.000000,1164,71,1.000000,0.939394
0.000000,0.000000,79.000000,1.000000,0.000000,0.000000,1.000000,0.000000,2.000000,0.000000,7.777393,1.000000,1.000000,1.000000,1.000000,0.000000,0.000000,0.644410,0.581432,0.652199,20.074430,0.685530,0.457020,0.987500,0.485737,7.968849,0.000000,True,True,True,,,,1165,71,1.000000,0.939394
0.000000,0.000000,79.000000,1.000000,0.000000,0.000000,1.000000,0.000000,2.000000,0.000000,7.891370,1.000000,1.000000,1.000000,1.000000,0.000000,0.000000,0.377397,0.410436,0.672789,19.741143,0.694639,0.463093,0.987500,0.333287,7.968849,0.000000,True,True,True,1.000000,1.000000,1.000000,1166,71,1.000000,0.939394
0.000000,0.000000,79.000000,1.000000,0.000000,0.000000,1.000000,0.000000,2.000000,0.000000,7.723569,1.000000,1.000000,1.000000,1.000000,0.000000,0.000000,0.645078,0.630856,0.640135,19.186620,0.693613,0.462409,0.987500,0.554523,7.968849,0.000000,True,True,True,,,,1167,71,1.000000,0.939394
0.000000,0.000000,79.000000,1.000000,0.000000,0.000000,1.000000,0.000000,2.000000,0.000000,7.030756,1.000000,1.000000,1.000000,1.000000,0.000000,0.000000,0.353643,0.392390,0.698288,18.844339,0.699594,0.466396,0.987500,0.342281,7.968849,0.000000,True,True,True,1.000000,1.000000,1.000000,1168,71,1.000000,0.969697
0.000000,0.000000,79.000000,1.000000,0.000000,0.000000,1.000000,0.000000,2.000000,0.000000,7.623130,1.000000,1.000000,1.000000,1.000000,0.000000,0.000000,0.686967,0.602888,0.627677,18.293605,0.706431,0.470954,0.987500,0.550734,7.968849,0.000000,True,True,True,1.000000,1.000000,1.000000,1169,71,1.000000,0.969697
0.000000,0.000000,79.000000,1.000000,0.000000,0.000000,1.000000,0.000000,3.000000,0.000000,7.420111,1.000000,1.000000,1.000000,1.000000,0.000000,0.000000,0.352440,0.395674,0.716432,17.927112,0.713319,0.475546,0.987500,0.366493,7.968849,0.000000,True,True,True,1.000000,1.000000,1.000000,1170,71,1.000000,0.969697
0.000000,0.000000,79.000000,1.000000,0.000000,0.000000,1.000000,0.000000,2.000000,0.000000,7.356973,1.000000,1.000000,1.000000,1.000000,0.000000,0.000000,0.697183,0.609598,0.642570,17.369020,0.725868,0.483912,0.987500,0.558092,7.968849,0.000000,True,True,True,1.000000,1.000000,1.000000,1171,71,1.000000,0.969697
0.000000,0.000000,79.000000,1.000000,0.000000,0.000000,1.000000,0.000000,5.000000,0.000000,7.569930,1.000000,1.000000,1.000000,1.000000,0.000000,0.000000,0.283329,0.361296,0.757035,17.057855,0.729393,0.486262,0.987500,0.311165,7.968849,0.000000,True,True,True,1.000000,1.000000,1.000000,1172,71,1.000000,0.969697
0.000000,0.000000,79.000000,1.000000,0.000000,0.000000,1.000000,0.000000,5.000000,0.000000,7.124951,1.000000,1.000000,1.000000,1.000000,0.000000,0.000000,0.685853,0.546472,0.618597,16.491167,0.743737,0.495825,0.987500,0.566687,7.968849,0.000000,True,True,True,1.000000,1.000000,1.000000,1173,71,1.000000,0.969697
0.000000,0.000000,79.000000,1.000000,0.000000,0.000000,1.000000,0.000000,6.000000,0.000000,7.371751,1.000000,1.000000,1.000000,1.000000,0.000000,0.000000,0.355015,0.288801,0.661560,16.210530,0.757871,0.505247,0.987500,0.280637,7.968849,0.000000,True,True,True,,,,1174,71,1.000000,0.969697
0.000000,0.000000,79.000000,1.000000,0.000000,0.000000,1.000000,0.000000,2.000000,0.000000,6.632935,1.000000,1.000000,1.000000,1.000000,0.000000,0.000000,0.751953,0.531685,0.596212,15.696970,0.776872,0.517914,0.987500,0.513560,7.968849,0.000000,True,True,True,1.000000,1.000000,1.000000,1175,71,1.000000,0.969697
0.000000,0.000000,79.000000,1.000000,0.000000,0.000000,1.000000,0.000000,1.000000,0.000000,7.044388,1.000000,1.000000,1.000000,1.000000,0.000000,0.000000,0.285010,0.332692,0.747620,15.409579,0.777933,0.518622,0.987500,0.287392,7.968849,0.000000,True,True,True,1.000000,1.000000,1.000000,1176,71,1.000000,0.968750
0.000000,0.000000,79.000000,1.000000,0.000000,0.000000,1.000000,0.000000,3.000000,0.000000,6.704272,1.000000,1.000000,1.000000,1.000000,0.000000,0.000000,0.686048,0.607564,0.675057,14.751014,0.774167,0.516111,0.987500,0.658565,7.968849,0.000000,True,True,True,1.000000,1.000000,1.000000,1177,71,1.000000,0.968750
0.000000,0.000000,79.000000,1.000000,0.000000,0.000000,1.000000,0.000000,3.000000,0.000000,6.739605,1.000000,1.000000,1.000000,1.000000,0.000000,0.000000,0.359844,0.305327,0.705873,14.462278,0.778109,0.518739,0.987500,0.288736,7.968849,0.000000,True,True,True,,,,1178,71,1.000000,0.968750
0.000000,0.000000,79.000000,1.000000,0.000000,0.000000,1.000000,0.000000,1.000000,0.000000,7.341859,1.000000,1.000000,1.000000,1.000000,0.000000,0.000000,0.690028,0.535837,0.690523,13.836031,0.780876,0.520584,0.987500,0.626248,7.968849,0.000000,True,True,True,1.000000,1.000000,1.000000,1179,71,1.000000,0.968750
0.000000,0.000000,79.000000,1.000000,0.000000,0.000000,1.000000,0.000000,2.000000,0.000000,6.917738,1.000000,1.000000,1.000000,1.000000,0.000000,0.000000,0.329025,0.338496,0.766147,13.450330,0.774851,0.516567,0.987500,0.385701,7.968849,0.000000,True,True,True,1.000000,1.000000,1.000000,1180,71,1.000000,0.885714
0.000000,0.000000,79.000000,1.000000,0.000000,0.000000,1.000000,0.000000,2.000000,0.000000,6.950202,1.000000,1.000000,1.000000,1.000000,0.000000,0.000000,0.602881,0.519874,0.703945,12.802939,0.771559,0.514372,0.987500,0.647391,7.968849,0.000000,True,True,True,,,,1181,71,1.000000,0.885714
0.000000,0.000000,79.000000,1.000000,0.000000,0.000000,1.000000,0.000000,2.000000,0.000000,7.649531,1.000000,1.000000,1.000000,1.000000,0.000000,0.000000,0.397129,0.302824,0.695836,12.414012,0.771749,0.514499,0.987500,0.388927,7.968849,0.000000,True,True,True,1.000000,1.000000,1.000000,1182,71,1.000000,0.911765
0.000000,0.000000,79.000000,1.000000,0.000000,0.000000,1.000000,0.000000,2.000000,0.000000,7.412381,1.000000,1.000000,1.000000,1.000000,0.000000,0.000000,0.562699,0.500181,0.716816,11.809911,0.768668,0.512445,0.987500,0.604100,7.968849,0.000000,True,True,True,,,,1183,71,1.000000,0.911765
0.000000,0.000000,79.000000,1.000000,0.000000,0.000000,1.000000,0.000000,3.000000,0.000000,6.624653,1.000000,1.000000,1.000000,1.000000,0.000000,0.000000,0.430035,0.365347,0.684119,11.392531,0.769130,0.512753,0.987500,0.417380,7.968849,0.000000,True,True,True,1.000000,1.000000,1.000000,1184,71,1.000000,0.911765
0.000000,0.000000,79.000000,1.000000,0.000000,0.000000,1.000000,0.000000,5.000000,0.000000,7.601038,1.000000,1.000000,1.000000,1.000000,0.000000,0.000000,0.545214,0.489462,0.729671,10.807713,0.773911,0.515941,0.987500,0.584818,7.968849,0.000000,True,True,True,,,,1185,71,1.000000,0.911765
0.000000,0.000000,79.000000,1.000000,0.000000,0.000000,1.000000,0.000000,2.000000,0.000000,7.250524,1.000000,1.000000,1.000000,1.000000,0.000000,0.000000,0.465475,0.375652,0.694999,10.385543,0.789679,0.526452,0.987500,0.422170,7.968849,0.000000,True,True,True,1.000000,1.000000,1.000000,1186,71,1.000000,0.909091
0.000000,0.000000,79.000000,1.000000,0.000000,0.000000,1.000000,0.000000,0.000000,0.000000,8.016565,1.000000,1.000000,1.000000,1.000000,0.000000,0.000000,0.540798,0.454496,0.727797,9.817044,0.788445,0.525630,0.987500,0.568499,7.968849,0.000000,True,True,True,,,,1187,71,1.000000,0.875000
0.000000,0.000000,79.000000,1.000000,0.000000,0.000000,1.000000,0.000000,2.000000,0.000000,7.526551,1.000000,1.000000,1.000000,1.000000,0.000000,0.000000,0.396745,0.459643,0.763678,9.308398,0.777661,0.518441,0.987500,0.508647,7.968849,0.000000,True,True,True,1.000000,1.000000,1.000000,1188,71,1.000000,0.969697
0.000000,0.000000,79.000000,1.000000,0.000000,0.000000,1.000000,0.000000,2.000000,0.000000,6.780195,1.000000,1.000000,1.000000,1.000000,0.000000,0.000000,0.479658,0.441864,0.725950,8.753207,0.772515,0.515010,0.987500,0.555191,7.968849,0.000000,True,True,True,,,,1189,71,1.000000,0.939394
0.000000,0.000000,79.000000,1.000000,0.000000,0.000000,1.000000,0.000000,2.000000,0.000000,7.396154,1.000000,1.000000,1.000000,1.000000,0.000000,0.000000,0.411129,0.379188,0.718660,8.266010,0.773512,0.515675,0.987500,0.487196,7.968849,0.000000,True,True,True,1.000000,1.000000,1.000000,1190,71,1.000000,0.939394
0.000000,0.000000,79.000000,1.000000,0.000000,0.000000,1.000000,0.000000,3.000000,0.000000,7.401848,1.000000,1.000000,1.000000,1.000000,0.000000,0.000000,0.456246,0.435975,0.736501,7.701359,0.772510,0.515007,0.987500,0.564652,7.968849,0.000000,True,True,True,,,,1191,71,1.000000,0.909091
0.000000,0.000000,79.000000,1.000000,0.000000,0.000000,1.000000,0.000000,4.000000,0.000000,7.123291,1.000000,1.000000,1.000000,1.000000,0.000000,0.000000,0.406781,0.372538,0.713438,7.261240,0.780734,0.520489,0.987500,0.440118,7.968849,0.000000,True,True,True,1.000000,1.000000,1.000000,1192,71,1.000000,0.909091
0.000000,0.000000,79.000000,1.000000,0.000000,0.000000,1.000000,0.000000,5.000000,0.000000,7.331592,1.000000,1.000000,1.000000,1.000000,0.000000,0.000000,0.481874,0.416219,0.714652,6.744660,0.788032,0.525355,0.987500,0.516580,7.968849,0.000000,True,True,True,,,,1193,71,1.000000,0.909091
0.000000,0.000000,79.000000,1.000000,0.000000,0.000000,1.000000,0.000000,5.000000,0.000000,7.404413,1.000000,1.000000,1.000000,1.000000,0.000000,0.000000,0.414676,0.286610,0.688196,6.351760,0.804737,0.536491,0.987500,0.392900,7.968849,0.000000,True,True,True,1.000000,1.000000,1.000000,1194,71,1.000000,0.911765
0.000000,0.000000,79.000000,1.000000,0.000000,0.000000,1.000000,0.000000,4.000000,0.000000,7.901354,1.000000,1.000000,1.000000,1.000000,0.000000,0.000000,0.552305,0.336720,0.658769,5.845173,0.816788,0.544525,0.987500,0.506587,7.968849,0.000000,True,True,True,,,,1195,71,1.000000,0.891892
0.000000,0.000000,79.000000,1.000000,0.000000,0.000000,1.000000,0.000000,4.000000,0.000000,7.402678,1.000000,1.000000,1.000000,1.000000,0.000000,0.000000,0.452226,0.280701,0.687217,5.451016,0.822367,0.548244,0.987500,0.394157,7.968849,0.000000,True,True,True,,,,1196,71,1.000000,0.918919
0.000000,0.000000,79.000000,1.000000,0.000000,0.000000,1.000000,0.000000,3.000000,0.000000,7.660031,1.000000,1.000000,1.000000,1.000000,0.000000,0.000000,0.553194,0.421310,0.670613,5.012207,0.825743,0.550495,0.987500,0.438809,7.968849,0.000000,True,True,True,1.000000,1.000000,1.000000,1197,71,1.000000,0.918919
0.000000,0.000000,79.000000,1.000000,0.000000,0.000000,1.000000,0.000000,0.000000,0.000000,8.022108,1.000000,1.000000,1.000000,1.000000,0.000000,0.000000,0.454251,0.349268,0.715730,4.699637,0.824775,0.549850,0.987500,0.312570,7.968849,0.000000,True,True,True,1.000000,1.000000,1.000000,1198,71,1.000000,0.918919
0.000000,0.000000,79.000000,1.000000,0.000000,0.000000,1.000000,0.000000,5.000000,0.000000,7.497933,1.000000,1.000000,1.000000,1.000000,0.000000,0.000000,0.423538,0.348681,0.751022,4.338049,0.814395,0.542930,0.987500,0.361588,7.968849,0.000000,True,True,True,1.000000,1.000000,1.000000,1199,71,1.000000,0.916667
0.000000,0.000000,79.000000,1.000000,0.000000,0.000000,1.000000,0.000000,6.000000,0.000000,6.619841,1.000000,1.000000,1.000000,1.000000,0.000000,0.000000,0.509639,0.235898,0.635552,4.093160,0.821000,0.547333,0.987500,0.244888,7.968849,0.000000,True,True,True,,,,1200,71,1.000000,0.914286
0.000000,0.000000,79.000000,1.000000,0.000000,0.000000,1.000000,0.000000,5.000000,0.000000,7.668830,1.000000,1.000000,1.000000,1.000000,0.000000,0.000000,0.556006,0.319318,0.606263,3.854505,0.834857,0.556571,0.987500,0.238656,7.968849,0.000000,True,True,True,1.000000,1.000000,1.000000,1201,71,1.000000,0.942857
0.000000,0.000000,79.000000,1.000000,0.000000,0.000000,1.000000,0.000000,6.000000,0.000000,6.893054,1.000000,1.000000,1.000000,1.000000,0.000000,0.000000,0.496368,0.276175,0.615909,3.753030,0.840805,0.560537,0.987500,0.101475,7.968849,0.000000,True,True,True,,,,1202,71,1.000000,0.942857
0.000000,0.000000,79.000000,1.000000,0.000000,0.000000,1.000000,0.000000,6.000000,0.000000,6.628967,1.000000,1.000000,1.000000,1.000000,0.000000,0.000000,0.607262,0.356033,0.602179,3.664835,0.854183,0.569455,0.987500,0.088195,7.968849,0.000000,True,True,True,1.000000,1.000000,1.000000,1203,71,1.000000,0.944444
0.000000,0.000000,79.000000,1.000000,0.000000,0.000000,1.000000,0.000000,5.000000,0.000000,7.018899,1.000000,1.000000,1.000000,1.000000,0.000000,0.000000,0.432619,0.278703,0.650144,3.790915,0.862690,0.575126,0.987500,-0.126081,7.968849,0.000000,True,True,True,,,,1204,71,1.000000,0.944444
0.000000,0.000000,79.000000,1.000000,0.000000,0.000000,1.000000,0.000000,4.000000,0.000000,7.378261,1.000000,1.000000,1.000000,1.000000,0.000000,0.000000,0.536253,0.441644,0.634268,3.890989,0.869864,0.579909,0.987500,-0.100073,7.968849,0.000000,True,True,True,1.000000,1.000000,1.000000,1205,71,1.000000,0.971429
0.000000,0.000000,79.000000,1.000000,0.000000,0.000000,1.000000,0.000000,4.000000,0.000000,7.152613,1.000000,1.000000,1.000000,1.000000,0.000000,0.000000,0.365609,0.324245,0.755326,4.195062,0.868155,0.578770,0.987500,-0.304074,7.968849,0.000000,True,True,True,,,,1206,71,1.000000,0.918919
0.000000,0.000000,79.000000,1.000000,0.000000,0.000000,1.000000,0.000000,7.000000,0.000000,6.535405,1.000000,1.000000,1.000000,1.000000,0.000000,0.000000,0.540848,0.373841,0.627882,4.448189,0.871525,0.581016,0.987500,-0.253127,7.968849,0.000000,True,True,True,1.000000,1.000000,1.000000,1207,71,1.000000,0.918919
0.000000,0.000000,79.000000,1.000000,0.000000,0.000000,1.000000,0.000000,5.000000,0.000000,6.531152,1.000000,1.000000,1.000000,1.000000,0.000000,0.000000,0.558002,0.364521,0.616867,4.780763,0.877708,0.585139,0.987500,-0.332574,7.968849,0.000000,True,True,True,,,,1208,71,1.000000,0.916667
0.000000,0.000000,79.000000,1.000000,0.000000,0.000000,1.000000,0.000000,6.000000,0.000000,6.452840,1.000000,1.000000,1.000000,1.000000,0.000000,0.000000,0.483479,0.386384,0.684661,5.183515,0.878558,0.585705,0.987500,-0.402753,7.968849,0.000000,True,True,True,,,,1209,71,1.000000,0.945946
0.000000,0.000000,79.000000,1.000000,0.000000,0.000000,1.000000,0.000000,6.000000,0.000000,6.392421,1.000000,1.000000,1.000000,1.000000,0.000000,0.000000,0.523607,0.400892,0.642148,5.628128,0.880472,0.586981,0.987500,-0.444613,7.968849,0.000000,True,True,True,1.000000,1.000000,1.000000,1210,71,1.000000,0.944444
0.000000,0.000000,79.000000,1.000000,0.000000,0.000000,1.000000,0.000000,7.000000,0.000000,6.142192,1.000000,1.000000,1.000000,1.000000,0.000000,0.000000,0.501150,0.366369,0.627518,6.097694,0.883720,0.589147,0.987500,-0.469566,7.968849,0.000000,True,True,True,,,,1211,71,1.000000,0.972973
0.000000,0.000000,79.000000,1.000000,0.000000,0.000000,1.000000,0.000000,5.000000,0.000000,6.798126,1.000000,1.000000,1.000000,1.000000,0.000000,0.000000,0.496810,0.375591,0.648255,6.620617,0.887292,0.591528,0.987500,-0.522923,7.968849,0.000000,True,True,True,,,,1212,71,1.000000,0.972973
0.000000,0.000000,79.000000,1.000000,0.000000,0.000000,1.000000,0.000000,4.000000,0.000000,6.362081,1.000000,1.000000,1.000000,1.000000,0.000000,0.000000,0.467601,0.356196,0.662315,7.200742,0.887848,0.591899,0.987500,-0.580125,7.968849,0.000000,True,True,True,1.000000,1.000000,1.000000,1213,71,1.000000,0.923077
0.000000,0.000000,79.000000,1.000000,0.000000,0.000000,1.000000,0.000000,6.000000,0.000000,6.731366,1.000000,1.000000,1.000000,1.000000,0.000000,0.000000,0.469368,0.347357,0.663224,7.829960,0.885363,0.590242,0.987500,-0.629218,7.968849,0.000000,True,True,True,1.000000,1.000000,1.000000,1214,71,1.000000,0.923077
0.000000,0.000000,79.000000,1.000000,0.000000,0.000000,1.000000,0.000000,4.000000,0.000000,7.042921,1.000000,1.000000,1.000000,1.000000,0.000000,0.000000,0.485664,0.308900,0.635646,8.431634,0.884932,0.589955,0.987500,-0.601675,7.968849,0.000000,True,True,True,,,,1215,71,1.000000,0.897436
0.000000,0.000000,79.000000,1.000000,0.000000,0.000000,1.000000,0.000000,6.000000,0.000000,6.322205,1.000000,1.000000,1.000000,1.000000,0.000000,0.000000,0.490173,0.345691,0.638351,9.028624,0.883815,0.589210,0.987500,-0.596990,7.968849,0.000000,True,True,True,1.000000,1.000000,1.000000,1216,71,1.000000,0.921053
0.000000,0.000000,79.000000,1.000000,0.000000,0.000000,1.000000,0.000000,7.000000,0.000000,7.154339,1.000000,1.000000,1.000000,1.000000,0.000000,0.000000,0.548362,0.343056,0.604706,9.617123,0.886140,0.590760,0.987500,-0.588499,7.968849,0.000000,True,True,True,,,,1217,71,1.000000,0.921053
0.000000,0.000000,79.000000,1.000000,0.000000,0.000000,1.000000,0.000000,5.000000,0.000000,7.181110,1.000000,1.000000,1.000000,1.000000,0.000000,0.000000,0.457384,0.244012,0.627027,10.247719,0.890888,0.593925,0.987500,-0.630597,7.968849,0.000000,True,True,True,,,,1218,71,1.000000,0.921053
0.000000,0.000000,79.000000,1.000000,0.000000,0.000000,1.000000,0.000000,7.000000,0.000000,6.935957,1.000000,1.000000,1.000000,1.000000,0.000000,0.000000,0.550311,0.333025,0.616555,10.898824,0.892118,0.594745,0.987500,-0.651105,7.968849,0.000000,True,True,True,1.000000,1.000000,1.000000,1219,71,1.000000,0.972973
0.000000,0.000000,79.000000,1.000000,0.000000,0.000000,1.000000,0.000000,6.000000,0.000000,7.441461,1.000000,1.000000,1.000000,1.000000,0.000000,0.000000,0.492337,0.231074,0.585804,11.472220,0.895893,0.597262,0.987500,-0.573396,7.968849,0.000000,True,True,True,,,,1220,71,1.000000,0.972973
0.000000,0.000000,79.000000,1.000000,0.000000,0.000000,1.000000,0.000000,6.000000,0.000000,7.504468,1.000000,1.000000,1.000000,1.000000,0.000000,0.000000,0.599050,0.358234,0.558729,12.090163,0.897924,0.598616,0.987500,-0.617943,7.968849,0.000000,True,True,True,,,,1221,71,1.000000,1.000000
0.000000,0.000000,79.000000,1.000000,0.000000,0.000000,1.000000,0.000000,8.000000,0.000000,7.344329,1.000000,1.000000,1.000000,1.000000,0.000000,0.000000,0.464919,0.326829,0.661629,12.703714,0.899333,0.599556,0.987500,-0.613551,7.968849,0.000000,True,True,True,1.000000,1.000000,1.000000,1222,71,1.000000,1.000000
0.000000,0.000000,79.000000,1.000000,0.000000,0.000000,1.000000,0.000000,9.000000,0.000000,6.670777,1.000000,1.000000,1.000000,1.000000,0.000000,0.000000,0.600329,0.339736,0.559519,13.285833,0.904344,0.602896,0.987500,-0.582119,7.968849,0.000000,True,True,True,,,,1223,71,1.000000,1.000000
0.000000,0.000000,79.000000,1.000000,0.000000,0.000000,1.000000,0.000000,11.000000,0.000000,6.619728,1.000000,1.000000,1.000000,1.000000,0.000000,0.000000,0.546009,0.212445,0.538794,13.836081,0.914336,0.609558,0.987500,-0.550248,7.968849,0.000000,True,True,True,,,,1224,71,1.000000,1.000000
0.000000,0.000000,79.000000,1.000000,0.000000,0.000000,1.000000,0.000000,10.000000,0.000000,6.713903,1.000000,1.000000,1.000000,1.000000,0.000000,0.000000,0.699748,0.282766,0.427317,14.355188,0.925382,0.616922,0.987500,-0.519107,7.968849,0.000000,True,True,True,1.000000,1.000000,1.000000,1225,71,1.000000,1.000000
0.000000,0.000000,79.000000,1.000000,0.000000,0.000000,1.000000,0.000000,6.000000,0.000000,7.002817,1.000000,1.000000,1.000000,1.000000,0.000000,0.000000,0.572413,0.079779,0.452064,14.810847,0.932458,0.621639,0.987500,-0.455659,7.968849,0.000000,True,True,True,1.000000,1.000000,1.000000,1226,71,1.000000,0.944444
0.000000,0.000000,79.000000,1.000000,0.000000,0.000000,1.000000,0.000000,6.000000,0.000000,6.770886,1.000000,1.000000,1.000000,1.000000,0.000000,0.000000,0.643815,0.297014,0.540520,15.418734,0.928698,0.619132,0.987500,-0.607887,7.968849,0.000000,True,True,True,1.000000,1.000000,1.000000,1227,71,1.000000,0.871795
0.000000,0.000000,79.000000,1.000000,0.000000,0.000000,1.000000,0.000000,6.000000,0.000000,6.284900,1.000000,1.000000,1.000000,1.000000,0.000000,0.000000,0.573116,0.088304,0.495512,15.889224,0.926064,0.617376,0.987500,-0.470490,7.968849,0.000000,True,True,True,,,,1228,71,1.000000,0.846154
0.000000,0.000000,79.000000,1.000000,0.000000,0.000000,1.000000,0.000000,8.000000,0.000000,6.499523,1.000000,1.000000,1.000000,1.000000,0.000000,0.000000,0.607922,0.293687,0.552279,16.460931,0.926564,0.617709,0.987500,-0.571707,7.968849,0.000000,True,True,True,1.000000,1.000000,1.000000,1229,71,1.000000,0.846154
0.000000,0.000000,79.000000,1.000000,0.000000,0.000000,1.000000,0.000000,11.000000,0.000000,6.491119,1.000000,1.000000,1.000000,1.000000,0.000000,0.000000,0.476427,0.117785,0.590800,16.981707,0.926295,0.617530,0.987500,-0.520775,7.968849,0.000000,True,True,True,,,,1230,71,1.000000,0.846154
0.000000,0.000000,79.000000,1.000000,0.000000,0.000000,1.000000,0.000000,8.000000,0.000000,6.879280,1.000000,1.000000,1.000000,1.000000,0.000000,0.000000,0.679528,0.338277,0.487480,17.567499,0.933963,0.622642,0.987500,-0.585792,7.968849,0.000000,True,True,True,,,,1231,71,1.000000,0.900000
0.000000,0.000000,79.000000,1.000000,0.000000,0.000000,1.000000,0.000000,11.000000,0.000000,7.164202,1.000000,1.000000,1.000000,1.000000,0.000000,0.000000,0.539220,0.081659,0.489459,17.956427,0.936332,0.624221,0.987500,-0.388929,7.968849,0.000000,True,True,True,1.000000,1.000000,1.000000,1232,71,1.000000,0.975000
0.000000,0.000000,79.000000,1.000000,0.000000,0.000000,1.000000,0.000000,10.000000,0.000000,6.282596,1.000000,1.000000,1.000000,1.000000,0.000000,0.000000,0.716630,0.278102,0.488765,18.484873,0.941304,0.627536,0.987500,-0.528445,7.968849,0.000000,True,True,True,,,,1233,71,1.000000,0.975610
0.000000,0.000000,79.000000,1.000000,0.000000,0.000000,1.000000,0.000000,11.000000,0.000000,7.134453,1.000000,1.000000,1.000000,1.000000,0.000000,0.000000,0.570737,0.029431,0.464708,18.837636,0.944875,0.629917,0.987500,-0.352763,7.968849,0.000000,True,True,True,,,,1234,71,1.000000,1.000000
0.000000,0.000000,79.000000,1.000000,0.000000,0.000000,1.000000,0.000000,9.000000,0.000000,6.259820,1.000000,1.000000,1.000000,1.000000,0.000000,0.000000,0.774638,0.326041,0.446442,19.346490,0.946395,0.630930,0.987500,-0.508854,7.968849,0.000000,True,True,True,1.000000,1.000000,1.000000,1235,71,1.000000,1.000000
0.000000,0.000000,79.000000,1.000000,0.000000,0.000000,1.000000,0.000000,8.000000,0.000000,7.042273,1.000000,1.000000,1.000000,1.000000,0.000000,0.000000,0.557009,0.011347,0.490572,19.677216,0.946927,0.631285,0.987500,-0.330726,7.968849,0.000000,True,True,True,,,,1236,71,1.000000,1.000000
0.000000,0.000000,79.000000,1.000000,0.000000,0.000000,1.000000,0.000000,10.000000,0.000000,6.756133,1.000000,1.000000,1.000000,1.000000,0.000000,0.000000,0.708150,0.298565,0.453783,20.140992,0.945795,0.630530,0.987500,-0.463776,7.968849,0.000000,True,True,True,1.000000,1.000000,1.000000,1237,71,1.000000,1.000000
0.000000,0.000000,79.000000,1.000000,0.000000,0.000000,1.000000,0.000000,11.000000,0.000000,7.167642,1.000000,1.000000,1.000000,1.000000,0.000000,0.000000,0.646135,0.063276,0.444108,20.496086,0.947557,0.631705,0.987500,-0.355094,7.968849,0.000000,True,True,True,,,,1238,71,1.000000,1.000000
0.000000,0.000000,79.000000,1.000000,0.000000,0.000000,1.000000,0.000000,12.000000,0.000000,6.892286,1.000000,1.000000,1.000000,1.000000,0.000000,0.000000,0.737274,0.249783,0.420649,20.891128,0.948959,0.632639,0.987500,-0.395042,7.968849,0.000000,True,True,True,,,,1239,71,1.000000,0.976190
0.000000,0.000000,79.000000,1.000000,0.000000,0.000000,1.000000,0.000000,13.000000,0.000000,6.997743,1.000000,1.000000,1.000000,1.000000,0.000000,0.000000,0.610661,0.082245,0.400434,21.205692,0.949744,0.633162,0.987500,-0.314564,7.968849,0.000000,True,True,True,1.000000,1.000000,1.000000,1240,71,1.000000,0.975000
0.000000,0.000000,79.000000,1.000000,0.000000,0.000000,1.000000,0.000000,11.000000,0.000000,6.277183,1.000000,1.000000,1.000000,1.000000,0.000000,0.000000,0.771201,0.334768,0.391692,21.658763,0.955158,0.636772,0.987500,-0.453072,7.968849,0.000000,True,True,True,,,,1241,71,1.000000,0.951220
0.000000,0.000000,79.000000,1.000000,0.000000,0.000000,1.000000,0.000000,13.000000,0.000000,6.786285,1.000000,1.000000,1.000000,1.000000,0.000000,0.000000,0.562356,0.033341,0.449137,21.821562,0.953627,0.635751,0.987500,-0.162798,7.968849,0.000000,True,True,True,,,,1242,71,1.000000,0.975610
0.000000,0.000000,79.000000,1.000000,0.000000,0.000000,1.000000,0.000000,11.000000,0.000000,6.905788,1.000000,1.000000,1.000000,1.000000,0.000000,0.000000,0.688572,0.322668,0.380476,22.253068,0.955995,0.637330,0.987500,-0.431506,7.968849,0.000000,True,True,True,1.000000,1.000000,1.000000,1243,71,1.000000,0.975610
0.000000,0.000000,79.000000,1.000000,0.000000,0.000000,1.000000,0.000000,13.000000,0.000000,6.604909,1.000000,1.000000,1.000000,1.000000,0.000000,0.000000,0.641859,-0.038975,0.385609,22.378161,0.954366,0.636244,0.987500,-0.125093,7.968849,0.000000,True,True,True,1.000000,1.000000,1.000000,1244,71,1.000000,1.000000
0.000000,0.000000,79.000000,1.000000,0.000000,0.000000,1.000000,0.000000,11.000000,0.000000,6.198058,1.000000,1.000000,1.000000,1.000000,0.000000,0.000000,0.801055,0.339750,0.384650,22.781204,0.957147,0.638098,0.987500,-0.403044,7.968849,0.000000,True,True,True,,,,1245,71,1.000000,1.000000
0.000000,0.000000,79.000000,1.000000,0.000000,0.000000,1.000000,0.000000,19.000000,0.000000,7.039139,1.000000,1.000000,1.000000,1.000000,0.000000,0.000000,0.501000,0.001634,0.498447,22.968294,0.954268,0.636179,0.987500,-0.187090,7.968849,0.000000,True,True,True,1.000000,1.000000,1.000000,1246,71,1.000000,1.000000
0.000000,0.000000,79.000000,1.000000,0.000000,0.000000,1.000000,0.000000,9.000000,0.000000,6.060392,1.000000,1.000000,1.000000,1.000000,0.000000,0.000000,0.757032,0.381130,0.376022,23.370687,0.962032,0.641354,0.987500,-0.402393,7.968849,0.000000,True,True,True,,,,1247,71,1.000000,1.000000
0.000000,0.000000,79.000000,1.000000,0.000000,0.000000,1.000000,0.000000,19.000000,0.000000,6.652165,1.000000,1.000000,1.000000,1.000000,0.000000,0.000000,0.406731,-0.301006,0.591554,23.315170,0.959954,0.639969,0.987500,0.055517,7.968849,0.000000,True,True,True,1.000000,1.000000,1.000000,1248,71,1.000000,1.000000
0.000000,0.000000,79.000000,1.000000,0.000000,0.000000,1.000000,0.000000,11.000000,0.000000,6.172555,1.000000,1.000000,1.000000,1.000000,0.000000,0.000000,0.675199,0.388084,0.418512,23.771176,0.965490,0.643660,0.987500,-0.456006,7.968849,0.000000,True,True,True,,,,1249,71,1.000000,1.000000
0.000000,0.000000,79.000000,1.000000,0.000000,0.000000,1.000000,0.000000,21.000000,0.000000,6.972670,1.000000,1.000000,1.000000,1.000000,0.000000,0.000000,0.502562,-0.239601,0.502365,23.741057,0.963220,0.642147,0.987500,0.030119,7.968849,0.000000,True,True,True,,,,1250,71,1.000000,1.000000
0.000000,0.000000,79.000000,1.000000,0.000000,0.000000,1.000000,0.000000,13.000000,0.000000,6.090285,1.000000,1.000000,1.000000,1.000000,0.000000,0.000000,0.598923,0.363868,0.456765,24.102746,0.969638,0.646425,0.987500,-0.361688,7.968849,0.000000,True,True,True,1.000000,1.000000,1.000000,1251,71,1.000000,1.000000
0.000000,0.000000,79.000000,1.000000,0.000000,0.000000,1.000000,0.000000,16.000000,0.000000,6.557153,1.000000,1.000000,1.000000,1.000000,0.000000,0.000000,0.616611,-0.240445,0.409363,23.887191,0.969028,0.646019,0.987500,0.215555,7.968849,0.000000,True,True,True,,,,1252,71,1.000000,1.000000
0.000000,0.000000,79.000000,1.000000,0.000000,0.000000,1.000000,0.000000,14.000000,0.000000,6.279299,1.000000,1.000000,1.000000,1.000000,0.000000,0.000000,0.659490,0.302099,0.385658,24.118525,0.971027,0.647351,0.987500,-0.231334,7.968849,0.000000,True,True,True,1.000000,1.000000,1.000000,1253,71,1.000000,1.000000
0.000000,0.000000,79.000000,1.000000,0.000000,0.000000,1.000000,0.000000,12.000000,0.000000,6.681725,1.000000,1.000000,1.000000,1.000000,0.000000,0.000000,0.566335,-0.249860,0.466565,23.787536,0.971237,0.647491,0.987500,0.330989,7.968849,0.000000,True,True,True,,,,1254,71,1.000000,1.000000
0.000000,0.000000,79.000000,1.000000,0.000000,0.000000,1.000000,0.000000,11.000000,0.000000,5.880711,1.000000,1.000000,1.000000,1.000000,0.000000,0.000000,0.576205,0.369924,0.522585,23.863162,0.967440,0.644960,0.987500,-0.075626,7.968849,0.000000,True,True,True,,,,1255,71,1.000000,1.000000
0.000000,0.000000,79.000000,1.000000,0.000000,0.000000,1.000000,0.000000,12.000000,0.000000,5.949647,1.000000,1.000000,1.000000,1.000000,0.000000,0.000000,0.521773,-0.106444,0.506158,23.522200,0.966619,0.644413,0.987500,0.340962,7.968849,0.000000,True,True,True,1.000000,1.000000,1.000000,1256,71,1.000000,1.000000
0.000000,0.000000,79.000000,1.000000,0.000000,0.000000,1.000000,0.000000,12.000000,0.000000,6.320717,1.000000,1.000000,1.000000,1.000000,0.000000,0.000000,0.562847,0.314375,0.542431,23.449659,0.962812,0.641875,0.987500,0.072541,7.968849,0.000000,True,True,True,,,,1257,71,1.000000,1.000000
0.000000,0.000000,79.000000,1.000000,0.000000,0.000000,1.000000,0.000000,11.000000,0.000000,6.401190,1.000000,1.000000,1.000000,1.000000,0.000000,0.000000,0.508892,-0.003577,0.503418,23.096157,0.965660,0.643774,0.987500,0.353502,7.968849,0.000000,True,True,True,1.000000,1.000000,1.000000,1258,71,1.000000,1.000000
0.000000,0.000000,79.000000,1.000000,0.000000,0.000000,1.000000,0.000000,6.000000,0.000000,6.710254,1.000000,1.000000,1.000000,1.000000,0.000000,0.000000,0.606778,0.213586,0.548809,22.970236,0.964093,0.642728,0.987500,0.125920,7.968849,0.000000,True,True,True,,,,1259,71,1.000000,1.000000
0.000000,0.000000,79.000000,1.000000,0.000000,0.000000,1.000000,0.000000,7.000000,0.000000,6.517547,1.000000,1.000000,1.000000,1.000000,0.000000,0.000000,0.386166,0.032478,0.631985,22.618244,0.958162,0.638774,0.987500,0.351993,7.968849,0.000000,True,True,True,1.000000,1.000000,1.000000,1260,71,1.000000,1.000000
0.000000,0.000000,79.000000,1.000000,0.000000,0.000000,1.000000,0.000000,11.000000,0.000000,7.277895,1.000000,1.000000,1.000000,1.000000,0.000000,0.000000,0.596104,0.237221,0.585134,22.488171,0.953620,0.635747,0.987500,0.130072,7.968849,0.000000,True,True,True,,,,1261,71,1.000000,1.000000
0.000000,0.000000,79.000000,1.000000,0.000000,0.000000,1.000000,0.000000,8.000000,0.000000,6.706716,1.000000,1.000000,1.000000,1.000000,0.000000,0.000000,0.443009,0.183499,0.582373,22.158626,0.956137,0.637425,0.987500,0.329546,7.968849,0.000000,True,True,True,,,,1262,71,1.000000,1.000000
0.000000,0.000000,79.000000,1.000000,0.000000,0.000000,1.000000,0.000000,9.000000,0.000000,6.672927,1.000000,1.000000,1.000000,1.000000,0.000000,0.000000,0.561385,0.267695,0.579758,21.952648,0.953395,0.635597,0.987500,0.205978,7.968849,0.000000,True,True,True,1.000000,1.000000,1.000000,1263,71,1.000000,1.000000
0.000000,0.000000,79.000000,1.000000,0.000000,0.000000,1.000000,0.000000,10.000000,0.000000,5.878569,1.000000,1.000000,1.000000,1.000000,0.000000,0.000000,0.417809,0.162020,0.614104,21.505310,0.953941,0.635961,0.987500,0.447338,7.968849,0.000000,True,True,True,,,,1264,71,1.000000,1.000000
0.000000,0.000000,79.000000,1.000000,0.000000,0.000000,1.000000,0.000000,12.000000,0.000000,6.589517,1.000000,1.000000,1.000000,1.000000,0.000000,0.000000,0.544778,0.179467,0.552742,21.240266,0.954293,0.636195,0.987500,0.265043,7.968849,0.000000,True,True,True,,,,1265,71,1.000000,1.000000
0.000000,0.000000,79.000000,1.000000,0.000000,0.000000,1.000000,0.000000,9.000000,0.000000,5.553705,1.000000,1.000000,1.000000,1.000000,0.000000,0.000000,0.488460,0.131363,0.520714,20.849071,0.955229,0.636820,0.987500,0.391195,7.968849,0.000000,True,True,True,1.000000,1.000000,1.000000,1266,71,1.000000,1.000000
0.000000,0.000000,79.000000,1.000000,0.000000,0.000000,1.000000,0.000000,10.000000,0.000000,6.741126,1.000000,1.000000,1.000000,1.000000,0.000000,0.000000,0.555773,0.114184,0.588593,20.632795,0.953121,0.635414,0.987500,0.216277,7.968849,0.000000,True,True,True,,,,1267,71,1.000000,1.000000
0.000000,0.000000,79.000000,1.000000,0.000000,0.000000,1.000000,0.000000,11.000000,0.000000,6.360919,1.000000,1.000000,1.000000,1.000000,0.000000,0.000000,0.549690,-0.004347,0.497847,20.317596,0.953152,0.635435,0.987500,0.315199,7.968849,0.000000,True,True,True,,,,1268,71,1.000000,1.000000
0.000000,0.000000,79.000000,1.000000,0.000000,0.000000,1.000000,0.000000,9.000000,0.000000,6.456559,1.000000,1.000000,1.000000,1.000000,0.000000,0.000000,0.534287,0.120566,0.597468,20.175026,0.951205,0.634137,0.987500,0.142570,7.968849,0.000000,True,True,True,1.000000,1.000000,1.000000,1269,71,1.000000,1.000000
0.000000,0.000000,79.000000,1.000000,0.000000,0.000000,1.000000,0.000000,13.000000,0.000000,6.445730,1.000000,1.000000,1.000000,1.000000,0.000000,0.000000,0.458214,-0.020125,0.593831,19.783516,0.950857,0.633905,0.987500,0.391510,7.968849,0.000000,True,True,True,1.000000,1.000000,1.000000,1270,71,1.000000,1.000000
0.000000,0.000000,79.000000,1.000000,0.000000,0.000000,1.000000,0.000000,9.000000,0.000000,6.497188,1.000000,1.000000,1.000000,1.000000,0.000000,0.000000,0.503411,0.165188,0.593495,19.693263,0.953919,0.635946,0.987500,0.090253,7.968849,0.000000,True,True,True,,,,1271,71,1.000000,1.000000
0.000000,0.000000,79.000000,1.000000,0.000000,0.000000,1.000000,0.000000,11.000000,0.000000,6.443032,1.000000,1.000000,1.000000,1.000000,0.000000,0.000000,0.446916,-0.022096,0.602968,19.277270,0.952945,0.635297,0.987500,0.415993,7.968849,0.000000,True,True,True,,,,1272,71,1.000000,1.000000
0.000000,0.000000,79.000000,1.000000,0.000000,0.000000,1.000000,0.000000,7.000000,0.000000,6.846788,1.000000,1.000000,1.000000,1.000000,0.000000,0.000000,0.517456,0.098836,0.610324,19.170874,0.953383,0.635589,0.987500,0.106396,7.968849,0.000000,True,True,True,1.000000,1.000000,1.000000,1273,71,1.000000,1.000000
0.000000,0.000000,79.000000,1.000000,0.000000,0.000000,1.000000,0.000000,7.000000,0.000000,6.437292,1.000000,1.000000,1.000000,1.000000,0.000000,0.000000,0.536525,-0.115921,0.548730,18.819468,0.952639,0.635093,0.987500,0.351406,7.968849,0.000000,True,True,True,1.000000,1.000000,1.000000,1274,71,1.000000,1.000000
0.000000,0.000000,79.000000,1.000000,0.000000,0.000000,1.000000,0.000000,8.000000,0.000000,6.957995,1.000000,1.000000,1.000000,1.000000,0.000000,0.000000,0.494452,0.182680,0.590158,18.781291,0.949834,0.633223,0.987500,0.038177,7.968849,0.000000,True,True,True,,,,1275,71,1.000000,1.000000
0.000000,0.000000,79.000000,1.000000,0.000000,0.000000,1.000000,0.000000,8.000000,0.000000,6.563984,1.000000,1.000000,1.000000,1.000000,0.000000,0.000000,0.471957,-0.079340,0.597941,18.342330,0.950795,0.633863,0.987500,0.438960,7.968849,0.000000,True,True,True,,,,1276,71,1.000000,1.000000
0.000000,0.000000,79.000000,1.000000,0.000000,0.000000,1.000000,0.000000,11.000000,0.000000,6.655381,1.000000,1.000000,1.000000,1.000000,0.000000,0.000000,0.434440,0.230625,0.638497,18.343165,0.952219,0.634812,0.987500,-0.000835,7.968849,0.000000,True,True,True,1.000000,1.000000,1.000000,1277,71,1.000000,0.970588
0.000000,0.000000,79.000000,1.000000,0.000000,0.000000,1.000000,0.000000,9.000000,0.000000,6.268994,1.000000,1.000000,1.000000,1.000000,0.000000,0.000000,0.493867,-0.075437,0.605719,17.896894,0.956846,0.637898,0.987500,0.446271,7.968849,0.000000,True,True,True,1.000000,1.000000,1.000000,1278,71,1.000000,0.970588
0.000000,0.000000,79.000000,1.000000,0.000000,0.000000,1.000000,0.000000,8.000000,0.000000,6.522786,1.000000,1.000000,1.000000,1.000000,0.000000,0.000000,0.449350,0.185109,0.637314,17.950252,0.956463,0.637642,0.987500,-0.053358,7.968849,0.000000,True,True,True,,,,1279,71,1.000000,0.970588
0.000000,0.000000,79.000000,1.000000,0.000000,0.000000,1.000000,0.000000,11.000000,0.000000,7.325664,1.000000,1.000000,1.000000,1.000000,0.000000,0.000000,0.529009,-0.136685,0.587268,17.535850,0.956032,0.637355,0.987500,0.414402,7.968849,0.000000,True,True,True,,,,1280,71,1.000000,1.000000
0.000000,0.000000,79.000000,1.000000,0.000000,0.000000,1.000000,0.000000,4.000000,0.000000,7.065215,1.000000,1.000000,1.000000,1.000000,0.000000,0.000000,0.411422,0.194540,0.621408,17.631008,0.957619,0.638413,0.987500,-0.095158,7.968849,0.000000,True,True,True,1.000000,1.000000,1.000000,1281,71,1.000000,1.000000
0.000000,0.000000,79.000000,1.000000,0.000000,0.000000,1.000000,0.000000,7.000000,0.000000,7.279694,1.000000,1.000000,1.000000,1.000000,0.000000,0.000000,0.433899,-0.186770,0.650238,17.267033,0.953636,0.635757,0.987500,0.363975,7.968849,0.000000,True,True,True,1.000000,1.000000,1.000000,1282,71,1.000000,1.000000
0.000000,0.000000,79.000000,1.000000,0.000000,0.000000,1.000000,0.000000,5.000000,0.000000,6.283311,1.000000,1.000000,1.000000,1.000000,0.000000,0.000000,0.505939,0.277915,0.586221,17.527710,0.952021,0.634681,0.987500,-0.260677,7.968849,0.000000,True,True,True,,,,1283,71,1.000000,1.000000
0.000000,0.000000,79.000000,1.000000,0.000000,0.000000,1.000000,0.000000,9.000000,0.000000,7.215328,1.000000,1.000000,1.000000,1.000000,0.000000,0.000000,0.478189,-0.112931,0.620633,17.217315,0.950038,0.633359,0.987500,0.310395,7.968849,0.000000,True,True,True,,,,1284,71,1.000000,1.000000
0.000000,0.000000,79.000000,1.000000,0.000000,0.000000,1.000000,0.000000,8.000000,0.000000,7.331939,1.000000,1.000000,1.000000,1.000000,0.000000,0.000000,0.542127,0.344490,0.552557,17.559431,0.951134,0.634089,0.987500,-0.342115,7.968849,0.000000,True,True,True,1.000000,1.000000,1.000000,1285,71,1.000000,1.000000
0.000000,0.000000,79.000000,1.000000,0.000000,0.000000,1.000000,0.000000,8.000000,0.000000,6.729335,1.000000,1.000000,1.000000,1.000000,0.000000,0.000000,0.497140,-0.198960,0.646686,17.268034,0.953542,0.635695,0.987500,0.291397,7.968849,0.000000,True,True,True,,,,1286,71,1.000000,1.000000
0.000000,0.000000,79.000000,1.000000,0.000000,0.000000,1.000000,0.000000,6.000000,0.000000,6.208434,1.000000,1.000000,1.000000,1.000000,0.000000,0.000000,0.517896,0.293235,0.556822,17.685651,0.954417,0.636278,0.987500,-0.417617,7.968849,0.000000,True,True,True,,,,1287,71,1.000000,1.000000
0.000000,0.000000,79.000000,1.000000,0.000000,0.000000,1.000000,0.000000,7.000000,0.000000,6.260639,1.000000,1.000000,1.000000,1.000000,0.000000,0.000000,0.512011,-0.211922,0.624863,17.377725,0.950297,0.633531,0.987500,0.307926,7.968849,0.000000,True,True,True,1.000000,1.000000,1.000000,1288,71,1.000000,1.000000
0.000000,0.000000,79.000000,1.000000,0.000000,0.000000,1.000000,0.000000,3.000000,0.000000,6.828817,1.000000,1.000000,1.000000,1.000000,0.000000,0.000000,0.512578,0.290239,0.577714,17.754502,0.947732,0.631821,0.987500,-0.376776,7.968849,0.000000,True,True,True,1.000000,1.000000,1.000000,1289,71,1.000000,1.000000
0.000000,0.000000,79.000000,1.000000,0.000000,0.000000,1.000000,0.000000,8.000000,0.000000,6.471928,1.000000,1.000000,1.000000,1.000000,0.000000,0.000000,0.457232,-0.081566,0.641765,17.604638,0.941470,0.627647,0.987500,0.149864,7.968849,0.000000,True,True,True,1.000000,1.000000,1.000000,1290,71,1.000000,1.000000
0.000000,0.000000,79.000000,1.000000,0.000000,0.000000,1.000000,0.000000,8.000000,0.000000,6.927758,1.000000,1.000000,1.000000,1.000000,0.000000,0.000000,0.457918,0.270408,0.647079,17.972648,0.941789,0.627860,0.987500,-0.368010,7.968849,0.000000,True,True,True,1.000000,1.000000,1.000000,1291,71,1.000000,1.000000
0.000000,0.000000,79.000000,1.000000,0.000000,0.000000,1.000000,0.000000,13.000000,0.000000,6.641289,1.000000,1.000000,1.000000,1.000000,0.000000,0.000000,0.522064,-0.054971,0.601870,17.805130,0.944051,0.629367,0.987500,0.167518,7.968849,0.000000,True,True,True,1.000000,1.000000,1.000000,1292,71,1.000000,1.000000
0.000000,0.000000,79.000000,1.000000,0.000000,0.000000,1.000000,0.000000,6.000000,0.000000,6.892899,1.000000,1.000000,1.000000,1.000000,0.000000,0.000000,0.469127,0.206563,0.598925,18.105067,0.952343,0.634895,0.987500,-0.299938,7.968849,0.000000,True,True,True,1.000000,1.000000,1.000000,1293,71,1.000000,1.000000
0.000000,0.000000,79.000000,1.000000,0.000000,0.000000,1.000000,0.000000,10.000000,0.000000,6.815691,1.000000,1.000000,1.000000,1.000000,0.000000,0.000000,0.482617,-0.082724,0.611701,18.002316,0.949787,0.633192,0.987500,0.102751,7.968849,0.000000,True,True,True,1.000000,1.000000,1.000000,1294,71,1.000000,1.000000
0.000000,0.000000,79.000000,1.000000,0.000000,0.000000,1.000000,0.000000,7.000000,0.000000,6.794864,1.000000,1.000000,1.000000,1.000000,0.000000,0.000000,0.486273,0.233391,0.593194,18.409378,0.952329,0.634886,0.987500,-0.407062,7.968849,0.000000,True,True,True,1.000000,1.000000,1.000000,1295,71,1.000000,1.000000
0.000000,0.000000,79.000000,1.000000,0.000000,0.000000,1.000000,0.000000,9.000000,0.000000,7.083844,1.000000,1.000000,1.000000,1.000000,0.000000,0.000000,0.457640,-0.098583,0.619261,18.336606,0.951860,0.634573,0.987500,0.072772,7.968849,0.000000,True,True,True,,,,1296,71,1.000000,1.000000
0.000000,0.000000,79.000000,1.000000,0.000000,0.000000,1.000000,0.000000,8.000000,0.000000,6.561419,1.000000,1.000000,1.000000,1.000000,0.000000,0.000000,0.492078,0.226563,0.582603,18.780505,0.955142,0.636762,0.987500,-0.443899,7.968849,0.000000,True,True,True,,,,1297,71,1.000000,1.000000
0.000000,0.000000,79.000000,1.000000,0.000000,0.000000,1.000000,0.000000,6.000000,0.000000,6.721981,1.000000,1.000000,1.000000,1.000000,0.000000,0.000000,0.511566,-0.157289,0.582528,18.607152,0.956093,0.637395,0.987500,0.173353,7.968849,0.000000,True,True,True,1.000000,1.000000,1.000000,1298,71,1.000000,1.000000
0.000000,0.000000,79.000000,1.000000,0.000000,0.000000,1.000000,0.000000,4.000000,0.000000,7.076267,1.000000,1.000000,1.000000,1.000000,0.000000,0.000000,0.469085,0.253928,0.609496,19.090418,0.955154,0.636770,0.987500,-0.483266,7.968849,0.000000,True,True,True,1.000000,1.000000,1.000000,1299,71,1.000000,1.000000
0.000000,0.000000,79.000000,1.000000,0.000000,0.000000,1.000000,0.000000,3.000000,0.000000,7.214609,1.000000,1.000000,1.000000,1.000000,0.000000,0.000000,0.494419,-0.069384,0.599674,19.100294,0.951687,0.634458,0.987500,-0.009877,7.968849,0.000000,True,True,True,,,,1300,71,1.000000,1.000000
0.000000,0.000000,79.000000,1.000000,0.000000,0.000000,1.000000,0.000000,5.000000,0.000000,7.031040,1.000000,1.000000,1.000000,1.000000,0.000000,0.000000,0.492454,0.348872,0.599440,19.789293,0.948342,0.632228,0.987500,-0.688999,7.968849,0.000000,True,True,True,,,,1301,71,1.000000,1.000000
0.000000,0.000000,79.000000,1.000000,0.000000,0.000000,1.000000,0.000000,3.000000,0.000000,6.090680,1.000000,1.000000,1.000000,1.000000,0.000000,0.000000,0.535061,-0.072778,0.576913,19.789671,0.950457,0.633638,0.987500,-0.000378,7.968849,0.000000,True,True,True,1.000000,1.000000,1.000000,1302,71,1.000000,1.000000
0.000000,0.000000,79.000000,1.000000,0.000000,0.000000,1.000000,0.000000,7.000000,0.000000,6.625669,1.000000,1.000000,1.000000,1.000000,0.000000,0.000000,0.460914,0.266249,0.638426,20.433105,0.947946,0.631964,0.987500,-0.643434,7.968849,0.000000,True,True,True,1.000000,1.000000,1.000000,1303,71,1.000000,1.000000
0.000000,0.000000,79.000000,1.000000,0.000000,0.000000,1.000000,0.000000,6.000000,0.000000,6.847996,1.000000,1.000000,1.000000,1.000000,0.000000,0.000000,0.464789,-0.083345,0.619003,20.489125,0.948202,0.632134,0.987500,-0.056021,7.968849,0.000000,True,True,True,1.000000,1.000000,1.000000,1304,71,1.000000,0.962963
0.000000,0.000000,79.000000,1.000000,0.000000,0.000000,1.000000,0.000000,10.000000,0.000000,6.762977,1.000000,1.000000,1.000000,1.000000,0.000000,0.000000,0.479961,0.305137,0.613077,21.106774,0.948375,0.632250,0.987500,-0.617649,7.968849,0.000000,True,True,True,1.000000,1.000000,1.000000,1305,71,1.000000,0.962963
0.000000,0.000000,79.000000,1.000000,0.000000,0.000000,1.000000,0.000000,8.000000,0.000000,6.886343,1.000000,1.000000,1.000000,1.000000,0.000000,0.000000,0.565797,-0.110424,0.509521,21.142087,0.953767,0.635845,0.987500,-0.035313,7.968849,0.000000,True,True,True,,,,1306,71,1.000000,0.962963
0.000000,0.000000,79.000000,1.000000,0.000000,0.000000,1.000000,0.000000,9.000000,0.000000,6.574073,1.000000,1.000000,1.000000,1.000000,0.000000,0.000000,0.488259,0.252517,0.578239,21.707578,0.956903,0.637935,0.987500,-0.565491,7.968849,0.000000,True,True,True,,,,1307,71,1.000000,1.000000
0.000000,0.000000,79.000000,1.000000,0.000000,0.000000,1.000000,0.000000,5.000000,0.000000,7.129929,1.000000,1.000000,1.000000,1.000000,0.000000,0.000000,0.569466,-0.074932,0.516939,21.731962,0.960835,0.640557,0.987500,-0.024384,7.968849,0.000000,True,True,True,1.000000,1.000000,1.000000,1308,71,1.000000,1.000000
0.000000,0.000000,79.000000,1.000000,0.000000,0.000000,1.000000,0.000000,5.000000,0.000000,6.955260,1.000000,1.000000,1.000000,1.000000,0.000000,0.000000,0.452053,0.234330,0.611460,22.328779,0.958604,0.639069,0.987500,-0.596817,7.968849,0.000000,True,True,True,1.000000,1.000000,1.000000,1309,71,1.000000,1.000000
0.000000,0.000000,79.000000,1.000000,0.000000,0.000000,1.000000,0.000000,4.000000,0.000000,6.095819,1.000000,1.000000,1.000000,1.000000,0.000000,0.000000,0.531808,-0.009402,0.554215,22.390334,0.955851,0.637234,0.987500,-0.061555,7.968849,0.000000,True,True,True,,,,1310,71,1.000000,1.000000
0.000000,0.000000,79.000000,1.000000,0.000000,0.000000,1.000000,0.000000,7.000000,0.000000,6.181087,1.000000,1.000000,1.000000,1.000000,0.000000,0.000000,0.473660,0.317639,0.600918,23.074319,0.950915,0.633943,0.987500,-0.683985,7.968849,0.000000,True,True,True,1.000000,1.000000,1.000000,1311,71,1.000000,1.000000
0.000000,0.000000,79.000000,1.000000,0.000000,0.000000,1.000000,0.000000,8.000000,0.000000,6.196100,1.000000,1.000000,1.000000,1.000000,0.000000,0.000000,0.538867,-0.107279,0.547628,23.010469,0.952094,0.634729,0.987500,0.063850,7.968849,0.000000,True,True,True,,,,1312,71,1.000000,1.000000
0.000000,0.000000,79.000000,1.000000,0.000000,0.000000,1.000000,0.000000,9.000000,0.000000,6.927495,1.000000,1.000000,1.000000,1.000000,0.000000,0.000000,0.478613,0.311213,0.585299,23.677244,0.953791,0.635860,0.987500,-0.666775,7.968849,0.000000,True,True,True,,,,1313,71,1.000000,1.000000
0.000000,0.000000,79.000000,1.000000,0.000000,0.000000,1.000000,0.000000,8.000000,0.000000,6.560432,1.000000,1.000000,1.000000,1.000000,0.000000,0.000000,0.517698,-0.249415,0.543885,23.539064,0.955618,0.637079,0.987500,0.138180,7.968849,0.000000,True,True,True,1.000000,1.000000,1.000000,1314,71,1.000000,1.000000
0.000000,0.000000,79.000000,1.000000,0.000000,0.000000,1.000000,0.000000,7.000000,0.000000,6.840903,1.000000,1.000000,1.000000,1.000000,0.000000,0.000000,0.552573,0.342125,0.549053,24.253368,0.956834,0.637889,0.987500,-0.714304,7.968849,0.000000,True,True,True,1.000000,1.000000,1.000000,1315,71,1.000000,1.000000
0.000000,0.000000,79.000000,1.000000,0.000000,0.000000,1.000000,0.000000,11.000000,0.000000,7.072949,1.000000,1.000000,1.000000,1.000000,0.000000,0.000000,0.500308,-0.256725,0.573754,24.082604,0.957405,0.638270,0.987500,0.170764,7.968849,0.000000,True,True,True,,,,1316,71,1.000000,0.960000
0.000000,0.000000,79.000000,1.000000,0.000000,0.000000,1.000000,0.000000,12.000000,0.000000,6.654781,1.000000,1.000000,1.000000,1.000000,0.000000,0.000000,0.549546,0.378360,0.550596,24.756160,0.960896,0.640598,0.987500,-0.673555,7.968849,0.000000,True,True,True,,,,1317,71,1.000000,0.960000
0.000000,0.000000,79.000000,1.000000,0.000000,0.000000,1.000000,0.000000,9.000000,0.000000,6.937852,1.000000,1.000000,1.000000,1.000000,0.000000,0.000000,0.636215,-0.181069,0.457875,24.526200,0.966797,0.644531,0.987500,0.229960,7.968849,0.000000,True,True,True,1.000000,1.000000,1.000000,1318,71,1.000000,0.960000
0.000000,0.000000,79.000000,1.000000,0.000000,0.000000,1.000000,0.000000,7.000000,0.000000,7.085896,1.000000,1.000000,1.000000,1.000000,0.000000,0.000000,0.526616,0.306505,0.546622,25.192146,0.967776,0.645184,0.987500,-0.665947,7.968849,0.000000,True,True,True,1.000000,1.000000,1.000000,1319,71,1.000000,1.000000
0.000000,0.000000,79.000000,1.000000,0.000000,0.000000,1.000000,0.000000,10.000000,0.000000,6.910183,1.000000,1.000000,1.000000,1.000000,0.000000,0.000000,0.610346,-0.221678,0.489174,24.985681,0.966284,0.644189,0.987500,0.206466,7.968849,0.000000,True,True,True,,,,1320,71,1.000000,1.000000
0.000000,0.000000,79.000000,1.000000,0.000000,0.000000,1.000000,0.000000,7.000000,0.000000,7.330665,1.000000,1.000000,1.000000,1.000000,0.000000,0.000000,0.447999,0.367398,0.598202,25.591040,0.969772,0.646514,0.987500,-0.605359,7.968849,0.000000,True,True,True,,,,1321,71,1.000000,1.000000
0.000000,0.000000,79.000000,1.000000,0.000000,0.000000,1.000000,0.000000,4.000000,0.000000,6.575719,1.000000,1.000000,1.000000,1.000000,0.000000,0.000000,0.601204,-0.182997,0.500026,25.342234,0.969903,0.646602,0.987500,0.248806,7.968849,0.000000,True,True,True,1.000000,1.000000,1.000000,1322,71,1.000000,1.000000
0.000000,0.000000,79.000000,1.000000,0.000000,0.000000,1.000000,0.000000,5.000000,0.000000,7.483616,1.000000,1.000000,1.000000,1.000000,0.000000,0.000000,0.424119,0.365139,0.615847,25.980468,0.966553,0.644369,0.987500,-0.638233,7.968849,0.000000,True,True,True,1.000000,1.000000,1.000000,1323,71,1.000000,1.000000
0.000000,0.000000,79.000000,1.000000,0.000000,0.000000,1.000000,0.000000,6.000000,0.000000,7.238332,1.000000,1.000000,1.000000,1.000000,0.000000,0.000000,0.542798,-0.154957,0.561452,25.713156,0.965238,0.643492,0.987500,0.267312,7.968849,0.000000,True,True,True,1.000000,1.000000,1.000000,1324,71,1.000000,1.000000
0.000000,0.000000,79.000000,1.000000,0.000000,0.000000,1.000000,0.000000,7.000000,0.000000,7.432472,1.000000,1.000000,1.000000,1.000000,0.000000,0.000000,0.439845,0.326380,0.591193,26.302111,0.964787,0.643191,0.987500,-0.588955,7.968849,0.000000,True,True,True,,,,1325,71,1.000000,1.000000
0.000000,0.000000,79.000000,1.000000,0.000000,0.000000,1.000000,0.000000,8.000000,0.000000,6.417364,1.000000,1.000000,1.000000,1.000000,0.000000,0.000000,0.577402,-0.201486,0.492989,25.950207,0.967109,0.644739,0.987500,0.351904,7.968849,0.000000,True,True,True,1.000000,1.000000,1.000000,1326,71,1.000000,1.000000
0.000000,0.000000,79.000000,1.000000,0.000000,0.000000,1.000000,0.000000,7.000000,0.000000,7.320884,1.000000,1.000000,1.000000,1.000000,0.000000,0.000000,0.462271,0.346763,0.562206,26.498154,0.969127,0.646085,0.987500,-0.547947,7.968849,0.000000,True,True,True,,,,1327,71,1.000000,1.000000
0.000000,0.000000,79.000000,1.000000,0.000000,0.000000,1.000000,0.000000,5.000000,0.000000,7.303201,1.000000,1.000000,1.000000,1.000000,0.000000,0.000000,0.670693,-0.165681,0.395137,26.112329,0.967472,0.644981,0.987500,0.385825,7.968849,0.000000,True,True,True,,,,1328,71,1.000000,0.958333
0.000000,0.000000,79.000000,1.000000,0.000000,0.000000,1.000000,0.000000,4.000000,0.000000,7.187435,1.000000,1.000000,1.000000,1.000000,0.000000,0.000000,0.431340,0.380221,0.603574,26.604017,0.965453,0.643635,0.987500,-0.491688,7.968849,0.000000,True,True,True,1.000000,1.000000,1.000000,1329,71,1.000000,0.958333
0.000000,0.000000,79.000000,1.000000,0.000000,0.000000,1.000000,0.000000,4.000000,0.000000,6.847480,1.000000,1.000000,1.000000,1.000000,0.000000,0.000000,0.583518,-0.220265,0.500782,26.272813,0.961804,0.641203,0.987500,0.331204,7.968849,0.000000,True,True,True,,,,1330,71,1.000000,0.958333
0.000000,0.000000,79.000000,1.000000,0.000000,0.000000,1.000000,0.000000,9.000000,0.000000,7.207816,1.000000,1.000000,1.000000,1.000000,0.000000,0.000000,0.517968,0.372031,0.574109,26.946696,0.958458,0.638972,0.987500,-0.673882,7.968849,0.000000,True,True,True,1.000000,1.000000,1.000000,1331,71,1.000000,1.000000
0.000000,0.000000,79.000000,1.000000,0.000000,0.000000,1.000000,0.000000,13.000000,0.000000,6.774860,1.000000,1.000000,1.000000,1.000000,0.000000,0.000000,0.561943,-0.161211,0.507339,26.790810,0.961633,0.641089,0.987500,0.155885,7.968849,0.000000,True,True,True,,,,1332,71,1.000000,1.000000
0.000000,0.000000,79.000000,1.000000,0.000000,0.000000,1.000000,0.000000,9.000000,0.000000,6.760731,1.000000,1.000000,1.000000,1.000000,0.000000,0.000000,0.449223,0.295804,0.566892,27.349024,0.968972,0.645982,0.987500,-0.558214,7.968849,0.000000,True,True,True,,,,1333,71,1.000000,1.000000
0.000000,0.000000,79.000000,1.000000,0.000000,0.000000,1.000000,0.000000,8.000000,0.000000,6.658301,1.000000,1.000000,1.000000,1.000000,0.000000,0.000000,0.566648,-0.266325,0.483476,27.143826,0.970572,0.647048,0.987500,0.205198,7.968849,0.000000,True,True,True,1.000000,1.000000,1.000000,1334,71,1.000000,1.000000
0.000000,0.000000,79.000000,1.000000,0.000000,0.000000,1.000000,0.000000,5.000000,0.000000,6.934573,1.000000,1.000000,1.000000,1.000000,0.000000,0.000000,0.505657,0.412309,0.554213,27.815230,0.969045,0.646030,0.987500,-0.671404,7.968849,0.000000,True,True,True,,,,1335,71,1.000000,1.000000
0.000000,0.000000,79.000000,1.000000,0.000000,0.000000,1.000000,0.000000,7.000000,0.000000,6.506294,1.000000,1.000000,1.000000,1.000000,0.000000,0.000000,0.494863,-0.249281,0.552271,27.638188,0.966913,0.644609,0.987500,0.177042,7.968849,0.000000,True,True,True,1.000000,1.000000,1.000000,1336,71,1.000000,1.000000
0.000000,0.000000,79.000000,1.000000,0.000000,0.000000,1.000000,0.000000,10.000000,0.000000,6.575657,1.000000,1.000000,1.000000,1.000000,0.000000,0.000000,0.488586,0.427743,0.577887,28.336680,0.965553,0.643702,0.987500,-0.698492,7.968849,0.000000,True,True,True,1.000000,1.000000,1.000000,1337,71,1.000000,1.000000
0.000000,0.000000,79.000000,1.000000,0.000000,0.000000,1.000000,0.000000,8.000000,0.000000,6.471913,1.000000,1.000000,1.000000,1.000000,0.000000,0.000000,0.581899,-0.187852,0.459207,28.148547,0.968960,0.645974,0.987500,0.188133,7.968849,0.000000,True,True,True,1.000000,1.000000,1.000000,1338,71,1.000000,1.000000
0.000000,0.000000,79.000000,1.000000,0.000000,0.000000,1.000000,0.000000,8.000000,0.000000,6.331199,1.000000,1.000000,1.000000,1.000000,0.000000,0.000000,0.465996,0.283749,0.568132,28.785227,0.969492,0.646328,0.987500,-0.636680,7.968849,0.000000,True,True,True,,,,1339,71,1.000000,1.000000
0.000000,0.000000,79.000000,1.000000,0.000000,0.000000,1.000000,0.000000,8.000000,0.000000,7.497748,1.000000,1.000000,1.000000,1.000000,0.000000,0.000000,0.628189,-0.189667,0.430754,28.621014,0.970063,0.646709,0.987500,0.164213,7.968849,0.000000,True,True,True,1.000000,1.000000,1.000000,1340,71,1.000000,1.000000
0.000000,0.000000,79.000000,1.000000,0.000000,0.000000,1.000000,0.000000,6.000000,0.000000,6.528033,1.000000,1.000000,1.000000,1.000000,0.000000,0.000000,0.552099,0.322994,0.499410,29.219459,0.971100,0.647400,0.987500,-0.598445,7.968849,0.000000,True,True,True,,,,1341,71,1.000000,1.000000
0.000000,0.000000,79.000000,1.000000,0.000000,0.000000,1.000000,0.000000,8.000000,0.000000,7.320236,1.000000,1.000000,1.000000,1.000000,0.000000,0.000000,0.515226,-0.329341,0.535644,29.017153,0.969405,0.646270,0.987500,0.202306,7.968849,0.000000,True,True,True,,,,1342,71,1.000000,1.000000
0.000000,0.000000,79.000000,1.000000,0.000000,0.000000,1.000000,0.000000,6.000000,0.000000,6.768684,1.000000,1.000000,1.000000,1.000000,0.000000,0.000000,0.567883,0.384048,0.484619,29.632982,0.971105,0.647404,0.987500,-0.615829,7.968849,0.000000,True,True,True,1.000000,1.000000,1.000000,1343,71,1.000000,1.000000
0.000000,0.000000,79.000000,1.000000,0.000000,0.000000,1.000000,0.000000,11.000000,0.000000,6.908258,1.000000,1.000000,1.000000,1.000000,0.000000,0.000000,0.540329,-0.367997,0.482637,29.358962,0.968719,0.645812,0.987500,0.274020,7.968849,0.000000,True,True,True,1.000000,1.000000,1.000000,1344,71,1.000000,1.000000
0.000000,0.000000,79.000000,1.000000,0.000000,0.000000,1.000000,0.000000,7.000000,0.000000,6.860140,1.000000,1.000000,1.000000,1.000000,0.000000,0.000000,0.604816,0.281856,0.449607,29.911287,0.973635,0.649090,0.987500,-0.552325,7.968849,0.000000,True,True,True,1.000000,1.000000,1.000000,1345,71,1.000000,1.000000
0.000000,0.000000,79.000000,1.000000,0.000000,0.000000,1.000000,0.000000,6.000000,0.000000,6.573257,1.000000,1.000000,1.000000,1.000000,0.000000,0.000000,0.571519,-0.418458,0.474661,29.515650,0.972784,0.648523,0.987500,0.395637,7.968849,0.000000,True,True,True,1.000000,1.000000,1.000000,1346,71,1.000000,1.000000
0.000000,0.000000,79.000000,1.000000,0.000000,0.000000,1.000000,0.000000,8.000000,0.000000,6.735934,1.000000,1.000000,1.000000,1.000000,0.000000,0.000000,0.509285,0.261094,0.534781,30.033797,0.973508,0.649005,0.987500,-0.518147,7.968849,0.000000,True,True,True,1.000000,1.000000,1.000000,1347,71,1.000000,1.000000
0.000000,0.000000,79.000000,1.000000,0.000000,0.000000,1.000000,0.000000,5.000000,0.000000,6.593358,1.000000,1.000000,1.000000,1.000000,0.000000,0.000000,0.661755,-0.382583,0.428060,29.624081,0.975677,0.650451,0.987500,0.409716,7.968849,0.000000,True,True,True,1.000000,1.000000,1.000000,1348,71,1.000000,1.000000
0.000000,0.000000,79.000000,1.000000,0.000000,0.000000,1.000000,0.000000,3.000000,0.000000,6.641329,1.000000,1.000000,1.000000,1.000000,0.000000,0.000000,0.485217,0.208172,0.591689,29.998117,0.973771,0.649180,0.987500,-0.374036,7.968849,0.000000,True,True,True,1.000000,1.000000,1.000000,1349,71,1.000000,1.000000
0.000000,0.000000,79.000000,1.000000,0.000000,0.000000,1.000000,0.000000,5.000000,0.000000,7.509043,1.000000,1.000000,1.000000,1.000000,0.000000,0.000000,0.531571,-0.314947,0.542645,29.491131,0.969232,0.646155,0.987500,0.506986,7.968849,0.000000,True,True,True,1.000000,1.000000,1.000000,1350,71,1.000000,1.000000
0.000000,0.000000,79.000000,1.000000,0.000000,0.000000,1.000000,0.000000,3.000000,0.000000,7.863605,1.000000,1.000000,1.000000,1.000000,0.000000,0.000000,0.409532,0.389528,0.650401,29.769136,0.967681,0.645121,0.987500,-0.278005,7.968849,0.000000,True,True,True,1.000000,1.000000,1.000000,1351,71,1.000000,1.000000
0.000000,0.000000,79.000000,1.000000,0.000000,0.000000,1.000000,0.000000,4.000000,0.000000,7.160761,1.000000,1.000000,1.000000,1.000000,0.000000,0.000000,0.474808,-0.224276,0.577971,29.209322,0.964165,0.642777,0.987500,0.559814,7.968849,0.000000,True,True,True,1.000000,1.000000,1.000000,1352,71,1.000000,1.000000
0.000000,0.000000,79.000000,1.000000,0.000000,0.000000,1.000000,0.000000,1.000000,0.000000,7.893722,1.000000,1.000000,1.000000,1.000000,0.000000,0.000000,0.419833,0.356446,0.651668,29.424887,0.961870,0.641247,0.987500,-0.215565,7.968849,0.000000,True,True,True,1.000000,1.000000,1.000000,1353,71,1.000000,1.000000
0.000000,0.000000,79.000000,1.000000,0.000000,0.000000,1.000000,0.000000,2.000000,0.000000,7.495584,1.000000,1.000000,1.000000,1.000000,0.000000,0.000000,0.403917,-0.142722,0.671323,28.849430,0.956755,0.637836,0.987500,0.575457,7.968849,0.000000,True,True,True,1.000000,1.000000,1.000000,1354,71,1.000000,1.000000
0.000000,0.000000,79.000000,1.000000,0.000000,0.000000,1.000000,0.000000,1.000000,0.000000,7.610279,1.000000,1.000000,1.000000,1.000000,0.000000,0.000000,0.430665,0.314119,0.655441,29.037286,0.951228,0.634152,0.987500,-0.187857,7.968849,0.000000,True,True,True,1.000000,1.000000,1.000000,1355,71,1.000000,1.000000
0.000000,0.000000,79.000000,1.000000,0.000000,0.000000,1.000000,0.000000,3.000000,0.000000,7.598814,1.000000,1.000000,1.000000,1.000000,0.000000,0.000000,0.394693,-0.158301,0.691484,28.484341,0.942056,0.628037,0.987500,0.552946,7.968849,0.000000,True,True,True,1.000000,1.000000,1.000000,1356,71,1.000000,1.000000
0.000000,0.000000,79.000000,1.000000,0.000000,0.000000,1.000000,0.000000,0.000000,0.000000,8.124332,1.000000,1.000000,1.000000,1.000000,0.000000,0.000000,0.437771,0.339725,0.648325,28.714637,0.940446,0.626964,0.987500,-0.230296,7.968849,0.000000,True,True,True,1.000000,1.000000,1.000000,1357,71,1.000000,1.000000
0.000000,0.000000,79.000000,1.000000,0.000000,0.000000,1.000000,0.000000,1.000000,0.000000,7.692472,1.000000,1.000000,1.000000,1.000000,0.000000,0.000000,0.395610,-0.191522,0.695423,28.107760,0.932211,0.621474,0.987500,0.606877,7.968849,0.000000,True,True,True,1.000000,1.000000,1.000000,1358,71,1.000000,1.000000
0.000000,0.000000,79.000000,1.000000,0.000000,0.000000,1.000000,0.000000,0.000000,0.000000,8.128629,1.000000,1.000000,1.000000,1.000000,0.000000,0.000000,0.362194,0.452381,0.706415,28.451844,0.926756,0.617838,0.987500,-0.344084,7.968849,0.000000,True,True,True,1.000000,1.000000,1.000000,1359,71,1.000000,1.000000
0.000000,0.000000,79.000000,1.000000,0.000000,0.000000,1.000000,0.000000,0.000000,0.000000,8.110979,1.000000,1.000000,1.000000,1.000000,0.000000,0.000000,0.426313,-0.241612,0.700431,27.842624,0.919119,0.612746,0.987500,0.609221,7.968849,0.000000,True,True,True,1.000000,1.000000,1.000000,1360,71,1.000000,1.000000
0.000000,0.000000,79.000000,1.000000,0.000000,0.000000,1.000000,0.000000,1.000000,0.000000,7.948890,1.000000,1.000000,1.000000,1.000000,0.000000,0.000000,0.308882,0.421871,0.755561,28.164120,0.911320,0.607547,0.987500,-0.321496,7.968849,0.000000,True,True,True,1.000000,1.000000,1.000000,1361,71,1.000000,1.000000
0.000000,0.000000,79.000000,1.000000,0.000000,0.000000,1.000000,0.000000,0.000000,0.000000,8.118947,1.000000,1.000000,1.000000,1.000000,0.000000,0.000000,0.466816,-0.149736,0.674482,27.606308,0.908391,0.605594,0.987500,0.557812,7.968849,0.000000,True,True,True,1.000000,1.000000,1.000000,1362,71,1.000000,1.000000
0.000000,0.000000,79.000000,1.000000,0.000000,0.000000,1.000000,0.000000,0.000000,0.000000,8.194836,1.000000,1.000000,1.000000,1.000000,0.000000,0.000000,0.348006,0.417307,0.729518,27.821298,0.899462,0.599641,0.987500,-0.214990,7.968849,0.000000,True,True,True,1.000000,1.000000,1.000000,1363,71,1.000000,1.000000
0.000000,0.000000,79.000000,1.000000,0.000000,0.000000,1.000000,0.000000,0.000000,0.000000,8.178911,1.000000,1.000000,1.000000,1.000000,0.000000,0.000000,0.495933,-0.156674,0.667158,27.330452,0.894906,0.596604,0.987500,0.490847,7.968849,0.000000,True,True,True,1.000000,1.000000,1.000000,1364,71,1.000000,1.000000
0.000000,0.000000,79.000000,1.000000,0.000000,0.000000,1.000000,0.000000,0.000000,0.000000,8.031075,1.000000,1.000000,1.000000,1.000000,0.000000,0.000000,0.316786,0.420052,0.740262,27.612192,0.887541,0.591694,0.987500,-0.281740,7.968849,0.000000,True,True,True,1.000000,1.000000,1.000000,1365,71,1.000000,1.000000
0.000000,0.000000,79.000000,1.000000,0.000000,0.000000,1.000000,0.000000,1.000000,0.000000,7.836344,1.000000,1.000000,1.000000,1.000000,0.000000,0.000000,0.485293,-0.177863,0.682470,27.126759,0.880780,0.587187,0.987500,0.485433,7.968849,0.000000,True,True,True,1.000000,1.000000,1.000000,1366,71,1.000000,1.000000
0.000000,0.000000,79.000000,1.000000,0.000000,0.000000,1.000000,0.000000,0.000000,0.000000,8.024997,1.000000,1.000000,1.000000,1.000000,0.000000,0.000000,0.358755,0.463811,0.717139,27.397359,0.877734,0.585156,0.987500,-0.270600,7.968849,0.000000,True,True,True,1.000000,1.000000,1.000000,1367,71,1.000000,1.000000
0.000000,0.000000,79.000000,1.000000,0.000000,0.000000,1.000000,0.000000,1.000000,0.000000,7.987395,1.000000,1.000000,1.000000,1.000000,0.000000,0.000000,0.501655,-0.125327,0.671697,27.016161,0.872981,0.581987,0.987500,0.381198,7.968849,0.000000,True,True,True,1.000000,1.000000,1.000000,1368,71,1.000000,1.000000
0.000000,0.000000,79.000000,1.000000,0.000000,0.000000,1.000000,0.000000,1.000000,0.000000,7.948162,1.000000,1.000000,1.000000,1.000000,0.000000,0.000000,0.369956,0.456561,0.688779,27.243083,0.871756,0.581171,0.987500,-0.226921,7.968849,0.000000,True,True,True,1.000000,1.000000,1.000000,1369,71,1.000000,1.000000
0.000000,0.000000,79.000000,1.000000,0.000000,0.000000,1.000000,0.000000,1.000000,0.000000,7.987265,1.000000,1.000000,1.000000,1.000000,0.000000,0.000000,0.571627,-0.064780,0.576752,26.903831,0.870678,0.580452,0.987500,0.339252,7.968849,0.000000,True,True,True,1.000000,1.000000,1.000000,1370,71,1.000000,1.000000
0.000000,0.000000,79.000000,1.000000,0.000000,0.000000,1.000000,0.000000,0.000000,0.000000,8.311870,1.000000,1.000000,1.000000,1.000000,0.000000,0.000000,0.405993,0.396505,0.656200,27.165976,0.869078,0.579385,0.987500,-0.262145,7.968849,0.000000,True,True,True,1.000000,1.000000,1.000000,1371,71,1.000000,1.000000
0.000000,0.000000,79.000000,1.000000,0.000000,0.000000,1.000000,0.000000,2.000000,0.000000,7.623253,1.000000,1.000000,1.000000,1.000000,0.000000,0.000000,0.512648,-0.186474,0.634761,26.782820,0.865486,0.576990,0.987500,0.383156,7.968849,0.000000,True,True,True,1.000000,1.000000,1.000000,1372,71,1.000000,1.000000
0.000000,0.000000,79.000000,1.000000,0.000000,0.000000,1.000000,0.000000,1.000000,0.000000,7.973005,1.000000,1.000000,1.000000,1.000000,0.000000,0.000000,0.422184,0.392080,0.652618,27.157973,0.869813,0.579875,0.987500,-0.375154,7.968849,0.000000,True,True,True,1.000000,1.000000,1.000000,1373,71,1.000000,1.000000
0.000000,0.000000,79.000000,1.000000,0.000000,0.000000,1.000000,0.000000,1.000000,0.000000,7.406141,1.000000,1.000000,1.000000,1.000000,0.000000,0.000000,0.504161,-0.220531,0.633417,26.736190,0.868739,0.579159,0.987500,0.421784,7.968849,0.000000,True,True,True,1.000000,1.000000,1.000000,1374,71,1.000000,1.000000
0.000000,0.000000,79.000000,1.000000,0.000000,0.000000,1.000000,0.000000,0.000000,0.000000,8.121235,1.000000,1.000000,1.000000,1.000000,0.000000,0.000000,0.401695,0.388647,0.683204,27.184785,0.868116,0.578744,0.987500,-0.448596,7.968849,0.000000,True,True,True,1.000000,1.000000,1.000000,1375,71,1.000000,1.000000
0.000000,0.000000,79.000000,1.000000,0.000000,0.000000,1.000000,0.000000,3.000000,0.000000,6.587553,1.000000,1.000000,1.000000,1.000000,0.000000,0.000000,0.448134,-0.285499,0.670662,26.704134,0.863827,0.575885,0.987500,0.480651,7.968849,0.000000,True,True,True,1.000000,1.000000,1.000000,1376,71,1.000000,1.000000
0.000000,0.000000,79.000000,1.000000,0.000000,0.000000,1.000000,0.000000,2.000000,0.000000,6.795278,1.000000,1.000000,1.000000,1.000000,0.000000,0.000000,0.471817,0.313214,0.616054,27.113771,0.869441,0.579627,0.987500,-0.409637,7.968849,0.000000,True,True,True,1.000000,1.000000,1.000000,1377,71,1.000000,1.000000
0.000000,0.000000,79.000000,1.000000,0.000000,0.000000,1.000000,0.000000,0.000000,0.000000,8.012769,1.000000,1.000000,1.000000,1.000000,0.000000,0.000000,0.473725,-0.248187,0.654123,26.613268,0.870871,0.580581,0.987500,0.500503,7.968849,0.000000,True,True,True,1.000000,1.000000,1.000000,1378,71,1.000000,1.000000
0.000000,0.000000,79.000000,1.000000,0.000000,0.000000,1.000000,0.000000,0.000000,0.000000,8.037802,1.000000,1.000000,1.000000,1.000000,0.000000,0.000000,0.418026,0.339153,0.676749,27.098512,0.863929,0.575953,0.987500,-0.485244,7.968849,0.000000,True,True,True,1.000000,1.000000,1.000000,1379,71,1.000000,1.000000
0.000000,0.000000,79.000000,1.000000,0.000000,0.000000,1.000000,0.000000,2.000000,0.000000,7.652446,1.000000,1.000000,1.000000,1.000000,0.000000,0.000000,0.379355,-0.256074,0.715326,26.638684,0.858345,0.572230,0.987500,0.459828,7.968849,0.000000,True,True,True,1.000000,1.000000,1.000000,1380,71,1.000000,1.000000
0.000000,0.000000,79.000000,1.000000,0.000000,0.000000,1.000000,0.000000,1.000000,0.000000,7.716782,1.000000,1.000000,1.000000,1.000000,0.000000,0.000000,0.398510,0.363130,0.678806,27.101726,0.862227,0.574818,0.987500,-0.463043,7.968849,0.000000,True,True,True,1.000000,1.000000,1.000000,1381,71,1.000000,1.000000
0.000000,0.000000,79.000000,1.000000,0.000000,0.000000,1.000000,0.000000,1.000000,0.000000,7.877188,1.000000,1.000000,1.000000,1.000000,0.000000,0.000000,0.440277,-0.251793,0.666682,26.582923,0.859164,0.572776,0.987500,0.518804,7.968849,0.000000,True,True,True,1.000000,1.000000,1.000000,1382,71,1.000000,1.000000
0.000000,0.000000,79.000000,1.000000,0.000000,0.000000,1.000000,0.000000,0.000000,0.000000,8.477017,1.000000,1.000000,1.000000,1.000000,0.000000,0.000000,0.394862,0.369930,0.698391,27.135624,0.857070,0.571380,0.987500,-0.552701,7.968849,0.000000,True,True,True,1.000000,1.000000,1.000000,1383,71,1.000000,1.000000
0.000000,0.000000,79.000000,1.000000,0.000000,0.000000,1.000000,0.000000,0.000000,0.000000,8.472523,1.000000,1.000000,1.000000,1.000000,0.000000,0.000000,0.383401,-0.291452,0.714201,26.601950,0.851312,0.567541,0.987500,0.533673,7.968849,0.000000,True,True,True,1.000000,1.000000,1.000000,1384,71,1.000000,1.000000
0.000000,0.000000,79.000000,1.000000,0.000000,0.000000,1.000000,0.000000,0.000000,0.000000,8.512248,1.000000,1.000000,1.000000,1.000000,0.000000,0.000000,0.452402,0.337709,0.664538,27.083234,0.846260,0.564173,0.987500,-0.481283,7.968849,0.000000,True,True,True,1.000000,1.000000,1.000000,1385,71,1.000000,1.000000
0.000000,0.000000,79.000000,1.000000,0.000000,0.000000,1.000000,0.000000,0.000000,0.000000,8.217347,1.000000,1.000000,1.000000,1.000000,0.000000,0.000000,0.455214,-0.224788,0.636852,26.611648,0.840906,0.560604,0.987500,0.471586,7.968849,0.000000,True,True,True,1.000000,1.000000,1.000000,1386,71,1.000000,1.000000
0.000000,0.000000,79.000000,1.000000,0.000000,0.000000,1.000000,0.000000,1.000000,0.000000,7.370139,1.000000,1.000000,1.000000,1.000000,0.000000,0.000000,0.388228,0.292567,0.721702,27.145554,0.835927,0.557285,0.987500,-0.533907,7.968849,0.000000,True,True,True,1.000000,1.000000,1.000000,1387,71,1.000000,1.000000
0.000000,0.000000,79.000000,1.000000,0.000000,0.000000,1.000000,0.000000,1.000000,0.000000,7.806531,1.000000,1.000000,1.000000,1.000000,0.000000,0.000000,0.478647,-0.116315,0.641611,26.684505,0.835707,0.557138,0.987500,0.461049,7.968849,0.000000,True,True,True,1.000000,1.000000,1.000000,1388,71,1.000000,1.000000
0.000000,0.000000,79.000000,1.000000,0.000000,0.000000,1.000000,0.000000,1.000000,0.000000,7.769337,1.000000,1.000000,1.000000,1.000000,0.000000,0.000000,0.362118,0.212674,0.739170,27.161391,0.834949,0.556632,0.987500,-0.476886,7.968849,0.000000,True,True,True,1.000000,1.000000,1.000000,1389,71,1.000000,1.000000
0.000000,0.000000,79.000000,1.000000,0.000000,0.000000,1.000000,0.000000,0.000000,0.000000,8.199983,1.000000,1.000000,1.000000,1.000000,0.000000,0.000000,0.470849,-0.108760,0.641797,26.736618,0.833798,0.555866,0.987500,0.424774,7.968849,0.000000,True,True,True,1.000000,1.000000,1.000000,1390,71,1.000000,1.000000
0.000000,0.000000,79.000000,1.000000,0.000000,0.000000,1.000000,0.000000,0.000000,0.000000,8.010753,1.000000,1.000000,1.000000,1.000000,0.000000,0.000000,0.403513,0.241101,0.698602,27.272709,0.827379,0.551586,0.987500,-0.536091,7.968849,0.000000,True,True,True,1.000000,1.000000,1.000000,1391,71,1.000000,1.000000
0.000000,0.000000,79.000000,1.000000,0.000000,0.000000,1.000000,0.000000,0.000000,0.000000,8.061976,1.000000,1.000000,1.000000,1.000000,0.000000,0.000000,0.482191,-0.103775,0.626194,26.897227,0.821718,0.547812,0.987500,0.375482,7.968849,0.000000,True,True,True,1.000000,1.000000,1.000000,1392,71,1.000000,1.000000
0.000000,0.000000,79.000000,1.000000,0.000000,0.000000,1.000000,0.000000,1.000000,0.000000,7.938694,1.000000,1.000000,1.000000,1.000000,0.000000,0.000000,0.379537,0.317021,0.727290,27.434470,0.816423,0.544282,0.987500,-0.537243,7.968849,0.000000,True,True,True,1.000000,1.000000,1.000000,1393,71,1.000000,1.000000
0.000000,0.000000,79.000000,1.000000,0.000000,0.000000,1.000000,0.000000,0.000000,0.000000,8.426448,1.000000,1.000000,1.000000,1.000000,0.000000,0.000000,0.463190,-0.151026,0.650671,27.016778,0.816347,0.544231,0.987500,0.417692,7.968849,0.000000,True,True,True,1.000000,1.000000,1.000000,1394,71,1.000000,1.000000
0.000000,0.000000,79.000000,1.000000,0.000000,0.000000,1.000000,0.000000,0.000000,0.000000,8.229802,1.000000,1.000000,1.000000,1.000000,0.000000,0.000000,0.432777,0.316456,0.682649,27.553939,0.810351,0.540234,0.987500,-0.537161,7.968849,0.000000,True,True,True,1.000000,1.000000,1.000000,1395,71,1.000000,1.000000
0.000000,0.000000,79.000000,1.000000,0.000000,0.000000,1.000000,0.000000,0.000000,0.000000,8.269734,1.000000,1.000000,1.000000,1.000000,0.000000,0.000000,0.453829,-0.190924,0.652249,27.176411,0.804849,0.536566,0.987500,0.377528,7.968849,0.000000,True,True,True,1.000000,1.000000,1.000000,1396,71,1.000000,1.000000
0.000000,0.000000,79.000000,1.000000,0.000000,0.000000,1.000000,0.000000,0.000000,0.000000,8.199999,1.000000,1.000000,1.000000,1.000000,0.000000,0.000000,0.337548,0.376822,0.757905,27.795913,0.799663,0.533108,0.987500,-0.619502,7.968849,0.000000,True,True,True,1.000000,1.000000,1.000000,1397,71,1.000000,1.000000
0.000000,0.000000,79.000000,1.000000,0.000000,0.000000,1.000000,0.000000,0.000000,0.000000,8.220478,1.000000,1.000000,1.000000,1.000000,0.000000,0.000000,0.464095,-0.212739,0.654355,27.393870,0.794045,0.529363,0.987500,0.402042,7.968849,0.000000,True,True,True,1.000000,1.000000,1.000000,1398,71,1.000000,1.000000
0.000000,0.000000,79.000000,1.000000,0.000000,0.000000,1.000000,0.000000,0.000000,0.000000,8.323368,1.000000,1.000000,1.000000,1.000000,0.000000,0.000000,0.349537,0.327537,0.744278,27.936516,0.788893,0.525929,0.987500,-0.542645,7.968849,0.000000,True,True,True,1.000000,1.000000,1.000000,1399,71,1.000000,1.000000
0.000000,0.000000,79.000000,1.000000,0.000000,0.000000,1.000000,0.000000,0.000000,0.000000,8.580154,1.000000,1.000000,1.000000,1.000000,0.000000,0.000000,0.449034,-0.194274,0.666229,27.574272,0.783317,0.522212,0.987500,0.362243,7.968849,0.000000,True,True,True,1.000000,1.000000,1.000000,1400,71,1.000000,1.000000
0.000000,0.000000,79.000000,1.000000,0.000000,0.000000,1.000000,0.000000,0.000000,0.000000,8.303330,1.000000,1.000000,1.000000,1.000000,0.000000,0.000000,0.369778,0.342797,0.729452,28.133084,0.778092,0.518728,0.987500,-0.558812,7.968849,0.000000,True,True,True,1.000000,1.000000,1.000000,1401,71,1.000000,1.000000
0.000000,0.000000,79.000000,1.000000,0.000000,0.000000,1.000000,0.000000,0.000000,0.000000,8.393183,1.000000,1.000000,1.000000,1.000000,0.000000,0.000000,0.408114,-0.226734,0.702221,27.791139,0.772692,0.515128,0.987500,0.341945,7.968849,0.000000,True,True,True,1.000000,1.000000,1.000000,1402,71,1.000000,1.000000
0.000000,0.000000,79.000000,1.000000,0.000000,0.000000,1.000000,0.000000,0.000000,0.000000,8.181223,1.000000,1.000000,1.000000,1.000000,0.000000,0.000000,0.435373,0.401563,0.694597,28.335931,0.767501,0.511668,0.987500,-0.544792,7.968849,0.000000,True,True,True,1.000000,1.000000,1.000000,1403,71,1.000000,1.000000
0.000000,0.000000,79.000000,1.000000,0.000000,0.000000,1.000000,0.000000,0.000000,0.000000,8.259618,1.000000,1.000000,1.000000,1.000000,0.000000,0.000000,0.406282,-0.252103,0.671970,27.961787,0.762462,0.508308,0.987500,0.374143,7.968849,0.000000,True,True,True,1.000000,1.000000,1.000000,1404,71,1.000000,1.000000
0.000000,0.000000,79.000000,1.000000,0.000000,0.000000,1.000000,0.000000,0.000000,0.000000,8.149791,1.000000,1.000000,1.000000,1.000000,0.000000,0.000000,0.416999,0.458417,0.703324,28.546094,0.757257,0.504838,0.987500,-0.584306,7.968849,0.000000,True,True,True,1.000000,1.000000,1.000000,1405,71,1.000000,1.000000
0.000000,0.000000,79.000000,1.000000,0.000000,0.000000,1.000000,0.000000,0.000000,0.000000,8.195159,1.000000,1.000000,1.000000,1.000000,0.000000,0.000000,0.354947,-0.370271,0.703043,28.125616,0.751788,0.501192,0.987500,0.420478,7.968849,0.000000,True,True,True,1.000000,1.000000,1.000000,1406,71,1.000000,1.000000
0.000000,0.000000,79.000000,1.000000,0.000000,0.000000,1.000000,0.000000,0.000000,0.000000,8.427364,1.000000,1.000000,1.000000,1.000000,0.000000,0.000000,0.367561,0.521408,0.731880,28.734012,0.745618,0.497079,0.987500,-0.608396,7.968849,0.000000,True,True,True,1.000000,1.000000,1.000000,1407,71,1.000000,1.000000
0.000000,0.000000,79.000000,1.000000,0.000000,0.000000,1.000000,0.000000,0.000000,0.000000,8.072229,1.000000,1.000000,1.000000,1.000000,0.000000,0.000000,0.370814,-0.336418,0.666162,28.272624,0.740006,0.493337,0.987500,0.461388,7.968849,0.000000,True,True,True,1.000000,1.000000,1.000000,1408,71,1.000000,1.000000
0.000000,0.000000,79.000000,1.000000,0.000000,0.000000,1.000000,0.000000,0.000000,0.000000,8.015285,1.000000,1.000000,1.000000,1.000000,0.000000,0.000000,0.361560,0.526176,0.707645,28.883068,0.733944,0.489296,0.987500,-0.610444,7.968849,0.000000,True,True,True,1.000000,1.000000,1.000000,1409,71,1.000000,1.000000
0.000000,0.000000,79.000000,1.000000,0.000000,0.000000,1.000000,0.000000,1.000000,0.000000,7.972740,1.000000,1.000000,1.000000,1.000000,0.000000,0.000000,0.347875,-0.341464,0.698207,28.365224,0.728533,0.485689,0.987500,0.517844,7.968849,0.000000,True,True,True,1.000000,1.000000,1.000000,1410,71,1.000000,1.000000
0.000000,0.000000,79.000000,1.000000,0.000000,0.000000,1.000000,0.000000,0.000000,0.000000,8.476747,1.000000,1.000000,1.000000,1.000000,0.000000,0.000000,0.335449,0.576824,0.720238,28.973150,0.730565,0.487043,0.987500,-0.607926,7.968849,0.000000,True,True,True,1.000000,1.000000,1.000000,1411,71,1.000000,1.000000
0.000000,0.000000,79.000000,1.000000,0.000000,0.000000,1.000000,0.000000,0.000000,0.000000,8.411523,1.000000,1.000000,1.000000,1.000000,0.000000,0.000000,0.292654,-0.352330,0.744836,28.378067,0.723792,0.482528,0.987500,0.595083,7.968849,0.000000,True,True,True,1.000000,1.000000,1.000000,1412,71,1.000000,1.000000
0.000000,0.000000,79.000000,1.000000,0.000000,0.000000,1.000000,0.000000,0.000000,0.000000,8.339072,1.000000,1.000000,1.000000,1.000000,0.000000,0.000000,0.317661,0.594597,0.731179,28.985971,0.718587,0.479058,0.987500,-0.607903,7.968849,0.000000,True,True,True,1.000000,1.000000,1.000000,1413,71,1.000000,1.000000
0.000000,0.000000,79.000000,1.000000,0.000000,0.000000,1.000000,0.000000,0.000000,0.000000,8.258463,1.000000,1.000000,1.000000,1.000000,0.000000,0.000000,0.308559,-0.321147,0.730478,28.402689,0.713412,0.475608,0.987500,0.583281,7.968849,0.000000,True,True,True,1.000000,1.000000,1.000000,1414,71,1.000000,1.000000
0.000000,0.000000,79.000000,1.000000,0.000000,0.000000,1.000000,0.000000,0.000000,0.000000,8.146968,1.000000,1.000000,1.000000,1.000000,0.000000,0.000000,0.322867,0.515376,0.738424,28.941794,0.708336,0.472224,0.987500,-0.539105,7.968849,0.000000,True,True,True,1.000000,1.000000,1.000000,1415,71,1.000000,1.000000
0.000000,0.000000,79.000000,1.000000,0.000000,0.000000,1.000000,0.000000,0.000000,0.000000,8.258405,1.000000,1.000000,1.000000,1.000000,0.000000,0.000000,0.279835,-0.273220,0.790098,28.417068,0.703200,0.468800,0.987500,0.524726,7.968849,0.000000,True,True,True,1.000000,1.000000,1.000000,1416,71,1.000000,1.000000
0.000000,0.000000,79.000000,1.000000,0.000000,0.000000,1.000000,0.000000,0.000000,0.000000,8.257920,1.000000,1.000000,1.000000,1.000000,0.000000,0.000000,0.306213,0.424660,0.776590,28.884310,0.698103,0.465402,0.987500,-0.467242,7.968849,0.000000,True,True,True,1.000000,1.000000,1.000000,1417,71,1.000000,1.000000
0.000000,0.000000,79.000000,1.000000,0.000000,0.000000,1.000000,0.000000,0.000000,0.000000,8.286224,1.000000,1.000000,1.000000,1.000000,0.000000,0.000000,0.363151,-0.253911,0.724928,28.448234,0.692982,0.461988,0.987500,0.436076,7.968849,0.000000,True,True,True,1.000000,1.000000,1.000000,1418,71,1.000000,1.000000
0.000000,0.000000,79.000000,1.000000,0.000000,0.000000,1.000000,0.000000,0.000000,0.000000,8.282345,1.000000,1.000000,1.000000,1.000000,0.000000,0.000000,0.279444,0.445884,0.784817,28.893096,0.687890,0.458593,0.987500,-0.444862,7.968849,0.000000,True,True,True,1.000000,1.000000,1.000000,1419,71,1.000000,1.000000
0.000000,0.000000,79.000000,1.000000,0.000000,0.000000,1.000000,0.000000,0.000000,0.000000,8.310277,1.000000,1.000000,1.000000,1.000000,0.000000,0.000000,0.360300,-0.308732,0.752868,28.438186,0.682831,0.455221,0.987500,0.454911,7.968849,0.000000,True,True,True,1.000000,1.000000,1.000000,1420,71,1.000000,1.000000
0.000000,0.000000,79.000000,1.000000,0.000000,0.000000,1.000000,0.000000,0.000000,0.000000,8.303811,1.000000,1.000000,1.000000,1.000000,0.000000,0.000000,0.309372,0.454783,0.759349,28.872663,0.677808,0.451872,0.987500,-0.434478,7.968849,0.000000,True,True,True,1.000000,1.000000,1.000000,1421,71,1.000000,1.000000
0.000000,0.000000,79.000000,1.000000,0.000000,0.000000,1.000000,0.000000,0.000000,0.000000,8.336167,1.000000,1.000000,1.000000,1.000000,0.000000,0.000000,0.433591,-0.288901,0.706334,28.468201,0.672784,0.448523,0.987500,0.404463,7.968849,0.000000,True,True,True,1.000000,1.000000,1.000000,1422,71,1.000000,1.000000
0.000000,0.000000,79.000000,1.000000,0.000000,0.000000,1.000000,0.000000,0.000000,0.000000,8.330678,1.000000,1.000000,1.000000,1.000000,0.000000,0.000000,0.292355,0.444142,0.775644,28.901824,0.667839,0.445226,0.987500,-0.433624,7.968849,0.000000,True,True,True,1.000000,1.000000,1.000000,1423,71,1.000000,1.000000
0.000000,0.000000,79.000000,1.000000,0.000000,0.000000,1.000000,0.000000,0.000000,0.000000,8.361725,1.000000,1.000000,1.000000,1.000000,0.000000,0.000000,0.468293,-0.241796,0.690371,28.557359,0.663238,0.442158,0.987500,0.344465,7.968849,0.000000,True,True,True,1.000000,1.000000,1.000000,1424,71,1.000000,1.000000
0.000000,0.000000,79.000000,1.000000,0.000000,0.000000,1.000000,0.000000,0.000000,0.000000,8.358301,1.000000,1.000000,1.000000,1.000000,0.000000,0.000000,0.326823,0.409322,0.743053,28.947075,0.658660,0.439107,0.987500,-0.389715,7.968849,0.000000,True,True,True,1.000000,1.000000,1.000000,1425,71,1.000000,1.000000
0.000000,0.000000,79.000000,1.000000,0.000000,0.000000,1.000000,0.000000,0.000000,0.000000,8.357007,1.000000,1.000000,1.000000,1.000000,0.000000,0.000000,0.473077,-0.224301,0.676276,28.603106,0.654146,0.436097,0.987500,0.343969,7.968849,0.000000,True,True,True,1.000000,1.000000,1.000000,1426,71,1.000000,1.000000
0.000000,0.000000,79.000000,1.000000,0.000000,0.000000,1.000000,0.000000,0.000000,0.000000,8.352289,1.000000,1.000000,1.000000,1.000000,0.000000,0.000000,0.298410,0.385624,0.758971,29.023360,0.649613,0.433075,0.987500,-0.420254,7.968849,0.000000,True,True,True,1.000000,1.000000,1.000000,1427,71,1.000000,1.000000
0.000000,0.000000,79.000000,1.000000,0.000000,0.000000,1.000000,0.000000,0.000000,0.000000,8.377336,1.000000,1.000000,1.000000,1.000000,0.000000,0.000000,0.474372,-0.309492,0.669156,28.671909,0.645134,0.430089,0.987500,0.351451,7.968849,0.000000,True,True,True,1.000000,1.000000,1.000000,1428,71,1.000000,1.000000
0.000000,0.000000,79.000000,1.000000,0.000000,0.000000,1.000000,0.000000,0.000000,0.000000,8.375810,1.000000,1.000000,1.000000,1.000000,0.000000,0.000000,0.283884,0.380585,0.758010,29.110066,0.640690,0.427127,0.987500,-0.438156,7.968849,0.000000,True,True,True,1.000000,1.000000,1.000000,1429,71,1.000000,1.000000
0.000000,0.000000,79.000000,1.000000,0.000000,0.000000,1.000000,0.000000,0.000000,0.000000,8.434167,1.000000,1.000000,1.000000,1.000000,0.000000,0.000000,0.480472,-0.306191,0.658974,28.745424,0.636265,0.424177,0.987500,0.364642,7.968849,0.000000,True,True,True,1.000000,1.000000,1.000000,1430,71,1.000000,1.000000
0.000000,0.000000,79.000000,1.000000,0.000000,0.000000,1.000000,0.000000,0.000000,0.000000,8.452590,1.000000,1.000000,1.000000,1.000000,0.000000,0.000000,0.289083,0.411869,0.760206,29.189284,0.631886,0.421258,0.987500,-0.443860,7.968849,0.000000,True,True,True,1.000000,1.000000,1.000000,1431,71,1.000000,1.000000
0.000000,0.000000,79.000000,1.000000,0.000000,0.000000,1.000000,0.000000,0.000000,0.000000,8.506215,1.000000,1.000000,1.000000,1.000000,0.000000,0.000000,0.510094,-0.376212,0.638151,28.799771,0.627549,0.418366,0.987500,0.389513,7.968849,0.000000,True,True,True,1.000000,1.000000,1.000000,1432,71,1.000000,1.000000
0.000000,0.000000,79.000000,1.000000,0.000000,0.000000,1.000000,0.000000,0.000000,0.000000,8.575263,1.000000,1.000000,1.000000,1.000000,0.000000,0.000000,0.276780,0.406420,0.760618,29.231405,0.623696,0.415797,0.987500,-0.431634,7.968849,0.000000,True,True,True,1.000000,1.000000,1.000000,1433,71,1.000000,1.000000
0.000000,0.000000,79.000000,1.000000,0.000000,0.000000,1.000000,0.000000,0.000000,0.000000,8.716087,1.000000,1.000000,1.000000,1.000000,0.000000,0.000000,0.491683,-0.426498,0.650007,28.846196,0.619728,0.413152,0.987500,0.385209,7.968849,0.000000,True,True,True,1.000000,1.000000,1.000000,1434,71,1.000000,1.000000
0.000000,0.000000,79.000000,1.000000,0.000000,0.000000,1.000000,0.000000,0.000000,0.000000,8.819258,1.000000,1.000000,1.000000,1.000000,0.000000,0.000000,0.258795,0.399042,0.786596,29.292388,0.615760,0.410507,0.987500,-0.446192,7.968849,0.000000,True,True,True,1.000000,1.000000,1.000000,1435,71,1.000000,1.000000
0.000000,0.000000,79.000000,1.000000,0.000000,0.000000,1.000000,0.000000,0.000000,0.000000,8.804793,1.000000,1.000000,1.000000,1.000000,0.000000,0.000000,0.452707,-0.358491,0.648971,28.903884,0.611818,0.407879,0.987500,0.388504,7.968849,0.000000,True,True,True,1.000000,1.000000,1.000000,1436,71,1.000000,1.000000
0.000000,0.000000,79.000000,1.000000,0.000000,0.000000,1.000000,0.000000,0.000000,0.000000,8.818678,1.000000,1.000000,1.000000,1.000000,0.000000,0.000000,0.275501,0.440184,0.758330,29.356183,0.607924,0.405283,0.987500,-0.452299,7.968849,0.000000,True,True,True,1.000000,1.000000,1.000000,1437,71,1.000000,1.000000
0.000000,0.000000,79.000000,1.000000,0.000000,0.000000,1.000000,0.000000,0.000000,0.000000,8.933345,1.000000,1.000000,1.000000,1.000000,0.000000,0.000000,0.431981,-0.387572,0.674976,28.967193,0.604064,0.402709,0.987500,0.388990,7.968849,0.000000,True,True,True,1.000000,1.000000,1.000000,1438,71,1.000000,1.000000
0.000000,0.000000,79.000000,1.000000,0.000000,0.000000,1.000000,0.000000,0.000000,0.000000,8.993368,1.000000,1.000000,1.000000,1.000000,0.000000,0.000000,0.290475,0.428812,0.742383,29.414925,0.600436,0.400291,0.987500,-0.447732,7.968849,0.000000,True,True,True,1.000000,1.000000,1.000000,1439,71,1.000000,1.000000
0.000000,0.000000,79.000000,1.000000,0.000000,0.000000,1.000000,0.000000,0.000000,0.000000,8.862929,1.000000,1.000000,1.000000,1.000000,0.000000,0.000000,0.473385,-0.383609,0.644052,29.050995,0.596876,0.397917,0.987500,0.363930,7.968849,0.000000,True,True,True,1.000000,1.000000,1.000000,1440,71,1.000000,1.000000
0.000000,0.000000,79.000000,1.000000,0.000000,0.000000,1.000000,0.000000,0.000000,0.000000,8.872700,1.000000,1.000000,1.000000,1.000000,0.000000,0.000000,0.376424,0.390215,0.678886,29.454206,0.593370,0.395580,0.987500,-0.403211,7.968849,0.000000,True,True,True,1.000000,1.000000,1.000000,1441,71,1.000000,1.000000
0.000000,0.000000,79.000000,1.000000,0.000000,0.000000,1.000000,0.000000,0.000000,0.000000,8.863502,1.000000,1.000000,1.000000,1.000000,0.000000,0.000000,0.399036,-0.407304,0.690862,29.092534,0.589428,0.392952,0.987500,0.361672,7.968849,0.000000,True,True,True,1.000000,1.000000,1.000000,1442,71,1.000000,1.000000
0.000000,0.000000,79.000000,1.000000,0.000000,0.000000,1.000000,0.000000,0.000000,0.000000,9.152285,1.000000,1.000000,1.000000,1.000000,0.000000,0.000000,0.312295,0.484407,0.747378,29.523239,0.585627,0.390418,0.987500,-0.430705,7.968849,0.000000,True,True,True,1.000000,1.000000,1.000000,1443,71,1.000000,1.000000
0.000000,0.000000,79.000000,1.000000,0.000000,0.000000,1.000000,0.000000,0.000000,0.000000,9.000186,1.000000,1.000000,1.000000,1.000000,0.000000,0.000000,0.430641,-0.386032,0.672029,29.179067,0.582105,0.388070,0.987500,0.344172,7.968849,0.000000,True,True,True,1.000000,1.000000,1.000000,1444,71,1.000000,1.000000
0.000000,0.000000,79.000000,1.000000,0.000000,0.000000,1.000000,0.000000,0.000000,0.000000,9.024423,1.000000,1.000000,1.000000,1.000000,0.000000,0.000000,0.311556,0.451904,0.723728,29.600558,0.578644,0.385763,0.987500,-0.421492,7.968849,0.000000,True,True,True,1.000000,1.000000,1.000000,1445,71,1.000000,1.000000
0.000000,0.000000,79.000000,1.000000,0.000000,0.000000,1.000000,0.000000,0.000000,0.000000,9.132171,1.000000,1.000000,1.000000,1.000000,0.000000,0.000000,0.375798,-0.431666,0.703646,29.228124,0.575188,0.383459,0.987500,0.372434,7.968849,0.000000,True,True,True,1.000000,1.000000,1.000000,1446,71,1.000000,1.000000
0.000000,0.000000,79.000000,1.000000,0.000000,0.000000,1.000000,0.000000,0.000000,0.000000,9.323182,1.000000,1.000000,1.000000,1.000000,0.000000,0.000000,0.304068,0.437665,0.730559,29.657358,0.571774,0.381182,0.987500,-0.429234,7.968849,0.000000,True,True,True,1.000000,1.000000,1.000000,1447,71,1.000000,1.000000
0.000000,0.000000,79.000000,1.000000,0.000000,0.000000,1.000000,0.000000,0.000000,0.000000,9.286153,1.000000,1.000000,1.000000,1.000000,0.000000,0.000000,0.411962,-0.437126,0.649419,29.292440,0.568373,0.378915,0.987500,0.364918,7.968849,0.000000,True,True,True,1.000000,1.000000,1.000000,1448,71,1.000000,1.000000
0.000000,0.000000,79.000000,1.000000,0.000000,0.000000,1.000000,0.000000,0.000000,0.000000,9.287062,1.000000,1.000000,1.000000,1.000000,0.000000,0.000000,0.312120,0.528811,0.735835,29.740854,0.564996,0.376664,0.987500,-0.448414,7.968849,0.000000,True,True,True,1.000000,1.000000,1.000000,1449,71,1.000000,1.000000
0.000000,0.000000,79.000000,1.000000,0.000000,0.000000,1.000000,0.000000,0.000000,0.000000,9.474182,1.000000,1.000000,1.000000,1.000000,0.000000,0.000000,0.398316,-0.435398,0.635336,29.343591,0.561632,0.374421,0.987500,0.397263,7.968849,0.000000,True,True,True,1.000000,1.000000,1.000000,1450,71,1.000000,1.000000
0.000000,0.000000,79.000000,1.000000,0.000000,0.000000,1.000000,0.000000,0.000000,0.000000,9.283396,1.000000,1.000000,1.000000,1.000000,0.000000,0.000000,0.283582,0.575505,0.757662,29.806139,0.558289,0.372192,0.987500,-0.462548,7.968849,0.000000,True,True,True,1.000000,1.000000,1.000000,1451,71,1.000000,1.000000
0.000000,0.000000,79.000000,1.000000,0.000000,0.000000,1.000000,0.000000,0.000000,0.000000,9.339139,1.000000,1.000000,1.000000,1.000000,0.000000,0.000000,0.339011,-0.478983,0.693464,29.357643,0.554967,0.369978,0.987500,0.448496,7.968849,0.000000,True,True,True,1.000000,1.000000,1.000000,1452,71,1.000000,1.000000
0.000000,0.000000,79.000000,1.000000,0.000000,0.000000,1.000000,0.000000,0.000000,0.000000,9.158244,1.000000,1.000000,1.000000,1.000000,0.000000,0.000000,0.281264,0.546591,0.755069,29.822813,0.551662,0.367775,0.987500,-0.465169,7.968849,0.000000,True,True,True,1.000000,1.000000,1.000000,1453,71,1.000000,1.000000
0.000000,0.000000,79.000000,1.000000,0.000000,0.000000,1.000000,0.000000,0.000000,0.000000,9.308770,1.000000,1.000000,1.000000,1.000000,0.000000,0.000000,0.367342,-0.460063,0.677282,29.409091,0.548357,0.365572,0.987500,0.413722,7.968849,0.000000,True,True,True,1.000000,1.000000,1.000000,1454,71,1.000000,1.000000
0.000000,0.000000,79.000000,1.000000,0.000000,0.000000,1.000000,0.000000,0.000000,0.000000,9.135838,1.000000,1.000000,1.000000,1.000000,0.000000,0.000000,0.294805,0.506470,0.753736,29.841176,0.545090,0.363393,0.987500,-0.432085,7.968849,0.000000,True,True,True,1.000000,1.000000,1.000000,1455,71,1.000000,1.000000
0.000000,0.000000,79.000000,1.000000,0.000000,0.000000,1.000000,0.000000,0.000000,0.000000,9.175270,1.000000,1.000000,1.000000,1.000000,0.000000,0.000000,0.354756,-0.393428,0.698797,29.449264,0.541834,0.361222,0.987500,0.391912,7.968849,0.000000,True,True,True,1.000000,1.000000,1.000000,1456,71,1.000000,1.000000
0.000000,0.000000,79.000000,1.000000,0.000000,0.000000,1.000000,0.000000,0.000000,0.000000,9.179147,1.000000,1.000000,1.000000,1.000000,0.000000,0.000000,0.281333,0.554361,0.780063,29.860421,0.538600,0.359067,0.987500,-0.411157,7.968849,0.000000,True,True,True,1.000000,1.000000,1.000000,1457,71,1.000000,1.000000
0.000000,0.000000,79.000000,1.000000,0.000000,0.000000,1.000000,0.000000,0.000000,0.000000,9.239297,1.000000,1.000000,1.000000,1.000000,0.000000,0.000000,0.392255,-0.371819,0.659617,29.504130,0.535369,0.356913,0.987500,0.356291,7.968849,0.000000,True,True,True,1.000000,1.000000,1.000000,1458,71,1.000000,1.000000
0.000000,0.000000,79.000000,1.000000,0.000000,0.000000,1.000000,0.000000,0.000000,0.000000,9.163500,1.000000,1.000000,1.000000,1.000000,0.000000,0.000000,0.288805,0.506657,0.773535,29.913549,0.532153,0.354769,0.987500,-0.409419,7.968849,0.000000,True,True,True,1.000000,1.000000,1.000000,1459,71,1.000000,1.000000
0.000000,0.000000,79.000000,1.000000,0.000000,0.000000,1.000000,0.000000,0.000000,0.000000,9.202371,1.000000,1.000000,1.000000,1.000000,0.000000,0.000000,0.353818,-0.365219,0.711499,29.549176,0.528950,0.352633,0.987500,0.364373,7.968849,0.000000,True,True,True,1.000000,1.000000,1.000000,1460,71,1.000000,1.000000
0.000000,0.000000,79.000000,1.000000,0.000000,0.000000,1.000000,0.000000,0.000000,0.000000,9.203737,1.000000,1.000000,1.000000,1.000000,0.000000,0.000000,0.343660,0.460836,0.724880,29.926459,0.525773,0.350516,0.987500,-0.377283,7.968849,0.000000,True,True,True,1.000000,1.000000,1.000000,1461,71,1.000000,1.000000
0.000000,0.000000,79.000000,1.000000,0.000000,0.000000,1.000000,0.000000,0.000000,0.000000,9.230284,1.000000,1.000000,1.000000,1.000000,0.000000,0.000000,0.387537,-0.391455,0.686557,29.579503,0.522603,0.348402,0.987500,0.346956,7.968849,0.000000,True,True,True,1.000000,1.000000,1.000000,1462,71,1.000000,1.000000
0.000000,0.000000,79.000000,1.000000,0.000000,0.000000,1.000000,0.000000,0.000000,0.000000,9.318668,1.000000,1.000000,1.000000,1.000000,0.000000,0.000000,0.303999,0.443955,0.748370,29.966032,0.519454,0.346303,0.987500,-0.386529,7.968849,0.000000,True,True,True,1.000000,1.000000,1.000000,1463,71,1.000000,1.000000
0.000000,0.000000,79.000000,1.000000,0.000000,0.000000,1.000000,0.000000,0.000000,0.000000,9.315324,1.000000,1.000000,1.000000,1.000000,0.000000,0.000000,0.471958,-0.350731,0.608784,29.641700,0.516334,0.344223,0.987500,0.324332,7.968849,0.000000,True,True,True,1.000000,1.000000,1.000000,1464,71,1.000000,1.000000
0.000000,0.000000,79.000000,1.000000,0.000000,0.000000,1.000000,0.000000,0.000000,0.000000,9.264238,1.000000,1.000000,1.000000,1.000000,0.000000,0.000000,0.308913,0.436355,0.746340,30.043877,0.513236,0.342158,0.987500,-0.402178,7.968849,0.000000,True,True,True,1.000000,1.000000,1.000000,1465,71,1.000000,1.000000
0.000000,0.000000,79.000000,1.000000,0.000000,0.000000,1.000000,0.000000,0.000000,0.000000,9.281835,1.000000,1.000000,1.000000,1.000000,0.000000,0.000000,0.412073,-0.368633,0.654251,29.703938,0.510162,0.340108,0.987500,0.339939,7.968849,0.000000,True,True,True,1.000000,1.000000,1.000000,1466,71,1.000000,1.000000
0.000000,0.000000,79.000000,1.000000,0.000000,0.000000,1.000000,0.000000,0.000000,0.000000,9.397784,1.000000,1.000000,1.000000,1.000000,0.000000,0.000000,0.267277,0.493102,0.779874,30.116118,0.507125,0.338083,0.987500,-0.412179,7.968849,0.000000,True,True,True,1.000000,1.000000,1.000000,1467,71,1.000000,1.000000
0.000000,0.000000,79.000000,1.000000,0.000000,0.000000,1.000000,0.000000,0.000000,0.000000,9.425034,1.000000,1.000000,1.000000,1.000000,0.000000,0.000000,0.363867,-0.390768,0.686144,29.747484,0.504097,0.336065,0.987500,0.368634,7.968849,0.000000,True,True,True,1.000000,1.000000,1.000000,1468,71,1.000000,1.000000
0.000000,0.000000,79.000000,1.000000,0.000000,0.000000,1.000000,0.000000,0.000000,0.000000,9.384013,1.000000,1.000000,1.000000,1.000000,0.000000,0.000000,0.290583,0.552949,0.754421,30.168293,0.501087,0.334058,0.987500,-0.420809,7.968849,0.000000,True,True,True,1.000000,1.000000,1.000000,1469,71,1.000000,1.000000
0.000000,0.000000,79.000000,1.000000,0.000000,0.000000,1.000000,0.000000,0.000000,0.000000,9.499159,1.000000,1.000000,1.000000,1.000000,0.000000,0.000000,0.322441,-0.476927,0.714582,29.766543,0.498093,0.332062,0.987500,0.401749,7.968849,0.000000,True,True,True,1.000000,1.000000,1.000000,1470,71,1.000000,1.000000
0.000000,0.000000,79.000000,1.000000,0.000000,0.000000,1.000000,0.000000,0.000000,0.000000,9.533846,1.000000,1.000000,1.000000,1.000000,0.000000,0.000000,0.273875,0.612768,0.768712,30.190149,0.495111,0.330074,0.987500,-0.423606,7.968849,0.000000,True,True,True,1.000000,1.000000,1.000000,1471,71,1.000000,1.000000
0.000000,0.000000,79.000000,1.000000,0.000000,0.000000,1.000000,0.000000,0.000000,0.000000,9.574592,1.000000,1.000000,1.000000,1.000000,0.000000,0.000000,0.283837,-0.519501,0.753726,29.777013,0.492141,0.328094,0.987500,0.413136,7.968849,0.000000,True,True,True,1.000000,1.000000,1.000000,1472,71,1.000000,1.000000
0.000000,0.000000,79.000000,1.000000,0.000000,0.000000,1.000000,0.000000,0.000000,0.000000,9.452848,1.000000,1.000000,1.000000,1.000000,0.000000,0.000000,0.274683,0.592106,0.771486,30.195648,0.489192,0.326128,0.987500,-0.418635,7.968849,0.000000,True,True,True,1.000000,1.000000,1.000000,1473,71,1.000000,1.000000
0.000000,0.000000,79.000000,1.000000,0.000000,0.000000,1.000000,0.000000,0.000000,0.000000,9.552846,1.000000,1.000000,1.000000,1.000000,0.000000,0.000000,0.300126,-0.520006,0.735433,29.797079,0.486251,0.324168,0.987500,0.398569,7.968849,0.000000,True,True,True,1.000000,1.000000,1.000000,1474,71,1.000000,1.000000
0.000000,0.000000,79.000000,1.000000,0.000000,0.000000,1.000000,0.000000,0.000000,0.000000,9.405210,1.000000,1.000000,1.000000,1.000000,0.000000,0.000000,0.285775,0.554481,0.756693,30.204546,0.483305,0.322203,0.987500,-0.407467,7.968849,0.000000,True,True,True,1.000000,1.000000,1.000000,1475,71,1.000000,1.000000
0.000000,0.000000,79.000000,1.000000,0.000000,0.000000,1.000000,0.000000,0.000000,0.000000,9.423310,1.000000,1.000000,1.000000,1.000000,0.000000,0.000000,0.302539,-0.518690,0.735813,29.818689,0.480418,0.320279,0.987500,0.385857,7.968849,0.000000,True,True,True,1.000000,1.000000,1.000000,1476,71,1.000000,1.000000
0.000000,0.000000,79.000000,1.000000,0.000000,0.000000,1.000000,0.000000,0.000000,0.000000,9.399978,1.000000,1.000000,1.000000,1.000000,0.000000,0.000000,0.264300,0.604107,0.789713,30.218601,0.477521,0.318347,0.987500,-0.399912,7.968849,0.000000,True,True,True,1.000000,1.000000,1.000000,1477,71,1.000000,1.000000
0.000000,0.000000,79.000000,1.000000,0.000000,0.000000,1.000000,0.000000,0.000000,0.000000,9.364721,1.000000,1.000000,1.000000,1.000000,0.000000,0.000000,0.354842,-0.450077,0.699463,29.871907,0.474667,0.316445,0.987500,0.346693,7.968849,0.000000,True,True,True,1.000000,1.000000,1.000000,1478,71,1.000000,1.000000
0.000000,0.000000,79.000000,1.000000,0.000000,0.000000,1.000000,0.000000,0.000000,0.000000,9.302702,1.000000,1.000000,1.000000,1.000000,0.000000,0.000000,0.301771,0.600754,0.762460,30.245569,0.471807,0.314538,0.987500,-0.373662,7.968849,0.000000,True,True,True,1.000000,1.000000,1.000000,1479,71,1.000000,1.000000
0.000000,0.000000,79.000000,1.000000,0.000000,0.000000,1.000000,0.000000,0.000000,0.000000,9.279278,1.000000,1.000000,1.000000,1.000000,0.000000,0.000000,0.302425,-0.476083,0.757567,29.889916,0.468954,0.312636,0.987500,0.355653,7.968849,0.000000,True,True,True,1.000000,1.000000,1.000000,1480,71,1.000000,1.000000
0.000000,0.000000,79.000000,1.000000,0.000000,0.000000,1.000000,0.000000,0.000000,0.000000,9.315889,1.000000,1.000000,1.000000,1.000000,0.000000,0.000000,0.275683,0.565091,0.781482,30.259564,0.466121,0.310748,0.987500,-0.369648,7.968849,0.000000,True,True,True,1.000000,1.000000,1.000000,1481,71,1.000000,1.000000
0.000000,0.000000,79.000000,1.000000,0.000000,0.000000,1.000000,0.000000,0.000000,0.000000,9.320129,1.000000,1.000000,1.000000,1.000000,0.000000,0.000000,0.391778,-0.401949,0.661637,29.956503,0.463298,0.308865,0.987500,0.303061,7.968849,0.000000,True,True,True,1.000000,1.000000,1.000000,1482,71,1.000000,1.000000
0.000000,0.000000,79.000000,1.000000,0.000000,0.000000,1.000000,0.000000,0.000000,0.000000,9.305812,1.000000,1.000000,1.000000,1.000000,0.000000,0.000000,0.284726,0.442047,0.753868,30.317488,0.460487,0.306991,0.987500,-0.360984,7.968849,0.000000,True,True,True,1.000000,1.000000,1.000000,1483,71,1.000000,1.000000
0.000000,0.000000,79.000000,1.000000,0.000000,0.000000,1.000000,0.000000,0.000000,0.000000,9.226055,1.000000,1.000000,1.000000,1.000000,0.000000,0.000000,0.318721,-0.389165,0.719667,29.975880,0.457699,0.305133,0.987500,0.341608,7.968849,0.000000,True,True,True,1.000000,1.000000,1.000000,1484,71,1.000000,1.000000
0.000000,0.000000,79.000000,1.000000,0.000000,0.000000,1.000000,0.000000,0.000000,0.000000,9.061643,1.000000,1.000000,1.000000,1.000000,0.000000,0.000000,0.288291,0.516512,0.754946,30.357788,0.454916,0.303277,0.987500,-0.381908,7.968849,0.000000,True,True,True,1.000000,1.000000,1.000000,1485,71,1.000000,1.000000
0.000000,0.000000,79.000000,1.000000,0.000000,0.000000,1.000000,0.000000,0.000000,0.000000,9.332752,1.000000,1.000000,1.000000,1.000000,0.000000,0.000000,0.331565,-0.439314,0.710962,30.013793,0.452184,0.301456,0.987500,0.343995,7.968849,0.000000,True,True,True,1.000000,1.000000,1.000000,1486,71,1.000000,1.000000
0.000000,0.000000,79.000000,1.000000,0.000000,0.000000,1.000000,0.000000,0.000000,0.000000,9.126023,1.000000,1.000000,1.000000,1.000000,0.000000,0.000000,0.307448,0.582462,0.740402,30.386737,0.449480,0.299653,0.987500,-0.372944,7.968849,0.000000,True,True,True,1.000000,1.000000,1.000000,1487,71,1.000000,1.000000
0.000000,0.000000,79.000000,1.000000,0.000000,0.000000,1.000000,0.000000,0.000000,0.000000,9.075411,1.000000,1.000000,1.000000,1.000000,0.000000,0.000000,0.296796,-0.546190,0.749127,30.017462,0.446771,0.297847,0.987500,0.369275,7.968849,0.000000,True,True,True,1.000000,1.000000,1.000000,1488,71,1.000000,1.000000
0.000000,0.000000,79.000000,1.000000,0.000000,0.000000,1.000000,0.000000,0.000000,0.000000,9.164006,1.000000,1.000000,1.000000,1.000000,0.000000,0.000000,0.326541,0.551133,0.723125,30.380386,0.444072,0.296048,0.987500,-0.362925,7.968849,0.000000,True,True,True,1.000000,1.000000,1.000000,1489,71,1.000000,1.000000
0.000000,0.000000,79.000000,1.000000,0.000000,0.000000,1.000000,0.000000,0.000000,0.000000,8.841497,1.000000,1.000000,1.000000,1.000000,0.000000,0.000000,0.305938,-0.516913,0.728431,30.022430,0.441389,0.294259,0.987500,0.357956,7.968849,0.000000,True,True,True,1.000000,1.000000,1.000000,1490,71,1.000000,1.000000
0.000000,0.000000,79.000000,1.000000,0.000000,0.000000,1.000000,0.000000,0.000000,0.000000,9.067115,1.000000,1.000000,1.000000,1.000000,0.000000,0.000000,0.323931,0.548567,0.717142,30.382165,0.438721,0.292481,0.987500,-0.359735,7.968849,0.000000,True,True,True,1.000000,1.000000,1.000000,1491,71,1.000000,1.000000
0.000000,0.000000,79.000000,1.000000,0.000000,0.000000,1.000000,0.000000,0.000000,0.000000,9.220489,1.000000,1.000000,1.000000,1.000000,0.000000,0.000000,0.304411,-0.517272,0.718395,30.027359,0.436089,0.290726,0.987500,0.354807,7.968849,0.000000,True,True,True,1.000000,1.000000,1.000000,1492,71,1.000000,1.000000
0.000000,0.000000,79.000000,1.000000,0.000000,0.000000,1.000000,0.000000,0.000000,0.000000,9.206970,1.000000,1.000000,1.000000,1.000000,0.000000,0.000000,0.292271,0.577441,0.744100,30.395516,0.433465,0.288977,0.987500,-0.368157,7.968849,0.000000,True,True,True,1.000000,1.000000,1.000000,1493,71,1.000000,1.000000
0.000000,0.000000,79.000000,1.000000,0.000000,0.000000,1.000000,0.000000,0.000000,0.000000,8.992508,1.000000,1.000000,1.000000,1.000000,0.000000,0.000000,0.289633,-0.555997,0.745785,30.040049,0.430929,0.287286,0.987500,0.355467,7.968849,0.000000,True,True,True,1.000000,1.000000,1.000000,1494,71,1.000000,1.000000
0.000000,0.000000,79.000000,1.000000,0.000000,0.000000,1.000000,0.000000,0.000000,0.000000,9.178667,1.000000,1.000000,1.000000,1.000000,0.000000,0.000000,0.323008,0.561806,0.730771,30.387149,0.428436,0.285624,0.987500,-0.347100,7.968849,0.000000,True,True,True,1.000000,1.000000,1.000000,1495,71,1.000000,1.000000
0.000000,0.000000,79.000000,1.000000,0.000000,0.000000,1.000000,0.000000,0.000000,0.000000,9.249197,1.000000,1.000000,1.000000,1.000000,0.000000,0.000000,0.311021,-0.507217,0.717512,30.053622,0.426064,0.284043,0.987500,0.333527,7.968849,0.000000,True,True,True,1.000000,1.000000,1.000000,1496,71,1.000000,1.000000
0.000000,0.000000,79.000000,1.000000,0.000000,0.000000,1.000000,0.000000,0.000000,0.000000,9.268755,1.000000,1.000000,1.000000,1.000000,0.000000,0.000000,0.283986,0.546685,0.764550,30.416658,0.423804,0.282536,0.987500,-0.363036,7.968849,0.000000,True,True,True,1.000000,1.000000,1.000000,1497,71,1.000000,1.000000
0.000000,0.000000,79.000000,1.000000,0.000000,0.000000,1.000000,0.000000,0.000000,0.000000,9.143922,1.000000,1.000000,1.000000,1.000000,0.000000,0.000000,0.317003,-0.504592,0.712241,30.082400,0.421695,0.281130,0.987500,0.334258,7.968849,0.000000,True,True,True,1.000000,1.000000,1.000000,1498,71,1.000000,1.000000
0.000000,0.000000,79.000000,1.000000,0.000000,0.000000,1.000000,0.000000,0.000000,0.000000,9.335819,1.000000,1.000000,1.000000,1.000000,0.000000,0.000000,0.289207,0.608862,0.760522,30.441449,0.419714,0.279809,0.987500,-0.359048,7.968849,0.000000,True,True,True,1.000000,1.000000,1.000000,1499,71,1.000000,1.000000
0.000000,0.000000,79.000000,1.000000,0.000000,0.000000,1.000000,0.000000,0.000000,0.000000,9.329379,1.000000,1.000000,1.000000,1.000000,0.000000,0.000000,0.296085,-0.517788,0.730382,30.099423,0.417912,0.278608,0.987500,0.342026,7.968849,0.000000,True,True,True,1.000000,1.000000,1.000000,1500,71,1.000000,1.000000
0.000000,0.000000,79.000000,1.000000,0.000000,0.000000,1.000000,0.000000,0.000000,0.000000,9.317552,1.000000,1.000000,1.000000,1.000000,0.000000,0.000000,0.289807,0.565647,0.755430,30.454392,0.416236,0.277491,0.987500,-0.354970,7.968849,0.000000,True,True,True,1.000000,1.000000,1.000000,1501,71,1.000000,1.000000
0.000000,0.000000,79.000000,1.000000,0.000000,0.000000,1.000000,0.000000,0.000000,0.000000,9.053969,1.000000,1.000000,1.000000,1.000000,0.000000,0.000000,0.298952,-0.488817,0.743241,30.104277,0.414683,0.276456,0.987500,0.350115,7.968849,0.000000,True,True,True,1.000000,1.000000,1.000000,1502,71,1.000000,1.000000
0.000000,0.000000,79.000000,1.000000,0.000000,0.000000,1.000000,0.000000,0.000000,0.000000,9.265560,1.000000,1.000000,1.000000,1.000000,0.000000,0.000000,0.285910,0.619657,0.771189,30.459083,0.413228,0.275485,0.987500,-0.354806,7.968849,0.000000,True,True,True,1.000000,1.000000,1.000000,1503,71,1.000000,1.000000
0.000000,0.000000,79.000000,1.000000,0.000000,0.000000,1.000000,0.000000,0.000000,0.000000,9.119979,1.000000,1.000000,1.000000,1.000000,0.000000,0.000000,0.327340,-0.498280,0.708436,30.125890,0.411890,0.274593,0.987500,0.333193,7.968849,0.000000,True,True,True,1.000000,1.000000,1.000000,1504,71,1.000000,1.000000
0.000000,0.000000,79.000000,1.000000,0.000000,0.000000,1.000000,0.000000,0.000000,0.000000,9.121854,1.000000,1.000000,1.000000,1.000000,0.000000,0.000000,0.309254,0.627927,0.751582,30.467814,0.410649,0.273766,0.987500,-0.341924,7.968849,0.000000,True,True,True,1.000000,1.000000,1.000000,1505,71,1.000000,1.000000
0.000000,0.000000,79.000000,1.000000,0.000000,0.000000,1.000000,0.000000,0.000000,0.000000,8.796873,1.000000,1.000000,1.000000,1.000000,0.000000,0.000000,0.316762,-0.532678,0.730640,30.135786,0.409506,0.273004,0.987500,0.332028,7.968849,0.000000,True,True,True,1.000000,1.000000,1.000000,1506,71,1.000000,1.000000
0.000000,0.000000,79.000000,1.000000,0.000000,0.000000,1.000000,0.000000,0.000000,0.000000,8.928928,1.000000,1.000000,1.000000,1.000000,0.000000,0.000000,0.291674,0.610584,0.766228,30.475431,0.408452,0.272301,0.987500,-0.339645,7.968849,0.000000,True,True,True,1.000000,1.000000,1.000000,1507,71,1.000000,1.000000
0.000000,0.000000,79.000000,1.000000,0.000000,0.000000,1.000000,0.000000,0.000000,0.000000,9.455803,1.000000,1.000000,1.000000,1.000000,0.000000,0.000000,0.315547,-0.536006,0.719154,30.141914,0.407473,0.271649,0.987500,0.333517,7.968849,0.000000,True,True,True,1.000000,1.000000,1.000000,1508,71,1.000000,1.000000
0.000000,0.000000,79.000000,1.000000,0.000000,0.000000,1.000000,0.000000,0.000000,0.000000,9.217956,1.000000,1.000000,1.000000,1.000000,0.000000,0.000000,0.275136,0.598640,0.771791,30.487735,0.406568,0.271045,0.987500,-0.345821,7.968849,0.000000,True,True,True,1.000000,1.000000,1.000000,1509,71,1.000000,1.000000
0.000000,0.000000,79.000000,1.000000,0.000000,0.000000,1.000000,0.000000,0.000000,0.000000,9.138966,1.000000,1.000000,1.000000,1.000000,0.000000,0.000000,0.334199,-0.495069,0.700340,30.164356,0.405726,0.270484,0.987500,0.323379,7.968849,0.000000,True,True,True,1.000000,1.000000,1.000000,1510,71,1.000000,1.000000
0.000000,0.000000,79.000000,1.000000,0.000000,0.000000,1.000000,0.000000,0.000000,0.000000,9.236230,1.000000,1.000000,1.000000,1.000000,0.000000,0.000000,0.303279,0.617556,0.752654,30.496819,0.404940,0.269960,0.987500,-0.332463,7.968849,0.000000,True,True,True,1.000000,1.000000,1.000000,1511,71,1.000000,1.000000
0.000000,0.000000,79.000000,1.000000,0.000000,0.000000,1.000000,0.000000,0.000000,0.000000,9.161511,1.000000,1.000000,1.000000,1.000000,0.000000,0.000000,0.400852,-0.497553,0.656483,30.206360,0.404212,0.269475,0.987500,0.290459,7.968849,0.000000,True,True,True,1.000000,1.000000,1.000000,1512,71,1.000000,1.000000
0.000000,0.000000,79.000000,1.000000,0.000000,0.000000,1.000000,0.000000,0.000000,0.000000,9.084377,1.000000,1.000000,1.000000,1.000000,0.000000,0.000000,0.288606,0.628666,0.775600,30.543037,0.403538,0.269026,0.987500,-0.336677,7.968849,0.000000,True,True,True,1.000000,1.000000,1.000000,1513,71,1.000000,1.000000
0.000000,0.000000,79.000000,1.000000,0.000000,0.000000,1.000000,0.000000,0.000000,0.000000,9.479248,1.000000,1.000000,1.000000,1.000000,0.000000,0.000000,0.378265,-0.479847,0.665339,30.247271,0.402919,0.268613,0.987500,0.295766,7.968849,0.000000,True,True,True,1.000000,1.000000,1.000000,1514,71,1.000000,1.000000
0.000000,0.000000,79.000000,1.000000,0.000000,0.000000,1.000000,0.000000,0.000000,0.000000,9.382308,1.000000,1.000000,1.000000,1.000000,0.000000,0.000000,0.303036,0.611107,0.756118,30.573949,0.402345,0.268230,0.987500,-0.326678,7.968849,0.000000,True,True,True,1.000000,1.000000,1.000000,1515,71,1.000000,1.000000
0.000000,0.000000,79.000000,1.000000,0.000000,0.000000,1.000000,0.000000,0.000000,0.000000,9.151114,1.000000,1.000000,1.000000,1.000000,0.000000,0.000000,0.333135,-0.514248,0.704994,30.260022,0.401812,0.267875,0.987500,0.313927,7.968849,0.000000,True,True,True,1.000000,1.000000,1.000000,1516,71,1.000000,1.000000
0.000000,0.000000,79.000000,1.000000,0.000000,0.000000,1.000000,0.000000,0.000000,0.000000,9.208126,1.000000,1.000000,1.000000,1.000000,0.000000,0.000000,0.295189,0.582276,0.758702,30.592970,0.401319,0.267546,0.987500,-0.332948,7.968849,0.000000,True,True,True,1.000000,1.000000,1.000000,1517,71,1.000000,1.000000
0.000000,0.000000,79.000000,1.000000,0.000000,0.000000,1.000000,0.000000,0.000000,0.000000,9.079195,1.000000,1.000000,1.000000,1.000000,0.000000,0.000000,0.347148,-0.513450,0.700204,30.278611,0.400862,0.267241,0.987500,0.314359,7.968849,0.000000,True,True,True,1.000000,1.000000,1.000000,1518,71,1.000000,1.000000
0.000000,0.000000,79.000000,1.000000,0.000000,0.000000,1.000000,0.000000,0.000000,0.000000,9.117869,1.000000,1.000000,1.000000,1.000000,0.000000,0.000000,0.289802,0.609425,0.762120,30.615586,0.400439,0.266959,0.987500,-0.336975,7.968849,0.000000,True,True,True,1.000000,1.000000,1.000000,1519,71,1.000000,1.000000
0.000000,0.000000,79.000000,1.000000,0.000000,0.000000,1.000000,0.000000,0.000000,0.000000,9.340584,1.000000,1.000000,1.000000,1.000000,0.000000,0.000000,0.334581,-0.492060,0.700171,30.298786,0.400047,0.266698,0.987500,0.316800,7.968849,0.000000,True,True,True,1.000000,1.000000,1.000000,1520,71,1.000000,1.000000
0.000000,0.000000,79.000000,1.000000,0.000000,0.000000,1.000000,0.000000,0.000000,0.000000,9.360783,1.000000,1.000000,1.000000,1.000000,0.000000,0.000000,0.303663,0.648061,0.757687,30.625950,0.399683,0.266456,0.987500,-0.327164,7.968849,0.000000,True,True,True,1.000000,1.000000,1.000000,1521,71,1.000000,1.000000
0.000000,0.000000,79.000000,1.000000,0.000000,0.000000,1.000000,0.000000,0.000000,0.000000,9.130040,1.000000,1.000000,1.000000,1.000000,0.000000,0.000000,0.306592,-0.528807,0.733417,30.299317,0.399345,0.266230,0.987500,0.326633,7.968849,0.000000,True,True,True,1.000000,1.000000,1.000000,1522,71,1.000000,1.000000
0.000000,0.000000,79.000000,1.000000,0.000000,0.000000,1.000000,0.000000,0.000000,0.000000,9.156888,1.000000,1.000000,1.000000,1.000000,0.000000,0.000000,0.292835,0.583899,0.755523,30.638237,0.399030,0.266020,0.987500,-0.338920,7.968849,0.000000,True,True,True,1.000000,1.000000,1.000000,1523,71,1.000000,1.000000
0.000000,0.000000,79.000000,1.000000,0.000000,0.000000,1.000000,0.000000,0.000000,0.000000,9.273683,1.000000,1.000000,1.000000,1.000000,0.000000,0.000000,0.342524,-0.460832,0.697022,30.328716,0.398740,0.265827,0.987500,0.309521,7.968849,0.000000,True,True,True,1.000000,1.000000,1.000000,1524,71,1.000000,1.000000
0.000000,0.000000,79.000000,1.000000,0.000000,0.000000,1.000000,0.000000,0.000000,0.000000,9.052743,1.000000,1.000000,1.000000,1.000000,0.000000,0.000000,0.303460,0.594581,0.745432,30.659838,0.398466,0.265644,0.987500,-0.331121,7.968849,0.000000,True,True,True,1.000000,1.000000,1.000000,1525,71,1.000000,1.000000
0.000000,0.000000,79.000000,1.000000,0.000000,0.000000,1.000000,0.000000,0.000000,0.000000,9.381055,1.000000,1.000000,1.000000,1.000000,0.000000,0.000000,0.349313,-0.502746,0.694397,30.347250,0.398214,0.265476,0.987500,0.312588,7.968849,0.000000,True,True,True,1.000000,1.000000,1.000000,1526,71,1.000000,1.000000
0.000000,0.000000,79.000000,1.000000,0.000000,0.000000,1.000000,0.000000,0.000000,0.000000,9.487974,1.000000,1.000000,1.000000,1.000000,0.000000,0.000000,0.322087,0.632252,0.743506,30.669037,0.397978,0.265319,0.987500,-0.321787,7.968849,0.000000,True,True,True,1.000000,1.000000,1.000000,1527,71,1.000000,1.000000
0.000000,0.000000,79.000000,1.000000,0.000000,0.000000,1.000000,0.000000,0.000000,0.000000,9.392416,1.000000,1.000000,1.000000,1.000000,0.000000,0.000000,0.325935,-0.558768,0.735679,30.357369,0.397759,0.265173,0.987500,0.311668,7.968849,0.000000,True,True,True,1.000000,1.000000,1.000000,1528,71,1.000000,1.000000
0.000000,0.000000,79.000000,1.000000,0.000000,0.000000,1.000000,0.000000,0.000000,0.000000,9.312570,1.000000,1.000000,1.000000,1.000000,0.000000,0.000000,0.316394,0.617682,0.753168,30.674615,0.397558,0.265038,0.987500,-0.317247,7.968849,0.000000,True,True,True,1.000000,1.000000,1.000000,1529,71,1.000000,1.000000
0.000000,0.000000,79.000000,1.000000,0.000000,0.000000,1.000000,0.000000,0.000000,0.000000,9.477735,1.000000,1.000000,1.000000,1.000000,0.000000,0.000000,0.346451,-0.570413,0.718252,30.375659,0.397372,0.264915,0.987500,0.298957,7.968849,0.000000,True,True,True,1.000000,1.000000,1.000000,1530,71,1.000000,1.000000
0.000000,0.000000,79.000000,1.000000,0.000000,0.000000,1.000000,0.000000,0.000000,0.000000,9.492726,1.000000,1.000000,1.000000,1.000000,0.000000,0.000000,0.336819,0.588938,0.737304,30.689043,0.397198,0.264799,0.987500,-0.313385,7.968849,0.000000,True,True,True,1.000000,1.000000,1.000000,1531,71,1.000000,1.000000
0.000000,0.000000,79.000000,1.000000,0.000000,0.000000,1.000000,0.000000,0.000000,0.000000,9.480927,1.000000,1.000000,1.000000,1.000000,0.000000,0.000000,0.342389,-0.577071,0.722362,30.386192,0.397040,0.264693,0.987500,0.302852,7.968849,0.000000,True,True,True,1.000000,1.000000,1.000000,1532,71,1.000000,1.000000
0.000000,0.000000,79.000000,1.000000,0.000000,0.000000,1.000000,0.000000,0.000000,0.000000,9.561260,1.000000,1.000000,1.000000,1.000000,0.000000,0.000000,0.333858,0.621539,0.744231,30.706235,0.396893,0.264596,0.987500,-0.320043,7.968849,0.000000,True,True,True,1.000000,1.000000,1.000000,1533,71,1.000000,1.000000
0.000000,0.000000,79.000000,1.000000,0.000000,0.000000,1.000000,0.000000,0.000000,0.000000,9.720409,1.000000,1.000000,1.000000,1.000000,0.000000,0.000000,0.319290,-0.581029,0.738634,30.389236,0.396770,0.264513,0.987500,0.316999,7.968849,0.000000,True,True,True,1.000000,1.000000,1.000000,1534,71,1.000000,1.000000
0.000000,0.000000,79.000000,1.000000,0.000000,0.000000,1.000000,0.000000,0.000000,0.000000,9.761979,1.000000,1.000000,1.000000,1.000000,0.000000,0.000000,0.334443,0.651687,0.757212,30.707023,0.396651,0.264434,0.987500,-0.317787,7.968849,0.000000,True,True,True,1.000000,1.000000,1.000000,1535,71,1.000000,1.000000
0.000000,0.000000,79.000000,1.000000,0.000000,0.000000,1.000000,0.000000,0.000000,0.000000,9.798226,1.000000,1.000000,1.000000,1.000000,0.000000,0.000000,0.343085,-0.578970,0.725947,30.402514,0.396540,0.264360,0.987500,0.304509,7.968849,0.000000,True,True,True,1.000000,1.000000,1.000000,1536,71,1.000000,1.000000
0.000000,0.000000,79.000000,1.000000,0.000000,0.000000,1.000000,0.000000,0.000000,0.000000,9.813429,1.000000,1.000000,1.000000,1.000000,0.000000,0.000000,0.369165,0.610570,0.711945,30.706283,0.396435,0.264290,0.987500,-0.303769,7.968849,0.000000,True,True,True,1.000000,1.000000,1.000000,1537,71,1.000000,1.000000
0.000000,0.000000,79.000000,1.000000,0.000000,0.000000,1.000000,0.000000,0.000000,0.000000,9.761086,1.000000,1.000000,1.000000,1.000000,0.000000,0.000000,0.349988,-0.561739,0.700065,30.403924,0.396339,0.264226,0.987500,0.302359,7.968849,0.000000,True,True,True,1.000000,1.000000,1.000000,1538,71,1.000000,1.000000
0.000000,0.000000,79.000000,1.000000,0.000000,0.000000,1.000000,0.000000,0.000000,0.000000,9.765127,1.000000,1.000000,1.000000,1.000000,0.000000,0.000000,0.336897,0.634553,0.734471,30.718791,0.396250,0.264166,0.987500,-0.314867,7.968849,0.000000,True,True,True,1.000000,1.000000,1.000000,1539,71,1.000000,1.000000
0.000000,0.000000,79.000000,1.000000,0.000000,0.000000,1.000000,0.000000,0.000000,0.000000,9.667807,1.000000,1.000000,1.000000,1.000000,0.000000,0.000000,0.316674,-0.603698,0.737858,30.402456,0.396166,0.264111,0.987500,0.316335,7.968849,0.000000,True,True,True,1.000000,1.000000,1.000000,1540,71,1.000000,1.000000
0.000000,0.000000,79.000000,1.000000,0.000000,0.000000,1.000000,0.000000,0.000000,0.000000,9.683420,1.000000,1.000000,1.000000,1.000000,0.000000,0.000000,0.309022,0.616575,0.751072,30.732514,0.396086,0.264058,0.987500,-0.330057,7.968849,0.000000,True,True,True,1.000000,1.000000,1.000000,1541,71,1.000000,1.000000
0.000000,0.000000,79.000000,1.000000,0.000000,0.000000,1.000000,0.000000,0.000000,0.000000,9.685396,1.000000,1.000000,1.000000,1.000000,0.000000,0.000000,0.317447,-0.589614,0.732737,30.412967,0.396014,0.264009,0.987500,0.319547,7.968849,0.000000,True,True,True,1.000000,1.000000,1.000000,1542,71,1.000000,1.000000
0.000000,0.000000,79.000000,1.000000,0.000000,0.000000,1.000000,0.000000,0.000000,0.000000,9.693744,1.000000,1.000000,1.000000,1.000000,0.000000,0.000000,0.331255,0.580031,0.731110,30.742513,0.395946,0.263964,0.987500,-0.329547,7.968849,0.000000,True,True,True,1.000000,1.000000,1.000000,1543,71,1.000000,1.000000
0.000000,0.000000,79.000000,1.000000,0.000000,0.000000,1.000000,0.000000,0.000000,0.000000,9.923866,1.000000,1.000000,1.000000,1.000000,0.000000,0.000000,0.321044,-0.517052,0.711646,30.421532,0.395882,0.263921,0.987500,0.320982,7.968849,0.000000,True,True,True,1.000000,1.000000,1.000000,1544,71,1.000000,1.000000
0.000000,0.000000,79.000000,1.000000,0.000000,0.000000,1.000000,0.000000,0.000000,0.000000,9.715100,1.000000,1.000000,1.000000,1.000000,0.000000,0.000000,0.297090,0.559092,0.748042,30.757489,0.395823,0.263882,0.987500,-0.335957,7.968849,0.000000,True,True,True,1.000000,1.000000,1.000000,1545,71,1.000000,1.000000
0.000000,0.000000,79.000000,1.000000,0.000000,0.000000,1.000000,0.000000,0.000000,0.000000,9.916759,1.000000,1.000000,1.000000,1.000000,0.000000,0.000000,0.331562,-0.477695,0.700427,30.437207,0.395767,0.263845,0.987500,0.320282,7.968849,0.000000,True,True,True,1.000000,1.000000,1.000000,1546,71,1.000000,1.000000
0.000000,0.000000,79.000000,1.000000,0.000000,0.000000,1.000000,0.000000,0.000000,0.000000,9.784218,1.000000,1.000000,1.000000,1.000000,0.000000,0.000000,0.309013,0.557764,0.740606,30.775885,0.395715,0.263810,0.987500,-0.338679,7.968849,0.000000,True,True,True,1.000000,1.000000,1.000000,1547,71,1.000000,1.000000
0.000000,0.000000,79.000000,1.000000,0.000000,0.000000,1.000000,0.000000,0.000000,0.000000,9.821742,1.000000,1.000000,1.000000,1.000000,0.000000,0.000000,0.303438,-0.531584,0.733335,30.444624,0.395667,0.263778,0.987500,0.331262,7.968849,0.000000,True,True,True,1.000000,1.000000,1.000000,1548,71,1.000000,1.000000
0.000000,0.000000,79.000000,1.000000,0.000000,0.000000,1.000000,0.000000,0.000000,0.000000,9.657001,1.000000,1.000000,1.000000,1.000000,0.000000,0.000000,0.307966,0.608112,0.748571,30.782072,0.395622,0.263748,0.987500,-0.337449,7.968849,0.000000,True,True,True,1.000000,1.000000,1.000000,1549,71,1.000000,1.000000
0.000000,0.000000,79.000000,1.000000,0.000000,0.000000,1.000000,0.000000,0.000000,0.000000,9.709449,1.000000,1.000000,1.000000,1.000000,0.000000,0.000000,0.303324,-0.504722,0.727001,30.454353,0.395580,0.263720,0.987500,0.327719,7.968849,0.000000,True,True,True,1.000000,1.000000,1.000000,1550,71,1.000000,1.000000
0.000000,0.000000,79.000000,1.000000,0.000000,0.000000,1.000000,0.000000,0.000000,0.000000,9.770201,1.000000,1.000000,1.000000,1.000000,0.000000,0.000000,0.279801,0.588400,0.762557,30.794670,0.395541,0.263694,0.987500,-0.340316,7.968849,0.000000,True,True,True,1.000000,1.000000,1.000000,1551,71,1.000000,1.000000
0.000000,0.000000,79.000000,1.000000,0.000000,0.000000,1.000000,0.000000,0.000000,0.000000,9.746383,1.000000,1.000000,1.000000,1.000000,0.000000,0.000000,0.315182,-0.466875,0.714067,30.469261,0.395504,0.263669,0.987500,0.325409,7.968849,0.000000,True,True,True,1.000000,1.000000,1.000000,1552,71,1.000000,1.000000
0.000000,0.000000,79.000000,1.000000,0.000000,0.000000,1.000000,0.000000,0.000000,0.000000,9.613296,1.000000,1.000000,1.000000,1.000000,0.000000,0.000000,0.282564,0.561056,0.759590,30.804523,0.395470,0.263647,0.987500,-0.335262,7.968849,0.000000,True,True,True,1.000000,1.000000,1.000000,1553,71,1.000000,1.000000
0.000000,0.000000,79.000000,1.000000,0.000000,0.000000,1.000000,0.000000,0.000000,0.000000,9.748697,1.000000,1.000000,1.000000,1.000000,0.000000,0.000000,0.304938,-0.502212,0.727079,30.478943,0.395438,0.263626,0.987500,0.325580,7.968849,0.000000,True,True,True,1.000000,1.000000,1.000000,1554,71,1.000000,1.000000
0.000000,0.000000,79.000000,1.000000,0.000000,0.000000,1.000000,0.000000,0.000000,0.000000,9.747863,1.000000,1.000000,1.000000,1.000000,0.000000,0.000000,0.287504,0.609018,0.767191,30.814887,0.395409,0.263606,0.987500,-0.335944,7.968849,0.000000,True,True,True,1.000000,1.000000,1.000000,1555,71,1.000000,1.000000
0.000000,0.000000,79.000000,1.000000,0.000000,0.000000,1.000000,0.000000,0.000000,0.000000,9.775987,1.000000,1.000000,1.000000,1.000000,0.000000,0.000000,0.329971,-0.552379,0.714933,30.498085,0.395381,0.263587,0.987500,0.316801,7.968849,0.000000,True,True,True,1.000000,1.000000,1.000000,1556,71,1.000000,1.000000
0.000000,0.000000,79.000000,1.000000,0.000000,0.000000,1.000000,0.000000,0.000000,0.000000,9.755615,1.000000,1.000000,1.000000,1.000000,0.000000,0.000000,0.295589,0.598860,0.753556,30.827023,0.395355,0.263570,0.987500,-0.328938,7.968849,0.000000,True,True,True,1.000000,1.000000,1.000000,1557,71,1.000000,1.000000
0.000000,0.000000,79.000000,1.000000,0.000000,0.000000,1.000000,0.000000,0.000000,0.000000,9.669210,1.000000,1.000000,1.000000,1.000000,0.000000,0.000000,0.328414,-0.535332,0.715289,30.509511,0.395331,0.263554,0.987500,0.317512,7.968849,0.000000,True,True,True,1.000000,1.000000,1.000000,1558,71,1.000000,1.000000
0.000000,0.000000,79.000000,1.000000,0.000000,0.000000,1.000000,0.000000,0.000000,0.000000,9.646603,1.000000,1.000000,1.000000,1.000000,0.000000,0.000000,0.306584,0.622697,0.756846,30.839174,0.395309,0.263539,0.987500,-0.329664,7.968849,0.000000,True,True,True,1.000000,1.000000,1.000000,1559,71,1.000000,1.000000
0.000000,0.000000,79.000000,1.000000,0.000000,0.000000,1.000000,0.000000,0.000000,0.000000,9.566597,1.000000,1.000000,1.000000,1.000000,0.000000,0.000000,0.396362,-0.517653,0.657559,30.548169,0.395288,0.263526,0.987500,0.291005,7.968849,0.000000,True,True,True,1.000000,1.000000,1.000000,1560,71,1.000000,1.000000
0.000000,0.000000,79.000000,1.000000,0.000000,0.000000,1.000000,0.000000,0.000000,0.000000,9.566101,1.000000,1.000000,1.000000,1.000000,0.000000,0.000000,0.309014,0.631146,0.752305,30.874041,0.395269,0.263513,0.987500,-0.325871,7.968849,0.000000,True,True,True,1.000000,1.000000,1.000000,1561,71,1.000000,1.000000
0.000000,0.000000,79.000000,1.000000,0.000000,0.000000,1.000000,0.000000,0.000000,0.000000,9.721798,1.000000,1.000000,1.000000,1.000000,0.000000,0.000000,0.334744,-0.546620,0.712878,30.562538,0.395251,0.263501,0.987500,0.311502,7.968849,0.000000,True,True,True,1.000000,1.000000,1.000000,1562,71,1.000000,1.000000
0.000000,0.000000,79.000000,1.000000,0.000000,0.000000,1.000000,0.000000,0.000000,0.000000,9.679470,1.000000,1.000000,1.000000,1.000000,0.000000,0.000000,0.291383,0.591561,0.756699,30.890914,0.395234,0.263489,0.987500,-0.328375,7.968849,0.000000,True,True,True,1.000000,1.000000,1.000000,1563,71,1.000000,1.000000
0.000000,0.000000,79.000000,1.000000,0.000000,0.000000,1.000000,0.000000,0.000000,0.000000,9.614517,1.000000,1.000000,1.000000,1.000000,0.000000,0.000000,0.310488,-0.552611,0.733587,30.565129,0.395218,0.263479,0.987500,0.325785,7.968849,0.000000,True,True,True,1.000000,1.000000,1.000000,1564,71,1.000000,1.000000
0.000000,0.000000,79.000000,1.000000,0.000000,0.000000,1.000000,0.000000,0.000000,0.000000,9.600236,1.000000,1.000000,1.000000,1.000000,0.000000,0.000000,0.318520,0.555944,0.740178,30.890671,0.395204,0.263469,0.987500,-0.325542,7.968849,0.000000,True,True,True,1.000000,1.000000,1.000000,1565,71,1.000000,1.000000
0.000000,0.000000,79.000000,1.000000,0.000000,0.000000,1.000000,0.000000,0.000000,0.000000,9.818557,1.000000,1.000000,1.000000,1.000000,0.000000,0.000000,0.362054,-0.537548,0.680445,30.589660,0.395190,0.263460,0.987500,0.301011,7.968849,0.000000,True,True,True,1.000000,1.000000,1.000000,1566,71,1.000000,1.000000
0.000000,0.000000,79.000000,1.000000,0.000000,0.000000,1.000000,0.000000,0.000000,0.000000,9.838179,1.000000,1.000000,1.000000,1.000000,0.000000,0.000000,0.282876,0.562471,0.769793,30.919090,0.395177,0.263451,0.987500,-0.329430,7.968849,0.000000,True,True,True,1.000000,1.000000,1.000000,1567,71,1.000000,1.000000
0.000000,0.000000,79.000000,1.000000,0.000000,0.000000,1.000000,0.000000,0.000000,0.000000,10.007771,1.000000,1.000000,1.000000,1.000000,0.000000,0.000000,0.346819,-0.500538,0.684693,30.630521,0.395165,0.263443,0.987500,0.288569,7.968849,0.000000,True,True,True,1.000000,1.000000,1.000000,1568,71,1.000000,1.000000
0.000000,0.000000,79.000000,1.000000,0.000000,0.000000,1.000000,0.000000,0.000000,0.000000,9.893142,1.000000,1.000000,1.000000,1.000000,0.000000,0.000000,0.320434,0.487976,0.749277,30.953244,0.395154,0.263436,0.987500,-0.322723,7.968849,0.000000,True,True,True,1.000000,1.000000,1.000000,1569,71,1.000000,1.000000
0.000000,0.000000,79.000000,1.000000,0.000000,0.000000,1.000000,0.000000,0.000000,0.000000,9.974885,1.000000,1.000000,1.000000,1.000000,0.000000,0.000000,0.321027,-0.460336,0.716762,30.654420,0.395144,0.263429,0.987500,0.298824,7.968849,0.000000,True,True,True,1.000000,1.000000,1.000000,1570,71,1.000000,1.000000
0.000000,0.000000,79.000000,1.000000,0.000000,0.000000,1.000000,0.000000,0.000000,0.000000,9.982093,1.000000,1.000000,1.000000,1.000000,0.000000,0.000000,0.304777,0.541839,0.762121,30.973999,0.395134,0.263423,0.987500,-0.319579,7.968849,0.000000,True,True,True,1.000000,1.000000,1.000000,1571,71,1.000000,1.000000
0.000000,0.000000,79.000000,1.000000,0.000000,0.000000,1.000000,0.000000,0.000000,0.000000,10.002602,1.000000,1.000000,1.000000,1.000000,0.000000,0.000000,0.307596,-0.461788,0.719935,30.662125,0.395125,0.263417,0.987500,0.311874,7.968849,0.000000,True,True,True,1.000000,1.000000,1.000000,1572,71,1.000000,1.000000
0.000000,0.000000,79.000000,1.000000,0.000000,0.000000,1.000000,0.000000,0.000000,0.000000,9.874052,1.000000,1.000000,1.000000,1.000000,0.000000,0.000000,0.312163,0.502428,0.734996,30.986910,0.395117,0.263411,0.987500,-0.324785,7.968849,0.000000,True,True,True,1.000000,1.000000,1.000000,1573,71,1.000000,1.000000
0.000000,0.000000,79.000000,1.000000,0.000000,0.000000,1.000000,0.000000,0.000000,0.000000,9.991672,1.000000,1.000000,1.000000,1.000000,0.000000,0.000000,0.319018,-0.436473,0.719438,30.665504,0.395109,0.263406,0.987500,0.321405,7.968849,0.000000,True,True,True,1.000000,1.000000,1.000000,1574,71,1.000000,1.000000
0.000000,0.000000,79.000000,1.000000,0.000000,0.000000,1.000000,0.000000,0.000000,0.000000,9.897410,1.000000,1.000000,1.000000,1.000000,0.000000,0.000000,0.280576,0.496573,0.757308,31.001849,0.395102,0.263401,0.987500,-0.336344,7.968849,0.000000,True,True,True,1.000000,1.000000,1.000000,1575,71,1.000000,1.000000
0.000000,0.000000,79.000000,1.000000,0.000000,0.000000,1.000000,0.000000,0.000000,0.000000,9.936657,1.000000,1.000000,1.000000,1.000000,0.000000,0.000000,0.352758,-0.388088,0.683908,30.689871,0.395095,0.263397,0.987500,0.311977,7.968849,0.000000,True,True,True,1.000000,1.000000,1.000000,1576,71,1.000000,1.000000
0.000000,0.000000,79.000000,1.000000,0.000000,0.000000,1.000000,0.000000,0.000000,0.000000,9.883259,1.000000,1.000000,1.000000,1.000000,0.000000,0.000000,0.245135,0.523019,0.790254,31.040123,0.395088,0.263392,0.987500,-0.350251,7.968849,0.000000,True,True,True,1.000000,1.000000,1.000000,1577,71,1.000000,1.000000
0.000000,0.000000,79.000000,1.000000,0.000000,0.000000,1.000000,0.000000,0.000000,0.000000,10.083761,1.000000,1.000000,1.000000,1.000000,0.000000,0.000000,0.320255,-0.482210,0.714259,30.715642,0.395083,0.263388,0.987500,0.324481,7.968849,0.000000,True,True,True,1.000000,1.000000,1.000000,1578,71,1.000000,1.000000
0.000000,0.000000,79.000000,1.000000,0.000000,0.000000,1.000000,0.000000,0.000000,0.000000,10.032115,1.000000,1.000000,1.000000,1.000000,0.000000,0.000000,0.278643,0.514503,0.762984,31.057438,0.395077,0.263385,0.987500,-0.341796,7.968849,0.000000,True,True,True,1.000000,1.000000,1.000000,1579,71,1.000000,1.000000
0.000000,0.000000,79.000000,1.000000,0.000000,0.000000,1.000000,0.000000,0.000000,0.000000,10.022302,1.000000,1.000000,1.000000,1.000000,0.000000,0.000000,0.306585,-0.494309,0.727637,30.730747,0.395072,0.263381,0.987500,0.326691,7.968849,0.000000,True,True,True,1.000000,1.000000,1.000000,1580,71,1.000000,1.000000
0.000000,0.000000,79.000000,1.000000,0.000000,0.000000,1.000000,0.000000,0.000000,0.000000,10.020317,1.000000,1.000000,1.000000,1.000000,0.000000,0.000000,0.277536,0.567563,0.771751,31.073479,0.395067,0.263378,0.987500,-0.342732,7.968849,0.000000,True,True,True,1.000000,1.000000,1.000000,1581,71,1.000000,1.000000
0.000000,0.000000,79.000000,1.000000,0.000000,0.000000,1.000000,0.000000,0.000000,0.000000,10.202279,1.000000,1.000000,1.000000,1.000000,0.000000,0.000000,0.315382,-0.487544,0.712918,30.761834,0.395063,0.263375,0.987500,0.311645,7.968849,0.000000,True,True,True,1.000000,1.000000,1.000000,1582,71,1.000000,1.000000
0.000000,0.000000,79.000000,1.000000,0.000000,0.000000,1.000000,0.000000,0.000000,0.000000,10.208702,1.000000,1.000000,1.000000,1.000000,0.000000,0.000000,0.300610,0.558824,0.746951,31.087755,0.395058,0.263372,0.987500,-0.325920,7.968849,0.000000,True,True,True,1.000000,1.000000,1.000000,1583,71,1.000000,1.000000
0.000000,0.000000,79.000000,1.000000,0.000000,0.000000,1.000000,0.000000,0.000000,0.000000,10.219908,1.000000,1.000000,1.000000,1.000000,0.000000,0.000000,0.294260,-0.479799,0.748195,30.758404,0.395054,0.263370,0.987500,0.329351,7.968849,0.000000,True,True,True,1.000000,1.000000,1.000000,1584,71,1.000000,1.000000
0.000000,0.000000,79.000000,1.000000,0.000000,0.000000,1.000000,0.000000,0.000000,0.000000,10.141899,1.000000,1.000000,1.000000,1.000000,0.000000,0.000000,0.264949,0.585778,0.783300,31.100836,0.395051,0.263367,0.987500,-0.342432,7.968849,0.000000,True,True,True,1.000000,1.000000,1.000000,1585,71,1.000000,1.000000
0.000000,0.000000,79.000000,1.000000,0.000000,0.000000,1.000000,0.000000,0.000000,0.000000,10.226229,1.000000,1.000000,1.000000,1.000000,0.000000,0.000000,0.309277,-0.478499,0.724789,30.777537,0.395047,0.263365,0.987500,0.323299,7.968849,0.000000,True,True,True,1.000000,1.000000,1.000000,1586,71,1.000000,1.000000
0.000000,0.000000,79.000000,1.000000,0.000000,0.000000,1.000000,0.000000,0.000000,0.000000,10.116951,1.000000,1.000000,1.000000,1.000000,0.000000,0.000000,0.281690,0.574736,0.761232,31.115441,0.395044,0.263363,0.987500,-0.337904,7.968849,0.000000,True,True,True,1.000000,1.000000,1.000000,1587,71,1.000000,1.000000
0.000000,0.000000,79.000000,1.000000,0.000000,0.000000,1.000000,0.000000,0.000000,0.000000,10.165089,1.000000,1.000000,1.000000,1.000000,0.000000,0.000000,0.286072,-0.469911,0.749815,30.784569,0.395041,0.263361,0.987500,0.330872,7.968849,0.000000,True,True,True,1.000000,1.000000,1.000000,1588,71,1.000000,1.000000
0.000000,0.000000,79.000000,1.000000,0.000000,0.000000,1.000000,0.000000,0.000000,0.000000,10.102548,1.000000,1.000000,1.000000,1.000000,0.000000,0.000000,0.281846,0.560227,0.764016,31.122343,0.395039,0.263359,0.987500,-0.337774,7.968849,0.000000,True,True,True,1.000000,1.000000,1.000000,1589,71,1.000000,1.000000
0.000000,0.000000,79.000000,1.000000,0.000000,0.000000,1.000000,0.000000,0.000000,0.000000,10.275041,1.000000,1.000000,1.000000,1.000000,0.000000,0.000000,0.307009,-0.482662,0.728556,30.804876,0.395036,0.263357,0.987500,0.317468,7.968849,0.000000,True,True,True,1.000000,1.000000,1.000000,1590,71,1.000000,1.000000
0.000000,0.000000,79.000000,1.000000,0.000000,0.000000,1.000000,0.000000,0.000000,0.000000,10.194004,1.000000,1.000000,1.000000,1.000000,0.000000,0.000000,0.283300,0.561271,0.760753,31.140624,0.395034,0.263356,0.987500,-0.335749,7.968849,0.000000,True,True,True,1.000000,1.000000,1.000000,1591,71,1.000000,1.000000
0.000000,0.000000,79.000000,1.000000,0.000000,0.000000,1.000000,0.000000,0.000000,0.000000,10.186255,1.000000,1.000000,1.000000,1.000000,0.000000,0.000000,0.341018,-0.492163,0.706595,30.826714,0.395032,0.263354,0.987500,0.313910,7.968849,0.000000,True,True,True,1.000000,1.000000,1.000000,1592,71,1.000000,1.000000
0.000000,0.000000,79.000000,1.000000,0.000000,0.000000,1.000000,0.000000,0.000000,0.000000,10.144117,1.000000,1.000000,1.000000,1.000000,0.000000,0.000000,0.278968,0.540249,0.763319,31.160210,0.395029,0.263353,0.987500,-0.333496,7.968849,0.000000,True,True,True,1.000000,1.000000,1.000000,1593,71,1.000000,1.000000
0.000000,0.000000,79.000000,1.000000,0.000000,0.000000,1.000000,0.000000,0.000000,0.000000,10.308070,1.000000,1.000000,1.000000,1.000000,0.000000,0.000000,0.325480,-0.441712,0.714937,30.848468,0.395028,0.263352,0.987500,0.311742,7.968849,0.000000,True,True,True,1.000000,1.000000,1.000000,1594,71,1.000000,1.000000
0.000000,0.000000,79.000000,1.000000,0.000000,0.000000,1.000000,0.000000,0.000000,0.000000,10.209969,1.000000,1.000000,1.000000,1.000000,0.000000,0.000000,0.315823,0.470248,0.720980,31.171168,0.395026,0.263350,0.987500,-0.322700,7.968849,0.000000,True,True,True,1.000000,1.000000,1.000000,1595,71,1.000000,1.000000
0.000000,0.000000,79.000000,1.000000,0.000000,0.000000,1.000000,0.000000,0.000000,0.000000,10.201078,1.000000,1.000000,1.000000,1.000000,0.000000,0.000000,0.319091,-0.430324,0.708992,30.850588,0.395024,0.263349,0.987500,0.320580,7.968849,0.000000,True,True,True,1.000000,1.000000,1.000000,1596,71,1.000000,1.000000
0.000000,0.000000,79.000000,1.000000,0.000000,0.000000,1.000000,0.000000,0.000000,0.000000,10.113264,1.000000,1.000000,1.000000,1.000000,0.000000,0.000000,0.315446,0.494023,0.734885,31.178591,0.395022,0.263348,0.987500,-0.328003,7.968849,0.000000,True,True,True,1.000000,1.000000,1.000000,1597,71,1.000000,1.000000
0.000000,0.000000,79.000000,1.000000,0.000000,0.000000,1.000000,0.000000,0.000000,0.000000,10.255867,1.000000,1.000000,1.000000,1.000000,0.000000,0.000000,0.307727,-0.443707,0.723555,30.852041,0.395021,0.263347,0.987500,0.326550,7.968849,0.000000,True,True,True,1.000000,1.000000,1.000000,1598,71,1.000000,1.000000
0.000000,0.000000,79.000000,1.000000,0.000000,0.000000,1.000000,0.000000,0.000000,0.000000,10.181790,1.000000,1.000000,1.000000,1.000000,0.000000,0.000000,0.305898,0.524767,0.733607,31.186843,0.395020,0.263346,0.987500,-0.334802,7.968849,0.000000,True,True,True,1.000000,1.000000,1.000000,1599,71,1.000000,1.000000
0.000000,0.000000,79.000000,1.000000,0.000000,0.000000,1.000000,0.000000,0.000000,0.000000,10.365840,1.000000,1.000000,1.000000,1.000000,0.000000,0.000000,0.276715,-0.461592,0.756636,30.861164,0.395018,0.263346,0.987500,0.325678,7.968849,0.000000,True,True,True,1.000000,1.000000,1.000000,1600,71,1.000000,1.000000
0.000000,0.000000,79.000000,1.000000,0.000000,0.000000,1.000000,0.000000,0.000000,0.000000,10.300036,1.000000,1.000000,1.000000,1.000000,0.000000,0.000000,0.306720,0.516127,0.738011,31.199575,0.395017,0.263345,0.987500,-0.338411,7.968849,0.000000,True,True,True,1.000000,1.000000,1.000000,1601,71,1.000000,1.000000
0.000000,0.000000,79.000000,1.000000,0.000000,0.000000,1.000000,0.000000,0.000000,0.000000,10.396098,1.000000,1.000000,1.000000,1.000000,0.000000,0.000000,0.291105,-0.463003,0.738682,30.868393,0.395016,0.263344,0.987500,0.331182,7.968849,0.000000,True,True,True,1.000000,1.000000,1.000000,1602,71,1.000000,1.000000
0.000000,0.000000,79.000000,1.000000,0.000000,0.000000,1.000000,0.000000,0.000000,0.000000,10.325510,1.000000,1.000000,1.000000,1.000000,0.000000,0.000000,0.309201,0.560919,0.735238,31.202556,0.395015,0.263343,0.987500,-0.334163,7.968849,0.000000,True,True,True,1.000000,1.000000,1.000000,1603,71,1.000000,1.000000
0.000000,0.000000,79.000000,1.000000,0.000000,0.000000,1.000000,0.000000,0.000000,0.000000,10.451070,1.000000,1.000000,1.000000,1.000000,0.000000,0.000000,0.304973,-0.526124,0.721335,30.875831,0.395014,0.263343,0.987500,0.326725,7.968849,0.000000,True,True,True,1.000000,1.000000,1.000000,1604,71,1.000000,1.000000
0.000000,0.000000,79.000000,1.000000,0.000000,0.000000,1.000000,0.000000,0.000000,0.000000,10.384992,1.000000,1.000000,1.000000,1.000000,0.000000,0.000000,0.317546,0.579953,0.739079,31.211942,0.395013,0.263342,0.987500,-0.336112,7.968849,0.000000,True,True,True,1.000000,1.000000,1.000000,1605,71,1.000000,1.000000
0.000000,0.000000,79.000000,1.000000,0.000000,0.000000,1.000000,0.000000,0.000000,0.000000,10.442835,1.000000,1.000000,1.000000,1.000000,0.000000,0.000000,0.349592,-0.489536,0.676618,30.898824,0.395012,0.263341,0.987500,0.313118,7.968849,0.000000,True,True,True,1.000000,1.000000,1.000000,1606,71,1.000000,1.000000
0.000000,0.000000,79.000000,1.000000,0.000000,0.000000,1.000000,0.000000,0.000000,0.000000,10.442194,1.000000,1.000000,1.000000,1.000000,0.000000,0.000000,0.312027,0.572357,0.731405,31.236699,0.395011,0.263341,0.987500,-0.337875,7.968849,0.000000,True,True,True,1.000000,1.000000,1.000000,1607,71,1.000000,1.000000
0.000000,0.000000,79.000000,1.000000,0.000000,0.000000,1.000000,0.000000,0.000000,0.000000,10.434991,1.000000,1.000000,1.000000,1.000000,0.000000,0.000000,0.318862,-0.472278,0.708269,30.927071,0.395011,0.263340,0.987500,0.309629,7.968849,0.000000,True,True,True,1.000000,1.000000,1.000000,1608,71,1.000000,1.000000
0.000000,0.000000,79.000000,1.000000,0.000000,0.000000,1.000000,0.000000,0.000000,0.000000,10.418963,1.000000,1.000000,1.000000,1.000000,0.000000,0.000000,0.301834,0.569604,0.746035,31.270435,0.395010,0.263340,0.987500,-0.343364,7.968849,0.000000,True,True,True,1.000000,1.000000,1.000000,1609,71,1.000000,1.000000
0.000000,0.000000,79.000000,1.000000,0.000000,0.000000,1.000000,0.000000,0.000000,0.000000,10.420363,1.000000,1.000000,1.000000,1.000000,0.000000,0.000000,0.290032,-0.550237,0.745018,30.935443,0.395009,0.263340,0.987500,0.334992,7.968849,0.000000,True,True,True,1.000000,1.000000,1.000000,1610,71,1.000000,1.000000
0.000000,0.000000,79.000000,1.000000,0.000000,0.000000,1.000000,0.000000,0.000000,0.000000,10.468199,1.000000,1.000000,1.000000,1.000000,0.000000,0.000000,0.328143,0.614812,0.738840,31.264012,0.395009,0.263339,0.987500,-0.328569,7.968849,0.000000,True,True,True,1.000000,1.000000,1.000000,1611,71,1.000000,1.000000
0.000000,0.000000,79.000000,1.000000,0.000000,0.000000,1.000000,0.000000,0.000000,0.000000,10.457638,1.000000,1.000000,1.000000,1.000000,0.000000,0.000000,0.335356,-0.580278,0.721872,30.949426,0.395008,0.263339,0.987500,0.314586,7.968849,0.000000,True,True,True,1.000000,1.000000,1.000000,1612,71,1.000000,1.000000
0.000000,0.000000,79.000000,1.000000,0.000000,0.000000,1.000000,0.000000,0.000000,0.000000,10.481552,1.000000,1.000000,1.000000,1.000000,0.000000,0.000000,0.361270,0.641282,0.731030,31.266999,0.395008,0.263339,0.987500,-0.317573,7.968849,0.000000,True,True,True,1.000000,1.000000,1.000000,1613,71,1.000000,1.000000
0.000000,0.000000,79.000000,1.000000,0.000000,0.000000,1.000000,0.000000,0.000000,0.000000,10.450679,1.000000,1.000000,1.000000,1.000000,0.000000,0.000000,0.302352,-0.625664,0.763107,30.945577,0.395007,0.263338,0.987500,0.321422,7.968849,0.000000,True,True,True,1.000000,1.000000,1.000000,1614,71,1.000000,1.000000
0.000000,0.000000,79.000000,1.000000,0.000000,0.000000,1.000000,0.000000,0.000000,0.000000,10.476207,1.000000,1.000000,1.000000,1.000000,0.000000,0.000000,0.336766,0.680740,0.752451,31.259553,0.395007,0.263338,0.987500,-0.313977,7.968849,0.000000,True,True,True,1.000000,1.000000,1.000000,1615,71,1.000000,1.000000
0.000000,0.000000,79.000000,1.000000,0.000000,0.000000,1.000000,0.000000,0.000000,0.000000,10.487197,1.000000,1.000000,1.000000,1.000000,0.000000,0.000000,0.292608,-0.602389,0.765156,30.939466,0.395006,0.263338,0.987500,0.320088,7.968849,0.000000,True,True,True,1.000000,1.000000,1.000000,1616,71,1.000000,1.000000
0.000000,0.000000,79.000000,1.000000,0.000000,0.000000,1.000000,0.000000,0.000000,0.000000,10.510759,1.000000,1.000000,1.000000,1.000000,0.000000,0.000000,0.338384,0.623737,0.734061,31.259972,0.395006,0.263337,0.987500,-0.320506,7.968849,0.000000,True,True,True,1.000000,1.000000,1.000000,1617,71,1.000000,1.000000
0.000000,0.000000,79.000000,1.000000,0.000000,0.000000,1.000000,0.000000,0.000000,0.000000,10.440143,1.000000,1.000000,1.000000,1.000000,0.000000,0.000000,0.340602,-0.561071,0.706886,30.945718,0.395006,0.263337,0.987500,0.314254,7.968849,0.000000,True,True,True,1.000000,1.000000,1.000000,1618,71,1.000000,1.000000
0.000000,0.000000,79.000000,1.000000,0.000000,0.000000,1.000000,0.000000,0.000000,0.000000,10.463502,1.000000,1.000000,1.000000,1.000000,0.000000,0.000000,0.351001,0.578582,0.705758,31.264889,0.395005,0.263337,0.987500,-0.319172,7.968849,0.000000,True,True,True,1.000000,1.000000,1.000000,1619,71,1.000000,1.000000
0.000000,0.000000,79.000000,1.000000,0.000000,0.000000,1.000000,0.000000,0.000000,0.000000,10.511931,1.000000,1.000000,1.000000,1.000000,0.000000,0.000000,0.297057,-0.549064,0.744031,30.936533,0.395005,0.263337,0.987500,0.328356,7.968849,0.000000,True,True,True,1.000000,1.000000,1.000000,1620,71,1.000000,1.000000
0.000000,0.000000,79.000000,1.000000,0.000000,0.000000,1.000000,0.000000,0.000000,0.000000,10.524054,1.000000,1.000000,1.000000,1.000000,0.000000,0.000000,0.326579,0.569558,0.722170,31.264298,0.395005,0.263337,0.987500,-0.327765,7.968849,0.000000,True,True,True,1.000000,1.000000,1.000000,1621,71,1.000000,1.000000
0.000000,0.000000,79.000000,1.000000,0.000000,0.000000,1.000000,0.000000,0.000000,0.000000,10.489830,1.000000,1.000000,1.000000,1.000000,0.000000,0.000000,0.330809,-0.488021,0.702788,30.946294,0.395004,0.263336,0.987500,0.318004,7.968849,0.000000,True,True,True,1.000000,1.000000,1.000000,1622,71,1.000000,1.000000
0.000000,0.000000,79.000000,1.000000,0.000000,0.000000,1.000000,0.000000,0.000000,0.000000,10.486739,1.000000,1.000000,1.000000,1.000000,0.000000,0.000000,0.332790,0.551099,0.717127,31.273075,0.395004,0.263336,0.987500,-0.326781,7.968849,0.000000,True,True,True,1.000000,1.000000,1.000000,1623,71,1.000000,1.000000
0.000000,0.000000,79.000000,1.000000,0.000000,0.000000,1.000000,0.000000,0.000000,0.000000,10.484730,1.000000,1.000000,1.000000,1.000000,0.000000,0.000000,0.291756,-0.501830,0.740890,30.941094,0.395004,0.263336,0.987500,0.331981,7.968849,0.000000,True,True,True,1.000000,1.000000,1.000000,1624,71,1.000000,1.000000
0.000000,0.000000,79.000000,1.000000,0.000000,0.000000,1.000000,0.000000,0.000000,0.000000,10.487071,1.000000,1.000000,1.000000,1.000000,0.000000,0.000000,0.322886,0.513679,0.720709,31.274639,0.395004,0.263336,0.987500,-0.333545,7.968849,0.000000,True,True,True,1.000000,1.000000,1.000000,1625,71,1.000000,1.000000
0.000000,0.000000,79.000000,1.000000,0.000000,0.000000,1.000000,0.000000,0.000000,0.000000,10.509005,1.000000,1.000000,1.000000,1.000000,0.000000,0.000000,0.302773,-0.467895,0.727582,30.944277,0.395003,0.263336,0.987500,0.330361,7.968849,0.000000,True,True,True,1.000000,1.000000,1.000000,1626,71,1.000000,1.000000
0.000000,0.000000,79.000000,1.000000,0.000000,0.000000,1.000000,0.000000,0.000000,0.000000,10.507085,1.000000,1.000000,1.000000,1.000000,0.000000,0.000000,0.298700,0.522530,0.741685,31.286613,0.395003,0.263336,0.987500,-0.342336,7.968849,0.000000,True,True,True,1.000000,1.000000,1.000000,1627,71,1.000000,1.000000
0.000000,0.000000,79.000000,1.000000,0.000000,0.000000,1.000000,0.000000,0.000000,0.000000,10.472386,1.000000,1.000000,1.000000,1.000000,0.000000,0.000000,0.270842,-0.474645,0.754909,30.942341,0.395003,0.263335,0.987500,0.344273,7.968849,0.000000,True,True,True,1.000000,1.000000,1.000000,1628,71,1.000000,1.000000
0.000000,0.000000,79.000000,1.000000,0.000000,0.000000,1.000000,0.000000,0.000000,0.000000,10.478098,1.000000,1.000000,1.000000,1.000000,0.000000,0.000000,0.308967,0.509187,0.731794,31.279128,0.395003,0.263335,0.987500,-0.336787,7.968849,0.000000,True,True,True,1.000000,1.000000,1.000000,1629,71,1.000000,1.000000
0.000000,0.000000,79.000000,1.000000,0.000000,0.000000,1.000000,0.000000,0.000000,0.000000,10.472988,1.000000,1.000000,1.000000,1.000000,0.000000,0.000000,0.275018,-0.461274,0.752478,30.937472,0.395003,0.263335,0.987500,0.341656,7.968849,0.000000,True,True,True,1.000000,1.000000,1.000000,1630,71,1.000000,1.000000
0.000000,0.000000,79.000000,1.000000,0.000000,0.000000,1.000000,0.000000,0.000000,0.000000,10.491736,1.000000,1.000000,1.000000,1.000000,0.000000,0.000000,0.295423,0.526204,0.744147,31.279455,0.395003,0.263335,0.987500,-0.341983,7.968849,0.000000,True,True,True,1.000000,1.000000,1.000000,1631,71,1.000000,1.000000
0.000000,0.000000,79.000000,1.000000,0.000000,0.000000,1.000000,0.000000,0.000000,0.000000,10.505112,1.000000,1.000000,1.000000,1.000000,0.000000,0.000000,0.295977,-0.513667,0.734483,30.946388,0.395002,0.263335,0.987500,0.333067,7.968849,0.000000,True,True,True,1.000000,1.000000,1.000000,1632,71,1.000000,1.000000
0.000000,0.000000,79.000000,1.000000,0.000000,0.000000,1.000000,0.000000,0.000000,0.000000,10.510633,1.000000,1.000000,1.000000,1.000000,0.000000,0.000000,0.313896,0.504611,0.726323,31.278835,0.395002,0.263335,0.987500,-0.332447,7.968849,0.000000,True,True,True,1.000000,1.000000,1.000000,1633,71,1.000000,1.000000
0.000000,0.000000,79.000000,1.000000,0.000000,0.000000,1.000000,0.000000,0.000000,0.000000,10.500656,1.000000,1.000000,1.000000,1.000000,0.000000,0.000000,0.335696,-0.466030,0.684072,30.963870,0.395002,0.263335,0.987500,0.314965,7.968849,0.000000,True,True,True,1.000000,1.000000,1.000000,1634,71,1.000000,1.000000
0.000000,0.000000,79.000000,1.000000,0.000000,0.000000,1.000000,0.000000,0.000000,0.000000,10.519597,1.000000,1.000000,1.000000,1.000000,0.000000,0.000000,0.307619,0.498071,0.734626,31.300315,0.395002,0.263335,0.987500,-0.336445,7.968849,0.000000,True,True,True,1.000000,1.000000,1.000000,1635,71,1.000000,1.000000
0.000000,0.000000,79.000000,1.000000,0.000000,0.000000,1.000000,0.000000,0.000000,0.000000,10.484919,1.000000,1.000000,1.000000,1.000000,0.000000,0.000000,0.306995,-0.458883,0.721004,30.970728,0.395002,0.263335,0.987500,0.329587,7.968849,0.000000,True,True,True,1.000000,1.000000,1.000000,1636,71,1.000000,1.000000
0.000000,0.000000,79.000000,1.000000,0.000000,0.000000,1.000000,0.000000,0.000000,0.000000,10.498594,1.000000,1.000000,1.000000,1.000000,0.000000,0.000000,0.330149,0.513819,0.714691,31.303305,0.395002,0.263335,0.987500,-0.332577,7.968849,0.000000,True,True,True,1.000000,1.000000,1.000000,1637,71,1.000000,1.000000
0.000000,0.000000,79.000000,1.000000,0.000000,0.000000,1.000000,0.000000,0.000000,0.000000,10.524032,1.000000,1.000000,1.000000,1.000000,0.000000,0.000000,0.291739,-0.464608,0.739033,30.967047,0.395002,0.263334,0.987500,0.336258,7.968849,0.000000,True,True,True,1.000000,1.000000,1.000000,1638,71,1.000000,1.000000
0.000000,0.000000,79.000000,1.000000,0.000000,0.000000,1.000000,0.000000,0.000000,0.000000,10.521826,1.000000,1.000000,1.000000,1.000000,0.000000,0.000000,0.302282,0.500857,0.736956,31.310285,0.395002,0.263334,0.987500,-0.343238,7.968849,0.000000,True,True,True,1.000000,1.000000,1.000000,1639,71,1.000000,1.000000
0.000000,0.000000,79.000000,1.000000,0.000000,0.000000,1.000000,0.000000,0.000000,0.000000,10.447849,1.000000,1.000000,1.000000,1.000000,0.000000,0.000000,0.285152,-0.486041,0.742438,30.970207,0.395001,0.263334,0.987500,0.340078,7.968849,0.000000,True,True,True,1.000000,1.000000,1.000000,1640,71,1.000000,1.000000
0.000000,0.000000,79.000000,1.000000,0.000000,0.000000,1.000000,0.000000,0.000000,0.000000,10.465258,1.000000,1.000000,1.000000,1.000000,0.000000,0.000000,0.306833,0.497671,0.733523,31.308544,0.395001,0.263334,0.987500,-0.338337,7.968849,0.000000,True,True,True,1.000000,1.000000,1.000000,1641,71,1.000000,1.000000
0.000000,0.000000,79.000000,1.000000,0.000000,0.000000,1.000000,0.000000,0.000000,0.000000,10.460373,1.000000,1.000000,1.000000,1.000000,0.000000,0.000000,0.307937,-0.491009,0.719666,30.979149,0.395001,0.263334,0.987500,0.329396,7.968849,0.000000,True,True,True,1.000000,1.000000,1.000000,1642,71,1.000000,1.000000
0.000000,0.000000,79.000000,1.000000,0.000000,0.000000,1.000000,0.000000,0.000000,0.000000,10.467672,1.000000,1.000000,1.000000,1.000000,0.000000,0.000000,0.325433,0.536960,0.718686,31.305058,0.395001,0.263334,0.987500,-0.325909,7.968849,0.000000,True,True,True,1.000000,1.000000,1.000000,1643,71,1.000000,1.000000
0.000000,0.000000,79.000000,1.000000,0.000000,0.000000,1.000000,0.000000,0.000000,0.000000,10.453309,1.000000,1.000000,1.000000,1.000000,0.000000,0.000000,0.282142,-0.507840,0.745576,30.966919,0.395001,0.263334,0.987500,0.338139,7.968849,0.000000,True,True,True,1.000000,1.000000,1.000000,1644,71,1.000000,1.000000
0.000000,0.000000,79.000000,1.000000,0.000000,0.000000,1.000000,0.000000,0.000000,0.000000,10.466703,1.000000,1.000000,1.000000,1.000000,0.000000,0.000000,0.311300,0.561731,0.731400,31.301234,0.395001,0.263334,0.987500,-0.334314,7.968849,0.000000,True,True,True,1.000000,1.000000,1.000000,1645,71,1.000000,1.000000
0.000000,0.000000,79.000000,1.000000,0.000000,0.000000,1.000000,0.000000,0.000000,0.000000,10.460906,1.000000,1.000000,1.000000,1.000000,0.000000,0.000000,0.309474,-0.496398,0.721661,30.973978,0.395001,0.263334,0.987500,0.327255,7.968849,0.000000,True,True,True,1.000000,1.000000,1.000000,1646,71,1.000000,1.000000
0.000000,0.000000,79.000000,1.000000,0.000000,0.000000,1.000000,0.000000,0.000000,0.000000,10.472619,1.000000,1.000000,1.000000,1.000000,0.000000,0.000000,0.320117,0.555915,0.726214,31.310327,0.395001,0.263334,0.987500,-0.336349,7.968849,0.000000,True,True,True,1.000000,1.000000,1.000000,1647,71,1.000000,1.000000
0.000000,0.000000,79.000000,1.000000,0.000000,0.000000,1.000000,0.000000,0.000000,0.000000,10.446914,1.000000,1.000000,1.000000,1.000000,0.000000,0.000000,0.289347,-0.569537,0.752843,30.977907,0.395001,0.263334,0.987500,0.332420,7.968849,0.000000,True,True,True,1.000000,1.000000,1.000000,1648,71,1.000000,1.000000
0.000000,0.000000,79.000000,1.000000,0.000000,0.000000,1.000000,0.000000,0.000000,0.000000,10.456675,1.000000,1.000000,1.000000,1.000000,0.000000,0.000000,0.325444,0.588545,0.737876,31.305385,0.395001,0.263334,0.987500,-0.327478,7.968849,0.000000,True,True,True,1.000000,1.000000,1.000000,1649,71,1.000000,1.000000
0.000000,0.000000,79.000000,1.000000,0.000000,0.000000,1.000000,0.000000,0.000000,0.000000,10.464519,1.000000,1.000000,1.000000,1.000000,0.000000,0.000000,0.298477,-0.547708,0.739158,30.981785,0.395001,0.263334,0.987500,0.323599,7.968849,0.000000,True,True,True,1.000000,1.000000,1.000000,1650,71,1.000000,1.000000
0.000000,0.000000,79.000000,1.000000,0.000000,0.000000,1.000000,0.000000,0.000000,0.000000,10.477335,1.000000,1.000000,1.000000,1.000000,0.000000,0.000000,0.331188,0.538724,0.715793,31.304971,0.395001,0.263334,0.987500,-0.323186,7.968849,0.000000,True,True,True,1.000000,1.000000,1.000000,1651,71,1.000000,1.000000
0.000000,0.000000,79.000000,1.000000,0.000000,0.000000,1.000000,0.000000,0.000000,0.000000,10.395659,1.000000,1.000000,1.000000,1.000000,0.000000,0.000000,0.294827,-0.513299,0.731108,30.975075,0.395001,0.263334,0.987500,0.329896,7.968849,0.000000,True,True,True,1.000000,1.000000,1.000000,1652,71,1.000000,1.000000
0.000000,0.000000,79.000000,1.000000,0.000000,0.000000,1.000000,0.000000,0.000000,0.000000,10.410933,1.000000,1.000000,1.000000,1.000000,0.000000,0.000000,0.298275,0.543057,0.744800,31.309268,0.395001,0.263334,0.987500,-0.334193,7.968849,0.000000,True,True,True,1.000000,1.000000,1.000000,1653,71,1.000000,1.000000
0.000000,0.000000,79.000000,1.000000,0.000000,0.000000,1.000000,0.000000,0.000000,0.000000,10.412676,1.000000,1.000000,1.000000,1.000000,0.000000,0.000000,0.294964,-0.512227,0.730774,30.976126,0.395001,0.263334,0.987500,0.333142,7.968849,0.000000,True,True,True,1.000000,1.000000,1.000000,1654,71,1.000000,1.000000
0.000000,0.000000,79.000000,1.000000,0.000000,0.000000,1.000000,0.000000,0.000000,0.000000,10.424669,1.000000,1.000000,1.000000,1.000000,0.000000,0.000000,0.297384,0.551862,0.742926,31.320600,0.395001,0.263334,0.987500,-0.344474,7.968849,0.000000,True,True,True,1.000000,1.000000,1.000000,1655,71,1.000000,1.000000
0.000000,0.000000,79.000000,1.000000,0.000000,0.000000,1.000000,0.000000,0.000000,0.000000,10.414645,1.000000,1.000000,1.000000,1.000000,0.000000,0.000000,0.276928,-0.506671,0.747175,30.978916,0.395001,0.263334,0.987500,0.341684,7.968849,0.000000,True,True,True,1.000000,1.000000,1.000000,1656,71,1.000000,1.000000
0.000000,0.000000,79.000000,1.000000,0.000000,0.000000,1.000000,0.000000,0.000000,0.000000,10.416586,1.000000,1.000000,1.000000,1.000000,0.000000,0.000000,0.314455,0.526855,0.721594,31.313977,0.395001,0.263334,0.987500,-0.335061,7.968849,0.000000,True,True,True,1.000000,1.000000,1.000000,1657,71,1.000000,1.000000
0.000000,0.000000,79.000000,1.000000,0.000000,0.000000,1.000000,0.000000,0.000000,0.000000,10.409747,1.000000,1.000000,1.000000,1.000000,0.000000,0.000000,0.291670,-0.509515,0.739649,30.976939,0.395000,0.263334,0.987500,0.337038,7.968849,0.000000,True,True,True,1.000000,1.000000,1.000000,1658,71,1.000000,1.000000
0.000000,0.000000,79.000000,1.000000,0.000000,0.000000,1.000000,0.000000,0.000000,0.000000,10.425529,1.000000,1.000000,1.000000,1.000000,0.000000,0.000000,0.305785,0.559921,0.739171,31.319057,0.395000,0.263334,0.987500,-0.342118,7.968849,0.000000,True,True,True,1.000000,1.000000,1.000000,1659,71,1.000000,1.000000
0.000000,0.000000,79.000000,1.000000,0.000000,0.000000,1.000000,0.000000,0.000000,0.000000,10.447502,1.000000,1.000000,1.000000,1.000000,0.000000,0.000000,0.316800,-0.490303,0.710044,30.992603,0.395000,0.263334,0.987500,0.326454,7.968849,0.000000,True,True,True,1.000000,1.000000,1.000000,1660,71,1.000000,1.000000
0.000000,0.000000,79.000000,1.000000,0.000000,0.000000,1.000000,0.000000,0.000000,0.000000,10.442646,1.000000,1.000000,1.000000,1.000000,0.000000,0.000000,0.339512,0.548197,0.708914,31.320981,0.395000,0.263334,0.987500,-0.328378,7.968849,0.000000,True,True,True,1.000000,1.000000,1.000000,1661,71,1.000000,1.000000
0.000000,0.000000,79.000000,1.000000,0.000000,0.000000,1.000000,0.000000,0.000000,0.000000,10.427917,1.000000,1.000000,1.000000,1.000000,0.000000,0.000000,0.308681,-0.523188,0.721478,30.992544,0.395000,0.263334,0.987500,0.328437,7.968849,0.000000,True,True,True,1.000000,1.000000,1.000000,1662,71,1.000000,1.000000
0.000000,0.000000,79.000000,1.000000,0.000000,0.000000,1.000000,0.000000,0.000000,0.000000,10.436660,1.000000,1.000000,1.000000,1.000000,0.000000,0.000000,0.320185,0.533454,0.725002,31.322761,0.395000,0.263334,0.987500,-0.330217,7.968849,0.000000,True,True,True,1.000000,1.000000,1.000000,1663,71,1.000000,1.000000
0.000000,0.000000,79.000000,1.000000,0.000000,0.000000,1.000000,0.000000,0.000000,0.000000,10.438603,1.000000,1.000000,1.000000,1.000000,0.000000,0.000000,0.303381,-0.494010,0.730508,30.994381,0.395000,0.263334,0.987500,0.328380,7.968849,0.000000,True,True,True,1.000000,1.000000,1.000000,1664,71,1.000000,1.000000
0.000000,0.000000,79.000000,1.000000,0.000000,0.000000,1.000000,0.000000,0.000000,0.000000,10.447233,1.000000,1.000000,1.000000,1.000000,0.000000,0.000000,0.332234,0.527510,0.712837,31.322718,0.395000,0.263334,0.987500,-0.328337,7.968849,0.000000,True,True,True,1.000000,1.000000,1.000000,1665,71,1.000000,1.000000
0.000000,0.000000,79.000000,1.000000,0.000000,0.000000,1.000000,0.000000,0.000000,0.000000,10.438808,1.000000,1.000000,1.000000,1.000000,0.000000,0.000000,0.310187,-0.495812,0.720680,30.994326,0.395000,0.263334,0.987500,0.328392,7.968849,0.000000,True,True,True,1.000000,1.000000,1.000000,1666,71,1.000000,1.000000
0.000000,0.000000,79.000000,1.000000,0.000000,0.000000,1.000000,0.000000,0.000000,0.000000,10.441539,1.000000,1.000000,1.000000,1.000000,0.000000,0.000000,0.320510,0.568366,0.728431,31.327192,0.395000,0.263334,0.987500,-0.332867,7.968849,0.000000,True,True,True,1.000000,1.000000,1.000000,1667,71,1.000000,1.000000
0.000000,0.000000,79.000000,1.000000,0.000000,0.000000,1.000000,0.000000,0.000000,0.000000,10.444753,1.000000,1.000000,1.000000,1.000000,0.000000,0.000000,0.290826,-0.544752,0.745873,30.992070,0.395000,0.263334,0.987500,0.335122,7.968849,0.000000,True,True,True,1.000000,1.000000,1.000000,1668,71,1.000000,1.000000
0.000000,0.000000,79.000000,1.000000,0.000000,0.000000,1.000000,0.000000,0.000000,0.000000,10.449969,1.000000,1.000000,1.000000,1.000000,0.000000,0.000000,0.324035,0.579886,0.731343,31.325801,0.395000,0.263333,0.987500,-0.333731,7.968849,0.000000,True,True,True,1.000000,1.000000,1.000000,1669,71,1.000000,1.000000
0.000000,0.000000,79.000000,1.000000,0.000000,0.000000,1.000000,0.000000,0.000000,0.000000,10.451783,1.000000,1.000000,1.000000,1.000000,0.000000,0.000000,0.311147,-0.540721,0.727489,31.000836,0.395000,0.263333,0.987500,0.324965,7.968849,0.000000,True,True,True,1.000000,1.000000,1.000000,1670,71,1.000000,1.000000
0.000000,0.000000,79.000000,1.000000,0.000000,0.000000,1.000000,0.000000,0.000000,0.000000,10.450317,1.000000,1.000000,1.000000,1.000000,0.000000,0.000000,0.336673,0.567060,0.713656,31.322103,0.395000,0.263333,0.987500,-0.321267,7.968849,0.000000,True,True,True,1.000000,1.000000,1.000000,1671,71,1.000000,1.000000
0.000000,0.000000,79.000000,1.000000,0.000000,0.000000,1.000000,0.000000,0.000000,0.000000,10.452249,1.000000,1.000000,1.000000,1.000000,0.000000,0.000000,0.308414,-0.546834,0.730467,30.993368,0.395000,0.263333,0.987500,0.328735,7.968849,0.000000,True,True,True,1.000000,1.000000,1.000000,1672,71,1.000000,1.000000
0.000000,0.000000,79.000000,1.000000,0.000000,0.000000,1.000000,0.000000,0.000000,0.000000,10.453130,1.000000,1.000000,1.000000,1.000000,0.000000,0.000000,0.310688,0.578588,0.738639,31.332792,0.395000,0.263333,0.987500,-0.339424,7.968849,0.000000,True,True,True,1.000000,1.000000,1.000000,1673,71,1.000000,1.000000
0.000000,0.000000,79.000000,1.000000,0.000000,0.000000,1.000000,0.000000,0.000000,0.000000,10.456544,1.000000,1.000000,1.000000,1.000000,0.000000,0.000000,0.298213,-0.538078,0.736140,31.003922,0.395000,0.263333,0.987500,0.328870,7.968849,0.000000,True,True,True,1.000000,1.000000,1.000000,1674,71,1.000000,1.000000
0.000000,0.000000,79.000000,1.000000,0.000000,0.000000,1.000000,0.000000,0.000000,0.000000,10.453949,1.000000,1.000000,1.000000,1.000000,0.000000,0.000000,0.318807,0.567697,0.726567,31.334740,0.395000,0.263333,0.987500,-0.330818,7.968849,0.000000,True,True,True,1.000000,1.000000,1.000000,1675,71,1.000000,1.000000
0.000000,0.000000,79.000000,1.000000,0.000000,0.000000,1.000000,0.000000,0.000000,0.000000,10.437175,1.000000,1.000000,1.000000,1.000000,0.000000,0.000000,0.308418,-0.524133,0.729098,31.007135,0.395000,0.263333,0.987500,0.327605,7.968849,0.000000,True,True,True,1.000000,1.000000,1.000000,1676,71,1.000000,1.000000
0.000000,0.000000,79.000000,1.000000,0.000000,0.000000,1.000000,0.000000,0.000000,0.000000,10.441805,1.000000,1.000000,1.000000,1.000000,0.000000,0.000000,0.327324,0.528390,0.719231,31.340708,0.395000,0.263333,0.987500,-0.333573,7.968849,0.000000,True,True,True,1.000000,1.000000,1.000000,1677,71,1.000000,1.000000
0.000000,0.000000,79.000000,1.000000,0.000000,0.000000,1.000000,0.000000,0.000000,0.000000,10.498387,1.000000,1.000000,1.000000,1.000000,0.000000,0.000000,0.302727,-0.515372,0.727741,31.009503,0.395000,0.263333,0.987500,0.331205,7.968849,0.000000,True,True,True,1.000000,1.000000,1.000000,1678,71,1.000000,1.000000
0.000000,0.000000,79.000000,1.000000,0.000000,0.000000,1.000000,0.000000,0.000000,0.000000,10.488515,1.000000,1.000000,1.000000,1.000000,0.000000,0.000000,0.308149,0.556395,0.738208,31.346115,0.395000,0.263333,0.987500,-0.336612,7.968849,0.000000,True,True,True,1.000000,1.000000,1.000000,1679,71,1.000000,1.000000
0.000000,0.000000,79.000000,1.000000,0.000000,0.000000,1.000000,0.000000,0.000000,0.000000,10.461613,1.000000,1.000000,1.000000,1.000000,0.000000,0.000000,0.287025,-0.507782,0.744579,31.008760,0.395000,0.263333,0.987500,0.337355,7.968849,0.000000,True,True,True,1.000000,1.000000,1.000000,1680,71,1.000000,1.000000
0.000000,0.000000,79.000000,1.000000,0.000000,0.000000,1.000000,0.000000,0.000000,0.000000,10.466903,1.000000,1.000000,1.000000,1.000000,0.000000,0.000000,0.316478,0.573296,0.731045,31.345929,0.395000,0.263333,0.987500,-0.337169,7.968849,0.000000,True,True,True,1.000000,1.000000,1.000000,1681,71,1.000000,1.000000
0.000000,0.000000,79.000000,1.000000,0.000000,0.000000,1.000000,0.000000,0.000000,0.000000,10.472882,1.000000,1.000000,1.000000,1.000000,0.000000,0.000000,0.314601,-0.485026,0.719345,31.022498,0.395000,0.263333,0.987500,0.323431,7.968849,0.000000,True,True,True,1.000000,1.000000,1.000000,1682,71,1.000000,1.000000
0.000000,0.000000,79.000000,1.000000,0.000000,0.000000,1.000000,0.000000,0.000000,0.000000,10.525992,1.000000,1.000000,1.000000,1.000000,0.000000,0.000000,0.300677,0.559546,0.739893,31.360340,0.395000,0.263333,0.987500,-0.337843,7.968849,0.000000,True,True,True,1.000000,1.000000,1.000000,1683,71,1.000000,1.000000
0.000000,0.000000,79.000000,1.000000,0.000000,0.000000,1.000000,0.000000,0.000000,0.000000,10.269238,1.000000,1.000000,1.000000,1.000000,0.000000,0.000000,0.322190,-0.504188,0.707082,31.039524,0.395000,0.263333,0.987500,0.320816,7.968849,0.000000,True,True,True,1.000000,1.000000,1.000000,1684,71,1.000000,1.000000
0.000000,0.000000,79.000000,1.000000,0.000000,0.000000,1.000000,0.000000,0.000000,0.000000,10.395572,1.000000,1.000000,1.000000,1.000000,0.000000,0.000000,0.329778,0.517146,0.715484,31.368342,0.395000,0.263333,0.987500,-0.328818,7.968849,0.000000,True,True,True,1.000000,1.000000,1.000000,1685,71,1.000000,1.000000
0.000000,0.000000,79.000000,1.000000,0.000000,0.000000,1.000000,0.000000,0.000000,0.000000,10.392842,1.000000,1.000000,1.000000,1.000000,0.000000,0.000000,0.291499,-0.523256,0.740505,31.037263,0.395000,0.263333,0.987500,0.331079,7.968849,0.000000,True,True,True,1.000000,1.000000,1.000000,1686,71,1.000000,1.000000
0.000000,0.000000,79.000000,1.000000,0.000000,0.000000,1.000000,0.000000,0.000000,0.000000,10.395952,1.000000,1.000000,1.000000,1.000000,0.000000,0.000000,0.297109,0.558652,0.747013,31.372175,0.395000,0.263333,0.987500,-0.334912,7.968849,0.000000,True,True,True,1.000000,1.000000,1.000000,1687,71,1.000000,1.000000
0.000000,0.000000,79.000000,1.000000,0.000000,0.000000,1.000000,0.000000,0.000000,0.000000,10.274733,1.000000,1.000000,1.000000,1.000000,0.000000,0.000000,0.303285,-0.533185,0.725720,31.046712,0.395000,0.263333,0.987500,0.325462,7.968849,0.000000,True,True,True,1.000000,1.000000,1.000000,1688,71,1.000000,1.000000
0.000000,0.000000,79.000000,1.000000,0.000000,0.000000,1.000000,0.000000,0.000000,0.000000,10.279846,1.000000,1.000000,1.000000,1.000000,0.000000,0.000000,0.306586,0.564461,0.739168,31.386240,0.395000,0.263333,0.987500,-0.339528,7.968849,0.000000,True,True,True,1.000000,1.000000,1.000000,1689,71,1.000000,1.000000
0.000000,0.000000,79.000000,1.000000,0.000000,0.000000,1.000000,0.000000,0.000000,0.000000,10.291078,1.000000,1.000000,1.000000,1.000000,0.000000,0.000000,0.293564,-0.552518,0.737565,31.056514,0.395000,0.263333,0.987500,0.329727,7.968849,0.000000,True,True,True,1.000000,1.000000,1.000000,1690,71,1.000000,1.000000
0.000000,0.000000,79.000000,1.000000,0.000000,0.000000,1.000000,0.000000,0.000000,0.000000,10.305437,1.000000,1.000000,1.000000,1.000000,0.000000,0.000000,0.307655,0.543185,0.731036,31.389306,0.395000,0.263333,0.987500,-0.332793,7.968849,0.000000,True,True,True,1.000000,1.000000,1.000000,1691,71,1.000000,1.000000
0.000000,0.000000,79.000000,1.000000,0.000000,0.000000,1.000000,0.000000,0.000000,0.000000,10.276655,1.000000,1.000000,1.000000,1.000000,0.000000,0.000000,0.303373,-0.590093,0.738809,31.061196,0.395000,0.263333,0.987500,0.328110,7.968849,0.000000,True,True,True,1.000000,1.000000,1.000000,1692,71,1.000000,1.000000
0.000000,0.000000,79.000000,1.000000,0.000000,0.000000,1.000000,0.000000,0.000000,0.000000,10.291747,1.000000,1.000000,1.000000,1.000000,0.000000,0.000000,0.337931,0.588624,0.714673,31.381389,0.395000,0.263333,0.987500,-0.320193,7.968849,0.000000,True,True,True,1.000000,1.000000,1.000000,1693,71,1.000000,1.000000
0.000000,0.000000,79.000000,1.000000,0.000000,0.000000,1.000000,0.000000,0.000000,0.000000,10.318669,1.000000,1.000000,1.000000,1.000000,0.000000,0.000000,0.305032,-0.528535,0.724890,31.055717,0.395000,0.263333,0.987500,0.325672,7.968849,0.000000,True,True,True,1.000000,1.000000,1.000000,1694,71,1.000000,1.000000
0.000000,0.000000,79.000000,1.000000,0.000000,0.000000,1.000000,0.000000,0.000000,0.000000,10.326357,1.000000,1.000000,1.000000,1.000000,0.000000,0.000000,0.309964,0.611224,0.746369,31.387817,0.395000,0.263333,0.987500,-0.332100,7.968849,0.000000,True,True,True,1.000000,1.000000,1.000000,1695,71,1.000000,1.000000
0.000000,0.000000,79.000000,1.000000,0.000000,0.000000,1.000000,0.000000,0.000000,0.000000,10.337512,1.000000,1.000000,1.000000,1.000000,0.000000,0.000000,0.299122,-0.528633,0.735544,31.061807,0.395000,0.263333,0.987500,0.326010,7.968849,0.000000,True,True,True,1.000000,1.000000,1.000000,1696,71,1.000000,1.000000
0.000000,0.000000,79.000000,1.000000,0.000000,0.000000,1.000000,0.000000,0.000000,0.000000,10.332676,1.000000,1.000000,1.000000,1.000000,0.000000,0.000000,0.347414,0.574854,0.705991,31.385308,0.395000,0.263333,0.987500,-0.323501,7.968849,0.000000,True,True,True,1.000000,1.000000,1.000000,1697,71,1.000000,1.000000
0.000000,0.000000,79.000000,1.000000,0.000000,0.000000,1.000000,0.000000,0.000000,0.000000,10.343889,1.000000,1.000000,1.000000,1.000000,0.000000,0.000000,0.290465,-0.521266,0.740823,31.050081,0.395000,0.263333,0.987500,0.335227,7.968849,0.000000,True,True,True,1.000000,1.000000,1.000000,1698,71,1.000000,1.000000
0.000000,0.000000,79.000000,1.000000,0.000000,0.000000,1.000000,0.000000,0.000000,0.000000,10.334958,1.000000,1.000000,1.000000,1.000000,0.000000,0.000000,0.326571,0.594382,0.728214,31.379354,0.395000,0.263333,0.987500,-0.329273,7.968849,0.000000,True,True,True,1.000000,1.000000,1.000000,1699,71,1.000000,1.000000
