candidate_count,passive_count,follower_count,leader_count,challenger_count,dormant_count,contender_count,leaders_auditing,election_contacts,hard_safety_violations,minimum_distance,component_count,largest_component_fraction,leader_reachable_fraction,single_leader_components,components_without_leader,components_with_multiple_leaders,heading_variance,goal_alignment,mean_local_coherence,centroid_distance,mean_speed,normalized_mean_speed,moving_fraction,centroid_progress,leader_goal_distance,max_anomaly_counter,swarm_goal_reached,leader_at_goal,mission_success,leader_gate,leader_tether,leader_agreement,round,leader_ids
30.000000,0.000000,0.000000,0.000000,0.000000,0.000000,30.000000,0.000000,33.000000,0.000000,5.000000,1.000000,1.000000,0.000000,0.000000,1.000000,0.000000,0.841189,0.162105,0.210594,978.770213,0.100000,0.066667,0.100000,0.048589,,0.000000,False,False,False,,,,0,-
29.000000,1.000000,0.000000,0.000000,0.000000,0.000000,29.000000,0.000000,35.000000,0.000000,5.000000,1.000000,1.000000,0.000000,0.000000,1.000000,0.000000,0.869757,0.134333,0.180674,978.755526,0.133333,0.088889,0.133333,0.014687,,0.000000,False,False,False,,,,1,-
26.000000,4.000000,0.000000,0.000000,0.000000,0.000000,26.000000,0.000000,34.000000,0.000000,5.000000,1.000000,1.000000,0.000000,0.000000,1.000000,0.000000,0.822341,0.181057,0.213282,978.744673,0.200000,0.133333,0.200000,0.010852,,0.000000,False,False,False,,,,2,-
24.000000,6.000000,0.000000,0.000000,0.000000,0.000000,24.000000,0.000000,32.000000,0.000000,5.000000,1.000000,1.000000,0.000000,0.000000,1.000000,0.000000,0.890176,0.109954,0.167548,978.778649,0.266667,0.177778,0.266667,-0.033976,,0.000000,False,False,False,,,,3,-
22.000000,8.000000,0.000000,0.000000,0.000000,0.000000,22.000000,0.000000,32.000000,0.000000,5.000000,1.000000,1.000000,0.000000,0.000000,1.000000,0.000000,0.903709,0.101627,0.191288,978.759079,0.333333,0.222222,0.333333,0.019570,,0.000000,False,False,False,,,,4,-
20.000000,9.000000,1.000000,0.000000,0.000000,0.000000,20.000000,0.000000,32.000000,0.000000,5.000000,1.000000,1.000000,0.000000,0.000000,1.000000,0.000000,0.927630,0.077591,0.204506,978.789439,0.333333,0.222222,0.333333,-0.030360,,0.000000,False,False,False,,,,5,-
18.000000,11.000000,1.000000,0.000000,0.000000,0.000000,18.000000,0.000000,27.000000,0.000000,5.000000,1.000000,1.000000,0.000000,0.000000,1.000000,0.000000,0.886312,0.099022,0.187648,978.821783,0.400000,0.266667,0.400000,-0.032344,,0.000000,False,False,False,,,,6,-
15.000000,14.000000,1.000000,0.000000,0.000000,0.000000,15.000000,0.000000,20.000000,0.000000,5.000000,1.000000,1.000000,0.000000,0.000000,1.000000,0.000000,0.835603,0.077886,0.183418,978.835216,0.500000,0.333333,0.500000,-0.013433,,0.000000,False,False,False,,,,7,-
12.000000,16.000000,2.000000,0.000000,0.000000,0.000000,12.000000,0.000000,19.000000,0.000000,5.000000,1.000000,1.000000,0.000000,0.000000,1.000000,0.000000,0.756413,0.099664,0.221546,978.811142,0.600000,0.400000,0.600000,0.024075,,0.000000,False,False,False,,,,8,-
9.000000,15.000000,6.000000,0.000000,0.000000,0.000000,9.000000,0.000000,16.000000,0.000000,5.595311,1.000000,1.000000,0.000000,0.000000,1.000000,0.000000,0.718981,0.136274,0.277159,978.744103,0.693454,0.462303,0.733333,0.067038,,0.000000,False,False,False,,,,9,-
8.000000,14.000000,8.000000,0.000000,0.000000,0.000000,8.000000,0.000000,15.000000,0.000000,5.854354,1.000000,1.000000,0.000000,0.000000,1.000000,0.000000,0.785115,0.141256,0.205971,978.681942,0.750549,0.500366,0.766667,0.062161,,0.000000,False,False,False,,,,10,-
7.000000,14.000000,9.000000,0.000000,0.000000,0.000000,7.000000,0.000000,11.000000,0.000000,5.890206,1.000000,1.000000,0.000000,0.000000,1.000000,0.000000,0.551406,0.389151,0.474097,978.416058,0.765776,0.510517,0.800000,0.265884,,0.000000,False,False,False,,,,11,-
6.000000,14.000000,10.000000,0.000000,0.000000,0.000000,6.000000,0.000000,10.000000,0.000000,6.315252,1.000000,1.000000,0.000000,0.000000,1.000000,0.000000,0.798703,0.168329,0.241312,978.331928,0.834660,0.556440,0.866667,0.084131,,0.000000,False,False,False,,,,12,-
6.000000,12.000000,12.000000,0.000000,0.000000,0.000000,6.000000,0.000000,6.000000,0.000000,6.639467,1.000000,1.000000,0.000000,0.000000,1.000000,0.000000,0.676403,0.282550,0.375937,978.130922,0.789264,0.526176,0.833333,0.201005,,0.000000,False,False,False,,,,13,-
5.000000,11.000000,13.000000,1.000000,0.000000,0.000000,6.000000,1.000000,5.000000,0.000000,6.156862,1.000000,1.000000,1.000000,1.000000,0.000000,0.000000,0.648210,0.322483,0.384987,977.989223,0.803900,0.535933,0.866667,0.141699,983.483582,0.000000,False,False,False,1.000000,1.000000,0.000000,14,17
5.000000,9.000000,15.000000,1.000000,0.000000,0.000000,6.000000,1.000000,8.000000,0.000000,6.865022,1.000000,1.000000,1.000000,1.000000,0.000000,0.000000,0.644350,0.324701,0.411451,977.824871,0.780306,0.520204,0.866667,0.164352,982.615381,0.000000,False,False,False,1.000000,1.000000,0.000000,15,17
5.000000,8.000000,16.000000,1.000000,0.000000,0.000000,6.000000,0.000000,4.000000,0.000000,6.125877,1.000000,1.000000,1.000000,1.000000,0.000000,0.000000,0.817158,0.146983,0.213959,977.702436,0.768983,0.512655,0.833333,0.122435,982.615381,0.000000,False,False,False,,,,16,17
5.000000,3.000000,21.000000,1.000000,0.000000,0.000000,6.000000,1.000000,5.000000,0.000000,6.977052,1.000000,1.000000,1.000000,1.000000,0.000000,0.000000,0.486163,0.504378,0.500235,977.471944,0.788489,0.525659,0.933333,0.230492,981.714569,0.000000,False,False,False,1.000000,1.000000,0.000000,17,17
5.000000,2.000000,22.000000,1.000000,0.000000,0.000000,6.000000,0.000000,4.000000,0.000000,6.173361,1.000000,1.000000,1.000000,1.000000,0.000000,0.000000,0.426262,0.572550,0.562550,977.068571,0.728830,0.485887,0.866667,0.403373,981.714569,0.000000,False,False,False,,,,18,17
5.000000,2.000000,22.000000,1.000000,0.000000,0.000000,6.000000,1.000000,5.000000,0.000000,7.102781,1.000000,1.000000,1.000000,1.000000,0.000000,0.000000,0.465817,0.533330,0.499056,976.686238,0.714824,0.476549,0.900000,0.382333,980.786065,0.000000,False,False,False,1.000000,1.000000,0.000000,19,17
5.000000,0.000000,24.000000,1.000000,0.000000,0.000000,6.000000,0.000000,4.000000,0.000000,6.804147,1.000000,1.000000,1.000000,1.000000,0.000000,0.000000,0.265802,0.729241,0.698874,976.233488,0.629513,0.419675,0.833333,0.452750,980.786065,0.000000,False,False,False,,,,20,17
5.000000,0.000000,24.000000,1.000000,0.000000,0.000000,6.000000,0.000000,6.000000,0.000000,7.372513,1.000000,1.000000,1.000000,1.000000,0.000000,0.000000,0.334150,0.660547,0.632858,975.835836,0.606232,0.404155,0.866667,0.397652,980.786065,0.000000,False,False,False,,,,21,17
5.000000,0.000000,24.000000,1.000000,0.000000,0.000000,6.000000,0.000000,3.000000,0.000000,7.372513,1.000000,1.000000,1.000000,1.000000,0.000000,0.000000,0.336661,0.656401,0.614236,975.487463,0.560105,0.373403,0.833333,0.348372,980.786065,0.000000,False,False,False,,,,22,17
5.000000,0.000000,24.000000,1.000000,0.000000,0.000000,6.000000,0.000000,4.000000,0.000000,7.141538,1.000000,1.000000,1.000000,1.000000,0.000000,0.000000,0.260407,0.733216,0.714030,975.080594,0.581637,0.387758,0.900000,0.406869,980.786065,0.000000,False,False,False,,,,23,17
5.000000,0.000000,24.000000,1.000000,0.000000,0.000000,6.000000,0.000000,2.000000,0.000000,7.372513,1.000000,1.000000,1.000000,1.000000,0.000000,0.000000,0.297821,0.698279,0.664727,974.675053,0.578812,0.385875,0.866667,0.405541,980.786065,0.000000,False,False,False,,,,24,17
5.000000,0.000000,24.000000,1.000000,0.000000,0.000000,6.000000,0.000000,5.000000,0.000000,7.135775,1.000000,1.000000,1.000000,1.000000,0.000000,0.000000,0.226847,0.764539,0.748708,974.225711,0.617624,0.411749,0.933333,0.449342,980.786065,0.000000,False,False,False,,,,25,17
4.000000,1.000000,24.000000,1.000000,0.000000,0.000000,5.000000,0.000000,2.000000,0.000000,7.587821,1.000000,1.000000,1.000000,1.000000,0.000000,0.000000,0.227033,0.764629,0.756987,973.803872,0.563331,0.375554,0.833333,0.421838,980.786065,0.000000,False,False,False,,,,26,17
4.000000,1.000000,24.000000,1.000000,0.000000,0.000000,5.000000,1.000000,3.000000,0.000000,7.367401,1.000000,1.000000,1.000000,1.000000,0.000000,0.000000,0.195939,0.791044,0.783404,973.322990,0.605565,0.403710,0.933333,0.480882,979.805115,0.000000,False,False,False,1.000000,1.000000,0.000000,27,17
4.000000,1.000000,24.000000,1.000000,0.000000,0.000000,5.000000,1.000000,4.000000,0.000000,7.764874,1.000000,1.000000,1.000000,1.000000,0.000000,0.000000,0.305064,0.683918,0.699160,972.883890,0.706651,0.471101,0.966667,0.439100,978.822123,0.000000,False,False,False,1.000000,1.000000,0.000000,28,17
4.000000,0.000000,25.000000,1.000000,0.000000,0.000000,5.000000,1.000000,2.000000,0.000000,7.410471,1.000000,1.000000,1.000000,1.000000,0.000000,0.000000,0.131022,0.850400,0.869027,972.293265,0.684589,0.456393,0.900000,0.590624,977.838783,0.000000,False,False,False,1.000000,1.000000,0.000000,29,17
4.000000,0.000000,25.000000,1.000000,0.000000,0.000000,5.000000,1.000000,2.000000,0.000000,7.824450,1.000000,1.000000,1.000000,1.000000,0.000000,0.000000,0.150641,0.832069,0.854567,971.752149,0.687201,0.458134,0.933333,0.541117,976.855657,0.000000,False,False,False,1.000000,1.000000,0.000000,30,17
4.000000,0.000000,25.000000,1.000000,0.000000,0.000000,5.000000,0.000000,2.000000,0.000000,7.944573,1.000000,1.000000,1.000000,1.000000,0.000000,0.000000,0.073800,0.915860,0.920988,971.172960,0.642912,0.428608,0.900000,0.579188,976.855657,0.000000,False,False,False,,,,31,17
4.000000,0.000000,25.000000,1.000000,0.000000,0.000000,5.000000,1.000000,3.000000,0.000000,7.891406,1.000000,1.000000,1.000000,1.000000,0.000000,0.000000,0.129565,0.865725,0.868467,970.678062,0.603124,0.402083,0.900000,0.494898,975.870675,0.000000,False,False,False,1.000000,1.000000,0.000000,32,17
4.000000,0.000000,25.000000,1.000000,0.000000,0.000000,5.000000,1.000000,3.000000,0.000000,6.925873,1.000000,1.000000,1.000000,1.000000,0.000000,0.000000,0.123323,0.876071,0.867951,970.176339,0.588919,0.392613,0.900000,0.501723,974.975826,0.000000,False,False,False,1.000000,1.000000,0.000000,33,17
3.000000,1.000000,25.000000,1.000000,0.000000,0.000000,4.000000,1.000000,1.000000,0.000000,7.614987,1.000000,1.000000,1.000000,1.000000,0.000000,0.000000,0.235825,0.760438,0.744444,969.754101,0.627447,0.418298,0.933333,0.422239,974.190869,0.000000,False,False,False,1.000000,1.000000,0.000000,34,17
3.000000,1.000000,25.000000,1.000000,0.000000,0.000000,4.000000,0.000000,1.000000,0.000000,7.748724,1.000000,1.000000,1.000000,1.000000,0.000000,0.000000,0.053157,0.944902,0.940333,969.139862,0.663358,0.442239,0.966667,0.614239,974.190869,0.000000,False,False,False,,,,35,17
3.000000,1.000000,25.000000,1.000000,0.000000,0.000000,4.000000,1.000000,0.000000,0.000000,8.388728,1.000000,1.000000,1.000000,1.000000,0.000000,0.000000,0.108886,0.887857,0.879791,968.524904,0.709745,0.473164,0.966667,0.614958,973.511053,0.000000,False,False,False,1.000000,1.000000,0.000000,36,17
3.000000,1.000000,25.000000,1.000000,0.000000,0.000000,4.000000,1.000000,0.000000,0.000000,8.029632,1.000000,1.000000,1.000000,1.000000,0.000000,0.000000,0.045805,0.946121,0.948625,967.818574,0.762141,0.508094,1.000000,0.706330,972.795066,0.000000,False,False,False,1.000000,1.000000,0.000000,37,17
2.000000,1.000000,25.000000,2.000000,0.000000,0.000000,4.000000,0.000000,2.000000,0.000000,7.500364,1.000000,1.000000,1.000000,0.000000,0.000000,1.000000,0.110258,0.886184,0.875735,967.114831,0.798797,0.532531,1.000000,0.703743,972.995554,0.000000,False,False,False,,,,38,"17,28"
2.000000,1.000000,25.000000,2.000000,0.000000,0.000000,4.000000,0.000000,2.000000,0.000000,7.566275,1.000000,1.000000,1.000000,0.000000,0.000000,1.000000,0.164380,0.835004,0.822214,966.448369,0.744810,0.496540,0.900000,0.666462,972.995554,0.000000,False,False,False,,,,39,"17,28"
1.000000,1.000000,25.000000,3.000000,0.000000,0.000000,4.000000,0.000000,1.000000,0.000000,7.566275,1.000000,1.000000,1.000000,0.000000,0.000000,1.000000,0.234741,0.762351,0.739643,965.888713,0.715061,0.476707,0.933333,0.559656,968.788792,0.000000,False,False,False,,,,40,"7,17,28"
1.000000,1.000000,25.000000,3.000000,0.000000,0.000000,4.000000,0.000000,3.000000,0.000000,7.489875,1.000000,1.000000,1.000000,0.000000,0.000000,1.000000,0.154045,0.843619,0.825261,965.274461,0.688121,0.458748,0.933333,0.614252,969.044332,0.000000,False,False,False,,,,41,"7,17,28"
1.000000,0.000000,26.000000,3.000000,0.000000,0.000000,4.000000,0.000000,1.000000,0.000000,7.566275,1.000000,1.000000,1.000000,0.000000,0.000000,1.000000,0.253115,0.736202,0.732872,964.770185,0.652440,0.434960,0.900000,0.504275,969.044332,0.000000,False,False,False,,,,42,"7,17,28"
1.000000,0.000000,26.000000,3.000000,0.000000,0.000000,4.000000,0.000000,4.000000,0.000000,7.566275,1.000000,1.000000,1.000000,0.000000,0.000000,1.000000,0.124701,0.858073,0.853432,964.213118,0.613916,0.409277,0.933333,0.557068,969.300465,0.000000,False,False,False,,,,43,"7,17,28"
1.000000,0.000000,26.000000,3.000000,0.000000,0.000000,4.000000,0.000000,3.000000,0.000000,7.566275,1.000000,1.000000,1.000000,0.000000,0.000000,1.000000,0.256110,0.718249,0.725827,963.798459,0.569800,0.379867,0.866667,0.414659,969.300465,0.000000,False,False,False,,,,44,"7,17,28"
1.000000,0.000000,27.000000,2.000000,0.000000,0.000000,3.000000,0.000000,1.000000,0.000000,7.833445,1.000000,1.000000,1.000000,0.000000,0.000000,1.000000,0.285280,0.701690,0.693142,963.461731,0.580716,0.387144,0.933333,0.336728,969.544001,0.000000,False,False,False,,,,45,"7,28"
1.000000,0.000000,27.000000,2.000000,0.000000,0.000000,3.000000,0.000000,0.000000,0.000000,8.088964,1.000000,1.000000,1.000000,0.000000,0.000000,1.000000,0.160284,0.830942,0.829124,962.993392,0.591809,0.394539,0.966667,0.468338,969.788135,0.000000,False,False,False,,,,46,"7,28"
1.000000,0.000000,27.000000,2.000000,0.000000,0.000000,3.000000,0.000000,4.000000,0.000000,7.378317,1.000000,1.000000,1.000000,0.000000,0.000000,1.000000,0.093634,0.902726,0.888200,962.443313,0.626189,0.417460,1.000000,0.550079,970.032868,0.000000,False,False,False,,,,47,"7,28"
1.000000,0.000000,27.000000,2.000000,0.000000,0.000000,3.000000,0.000000,2.000000,0.000000,7.646337,1.000000,1.000000,1.000000,0.000000,0.000000,1.000000,0.187962,0.809864,0.788299,961.944797,0.607055,0.404703,0.900000,0.498516,970.032868,0.000000,False,False,False,,,,48,"7,28"
1.000000,0.000000,27.000000,2.000000,0.000000,0.000000,3.000000,0.000000,1.000000,0.000000,7.980024,1.000000,1.000000,1.000000,0.000000,0.000000,1.000000,0.087325,0.913313,0.900757,961.376737,0.584120,0.389414,0.933333,0.568060,970.032868,0.000000,False,False,False,,,,49,"7,28"
1.000000,0.000000,27.000000,2.000000,0.000000,0.000000,3.000000,0.000000,3.000000,0.000000,7.579962,1.000000,1.000000,1.000000,0.000000,0.000000,1.000000,0.100031,0.897977,0.885352,960.821959,0.600233,0.400156,0.966667,0.554778,970.032868,0.000000,False,False,False,,,,50,"7,28"
1.000000,0.000000,27.000000,2.000000,0.000000,0.000000,3.000000,0.000000,0.000000,0.000000,8.256472,1.000000,1.000000,1.000000,0.000000,0.000000,1.000000,0.239473,0.761229,0.766766,960.393405,0.582785,0.388523,0.900000,0.428555,970.032868,0.000000,False,False,False,,,,51,"7,28"
1.000000,0.000000,27.000000,2.000000,0.000000,0.000000,3.000000,0.000000,2.000000,0.000000,7.439517,1.000000,1.000000,1.000000,0.000000,0.000000,1.000000,0.091858,0.908961,0.901140,959.868794,0.596880,0.397920,1.000000,0.524610,970.278198,0.000000,False,False,False,,,,52,"7,28"
1.000000,0.000000,27.000000,2.000000,0.000000,0.000000,3.000000,0.000000,1.000000,0.000000,7.639882,1.000000,1.000000,1.000000,0.000000,0.000000,1.000000,0.177015,0.824794,0.826014,959.401667,0.595566,0.397044,0.933333,0.467128,970.524126,0.000000,False,False,False,,,,53,"7,28"
1.000000,0.000000,27.000000,2.000000,0.000000,0.000000,3.000000,0.000000,2.000000,0.000000,7.273265,1.000000,1.000000,1.000000,0.000000,0.000000,1.000000,0.164524,0.835429,0.827786,958.906675,0.601486,0.400990,0.966667,0.494992,970.524126,0.000000,False,False,False,,,,54,"7,28"
1.000000,0.000000,27.000000,2.000000,0.000000,0.000000,3.000000,0.000000,0.000000,0.000000,8.014830,1.000000,1.000000,1.000000,0.000000,0.000000,1.000000,0.175047,0.825842,0.826626,958.438061,0.596861,0.397908,0.933333,0.468614,970.770651,0.000000,False,False,False,,,,55,"7,28"
1.000000,0.000000,27.000000,2.000000,0.000000,0.000000,3.000000,0.000000,1.000000,0.000000,7.264105,1.000000,1.000000,1.000000,0.000000,0.000000,1.000000,0.093355,0.907022,0.898727,957.894740,0.615169,0.410113,1.000000,0.543321,971.017773,0.000000,False,False,False,,,,56,"7,28"
1.000000,0.000000,27.000000,2.000000,0.000000,0.000000,3.000000,0.000000,1.000000,0.000000,7.593974,1.000000,1.000000,1.000000,0.000000,0.000000,1.000000,0.164523,0.834100,0.843078,957.385596,0.632424,0.421616,0.966667,0.509144,971.265490,0.000000,False,False,False,,,,57,"7,28"
1.000000,0.000000,27.000000,2.000000,0.000000,0.000000,3.000000,0.000000,3.000000,0.000000,7.543890,1.000000,1.000000,1.000000,0.000000,0.000000,1.000000,0.097650,0.901240,0.898328,956.804451,0.602356,0.401571,0.933333,0.581145,971.265490,0.000000,False,False,False,,,,58,"7,28"
1.000000,0.000000,27.000000,2.000000,0.000000,0.000000,3.000000,0.000000,1.000000,0.000000,7.593974,1.000000,1.000000,1.000000,0.000000,0.000000,1.000000,0.186752,0.813202,0.821198,956.337478,0.575769,0.383846,0.900000,0.466973,971.265490,0.000000,False,False,False,,,,59,"7,28"
1.000000,0.000000,27.000000,2.000000,0.000000,0.000000,3.000000,0.000000,2.000000,0.000000,7.593974,1.000000,1.000000,1.000000,0.000000,0.000000,1.000000,0.088920,0.911611,0.907798,955.807816,0.543479,0.362319,0.933333,0.529662,971.265490,0.000000,False,False,False,,,,60,"7,28"
1.000000,0.000000,27.000000,2.000000,0.000000,0.000000,3.000000,0.000000,2.000000,0.000000,7.593974,1.000000,1.000000,1.000000,0.000000,0.000000,1.000000,0.158101,0.841354,0.846188,955.344307,0.544258,0.362839,0.933333,0.463509,971.265490,0.000000,False,False,False,,,,61,"7,28"
1.000000,0.000000,27.000000,2.000000,0.000000,0.000000,3.000000,0.000000,1.000000,0.000000,7.593974,1.000000,1.000000,1.000000,0.000000,0.000000,1.000000,0.160664,0.838973,0.852455,954.885137,0.541406,0.360937,0.933333,0.459170,971.265490,0.000000,False,False,False,,,,62,"7,28"
1.000000,0.000000,27.000000,2.000000,0.000000,0.000000,3.000000,0.000000,1.000000,0.000000,7.593974,1.000000,1.000000,1.000000,0.000000,0.000000,1.000000,0.088429,0.911795,0.912986,954.374036,0.523231,0.348821,0.933333,0.511101,971.265490,0.000000,False,False,False,,,,63,"7,28"
1.000000,0.000000,28.000000,1.000000,0.000000,0.000000,2.000000,0.000000,1.000000,0.000000,7.759796,1.000000,1.000000,1.000000,1.000000,0.000000,0.000000,0.029126,0.967138,0.968893,953.845902,0.545823,0.363882,0.966667,0.528134,973.646537,0.000000,False,False,False,,,,64,28
0.000000,0.000000,28.000000,2.000000,0.000000,0.000000,2.000000,0.000000,0.000000,0.000000,8.238051,1.000000,1.000000,1.000000,0.000000,0.000000,1.000000,0.135405,0.861397,0.871511,953.404997,0.558623,0.372415,0.966667,0.440906,958.233495,0.000000,False,False,False,,,,65,"11,28"
0.000000,0.000000,28.000000,2.000000,0.000000,0.000000,2.000000,0.000000,2.000000,0.000000,7.714501,1.000000,1.000000,1.000000,0.000000,0.000000,1.000000,0.086839,0.910571,0.898490,952.895680,0.574787,0.383191,1.000000,0.509317,958.681765,0.000000,False,False,False,,,,66,"11,28"
0.000000,0.000000,28.000000,2.000000,0.000000,0.000000,2.000000,0.000000,1.000000,0.000000,7.991690,1.000000,1.000000,1.000000,0.000000,0.000000,1.000000,0.116847,0.880289,0.863296,952.376688,0.563835,0.375890,0.933333,0.518992,958.681765,0.000000,False,False,False,,,,67,"11,28"
0.000000,0.000000,28.000000,2.000000,0.000000,0.000000,2.000000,0.000000,0.000000,0.000000,8.066581,1.000000,1.000000,1.000000,0.000000,0.000000,1.000000,0.145615,0.854265,0.858767,951.919629,0.570359,0.380239,0.966667,0.457059,959.130494,0.000000,False,False,False,,,,68,"11,28"
0.000000,0.000000,28.000000,2.000000,0.000000,0.000000,2.000000,0.000000,2.000000,0.000000,7.556899,1.000000,1.000000,1.000000,0.000000,0.000000,1.000000,0.084360,0.915822,0.902821,951.395161,0.588160,0.392106,1.000000,0.524469,959.579679,0.000000,False,False,False,,,,69,"11,28"
0.000000,0.000000,28.000000,2.000000,0.000000,0.000000,2.000000,0.000000,1.000000,0.000000,7.687758,1.000000,1.000000,1.000000,0.000000,0.000000,1.000000,0.160738,0.839553,0.819962,950.892612,0.601728,0.401152,0.966667,0.502549,959.579679,0.000000,False,False,False,,,,70,"11,28"
0.000000,0.000000,28.000000,2.000000,0.000000,0.000000,2.000000,0.000000,1.000000,0.000000,7.947253,1.000000,1.000000,1.000000,0.000000,0.000000,1.000000,0.095826,0.904921,0.890218,950.355643,0.598267,0.398844,0.966667,0.536969,960.029321,0.000000,False,False,False,,,,71,"11,28"
0.000000,0.000000,28.000000,2.000000,0.000000,0.000000,2.000000,0.000000,2.000000,0.000000,7.809171,1.000000,1.000000,1.000000,0.000000,0.000000,1.000000,0.147833,0.851329,0.869576,949.865657,0.605504,0.403670,0.966667,0.489985,960.479419,0.000000,False,False,False,,,,72,"11,28"
0.000000,0.000000,28.000000,2.000000,0.000000,0.000000,2.000000,0.000000,0.000000,0.000000,8.174708,1.000000,1.000000,1.000000,0.000000,0.000000,1.000000,0.149034,0.851061,0.844011,949.333828,0.618597,0.412398,0.966667,0.531830,960.479419,0.000000,False,False,False,,,,73,"11,28"
0.000000,0.000000,28.000000,2.000000,0.000000,0.000000,2.000000,0.000000,0.000000,0.000000,8.002791,1.000000,1.000000,1.000000,0.000000,0.000000,1.000000,0.085023,0.914876,0.909164,948.768246,0.630447,0.420298,1.000000,0.565582,960.929972,0.000000,False,False,False,,,,74,"11,28"
0.000000,0.000000,28.000000,2.000000,0.000000,0.000000,2.000000,0.000000,3.000000,0.000000,6.899946,1.000000,1.000000,1.000000,0.000000,0.000000,1.000000,0.084379,0.915920,0.913274,948.191875,0.640924,0.427283,1.000000,0.576371,961.380980,0.000000,False,False,False,,,,75,"11,28"
0.000000,0.000000,28.000000,2.000000,0.000000,0.000000,2.000000,0.000000,1.000000,0.000000,7.852357,1.000000,1.000000,1.000000,0.000000,0.000000,1.000000,0.232634,0.767702,0.792257,947.715448,0.632677,0.421785,0.933333,0.476427,961.380980,0.000000,False,False,False,,,,76,"11,28"
0.000000,0.000000,28.000000,2.000000,0.000000,0.000000,2.000000,0.000000,0.000000,0.000000,8.172647,1.000000,1.000000,1.000000,0.000000,0.000000,1.000000,0.159408,0.840484,0.841872,947.179734,0.630237,0.420158,0.966667,0.535715,961.380980,0.000000,False,False,False,,,,77,"11,28"
0.000000,0.000000,28.000000,2.000000,0.000000,0.000000,2.000000,0.000000,1.000000,0.000000,7.516446,1.000000,1.000000,1.000000,0.000000,0.000000,1.000000,0.087153,0.911952,0.912526,946.604748,0.641575,0.427717,1.000000,0.574986,961.832442,0.000000,False,False,False,,,,78,"11,28"
0.000000,0.000000,28.000000,2.000000,0.000000,0.000000,2.000000,0.000000,1.000000,0.000000,7.901960,1.000000,1.000000,1.000000,0.000000,0.000000,1.000000,0.144876,0.853044,0.860274,946.051157,0.639670,0.426447,0.966667,0.553591,961.832442,0.000000,False,False,False,,,,79,"11,28"
0.000000,0.000000,28.000000,2.000000,0.000000,0.000000,2.000000,0.000000,1.000000,0.000000,7.051156,1.000000,1.000000,1.000000,0.000000,0.000000,1.000000,0.159024,0.840598,0.864659,945.539654,0.636755,0.424504,0.966667,0.511503,962.284356,0.000000,False,False,False,,,,80,"11,28"
0.000000,0.000000,28.000000,2.000000,0.000000,0.000000,2.000000,0.000000,1.000000,0.000000,7.864528,1.000000,1.000000,1.000000,0.000000,0.000000,1.000000,0.143400,0.855560,0.862876,944.989000,0.634746,0.423164,0.966667,0.550654,962.284356,0.000000,False,False,False,,,,81,"11,28"
0.000000,0.000000,28.000000,2.000000,0.000000,0.000000,2.000000,0.000000,0.000000,0.000000,8.271183,1.000000,1.000000,1.000000,0.000000,0.000000,1.000000,0.133170,0.865085,0.871283,944.434808,0.629732,0.419822,0.966667,0.554192,962.284356,0.000000,False,False,False,,,,82,"11,28"
0.000000,0.000000,28.000000,2.000000,0.000000,0.000000,2.000000,0.000000,1.000000,0.000000,7.562414,1.000000,1.000000,1.000000,0.000000,0.000000,1.000000,0.089452,0.905510,0.913064,943.866579,0.638285,0.425523,1.000000,0.568229,962.736724,0.000000,False,False,False,,,,83,"11,28"
0.000000,0.000000,28.000000,2.000000,0.000000,0.000000,2.000000,0.000000,1.000000,0.000000,7.801182,1.000000,1.000000,1.000000,0.000000,0.000000,1.000000,0.134180,0.862816,0.872340,943.311237,0.631630,0.421087,0.966667,0.555342,962.736724,0.000000,False,False,False,,,,84,"11,28"
0.000000,0.000000,28.000000,2.000000,0.000000,0.000000,2.000000,0.000000,2.000000,0.000000,7.628076,1.000000,1.000000,1.000000,0.000000,0.000000,1.000000,0.157859,0.839444,0.867066,942.808839,0.626583,0.417722,0.966667,0.502398,963.189543,0.000000,False,False,False,,,,85,"11,28"
0.000000,0.000000,28.000000,2.000000,0.000000,0.000000,2.000000,0.000000,1.000000,0.000000,7.859854,1.000000,1.000000,1.000000,0.000000,0.000000,1.000000,0.137378,0.860206,0.873921,942.279138,0.597017,0.398011,0.933333,0.529701,963.189543,0.000000,False,False,False,,,,86,"11,28"
0.000000,0.000000,29.000000,1.000000,0.000000,0.000000,1.000000,0.000000,1.000000,0.000000,7.596758,1.000000,1.000000,1.000000,1.000000,0.000000,0.000000,0.019160,0.979547,0.981315,941.697511,0.593953,0.395969,0.966667,0.581627,967.662314,0.000000,False,False,False,,,,87,28
0.000000,0.000000,29.000000,1.000000,0.000000,0.000000,1.000000,0.000000,0.000000,0.000000,8.593843,1.000000,1.000000,1.000000,1.000000,0.000000,0.000000,0.084308,0.914868,0.937039,941.182938,0.592426,0.394951,0.966667,0.514572,967.662314,0.000000,False,False,False,,,,88,28
0.000000,0.000000,29.000000,1.000000,0.000000,0.000000,1.000000,0.000000,0.000000,0.000000,8.746232,1.000000,1.000000,1.000000,1.000000,0.000000,0.000000,0.032684,0.966350,0.968169,940.606261,0.597268,0.398178,1.000000,0.576677,966.947523,0.000000,False,False,False,0.893489,1.000000,0.786978,89,28
0.000000,0.000000,29.000000,1.000000,0.000000,0.000000,1.000000,0.000000,0.000000,0.000000,8.760671,1.000000,1.000000,1.000000,1.000000,0.000000,0.000000,0.020828,0.975147,0.977083,940.018980,0.602294,0.401529,1.000000,0.587281,966.161322,0.000000,False,False,False,0.982752,1.000000,0.965503,90,28
0.000000,0.000000,29.000000,1.000000,0.000000,0.000000,1.000000,0.000000,0.000000,0.000000,8.644804,1.000000,1.000000,1.000000,1.000000,0.000000,0.000000,0.015991,0.980830,0.983438,939.422967,0.607423,0.404949,1.000000,0.596014,965.375348,0.000000,False,False,False,0.982467,1.000000,0.964934,91,28
0.000000,0.000000,29.000000,1.000000,0.000000,0.000000,1.000000,0.000000,0.000000,0.000000,8.541307,1.000000,1.000000,1.000000,1.000000,0.000000,0.000000,0.011801,0.984039,0.988645,938.819556,0.612975,0.408650,1.000000,0.603410,964.586955,0.000000,False,False,False,0.985491,1.000000,0.970982,92,28
0.000000,0.000000,29.000000,1.000000,0.000000,0.000000,1.000000,0.000000,0.000000,0.000000,8.460698,1.000000,1.000000,1.000000,1.000000,0.000000,0.000000,0.015209,0.981165,0.983942,938.211901,0.619014,0.412676,1.000000,0.607655,963.796070,0.000000,False,False,False,0.988607,1.000000,0.977214,93,28
0.000000,0.000000,29.000000,1.000000,0.000000,0.000000,1.000000,0.000000,0.000000,0.000000,8.392189,1.000000,1.000000,1.000000,1.000000,0.000000,0.000000,0.017026,0.981831,0.980701,937.598683,0.624892,0.416595,1.000000,0.613219,963.005574,0.000000,False,False,False,0.988119,1.000000,0.976238,94,28
0.000000,0.000000,29.000000,1.000000,0.000000,0.000000,1.000000,0.000000,0.000000,0.000000,8.336572,1.000000,1.000000,1.000000,1.000000,0.000000,0.000000,0.015439,0.982292,0.983043,936.979672,0.630210,0.420140,1.000000,0.619010,962.220015,0.000000,False,False,False,0.981950,1.000000,0.963899,95,28
0.000000,0.000000,29.000000,1.000000,0.000000,0.000000,1.000000,0.000000,0.000000,0.000000,8.283188,1.000000,1.000000,1.000000,1.000000,0.000000,0.000000,0.012332,0.984836,0.988249,936.353670,0.635261,0.423507,1.000000,0.626002,961.429775,0.000000,False,False,False,0.987800,1.000000,0.975599,96,28
0.000000,0.000000,29.000000,1.000000,0.000000,0.000000,1.000000,0.000000,0.000000,0.000000,8.253548,1.000000,1.000000,1.000000,1.000000,0.000000,0.000000,0.020606,0.978842,0.979408,935.727015,0.640199,0.426799,1.000000,0.626655,960.638066,0.000000,False,False,False,0.989636,1.000000,0.979273,97,28
0.000000,0.000000,29.000000,1.000000,0.000000,0.000000,1.000000,0.000000,0.000000,0.000000,8.228540,1.000000,1.000000,1.000000,1.000000,0.000000,0.000000,0.020154,0.978878,0.977258,935.095820,0.644378,0.429586,1.000000,0.631195,959.848661,0.000000,False,False,False,0.986756,1.000000,0.973512,98,28
0.000000,0.000000,29.000000,1.000000,0.000000,0.000000,1.000000,0.000000,0.000000,0.000000,8.203365,1.000000,1.000000,1.000000,1.000000,0.000000,0.000000,0.011396,0.988295,0.988031,934.455188,0.648199,0.432133,1.000000,0.640632,959.063244,0.000000,False,False,False,0.981772,1.000000,0.963544,99,28
0.000000,0.000000,29.000000,1.000000,0.000000,0.000000,1.000000,0.000000,0.000000,0.000000,8.182932,1.000000,1.000000,1.000000,1.000000,0.000000,0.000000,0.022866,0.973862,0.979622,933.819541,0.652211,0.434807,1.000000,0.635647,958.270617,0.000000,False,False,False,0.990783,1.000000,0.981567,100,28
0.000000,0.000000,29.000000,1.000000,0.000000,0.000000,1.000000,0.000000,0.000000,0.000000,8.187814,1.000000,1.000000,1.000000,1.000000,0.000000,0.000000,0.022293,0.975352,0.978845,933.179642,0.656048,0.437365,1.000000,0.639899,957.477865,0.000000,False,False,False,0.990940,1.000000,0.981880,101,28
0.000000,0.000000,29.000000,1.000000,0.000000,0.000000,1.000000,0.000000,0.000000,0.000000,8.213947,1.000000,1.000000,1.000000,1.000000,0.000000,0.000000,0.016557,0.978562,0.982638,932.533473,0.659661,0.439774,1.000000,0.646169,956.689135,0.000000,False,False,False,0.985912,1.000000,0.971823,102,28
0.000000,0.000000,29.000000,1.000000,0.000000,0.000000,1.000000,0.000000,0.000000,0.000000,8.255161,1.000000,1.000000,1.000000,1.000000,0.000000,0.000000,0.015434,0.980173,0.983695,931.883044,0.663286,0.442190,1.000000,0.650429,955.898295,0.000000,False,False,False,0.988550,1.000000,0.977101,103,28
0.000000,0.000000,29.000000,1.000000,0.000000,0.000000,1.000000,0.000000,0.000000,0.000000,8.318344,1.000000,1.000000,1.000000,1.000000,0.000000,0.000000,0.013498,0.983631,0.986296,931.228008,0.666657,0.444438,1.000000,0.655036,955.111201,0.000000,False,False,False,0.983868,1.000000,0.967735,104,28
0.000000,0.000000,29.000000,1.000000,0.000000,0.000000,1.000000,0.000000,0.000000,0.000000,8.396181,1.000000,1.000000,1.000000,1.000000,0.000000,0.000000,0.024384,0.972030,0.976767,930.576646,0.669994,0.446662,1.000000,0.651363,954.323293,0.000000,False,False,False,0.984884,1.000000,0.969769,105,28
0.000000,0.000000,29.000000,1.000000,0.000000,0.000000,1.000000,0.000000,0.000000,0.000000,8.492842,1.000000,1.000000,1.000000,1.000000,0.000000,0.000000,0.019517,0.972353,0.978900,929.921642,0.673244,0.448830,1.000000,0.655004,953.536170,0.000000,False,False,False,0.983904,1.000000,0.967808,106,28
0.000000,0.000000,29.000000,1.000000,0.000000,0.000000,1.000000,0.000000,0.000000,0.000000,8.618118,1.000000,1.000000,1.000000,1.000000,0.000000,0.000000,0.025125,0.967737,0.975301,929.266647,0.676384,0.450922,1.000000,0.654995,952.749594,0.000000,False,False,False,0.983220,1.000000,0.966440,107,28
0.000000,0.000000,29.000000,1.000000,0.000000,0.000000,1.000000,0.000000,0.000000,0.000000,8.763900,1.000000,1.000000,1.000000,1.000000,0.000000,0.000000,0.014424,0.979283,0.985655,928.601834,0.679352,0.452902,1.000000,0.664814,951.965490,0.000000,False,False,False,0.980130,1.000000,0.960259,108,28
0.000000,0.000000,29.000000,1.000000,0.000000,0.000000,1.000000,0.000000,0.000000,0.000000,8.933046,1.000000,1.000000,1.000000,1.000000,0.000000,0.000000,0.024264,0.969247,0.977410,927.940259,0.682330,0.454887,1.000000,0.661575,951.179622,0.000000,False,False,False,0.982336,1.000000,0.964672,109,28
0.000000,0.000000,29.000000,1.000000,0.000000,0.000000,1.000000,0.000000,0.000000,0.000000,9.138005,1.000000,1.000000,1.000000,1.000000,0.000000,0.000000,0.022260,0.971458,0.976517,927.274443,0.685146,0.456764,1.000000,0.665816,950.395555,0.000000,False,False,False,0.980083,1.000000,0.960167,110,28
0.000000,0.000000,29.000000,1.000000,0.000000,0.000000,1.000000,0.000000,0.000000,0.000000,9.158210,1.000000,1.000000,1.000000,1.000000,0.000000,0.000000,0.029191,0.961825,0.972177,926.612407,0.688006,0.458671,1.000000,0.662037,949.608559,0.000000,False,False,False,0.983745,1.000000,0.967490,111,28
0.000000,0.000000,29.000000,1.000000,0.000000,0.000000,1.000000,0.000000,0.000000,0.000000,9.110303,1.000000,1.000000,1.000000,1.000000,0.000000,0.000000,0.030630,0.960112,0.971659,925.948826,0.690669,0.460446,1.000000,0.663581,948.824279,0.000000,False,False,False,0.980351,1.000000,0.960701,112,28
0.000000,0.000000,29.000000,1.000000,0.000000,0.000000,1.000000,0.000000,0.000000,0.000000,9.059388,1.000000,1.000000,1.000000,1.000000,0.000000,0.000000,0.026917,0.966232,0.973128,925.278839,0.693149,0.462100,1.000000,0.669986,948.043654,0.000000,False,False,False,0.975781,1.000000,0.951562,113,28
0.000000,0.000000,29.000000,1.000000,0.000000,0.000000,1.000000,0.000000,0.000000,0.000000,9.111198,1.000000,1.000000,1.000000,1.000000,0.000000,0.000000,0.022190,0.969556,0.977911,924.603591,0.695709,0.463806,1.000000,0.675248,947.258946,0.000000,False,False,False,0.980885,1.000000,0.961771,114,28
0.000000,0.000000,29.000000,1.000000,0.000000,0.000000,1.000000,0.000000,0.000000,0.000000,9.094859,1.000000,1.000000,1.000000,1.000000,0.000000,0.000000,0.027599,0.967375,0.973075,923.927185,0.698165,0.465444,1.000000,0.676406,946.474279,0.000000,False,False,False,0.980834,1.000000,0.961667,115,28
0.000000,0.000000,29.000000,1.000000,0.000000,0.000000,1.000000,0.000000,0.000000,0.000000,9.157177,1.000000,1.000000,1.000000,1.000000,0.000000,0.000000,0.020525,0.972247,0.977696,923.245450,0.700753,0.467169,1.000000,0.681736,945.683284,0.000000,False,False,False,0.988743,1.000000,0.977486,116,28
0.000000,0.000000,29.000000,1.000000,0.000000,0.000000,1.000000,0.000000,0.000000,0.000000,9.134502,1.000000,1.000000,1.000000,1.000000,0.000000,0.000000,0.022872,0.969178,0.977015,922.562946,0.703137,0.468758,1.000000,0.682504,944.895223,0.000000,False,False,False,0.985077,1.000000,0.970154,117,28
0.000000,0.000000,29.000000,1.000000,0.000000,0.000000,1.000000,0.000000,0.000000,0.000000,9.210594,1.000000,1.000000,1.000000,1.000000,0.000000,0.000000,0.021695,0.972883,0.977238,921.876507,0.705392,0.470262,1.000000,0.686439,944.109935,0.000000,False,False,False,0.981610,1.000000,0.963220,118,28
0.000000,0.000000,29.000000,1.000000,0.000000,0.000000,1.000000,0.000000,0.000000,0.000000,9.197128,1.000000,1.000000,1.000000,1.000000,0.000000,0.000000,0.020036,0.974345,0.979273,921.186252,0.707685,0.471790,1.000000,0.690255,943.322209,0.000000,False,False,False,0.984657,1.000000,0.969315,119,28
0.000000,0.000000,29.000000,1.000000,0.000000,0.000000,1.000000,0.000000,0.000000,0.000000,9.139631,1.000000,1.000000,1.000000,1.000000,0.000000,0.000000,0.025394,0.969571,0.974879,920.497137,0.709997,0.473331,1.000000,0.689115,942.531242,0.000000,False,False,False,0.988709,1.000000,0.977417,120,28
0.000000,0.000000,29.000000,1.000000,0.000000,0.000000,1.000000,0.000000,0.000000,0.000000,9.085180,1.000000,1.000000,1.000000,1.000000,0.000000,0.000000,0.022928,0.971939,0.976511,919.804025,0.712325,0.474883,1.000000,0.693111,941.737592,0.000000,False,False,False,0.992062,1.000000,0.984125,121,28
0.000000,0.000000,29.000000,1.000000,0.000000,0.000000,1.000000,0.000000,0.000000,0.000000,9.034770,1.000000,1.000000,1.000000,1.000000,0.000000,0.000000,0.016508,0.977804,0.983990,919.104626,0.714433,0.476289,1.000000,0.699400,940.947887,0.000000,False,False,False,0.987132,1.000000,0.974263,122,28
0.000000,0.000000,29.000000,1.000000,0.000000,0.000000,1.000000,0.000000,0.000000,0.000000,8.986872,1.000000,1.000000,1.000000,1.000000,0.000000,0.000000,0.027188,0.966788,0.974176,918.410905,0.716628,0.477752,1.000000,0.693720,940.155087,0.000000,False,False,False,0.991000,1.000000,0.982000,123,28
0.000000,0.000000,29.000000,1.000000,0.000000,0.000000,1.000000,0.000000,0.000000,0.000000,8.941138,1.000000,1.000000,1.000000,1.000000,0.000000,0.000000,0.023344,0.971460,0.978209,917.711527,0.718900,0.479267,1.000000,0.699379,939.362953,0.000000,False,False,False,0.990167,1.000000,0.980333,124,28
0.000000,0.000000,29.000000,1.000000,0.000000,0.000000,1.000000,0.000000,0.000000,0.000000,8.901502,1.000000,1.000000,1.000000,1.000000,0.000000,0.000000,0.022287,0.970387,0.977773,917.010276,0.721175,0.480784,1.000000,0.701251,938.569044,0.000000,False,False,False,0.992387,1.000000,0.984774,125,28
0.000000,0.000000,29.000000,1.000000,0.000000,0.000000,1.000000,0.000000,0.000000,0.000000,8.863601,1.000000,1.000000,1.000000,1.000000,0.000000,0.000000,0.033151,0.958048,0.966902,916.316065,0.723252,0.482168,1.000000,0.694210,937.778362,0.000000,False,False,False,0.988352,1.000000,0.976703,126,28
0.000000,0.000000,29.000000,1.000000,0.000000,0.000000,1.000000,0.000000,0.000000,0.000000,8.834440,1.000000,1.000000,1.000000,1.000000,0.000000,0.000000,0.024890,0.966574,0.976679,915.613347,0.725178,0.483452,1.000000,0.702718,936.990937,0.000000,False,False,False,0.984281,1.000000,0.968563,127,28
0.000000,0.000000,29.000000,1.000000,0.000000,0.000000,1.000000,0.000000,0.000000,0.000000,8.802967,1.000000,1.000000,1.000000,1.000000,0.000000,0.000000,0.025675,0.967634,0.976417,914.908156,0.727156,0.484771,1.000000,0.705191,936.200715,0.000000,False,False,False,0.987778,1.000000,0.975556,128,28
0.000000,0.000000,29.000000,1.000000,0.000000,0.000000,1.000000,0.000000,0.000000,0.000000,8.776900,1.000000,1.000000,1.000000,1.000000,0.000000,0.000000,0.024578,0.963751,0.976375,914.203707,0.729164,0.486109,1.000000,0.704449,935.407435,0.000000,False,False,False,0.991599,1.000000,0.983199,129,28
0.000000,0.000000,29.000000,1.000000,0.000000,0.000000,1.000000,0.000000,0.000000,0.000000,8.747467,1.000000,1.000000,1.000000,1.000000,0.000000,0.000000,0.029973,0.962126,0.970752,913.499097,0.730994,0.487329,1.000000,0.704611,934.617161,0.000000,False,False,False,0.987843,1.000000,0.975686,130,28
0.000000,0.000000,29.000000,1.000000,0.000000,0.000000,1.000000,0.000000,0.000000,0.000000,8.730221,1.000000,1.000000,1.000000,1.000000,0.000000,0.000000,0.025476,0.966124,0.977836,912.789437,0.732717,0.488478,1.000000,0.709660,933.829137,0.000000,False,False,False,0.985030,1.000000,0.970059,131,28
0.000000,0.000000,29.000000,1.000000,0.000000,0.000000,1.000000,0.000000,0.000000,0.000000,8.719667,1.000000,1.000000,1.000000,1.000000,0.000000,0.000000,0.025242,0.965983,0.977276,912.078036,0.734434,0.489623,1.000000,0.711401,933.039876,0.000000,False,False,False,0.986576,1.000000,0.973152,132,28
0.000000,0.000000,29.000000,1.000000,0.000000,0.000000,1.000000,0.000000,0.000000,0.000000,8.711646,1.000000,1.000000,1.000000,1.000000,0.000000,0.000000,0.020212,0.970891,0.981388,911.361569,0.736267,0.490845,1.000000,0.716466,932.245318,0.000000,False,False,False,0.993198,1.000000,0.986395,133,28
0.000000,0.000000,29.000000,1.000000,0.000000,0.000000,1.000000,0.000000,0.000000,0.000000,8.700306,1.000000,1.000000,1.000000,1.000000,0.000000,0.000000,0.026577,0.968647,0.975868,910.645044,0.737997,0.491998,1.000000,0.716525,931.451528,0.000000,False,False,False,0.992238,1.000000,0.984476,134,28
0.000000,0.000000,29.000000,1.000000,0.000000,0.000000,1.000000,0.000000,0.000000,0.000000,8.703920,1.000000,1.000000,1.000000,1.000000,0.000000,0.000000,0.017215,0.979855,0.983161,909.919364,0.739616,0.493077,1.000000,0.725681,930.659739,0.000000,False,False,False,0.989736,1.000000,0.979472,135,28
0.000000,0.000000,29.000000,1.000000,0.000000,0.000000,1.000000,0.000000,0.000000,0.000000,8.704814,1.000000,1.000000,1.000000,1.000000,0.000000,0.000000,0.035956,0.961938,0.964634,909.205196,0.741295,0.494197,1.000000,0.714168,929.864932,0.000000,False,False,False,0.993509,1.000000,0.987019,136,28
0.000000,0.000000,29.000000,1.000000,0.000000,0.000000,1.000000,0.000000,0.000000,0.000000,8.722194,1.000000,1.000000,1.000000,1.000000,0.000000,0.000000,0.025403,0.968815,0.974502,908.484449,0.742625,0.495083,1.000000,0.720747,929.078647,0.000000,False,False,False,0.982856,1.000000,0.965712,137,28
0.000000,0.000000,29.000000,1.000000,0.000000,0.000000,1.000000,0.000000,0.000000,0.000000,8.732746,1.000000,1.000000,1.000000,1.000000,0.000000,0.000000,0.026955,0.968381,0.974889,907.762432,0.744045,0.496030,1.000000,0.722017,928.289699,0.000000,False,False,False,0.986185,1.000000,0.972369,138,28
0.000000,0.000000,29.000000,1.000000,0.000000,0.000000,1.000000,0.000000,0.000000,0.000000,8.743560,1.000000,1.000000,1.000000,1.000000,0.000000,0.000000,0.033765,0.961258,0.969905,907.043701,0.745582,0.497055,1.000000,0.718732,927.495712,0.000000,False,False,False,0.992484,1.000000,0.984967,139,28
0.000000,0.000000,29.000000,1.000000,0.000000,0.000000,1.000000,0.000000,0.000000,0.000000,8.764902,1.000000,1.000000,1.000000,1.000000,0.000000,0.000000,0.021394,0.974384,0.980280,906.314122,0.746925,0.497950,1.000000,0.729578,926.705541,0.000000,False,False,False,0.987714,1.000000,0.975427,140,28
0.000000,0.000000,29.000000,1.000000,0.000000,0.000000,1.000000,0.000000,0.000000,0.000000,8.791313,1.000000,1.000000,1.000000,1.000000,0.000000,0.000000,0.027525,0.968371,0.976458,905.586965,0.748352,0.498902,1.000000,0.727157,925.912230,0.000000,False,False,False,0.991639,1.000000,0.983277,141,28
0.000000,0.000000,29.000000,1.000000,0.000000,0.000000,1.000000,0.000000,0.000000,0.000000,8.816157,1.000000,1.000000,1.000000,1.000000,0.000000,0.000000,0.026147,0.972325,0.975397,904.857544,0.749735,0.499823,1.000000,0.729421,925.118517,0.000000,False,False,False,0.992142,1.000000,0.984284,142,28
0.000000,0.000000,29.000000,1.000000,0.000000,0.000000,1.000000,0.000000,0.000000,0.000000,8.849190,1.000000,1.000000,1.000000,1.000000,0.000000,0.000000,0.036953,0.960599,0.964393,904.135286,0.751080,0.500720,1.000000,0.722258,924.324665,0.000000,False,False,False,0.992315,1.000000,0.984630,143,28
0.000000,0.000000,29.000000,1.000000,0.000000,0.000000,1.000000,0.000000,0.000000,0.000000,8.874303,1.000000,1.000000,1.000000,1.000000,0.000000,0.000000,0.022608,0.975904,0.977876,903.400546,0.752266,0.501511,1.000000,0.734739,923.534375,0.000000,False,False,False,0.987862,1.000000,0.975724,144,28
0.000000,0.000000,29.000000,1.000000,0.000000,0.000000,1.000000,0.000000,0.000000,0.000000,8.920431,1.000000,1.000000,1.000000,1.000000,0.000000,0.000000,0.024389,0.973232,0.977478,902.665863,0.753468,0.502312,1.000000,0.734683,922.742946,0.000000,False,False,False,0.989286,1.000000,0.978572,145,28
0.000000,0.000000,29.000000,1.000000,0.000000,0.000000,1.000000,0.000000,0.000000,0.000000,8.955200,1.000000,1.000000,1.000000,1.000000,0.000000,0.000000,0.037073,0.960611,0.964913,901.939600,0.754569,0.503046,1.000000,0.726263,921.953213,0.000000,False,False,False,0.987166,1.000000,0.974333,146,28
0.000000,0.000000,29.000000,1.000000,0.000000,0.000000,1.000000,0.000000,0.000000,0.000000,9.010134,1.000000,1.000000,1.000000,1.000000,0.000000,0.000000,0.031440,0.967336,0.969263,901.207759,0.755648,0.503765,1.000000,0.731841,921.163367,0.000000,False,False,False,0.987307,1.000000,0.974615,147,28
0.000000,0.000000,29.000000,1.000000,0.000000,0.000000,1.000000,0.000000,0.000000,0.000000,9.055232,1.000000,1.000000,1.000000,1.000000,0.000000,0.000000,0.023700,0.975797,0.976775,900.469402,0.756617,0.504412,1.000000,0.738357,920.375848,0.000000,False,False,False,0.984399,1.000000,0.968798,148,28
0.000000,0.000000,29.000000,1.000000,0.000000,0.000000,1.000000,0.000000,0.000000,0.000000,9.114281,1.000000,1.000000,1.000000,1.000000,0.000000,0.000000,0.028425,0.970597,0.971614,899.733326,0.757670,0.505113,1.000000,0.736077,919.585230,0.000000,False,False,False,0.988273,1.000000,0.976546,149,28
0.000000,0.000000,29.000000,1.000000,0.000000,0.000000,1.000000,0.000000,0.000000,0.000000,9.168001,1.000000,1.000000,1.000000,1.000000,0.000000,0.000000,0.027005,0.971307,0.974066,898.995169,0.758721,0.505814,1.000000,0.738157,918.793474,0.000000,False,False,False,0.989695,1.000000,0.979390,150,28
0.000000,0.000000,29.000000,1.000000,0.000000,0.000000,1.000000,0.000000,0.000000,0.000000,9.250700,1.000000,1.000000,1.000000,1.000000,0.000000,0.000000,0.027831,0.969472,0.972873,898.257823,0.759676,0.506451,1.000000,0.737345,918.003673,0.000000,False,False,False,0.987251,1.000000,0.974502,151,28
0.000000,0.000000,29.000000,1.000000,0.000000,0.000000,1.000000,0.000000,0.000000,0.000000,9.324909,1.000000,1.000000,1.000000,1.000000,0.000000,0.000000,0.028721,0.969935,0.972045,897.519140,0.760660,0.507107,1.000000,0.738683,917.212379,0.000000,False,False,False,0.989118,1.000000,0.978235,152,28
0.000000,0.000000,29.000000,1.000000,0.000000,0.000000,1.000000,0.000000,0.000000,0.000000,9.418251,1.000000,1.000000,1.000000,1.000000,0.000000,0.000000,0.040721,0.956753,0.959496,896.789111,0.761512,0.507674,1.000000,0.730029,916.423951,0.000000,False,False,False,0.985535,1.000000,0.971070,153,28
0.000000,0.000000,29.000000,1.000000,0.000000,0.000000,1.000000,0.000000,0.000000,0.000000,9.493255,1.000000,1.000000,1.000000,1.000000,0.000000,0.000000,0.035476,0.963648,0.963173,896.054626,0.762053,0.508035,1.000000,0.734484,915.644377,0.000000,False,False,False,0.974468,1.000000,0.948935,154,28
0.000000,0.000000,29.000000,1.000000,0.000000,0.000000,1.000000,0.000000,0.000000,0.000000,9.591187,1.000000,1.000000,1.000000,1.000000,0.000000,0.000000,0.022251,0.976468,0.977839,895.308925,0.762735,0.508490,1.000000,0.745702,914.860935,0.000000,False,False,False,0.979302,1.000000,0.958605,155,28
0.000000,0.000000,29.000000,1.000000,0.000000,0.000000,1.000000,0.000000,0.000000,0.000000,9.663687,1.000000,1.000000,1.000000,1.000000,0.000000,0.000000,0.044795,0.954063,0.952739,894.579645,0.763596,0.509064,1.000000,0.729280,914.070852,0.000000,False,False,False,0.987604,1.000000,0.975208,156,28
0.000000,0.000000,29.000000,1.000000,0.000000,0.000000,1.000000,0.000000,0.000000,0.000000,9.778318,1.000000,1.000000,1.000000,1.000000,0.000000,0.000000,0.022250,0.976165,0.977481,893.833036,0.764059,0.509373,1.000000,0.746609,913.291211,0.000000,False,False,False,0.974551,1.000000,0.949101,157,28
0.000000,0.000000,29.000000,1.000000,0.000000,0.000000,1.000000,0.000000,0.000000,0.000000,9.887873,1.000000,1.000000,1.000000,1.000000,0.000000,0.000000,0.023024,0.975491,0.975010,893.086229,0.764703,0.509802,1.000000,0.746807,912.506948,0.000000,False,False,False,0.980329,1.000000,0.960659,158,28
0.000000,0.000000,29.000000,1.000000,0.000000,0.000000,1.000000,0.000000,0.000000,0.000000,9.991230,1.000000,1.000000,1.000000,1.000000,0.000000,0.000000,0.027945,0.971387,0.971911,892.342748,0.765366,0.510244,1.000000,0.743481,911.720824,0.000000,False,False,False,0.982655,1.000000,0.965310,159,28
0.000000,0.000000,29.000000,1.000000,0.000000,0.000000,1.000000,0.000000,0.000000,0.000000,10.103494,1.000000,1.000000,1.000000,1.000000,0.000000,0.000000,0.028751,0.969179,0.971705,891.598864,0.766002,0.510668,1.000000,0.743884,910.934847,0.000000,False,False,False,0.982471,1.000000,0.964942,160,28
0.000000,0.000000,29.000000,1.000000,0.000000,0.000000,1.000000,0.000000,0.000000,0.000000,10.221966,1.000000,1.000000,1.000000,1.000000,0.000000,0.000000,0.027125,0.971583,0.973473,890.853173,0.766580,0.511054,1.000000,0.745690,910.151262,0.000000,False,False,False,0.979480,1.000000,0.958961,161,28
0.000000,0.000000,29.000000,1.000000,0.000000,0.000000,1.000000,0.000000,0.000000,0.000000,10.346949,1.000000,1.000000,1.000000,1.000000,0.000000,0.000000,0.048537,0.950471,0.951916,890.123233,0.767197,0.511464,1.000000,0.729940,909.366114,0.000000,False,False,False,0.981435,1.000000,0.962870,162,28
0.000000,0.000000,29.000000,1.000000,0.000000,0.000000,1.000000,0.000000,0.000000,0.000000,10.489180,1.000000,1.000000,1.000000,1.000000,0.000000,0.000000,0.035765,0.965052,0.962233,889.383103,0.767607,0.511738,1.000000,0.740130,908.586585,0.000000,False,False,False,0.974411,1.000000,0.948822,163,28
0.000000,0.000000,29.000000,1.000000,0.000000,0.000000,1.000000,0.000000,0.000000,0.000000,10.623431,1.000000,1.000000,1.000000,1.000000,0.000000,0.000000,0.029924,0.968865,0.968106,888.638024,0.768128,0.512085,1.000000,0.745079,907.803556,0.000000,False,False,False,0.978786,1.000000,0.957573,164,28
0.000000,0.000000,29.000000,1.000000,0.000000,0.000000,1.000000,0.000000,0.000000,0.000000,10.647979,1.000000,1.000000,1.000000,1.000000,0.000000,0.000000,0.028965,0.967263,0.972412,887.893030,0.768614,0.512409,1.000000,0.744994,907.020733,0.000000,False,False,False,0.978529,1.000000,0.957057,165,28
0.000000,0.000000,29.000000,1.000000,0.000000,0.000000,1.000000,0.000000,0.000000,0.000000,10.682271,1.000000,1.000000,1.000000,1.000000,0.000000,0.000000,0.041102,0.957588,0.960231,887.155380,0.769183,0.512788,1.000000,0.737651,906.235073,0.000000,False,False,False,0.982075,1.000000,0.964150,166,28
0.000000,0.000000,29.000000,1.000000,0.000000,0.000000,1.000000,0.000000,0.000000,0.000000,10.719447,1.000000,1.000000,1.000000,1.000000,0.000000,0.000000,0.030946,0.967716,0.967616,886.409916,0.769636,0.513090,1.000000,0.745464,905.452280,0.000000,False,False,False,0.978492,1.000000,0.956984,167,28
0.000000,0.000000,29.000000,1.000000,0.000000,0.000000,1.000000,0.000000,0.000000,0.000000,10.839077,1.000000,1.000000,1.000000,1.000000,0.000000,0.000000,0.031772,0.968081,0.965993,885.664378,0.769985,0.513323,1.000000,0.745538,904.672359,0.000000,False,False,False,0.974900,1.000000,0.949801,168,28
0.000000,0.000000,29.000000,1.000000,0.000000,0.000000,1.000000,0.000000,0.000000,0.000000,10.695190,1.000000,1.000000,1.000000,1.000000,0.000000,0.000000,0.023594,0.973262,0.977978,884.913957,0.770422,0.513615,1.000000,0.750422,903.889546,0.000000,False,False,False,0.978517,1.000000,0.957034,169,28
0.000000,0.000000,29.000000,1.000000,0.000000,0.000000,1.000000,0.000000,0.000000,0.000000,10.816314,1.000000,1.000000,1.000000,1.000000,0.000000,0.000000,0.038343,0.961004,0.959021,884.172481,0.771035,0.514024,1.000000,0.741476,903.100689,0.000000,False,False,False,0.986071,1.000000,0.972142,170,28
0.000000,0.000000,29.000000,1.000000,0.000000,0.000000,1.000000,0.000000,0.000000,0.000000,10.710458,1.000000,1.000000,1.000000,1.000000,0.000000,0.000000,0.026819,0.971420,0.972601,883.421983,0.771185,0.514123,1.000000,0.750497,902.325280,0.000000,False,False,False,0.969262,1.000000,0.938524,171,28
0.000000,0.000000,29.000000,1.000000,0.000000,0.000000,1.000000,0.000000,0.000000,0.000000,10.894616,1.000000,1.000000,1.000000,1.000000,0.000000,0.000000,0.026694,0.971544,0.972552,882.670913,0.771774,0.514516,1.000000,0.751070,901.536760,0.000000,False,False,False,0.985650,1.000000,0.971300,172,28
0.000000,0.000000,29.000000,1.000000,0.000000,0.000000,1.000000,0.000000,0.000000,0.000000,10.731141,1.000000,1.000000,1.000000,1.000000,0.000000,0.000000,0.022691,0.977317,0.977485,881.916838,0.772231,0.514820,1.000000,0.754075,900.751191,0.000000,False,False,False,0.981961,1.000000,0.963922,173,28
0.000000,0.000000,29.000000,1.000000,0.000000,0.000000,1.000000,0.000000,0.000000,0.000000,10.955403,1.000000,1.000000,1.000000,1.000000,0.000000,0.000000,0.013394,0.985892,0.987083,881.154382,0.772792,0.515195,1.000000,0.762456,899.962121,0.000000,False,False,False,0.986337,1.000000,0.972674,174,28
0.000000,0.000000,29.000000,1.000000,0.000000,0.000000,1.000000,0.000000,0.000000,0.000000,10.746501,1.000000,1.000000,1.000000,1.000000,0.000000,0.000000,0.018285,0.981603,0.983656,880.395374,0.773499,0.515666,1.000000,0.759009,899.168275,0.000000,False,False,False,0.992307,1.000000,0.984614,175,28
0.000000,0.000000,29.000000,1.000000,0.000000,0.000000,1.000000,0.000000,0.000000,0.000000,10.782464,1.000000,1.000000,1.000000,1.000000,0.000000,0.000000,0.027203,0.971928,0.972116,879.642264,0.774219,0.516146,1.000000,0.753110,898.373256,0.000000,False,False,False,0.993774,1.000000,0.987548,176,28
0.000000,0.000000,29.000000,1.000000,0.000000,0.000000,1.000000,0.000000,0.000000,0.000000,10.789638,1.000000,1.000000,1.000000,1.000000,0.000000,0.000000,0.024893,0.975033,0.975771,878.886926,0.774626,0.516417,1.000000,0.755338,897.586732,0.000000,False,False,False,0.983156,1.000000,0.966311,177,28
0.000000,0.000000,29.000000,1.000000,0.000000,0.000000,1.000000,0.000000,0.000000,0.000000,11.063819,1.000000,1.000000,1.000000,1.000000,0.000000,0.000000,0.022247,0.977711,0.979216,878.129086,0.775138,0.516758,1.000000,0.757840,896.797125,0.000000,False,False,False,0.987009,1.000000,0.974018,178,28
0.000000,0.000000,29.000000,1.000000,0.000000,0.000000,1.000000,0.000000,0.000000,0.000000,10.848803,1.000000,1.000000,1.000000,1.000000,0.000000,0.000000,0.026603,0.972755,0.974584,877.374563,0.775731,0.517154,1.000000,0.754523,896.004395,0.000000,False,False,False,0.990912,1.000000,0.981823,179,28
0.000000,0.000000,29.000000,1.000000,0.000000,0.000000,1.000000,0.000000,0.000000,0.000000,10.966847,1.000000,1.000000,1.000000,1.000000,0.000000,0.000000,0.017338,0.980799,0.982291,876.611909,0.776217,0.517478,1.000000,0.762653,895.214182,0.000000,False,False,False,0.987767,1.000000,0.975533,180,28
0.000000,0.000000,29.000000,1.000000,0.000000,0.000000,1.000000,0.000000,0.000000,0.000000,10.896695,1.000000,1.000000,1.000000,1.000000,0.000000,0.000000,0.020819,0.975770,0.978916,875.853582,0.776724,0.517816,1.000000,0.758327,894.422912,0.000000,False,False,False,0.989087,1.000000,0.978175,181,28
0.000000,0.000000,29.000000,1.000000,0.000000,0.000000,1.000000,0.000000,0.000000,0.000000,11.157396,1.000000,1.000000,1.000000,1.000000,0.000000,0.000000,0.041385,0.958573,0.957086,875.108910,0.777121,0.518081,1.000000,0.744672,893.634409,0.000000,False,False,False,0.985629,1.000000,0.971258,182,28
0.000000,0.000000,29.000000,1.000000,0.000000,0.000000,1.000000,0.000000,0.000000,0.000000,10.946228,1.000000,1.000000,1.000000,1.000000,0.000000,0.000000,0.022326,0.976291,0.977491,874.348877,0.777400,0.518267,1.000000,0.760033,892.849076,0.000000,False,False,False,0.981666,1.000000,0.963333,183,28
0.000000,0.000000,29.000000,1.000000,0.000000,0.000000,1.000000,0.000000,0.000000,0.000000,11.160222,1.000000,1.000000,1.000000,1.000000,0.000000,0.000000,0.024640,0.972248,0.976387,873.590676,0.777795,0.518530,1.000000,0.758201,892.060005,0.000000,False,False,False,0.986338,1.000000,0.972677,184,28
0.000000,0.000000,29.000000,1.000000,0.000000,0.000000,1.000000,0.000000,0.000000,0.000000,11.004402,1.000000,1.000000,1.000000,1.000000,0.000000,0.000000,0.029211,0.972325,0.972951,872.835300,0.778097,0.518731,1.000000,0.755375,891.273246,0.000000,False,False,False,0.983449,1.000000,0.966899,185,28
0.000000,0.000000,29.000000,1.000000,0.000000,0.000000,1.000000,0.000000,0.000000,0.000000,11.064037,1.000000,1.000000,1.000000,1.000000,0.000000,0.000000,0.021145,0.978415,0.978850,872.073320,0.778531,0.519021,1.000000,0.761980,890.482392,0.000000,False,False,False,0.988567,1.000000,0.977134,186,28
0.000000,0.000000,29.000000,1.000000,0.000000,0.000000,1.000000,0.000000,0.000000,0.000000,11.033322,1.000000,1.000000,1.000000,1.000000,0.000000,0.000000,0.017939,0.980697,0.982693,871.309357,0.778893,0.519262,1.000000,0.763964,889.693132,0.000000,False,False,False,0.986575,1.000000,0.973150,187,28
0.000000,0.000000,29.000000,1.000000,0.000000,0.000000,1.000000,0.000000,0.000000,0.000000,11.177121,1.000000,1.000000,1.000000,1.000000,0.000000,0.000000,0.040940,0.957329,0.956892,870.562052,0.779326,0.519550,1.000000,0.747304,888.901508,0.000000,False,False,False,0.989530,1.000000,0.979060,188,28
0.000000,0.000000,29.000000,1.000000,0.000000,0.000000,1.000000,0.000000,0.000000,0.000000,11.083462,1.000000,1.000000,1.000000,1.000000,0.000000,0.000000,0.041659,0.959864,0.960504,869.815042,0.779463,0.519642,1.000000,0.747011,888.118229,0.000000,False,False,False,0.979099,1.000000,0.958198,189,28
0.000000,0.000000,29.000000,1.000000,0.000000,0.000000,1.000000,0.000000,0.000000,0.000000,11.165405,1.000000,1.000000,1.000000,1.000000,0.000000,0.000000,0.027178,0.971264,0.971547,869.056625,0.779800,0.519867,1.000000,0.758417,887.329043,0.000000,False,False,False,0.986482,1.000000,0.972964,190,28
0.000000,0.000000,29.000000,1.000000,0.000000,0.000000,1.000000,0.000000,0.000000,0.000000,11.123210,1.000000,1.000000,1.000000,1.000000,0.000000,0.000000,0.027578,0.971963,0.972967,868.298557,0.779985,0.519990,1.000000,0.758068,886.543705,0.000000,False,False,False,0.981673,1.000000,0.963346,191,28
0.000000,0.000000,29.000000,1.000000,0.000000,0.000000,1.000000,0.000000,0.000000,0.000000,11.046329,1.000000,1.000000,1.000000,1.000000,0.000000,0.000000,0.030716,0.969436,0.969769,867.542533,0.780251,0.520167,1.000000,0.756024,885.755985,0.000000,False,False,False,0.984650,1.000000,0.969299,192,28
0.000000,0.000000,29.000000,1.000000,0.000000,0.000000,1.000000,0.000000,0.000000,0.000000,11.149112,1.000000,1.000000,1.000000,1.000000,0.000000,0.000000,0.027638,0.973090,0.973793,866.783528,0.780496,0.520331,1.000000,0.759005,884.968345,0.000000,False,False,False,0.984550,1.000000,0.969100,193,28
0.000000,0.000000,29.000000,1.000000,0.000000,0.000000,1.000000,0.000000,0.000000,0.000000,11.009018,1.000000,1.000000,1.000000,1.000000,0.000000,0.000000,0.022523,0.976492,0.976663,866.020309,0.780868,0.520579,1.000000,0.763219,884.176864,0.000000,False,False,False,0.989351,1.000000,0.978702,194,28
0.000000,0.000000,29.000000,1.000000,0.000000,0.000000,1.000000,0.000000,0.000000,0.000000,11.126014,1.000000,1.000000,1.000000,1.000000,0.000000,0.000000,0.014754,0.984311,0.985178,865.250776,0.781068,0.520712,1.000000,0.769533,883.389937,0.000000,False,False,False,0.983659,1.000000,0.967317,195,28
0.000000,0.000000,29.000000,1.000000,0.000000,0.000000,1.000000,0.000000,0.000000,0.000000,11.197541,1.000000,1.000000,1.000000,1.000000,0.000000,0.000000,0.026822,0.972537,0.974755,864.490315,0.781466,0.520977,1.000000,0.760461,882.597272,0.000000,False,False,False,0.990831,1.000000,0.981662,196,28
0.000000,0.000000,29.000000,1.000000,0.000000,0.000000,1.000000,0.000000,0.000000,0.000000,11.173997,1.000000,1.000000,1.000000,1.000000,0.000000,0.000000,0.035580,0.964576,0.963801,863.736254,0.781859,0.521240,1.000000,0.754060,881.803928,0.000000,False,False,False,0.991680,1.000000,0.983361,197,28
0.000000,0.000000,29.000000,1.000000,0.000000,0.000000,1.000000,0.000000,0.000000,0.000000,11.136979,1.000000,1.000000,1.000000,1.000000,0.000000,0.000000,0.022818,0.975790,0.976161,862.972234,0.782041,0.521361,1.000000,0.764020,881.016707,0.000000,False,False,False,0.984026,1.000000,0.968052,198,28
0.000000,0.000000,29.000000,1.000000,0.000000,0.000000,1.000000,0.000000,0.000000,0.000000,11.209837,1.000000,1.000000,1.000000,1.000000,0.000000,0.000000,0.016859,0.982595,0.982809,862.204056,0.782230,0.521487,1.000000,0.768178,880.229277,0.000000,False,False,False,0.984288,1.000000,0.968576,199,28
0.000000,0.000000,29.000000,1.000000,0.000000,0.000000,1.000000,0.000000,0.000000,0.000000,11.235153,1.000000,1.000000,1.000000,1.000000,0.000000,0.000000,0.021828,0.974847,0.979150,861.439552,0.782515,0.521677,1.000000,0.764504,879.438639,0.000000,False,False,False,0.988298,1.000000,0.976596,200,28
0.000000,0.000000,29.000000,1.000000,0.000000,0.000000,1.000000,0.000000,0.000000,0.000000,11.225263,1.000000,1.000000,1.000000,1.000000,0.000000,0.000000,0.030348,0.969558,0.971028,860.680803,0.782773,0.521849,1.000000,0.758749,878.648336,0.000000,False,False,False,0.987878,1.000000,0.975757,201,28
0.000000,0.000000,29.000000,1.000000,0.000000,0.000000,1.000000,0.000000,0.000000,0.000000,11.244922,1.000000,1.000000,1.000000,1.000000,0.000000,0.000000,0.025209,0.973295,0.974692,859.918038,0.783025,0.522017,1.000000,0.762765,877.858050,0.000000,False,False,False,0.987857,1.000000,0.975715,202,28
0.000000,0.000000,29.000000,1.000000,0.000000,0.000000,1.000000,0.000000,0.000000,0.000000,11.208662,1.000000,1.000000,1.000000,1.000000,0.000000,0.000000,0.025375,0.973973,0.970821,859.154686,0.783285,0.522190,1.000000,0.763352,877.067285,0.000000,False,False,False,0.988456,1.000000,0.976912,203,28
0.000000,0.000000,29.000000,1.000000,0.000000,0.000000,1.000000,0.000000,0.000000,0.000000,11.234460,1.000000,1.000000,1.000000,1.000000,0.000000,0.000000,0.014128,0.983844,0.985990,858.382345,0.783441,0.522294,1.000000,0.772341,876.279340,0.000000,False,False,False,0.984932,1.000000,0.969864,204,28
0.000000,0.000000,29.000000,1.000000,0.000000,0.000000,1.000000,0.000000,0.000000,0.000000,11.236653,1.000000,1.000000,1.000000,1.000000,0.000000,0.000000,0.022600,0.977918,0.978839,857.616559,0.783761,0.522507,1.000000,0.765786,875.486454,0.000000,False,False,False,0.991107,1.000000,0.982215,205,28
0.000000,0.000000,29.000000,1.000000,0.000000,0.000000,1.000000,0.000000,0.000000,0.000000,11.249335,1.000000,1.000000,1.000000,1.000000,0.000000,0.000000,0.023679,0.974433,0.975720,856.851648,0.784029,0.522686,1.000000,0.764911,874.694591,0.000000,False,False,False,0.989828,1.000000,0.979657,206,28
0.000000,0.000000,29.000000,1.000000,0.000000,0.000000,1.000000,0.000000,0.000000,0.000000,11.248378,1.000000,1.000000,1.000000,1.000000,0.000000,0.000000,0.020441,0.977909,0.978840,856.084503,0.784151,0.522768,1.000000,0.767145,873.906971,0.000000,False,False,False,0.984525,1.000000,0.969050,207,28
0.000000,0.000000,29.000000,1.000000,0.000000,0.000000,1.000000,0.000000,0.000000,0.000000,11.254520,1.000000,1.000000,1.000000,1.000000,0.000000,0.000000,0.023685,0.974220,0.977598,855.319143,0.784381,0.522920,1.000000,0.765360,873.116105,0.000000,False,False,False,0.988583,1.000000,0.977166,208,28
0.000000,0.000000,29.000000,1.000000,0.000000,0.000000,1.000000,0.000000,0.000000,0.000000,11.239178,1.000000,1.000000,1.000000,1.000000,0.000000,0.000000,0.032003,0.968706,0.966258,854.559727,0.784717,0.523145,1.000000,0.759417,872.321586,0.000000,False,False,False,0.993148,1.000000,0.986297,209,28
0.000000,0.000000,29.000000,1.000000,0.000000,0.000000,1.000000,0.000000,0.000000,0.000000,11.263629,1.000000,1.000000,1.000000,1.000000,0.000000,0.000000,0.019658,0.979241,0.980057,853.790349,0.784858,0.523239,1.000000,0.769377,871.532575,0.000000,False,False,False,0.986263,1.000000,0.972527,210,28
0.000000,0.000000,29.000000,1.000000,0.000000,0.000000,1.000000,0.000000,0.000000,0.000000,11.202512,1.000000,1.000000,1.000000,1.000000,0.000000,0.000000,0.010208,0.988985,0.988869,853.013295,0.785078,0.523385,1.000000,0.777054,870.741324,0.000000,False,False,False,0.989065,1.000000,0.978129,211,28
0.000000,0.000000,29.000000,1.000000,0.000000,0.000000,1.000000,0.000000,0.000000,0.000000,11.286302,1.000000,1.000000,1.000000,1.000000,0.000000,0.000000,0.029097,0.968719,0.970154,852.250797,0.785383,0.523589,1.000000,0.762498,869.947066,0.000000,False,False,False,0.992822,1.000000,0.985645,212,28
0.000000,0.000000,29.000000,1.000000,0.000000,0.000000,1.000000,0.000000,0.000000,0.000000,11.240053,1.000000,1.000000,1.000000,1.000000,0.000000,0.000000,0.025692,0.974751,0.974573,851.485879,0.785355,0.523570,1.000000,0.764918,869.162482,0.000000,False,False,False,0.980730,1.000000,0.961460,213,28
0.000000,0.000000,29.000000,1.000000,0.000000,0.000000,1.000000,0.000000,0.000000,0.000000,11.317451,1.000000,1.000000,1.000000,1.000000,0.000000,0.000000,0.020690,0.976104,0.977797,850.718084,0.785495,0.523663,1.000000,0.767795,868.373231,0.000000,False,False,False,0.986564,1.000000,0.973127,214,28
0.000000,0.000000,29.000000,1.000000,0.000000,0.000000,1.000000,0.000000,0.000000,0.000000,11.249720,1.000000,1.000000,1.000000,1.000000,0.000000,0.000000,0.020660,0.977746,0.979326,849.950368,0.785578,0.523719,1.000000,0.767716,867.585118,0.000000,False,False,False,0.985141,1.000000,0.970282,215,28
0.000000,0.000000,29.000000,1.000000,0.000000,0.000000,1.000000,0.000000,0.000000,0.000000,11.294724,1.000000,1.000000,1.000000,1.000000,0.000000,0.000000,0.014737,0.982417,0.985208,849.177357,0.785809,0.523873,1.000000,0.773011,866.792642,0.000000,False,False,False,0.990595,1.000000,0.981191,216,28
0.000000,0.000000,29.000000,1.000000,0.000000,0.000000,1.000000,0.000000,0.000000,0.000000,11.261152,1.000000,1.000000,1.000000,1.000000,0.000000,0.000000,0.036639,0.963734,0.960666,848.420746,0.785996,0.523998,1.000000,0.756612,866.001108,0.000000,False,False,False,0.989417,1.000000,0.978834,217,28
0.000000,0.000000,29.000000,1.000000,0.000000,0.000000,1.000000,0.000000,0.000000,0.000000,11.288323,1.000000,1.000000,1.000000,1.000000,0.000000,0.000000,0.026503,0.971445,0.972196,847.656016,0.785983,0.523988,1.000000,0.764729,865.215577,0.000000,False,False,False,0.981913,1.000000,0.963826,218,28
0.000000,0.000000,29.000000,1.000000,0.000000,0.000000,1.000000,0.000000,0.000000,0.000000,11.241882,1.000000,1.000000,1.000000,1.000000,0.000000,0.000000,0.013708,0.985450,0.984457,846.880890,0.786037,0.524025,1.000000,0.775127,864.428165,0.000000,False,False,False,0.984265,1.000000,0.968531,219,28
0.000000,0.000000,29.000000,1.000000,0.000000,0.000000,1.000000,0.000000,0.000000,0.000000,11.290137,1.000000,1.000000,1.000000,1.000000,0.000000,0.000000,0.021503,0.976071,0.978944,846.111854,0.786189,0.524126,1.000000,0.769036,863.637564,0.000000,False,False,False,0.988251,1.000000,0.976503,220,28
0.000000,0.000000,29.000000,1.000000,0.000000,0.000000,1.000000,0.000000,0.000000,0.000000,11.261083,1.000000,1.000000,1.000000,1.000000,0.000000,0.000000,0.029070,0.971619,0.971854,845.348563,0.786293,0.524196,1.000000,0.763291,862.848131,0.000000,False,False,False,0.986791,1.000000,0.973582,221,28
0.000000,0.000000,29.000000,1.000000,0.000000,0.000000,1.000000,0.000000,0.000000,0.000000,11.332307,1.000000,1.000000,1.000000,1.000000,0.000000,0.000000,0.037616,0.961299,0.959099,844.592003,0.786400,0.524267,1.000000,0.756560,862.058655,0.000000,False,False,False,0.986845,1.000000,0.973690,222,28
0.000000,0.000000,29.000000,1.000000,0.000000,0.000000,1.000000,0.000000,0.000000,0.000000,11.227097,1.000000,1.000000,1.000000,1.000000,0.000000,0.000000,0.025922,0.975085,0.974732,843.826108,0.786356,0.524237,1.000000,0.765894,861.273562,0.000000,False,False,False,0.981367,1.000000,0.962733,223,28
0.000000,0.000000,29.000000,1.000000,0.000000,0.000000,1.000000,0.000000,0.000000,0.000000,11.366276,1.000000,1.000000,1.000000,1.000000,0.000000,0.000000,0.029181,0.968777,0.970981,843.062608,0.786475,0.524317,1.000000,0.763500,860.483768,0.000000,False,False,False,0.987242,1.000000,0.974485,224,28
0.000000,0.000000,29.000000,1.000000,0.000000,0.000000,1.000000,0.000000,0.000000,0.000000,11.244653,1.000000,1.000000,1.000000,1.000000,0.000000,0.000000,0.030501,0.969155,0.968322,842.300277,0.786447,0.524298,1.000000,0.762332,859.698016,0.000000,False,False,False,0.982189,1.000000,0.964379,225,28
0.000000,0.000000,29.000000,1.000000,0.000000,0.000000,1.000000,0.000000,0.000000,0.000000,11.363223,1.000000,1.000000,1.000000,1.000000,0.000000,0.000000,0.018074,0.981466,0.982658,841.528435,0.786330,0.524220,1.000000,0.771842,858.915193,0.000000,False,False,False,0.978528,1.000000,0.957057,226,28
0.000000,0.000000,29.000000,1.000000,0.000000,0.000000,1.000000,0.000000,0.000000,0.000000,11.238648,1.000000,1.000000,1.000000,1.000000,0.000000,0.000000,0.015687,0.984413,0.983654,840.754286,0.786477,0.524318,1.000000,0.774149,858.124525,0.000000,False,False,False,0.988336,1.000000,0.976672,227,28
0.000000,0.000000,29.000000,1.000000,0.000000,0.000000,1.000000,0.000000,0.000000,0.000000,11.332205,1.000000,1.000000,1.000000,1.000000,0.000000,0.000000,0.021111,0.977346,0.978582,839.984416,0.786613,0.524409,1.000000,0.769870,857.333751,0.000000,False,False,False,0.988467,1.000000,0.976934,228,28
0.000000,0.000000,29.000000,1.000000,0.000000,0.000000,1.000000,0.000000,0.000000,0.000000,11.279581,1.000000,1.000000,1.000000,1.000000,0.000000,0.000000,0.030675,0.968049,0.968087,839.222466,0.786721,0.524481,1.000000,0.761950,856.543872,0.000000,False,False,False,0.987349,1.000000,0.974699,229,28
0.000000,0.000000,29.000000,1.000000,0.000000,0.000000,1.000000,0.000000,0.000000,0.000000,11.392388,1.000000,1.000000,1.000000,1.000000,0.000000,0.000000,0.033970,0.965323,0.963330,838.462752,0.786690,0.524460,1.000000,0.759714,855.758075,0.000000,False,False,False,0.982246,1.000000,0.964491,230,28
0.000000,0.000000,29.000000,1.000000,0.000000,0.000000,1.000000,0.000000,0.000000,0.000000,11.230597,1.000000,1.000000,1.000000,1.000000,0.000000,0.000000,0.032403,0.968979,0.968210,837.701704,0.786494,0.524329,1.000000,0.761047,854.977420,0.000000,False,False,False,0.975819,1.000000,0.951638,231,28
0.000000,0.000000,29.000000,1.000000,0.000000,0.000000,1.000000,0.000000,0.000000,0.000000,11.332475,1.000000,1.000000,1.000000,1.000000,0.000000,0.000000,0.030644,0.968034,0.969070,836.939458,0.786474,0.524316,1.000000,0.762246,854.191796,0.000000,False,False,False,0.982030,1.000000,0.964060,232,28
0.000000,0.000000,29.000000,1.000000,0.000000,0.000000,1.000000,0.000000,0.000000,0.000000,11.251628,1.000000,1.000000,1.000000,1.000000,0.000000,0.000000,0.020020,0.981168,0.980650,836.168807,0.786314,0.524209,1.000000,0.770650,853.410016,0.000000,False,False,False,0.977226,1.000000,0.954451,233,28
0.000000,0.000000,29.000000,1.000000,0.000000,0.000000,1.000000,0.000000,0.000000,0.000000,11.411946,1.000000,1.000000,1.000000,1.000000,0.000000,0.000000,0.027411,0.971285,0.970469,835.403981,0.786404,0.524269,1.000000,0.764826,852.621078,0.000000,False,False,False,0.986172,1.000000,0.972345,234,28
0.000000,0.000000,29.000000,1.000000,0.000000,0.000000,1.000000,0.000000,0.000000,0.000000,11.292553,1.000000,1.000000,1.000000,1.000000,0.000000,0.000000,0.026185,0.973485,0.971872,834.638412,0.786380,0.524254,1.000000,0.765569,851.835336,0.000000,False,False,False,0.982177,1.000000,0.964355,235,28
0.000000,0.000000,29.000000,1.000000,0.000000,0.000000,1.000000,0.000000,0.000000,0.000000,11.331198,1.000000,1.000000,1.000000,1.000000,0.000000,0.000000,0.033001,0.965566,0.965692,833.878170,0.786338,0.524225,1.000000,0.760242,851.050279,0.000000,False,False,False,0.981321,1.000000,0.962642,236,28
0.000000,0.000000,29.000000,1.000000,0.000000,0.000000,1.000000,0.000000,0.000000,0.000000,11.344841,1.000000,1.000000,1.000000,1.000000,0.000000,0.000000,0.024172,0.976530,0.975868,833.110968,0.786243,0.524162,1.000000,0.767202,850.266710,0.000000,False,False,False,0.979462,1.000000,0.958924,237,28
0.000000,0.000000,29.000000,1.000000,0.000000,0.000000,1.000000,0.000000,0.000000,0.000000,11.375204,1.000000,1.000000,1.000000,1.000000,0.000000,0.000000,0.027341,0.971090,0.972024,832.346623,0.786339,0.524226,1.000000,0.764345,849.477511,0.000000,False,False,False,0.986498,1.000000,0.972996,238,28
0.000000,0.000000,29.000000,1.000000,0.000000,0.000000,1.000000,0.000000,0.000000,0.000000,11.317030,1.000000,1.000000,1.000000,1.000000,0.000000,0.000000,0.036795,0.962433,0.958776,831.590150,0.786228,0.524152,1.000000,0.756473,848.694498,0.000000,False,False,False,0.978766,1.000000,0.957532,239,28
0.000000,0.000000,29.000000,1.000000,0.000000,0.000000,1.000000,0.000000,0.000000,0.000000,11.359036,1.000000,1.000000,1.000000,1.000000,0.000000,0.000000,0.028776,0.970657,0.969555,830.826465,0.786422,0.524281,1.000000,0.763685,847.911174,0.000000,False,False,False,0.979156,1.000000,0.958312,240,28
0.000000,0.000000,29.000000,1.000000,0.000000,0.000000,1.000000,0.000000,0.000000,0.000000,11.334423,1.000000,1.000000,1.000000,1.000000,0.000000,0.000000,0.026629,0.974909,0.974261,830.060736,0.786611,0.524407,1.000000,0.765728,847.126762,0.000000,False,False,False,0.980514,1.000000,0.961029,241,28
0.000000,0.000000,29.000000,1.000000,0.000000,0.000000,1.000000,0.000000,0.000000,0.000000,11.316023,1.000000,1.000000,1.000000,1.000000,0.000000,0.000000,0.037257,0.961771,0.961461,829.302830,0.787295,0.524863,1.000000,0.757906,846.339517,0.000000,False,False,False,0.984057,1.000000,0.968114,242,28
0.000000,0.000000,29.000000,1.000000,0.000000,0.000000,1.000000,0.000000,0.000000,0.000000,11.291827,1.000000,1.000000,1.000000,1.000000,0.000000,0.000000,0.033583,0.965595,0.961114,828.541278,0.788000,0.525333,1.000000,0.761553,845.555761,0.000000,False,False,False,0.979694,1.000000,0.959388,243,28
0.000000,0.000000,29.000000,1.000000,0.000000,0.000000,1.000000,0.000000,0.000000,0.000000,11.427229,1.000000,1.000000,1.000000,1.000000,0.000000,0.000000,0.021833,0.976397,0.976005,827.769548,0.789016,0.526011,1.000000,0.771730,844.775242,0.000000,False,False,False,0.975650,1.000000,0.951299,244,28
0.000000,0.000000,29.000000,1.000000,0.000000,0.000000,1.000000,0.000000,0.000000,0.000000,11.382749,1.000000,1.000000,1.000000,1.000000,0.000000,0.000000,0.024168,0.976596,0.975757,826.998286,0.790249,0.526833,1.000000,0.771262,843.989269,0.000000,False,False,False,0.982467,1.000000,0.964933,245,28
0.000000,0.000000,29.000000,1.000000,0.000000,0.000000,1.000000,0.000000,0.000000,0.000000,11.336019,1.000000,1.000000,1.000000,1.000000,0.000000,0.000000,0.032861,0.966618,0.965819,826.232661,0.791674,0.527783,1.000000,0.765625,843.201295,0.000000,False,False,False,0.984967,1.000000,0.969934,246,28
0.000000,0.000000,29.000000,1.000000,0.000000,0.000000,1.000000,0.000000,0.000000,0.000000,11.266521,1.000000,1.000000,1.000000,1.000000,0.000000,0.000000,0.030963,0.969977,0.967431,825.464011,0.793367,0.528912,1.000000,0.768649,842.420917,0.000000,False,False,False,0.975472,1.000000,0.950945,247,28
0.000000,0.000000,29.000000,1.000000,0.000000,0.000000,1.000000,0.000000,0.000000,0.000000,11.460151,1.000000,1.000000,1.000000,1.000000,0.000000,0.000000,0.028066,0.970651,0.967922,824.691328,0.795532,0.530355,1.000000,0.772684,841.635965,0.000000,False,False,False,0.981190,1.000000,0.962380,248,28
0.000000,0.000000,29.000000,1.000000,0.000000,0.000000,1.000000,0.000000,0.000000,0.000000,11.284438,1.000000,1.000000,1.000000,1.000000,0.000000,0.000000,0.019180,0.980483,0.978705,823.908749,0.797807,0.531872,1.000000,0.782578,840.852768,0.000000,False,False,False,0.978996,1.000000,0.957993,249,28
0.000000,0.000000,29.000000,1.000000,0.000000,0.000000,1.000000,0.000000,0.000000,0.000000,11.377681,1.000000,1.000000,1.000000,1.000000,0.000000,0.000000,0.038791,0.960072,0.958541,823.139178,0.800494,0.533663,1.000000,0.769571,840.064918,0.000000,False,False,False,0.984812,1.000000,0.969624,250,28
0.000000,0.000000,29.000000,1.000000,0.000000,0.000000,1.000000,0.000000,0.000000,0.000000,11.415032,1.000000,1.000000,1.000000,1.000000,0.000000,0.000000,0.038036,0.960470,0.960606,822.366859,0.803565,0.535710,1.000000,0.772319,839.286016,0.000000,False,False,False,0.973628,1.000000,0.947256,251,28
0.000000,0.000000,29.000000,1.000000,0.000000,0.000000,1.000000,0.000000,0.000000,0.000000,11.273145,1.000000,1.000000,1.000000,1.000000,0.000000,0.000000,0.042521,0.958518,0.956852,821.593756,0.807181,0.538121,1.000000,0.773104,838.503711,0.000000,False,False,False,0.977880,1.000000,0.955761,252,28
0.000000,0.000000,29.000000,1.000000,0.000000,0.000000,1.000000,0.000000,0.000000,0.000000,11.416325,1.000000,1.000000,1.000000,1.000000,0.000000,0.000000,0.023473,0.974620,0.974596,820.802033,0.811038,0.540692,1.000000,0.791722,837.725020,0.000000,False,False,False,0.973365,1.000000,0.946729,253,28
0.000000,0.000000,29.000000,1.000000,0.000000,0.000000,1.000000,0.000000,0.000000,0.000000,11.457593,1.000000,1.000000,1.000000,1.000000,0.000000,0.000000,0.029545,0.971215,0.969730,820.010276,0.815649,0.543766,1.000000,0.791758,836.939051,0.000000,False,False,False,0.982461,1.000000,0.964922,254,28
0.000000,0.000000,29.000000,1.000000,0.000000,0.000000,1.000000,0.000000,0.000000,0.000000,11.498975,1.000000,1.000000,1.000000,1.000000,0.000000,0.000000,0.021672,0.976790,0.977762,819.207424,0.821313,0.547542,1.000000,0.802852,836.151651,0.000000,False,False,False,0.984250,1.000000,0.968501,255,28
0.000000,0.000000,29.000000,1.000000,0.000000,0.000000,1.000000,0.000000,0.000000,0.000000,11.564681,1.000000,1.000000,1.000000,1.000000,0.000000,0.000000,0.020029,0.980299,0.980564,818.395875,0.827955,0.551970,1.000000,0.811549,835.363913,0.000000,False,False,False,0.984673,1.000000,0.969345,256,28
0.000000,0.000000,29.000000,1.000000,0.000000,0.000000,1.000000,0.000000,0.000000,0.000000,11.513492,1.000000,1.000000,1.000000,1.000000,0.000000,0.000000,0.020168,0.979323,0.978803,817.577219,0.835241,0.556827,1.000000,0.818656,834.577636,0.000000,False,False,False,0.982845,1.000000,0.965691,257,28
0.000000,0.000000,29.000000,1.000000,0.000000,0.000000,1.000000,0.000000,0.000000,0.000000,11.402760,1.000000,1.000000,1.000000,1.000000,0.000000,0.000000,0.036392,0.965145,0.961847,816.763923,0.843567,0.562378,1.000000,0.813295,833.788986,0.000000,False,False,False,0.985813,1.000000,0.971626,258,28
0.000000,0.000000,29.000000,1.000000,0.000000,0.000000,1.000000,0.000000,0.000000,0.000000,11.535828,1.000000,1.000000,1.000000,1.000000,0.000000,0.000000,0.022480,0.976841,0.976223,815.930479,0.852834,0.568556,1.000000,0.833445,833.006432,0.000000,False,False,False,0.978192,1.000000,0.956385,259,28
0.000000,0.000000,29.000000,1.000000,0.000000,0.000000,1.000000,0.000000,0.000000,0.000000,11.331430,1.000000,1.000000,1.000000,1.000000,0.000000,0.000000,0.033396,0.968642,0.966363,815.096082,0.862349,0.574899,1.000000,0.834397,832.220546,0.000000,False,False,False,0.982358,1.000000,0.964715,260,28
0.000000,0.000000,29.000000,1.000000,0.000000,0.000000,1.000000,0.000000,0.000000,0.000000,11.557248,1.000000,1.000000,1.000000,1.000000,0.000000,0.000000,0.037147,0.962017,0.961762,814.256377,0.872157,0.581438,1.000000,0.839705,831.436449,0.000000,False,False,False,0.980121,1.000000,0.960243,261,28
0.000000,0.000000,29.000000,1.000000,0.000000,0.000000,1.000000,0.000000,0.000000,0.000000,11.288185,1.000000,1.000000,1.000000,1.000000,0.000000,0.000000,0.032287,0.967706,0.966136,813.402172,0.882392,0.588262,1.000000,0.854205,830.654090,0.000000,False,False,False,0.977948,1.000000,0.955896,262,28
0.000000,0.000000,29.000000,1.000000,0.000000,0.000000,1.000000,0.000000,0.000000,0.000000,11.437991,1.000000,1.000000,1.000000,1.000000,0.000000,0.000000,0.021696,0.977017,0.976299,812.528712,0.893278,0.595519,1.000000,0.873460,829.866818,0.000000,False,False,False,0.984090,1.000000,0.968180,263,28
0.000000,0.000000,29.000000,1.000000,0.000000,0.000000,1.000000,0.000000,0.000000,0.000000,11.245550,1.000000,1.000000,1.000000,1.000000,0.000000,0.000000,0.034848,0.967609,0.962260,811.656074,0.903229,0.602152,1.000000,0.872638,829.081233,0.000000,False,False,False,0.981982,1.000000,0.963965,264,28
0.000000,0.000000,29.000000,1.000000,0.000000,0.000000,1.000000,0.000000,0.000000,0.000000,11.395463,1.000000,1.000000,1.000000,1.000000,0.000000,0.000000,0.017428,0.980574,0.980771,810.762080,0.911385,0.607590,1.000000,0.893994,828.303199,0.000000,False,False,False,0.972543,1.000000,0.945085,265,28
0.000000,0.000000,29.000000,1.000000,0.000000,0.000000,1.000000,0.000000,0.000000,0.000000,11.581387,1.000000,1.000000,1.000000,1.000000,0.000000,0.000000,0.026757,0.975362,0.974472,809.866560,0.919124,0.612749,1.000000,0.895520,827.515768,0.000000,False,False,False,0.984288,1.000000,0.968576,266,28
0.000000,0.000000,29.000000,1.000000,0.000000,0.000000,1.000000,0.000000,0.000000,0.000000,11.394695,1.000000,1.000000,1.000000,1.000000,0.000000,0.000000,0.032163,0.967731,0.965847,808.969205,0.926276,0.617517,1.000000,0.897356,826.731790,0.000000,False,False,False,0.979973,1.000000,0.959946,267,28
0.000000,0.000000,29.000000,1.000000,0.000000,0.000000,1.000000,0.000000,0.000000,0.000000,11.256739,1.000000,1.000000,1.000000,1.000000,0.000000,0.000000,0.033920,0.967665,0.965467,808.067955,0.931775,0.621183,1.000000,0.901250,825.948061,0.000000,False,False,False,0.979662,1.000000,0.959323,268,28
0.000000,0.000000,29.000000,1.000000,0.000000,0.000000,1.000000,0.000000,0.000000,0.000000,11.369824,1.000000,1.000000,1.000000,1.000000,0.000000,0.000000,0.028278,0.972026,0.968294,807.158063,0.935750,0.623833,1.000000,0.909892,825.166578,0.000000,False,False,False,0.976853,1.000000,0.953706,269,28
0.000000,0.000000,29.000000,1.000000,0.000000,0.000000,1.000000,0.000000,0.000000,0.000000,11.157872,1.000000,1.000000,1.000000,1.000000,0.000000,0.000000,0.028033,0.973232,0.970009,806.244657,0.939360,0.626240,1.000000,0.913406,824.385348,0.000000,False,False,False,0.976538,1.000000,0.953076,270,28
0.000000,0.000000,29.000000,1.000000,0.000000,0.000000,1.000000,0.000000,0.000000,0.000000,11.329044,1.000000,1.000000,1.000000,1.000000,0.000000,0.000000,0.037697,0.961797,0.959163,805.338062,0.942700,0.628467,1.000000,0.906595,823.603589,0.000000,False,False,False,0.977199,1.000000,0.954398,271,28
0.000000,0.000000,29.000000,1.000000,0.000000,0.000000,1.000000,0.000000,0.000000,0.000000,11.146021,1.000000,1.000000,1.000000,1.000000,0.000000,0.000000,0.050445,0.949574,0.947467,804.438926,0.946295,0.630863,1.000000,0.899136,822.823125,0.000000,False,False,False,0.975580,1.000000,0.951159,272,28
0.000000,0.000000,29.000000,1.000000,0.000000,0.000000,1.000000,0.000000,0.000000,0.000000,11.202596,1.000000,1.000000,1.000000,1.000000,0.000000,0.000000,0.045294,0.956619,0.950553,803.529193,0.952243,0.634829,1.000000,0.909733,822.046984,0.000000,False,False,False,0.970177,1.000000,0.940353,273,28
0.000000,0.000000,29.000000,1.000000,0.000000,0.000000,1.000000,0.000000,0.000000,0.000000,11.073544,1.000000,1.000000,1.000000,1.000000,0.000000,0.000000,0.037070,0.962636,0.961184,802.607075,0.957163,0.638109,1.000000,0.922118,821.273602,0.000000,False,False,False,0.966727,1.000000,0.933454,274,28
0.000000,0.000000,29.000000,1.000000,0.000000,0.000000,1.000000,0.000000,0.000000,0.000000,11.095056,1.000000,1.000000,1.000000,1.000000,0.000000,0.000000,0.046649,0.954983,0.950991,801.691841,0.960641,0.640427,1.000000,0.915234,820.493451,0.000000,False,False,False,0.975189,1.000000,0.950379,275,28
0.000000,0.000000,29.000000,1.000000,0.000000,0.000000,1.000000,0.000000,0.000000,0.000000,11.159381,1.000000,1.000000,1.000000,1.000000,0.000000,0.000000,0.037394,0.962006,0.960785,800.764440,0.963083,0.642055,1.000000,0.927401,819.712561,0.000000,False,False,False,0.976112,1.000000,0.952225,276,28
0.000000,0.000000,29.000000,1.000000,0.000000,0.000000,1.000000,0.000000,0.000000,0.000000,11.106987,1.000000,1.000000,1.000000,1.000000,0.000000,0.000000,0.033076,0.967992,0.967039,799.826975,0.969045,0.646030,1.000000,0.937466,818.930779,0.000000,False,False,False,0.977228,1.000000,0.954455,277,28
0.000000,0.000000,29.000000,1.000000,0.000000,0.000000,1.000000,0.000000,0.000000,0.000000,11.099688,1.000000,1.000000,1.000000,1.000000,0.000000,0.000000,0.036327,0.963071,0.960240,798.889521,0.972664,0.648443,1.000000,0.937454,818.145638,0.000000,False,False,False,0.981426,1.000000,0.962851,278,28
0.000000,0.000000,29.000000,1.000000,0.000000,0.000000,1.000000,0.000000,0.000000,0.000000,10.987313,1.000000,1.000000,1.000000,1.000000,0.000000,0.000000,0.045155,0.955991,0.951740,797.955300,0.977937,0.651958,1.000000,0.934221,817.363367,0.000000,False,False,False,0.977839,1.000000,0.955678,279,28
0.000000,0.000000,29.000000,1.000000,0.000000,0.000000,1.000000,0.000000,0.000000,0.000000,11.037388,1.000000,1.000000,1.000000,1.000000,0.000000,0.000000,0.033262,0.965767,0.965899,797.005647,0.981769,0.654513,1.000000,0.949652,816.584850,0.000000,False,False,False,0.973147,1.000000,0.946293,280,28
0.000000,0.000000,29.000000,1.000000,0.000000,0.000000,1.000000,0.000000,0.000000,0.000000,11.138887,1.000000,1.000000,1.000000,1.000000,0.000000,0.000000,0.032295,0.968631,0.967314,796.052037,0.985195,0.656797,1.000000,0.953610,815.803296,0.000000,False,False,False,0.976942,1.000000,0.953884,281,28
0.000000,0.000000,29.000000,1.000000,0.000000,0.000000,1.000000,0.000000,0.000000,0.000000,11.178891,1.000000,1.000000,1.000000,1.000000,0.000000,0.000000,0.032922,0.966805,0.966682,795.095803,0.988443,0.658962,1.000000,0.956234,815.016842,0.000000,False,False,False,0.983067,1.000000,0.966134,282,28
0.000000,0.000000,29.000000,1.000000,0.000000,0.000000,1.000000,0.000000,0.000000,0.000000,10.983559,1.000000,1.000000,1.000000,1.000000,0.000000,0.000000,0.040941,0.959750,0.956576,794.144527,0.993393,0.662262,1.000000,0.951276,814.232440,0.000000,False,False,False,0.980503,1.000000,0.961007,283,28
0.000000,0.000000,29.000000,1.000000,0.000000,0.000000,1.000000,0.000000,0.000000,0.000000,11.110958,1.000000,1.000000,1.000000,1.000000,0.000000,0.000000,0.047692,0.951649,0.950668,793.195385,0.996433,0.664288,1.000000,0.949142,813.450865,0.000000,False,False,False,0.976968,1.000000,0.953936,284,28
0.000000,0.000000,29.000000,1.000000,0.000000,0.000000,1.000000,0.000000,0.000000,0.000000,11.143652,1.000000,1.000000,1.000000,1.000000,0.000000,0.000000,0.049305,0.951850,0.945328,792.246753,0.997986,0.665324,1.000000,0.948633,812.670976,0.000000,False,False,False,0.974861,1.000000,0.949722,285,28
0.000000,0.000000,29.000000,1.000000,0.000000,0.000000,1.000000,0.000000,0.000000,0.000000,10.968149,1.000000,1.000000,1.000000,1.000000,0.000000,0.000000,0.038677,0.959301,0.959602,791.282805,1.003030,0.668687,1.000000,0.963948,811.895863,0.000000,False,False,False,0.968892,1.000000,0.937784,286,28
0.000000,0.000000,29.000000,1.000000,0.000000,0.000000,1.000000,0.000000,0.000000,0.000000,11.107433,1.000000,1.000000,1.000000,1.000000,0.000000,0.000000,0.026358,0.974627,0.973635,790.304709,1.003964,0.669309,1.000000,0.978096,811.117116,0.000000,False,False,False,0.973433,1.000000,0.946866,287,28
0.000000,0.000000,29.000000,1.000000,0.000000,0.000000,1.000000,0.000000,0.000000,0.000000,11.103117,1.000000,1.000000,1.000000,1.000000,0.000000,0.000000,0.028874,0.970773,0.970730,789.326556,1.006440,0.670960,1.000000,0.978153,810.328834,0.000000,False,False,False,0.985352,1.000000,0.970704,288,28
0.000000,0.000000,29.000000,1.000000,0.000000,0.000000,1.000000,0.000000,0.000000,0.000000,10.900959,1.000000,1.000000,1.000000,1.000000,0.000000,0.000000,0.030390,0.970285,0.968399,788.348480,1.008950,0.672634,1.000000,0.978075,809.545835,0.000000,False,False,False,0.978750,1.000000,0.957499,289,28
0.000000,0.000000,29.000000,1.000000,0.000000,0.000000,1.000000,0.000000,0.000000,0.000000,11.085005,1.000000,1.000000,1.000000,1.000000,0.000000,0.000000,0.030581,0.969553,0.969956,787.366006,1.012913,0.675275,1.000000,0.982475,808.763275,0.000000,False,False,False,0.978199,1.000000,0.956398,290,28
0.000000,0.000000,29.000000,1.000000,0.000000,0.000000,1.000000,0.000000,0.000000,0.000000,11.061710,1.000000,1.000000,1.000000,1.000000,0.000000,0.000000,0.029073,0.972470,0.970257,786.379404,1.016170,0.677447,1.000000,0.986602,807.978406,0.000000,False,False,False,0.981087,1.000000,0.962174,291,28
0.000000,0.000000,29.000000,1.000000,0.000000,0.000000,1.000000,0.000000,0.000000,0.000000,10.851949,1.000000,1.000000,1.000000,1.000000,0.000000,0.000000,0.030034,0.968848,0.970274,785.390693,1.019470,0.679647,1.000000,0.988711,807.194704,0.000000,False,False,False,0.979627,1.000000,0.959253,292,28
0.000000,0.000000,29.000000,1.000000,0.000000,0.000000,1.000000,0.000000,0.000000,0.000000,10.864900,1.000000,1.000000,1.000000,1.000000,0.000000,0.000000,0.041216,0.959929,0.958186,784.408536,1.023853,0.682569,1.000000,0.982157,806.413671,0.000000,False,False,False,0.976292,1.000000,0.952584,293,28
0.000000,0.000000,29.000000,1.000000,0.000000,0.000000,1.000000,0.000000,0.000000,0.000000,10.734590,1.000000,1.000000,1.000000,1.000000,0.000000,0.000000,0.046232,0.952865,0.952587,783.424685,1.031196,0.687464,1.000000,0.983851,805.629886,0.000000,False,False,False,0.979730,1.000000,0.959461,294,28
0.000000,0.000000,29.000000,1.000000,0.000000,0.000000,1.000000,0.000000,0.000000,0.000000,10.577495,1.000000,1.000000,1.000000,1.000000,0.000000,0.000000,0.045417,0.954912,0.950539,782.434922,1.037137,0.691425,1.000000,0.989763,804.849727,0.000000,False,False,False,0.975200,1.000000,0.950399,295,28
0.000000,0.000000,29.000000,1.000000,0.000000,0.000000,1.000000,0.000000,0.000000,0.000000,10.446779,1.000000,1.000000,1.000000,1.000000,0.000000,0.000000,0.043089,0.956535,0.954423,781.433718,1.045284,0.696856,1.000000,1.001204,804.067725,0.000000,False,False,False,0.977503,1.000000,0.955005,296,28
0.000000,0.000000,29.000000,1.000000,0.000000,0.000000,1.000000,0.000000,0.000000,0.000000,10.297762,1.000000,1.000000,1.000000,1.000000,0.000000,0.000000,0.024036,0.976819,0.975707,780.406196,1.052592,0.701728,1.000000,1.027522,803.288421,0.000000,False,False,False,0.974129,1.000000,0.948258,297,28
0.000000,0.000000,29.000000,1.000000,0.000000,0.000000,1.000000,0.000000,0.000000,0.000000,10.172109,1.000000,1.000000,1.000000,1.000000,0.000000,0.000000,0.033655,0.965154,0.963626,779.381340,1.059895,0.706597,1.000000,1.024855,802.500561,0.000000,False,False,False,0.984826,1.000000,0.969652,298,28
0.000000,0.000000,29.000000,1.000000,0.000000,0.000000,1.000000,0.000000,0.000000,0.000000,10.004603,1.000000,1.000000,1.000000,1.000000,0.000000,0.000000,0.036213,0.964365,0.963402,778.356275,1.065198,0.710132,1.000000,1.025066,801.722495,0.000000,False,False,False,0.972582,1.000000,0.945163,299,28
0.000000,0.000000,29.000000,1.000000,0.000000,0.000000,1.000000,0.000000,0.000000,0.000000,9.899644,1.000000,1.000000,1.000000,1.000000,0.000000,0.000000,0.036975,0.962662,0.960290,777.323435,1.071541,0.714361,1.000000,1.032840,800.937555,0.000000,False,False,False,0.981175,1.000000,0.962350,300,28
0.000000,0.000000,29.000000,1.000000,0.000000,0.000000,1.000000,0.000000,0.000000,0.000000,9.734775,1.000000,1.000000,1.000000,1.000000,0.000000,0.000000,0.031432,0.967956,0.962496,776.279827,1.077054,0.718036,1.000000,1.043608,800.160627,0.000000,False,False,False,0.971161,1.000000,0.942322,301,28
0.000000,0.000000,29.000000,1.000000,0.000000,0.000000,1.000000,0.000000,0.000000,0.000000,9.618451,1.000000,1.000000,1.000000,1.000000,0.000000,0.000000,0.031877,0.967228,0.965608,775.230925,1.083272,0.722181,1.000000,1.048902,799.384660,0.000000,False,False,False,0.969958,1.000000,0.939916,302,28
0.000000,0.000000,29.000000,1.000000,0.000000,0.000000,1.000000,0.000000,0.000000,0.000000,9.451066,1.000000,1.000000,1.000000,1.000000,0.000000,0.000000,0.043795,0.955776,0.953867,774.191273,1.088550,0.725700,1.000000,1.039652,798.608157,0.000000,False,False,False,0.970629,1.000000,0.941257,303,28
0.000000,0.000000,29.000000,1.000000,0.000000,0.000000,1.000000,0.000000,0.000000,0.000000,9.320520,1.000000,1.000000,1.000000,1.000000,0.000000,0.000000,0.040883,0.958126,0.959356,773.142225,1.093596,0.729064,1.000000,1.049048,797.833575,0.000000,False,False,False,0.968228,1.000000,0.936456,304,28
0.000000,0.000000,29.000000,1.000000,0.000000,0.000000,1.000000,0.000000,0.000000,0.000000,9.202087,1.000000,1.000000,1.000000,1.000000,0.000000,0.000000,0.032547,0.968021,0.964593,772.080160,1.097027,0.731352,1.000000,1.062064,797.052147,0.000000,False,False,False,0.976785,1.000000,0.953570,305,28
0.000000,0.000000,29.000000,1.000000,0.000000,0.000000,1.000000,0.000000,0.000000,0.000000,9.048833,1.000000,1.000000,1.000000,1.000000,0.000000,0.000000,0.039456,0.958746,0.957589,771.022085,1.100365,0.733577,1.000000,1.058075,796.274280,0.000000,False,False,False,0.972334,1.000000,0.944667,306,28
0.000000,0.000000,29.000000,1.000000,0.000000,0.000000,1.000000,0.000000,0.000000,0.000000,8.869975,1.000000,1.000000,1.000000,1.000000,0.000000,0.000000,0.039012,0.960867,0.957617,769.963931,1.101949,0.734633,1.000000,1.058154,795.498367,0.000000,False,False,False,0.969891,1.000000,0.939782,307,28
0.000000,0.000000,29.000000,1.000000,0.000000,0.000000,1.000000,0.000000,0.000000,0.000000,8.788733,1.000000,1.000000,1.000000,1.000000,0.000000,0.000000,0.041243,0.956775,0.956602,768.905704,1.104110,0.736074,1.000000,1.058228,794.722803,0.000000,False,False,False,0.969455,1.000000,0.938910,308,28
0.000000,0.000000,29.000000,1.000000,0.000000,0.000000,1.000000,0.000000,0.000000,0.000000,8.737788,1.000000,1.000000,1.000000,1.000000,0.000000,0.000000,0.041461,0.960447,0.956589,767.845796,1.105023,0.736682,1.000000,1.059908,793.949280,0.000000,False,False,False,0.966903,1.000000,0.933806,309,28
0.000000,0.000000,29.000000,1.000000,0.000000,0.000000,1.000000,0.000000,0.000000,0.000000,8.639494,1.000000,1.000000,1.000000,1.000000,0.000000,0.000000,0.040677,0.958193,0.955587,766.784633,1.106005,0.737337,1.000000,1.061163,793.177437,0.000000,False,False,False,0.964803,1.000000,0.929607,310,28
0.000000,0.000000,29.000000,1.000000,0.000000,0.000000,1.000000,0.000000,0.000000,0.000000,8.548633,1.000000,1.000000,1.000000,1.000000,0.000000,0.000000,0.042189,0.954661,0.953343,765.728962,1.105925,0.737283,1.000000,1.055671,792.400008,0.000000,False,False,False,0.971786,1.000000,0.943573,311,28
0.000000,0.000000,29.000000,1.000000,0.000000,0.000000,1.000000,0.000000,0.000000,0.000000,8.575742,1.000000,1.000000,1.000000,1.000000,0.000000,0.000000,0.039678,0.955276,0.957400,764.668835,1.106789,0.737860,1.000000,1.060127,791.625042,0.000000,False,False,False,0.968708,1.000000,0.937415,312,28
0.000000,0.000000,29.000000,1.000000,0.000000,0.000000,1.000000,0.000000,0.000000,0.000000,8.606614,1.000000,1.000000,1.000000,1.000000,0.000000,0.000000,0.033762,0.963857,0.962492,763.604384,1.104167,0.736111,1.000000,1.064451,790.852073,0.000000,False,False,False,0.966212,1.000000,0.932423,313,28
0.000000,0.000000,29.000000,1.000000,0.000000,0.000000,1.000000,0.000000,0.000000,0.000000,8.640310,1.000000,1.000000,1.000000,1.000000,0.000000,0.000000,0.037695,0.960213,0.961073,762.541360,1.104862,0.736575,1.000000,1.063024,790.071489,0.000000,False,False,False,0.975730,1.000000,0.951460,314,28
0.000000,0.000000,29.000000,1.000000,0.000000,0.000000,1.000000,0.000000,0.000000,0.000000,8.655310,1.000000,1.000000,1.000000,1.000000,0.000000,0.000000,0.034050,0.964835,0.965455,761.476320,1.104890,0.736593,1.000000,1.065040,789.288737,0.000000,False,False,False,0.978441,1.000000,0.956882,315,28
0.000000,0.000000,29.000000,1.000000,0.000000,0.000000,1.000000,0.000000,0.000000,0.000000,8.754172,1.000000,1.000000,1.000000,1.000000,0.000000,0.000000,0.033468,0.963979,0.965064,760.408243,1.105691,0.737128,1.000000,1.068077,788.507693,0.000000,False,False,False,0.976305,1.000000,0.952610,316,28
0.000000,0.000000,29.000000,1.000000,0.000000,0.000000,1.000000,0.000000,0.000000,0.000000,8.819389,1.000000,1.000000,1.000000,1.000000,0.000000,0.000000,0.035794,0.964234,0.965252,759.343584,1.105533,0.737022,1.000000,1.064659,787.724421,0.000000,False,False,False,0.979090,1.000000,0.958180,317,28
0.000000,0.000000,29.000000,1.000000,0.000000,0.000000,1.000000,0.000000,0.000000,0.000000,8.954397,1.000000,1.000000,1.000000,1.000000,0.000000,0.000000,0.026239,0.971972,0.974907,758.267224,1.106302,0.737535,1.000000,1.076360,786.942224,0.000000,False,False,False,0.977746,1.000000,0.955492,318,28
0.000000,0.000000,29.000000,1.000000,0.000000,0.000000,1.000000,0.000000,0.000000,0.000000,9.029985,1.000000,1.000000,1.000000,1.000000,0.000000,0.000000,0.025787,0.970282,0.972970,757.195976,1.103306,0.735537,1.000000,1.071248,786.156131,0.000000,False,False,False,0.982616,1.000000,0.965232,319,28
0.000000,0.000000,29.000000,1.000000,0.000000,0.000000,1.000000,0.000000,0.000000,0.000000,9.209678,1.000000,1.000000,1.000000,1.000000,0.000000,0.000000,0.029694,0.964318,0.972127,756.130872,1.102655,0.735103,1.000000,1.065103,785.371229,0.000000,False,False,False,0.981127,1.000000,0.962254,320,28
0.000000,0.000000,29.000000,1.000000,0.000000,0.000000,1.000000,0.000000,0.000000,0.000000,9.320344,1.000000,1.000000,1.000000,1.000000,0.000000,0.000000,0.033982,0.960860,0.961768,755.070829,1.102838,0.735225,1.000000,1.060043,784.584685,0.000000,False,False,False,0.983181,1.000000,0.966361,321,28
0.000000,0.000000,29.000000,1.000000,0.000000,0.000000,1.000000,0.000000,0.000000,0.000000,9.518567,1.000000,1.000000,1.000000,1.000000,0.000000,0.000000,0.040580,0.955029,0.957010,754.013591,1.103650,0.735767,1.000000,1.057238,783.807822,0.000000,False,False,False,0.971079,1.000000,0.942157,322,28
0.000000,0.000000,29.000000,1.000000,0.000000,0.000000,1.000000,0.000000,0.000000,0.000000,9.649279,1.000000,1.000000,1.000000,1.000000,0.000000,0.000000,0.022894,0.972846,0.977666,752.939791,1.103734,0.735823,1.000000,1.073800,783.026543,0.000000,False,False,False,0.976599,1.000000,0.953198,323,28
0.000000,0.000000,29.000000,1.000000,0.000000,0.000000,1.000000,0.000000,0.000000,0.000000,9.822607,1.000000,1.000000,1.000000,1.000000,0.000000,0.000000,0.023569,0.973663,0.977651,751.861896,1.104602,0.736401,1.000000,1.077895,782.245520,0.000000,False,False,False,0.976278,1.000000,0.952557,324,28
0.000000,0.000000,29.000000,1.000000,0.000000,0.000000,1.000000,0.000000,0.000000,0.000000,9.794719,1.000000,1.000000,1.000000,1.000000,0.000000,0.000000,0.030116,0.967156,0.968945,750.795078,1.102739,0.735160,1.000000,1.066817,781.458785,0.000000,False,False,False,0.983419,1.000000,0.966837,325,28
0.000000,0.000000,29.000000,1.000000,0.000000,0.000000,1.000000,0.000000,0.000000,0.000000,9.758754,1.000000,1.000000,1.000000,1.000000,0.000000,0.000000,0.037265,0.960623,0.959917,749.733459,1.102853,0.735235,1.000000,1.061619,780.675988,0.000000,False,False,False,0.978496,1.000000,0.956992,326,28
0.000000,0.000000,29.000000,1.000000,0.000000,0.000000,1.000000,0.000000,0.000000,0.000000,9.733594,1.000000,1.000000,1.000000,1.000000,0.000000,0.000000,0.031795,0.969829,0.969165,748.665049,1.103060,0.735373,1.000000,1.068410,779.891121,0.000000,False,False,False,0.981084,1.000000,0.962168,327,28
0.000000,0.000000,29.000000,1.000000,0.000000,0.000000,1.000000,0.000000,0.000000,0.000000,9.715064,1.000000,1.000000,1.000000,1.000000,0.000000,0.000000,0.035714,0.963258,0.961738,747.599844,1.104099,0.736066,1.000000,1.065205,779.106096,0.000000,False,False,False,0.981281,1.000000,0.962563,328,28
0.000000,0.000000,29.000000,1.000000,0.000000,0.000000,1.000000,0.000000,0.000000,0.000000,9.680863,1.000000,1.000000,1.000000,1.000000,0.000000,0.000000,0.017577,0.981817,0.982172,746.518863,1.101454,0.734303,1.000000,1.080980,778.325542,0.000000,False,False,False,0.975693,1.000000,0.951386,329,28
0.000000,0.000000,29.000000,1.000000,0.000000,0.000000,1.000000,0.000000,0.000000,0.000000,9.702479,1.000000,1.000000,1.000000,1.000000,0.000000,0.000000,0.020871,0.978050,0.977738,745.439011,1.102438,0.734958,1.000000,1.079853,777.535078,0.000000,False,False,False,0.988080,1.000000,0.976160,330,28
0.000000,0.000000,29.000000,1.000000,0.000000,0.000000,1.000000,0.000000,0.000000,0.000000,9.688538,1.000000,1.000000,1.000000,1.000000,0.000000,0.000000,0.022989,0.975405,0.975637,744.364507,1.100840,0.733894,1.000000,1.074503,776.747142,0.000000,False,False,False,0.984919,1.000000,0.969838,331,28
0.000000,0.000000,29.000000,1.000000,0.000000,0.000000,1.000000,0.000000,0.000000,0.000000,9.682809,1.000000,1.000000,1.000000,1.000000,0.000000,0.000000,0.030337,0.968178,0.968206,743.295774,1.101440,0.734294,1.000000,1.068733,775.957986,0.000000,False,False,False,0.986446,1.000000,0.972891,332,28
0.000000,0.000000,29.000000,1.000000,0.000000,0.000000,1.000000,0.000000,0.000000,0.000000,9.688783,1.000000,1.000000,1.000000,1.000000,0.000000,0.000000,0.017062,0.981574,0.983042,742.213526,1.101990,0.734660,1.000000,1.082249,775.164849,0.000000,False,False,False,0.991421,1.000000,0.982842,333,28
0.000000,0.000000,29.000000,1.000000,0.000000,0.000000,1.000000,0.000000,0.000000,0.000000,9.721257,1.000000,1.000000,1.000000,1.000000,0.000000,0.000000,0.024866,0.972904,0.973526,741.136649,1.104008,0.736005,1.000000,1.076877,774.371335,0.000000,False,False,False,0.991892,1.000000,0.983785,334,28
0.000000,0.000000,29.000000,1.000000,0.000000,0.000000,1.000000,0.000000,0.000000,0.000000,9.692044,1.000000,1.000000,1.000000,1.000000,0.000000,0.000000,0.040109,0.958423,0.957741,740.077175,1.105057,0.736705,1.000000,1.059474,773.582643,0.000000,False,False,False,0.985864,1.000000,0.971729,335,28
0.000000,0.000000,29.000000,1.000000,0.000000,0.000000,1.000000,0.000000,0.000000,0.000000,9.719758,1.000000,1.000000,1.000000,1.000000,0.000000,0.000000,0.025777,0.973175,0.974360,738.999564,1.105983,0.737322,1.000000,1.077611,772.801359,0.000000,False,False,False,0.976606,1.000000,0.953212,336,28
0.000000,0.000000,29.000000,1.000000,0.000000,0.000000,1.000000,0.000000,0.000000,0.000000,9.720232,1.000000,1.000000,1.000000,1.000000,0.000000,0.000000,0.028246,0.971433,0.970863,737.925750,1.106213,0.737475,1.000000,1.073814,772.006451,0.000000,False,False,False,0.993635,1.000000,0.987270,337,28
0.000000,0.000000,29.000000,1.000000,0.000000,0.000000,1.000000,0.000000,0.000000,0.000000,9.756233,1.000000,1.000000,1.000000,1.000000,0.000000,0.000000,0.049043,0.949866,0.949408,736.871652,1.107996,0.738664,1.000000,1.054098,771.217140,0.000000,False,False,False,0.986638,1.000000,0.973276,338,28
0.000000,0.000000,29.000000,1.000000,0.000000,0.000000,1.000000,0.000000,0.000000,0.000000,9.735522,1.000000,1.000000,1.000000,1.000000,0.000000,0.000000,0.030582,0.970297,0.969905,735.797855,1.107796,0.738530,1.000000,1.073797,770.435504,0.000000,False,False,False,0.977045,1.000000,0.954090,339,28
0.000000,0.000000,29.000000,1.000000,0.000000,0.000000,1.000000,0.000000,0.000000,0.000000,9.809406,1.000000,1.000000,1.000000,1.000000,0.000000,0.000000,0.017654,0.979977,0.983905,734.710122,1.107075,0.738050,1.000000,1.087733,769.642525,0.000000,False,False,False,0.991224,1.000000,0.982448,340,28
0.000000,0.000000,29.000000,1.000000,0.000000,0.000000,1.000000,0.000000,0.000000,0.000000,9.850878,1.000000,1.000000,1.000000,1.000000,0.000000,0.000000,0.024155,0.975449,0.975305,733.631246,1.105691,0.737127,1.000000,1.078876,768.848147,0.000000,False,False,False,0.992973,1.000000,0.985946,341,28
0.000000,0.000000,29.000000,1.000000,0.000000,0.000000,1.000000,0.000000,0.000000,0.000000,9.846644,1.000000,1.000000,1.000000,1.000000,0.000000,0.000000,0.022802,0.976351,0.975854,732.551016,1.104947,0.736632,1.000000,1.080230,768.059437,0.000000,False,False,False,0.985887,1.000000,0.971774,342,28
0.000000,0.000000,29.000000,1.000000,0.000000,0.000000,1.000000,0.000000,0.000000,0.000000,9.898808,1.000000,1.000000,1.000000,1.000000,0.000000,0.000000,0.020542,0.981097,0.978830,731.469092,1.103921,0.735947,1.000000,1.081924,767.271248,0.000000,False,False,False,0.985237,1.000000,0.970474,343,28
0.000000,0.000000,29.000000,1.000000,0.000000,0.000000,1.000000,0.000000,0.000000,0.000000,9.934610,1.000000,1.000000,1.000000,1.000000,0.000000,0.000000,0.027547,0.971213,0.970404,730.395022,1.104225,0.736150,1.000000,1.074071,766.483522,0.000000,False,False,False,0.984657,1.000000,0.969314,344,28
0.000000,0.000000,29.000000,1.000000,0.000000,0.000000,1.000000,0.000000,0.000000,0.000000,9.930706,1.000000,1.000000,1.000000,1.000000,0.000000,0.000000,0.021225,0.978447,0.976476,729.315675,1.103057,0.735372,1.000000,1.079346,765.695453,0.000000,False,False,False,0.985086,1.000000,0.970173,345,28
0.000000,0.000000,29.000000,1.000000,0.000000,0.000000,1.000000,0.000000,0.000000,0.000000,9.966280,1.000000,1.000000,1.000000,1.000000,0.000000,0.000000,0.021593,0.974633,0.979003,728.241310,1.101996,0.734664,1.000000,1.074365,764.900645,0.000000,False,False,False,0.993510,1.000000,0.987019,346,28
0.000000,0.000000,29.000000,1.000000,0.000000,0.000000,1.000000,0.000000,0.000000,0.000000,10.015644,1.000000,1.000000,1.000000,1.000000,0.000000,0.000000,0.020800,0.977066,0.976411,727.163044,1.102695,0.735130,1.000000,1.078265,764.105477,0.000000,False,False,False,0.993961,1.000000,0.987922,347,28
0.000000,0.000000,29.000000,1.000000,0.000000,0.000000,1.000000,0.000000,0.000000,0.000000,10.052372,1.000000,1.000000,1.000000,1.000000,0.000000,0.000000,0.030069,0.967582,0.967695,726.097083,1.101092,0.734061,1.000000,1.065961,763.315564,0.000000,False,False,False,0.987391,1.000000,0.974782,348,28
0.000000,0.000000,29.000000,1.000000,0.000000,0.000000,1.000000,0.000000,0.000000,0.000000,10.125251,1.000000,1.000000,1.000000,1.000000,0.000000,0.000000,0.021677,0.978417,0.975952,725.019413,1.101718,0.734479,1.000000,1.077670,762.528862,0.000000,False,False,False,0.983377,1.000000,0.966753,349,28
0.000000,0.000000,29.000000,1.000000,0.000000,0.000000,1.000000,0.000000,0.000000,0.000000,10.183691,1.000000,1.000000,1.000000,1.000000,0.000000,0.000000,0.018104,0.980483,0.980647,723.939867,1.100858,0.733905,1.000000,1.079546,761.737592,0.000000,False,False,False,0.989088,1.000000,0.978176,350,28
0.000000,0.000000,29.000000,1.000000,0.000000,0.000000,1.000000,0.000000,0.000000,0.000000,10.285333,1.000000,1.000000,1.000000,1.000000,0.000000,0.000000,0.029704,0.968127,0.968325,722.873285,1.100122,0.733415,1.000000,1.066582,760.944997,0.000000,False,False,False,0.990744,1.000000,0.981488,351,28
0.000000,0.000000,29.000000,1.000000,0.000000,0.000000,1.000000,0.000000,0.000000,0.000000,10.296730,1.000000,1.000000,1.000000,1.000000,0.000000,0.000000,0.024291,0.975538,0.974695,721.802420,1.098067,0.732045,1.000000,1.070866,760.158840,0.000000,False,False,False,0.982695,1.000000,0.965391,352,28
0.000000,0.000000,29.000000,1.000000,0.000000,0.000000,1.000000,0.000000,0.000000,0.000000,10.399571,1.000000,1.000000,1.000000,1.000000,0.000000,0.000000,0.028926,0.971190,0.970140,720.737515,1.096233,0.730822,1.000000,1.064905,759.368864,0.000000,False,False,False,0.987471,1.000000,0.974942,353,28
0.000000,0.000000,29.000000,1.000000,0.000000,0.000000,1.000000,0.000000,0.000000,0.000000,10.444263,1.000000,1.000000,1.000000,1.000000,0.000000,0.000000,0.035319,0.964198,0.963606,719.681483,1.094983,0.729989,1.000000,1.056032,758.573932,0.000000,False,False,False,0.993665,1.000000,0.987331,354,28
0.000000,0.000000,29.000000,1.000000,0.000000,0.000000,1.000000,0.000000,0.000000,0.000000,10.478252,1.000000,1.000000,1.000000,1.000000,0.000000,0.000000,0.032358,0.967127,0.966059,718.626231,1.091318,0.727546,1.000000,1.055252,757.779158,0.000000,False,False,False,0.993467,1.000000,0.986934,355,28
0.000000,0.000000,29.000000,1.000000,0.000000,0.000000,1.000000,0.000000,0.000000,0.000000,10.541456,1.000000,1.000000,1.000000,1.000000,0.000000,0.000000,0.017527,0.980800,0.983021,717.556924,1.089777,0.726518,1.000000,1.069306,756.991089,0.000000,False,False,False,0.985087,1.000000,0.970173,356,28
0.000000,0.000000,29.000000,1.000000,0.000000,0.000000,1.000000,0.000000,0.000000,0.000000,10.662121,1.000000,1.000000,1.000000,1.000000,0.000000,0.000000,0.022607,0.977599,0.975561,716.494958,1.086746,0.724497,1.000000,1.061966,756.197489,0.000000,False,False,False,0.991999,1.000000,0.983998,357,28
0.000000,0.000000,29.000000,1.000000,0.000000,0.000000,1.000000,0.000000,0.000000,0.000000,10.624371,1.000000,1.000000,1.000000,1.000000,0.000000,0.000000,0.016290,0.984374,0.983409,715.428882,1.084140,0.722760,1.000000,1.066075,755.405610,0.000000,False,False,False,0.989849,1.000000,0.979698,358,28
0.000000,0.000000,29.000000,1.000000,0.000000,0.000000,1.000000,0.000000,0.000000,0.000000,10.754727,1.000000,1.000000,1.000000,1.000000,0.000000,0.000000,0.014973,0.986032,0.983726,714.364855,1.080002,0.720002,1.000000,1.064028,754.612147,0.000000,False,False,False,0.991828,1.000000,0.983657,359,28
0.000000,0.000000,29.000000,1.000000,0.000000,0.000000,1.000000,0.000000,0.000000,0.000000,10.775482,1.000000,1.000000,1.000000,1.000000,0.000000,0.000000,0.035327,0.963984,0.960944,713.329099,1.074657,0.716438,1.000000,1.035756,753.822916,0.000000,False,False,False,0.986539,1.000000,0.973077,360,28
0.000000,0.000000,29.000000,1.000000,0.000000,0.000000,1.000000,0.000000,0.000000,0.000000,10.831764,1.000000,1.000000,1.000000,1.000000,0.000000,0.000000,0.032554,0.966460,0.967439,712.298391,1.066858,0.711239,1.000000,1.030707,753.030108,0.000000,False,False,False,0.991011,1.000000,0.982022,361,28
0.000000,0.000000,29.000000,1.000000,0.000000,0.000000,1.000000,0.000000,0.000000,0.000000,10.895826,1.000000,1.000000,1.000000,1.000000,0.000000,0.000000,0.024696,0.974528,0.975579,711.267182,1.058531,0.705687,1.000000,1.031209,752.236344,0.000000,False,False,False,0.992205,1.000000,0.984410,362,28
0.000000,0.000000,29.000000,1.000000,0.000000,0.000000,1.000000,0.000000,0.000000,0.000000,10.946392,1.000000,1.000000,1.000000,1.000000,0.000000,0.000000,0.031207,0.965515,0.966948,710.251846,1.051716,0.701144,1.000000,1.015336,751.439036,0.000000,False,False,False,0.996634,1.000000,0.993269,363,28
0.000000,0.000000,29.000000,1.000000,0.000000,0.000000,1.000000,0.000000,0.000000,0.000000,10.949196,1.000000,1.000000,1.000000,1.000000,0.000000,0.000000,0.021329,0.976025,0.979085,709.232456,1.044842,0.696561,1.000000,1.019389,750.654616,0.000000,False,False,False,0.980525,1.000000,0.961050,364,28
0.000000,0.000000,29.000000,1.000000,0.000000,0.000000,1.000000,0.000000,0.000000,0.000000,11.146615,1.000000,1.000000,1.000000,1.000000,0.000000,0.000000,0.025911,0.973735,0.972737,708.224132,1.036567,0.691045,1.000000,1.008324,749.861244,0.000000,False,False,False,0.991716,1.000000,0.983431,365,28
0.000000,0.000000,29.000000,1.000000,0.000000,0.000000,1.000000,0.000000,0.000000,0.000000,10.986145,1.000000,1.000000,1.000000,1.000000,0.000000,0.000000,0.016319,0.982264,0.983733,707.212070,1.030502,0.687001,1.000000,1.012063,749.068333,0.000000,False,False,False,0.991139,1.000000,0.982277,366,28
0.000000,0.000000,29.000000,1.000000,0.000000,0.000000,1.000000,0.000000,0.000000,0.000000,11.193578,1.000000,1.000000,1.000000,1.000000,0.000000,0.000000,0.012607,0.984923,0.988807,706.204798,1.022945,0.681963,1.000000,1.007272,748.276870,0.000000,False,False,False,0.989328,1.000000,0.978656,367,28
0.000000,0.000000,29.000000,1.000000,0.000000,0.000000,1.000000,0.000000,0.000000,0.000000,11.193040,1.000000,1.000000,1.000000,1.000000,0.000000,0.000000,0.019550,0.978452,0.981501,705.210987,1.016570,0.677713,1.000000,0.993811,747.481275,0.000000,False,False,False,0.994494,1.000000,0.988988,368,28
0.000000,0.000000,29.000000,1.000000,0.000000,0.000000,1.000000,0.000000,0.000000,0.000000,11.118986,1.000000,1.000000,1.000000,1.000000,0.000000,0.000000,0.039073,0.960604,0.957438,704.240279,1.011386,0.674257,1.000000,0.970708,746.685313,0.000000,False,False,False,0.994953,1.000000,0.989906,369,28
0.000000,0.000000,29.000000,1.000000,0.000000,0.000000,1.000000,0.000000,0.000000,0.000000,10.974031,1.000000,1.000000,1.000000,1.000000,0.000000,0.000000,0.044026,0.955370,0.951528,703.279951,1.006119,0.670746,1.000000,0.960327,745.897181,0.000000,False,False,False,0.985165,1.000000,0.970329,370,28
0.000000,0.000000,29.000000,1.000000,0.000000,0.000000,1.000000,0.000000,0.000000,0.000000,11.266613,1.000000,1.000000,1.000000,1.000000,0.000000,0.000000,0.022014,0.976302,0.978755,702.303325,1.000963,0.667309,1.000000,0.976627,745.118081,0.000000,False,False,False,0.973875,1.000000,0.947751,371,28
0.000000,0.000000,29.000000,1.000000,0.000000,0.000000,1.000000,0.000000,0.000000,0.000000,11.268987,1.000000,1.000000,1.000000,1.000000,0.000000,0.000000,0.019456,0.979440,0.980995,701.329604,0.994470,0.662980,1.000000,0.973721,744.327044,0.000000,False,False,False,0.988796,1.000000,0.977593,372,28
0.000000,0.000000,29.000000,1.000000,0.000000,0.000000,1.000000,0.000000,0.000000,0.000000,10.987979,1.000000,1.000000,1.000000,1.000000,0.000000,0.000000,0.021171,0.980059,0.980254,700.361337,0.989683,0.659789,1.000000,0.968267,743.539083,0.000000,False,False,False,0.984951,1.000000,0.969902,373,28
0.000000,0.000000,29.000000,1.000000,0.000000,0.000000,1.000000,0.000000,0.000000,0.000000,11.287977,1.000000,1.000000,1.000000,1.000000,0.000000,0.000000,0.039929,0.961003,0.957901,699.417908,0.983422,0.655614,1.000000,0.943429,742.749667,0.000000,False,False,False,0.986770,1.000000,0.973540,374,28
0.000000,0.000000,29.000000,1.000000,0.000000,0.000000,1.000000,0.000000,0.000000,0.000000,11.432435,1.000000,1.000000,1.000000,1.000000,0.000000,0.000000,0.024957,0.975926,0.976448,698.465345,0.977342,0.651561,1.000000,0.952563,741.959060,0.000000,False,False,False,0.988258,1.000000,0.976516,375,28
0.000000,0.000000,29.000000,1.000000,0.000000,0.000000,1.000000,0.000000,0.000000,0.000000,11.467108,1.000000,1.000000,1.000000,1.000000,0.000000,0.000000,0.018508,0.981637,0.984152,697.515238,0.969215,0.646143,1.000000,0.950107,741.163209,0.000000,False,False,False,0.994814,1.000000,0.989627,376,28
0.000000,0.000000,29.000000,1.000000,0.000000,0.000000,1.000000,0.000000,0.000000,0.000000,11.382769,1.000000,1.000000,1.000000,1.000000,0.000000,0.000000,0.030024,0.970167,0.971061,696.579202,0.965444,0.643630,1.000000,0.936036,740.366762,0.000000,False,False,False,0.995559,1.000000,0.991118,377,28
0.000000,0.000000,29.000000,1.000000,0.000000,0.000000,1.000000,0.000000,0.000000,0.000000,11.284254,1.000000,1.000000,1.000000,1.000000,0.000000,0.000000,0.038787,0.960263,0.962202,695.655837,0.961204,0.640803,1.000000,0.923365,739.572083,0.000000,False,False,False,0.993348,1.000000,0.986697,378,28
0.000000,0.000000,29.000000,1.000000,0.000000,0.000000,1.000000,0.000000,0.000000,0.000000,11.123345,1.000000,1.000000,1.000000,1.000000,0.000000,0.000000,0.038534,0.962472,0.959001,694.737018,0.955619,0.637079,1.000000,0.918819,738.783583,0.000000,False,False,False,0.985626,1.000000,0.971251,379,28
0.000000,0.000000,29.000000,1.000000,0.000000,0.000000,1.000000,0.000000,0.000000,0.000000,11.423024,1.000000,1.000000,1.000000,1.000000,0.000000,0.000000,0.030687,0.969168,0.971456,693.817223,0.949263,0.632842,1.000000,0.919795,738.000712,0.000000,False,False,False,0.978588,1.000000,0.957176,380,28
0.000000,0.000000,29.000000,1.000000,0.000000,0.000000,1.000000,0.000000,0.000000,0.000000,11.344060,1.000000,1.000000,1.000000,1.000000,0.000000,0.000000,0.031700,0.968719,0.968712,692.901741,0.945454,0.630303,1.000000,0.915481,737.210959,0.000000,False,False,False,0.987191,1.000000,0.974383,381,28
0.000000,0.000000,29.000000,1.000000,0.000000,0.000000,1.000000,0.000000,0.000000,0.000000,11.315210,1.000000,1.000000,1.000000,1.000000,0.000000,0.000000,0.035804,0.963107,0.962105,691.994925,0.941370,0.627580,1.000000,0.906816,736.419050,0.000000,False,False,False,0.989887,1.000000,0.979774,382,28
0.000000,0.000000,29.000000,1.000000,0.000000,0.000000,1.000000,0.000000,0.000000,0.000000,11.178584,1.000000,1.000000,1.000000,1.000000,0.000000,0.000000,0.034972,0.964628,0.964361,691.091788,0.936806,0.624537,1.000000,0.903137,735.643369,0.000000,False,False,False,0.969602,1.000000,0.939203,383,28
0.000000,0.000000,29.000000,1.000000,0.000000,0.000000,1.000000,0.000000,0.000000,0.000000,11.343883,1.000000,1.000000,1.000000,1.000000,0.000000,0.000000,0.040644,0.959021,0.957395,690.198286,0.932478,0.621652,1.000000,0.893502,734.860058,0.000000,False,False,False,0.979138,1.000000,0.958276,384,28
0.000000,0.000000,29.000000,1.000000,0.000000,0.000000,1.000000,0.000000,0.000000,0.000000,11.441120,1.000000,1.000000,1.000000,1.000000,0.000000,0.000000,0.043608,0.950487,0.954755,689.315392,0.928848,0.619232,1.000000,0.882894,734.078965,0.000000,False,False,False,0.976366,1.000000,0.952733,385,28
0.000000,0.000000,29.000000,1.000000,0.000000,0.000000,1.000000,0.000000,0.000000,0.000000,11.532530,1.000000,1.000000,1.000000,1.000000,0.000000,0.000000,0.036416,0.961555,0.963298,688.427018,0.923287,0.615524,1.000000,0.888374,733.307903,0.000000,False,False,False,0.963827,1.000000,0.927655,386,28
0.000000,0.000000,29.000000,1.000000,0.000000,0.000000,1.000000,0.000000,0.000000,0.000000,11.264514,1.000000,1.000000,1.000000,1.000000,0.000000,0.000000,0.033785,0.964918,0.965913,687.539675,0.919973,0.613315,1.000000,0.887343,732.525141,0.000000,False,False,False,0.978453,1.000000,0.956905,387,28
0.000000,0.000000,29.000000,1.000000,0.000000,0.000000,1.000000,0.000000,0.000000,0.000000,11.404869,1.000000,1.000000,1.000000,1.000000,0.000000,0.000000,0.030151,0.970212,0.968945,686.653239,0.914160,0.609440,1.000000,0.886436,731.744650,0.000000,False,False,False,0.975614,1.000000,0.951227,388,28
0.000000,0.000000,29.000000,1.000000,0.000000,0.000000,1.000000,0.000000,0.000000,0.000000,11.578808,1.000000,1.000000,1.000000,1.000000,0.000000,0.000000,0.039642,0.960524,0.962299,685.778307,0.911108,0.607406,1.000000,0.874932,730.963293,0.000000,False,False,False,0.976696,1.000000,0.953392,389,28
0.000000,0.000000,29.000000,1.000000,0.000000,0.000000,1.000000,0.000000,0.000000,0.000000,11.431908,1.000000,1.000000,1.000000,1.000000,0.000000,0.000000,0.040037,0.958615,0.956327,684.907143,0.908957,0.605971,1.000000,0.871163,730.175538,0.000000,False,False,False,0.984694,1.000000,0.969387,390,28
0.000000,0.000000,29.000000,1.000000,0.000000,0.000000,1.000000,0.000000,0.000000,0.000000,11.345772,1.000000,1.000000,1.000000,1.000000,0.000000,0.000000,0.043244,0.952920,0.953490,684.043693,0.906459,0.604306,1.000000,0.863450,729.395973,0.000000,False,False,False,0.974457,1.000000,0.948914,391,28
0.000000,0.000000,29.000000,1.000000,0.000000,0.000000,1.000000,0.000000,0.000000,0.000000,11.682576,1.000000,1.000000,1.000000,1.000000,0.000000,0.000000,0.029339,0.971049,0.967930,683.166619,0.904200,0.602800,1.000000,0.877074,728.622496,0.000000,False,False,False,0.966846,1.000000,0.933692,392,28
0.000000,0.000000,29.000000,1.000000,0.000000,0.000000,1.000000,0.000000,0.000000,0.000000,11.513748,1.000000,1.000000,1.000000,1.000000,0.000000,0.000000,0.021831,0.978657,0.975865,682.282930,0.903973,0.602649,1.000000,0.883689,727.831192,0.000000,False,False,False,0.989130,1.000000,0.978260,393,28
0.000000,0.000000,29.000000,1.000000,0.000000,0.000000,1.000000,0.000000,0.000000,0.000000,11.555661,1.000000,1.000000,1.000000,1.000000,0.000000,0.000000,0.026198,0.974283,0.974691,681.404431,0.902563,0.601708,1.000000,0.878499,727.041856,0.000000,False,False,False,0.986670,1.000000,0.973339,394,28
0.000000,0.000000,29.000000,1.000000,0.000000,0.000000,1.000000,0.000000,0.000000,0.000000,11.643376,1.000000,1.000000,1.000000,1.000000,0.000000,0.000000,0.043112,0.957267,0.953839,680.542443,0.901092,0.600728,1.000000,0.861989,726.250161,0.000000,False,False,False,0.989619,1.000000,0.979238,395,28
0.000000,0.000000,29.000000,1.000000,0.000000,0.000000,1.000000,0.000000,0.000000,0.000000,11.387861,1.000000,1.000000,1.000000,1.000000,0.000000,0.000000,0.027362,0.973242,0.973744,679.667808,0.899618,0.599746,1.000000,0.874635,725.473164,0.000000,False,False,False,0.971247,1.000000,0.942494,396,28
0.000000,0.000000,29.000000,1.000000,0.000000,0.000000,1.000000,0.000000,0.000000,0.000000,11.205711,1.000000,1.000000,1.000000,1.000000,0.000000,0.000000,0.037855,0.962264,0.959899,678.805367,0.896918,0.597945,1.000000,0.862440,724.688369,0.000000,False,False,False,0.980993,1.000000,0.961987,397,28
0.000000,0.000000,29.000000,1.000000,0.000000,0.000000,1.000000,0.000000,0.000000,0.000000,11.632333,1.000000,1.000000,1.000000,1.000000,0.000000,0.000000,0.030679,0.969750,0.966854,677.937719,0.895923,0.597282,1.000000,0.867648,723.897776,0.000000,False,False,False,0.988242,1.000000,0.976483,398,28
0.000000,0.000000,29.000000,1.000000,0.000000,0.000000,1.000000,0.000000,0.000000,0.000000,11.363686,1.000000,1.000000,1.000000,1.000000,0.000000,0.000000,0.028359,0.972054,0.970532,677.069936,0.893893,0.595929,1.000000,0.867783,723.119495,0.000000,False,False,False,0.972851,1.000000,0.945702,399,28
0.000000,0.000000,29.000000,1.000000,0.000000,0.000000,1.000000,0.000000,0.000000,0.000000,11.221158,1.000000,1.000000,1.000000,1.000000,0.000000,0.000000,0.035683,0.965166,0.962548,676.211927,0.890393,0.593595,1.000000,0.858009,722.337980,0.000000,False,False,False,0.976894,1.000000,0.953787,400,28
0.000000,0.000000,29.000000,1.000000,0.000000,0.000000,1.000000,0.000000,0.000000,0.000000,11.620881,1.000000,1.000000,1.000000,1.000000,0.000000,0.000000,0.020627,0.980308,0.977923,675.341014,0.889344,0.592896,1.000000,0.870913,721.551034,0.000000,False,False,False,0.983683,1.000000,0.967366,401,28
0.000000,0.000000,29.000000,1.000000,0.000000,0.000000,1.000000,0.000000,0.000000,0.000000,11.548793,1.000000,1.000000,1.000000,1.000000,0.000000,0.000000,0.023054,0.977393,0.974549,674.473634,0.888348,0.592232,1.000000,0.867380,720.759835,0.000000,False,False,False,0.988998,1.000000,0.977996,402,28
0.000000,0.000000,29.000000,1.000000,0.000000,0.000000,1.000000,0.000000,0.000000,0.000000,11.718492,1.000000,1.000000,1.000000,1.000000,0.000000,0.000000,0.016517,0.985034,0.983636,673.601790,0.886778,0.591185,1.000000,0.871844,719.981183,0.000000,False,False,False,0.973316,1.000000,0.946632,403,28
0.000000,0.000000,29.000000,1.000000,0.000000,0.000000,1.000000,0.000000,0.000000,0.000000,11.526285,1.000000,1.000000,1.000000,1.000000,0.000000,0.000000,0.026406,0.974232,0.975162,672.739352,0.885994,0.590663,1.000000,0.862439,719.187185,0.000000,False,False,False,0.992497,1.000000,0.984994,404,28
0.000000,0.000000,29.000000,1.000000,0.000000,0.000000,1.000000,0.000000,0.000000,0.000000,11.624333,1.000000,1.000000,1.000000,1.000000,0.000000,0.000000,0.023858,0.976148,0.977841,671.876845,0.884110,0.589407,1.000000,0.862507,718.399886,0.000000,False,False,False,0.984125,1.000000,0.968249,405,28
0.000000,0.000000,29.000000,1.000000,0.000000,0.000000,1.000000,0.000000,0.000000,0.000000,11.245968,1.000000,1.000000,1.000000,1.000000,0.000000,0.000000,0.033913,0.965703,0.962404,671.025407,0.882113,0.588075,1.000000,0.851438,717.608125,0.000000,False,False,False,0.989701,1.000000,0.979402,406,28
0.000000,0.000000,29.000000,1.000000,0.000000,0.000000,1.000000,0.000000,0.000000,0.000000,11.603604,1.000000,1.000000,1.000000,1.000000,0.000000,0.000000,0.022109,0.979138,0.977258,670.163984,0.880953,0.587302,1.000000,0.861422,716.829558,0.000000,False,False,False,0.973209,1.000000,0.946417,407,28
0.000000,0.000000,29.000000,1.000000,0.000000,0.000000,1.000000,0.000000,0.000000,0.000000,11.507595,1.000000,1.000000,1.000000,1.000000,0.000000,0.000000,0.029212,0.969553,0.969856,669.310912,0.879997,0.586665,1.000000,0.853072,716.042981,0.000000,False,False,False,0.983221,1.000000,0.966441,408,28
0.000000,0.000000,29.000000,1.000000,0.000000,0.000000,1.000000,0.000000,0.000000,0.000000,11.527254,1.000000,1.000000,1.000000,1.000000,0.000000,0.000000,0.030486,0.968677,0.969208,668.459764,0.879144,0.586096,1.000000,0.851148,715.253788,0.000000,False,False,False,0.986491,1.000000,0.972983,409,28
0.000000,0.000000,29.000000,1.000000,0.000000,0.000000,1.000000,0.000000,0.000000,0.000000,11.606056,1.000000,1.000000,1.000000,1.000000,0.000000,0.000000,0.031570,0.967275,0.966332,667.609561,0.878077,0.585384,1.000000,0.850204,714.470871,0.000000,False,False,False,0.978647,1.000000,0.957294,410,28
0.000000,0.000000,29.000000,1.000000,0.000000,0.000000,1.000000,0.000000,0.000000,0.000000,11.494690,1.000000,1.000000,1.000000,1.000000,0.000000,0.000000,0.025108,0.974267,0.974967,666.755209,0.877267,0.584845,1.000000,0.854352,713.683898,0.000000,False,False,False,0.983716,1.000000,0.967431,411,28
0.000000,0.000000,29.000000,1.000000,0.000000,0.000000,1.000000,0.000000,0.000000,0.000000,11.405439,1.000000,1.000000,1.000000,1.000000,0.000000,0.000000,0.031061,0.969304,0.966664,665.906202,0.876705,0.584470,1.000000,0.849007,712.887488,0.000000,False,False,False,0.995512,1.000000,0.991025,412,28
0.000000,0.000000,29.000000,1.000000,0.000000,0.000000,1.000000,0.000000,0.000000,0.000000,11.724113,1.000000,1.000000,1.000000,1.000000,0.000000,0.000000,0.034076,0.966113,0.966109,665.061234,0.875513,0.583675,1.000000,0.844968,712.103818,0.000000,False,False,False,0.979587,1.000000,0.959175,413,28
0.000000,0.000000,29.000000,1.000000,0.000000,0.000000,1.000000,0.000000,0.000000,0.000000,11.653427,1.000000,1.000000,1.000000,1.000000,0.000000,0.000000,0.028952,0.971081,0.971649,664.212940,0.874334,0.582890,1.000000,0.848294,711.312672,0.000000,False,False,False,0.988933,1.000000,0.977865,414,28
0.000000,0.000000,29.000000,1.000000,0.000000,0.000000,1.000000,0.000000,0.000000,0.000000,11.670856,1.000000,1.000000,1.000000,1.000000,0.000000,0.000000,0.024784,0.974717,0.975738,663.362696,0.872884,0.581923,1.000000,0.850244,710.519695,0.000000,False,False,False,0.991221,1.000000,0.982443,415,28
0.000000,0.000000,29.000000,1.000000,0.000000,0.000000,1.000000,0.000000,0.000000,0.000000,11.445183,1.000000,1.000000,1.000000,1.000000,0.000000,0.000000,0.030635,0.970170,0.969273,662.517771,0.872158,0.581439,1.000000,0.844925,709.723371,0.000000,False,False,False,0.995405,1.000000,0.990811,416,28
0.000000,0.000000,29.000000,1.000000,0.000000,0.000000,1.000000,0.000000,0.000000,0.000000,11.459794,1.000000,1.000000,1.000000,1.000000,0.000000,0.000000,0.036012,0.964361,0.960797,661.678261,0.870984,0.580656,1.000000,0.839510,708.939630,0.000000,False,False,False,0.979677,1.000000,0.959354,417,28
0.000000,0.000000,29.000000,1.000000,0.000000,0.000000,1.000000,0.000000,0.000000,0.000000,11.674276,1.000000,1.000000,1.000000,1.000000,0.000000,0.000000,0.024687,0.975725,0.974252,660.829905,0.870224,0.580149,1.000000,0.848356,708.151589,0.000000,False,False,False,0.985050,1.000000,0.970101,418,28
0.000000,0.000000,29.000000,1.000000,0.000000,0.000000,1.000000,0.000000,0.000000,0.000000,11.701164,1.000000,1.000000,1.000000,1.000000,0.000000,0.000000,0.013039,0.988199,0.988341,659.973040,0.868847,0.579231,1.000000,0.856866,707.381432,0.000000,False,False,False,0.962696,1.000000,0.925392,419,28
0.000000,0.000000,29.000000,1.000000,0.000000,0.000000,1.000000,0.000000,0.000000,0.000000,11.366630,1.000000,1.000000,1.000000,1.000000,0.000000,0.000000,0.035948,0.965189,0.962421,659.136332,0.868187,0.578791,1.000000,0.836708,706.593215,0.000000,False,False,False,0.985271,1.000000,0.970543,420,28
0.000000,0.000000,29.000000,1.000000,0.000000,0.000000,1.000000,0.000000,0.000000,0.000000,11.541573,1.000000,1.000000,1.000000,1.000000,0.000000,0.000000,0.019494,0.982127,0.980671,658.285575,0.867782,0.578521,1.000000,0.850756,705.803392,0.000000,False,False,False,0.987279,1.000000,0.974557,421,28
0.000000,0.000000,29.000000,1.000000,0.000000,0.000000,1.000000,0.000000,0.000000,0.000000,11.629958,1.000000,1.000000,1.000000,1.000000,0.000000,0.000000,0.022687,0.977813,0.977981,657.438466,0.866811,0.577874,1.000000,0.847110,705.020475,0.000000,False,False,False,0.978647,1.000000,0.957293,422,28
0.000000,0.000000,29.000000,1.000000,0.000000,0.000000,1.000000,0.000000,0.000000,0.000000,11.512405,1.000000,1.000000,1.000000,1.000000,0.000000,0.000000,0.027085,0.973468,0.971035,656.596262,0.865957,0.577305,1.000000,0.842203,704.238889,0.000000,False,False,False,0.976983,1.000000,0.953966,423,28
0.000000,0.000000,29.000000,1.000000,0.000000,0.000000,1.000000,0.000000,0.000000,0.000000,11.372492,1.000000,1.000000,1.000000,1.000000,0.000000,0.000000,0.028702,0.971966,0.967940,655.756266,0.865350,0.576900,1.000000,0.839996,703.450931,0.000000,False,False,False,0.984946,1.000000,0.969893,424,28
0.000000,0.000000,29.000000,1.000000,0.000000,0.000000,1.000000,0.000000,0.000000,0.000000,11.725462,1.000000,1.000000,1.000000,1.000000,0.000000,0.000000,0.028218,0.972323,0.967782,654.916440,0.864362,0.576241,1.000000,0.839826,702.670147,0.000000,False,False,False,0.975981,1.000000,0.951962,425,28
0.000000,0.000000,29.000000,1.000000,0.000000,0.000000,1.000000,0.000000,0.000000,0.000000,11.600394,1.000000,1.000000,1.000000,1.000000,0.000000,0.000000,0.029519,0.970763,0.969576,654.078780,0.863675,0.575783,1.000000,0.837660,701.884459,0.000000,False,False,False,0.982109,1.000000,0.964218,426,28
0.000000,0.000000,29.000000,1.000000,0.000000,0.000000,1.000000,0.000000,0.000000,0.000000,11.201583,1.000000,1.000000,1.000000,1.000000,0.000000,0.000000,0.049445,0.951659,0.946528,653.258842,0.862776,0.575184,1.000000,0.819938,701.103148,0.000000,False,False,False,0.976639,1.000000,0.953278,427,28
0.000000,0.000000,29.000000,1.000000,0.000000,0.000000,1.000000,0.000000,0.000000,0.000000,11.470932,1.000000,1.000000,1.000000,1.000000,0.000000,0.000000,0.024937,0.976927,0.973885,652.418424,0.861958,0.574639,1.000000,0.840419,700.323773,0.000000,False,False,False,0.974220,1.000000,0.948439,428,28
0.000000,0.000000,29.000000,1.000000,0.000000,0.000000,1.000000,0.000000,0.000000,0.000000,11.519977,1.000000,1.000000,1.000000,1.000000,0.000000,0.000000,0.019050,0.981892,0.980261,651.573967,0.861142,0.574095,1.000000,0.844457,699.544130,0.000000,False,False,False,0.974553,1.000000,0.949106,429,28
0.000000,0.000000,29.000000,1.000000,0.000000,0.000000,1.000000,0.000000,0.000000,0.000000,11.428524,1.000000,1.000000,1.000000,1.000000,0.000000,0.000000,0.024474,0.976213,0.972919,650.735236,0.860424,0.573616,1.000000,0.838731,698.761954,0.000000,False,False,False,0.977720,1.000000,0.955439,430,28
0.000000,0.000000,29.000000,1.000000,0.000000,0.000000,1.000000,0.000000,0.000000,0.000000,11.255090,1.000000,1.000000,1.000000,1.000000,0.000000,0.000000,0.030297,0.970292,0.966129,649.902048,0.859267,0.572845,1.000000,0.833188,697.991224,0.000000,False,False,False,0.963413,1.000000,0.926826,431,28
0.000000,0.000000,29.000000,1.000000,0.000000,0.000000,1.000000,0.000000,0.000000,0.000000,11.279916,1.000000,1.000000,1.000000,1.000000,0.000000,0.000000,0.045547,0.954664,0.949032,649.082724,0.858708,0.572472,1.000000,0.819324,697.210624,0.000000,False,False,False,0.975750,1.000000,0.951500,432,28
0.000000,0.000000,29.000000,1.000000,0.000000,0.000000,1.000000,0.000000,0.000000,0.000000,11.454789,1.000000,1.000000,1.000000,1.000000,0.000000,0.000000,0.042736,0.957095,0.955303,648.261870,0.857629,0.571753,1.000000,0.820854,696.440119,0.000000,False,False,False,0.963131,1.000000,0.926262,433,28
0.000000,0.000000,29.000000,1.000000,0.000000,0.000000,1.000000,0.000000,0.000000,0.000000,11.267518,1.000000,1.000000,1.000000,1.000000,0.000000,0.000000,0.035221,0.963439,0.963089,647.436390,0.857106,0.571404,1.000000,0.825480,695.660192,0.000000,False,False,False,0.974909,1.000000,0.949818,434,28
0.000000,0.000000,29.000000,1.000000,0.000000,0.000000,1.000000,0.000000,0.000000,0.000000,11.430801,1.000000,1.000000,1.000000,1.000000,0.000000,0.000000,0.042636,0.953989,0.955030,646.619569,0.856008,0.570672,1.000000,0.816821,694.879265,0.000000,False,False,False,0.976158,1.000000,0.952317,435,28
0.000000,0.000000,29.000000,1.000000,0.000000,0.000000,1.000000,0.000000,0.000000,0.000000,11.284697,1.000000,1.000000,1.000000,1.000000,0.000000,0.000000,0.029563,0.970006,0.969869,645.790234,0.855798,0.570532,1.000000,0.829335,694.093328,0.000000,False,False,False,0.982421,1.000000,0.964842,436,28
0.000000,0.000000,29.000000,1.000000,0.000000,0.000000,1.000000,0.000000,0.000000,0.000000,11.471804,1.000000,1.000000,1.000000,1.000000,0.000000,0.000000,0.025791,0.973662,0.973010,644.958336,0.854946,0.569964,1.000000,0.831898,693.315285,0.000000,False,False,False,0.972554,1.000000,0.945108,437,28
0.000000,0.000000,29.000000,1.000000,0.000000,0.000000,1.000000,0.000000,0.000000,0.000000,11.545500,1.000000,1.000000,1.000000,1.000000,0.000000,0.000000,0.024376,0.976664,0.973046,644.125090,0.854400,0.569600,1.000000,0.833246,692.531472,0.000000,False,False,False,0.979766,1.000000,0.959532,438,28
0.000000,0.000000,29.000000,1.000000,0.000000,0.000000,1.000000,0.000000,0.000000,0.000000,11.250048,1.000000,1.000000,1.000000,1.000000,0.000000,0.000000,0.033156,0.967343,0.964211,643.299882,0.853953,0.569302,1.000000,0.825208,691.740880,0.000000,False,False,False,0.988240,1.000000,0.976480,439,28
0.000000,0.000000,29.000000,1.000000,0.000000,0.000000,1.000000,0.000000,0.000000,0.000000,11.637626,1.000000,1.000000,1.000000,1.000000,0.000000,0.000000,0.033286,0.966840,0.965513,642.475549,0.852963,0.568642,1.000000,0.824333,690.962229,0.000000,False,False,False,0.973314,1.000000,0.946628,440,28
0.000000,0.000000,29.000000,1.000000,0.000000,0.000000,1.000000,0.000000,0.000000,0.000000,11.461317,1.000000,1.000000,1.000000,1.000000,0.000000,0.000000,0.051960,0.946319,0.946718,641.668216,0.852159,0.568106,1.000000,0.807333,690.185185,0.000000,False,False,False,0.971304,1.000000,0.942609,441,28
0.000000,0.000000,29.000000,1.000000,0.000000,0.000000,1.000000,0.000000,0.000000,0.000000,11.413005,1.000000,1.000000,1.000000,1.000000,0.000000,0.000000,0.027297,0.973362,0.969326,640.839814,0.851835,0.567890,1.000000,0.828402,689.396808,0.000000,False,False,False,0.985472,1.000000,0.970943,442,28
0.000000,0.000000,29.000000,1.000000,0.000000,0.000000,1.000000,0.000000,0.000000,0.000000,11.532329,1.000000,1.000000,1.000000,1.000000,0.000000,0.000000,0.023796,0.975966,0.974962,640.009760,0.850668,0.567112,1.000000,0.830054,688.624885,0.000000,False,False,False,0.964904,1.000000,0.929807,443,28
0.000000,0.000000,29.000000,1.000000,0.000000,0.000000,1.000000,0.000000,0.000000,0.000000,11.595679,1.000000,1.000000,1.000000,1.000000,0.000000,0.000000,0.021796,0.978014,0.979211,639.178207,0.850257,0.566838,1.000000,0.831553,687.841265,0.000000,False,False,False,0.979525,1.000000,0.959051,444,28
0.000000,0.000000,29.000000,1.000000,0.000000,0.000000,1.000000,0.000000,0.000000,0.000000,11.438408,1.000000,1.000000,1.000000,1.000000,0.000000,0.000000,0.025736,0.974257,0.973306,638.350278,0.849853,0.566569,1.000000,0.827929,687.050155,0.000000,False,False,False,0.988887,1.000000,0.977773,445,28
0.000000,0.000000,29.000000,1.000000,0.000000,0.000000,1.000000,0.000000,0.000000,0.000000,11.509648,1.000000,1.000000,1.000000,1.000000,0.000000,0.000000,0.040891,0.959706,0.953168,637.535910,0.849138,0.566092,1.000000,0.814368,686.264436,0.000000,False,False,False,0.982150,1.000000,0.964299,446,28
0.000000,0.000000,29.000000,1.000000,0.000000,0.000000,1.000000,0.000000,0.000000,0.000000,11.582968,1.000000,1.000000,1.000000,1.000000,0.000000,0.000000,0.023728,0.977286,0.973250,636.708144,0.848243,0.565496,1.000000,0.827767,685.486911,0.000000,False,False,False,0.971906,1.000000,0.943813,447,28
0.000000,0.000000,29.000000,1.000000,0.000000,0.000000,1.000000,0.000000,0.000000,0.000000,11.372981,1.000000,1.000000,1.000000,1.000000,0.000000,0.000000,0.024062,0.976774,0.974861,635.881469,0.847311,0.564874,1.000000,0.826675,684.712567,0.000000,False,False,False,0.967930,1.000000,0.935859,448,28
0.000000,0.000000,29.000000,1.000000,0.000000,0.000000,1.000000,0.000000,0.000000,0.000000,11.532394,1.000000,1.000000,1.000000,1.000000,0.000000,0.000000,0.030771,0.967810,0.968431,635.062047,0.846907,0.564605,1.000000,0.819422,683.927932,0.000000,False,False,False,0.980793,1.000000,0.961586,449,28
0.000000,0.000000,29.000000,1.000000,0.000000,0.000000,1.000000,0.000000,0.000000,0.000000,11.469566,1.000000,1.000000,1.000000,1.000000,0.000000,0.000000,0.028224,0.972187,0.971769,634.240079,0.846017,0.564011,1.000000,0.821968,683.148229,0.000000,False,False,False,0.974629,1.000000,0.949258,450,28
0.000000,0.000000,29.000000,1.000000,0.000000,0.000000,1.000000,0.000000,0.000000,0.000000,11.265001,1.000000,1.000000,1.000000,1.000000,0.000000,0.000000,0.045395,0.953611,0.949559,633.433602,0.845122,0.563414,1.000000,0.806477,682.367094,0.000000,False,False,False,0.976420,1.000000,0.952840,451,28
0.000000,0.000000,29.000000,1.000000,0.000000,0.000000,1.000000,0.000000,0.000000,0.000000,11.417895,1.000000,1.000000,1.000000,1.000000,0.000000,0.000000,0.024156,0.976529,0.972896,632.609809,0.844431,0.562954,1.000000,0.823793,681.593324,0.000000,False,False,False,0.967212,1.000000,0.934425,452,28
0.000000,0.000000,29.000000,1.000000,0.000000,0.000000,1.000000,0.000000,0.000000,0.000000,11.250619,1.000000,1.000000,1.000000,1.000000,0.000000,0.000000,0.033036,0.967164,0.964701,631.794079,0.843883,0.562589,1.000000,0.815730,680.816366,0.000000,False,False,False,0.971197,1.000000,0.942394,453,28
0.000000,0.000000,29.000000,1.000000,0.000000,0.000000,1.000000,0.000000,0.000000,0.000000,11.538372,1.000000,1.000000,1.000000,1.000000,0.000000,0.000000,0.038426,0.962089,0.959374,630.983615,0.843078,0.562052,1.000000,0.810464,680.041894,0.000000,False,False,False,0.968089,1.000000,0.936178,454,28
0.000000,0.000000,29.000000,1.000000,0.000000,0.000000,1.000000,0.000000,0.000000,0.000000,11.542085,1.000000,1.000000,1.000000,1.000000,0.000000,0.000000,0.028700,0.970528,0.970317,630.165161,0.842745,0.561830,1.000000,0.818453,679.253331,0.000000,False,False,False,0.985704,1.000000,0.971408,455,28
0.000000,0.000000,29.000000,1.000000,0.000000,0.000000,1.000000,0.000000,0.000000,0.000000,11.400131,1.000000,1.000000,1.000000,1.000000,0.000000,0.000000,0.033822,0.965339,0.961710,629.352282,0.841970,0.561313,1.000000,0.812880,678.467850,0.000000,False,False,False,0.981852,1.000000,0.963703,456,28
0.000000,0.000000,29.000000,1.000000,0.000000,0.000000,1.000000,0.000000,0.000000,0.000000,11.352838,1.000000,1.000000,1.000000,1.000000,0.000000,0.000000,0.026644,0.973346,0.973494,628.533395,0.841420,0.560946,1.000000,0.818887,677.682554,0.000000,False,False,False,0.981619,1.000000,0.963238,457,28
0.000000,0.000000,29.000000,1.000000,0.000000,0.000000,1.000000,0.000000,0.000000,0.000000,11.419204,1.000000,1.000000,1.000000,1.000000,0.000000,0.000000,0.016690,0.984876,0.981937,627.706998,0.840561,0.560374,1.000000,0.826397,676.902589,0.000000,False,False,False,0.974957,1.000000,0.949914,458,28
0.000000,0.000000,29.000000,1.000000,0.000000,0.000000,1.000000,0.000000,0.000000,0.000000,11.504757,1.000000,1.000000,1.000000,1.000000,0.000000,0.000000,0.029960,0.969669,0.968110,626.892544,0.839720,0.559813,1.000000,0.814454,676.125396,0.000000,False,False,False,0.971491,1.000000,0.942983,459,28
0.000000,0.000000,29.000000,1.000000,0.000000,0.000000,1.000000,0.000000,0.000000,0.000000,11.335549,1.000000,1.000000,1.000000,1.000000,0.000000,0.000000,0.037877,0.961395,0.958763,626.085479,0.839140,0.559426,1.000000,0.807065,675.342409,0.000000,False,False,False,0.978733,1.000000,0.957466,460,28
0.000000,0.000000,29.000000,1.000000,0.000000,0.000000,1.000000,0.000000,0.000000,0.000000,11.332098,1.000000,1.000000,1.000000,1.000000,0.000000,0.000000,0.042757,0.957429,0.954373,625.283057,0.838311,0.558874,1.000000,0.802422,674.564289,0.000000,False,False,False,0.972650,1.000000,0.945300,461,28
0.000000,0.000000,29.000000,1.000000,0.000000,0.000000,1.000000,0.000000,0.000000,0.000000,11.276153,1.000000,1.000000,1.000000,1.000000,0.000000,0.000000,0.031718,0.969382,0.965662,624.472409,0.837473,0.558315,1.000000,0.810648,673.789365,0.000000,False,False,False,0.968655,1.000000,0.937309,462,28
0.000000,0.000000,29.000000,1.000000,0.000000,0.000000,1.000000,0.000000,0.000000,0.000000,11.389670,1.000000,1.000000,1.000000,1.000000,0.000000,0.000000,0.029171,0.972118,0.968823,623.660181,0.836665,0.557776,1.000000,0.812228,673.015589,0.000000,False,False,False,0.967221,1.000000,0.934441,463,28
0.000000,0.000000,29.000000,1.000000,0.000000,0.000000,1.000000,0.000000,0.000000,0.000000,11.264580,1.000000,1.000000,1.000000,1.000000,0.000000,0.000000,0.034387,0.964528,0.964414,622.854085,0.835922,0.557281,1.000000,0.806096,672.240335,0.000000,False,False,False,0.969067,1.000000,0.938134,464,28
0.000000,0.000000,29.000000,1.000000,0.000000,0.000000,1.000000,0.000000,0.000000,0.000000,11.552056,1.000000,1.000000,1.000000,1.000000,0.000000,0.000000,0.040390,0.958118,0.958238,622.053370,0.835242,0.556828,1.000000,0.800715,671.466223,0.000000,False,False,False,0.967641,1.000000,0.935282,465,28
0.000000,0.000000,29.000000,1.000000,0.000000,0.000000,1.000000,0.000000,0.000000,0.000000,11.331822,1.000000,1.000000,1.000000,1.000000,0.000000,0.000000,0.040229,0.958838,0.955662,621.253621,0.834092,0.556061,1.000000,0.799749,670.693551,0.000000,False,False,False,0.965839,1.000000,0.931679,466,28
0.000000,0.000000,29.000000,1.000000,0.000000,0.000000,1.000000,0.000000,0.000000,0.000000,11.239174,1.000000,1.000000,1.000000,1.000000,0.000000,0.000000,0.029659,0.970923,0.968120,620.444628,0.833916,0.555944,1.000000,0.808993,669.914678,0.000000,False,False,False,0.973591,1.000000,0.947183,467,28
0.000000,0.000000,29.000000,1.000000,0.000000,0.000000,1.000000,0.000000,0.000000,0.000000,11.415723,1.000000,1.000000,1.000000,1.000000,0.000000,0.000000,0.034836,0.964708,0.959976,619.640811,0.833247,0.555498,1.000000,0.803818,669.137386,0.000000,False,False,False,0.971615,1.000000,0.943230,468,28
0.000000,0.000000,29.000000,1.000000,0.000000,0.000000,1.000000,0.000000,0.000000,0.000000,11.372002,1.000000,1.000000,1.000000,1.000000,0.000000,0.000000,0.040711,0.958297,0.956284,618.842114,0.832656,0.555104,1.000000,0.798697,668.358918,0.000000,False,False,False,0.973086,1.000000,0.946172,469,28
0.000000,0.000000,29.000000,1.000000,0.000000,0.000000,1.000000,0.000000,0.000000,0.000000,11.562503,1.000000,1.000000,1.000000,1.000000,0.000000,0.000000,0.024034,0.975945,0.973751,618.030174,0.832053,0.554702,1.000000,0.811939,667.579517,0.000000,False,False,False,0.974251,1.000000,0.948502,470,28
0.000000,0.000000,29.000000,1.000000,0.000000,0.000000,1.000000,0.000000,0.000000,0.000000,11.421688,1.000000,1.000000,1.000000,1.000000,0.000000,0.000000,0.027385,0.972997,0.971446,617.221472,0.831495,0.554330,1.000000,0.808702,666.797963,0.000000,False,False,False,0.976943,1.000000,0.953885,471,28
0.000000,0.000000,29.000000,1.000000,0.000000,0.000000,1.000000,0.000000,0.000000,0.000000,11.278967,1.000000,1.000000,1.000000,1.000000,0.000000,0.000000,0.028250,0.972261,0.968354,616.413968,0.831079,0.554052,1.000000,0.807504,666.011005,0.000000,False,False,False,0.983697,1.000000,0.967394,472,28
0.000000,0.000000,29.000000,1.000000,0.000000,0.000000,1.000000,0.000000,0.000000,0.000000,11.593989,1.000000,1.000000,1.000000,1.000000,0.000000,0.000000,0.043406,0.955389,0.954437,615.620633,0.830192,0.553462,1.000000,0.793335,665.234241,0.000000,False,False,False,0.970955,1.000000,0.941910,473,28
0.000000,0.000000,29.000000,1.000000,0.000000,0.000000,1.000000,0.000000,0.000000,0.000000,11.315875,1.000000,1.000000,1.000000,1.000000,0.000000,0.000000,0.028660,0.971308,0.969603,614.814819,0.829813,0.553209,1.000000,0.805814,664.451698,0.000000,False,False,False,0.978179,1.000000,0.956358,474,28
0.000000,0.000000,29.000000,1.000000,0.000000,0.000000,1.000000,0.000000,0.000000,0.000000,11.524529,1.000000,1.000000,1.000000,1.000000,0.000000,0.000000,0.028562,0.971582,0.970314,614.009190,0.829341,0.552894,1.000000,0.805629,663.666785,0.000000,False,False,False,0.981141,1.000000,0.962282,475,28
0.000000,0.000000,29.000000,1.000000,0.000000,0.000000,1.000000,0.000000,0.000000,0.000000,11.499213,1.000000,1.000000,1.000000,1.000000,0.000000,0.000000,0.031307,0.967482,0.968647,613.206750,0.828480,0.552320,1.000000,0.802441,662.892083,0.000000,False,False,False,0.968378,1.000000,0.936755,476,28
0.000000,0.000000,29.000000,1.000000,0.000000,0.000000,1.000000,0.000000,0.000000,0.000000,11.350648,1.000000,1.000000,1.000000,1.000000,0.000000,0.000000,0.036874,0.962184,0.960909,612.409416,0.827915,0.551943,1.000000,0.797333,662.114040,0.000000,False,False,False,0.972554,1.000000,0.945109,477,28
0.000000,0.000000,29.000000,1.000000,0.000000,0.000000,1.000000,0.000000,0.000000,0.000000,11.351927,1.000000,1.000000,1.000000,1.000000,0.000000,0.000000,0.026336,0.973403,0.970820,611.603715,0.827607,0.551738,1.000000,0.805701,661.328402,0.000000,False,False,False,0.982047,1.000000,0.964095,478,28
0.000000,0.000000,29.000000,1.000000,0.000000,0.000000,1.000000,0.000000,0.000000,0.000000,11.657650,1.000000,1.000000,1.000000,1.000000,0.000000,0.000000,0.029871,0.969397,0.968749,610.801845,0.826901,0.551267,1.000000,0.801870,660.548831,0.000000,False,False,False,0.974464,1.000000,0.948927,479,28
0.000000,0.000000,29.000000,1.000000,0.000000,0.000000,1.000000,0.000000,0.000000,0.000000,11.335209,1.000000,1.000000,1.000000,1.000000,0.000000,0.000000,0.026370,0.973143,0.971308,609.997495,0.826477,0.550985,1.000000,0.804350,659.765153,0.000000,False,False,False,0.979598,1.000000,0.959196,480,28
0.000000,0.000000,29.000000,1.000000,0.000000,0.000000,1.000000,0.000000,0.000000,0.000000,11.618124,1.000000,1.000000,1.000000,1.000000,0.000000,0.000000,0.044785,0.954641,0.952441,609.208929,0.825753,0.550502,1.000000,0.788566,658.988259,0.000000,False,False,False,0.971117,1.000000,0.942233,481,28
0.000000,0.000000,29.000000,1.000000,0.000000,0.000000,1.000000,0.000000,0.000000,0.000000,11.488437,1.000000,1.000000,1.000000,1.000000,0.000000,0.000000,0.042585,0.957039,0.956400,608.419488,0.824871,0.549914,1.000000,0.789440,658.220795,0.000000,False,False,False,0.959331,1.000000,0.918661,482,28
0.000000,0.000000,29.000000,1.000000,0.000000,0.000000,1.000000,0.000000,0.000000,0.000000,11.481714,1.000000,1.000000,1.000000,1.000000,0.000000,0.000000,0.046040,0.954215,0.953625,607.633210,0.824500,0.549667,1.000000,0.786278,657.442827,0.000000,False,False,False,0.972460,1.000000,0.944921,483,28
0.000000,0.000000,29.000000,1.000000,0.000000,0.000000,1.000000,0.000000,0.000000,0.000000,11.430532,1.000000,1.000000,1.000000,1.000000,0.000000,0.000000,0.026429,0.974199,0.971526,606.831865,0.823840,0.549226,1.000000,0.801346,656.672595,0.000000,False,False,False,0.962790,1.000000,0.925580,484,28
0.000000,0.000000,29.000000,1.000000,0.000000,0.000000,1.000000,0.000000,0.000000,0.000000,11.358267,1.000000,1.000000,1.000000,1.000000,0.000000,0.000000,0.034943,0.966261,0.961817,606.037605,0.823266,0.548844,1.000000,0.794259,655.899797,0.000000,False,False,False,0.965998,1.000000,0.931995,485,28
0.000000,0.000000,29.000000,1.000000,0.000000,0.000000,1.000000,0.000000,0.000000,0.000000,11.262287,1.000000,1.000000,1.000000,1.000000,0.000000,0.000000,0.036393,0.964449,0.960912,605.245524,0.822454,0.548303,1.000000,0.792081,655.124375,0.000000,False,False,False,0.969277,1.000000,0.938555,486,28
0.000000,0.000000,29.000000,1.000000,0.000000,0.000000,1.000000,0.000000,0.000000,0.000000,11.311699,1.000000,1.000000,1.000000,1.000000,0.000000,0.000000,0.039248,0.960632,0.956674,604.456172,0.822369,0.548246,1.000000,0.789352,654.350026,0.000000,False,False,False,0.967936,1.000000,0.935871,487,28
0.000000,0.000000,29.000000,1.000000,0.000000,0.000000,1.000000,0.000000,0.000000,0.000000,11.371125,1.000000,1.000000,1.000000,1.000000,0.000000,0.000000,0.036877,0.962684,0.960945,603.664484,0.822084,0.548056,1.000000,0.791688,653.568819,0.000000,False,False,False,0.976509,1.000000,0.953019,488,28
0.000000,0.000000,29.000000,1.000000,0.000000,0.000000,1.000000,0.000000,0.000000,0.000000,11.441399,1.000000,1.000000,1.000000,1.000000,0.000000,0.000000,0.032471,0.966220,0.964847,602.870876,0.821499,0.547666,1.000000,0.793608,652.791864,0.000000,False,False,False,0.971193,1.000000,0.942386,489,28
0.000000,0.000000,29.000000,1.000000,0.000000,0.000000,1.000000,0.000000,0.000000,0.000000,11.527174,1.000000,1.000000,1.000000,1.000000,0.000000,0.000000,0.028452,0.970548,0.969874,602.073971,0.820777,0.547185,1.000000,0.796905,652.021185,0.000000,False,False,False,0.963349,1.000000,0.926698,490,28
0.000000,0.000000,29.000000,1.000000,0.000000,0.000000,1.000000,0.000000,0.000000,0.000000,11.413599,1.000000,1.000000,1.000000,1.000000,0.000000,0.000000,0.045589,0.951015,0.951281,601.291763,0.820497,0.546998,1.000000,0.782207,651.240092,0.000000,False,False,False,0.976367,1.000000,0.952734,491,28
0.000000,0.000000,29.000000,1.000000,0.000000,0.000000,1.000000,0.000000,0.000000,0.000000,11.416396,1.000000,1.000000,1.000000,1.000000,0.000000,0.000000,0.031585,0.967995,0.967993,600.498115,0.819979,0.546653,1.000000,0.793648,650.464300,0.000000,False,False,False,0.969740,1.000000,0.939480,492,28
0.000000,0.000000,29.000000,1.000000,0.000000,0.000000,1.000000,0.000000,0.000000,0.000000,11.521101,1.000000,1.000000,1.000000,1.000000,0.000000,0.000000,0.020106,0.980398,0.979455,599.695367,0.819779,0.546519,1.000000,0.802747,649.678035,0.000000,False,False,False,0.982831,1.000000,0.965661,493,28
0.000000,0.000000,29.000000,1.000000,0.000000,0.000000,1.000000,0.000000,0.000000,0.000000,11.595175,1.000000,1.000000,1.000000,1.000000,0.000000,0.000000,0.019168,0.981561,0.981493,598.891736,0.819341,0.546227,1.000000,0.803632,648.893217,0.000000,False,False,False,0.981022,1.000000,0.962044,494,28
0.000000,0.000000,29.000000,1.000000,0.000000,0.000000,1.000000,0.000000,0.000000,0.000000,11.394413,1.000000,1.000000,1.000000,1.000000,0.000000,0.000000,0.034957,0.963659,0.962378,598.101844,0.818929,0.545953,1.000000,0.789892,648.108392,0.000000,False,False,False,0.981032,1.000000,0.962064,495,28
0.000000,0.000000,29.000000,1.000000,0.000000,0.000000,1.000000,0.000000,0.000000,0.000000,11.376446,1.000000,1.000000,1.000000,1.000000,0.000000,0.000000,0.045823,0.953723,0.950359,597.321965,0.818025,0.545350,1.000000,0.779878,647.338293,0.000000,False,False,False,0.962623,1.000000,0.925246,496,28
0.000000,0.000000,29.000000,1.000000,0.000000,0.000000,1.000000,0.000000,0.000000,0.000000,11.297679,1.000000,1.000000,1.000000,1.000000,0.000000,0.000000,0.041483,0.957802,0.955548,596.538805,0.817922,0.545281,1.000000,0.783161,646.553459,0.000000,False,False,False,0.981042,1.000000,0.962085,497,28
0.000000,0.000000,29.000000,1.000000,0.000000,0.000000,1.000000,0.000000,0.000000,0.000000,11.635082,1.000000,1.000000,1.000000,1.000000,0.000000,0.000000,0.023256,0.978253,0.974978,595.740876,0.816960,0.544640,1.000000,0.797929,645.786799,0.000000,False,False,False,0.958325,1.000000,0.916650,498,28
0.000000,0.000000,29.000000,1.000000,0.000000,0.000000,1.000000,0.000000,0.000000,0.000000,11.409259,1.000000,1.000000,1.000000,1.000000,0.000000,0.000000,0.025630,0.974762,0.971861,594.944923,0.816944,0.544629,1.000000,0.795953,645.001821,0.000000,False,False,False,0.981223,1.000000,0.962446,499,28
0.000000,0.000000,29.000000,1.000000,0.000000,0.000000,1.000000,0.000000,0.000000,0.000000,11.549820,1.000000,1.000000,1.000000,1.000000,0.000000,0.000000,0.036142,0.962074,0.963924,594.159049,0.816437,0.544292,1.000000,0.785874,644.221302,0.000000,False,False,False,0.975648,1.000000,0.951297,500,28
0.000000,0.000000,29.000000,1.000000,0.000000,0.000000,1.000000,0.000000,0.000000,0.000000,11.333465,1.000000,1.000000,1.000000,1.000000,0.000000,0.000000,0.040687,0.958796,0.959733,593.376191,0.816084,0.544056,1.000000,0.782858,643.437193,0.000000,False,False,False,0.980136,1.000000,0.960271,501,28
0.000000,0.000000,29.000000,1.000000,0.000000,0.000000,1.000000,0.000000,0.000000,0.000000,11.561933,1.000000,1.000000,1.000000,1.000000,0.000000,0.000000,0.029153,0.971056,0.967198,592.584547,0.815441,0.543627,1.000000,0.791644,642.665167,0.000000,False,False,False,0.965033,1.000000,0.930065,502,28
0.000000,0.000000,29.000000,1.000000,0.000000,0.000000,1.000000,0.000000,0.000000,0.000000,11.455360,1.000000,1.000000,1.000000,1.000000,0.000000,0.000000,0.033051,0.966570,0.963307,591.796804,0.814869,0.543246,1.000000,0.787743,641.893789,0.000000,False,False,False,0.964223,1.000000,0.928446,503,28
0.000000,0.000000,29.000000,1.000000,0.000000,0.000000,1.000000,0.000000,0.000000,0.000000,11.479824,1.000000,1.000000,1.000000,1.000000,0.000000,0.000000,0.030642,0.968795,0.967628,591.008277,0.814339,0.542893,1.000000,0.788526,641.122838,0.000000,False,False,False,0.963688,1.000000,0.927376,504,28
0.000000,0.000000,29.000000,1.000000,0.000000,0.000000,1.000000,0.000000,0.000000,0.000000,11.308230,1.000000,1.000000,1.000000,1.000000,0.000000,0.000000,0.033156,0.966661,0.963552,590.222059,0.813964,0.542643,1.000000,0.786218,640.347658,0.000000,False,False,False,0.968975,1.000000,0.937950,505,28
0.000000,0.000000,29.000000,1.000000,0.000000,0.000000,1.000000,0.000000,0.000000,0.000000,11.327720,1.000000,1.000000,1.000000,1.000000,0.000000,0.000000,0.025971,0.975141,0.972433,589.429974,0.813497,0.542331,1.000000,0.792085,639.572744,0.000000,False,False,False,0.968643,1.000000,0.937286,506,28
0.000000,0.000000,29.000000,1.000000,0.000000,0.000000,1.000000,0.000000,0.000000,0.000000,11.388930,1.000000,1.000000,1.000000,1.000000,0.000000,0.000000,0.035089,0.965794,0.963807,588.645424,0.813066,0.542044,1.000000,0.784549,638.796810,0.000000,False,False,False,0.969917,1.000000,0.939834,507,28
0.000000,0.000000,29.000000,1.000000,0.000000,0.000000,1.000000,0.000000,0.000000,0.000000,11.335839,1.000000,1.000000,1.000000,1.000000,0.000000,0.000000,0.032535,0.967690,0.965126,587.859719,0.812511,0.541674,1.000000,0.785705,638.024087,0.000000,False,False,False,0.965904,1.000000,0.931807,508,28
0.000000,0.000000,29.000000,1.000000,0.000000,0.000000,1.000000,0.000000,0.000000,0.000000,11.522498,1.000000,1.000000,1.000000,1.000000,0.000000,0.000000,0.027823,0.972188,0.971292,587.070308,0.812060,0.541373,1.000000,0.789411,637.250575,0.000000,False,False,False,0.966890,1.000000,0.933780,509,28
0.000000,0.000000,29.000000,1.000000,0.000000,0.000000,1.000000,0.000000,0.000000,0.000000,11.259834,1.000000,1.000000,1.000000,1.000000,0.000000,0.000000,0.028239,0.971655,0.969970,586.281992,0.811822,0.541214,1.000000,0.788316,636.470225,0.000000,False,False,False,0.975438,1.000000,0.950876,510,28
0.000000,0.000000,29.000000,1.000000,0.000000,0.000000,1.000000,0.000000,0.000000,0.000000,11.451548,1.000000,1.000000,1.000000,1.000000,0.000000,0.000000,0.044623,0.954418,0.952389,585.507682,0.811022,0.540681,1.000000,0.774310,635.691206,0.000000,False,False,False,0.973775,1.000000,0.947549,511,28
0.000000,0.000000,29.000000,1.000000,0.000000,0.000000,1.000000,0.000000,0.000000,0.000000,11.447947,1.000000,1.000000,1.000000,1.000000,0.000000,0.000000,0.039596,0.959496,0.958655,584.728999,0.810822,0.540548,1.000000,0.778683,634.918439,0.000000,False,False,False,0.965958,1.000000,0.931915,512,28
0.000000,0.000000,29.000000,1.000000,0.000000,0.000000,1.000000,0.000000,0.000000,0.000000,11.438744,1.000000,1.000000,1.000000,1.000000,0.000000,0.000000,0.033972,0.965871,0.964508,583.946351,0.810533,0.540355,1.000000,0.782648,634.143264,0.000000,False,False,False,0.968969,1.000000,0.937938,513,28
0.000000,0.000000,29.000000,1.000000,0.000000,0.000000,1.000000,0.000000,0.000000,0.000000,11.476134,1.000000,1.000000,1.000000,1.000000,0.000000,0.000000,0.029662,0.970575,0.970606,583.160278,0.810311,0.540207,1.000000,0.786073,633.362871,0.000000,False,False,False,0.975492,1.000000,0.950983,514,28
0.000000,0.000000,29.000000,1.000000,0.000000,0.000000,1.000000,0.000000,0.000000,0.000000,11.420972,1.000000,1.000000,1.000000,1.000000,0.000000,0.000000,0.038471,0.961593,0.960277,582.381854,0.809625,0.539750,1.000000,0.778424,632.593111,0.000000,False,False,False,0.962200,1.000000,0.924400,515,28
0.000000,0.000000,29.000000,1.000000,0.000000,0.000000,1.000000,0.000000,0.000000,0.000000,11.462789,1.000000,1.000000,1.000000,1.000000,0.000000,0.000000,0.028929,0.970056,0.969420,581.596585,0.809202,0.539468,1.000000,0.785269,631.821519,0.000000,False,False,False,0.964490,1.000000,0.928981,516,28
0.000000,0.000000,29.000000,1.000000,0.000000,0.000000,1.000000,0.000000,0.000000,0.000000,11.396692,1.000000,1.000000,1.000000,1.000000,0.000000,0.000000,0.035602,0.964644,0.961052,580.816452,0.808954,0.539303,1.000000,0.780133,631.044878,0.000000,False,False,False,0.970800,1.000000,0.941600,517,28
0.000000,0.000000,29.000000,1.000000,0.000000,0.000000,1.000000,0.000000,0.000000,0.000000,11.346151,1.000000,1.000000,1.000000,1.000000,0.000000,0.000000,0.022738,0.976849,0.975432,580.026027,0.808851,0.539234,1.000000,0.790425,630.259942,0.000000,False,False,False,0.981170,1.000000,0.962341,518,28
0.000000,0.000000,29.000000,1.000000,0.000000,0.000000,1.000000,0.000000,0.000000,0.000000,11.407276,1.000000,1.000000,1.000000,1.000000,0.000000,0.000000,0.039155,0.960549,0.960682,579.250272,0.808334,0.538889,1.000000,0.775755,629.481487,0.000000,False,False,False,0.973069,1.000000,0.946138,519,28
0.000000,0.000000,29.000000,1.000000,0.000000,0.000000,1.000000,0.000000,0.000000,0.000000,11.271755,1.000000,1.000000,1.000000,1.000000,0.000000,0.000000,0.034915,0.965676,0.963519,578.471437,0.807538,0.538359,1.000000,0.778834,628.719056,0.000000,False,False,False,0.953039,1.000000,0.906078,520,28
0.000000,0.000000,29.000000,1.000000,0.000000,0.000000,1.000000,0.000000,0.000000,0.000000,11.254052,1.000000,1.000000,1.000000,1.000000,0.000000,0.000000,0.036930,0.962517,0.964228,577.694188,0.807441,0.538294,1.000000,0.777249,627.942285,0.000000,False,False,False,0.970963,1.000000,0.941926,521,28
0.000000,0.000000,29.000000,1.000000,0.000000,0.000000,1.000000,0.000000,0.000000,0.000000,11.551217,1.000000,1.000000,1.000000,1.000000,0.000000,0.000000,0.024372,0.975592,0.973732,576.908032,0.806891,0.537927,1.000000,0.786156,627.171678,0.000000,False,False,False,0.963259,1.000000,0.926518,522,28
0.000000,0.000000,29.000000,1.000000,0.000000,0.000000,1.000000,0.000000,0.000000,0.000000,11.477864,1.000000,1.000000,1.000000,1.000000,0.000000,0.000000,0.030381,0.969069,0.967993,576.126692,0.806343,0.537562,1.000000,0.781340,626.404181,0.000000,False,False,False,0.959371,1.000000,0.918743,523,28
0.000000,0.000000,29.000000,1.000000,0.000000,0.000000,1.000000,0.000000,0.000000,0.000000,11.495764,1.000000,1.000000,1.000000,1.000000,0.000000,0.000000,0.031232,0.968564,0.965897,575.346410,0.806203,0.537469,1.000000,0.780282,625.626571,0.000000,False,False,False,0.972013,1.000000,0.944025,524,28
0.000000,0.000000,29.000000,1.000000,0.000000,0.000000,1.000000,0.000000,0.000000,0.000000,11.516362,1.000000,1.000000,1.000000,1.000000,0.000000,0.000000,0.029007,0.970200,0.970176,574.564672,0.805828,0.537219,1.000000,0.781738,624.850400,0.000000,False,False,False,0.970214,1.000000,0.940427,525,28
0.000000,0.000000,29.000000,1.000000,0.000000,0.000000,1.000000,0.000000,0.000000,0.000000,11.428576,1.000000,1.000000,1.000000,1.000000,0.000000,0.000000,0.026621,0.973091,0.969149,573.780914,0.805391,0.536927,1.000000,0.783759,624.076391,0.000000,False,False,False,0.967511,1.000000,0.935022,526,28
0.000000,0.000000,29.000000,1.000000,0.000000,0.000000,1.000000,0.000000,0.000000,0.000000,11.496697,1.000000,1.000000,1.000000,1.000000,0.000000,0.000000,0.035907,0.962528,0.962667,573.006555,0.805067,0.536711,1.000000,0.774359,623.301188,0.000000,False,False,False,0.969004,1.000000,0.938009,527,28
0.000000,0.000000,29.000000,1.000000,0.000000,0.000000,1.000000,0.000000,0.000000,0.000000,11.392373,1.000000,1.000000,1.000000,1.000000,0.000000,0.000000,0.038910,0.960537,0.958408,572.234174,0.804535,0.536357,1.000000,0.772381,622.531082,0.000000,False,False,False,0.962632,1.000000,0.925264,528,28
0.000000,0.000000,29.000000,1.000000,0.000000,0.000000,1.000000,0.000000,0.000000,0.000000,11.502480,1.000000,1.000000,1.000000,1.000000,0.000000,0.000000,0.048303,0.951339,0.948157,571.469665,0.804229,0.536153,1.000000,0.764509,621.748636,0.000000,False,False,False,0.978058,1.000000,0.956115,529,28
0.000000,0.000000,29.000000,1.000000,0.000000,0.000000,1.000000,0.000000,0.000000,0.000000,11.547235,1.000000,1.000000,1.000000,1.000000,0.000000,0.000000,0.035418,0.964920,0.964528,570.694330,0.804034,0.536023,1.000000,0.775335,620.974857,0.000000,False,False,False,0.967223,1.000000,0.934446,530,28
0.000000,0.000000,29.000000,1.000000,0.000000,0.000000,1.000000,0.000000,0.000000,0.000000,11.462480,1.000000,1.000000,1.000000,1.000000,0.000000,0.000000,0.045774,0.952264,0.949628,569.928596,0.804215,0.536143,1.000000,0.765734,620.188246,0.000000,False,False,False,0.983264,1.000000,0.966528,531,28
0.000000,0.000000,29.000000,1.000000,0.000000,0.000000,1.000000,0.000000,0.000000,0.000000,11.456631,1.000000,1.000000,1.000000,1.000000,0.000000,0.000000,0.034307,0.965263,0.962299,569.153591,0.803043,0.535362,1.000000,0.775005,619.431788,0.000000,False,False,False,0.945573,1.000000,0.891147,532,28
0.000000,0.000000,29.000000,1.000000,0.000000,0.000000,1.000000,0.000000,0.000000,0.000000,11.496095,1.000000,1.000000,1.000000,1.000000,0.000000,0.000000,0.026471,0.973754,0.972600,568.372041,0.803364,0.535576,1.000000,0.781550,618.648348,0.000000,False,False,False,0.979299,1.000000,0.958599,533,28
0.000000,0.000000,29.000000,1.000000,0.000000,0.000000,1.000000,0.000000,0.000000,0.000000,11.604154,1.000000,1.000000,1.000000,1.000000,0.000000,0.000000,0.034676,0.963713,0.964847,567.597762,0.802978,0.535319,1.000000,0.774279,617.870862,0.000000,False,False,False,0.971858,1.000000,0.943716,534,28
0.000000,0.000000,29.000000,1.000000,0.000000,0.000000,1.000000,0.000000,0.000000,0.000000,11.382524,1.000000,1.000000,1.000000,1.000000,0.000000,0.000000,0.035345,0.964228,0.963713,566.824125,0.802992,0.535328,1.000000,0.773637,617.083774,0.000000,False,False,False,0.983860,1.000000,0.967719,535,28
0.000000,0.000000,29.000000,1.000000,0.000000,0.000000,1.000000,0.000000,0.000000,0.000000,11.388689,1.000000,1.000000,1.000000,1.000000,0.000000,0.000000,0.034313,0.966999,0.961992,566.049630,0.802029,0.534686,1.000000,0.774495,616.320402,0.000000,False,False,False,0.954215,1.000000,0.908430,536,28
0.000000,0.000000,29.000000,1.000000,0.000000,0.000000,1.000000,0.000000,0.000000,0.000000,11.525536,1.000000,1.000000,1.000000,1.000000,0.000000,0.000000,0.020536,0.980730,0.978100,565.264479,0.801663,0.534442,1.000000,0.785151,615.552983,0.000000,False,False,False,0.959274,1.000000,0.918548,537,28
0.000000,0.000000,29.000000,1.000000,0.000000,0.000000,1.000000,0.000000,0.000000,0.000000,11.228201,1.000000,1.000000,1.000000,1.000000,0.000000,0.000000,0.033498,0.966955,0.969127,564.489464,0.801896,0.534597,1.000000,0.775015,614.765792,0.000000,False,False,False,0.983988,1.000000,0.967977,538,28
0.000000,0.000000,29.000000,1.000000,0.000000,0.000000,1.000000,0.000000,0.000000,0.000000,11.420657,1.000000,1.000000,1.000000,1.000000,0.000000,0.000000,0.039085,0.961946,0.958619,563.719824,0.801273,0.534182,1.000000,0.769640,613.996111,0.000000,False,False,False,0.962102,1.000000,0.924203,539,28
0.000000,0.000000,29.000000,1.000000,0.000000,0.000000,1.000000,0.000000,0.000000,0.000000,11.568628,1.000000,1.000000,1.000000,1.000000,0.000000,0.000000,0.045897,0.953161,0.949397,562.956775,0.800655,0.533770,1.000000,0.763049,613.233218,0.000000,False,False,False,0.953616,1.000000,0.907233,540,28
0.000000,0.000000,29.000000,1.000000,0.000000,0.000000,1.000000,0.000000,0.000000,0.000000,11.388373,1.000000,1.000000,1.000000,1.000000,0.000000,0.000000,0.036747,0.960853,0.963370,562.186860,0.800565,0.533710,1.000000,0.769916,612.459135,0.000000,False,False,False,0.967604,1.000000,0.935208,541,28
0.000000,0.000000,29.000000,1.000000,0.000000,0.000000,1.000000,0.000000,0.000000,0.000000,11.399561,1.000000,1.000000,1.000000,1.000000,0.000000,0.000000,0.034268,0.964380,0.962917,561.414429,0.800636,0.533757,1.000000,0.772431,611.674113,0.000000,False,False,False,0.981277,1.000000,0.962555,542,28
0.000000,0.000000,29.000000,1.000000,0.000000,0.000000,1.000000,0.000000,0.000000,0.000000,11.570622,1.000000,1.000000,1.000000,1.000000,0.000000,0.000000,0.018863,0.981584,0.979151,560.630029,0.799984,0.533322,1.000000,0.784399,610.903739,0.000000,False,False,False,0.962968,1.000000,0.925935,543,28
0.000000,0.000000,29.000000,1.000000,0.000000,0.000000,1.000000,0.000000,0.000000,0.000000,11.557521,1.000000,1.000000,1.000000,1.000000,0.000000,0.000000,0.030033,0.969458,0.967349,559.855002,0.799675,0.533117,1.000000,0.775027,610.122268,0.000000,False,False,False,0.976839,1.000000,0.953677,544,28
0.000000,0.000000,29.000000,1.000000,0.000000,0.000000,1.000000,0.000000,0.000000,0.000000,11.515292,1.000000,1.000000,1.000000,1.000000,0.000000,0.000000,0.036035,0.964505,0.960220,559.084021,0.799798,0.533199,1.000000,0.770981,609.342259,0.000000,False,False,False,0.975011,1.000000,0.950022,545,28
0.000000,0.000000,29.000000,1.000000,0.000000,0.000000,1.000000,0.000000,0.000000,0.000000,11.540434,1.000000,1.000000,1.000000,1.000000,0.000000,0.000000,0.050933,0.948373,0.949535,558.325572,0.799347,0.532898,1.000000,0.758449,608.567838,0.000000,False,False,False,0.968027,1.000000,0.936054,546,28
0.000000,0.000000,29.000000,1.000000,0.000000,0.000000,1.000000,0.000000,0.000000,0.000000,11.493963,1.000000,1.000000,1.000000,1.000000,0.000000,0.000000,0.043330,0.955850,0.954642,557.561962,0.799168,0.532779,1.000000,0.763610,607.793352,0.000000,False,False,False,0.968107,1.000000,0.936213,547,28
0.000000,0.000000,29.000000,1.000000,0.000000,0.000000,1.000000,0.000000,0.000000,0.000000,11.551410,1.000000,1.000000,1.000000,1.000000,0.000000,0.000000,0.042075,0.955425,0.954939,556.799065,0.798502,0.532335,1.000000,0.762896,607.030362,0.000000,False,False,False,0.953738,1.000000,0.907476,548,28
0.000000,0.000000,29.000000,1.000000,0.000000,0.000000,1.000000,0.000000,0.000000,0.000000,11.432057,1.000000,1.000000,1.000000,1.000000,0.000000,0.000000,0.032169,0.968583,0.964237,556.026447,0.798416,0.532277,1.000000,0.772618,606.257337,0.000000,False,False,False,0.966281,1.000000,0.932562,549,28
0.000000,0.000000,29.000000,1.000000,0.000000,0.000000,1.000000,0.000000,0.000000,0.000000,11.410362,1.000000,1.000000,1.000000,1.000000,0.000000,0.000000,0.041917,0.957217,0.957716,555.262218,0.798328,0.532219,1.000000,0.764229,605.478515,0.000000,False,False,False,0.973527,1.000000,0.947055,550,28
0.000000,0.000000,29.000000,1.000000,0.000000,0.000000,1.000000,0.000000,0.000000,0.000000,11.436013,1.000000,1.000000,1.000000,1.000000,0.000000,0.000000,0.036110,0.962988,0.961182,554.493283,0.797892,0.531928,1.000000,0.768935,604.706223,0.000000,False,False,False,0.965365,1.000000,0.930730,551,28
0.000000,0.000000,29.000000,1.000000,0.000000,0.000000,1.000000,0.000000,0.000000,0.000000,11.522656,1.000000,1.000000,1.000000,1.000000,0.000000,0.000000,0.030151,0.970396,0.966700,553.719686,0.797747,0.531831,1.000000,0.773598,603.929065,0.000000,False,False,False,0.971447,1.000000,0.942895,552,28
0.000000,0.000000,29.000000,1.000000,0.000000,0.000000,1.000000,0.000000,0.000000,0.000000,11.468950,1.000000,1.000000,1.000000,1.000000,0.000000,0.000000,0.041989,0.956668,0.954385,552.956263,0.797618,0.531745,1.000000,0.763423,603.148668,0.000000,False,False,False,0.975496,1.000000,0.950993,553,28
0.000000,0.000000,29.000000,1.000000,0.000000,0.000000,1.000000,0.000000,0.000000,0.000000,11.363980,1.000000,1.000000,1.000000,1.000000,0.000000,0.000000,0.043348,0.955317,0.955514,552.194179,0.797599,0.531733,1.000000,0.762084,602.362987,0.000000,False,False,False,0.982101,1.000000,0.964202,554,28
0.000000,0.000000,29.000000,1.000000,0.000000,0.000000,1.000000,0.000000,0.000000,0.000000,11.546529,1.000000,1.000000,1.000000,1.000000,0.000000,0.000000,0.039523,0.959921,0.958633,551.430045,0.797078,0.531385,1.000000,0.764134,601.588790,0.000000,False,False,False,0.967747,1.000000,0.935493,555,28
0.000000,0.000000,29.000000,1.000000,0.000000,0.000000,1.000000,0.000000,0.000000,0.000000,11.547578,1.000000,1.000000,1.000000,1.000000,0.000000,0.000000,0.037588,0.961606,0.959253,550.663942,0.796572,0.531048,1.000000,0.766103,600.820664,0.000000,False,False,False,0.960158,1.000000,0.920315,556,28
0.000000,0.000000,29.000000,1.000000,0.000000,0.000000,1.000000,0.000000,0.000000,0.000000,11.580773,1.000000,1.000000,1.000000,1.000000,0.000000,0.000000,0.034932,0.964052,0.961098,549.896020,0.796787,0.531192,1.000000,0.767922,600.038626,0.000000,False,False,False,0.977547,1.000000,0.955094,557,28
0.000000,0.000000,29.000000,1.000000,0.000000,0.000000,1.000000,0.000000,0.000000,0.000000,11.417580,1.000000,1.000000,1.000000,1.000000,0.000000,0.000000,0.038112,0.960571,0.957567,549.130580,0.796661,0.531107,1.000000,0.765440,599.255306,0.000000,False,False,False,0.979151,1.000000,0.958302,558,28
0.000000,0.000000,29.000000,1.000000,0.000000,0.000000,1.000000,0.000000,0.000000,0.000000,11.549888,1.000000,1.000000,1.000000,1.000000,0.000000,0.000000,0.042743,0.956630,0.951656,548.369455,0.796209,0.530806,1.000000,0.761124,598.481098,0.000000,False,False,False,0.967759,1.000000,0.935518,559,28
0.000000,0.000000,29.000000,1.000000,0.000000,0.000000,1.000000,0.000000,0.000000,0.000000,11.447747,1.000000,1.000000,1.000000,1.000000,0.000000,0.000000,0.059324,0.938214,0.939235,547.622195,0.795496,0.530331,1.000000,0.747261,597.712261,0.000000,False,False,False,0.961047,1.000000,0.922093,560,28
0.000000,0.000000,29.000000,1.000000,0.000000,0.000000,1.000000,0.000000,0.000000,0.000000,11.555772,1.000000,1.000000,1.000000,1.000000,0.000000,0.000000,0.029950,0.968384,0.970338,546.850787,0.795933,0.530622,1.000000,0.771407,596.931349,0.000000,False,False,False,0.976140,1.000000,0.952281,561,28
0.000000,0.000000,29.000000,1.000000,0.000000,0.000000,1.000000,0.000000,0.000000,0.000000,11.483858,1.000000,1.000000,1.000000,1.000000,0.000000,0.000000,0.027576,0.972724,0.967760,546.077387,0.795805,0.530537,1.000000,0.773400,596.149068,0.000000,False,False,False,0.977851,1.000000,0.955702,562,28
0.000000,0.000000,29.000000,1.000000,0.000000,0.000000,1.000000,0.000000,0.000000,0.000000,11.518742,1.000000,1.000000,1.000000,1.000000,0.000000,0.000000,0.036660,0.963470,0.957747,545.311532,0.795383,0.530255,1.000000,0.765855,595.375749,0.000000,False,False,False,0.966648,1.000000,0.933297,563,28
0.000000,0.000000,29.000000,1.000000,0.000000,0.000000,1.000000,0.000000,0.000000,0.000000,11.471513,1.000000,1.000000,1.000000,1.000000,0.000000,0.000000,0.032310,0.968507,0.967830,544.542304,0.795403,0.530268,1.000000,0.769228,594.594001,0.000000,False,False,False,0.977185,1.000000,0.954371,564,28
0.000000,0.000000,29.000000,1.000000,0.000000,0.000000,1.000000,0.000000,0.000000,0.000000,11.506721,1.000000,1.000000,1.000000,1.000000,0.000000,0.000000,0.042476,0.958042,0.957825,543.781405,0.795021,0.530014,1.000000,0.760900,593.818820,0.000000,False,False,False,0.968976,1.000000,0.937951,565,28
0.000000,0.000000,29.000000,1.000000,0.000000,0.000000,1.000000,0.000000,0.000000,0.000000,11.461951,1.000000,1.000000,1.000000,1.000000,0.000000,0.000000,0.042018,0.958564,0.950037,543.020358,0.794734,0.529823,1.000000,0.761047,593.048036,0.000000,False,False,False,0.963480,1.000000,0.926960,566,28
0.000000,0.000000,29.000000,1.000000,0.000000,0.000000,1.000000,0.000000,0.000000,0.000000,11.353167,1.000000,1.000000,1.000000,1.000000,0.000000,0.000000,0.046674,0.952066,0.949212,542.263686,0.794564,0.529709,1.000000,0.756671,592.273618,0.000000,False,False,False,0.968023,1.000000,0.936045,567,28
0.000000,0.000000,29.000000,1.000000,0.000000,0.000000,1.000000,0.000000,0.000000,0.000000,11.395258,1.000000,1.000000,1.000000,1.000000,0.000000,0.000000,0.039074,0.960850,0.954504,541.500995,0.793801,0.529201,1.000000,0.762691,591.515390,0.000000,False,False,False,0.947785,1.000000,0.895571,568,28
0.000000,0.000000,29.000000,1.000000,0.000000,0.000000,1.000000,0.000000,0.000000,0.000000,11.538415,1.000000,1.000000,1.000000,1.000000,0.000000,0.000000,0.040921,0.957494,0.959207,540.740838,0.793982,0.529322,1.000000,0.760157,590.738756,0.000000,False,False,False,0.970792,1.000000,0.941585,569,28
0.000000,0.000000,29.000000,1.000000,0.000000,0.000000,1.000000,0.000000,0.000000,0.000000,11.573277,1.000000,1.000000,1.000000,1.000000,0.000000,0.000000,0.029333,0.971104,0.968508,539.970526,0.793880,0.529254,1.000000,0.770312,589.960044,0.000000,False,False,False,0.973390,1.000000,0.946779,570,28
0.000000,0.000000,29.000000,1.000000,0.000000,0.000000,1.000000,0.000000,0.000000,0.000000,11.476707,1.000000,1.000000,1.000000,1.000000,0.000000,0.000000,0.028848,0.970693,0.967809,539.199648,0.793792,0.529195,1.000000,0.770878,589.178817,0.000000,False,False,False,0.976534,1.000000,0.953068,571,28
0.000000,0.000000,29.000000,1.000000,0.000000,0.000000,1.000000,0.000000,0.000000,0.000000,11.434826,1.000000,1.000000,1.000000,1.000000,0.000000,0.000000,0.042115,0.958645,0.954121,538.439601,0.793559,0.529039,1.000000,0.760047,588.400237,0.000000,False,False,False,0.973226,1.000000,0.946452,572,28
0.000000,0.000000,29.000000,1.000000,0.000000,0.000000,1.000000,0.000000,0.000000,0.000000,11.404868,1.000000,1.000000,1.000000,1.000000,0.000000,0.000000,0.036189,0.963569,0.959133,537.676099,0.792749,0.528500,1.000000,0.763501,587.640382,0.000000,False,False,False,0.949818,1.000000,0.899635,573,28
0.000000,0.000000,29.000000,1.000000,0.000000,0.000000,1.000000,0.000000,0.000000,0.000000,11.463643,1.000000,1.000000,1.000000,1.000000,0.000000,0.000000,0.034737,0.964069,0.963824,536.911590,0.793070,0.528713,1.000000,0.764509,586.858786,0.000000,False,False,False,0.976996,1.000000,0.953991,574,28
0.000000,0.000000,29.000000,1.000000,0.000000,0.000000,1.000000,0.000000,0.000000,0.000000,11.455940,1.000000,1.000000,1.000000,1.000000,0.000000,0.000000,0.036690,0.959955,0.958563,536.150121,0.792625,0.528417,1.000000,0.761469,586.079675,0.000000,False,False,False,0.973888,1.000000,0.947777,575,28
0.000000,0.000000,29.000000,1.000000,0.000000,0.000000,1.000000,0.000000,0.000000,0.000000,11.439618,1.000000,1.000000,1.000000,1.000000,0.000000,0.000000,0.040874,0.957483,0.956886,535.390049,0.793202,0.528801,1.000000,0.760072,585.288379,0.000000,False,False,False,0.989121,1.000000,0.978242,576,28
0.000000,0.000000,29.000000,1.000000,0.000000,0.000000,1.000000,0.000000,0.000000,0.000000,11.480592,1.000000,1.000000,1.000000,1.000000,0.000000,0.000000,0.035651,0.964320,0.961471,534.625376,0.792973,0.528649,1.000000,0.764672,584.505769,0.000000,False,False,False,0.978262,1.000000,0.956525,577,28
0.000000,0.000000,29.000000,1.000000,0.000000,0.000000,1.000000,0.000000,0.000000,0.000000,11.443464,1.000000,1.000000,1.000000,1.000000,0.000000,0.000000,0.047612,0.951494,0.950801,533.870252,0.792883,0.528589,1.000000,0.755124,583.722442,0.000000,False,False,False,0.979159,1.000000,0.958318,578,28
0.000000,0.000000,29.000000,1.000000,0.000000,0.000000,1.000000,0.000000,0.000000,0.000000,11.428589,1.000000,1.000000,1.000000,1.000000,0.000000,0.000000,0.036133,0.963770,0.957788,533.106235,0.792669,0.528446,1.000000,0.764018,582.942511,0.000000,False,False,False,0.974914,1.000000,0.949827,579,28
0.000000,0.000000,29.000000,1.000000,0.000000,0.000000,1.000000,0.000000,0.000000,0.000000,11.414672,1.000000,1.000000,1.000000,1.000000,0.000000,0.000000,0.033825,0.965792,0.961285,532.340371,0.792683,0.528456,1.000000,0.765864,582.157587,0.000000,False,False,False,0.981155,1.000000,0.962309,580,28
0.000000,0.000000,29.000000,1.000000,0.000000,0.000000,1.000000,0.000000,0.000000,0.000000,11.434020,1.000000,1.000000,1.000000,1.000000,0.000000,0.000000,0.038246,0.959848,0.956315,531.579458,0.792493,0.528329,1.000000,0.760913,581.375859,0.000000,False,False,False,0.977160,1.000000,0.954321,581,28
0.000000,0.000000,29.000000,1.000000,0.000000,0.000000,1.000000,0.000000,0.000000,0.000000,11.417307,1.000000,1.000000,1.000000,1.000000,0.000000,0.000000,0.038394,0.959397,0.960758,530.819234,0.791943,0.527962,1.000000,0.760223,580.606675,0.000000,False,False,False,0.961480,1.000000,0.922960,582,28
0.000000,0.000000,29.000000,1.000000,0.000000,0.000000,1.000000,0.000000,0.000000,0.000000,11.442263,1.000000,1.000000,1.000000,1.000000,0.000000,0.000000,0.033087,0.965318,0.964103,530.055071,0.792004,0.528003,1.000000,0.764164,579.827225,0.000000,False,False,False,0.974312,1.000000,0.948624,583,28
0.000000,0.000000,29.000000,1.000000,0.000000,0.000000,1.000000,0.000000,0.000000,0.000000,11.476449,1.000000,1.000000,1.000000,1.000000,0.000000,0.000000,0.032619,0.966860,0.964922,529.289691,0.791636,0.527757,1.000000,0.765379,579.054886,0.000000,False,False,False,0.965424,1.000000,0.930848,584,28
0.000000,0.000000,29.000000,1.000000,0.000000,0.000000,1.000000,0.000000,0.000000,0.000000,11.403631,1.000000,1.000000,1.000000,1.000000,0.000000,0.000000,0.044859,0.954584,0.948611,528.533630,0.791999,0.527999,1.000000,0.756061,578.264709,0.000000,False,False,False,0.987721,1.000000,0.975443,585,28
0.000000,0.000000,29.000000,1.000000,0.000000,0.000000,1.000000,0.000000,0.000000,0.000000,11.491890,1.000000,1.000000,1.000000,1.000000,0.000000,0.000000,0.044621,0.953811,0.953490,527.778027,0.791562,0.527708,1.000000,0.755603,577.486732,0.000000,False,False,False,0.972471,1.000000,0.944942,586,28
0.000000,0.000000,29.000000,1.000000,0.000000,0.000000,1.000000,0.000000,0.000000,0.000000,11.478158,1.000000,1.000000,1.000000,1.000000,0.000000,0.000000,0.026089,0.973744,0.971897,527.007365,0.791583,0.527722,1.000000,0.770662,576.706824,0.000000,False,False,False,0.974886,1.000000,0.949771,587,28
0.000000,0.000000,29.000000,1.000000,0.000000,0.000000,1.000000,0.000000,0.000000,0.000000,11.424215,1.000000,1.000000,1.000000,1.000000,0.000000,0.000000,0.030105,0.970050,0.965608,526.240142,0.791391,0.527594,1.000000,0.767223,575.928375,0.000000,False,False,False,0.973061,1.000000,0.946121,588,28
0.000000,0.000000,29.000000,1.000000,0.000000,0.000000,1.000000,0.000000,0.000000,0.000000,11.465788,1.000000,1.000000,1.000000,1.000000,0.000000,0.000000,0.032518,0.965244,0.963604,525.476355,0.791174,0.527449,1.000000,0.763787,575.144836,0.000000,False,False,False,0.979425,1.000000,0.958849,589,28
0.000000,0.000000,29.000000,1.000000,0.000000,0.000000,1.000000,0.000000,0.000000,0.000000,11.221072,1.000000,1.000000,1.000000,1.000000,0.000000,0.000000,0.040445,0.956334,0.955912,524.718937,0.791511,0.527674,1.000000,0.757418,574.358895,0.000000,False,False,False,0.982426,1.000000,0.964852,590,28
0.000000,0.000000,29.000000,1.000000,0.000000,0.000000,1.000000,0.000000,0.000000,0.000000,11.447592,1.000000,1.000000,1.000000,1.000000,0.000000,0.000000,0.042190,0.953661,0.956798,523.963957,0.791308,0.527539,1.000000,0.754980,573.576779,0.000000,False,False,False,0.977646,1.000000,0.955291,591,28
0.000000,0.000000,29.000000,1.000000,0.000000,0.000000,1.000000,0.000000,0.000000,0.000000,11.461430,1.000000,1.000000,1.000000,1.000000,0.000000,0.000000,0.031181,0.965524,0.966746,523.199345,0.791511,0.527674,1.000000,0.764612,572.786082,0.000000,False,False,False,0.988371,1.000000,0.976741,592,28
0.000000,0.000000,29.000000,1.000000,0.000000,0.000000,1.000000,0.000000,0.000000,0.000000,11.440875,1.000000,1.000000,1.000000,1.000000,0.000000,0.000000,0.038025,0.960130,0.959042,522.438797,0.791306,0.527537,1.000000,0.760548,572.001778,0.000000,False,False,False,0.980381,1.000000,0.960761,593,28
0.000000,0.000000,29.000000,1.000000,0.000000,0.000000,1.000000,0.000000,0.000000,0.000000,11.461646,1.000000,1.000000,1.000000,1.000000,0.000000,0.000000,0.032504,0.966977,0.963142,521.673608,0.791029,0.527352,1.000000,0.765189,571.223276,0.000000,False,False,False,0.973127,1.000000,0.946254,594,28
0.000000,0.000000,29.000000,1.000000,0.000000,0.000000,1.000000,0.000000,0.000000,0.000000,11.435050,1.000000,1.000000,1.000000,1.000000,0.000000,0.000000,0.040373,0.958448,0.955114,520.914748,0.790962,0.527308,1.000000,0.758860,570.441804,0.000000,False,False,False,0.976840,1.000000,0.953679,595,28
0.000000,0.000000,29.000000,1.000000,0.000000,0.000000,1.000000,0.000000,0.000000,0.000000,11.454517,1.000000,1.000000,1.000000,1.000000,0.000000,0.000000,0.029925,0.969241,0.968270,520.148441,0.790944,0.527296,1.000000,0.766307,569.660453,0.000000,False,False,False,0.976689,1.000000,0.953379,596,28
0.000000,0.000000,29.000000,1.000000,0.000000,0.000000,1.000000,0.000000,0.000000,0.000000,11.462978,1.000000,1.000000,1.000000,1.000000,0.000000,0.000000,0.026479,0.972271,0.970465,519.378711,0.791189,0.527459,1.000000,0.769730,568.868201,0.000000,False,False,False,0.990314,1.000000,0.980629,597,28
0.000000,0.000000,29.000000,1.000000,0.000000,0.000000,1.000000,0.000000,0.000000,0.000000,11.434657,1.000000,1.000000,1.000000,1.000000,0.000000,0.000000,0.034617,0.964207,0.960280,518.615924,0.790930,0.527287,1.000000,0.762787,568.084502,0.000000,False,False,False,0.979625,1.000000,0.959249,598,28
0.000000,0.000000,29.000000,1.000000,0.000000,0.000000,1.000000,0.000000,0.000000,0.000000,11.443309,1.000000,1.000000,1.000000,1.000000,0.000000,0.000000,0.025965,0.973780,0.970137,517.845568,0.791111,0.527408,1.000000,0.770356,567.292484,0.000000,False,False,False,0.990023,1.000000,0.980045,599,28
0.000000,0.000000,29.000000,1.000000,0.000000,0.000000,1.000000,0.000000,0.000000,0.000000,11.457778,1.000000,1.000000,1.000000,1.000000,0.000000,0.000000,0.031780,0.969738,0.966496,517.079857,0.790853,0.527235,1.000000,0.765711,566.508667,0.000000,False,False,False,0.979771,1.000000,0.959542,600,28
0.000000,0.000000,29.000000,1.000000,0.000000,0.000000,1.000000,0.000000,0.000000,0.000000,11.438985,1.000000,1.000000,1.000000,1.000000,0.000000,0.000000,0.026351,0.974022,0.971903,516.310147,0.790740,0.527160,1.000000,0.769711,565.725423,0.000000,False,False,False,0.979055,1.000000,0.958109,601,28
0.000000,0.000000,29.000000,1.000000,0.000000,0.000000,1.000000,0.000000,0.000000,0.000000,11.448898,1.000000,1.000000,1.000000,1.000000,0.000000,0.000000,0.031661,0.968525,0.962009,515.544789,0.790763,0.527175,1.000000,0.765358,564.938828,0.000000,False,False,False,0.983243,1.000000,0.966486,602,28
0.000000,0.000000,29.000000,1.000000,0.000000,0.000000,1.000000,0.000000,0.000000,0.000000,11.454474,1.000000,1.000000,1.000000,1.000000,0.000000,0.000000,0.032275,0.965948,0.963674,514.779496,0.790980,0.527320,1.000000,0.765293,564.144293,0.000000,False,False,False,0.993170,1.000000,0.986340,603,28
0.000000,0.000000,29.000000,1.000000,0.000000,0.000000,1.000000,0.000000,0.000000,0.000000,11.427527,1.000000,1.000000,1.000000,1.000000,0.000000,0.000000,0.031424,0.969076,0.969009,514.013787,0.790719,0.527146,1.000000,0.765709,563.358844,0.000000,False,False,False,0.981810,1.000000,0.963621,604,28
0.000000,0.000000,29.000000,1.000000,0.000000,0.000000,1.000000,0.000000,0.000000,0.000000,11.445836,1.000000,1.000000,1.000000,1.000000,0.000000,0.000000,0.031507,0.968221,0.964886,513.248581,0.790502,0.527001,1.000000,0.765205,562.577683,0.000000,False,False,False,0.976452,1.000000,0.952904,605,28
0.000000,0.000000,29.000000,1.000000,0.000000,0.000000,1.000000,0.000000,0.000000,0.000000,11.420641,1.000000,1.000000,1.000000,1.000000,0.000000,0.000000,0.035789,0.962416,0.962539,512.486912,0.790649,0.527099,1.000000,0.761670,561.787906,0.000000,False,False,False,0.987221,1.000000,0.974441,606,28
0.000000,0.000000,29.000000,1.000000,0.000000,0.000000,1.000000,0.000000,0.000000,0.000000,11.349190,1.000000,1.000000,1.000000,1.000000,0.000000,0.000000,0.029101,0.968160,0.966968,511.720308,0.790626,0.527084,1.000000,0.766604,561.002418,0.000000,False,False,False,0.981861,1.000000,0.963721,607,28
0.000000,0.000000,29.000000,1.000000,0.000000,0.000000,1.000000,0.000000,0.000000,0.000000,11.422314,1.000000,1.000000,1.000000,1.000000,0.000000,0.000000,0.041750,0.954657,0.956592,510.964687,0.790484,0.526990,1.000000,0.755621,560.218848,0.000000,False,False,False,0.979463,1.000000,0.958925,608,28
0.000000,0.000000,29.000000,1.000000,0.000000,0.000000,1.000000,0.000000,0.000000,0.000000,11.433016,1.000000,1.000000,1.000000,1.000000,0.000000,0.000000,0.030386,0.967972,0.966021,510.198829,0.790559,0.527039,1.000000,0.765859,559.430784,0.000000,False,False,False,0.985080,1.000000,0.970159,609,28
0.000000,0.000000,29.000000,1.000000,0.000000,0.000000,1.000000,0.000000,0.000000,0.000000,11.442121,1.000000,1.000000,1.000000,1.000000,0.000000,0.000000,0.023458,0.976668,0.972626,509.426774,0.790635,0.527090,1.000000,0.772054,558.639714,0.000000,False,False,False,0.988837,1.000000,0.977674,610,28
0.000000,0.000000,29.000000,1.000000,0.000000,0.000000,1.000000,0.000000,0.000000,0.000000,11.448157,1.000000,1.000000,1.000000,1.000000,0.000000,0.000000,0.033257,0.965925,0.961833,508.662616,0.790690,0.527127,1.000000,0.764159,557.847126,0.000000,False,False,False,0.990736,1.000000,0.981471,611,28
0.000000,0.000000,29.000000,1.000000,0.000000,0.000000,1.000000,0.000000,0.000000,0.000000,11.426210,1.000000,1.000000,1.000000,1.000000,0.000000,0.000000,0.038182,0.962569,0.960415,507.902252,0.790551,0.527034,1.000000,0.760363,557.059238,0.000000,False,False,False,0.984860,1.000000,0.969719,612,28
0.000000,0.000000,29.000000,1.000000,0.000000,0.000000,1.000000,0.000000,0.000000,0.000000,11.448810,1.000000,1.000000,1.000000,1.000000,0.000000,0.000000,0.027408,0.972447,0.968201,507.134202,0.790089,0.526726,1.000000,0.768051,556.284045,0.000000,False,False,False,0.968991,1.000000,0.937982,613,28
0.000000,0.000000,29.000000,1.000000,0.000000,0.000000,1.000000,0.000000,0.000000,0.000000,11.422530,1.000000,1.000000,1.000000,1.000000,0.000000,0.000000,0.023969,0.975240,0.974126,506.363544,0.790388,0.526925,1.000000,0.770658,555.494418,0.000000,False,False,False,0.987035,1.000000,0.974070,614,28
0.000000,0.000000,29.000000,1.000000,0.000000,0.000000,1.000000,0.000000,0.000000,0.000000,11.283012,1.000000,1.000000,1.000000,1.000000,0.000000,0.000000,0.034422,0.964202,0.959939,505.601233,0.790462,0.526974,1.000000,0.762311,554.702770,0.000000,False,False,False,0.989560,1.000000,0.979119,615,28
0.000000,0.000000,29.000000,1.000000,0.000000,0.000000,1.000000,0.000000,0.000000,0.000000,11.434482,1.000000,1.000000,1.000000,1.000000,0.000000,0.000000,0.022552,0.977105,0.975924,504.829507,0.790708,0.527139,1.000000,0.771727,553.904070,0.000000,False,False,False,0.998375,1.000000,0.996750,616,28
0.000000,0.000000,29.000000,1.000000,0.000000,0.000000,1.000000,0.000000,0.000000,0.000000,11.438184,1.000000,1.000000,1.000000,1.000000,0.000000,0.000000,0.029724,0.968373,0.969015,504.063580,0.790761,0.527174,1.000000,0.765926,553.105675,0.000000,False,False,False,0.997994,1.000000,0.995988,617,28
0.000000,0.000000,29.000000,1.000000,0.000000,0.000000,1.000000,0.000000,0.000000,0.000000,11.415676,1.000000,1.000000,1.000000,1.000000,0.000000,0.000000,0.031891,0.966807,0.966931,503.299034,0.790706,0.527137,1.000000,0.764547,552.314900,0.000000,False,False,False,0.988469,1.000000,0.976939,618,28
0.000000,0.000000,29.000000,1.000000,0.000000,0.000000,1.000000,0.000000,0.000000,0.000000,11.426654,1.000000,1.000000,1.000000,1.000000,0.000000,0.000000,0.021868,0.977587,0.975862,502.526187,0.790695,0.527130,1.000000,0.772847,551.523822,0.000000,False,False,False,0.988846,1.000000,0.977693,619,28
0.000000,0.000000,29.000000,1.000000,0.000000,0.000000,1.000000,0.000000,0.000000,0.000000,11.437170,1.000000,1.000000,1.000000,1.000000,0.000000,0.000000,0.043619,0.956482,0.954863,501.770026,0.790701,0.527134,1.000000,0.756161,550.732765,0.000000,False,False,False,0.988822,1.000000,0.977645,620,28
0.000000,0.000000,29.000000,1.000000,0.000000,0.000000,1.000000,0.000000,0.000000,0.000000,11.455738,1.000000,1.000000,1.000000,1.000000,0.000000,0.000000,0.040589,0.958622,0.957281,501.012102,0.790422,0.526948,1.000000,0.757924,549.950178,0.000000,False,False,False,0.978234,1.000000,0.956468,621,28
0.000000,0.000000,29.000000,1.000000,0.000000,0.000000,1.000000,0.000000,0.000000,0.000000,11.427038,1.000000,1.000000,1.000000,1.000000,0.000000,0.000000,0.044103,0.954583,0.951342,500.256664,0.790313,0.526875,1.000000,0.755438,549.167611,0.000000,False,False,False,0.978209,1.000000,0.956417,622,28
0.000000,0.000000,29.000000,1.000000,0.000000,0.000000,1.000000,0.000000,0.000000,0.000000,11.284628,1.000000,1.000000,1.000000,1.000000,0.000000,0.000000,0.038683,0.960912,0.954306,499.497454,0.789960,0.526640,1.000000,0.759210,548.392573,0.000000,False,False,False,0.968797,1.000000,0.937593,623,28
0.000000,0.000000,29.000000,1.000000,0.000000,0.000000,1.000000,0.000000,0.000000,0.000000,11.426400,1.000000,1.000000,1.000000,1.000000,0.000000,0.000000,0.039849,0.960228,0.958862,498.738803,0.790136,0.526757,1.000000,0.758651,547.606316,0.000000,False,False,False,0.982822,1.000000,0.965643,624,28
0.000000,0.000000,29.000000,1.000000,0.000000,0.000000,1.000000,0.000000,0.000000,0.000000,11.451528,1.000000,1.000000,1.000000,1.000000,0.000000,0.000000,0.025757,0.973981,0.972502,497.969531,0.789636,0.526424,1.000000,0.769273,546.833774,0.000000,False,False,False,0.965677,1.000000,0.931355,625,28
0.000000,0.000000,29.000000,1.000000,0.000000,0.000000,1.000000,0.000000,0.000000,0.000000,11.427815,1.000000,1.000000,1.000000,1.000000,0.000000,0.000000,0.027236,0.968715,0.970143,497.203071,0.789651,0.526434,1.000000,0.766459,546.053849,0.000000,False,False,False,0.974906,1.000000,0.949813,626,28
0.000000,0.000000,29.000000,1.000000,0.000000,0.000000,1.000000,0.000000,0.000000,0.000000,11.357182,1.000000,1.000000,1.000000,1.000000,0.000000,0.000000,0.035047,0.961544,0.961985,496.442862,0.789617,0.526412,1.000000,0.760210,545.271302,0.000000,False,False,False,0.978183,1.000000,0.956367,627,28
0.000000,0.000000,29.000000,1.000000,0.000000,0.000000,1.000000,0.000000,0.000000,0.000000,11.437292,1.000000,1.000000,1.000000,1.000000,0.000000,0.000000,0.043754,0.953151,0.956775,495.689290,0.789443,0.526295,1.000000,0.753572,544.491191,0.000000,False,False,False,0.975139,1.000000,0.950278,628,28
0.000000,0.000000,29.000000,1.000000,0.000000,0.000000,1.000000,0.000000,0.000000,0.000000,11.450302,1.000000,1.000000,1.000000,1.000000,0.000000,0.000000,0.040416,0.958108,0.959121,494.932260,0.789557,0.526371,1.000000,0.757030,543.703929,0.000000,False,False,False,0.984077,1.000000,0.968154,629,28
0.000000,0.000000,29.000000,1.000000,0.000000,0.000000,1.000000,0.000000,0.000000,0.000000,11.450451,1.000000,1.000000,1.000000,1.000000,0.000000,0.000000,0.023983,0.975211,0.975357,494.161765,0.789905,0.526604,1.000000,0.770495,542.905315,0.000000,False,False,False,0.998269,1.000000,0.996537,630,28
0.000000,0.000000,29.000000,1.000000,0.000000,0.000000,1.000000,0.000000,0.000000,0.000000,11.451706,1.000000,1.000000,1.000000,1.000000,0.000000,0.000000,0.024266,0.975117,0.973686,493.391132,0.790021,0.526681,1.000000,0.770633,542.106754,0.000000,False,False,False,0.998201,1.000000,0.996402,631,28
0.000000,0.000000,29.000000,1.000000,0.000000,0.000000,1.000000,0.000000,0.000000,0.000000,11.428529,1.000000,1.000000,1.000000,1.000000,0.000000,0.000000,0.022093,0.977943,0.975953,492.619181,0.789908,0.526605,1.000000,0.771951,541.314682,0.000000,False,False,False,0.990089,1.000000,0.980178,632,28
0.000000,0.000000,29.000000,1.000000,0.000000,0.000000,1.000000,0.000000,0.000000,0.000000,11.437817,1.000000,1.000000,1.000000,1.000000,0.000000,0.000000,0.030749,0.969528,0.968013,491.853547,0.789924,0.526616,1.000000,0.765634,540.522624,0.000000,False,False,False,0.990073,1.000000,0.980145,633,28
0.000000,0.000000,29.000000,1.000000,0.000000,0.000000,1.000000,0.000000,0.000000,0.000000,11.455965,1.000000,1.000000,1.000000,1.000000,0.000000,0.000000,0.027177,0.973469,0.972360,491.085387,0.789628,0.526419,1.000000,0.768160,539.740082,0.000000,False,False,False,0.978178,1.000000,0.956356,634,28
0.000000,0.000000,29.000000,1.000000,0.000000,0.000000,1.000000,0.000000,0.000000,0.000000,11.432845,1.000000,1.000000,1.000000,1.000000,0.000000,0.000000,0.040239,0.960837,0.959411,490.328017,0.789340,0.526227,1.000000,0.757371,538.963086,0.000000,False,False,False,0.971245,1.000000,0.942490,635,28
0.000000,0.000000,29.000000,1.000000,0.000000,0.000000,1.000000,0.000000,0.000000,0.000000,11.459183,1.000000,1.000000,1.000000,1.000000,0.000000,0.000000,0.036433,0.963095,0.960011,489.567648,0.789135,0.526090,1.000000,0.760368,538.187275,0.000000,False,False,False,0.969764,1.000000,0.939528,636,28
0.000000,0.000000,29.000000,1.000000,0.000000,0.000000,1.000000,0.000000,0.000000,0.000000,11.428326,1.000000,1.000000,1.000000,1.000000,0.000000,0.000000,0.035226,0.962846,0.962078,488.806962,0.788898,0.525932,1.000000,0.760686,537.413340,0.000000,False,False,False,0.967419,1.000000,0.934837,637,28
5.000000,0.000000,25.000000,0.000000,0.000000,0.000000,5.000000,0.000000,0.000000,0.000000,11.252445,1.000000,1.000000,0.000000,0.000000,1.000000,0.000000,0.289642,0.708233,0.863529,488.266172,0.824252,0.549501,1.000000,0.540790,,0.000000,False,False,False,,,,638,-
5.000000,0.000000,25.000000,0.000000,0.000000,0.000000,5.000000,0.000000,0.000000,0.000000,10.458630,1.000000,1.000000,0.000000,0.000000,1.000000,0.000000,0.287980,0.713086,0.850208,487.717099,0.830646,0.553764,1.000000,0.549073,,0.000000,False,False,False,,,,639,-
5.000000,0.000000,25.000000,0.000000,0.000000,0.000000,5.000000,0.000000,0.000000,0.000000,9.673217,1.000000,1.000000,0.000000,0.000000,1.000000,0.000000,0.288006,0.711415,0.843382,487.163496,0.836134,0.557422,1.000000,0.553603,,0.000000,False,False,False,,,,640,-
5.000000,0.000000,25.000000,0.000000,0.000000,0.000000,5.000000,0.000000,0.000000,0.000000,9.507154,1.000000,1.000000,0.000000,0.000000,1.000000,0.000000,0.291965,0.701123,0.848574,486.613651,0.842083,0.561389,1.000000,0.549846,,0.000000,False,False,False,,,,641,-
5.000000,0.000000,25.000000,0.000000,0.000000,0.000000,5.000000,0.000000,0.000000,0.000000,9.402742,1.000000,1.000000,0.000000,0.000000,1.000000,0.000000,0.302693,0.689336,0.838141,486.068443,0.847874,0.565250,1.000000,0.545208,,0.000000,False,False,False,,,,642,-
1.000000,0.000000,25.000000,4.000000,0.000000,0.000000,5.000000,0.000000,0.000000,0.000000,9.064524,1.000000,1.000000,1.000000,0.000000,0.000000,1.000000,0.181366,0.816639,0.858541,485.389705,0.827474,0.551649,1.000000,0.678738,416.594577,0.000000,False,False,False,,,,643,"5,22,23,24"
1.000000,0.000000,25.000000,4.000000,0.000000,0.000000,5.000000,0.000000,0.000000,0.000000,8.734435,1.000000,1.000000,1.000000,0.000000,0.000000,1.000000,0.177500,0.818450,0.861782,484.708801,0.827895,0.551930,1.000000,0.680904,417.386843,0.000000,False,False,False,,,,644,"5,22,23,24"
1.000000,0.000000,25.000000,4.000000,0.000000,0.000000,5.000000,0.000000,1.000000,0.000000,7.391041,1.000000,1.000000,1.000000,0.000000,0.000000,1.000000,0.159967,0.834414,0.879331,484.013426,0.829772,0.553181,1.000000,0.695375,418.179813,0.000000,False,False,False,,,,645,"5,22,23,24"
1.000000,0.000000,25.000000,4.000000,0.000000,0.000000,5.000000,0.000000,2.000000,0.000000,7.391041,1.000000,1.000000,1.000000,0.000000,0.000000,1.000000,0.169846,0.827447,0.872075,483.319823,0.778339,0.518893,0.933333,0.693603,418.973560,0.000000,False,False,False,,,,646,"5,22,23,24"
1.000000,0.000000,25.000000,4.000000,0.000000,0.000000,5.000000,0.000000,2.000000,0.000000,7.391041,1.000000,1.000000,1.000000,0.000000,0.000000,1.000000,0.180399,0.819179,0.858772,482.669441,0.741371,0.494248,0.900000,0.650382,419.766889,0.000000,False,False,False,,,,647,"5,22,23,24"
1.000000,0.000000,25.000000,4.000000,0.000000,0.000000,5.000000,0.000000,2.000000,0.000000,7.391041,1.000000,1.000000,1.000000,0.000000,0.000000,1.000000,0.175029,0.823576,0.865513,482.030201,0.724324,0.482883,0.900000,0.639240,420.560243,0.000000,False,False,False,,,,648,"5,22,23,24"
1.000000,0.000000,26.000000,3.000000,0.000000,0.000000,4.000000,0.000000,2.000000,0.000000,6.540201,1.000000,1.000000,1.000000,0.000000,0.000000,1.000000,0.119277,0.879107,0.900693,481.378220,0.744154,0.496102,0.933333,0.651981,421.356807,0.000000,False,False,False,,,,649,"22,23,24"
1.000000,0.000000,27.000000,2.000000,0.000000,0.000000,3.000000,0.000000,2.000000,0.000000,7.420736,1.000000,1.000000,1.000000,0.000000,0.000000,1.000000,0.226812,0.770143,0.816143,480.783391,0.743252,0.495502,0.933333,0.594829,421.356807,0.000000,False,False,False,,,,650,"23,24"
1.000000,0.000000,27.000000,2.000000,0.000000,0.000000,3.000000,0.000000,2.000000,0.000000,7.797783,1.000000,1.000000,1.000000,0.000000,0.000000,1.000000,0.140004,0.856660,0.886374,480.113134,0.732201,0.488134,0.933333,0.670257,421.356807,0.000000,False,False,False,,,,651,"23,24"
1.000000,0.000000,27.000000,2.000000,0.000000,0.000000,3.000000,0.000000,1.000000,0.000000,7.772052,1.000000,1.000000,1.000000,0.000000,0.000000,1.000000,0.141542,0.856501,0.884511,479.448540,0.725559,0.483706,0.933333,0.664595,421.356807,0.000000,False,False,False,,,,652,"23,24"
1.000000,0.000000,27.000000,2.000000,0.000000,0.000000,3.000000,0.000000,2.000000,0.000000,7.152122,1.000000,1.000000,1.000000,0.000000,0.000000,1.000000,0.176940,0.821376,0.847197,478.851515,0.745182,0.496788,0.966667,0.597025,422.132072,0.000000,False,False,False,,,,653,"23,24"
1.000000,0.000000,27.000000,2.000000,0.000000,0.000000,3.000000,0.000000,0.000000,0.000000,8.107405,1.000000,1.000000,1.000000,0.000000,0.000000,1.000000,0.209045,0.789376,0.821855,478.211337,0.775088,0.516725,0.966667,0.640178,422.132072,0.000000,False,False,False,,,,654,"23,24"
1.000000,0.000000,27.000000,2.000000,0.000000,0.000000,3.000000,0.000000,1.000000,0.000000,7.644457,1.000000,1.000000,1.000000,0.000000,0.000000,1.000000,0.124387,0.875425,0.895014,477.523688,0.785977,0.523984,1.000000,0.687650,422.907428,0.000000,False,False,False,,,,655,"23,24"
1.000000,0.000000,27.000000,2.000000,0.000000,0.000000,3.000000,0.000000,0.000000,0.000000,8.168709,1.000000,1.000000,1.000000,0.000000,0.000000,1.000000,0.141374,0.857320,0.885186,476.817208,0.772009,0.514673,0.966667,0.706480,422.907428,0.000000,False,False,False,,,,656,"23,24"
1.000000,0.000000,27.000000,2.000000,0.000000,0.000000,3.000000,0.000000,0.000000,0.000000,8.072642,1.000000,1.000000,1.000000,0.000000,0.000000,1.000000,0.107340,0.890548,0.909981,476.115487,0.787964,0.525309,1.000000,0.701721,423.682876,0.000000,False,False,False,,,,657,"23,24"
1.000000,0.000000,27.000000,2.000000,0.000000,0.000000,3.000000,0.000000,2.000000,0.000000,7.446721,1.000000,1.000000,1.000000,0.000000,0.000000,1.000000,0.102683,0.895413,0.912056,475.403506,0.794307,0.529538,1.000000,0.711981,424.458416,0.000000,False,False,False,,,,658,"23,24"
1.000000,0.000000,27.000000,2.000000,0.000000,0.000000,3.000000,0.000000,2.000000,0.000000,7.446721,1.000000,1.000000,1.000000,0.000000,0.000000,1.000000,0.121300,0.876475,0.901525,474.699013,0.752772,0.501848,0.933333,0.704493,424.458416,0.000000,False,False,False,,,,659,"23,24"
1.000000,0.000000,28.000000,1.000000,0.000000,0.000000,2.000000,0.000000,0.000000,0.000000,8.378034,1.000000,1.000000,1.000000,1.000000,0.000000,0.000000,0.170007,0.827334,0.843174,474.089673,0.768643,0.512428,0.966667,0.609340,424.458416,0.000000,False,False,False,,,,660,23
1.000000,0.000000,28.000000,1.000000,0.000000,0.000000,2.000000,1.000000,1.000000,0.000000,6.993096,1.000000,1.000000,1.000000,1.000000,0.000000,0.000000,0.036141,0.961707,0.961478,473.394410,0.789624,0.526416,1.000000,0.695263,425.457662,0.000000,False,False,False,1.000000,1.000000,0.000000,661,23
1.000000,0.000000,28.000000,1.000000,0.000000,0.000000,2.000000,0.000000,1.000000,0.000000,7.923602,1.000000,1.000000,1.000000,1.000000,0.000000,0.000000,0.097233,0.899677,0.910116,472.708509,0.774396,0.516264,0.966667,0.685901,425.457662,0.000000,False,False,False,,,,662,23
1.000000,0.000000,28.000000,1.000000,0.000000,0.000000,2.000000,0.000000,0.000000,0.000000,8.664857,1.000000,1.000000,1.000000,1.000000,0.000000,0.000000,0.084489,0.912811,0.923947,472.014084,0.769961,0.513307,0.966667,0.694425,425.457662,0.000000,False,False,False,,,,663,23
1.000000,0.000000,28.000000,1.000000,0.000000,0.000000,2.000000,1.000000,1.000000,0.000000,7.537332,1.000000,1.000000,1.000000,1.000000,0.000000,0.000000,0.046015,0.952666,0.954272,471.324536,0.791071,0.527381,1.000000,0.689548,426.455600,0.000000,False,False,False,1.000000,1.000000,0.000000,664,23
1.000000,0.000000,28.000000,1.000000,0.000000,0.000000,2.000000,0.000000,0.000000,0.000000,8.444183,1.000000,1.000000,1.000000,1.000000,0.000000,0.000000,0.091489,0.905212,0.916370,470.630787,0.776999,0.517999,0.966667,0.693749,426.455600,0.000000,False,False,False,,,,665,23
1.000000,0.000000,28.000000,1.000000,0.000000,0.000000,2.000000,1.000000,1.000000,0.000000,7.643392,1.000000,1.000000,1.000000,1.000000,0.000000,0.000000,0.043105,0.953657,0.956733,469.937030,0.794509,0.529673,1.000000,0.693757,427.449436,0.000000,False,False,False,1.000000,1.000000,0.000000,666,23
1.000000,0.000000,28.000000,1.000000,0.000000,0.000000,2.000000,0.000000,0.000000,0.000000,8.318392,1.000000,1.000000,1.000000,1.000000,0.000000,0.000000,0.083385,0.911942,0.925383,469.234200,0.780127,0.520085,0.966667,0.702830,427.449436,0.000000,False,False,False,,,,667,23
1.000000,0.000000,28.000000,1.000000,0.000000,0.000000,2.000000,1.000000,1.000000,0.000000,6.956203,1.000000,1.000000,1.000000,1.000000,0.000000,0.000000,0.043057,0.953735,0.958606,468.538107,0.797250,0.531500,1.000000,0.696093,428.443524,0.000000,False,False,False,1.000000,1.000000,0.000000,668,23
1.000000,0.000000,28.000000,1.000000,0.000000,0.000000,2.000000,0.000000,1.000000,0.000000,7.944379,1.000000,1.000000,1.000000,1.000000,0.000000,0.000000,0.104656,0.892505,0.902297,467.852631,0.782745,0.521830,0.966667,0.685476,428.443524,0.000000,False,False,False,,,,669,23
1.000000,0.000000,28.000000,1.000000,0.000000,0.000000,2.000000,0.000000,0.000000,0.000000,8.400311,1.000000,1.000000,1.000000,1.000000,0.000000,0.000000,0.105391,0.892881,0.903838,467.174813,0.775459,0.516973,0.966667,0.677818,428.443524,0.000000,False,False,False,,,,670,23
1.000000,0.000000,28.000000,1.000000,0.000000,0.000000,2.000000,1.000000,1.000000,0.000000,7.018916,1.000000,1.000000,1.000000,1.000000,0.000000,0.000000,0.041841,0.954637,0.962580,466.478337,0.795401,0.530267,1.000000,0.696476,429.437175,0.000000,False,False,False,1.000000,1.000000,0.000000,671,23
1.000000,0.000000,28.000000,1.000000,0.000000,0.000000,2.000000,0.000000,1.000000,0.000000,7.881266,1.000000,1.000000,1.000000,1.000000,0.000000,0.000000,0.105386,0.891089,0.903887,465.794678,0.781451,0.520967,0.966667,0.683658,429.437175,0.000000,False,False,False,,,,672,23
1.000000,0.000000,28.000000,1.000000,0.000000,0.000000,2.000000,0.000000,0.000000,0.000000,8.585509,1.000000,1.000000,1.000000,1.000000,0.000000,0.000000,0.097094,0.898915,0.914808,465.113473,0.772502,0.515001,0.966667,0.681206,429.437175,0.000000,False,False,False,,,,673,23
1.000000,0.000000,28.000000,1.000000,0.000000,0.000000,2.000000,0.000000,0.000000,0.000000,8.528260,1.000000,1.000000,1.000000,1.000000,0.000000,0.000000,0.050034,0.946758,0.954307,464.372382,0.780434,0.520289,1.000000,0.741091,428.720519,0.000000,False,False,False,0.895820,1.000000,0.791640,674,23
1.000000,0.000000,28.000000,1.000000,0.000000,0.000000,2.000000,0.000000,0.000000,0.000000,8.510009,1.000000,1.000000,1.000000,1.000000,0.000000,0.000000,0.040943,0.954541,0.959952,463.618005,0.787083,0.524722,1.000000,0.754377,427.943627,0.000000,False,False,False,0.971115,1.000000,0.942230,675,23
1.000000,0.000000,28.000000,1.000000,0.000000,0.000000,2.000000,0.000000,0.000000,0.000000,8.483811,1.000000,1.000000,1.000000,1.000000,0.000000,0.000000,0.028823,0.967457,0.972932,462.848802,0.792849,0.528566,1.000000,0.769203,427.162288,0.000000,False,False,False,0.976673,1.000000,0.953347,676,23
1.000000,0.000000,28.000000,1.000000,0.000000,0.000000,2.000000,0.000000,0.000000,0.000000,8.487415,1.000000,1.000000,1.000000,1.000000,0.000000,0.000000,0.027586,0.965746,0.972770,462.075072,0.798213,0.532142,1.000000,0.773730,426.376422,0.000000,False,False,False,0.982333,1.000000,0.964666,677,23
1.000000,0.000000,28.000000,1.000000,0.000000,0.000000,2.000000,0.000000,0.000000,0.000000,8.557633,1.000000,1.000000,1.000000,1.000000,0.000000,0.000000,0.025504,0.961002,0.977321,461.300281,0.803270,0.535513,1.000000,0.774790,425.588763,0.000000,False,False,False,0.984574,1.000000,0.969147,678,23
1.000000,0.000000,28.000000,1.000000,0.000000,0.000000,2.000000,0.000000,0.000000,0.000000,8.709071,1.000000,1.000000,1.000000,1.000000,0.000000,0.000000,0.026504,0.960864,0.974291,460.520889,0.807748,0.538499,1.000000,0.779392,424.804344,0.000000,False,False,False,0.980524,1.000000,0.961048,679,23
1.000000,0.000000,28.000000,1.000000,0.000000,0.000000,2.000000,0.000000,0.000000,0.000000,8.735626,1.000000,1.000000,1.000000,1.000000,0.000000,0.000000,0.031947,0.955519,0.970842,459.741075,0.811987,0.541325,1.000000,0.779814,424.022226,0.000000,False,False,False,0.977646,1.000000,0.955293,680,23
1.000000,0.000000,28.000000,1.000000,0.000000,0.000000,2.000000,0.000000,0.000000,0.000000,8.707608,1.000000,1.000000,1.000000,1.000000,0.000000,0.000000,0.024888,0.965701,0.975804,458.950124,0.816060,0.544040,1.000000,0.790951,423.238524,0.000000,False,False,False,0.979628,1.000000,0.959256,681,23
1.000000,0.000000,28.000000,1.000000,0.000000,0.000000,2.000000,0.000000,0.000000,0.000000,8.668084,1.000000,1.000000,1.000000,1.000000,0.000000,0.000000,0.028430,0.960474,0.974233,458.159848,0.819991,0.546661,1.000000,0.790276,422.451551,0.000000,False,False,False,0.983716,1.000000,0.967432,682,23
1.000000,0.000000,28.000000,1.000000,0.000000,0.000000,2.000000,0.000000,0.000000,0.000000,8.665397,1.000000,1.000000,1.000000,1.000000,0.000000,0.000000,0.030246,0.948555,0.971792,457.374845,0.823718,0.549145,1.000000,0.785003,421.664587,0.000000,False,False,False,0.983706,1.000000,0.967412,683,23
1.000000,0.000000,28.000000,1.000000,0.000000,0.000000,2.000000,0.000000,0.000000,0.000000,8.666206,1.000000,1.000000,1.000000,1.000000,0.000000,0.000000,0.026998,0.953553,0.975644,456.582143,0.826965,0.551310,1.000000,0.792703,420.886366,0.000000,False,False,False,0.972776,1.000000,0.945552,684,23
1.000000,0.000000,28.000000,1.000000,0.000000,0.000000,2.000000,0.000000,0.000000,0.000000,8.719936,1.000000,1.000000,1.000000,1.000000,0.000000,0.000000,0.028735,0.958374,0.973324,455.784205,0.830177,0.553451,1.000000,0.797937,420.106008,0.000000,False,False,False,0.975447,1.000000,0.950893,685,23
1.000000,0.000000,28.000000,1.000000,0.000000,0.000000,2.000000,0.000000,0.000000,0.000000,8.756076,1.000000,1.000000,1.000000,1.000000,0.000000,0.000000,0.020016,0.968791,0.981045,454.975236,0.833282,0.555521,1.000000,0.808969,419.324467,0.000000,False,False,False,0.976926,1.000000,0.953852,686,23
1.000000,0.000000,28.000000,1.000000,0.000000,0.000000,2.000000,0.000000,0.000000,0.000000,8.840558,1.000000,1.000000,1.000000,1.000000,0.000000,0.000000,0.018999,0.967136,0.981396,454.164247,0.836287,0.557524,1.000000,0.810990,418.540765,0.000000,False,False,False,0.979628,1.000000,0.959256,687,23
1.000000,0.000000,28.000000,1.000000,0.000000,0.000000,2.000000,0.000000,0.000000,0.000000,8.959065,1.000000,1.000000,1.000000,1.000000,0.000000,0.000000,0.029100,0.962251,0.973064,453.354283,0.839138,0.559425,1.000000,0.809963,417.756786,0.000000,False,False,False,0.979973,1.000000,0.959946,688,23
1.000000,0.000000,28.000000,1.000000,0.000000,0.000000,2.000000,0.000000,0.000000,0.000000,9.069942,1.000000,1.000000,1.000000,1.000000,0.000000,0.000000,0.035629,0.954812,0.963421,452.548534,0.841903,0.561269,1.000000,0.805749,416.970112,0.000000,False,False,False,0.983343,1.000000,0.966686,689,23
1.000000,0.000000,28.000000,1.000000,0.000000,0.000000,2.000000,0.000000,0.000000,0.000000,9.175432,1.000000,1.000000,1.000000,1.000000,0.000000,0.000000,0.031423,0.964708,0.971516,451.732681,0.844442,0.562961,1.000000,0.815853,416.187540,0.000000,False,False,False,0.978215,1.000000,0.956431,690,23
1.000000,0.000000,28.000000,1.000000,0.000000,0.000000,2.000000,0.000000,0.000000,0.000000,9.317609,1.000000,1.000000,1.000000,1.000000,0.000000,0.000000,0.034038,0.960432,0.967446,450.917433,0.847056,0.564704,1.000000,0.815248,415.399136,0.000000,False,False,False,0.985505,1.000000,0.971010,691,23
1.000000,0.000000,28.000000,1.000000,0.000000,0.000000,2.000000,0.000000,0.000000,0.000000,9.484698,1.000000,1.000000,1.000000,1.000000,0.000000,0.000000,0.020826,0.973560,0.980812,450.088379,0.849479,0.566319,1.000000,0.829055,414.611790,0.000000,False,False,False,0.984182,1.000000,0.968364,692,23
1.000000,0.000000,28.000000,1.000000,0.000000,0.000000,2.000000,0.000000,0.000000,0.000000,9.525113,1.000000,1.000000,1.000000,1.000000,0.000000,0.000000,0.024830,0.969972,0.974561,449.259545,0.852001,0.568000,1.000000,0.828834,413.817737,0.000000,False,False,False,0.992567,1.000000,0.985134,693,23
1.000000,0.000000,28.000000,1.000000,0.000000,0.000000,2.000000,0.000000,0.000000,0.000000,9.486526,1.000000,1.000000,1.000000,1.000000,0.000000,0.000000,0.024981,0.972101,0.976262,448.427566,0.854262,0.569508,1.000000,0.831978,413.026383,0.000000,False,False,False,0.989192,1.000000,0.978383,694,23
1.000000,0.000000,28.000000,1.000000,0.000000,0.000000,2.000000,0.000000,0.000000,0.000000,9.457244,1.000000,1.000000,1.000000,1.000000,0.000000,0.000000,0.024399,0.971773,0.978994,447.593466,0.856291,0.570861,1.000000,0.834100,412.238020,0.000000,False,False,False,0.985454,1.000000,0.970908,695,23
1.000000,0.000000,28.000000,1.000000,0.000000,0.000000,2.000000,0.000000,0.000000,0.000000,9.435329,1.000000,1.000000,1.000000,1.000000,0.000000,0.000000,0.025712,0.968244,0.974708,446.759395,0.858364,0.572243,1.000000,0.834072,411.447769,0.000000,False,False,False,0.987814,1.000000,0.975629,696,23
1.000000,0.000000,28.000000,1.000000,0.000000,0.000000,2.000000,0.000000,0.000000,0.000000,9.429424,1.000000,1.000000,1.000000,1.000000,0.000000,0.000000,0.029556,0.964037,0.968683,445.926743,0.860414,0.573609,1.000000,0.832652,410.654689,0.000000,False,False,False,0.991350,1.000000,0.982700,697,23
1.000000,0.000000,28.000000,1.000000,0.000000,0.000000,2.000000,0.000000,0.000000,0.000000,9.424458,1.000000,1.000000,1.000000,1.000000,0.000000,0.000000,0.021922,0.975946,0.978555,445.083874,0.861929,0.574620,1.000000,0.842869,409.871473,0.000000,False,False,False,0.979020,1.000000,0.958040,698,23
1.000000,0.000000,28.000000,1.000000,0.000000,0.000000,2.000000,0.000000,0.000000,0.000000,9.414400,1.000000,1.000000,1.000000,1.000000,0.000000,0.000000,0.021123,0.975521,0.981726,444.239374,0.863749,0.575833,1.000000,0.844500,409.078137,0.000000,False,False,False,0.991669,1.000000,0.983339,699,23
1.000000,0.000000,28.000000,1.000000,0.000000,0.000000,2.000000,0.000000,0.000000,0.000000,9.414610,1.000000,1.000000,1.000000,1.000000,0.000000,0.000000,0.015775,0.980525,0.986238,443.388304,0.865440,0.576960,1.000000,0.851070,408.286018,0.000000,False,False,False,0.990149,1.000000,0.980298,700,23
1.000000,0.000000,28.000000,1.000000,0.000000,0.000000,2.000000,0.000000,0.000000,0.000000,9.427747,1.000000,1.000000,1.000000,1.000000,0.000000,0.000000,0.028117,0.965550,0.971933,442.547373,0.867092,0.578062,1.000000,0.840931,407.492476,0.000000,False,False,False,0.991928,1.000000,0.983855,701,23
1.000000,0.000000,28.000000,1.000000,0.000000,0.000000,2.000000,0.000000,0.000000,0.000000,9.444815,1.000000,1.000000,1.000000,1.000000,0.000000,0.000000,0.023453,0.975497,0.977300,441.699774,0.868475,0.578984,1.000000,0.847598,406.704539,0.000000,False,False,False,0.984921,1.000000,0.969843,702,23
1.000000,0.000000,28.000000,1.000000,0.000000,0.000000,2.000000,0.000000,0.000000,0.000000,9.457348,1.000000,1.000000,1.000000,1.000000,0.000000,0.000000,0.018193,0.979701,0.983394,440.845754,0.869951,0.579967,1.000000,0.854020,405.911335,0.000000,False,False,False,0.991505,1.000000,0.983010,703,23
1.000000,0.000000,28.000000,1.000000,0.000000,0.000000,2.000000,0.000000,0.000000,0.000000,9.489513,1.000000,1.000000,1.000000,1.000000,0.000000,0.000000,0.028649,0.968981,0.971236,440.000862,0.871317,0.580878,1.000000,0.844893,405.118897,0.000000,False,False,False,0.990548,1.000000,0.981096,704,23
1.000000,0.000000,28.000000,1.000000,0.000000,0.000000,2.000000,0.000000,0.000000,0.000000,9.516611,1.000000,1.000000,1.000000,1.000000,0.000000,0.000000,0.032439,0.964640,0.969824,439.158471,0.872510,0.581673,1.000000,0.842391,404.329882,0.000000,False,False,False,0.986269,1.000000,0.972537,705,23
1.000000,0.000000,28.000000,1.000000,0.000000,0.000000,2.000000,0.000000,0.000000,0.000000,9.535806,1.000000,1.000000,1.000000,1.000000,0.000000,0.000000,0.021685,0.975138,0.979214,438.305925,0.873653,0.582436,1.000000,0.852547,403.540886,0.000000,False,False,False,0.986245,1.000000,0.972490,706,23
1.000000,0.000000,28.000000,1.000000,0.000000,0.000000,2.000000,0.000000,0.000000,0.000000,9.577724,1.000000,1.000000,1.000000,1.000000,0.000000,0.000000,0.020200,0.979134,0.978407,437.449283,0.874775,0.583183,1.000000,0.856641,402.750857,0.000000,False,False,False,0.987536,1.000000,0.975073,707,23
1.000000,0.000000,28.000000,1.000000,0.000000,0.000000,2.000000,0.000000,0.000000,0.000000,9.618760,1.000000,1.000000,1.000000,1.000000,0.000000,0.000000,0.018989,0.981396,0.979906,436.590369,0.875941,0.583960,1.000000,0.858914,401.957790,0.000000,False,False,False,0.991333,1.000000,0.982666,708,23
1.000000,0.000000,28.000000,1.000000,0.000000,0.000000,2.000000,0.000000,0.000000,0.000000,9.653503,1.000000,1.000000,1.000000,1.000000,0.000000,0.000000,0.026931,0.970312,0.974044,435.738921,0.877069,0.584713,1.000000,0.851448,401.163752,0.000000,False,False,False,0.992547,1.000000,0.985095,709,23
1.000000,0.000000,28.000000,1.000000,0.000000,0.000000,2.000000,0.000000,0.000000,0.000000,9.705642,1.000000,1.000000,1.000000,1.000000,0.000000,0.000000,0.029276,0.969742,0.970904,434.887071,0.877673,0.585115,1.000000,0.851850,400.381641,0.000000,False,False,False,0.977639,1.000000,0.955278,710,23
1.000000,0.000000,28.000000,1.000000,0.000000,0.000000,2.000000,0.000000,0.000000,0.000000,9.747701,1.000000,1.000000,1.000000,1.000000,0.000000,0.000000,0.022739,0.977037,0.976893,434.028821,0.878648,0.585766,1.000000,0.858250,399.591023,0.000000,False,False,False,0.988273,1.000000,0.976547,711,23
1.000000,0.000000,28.000000,1.000000,0.000000,0.000000,2.000000,0.000000,0.000000,0.000000,9.786851,1.000000,1.000000,1.000000,1.000000,0.000000,0.000000,0.030108,0.968676,0.972861,433.176220,0.879484,0.586323,1.000000,0.852601,398.802559,0.000000,False,False,False,0.985579,1.000000,0.971158,712,23
1.000000,0.000000,28.000000,1.000000,0.000000,0.000000,2.000000,0.000000,0.000000,0.000000,9.858460,1.000000,1.000000,1.000000,1.000000,0.000000,0.000000,0.028188,0.971455,0.971968,432.320928,0.880226,0.586818,1.000000,0.855292,398.015198,0.000000,False,False,False,0.984202,1.000000,0.968403,713,23
1.000000,0.000000,28.000000,1.000000,0.000000,0.000000,2.000000,0.000000,0.000000,0.000000,9.916592,1.000000,1.000000,1.000000,1.000000,0.000000,0.000000,0.028037,0.971218,0.971916,431.464693,0.880977,0.587318,1.000000,0.856235,397.226719,0.000000,False,False,False,0.985599,1.000000,0.971198,714,23
1.000000,0.000000,28.000000,1.000000,0.000000,0.000000,2.000000,0.000000,0.000000,0.000000,9.969609,1.000000,1.000000,1.000000,1.000000,0.000000,0.000000,0.025503,0.972789,0.976922,430.605457,0.881799,0.587866,1.000000,0.859236,396.440850,0.000000,False,False,False,0.982336,1.000000,0.964673,715,23
1.000000,0.000000,28.000000,1.000000,0.000000,0.000000,2.000000,0.000000,0.000000,0.000000,10.065084,1.000000,1.000000,1.000000,1.000000,0.000000,0.000000,0.021773,0.976094,0.979452,429.742258,0.882688,0.588459,1.000000,0.863199,395.653241,0.000000,False,False,False,0.984511,1.000000,0.969023,716,23
1.000000,0.000000,28.000000,1.000000,0.000000,0.000000,2.000000,0.000000,0.000000,0.000000,10.173548,1.000000,1.000000,1.000000,1.000000,0.000000,0.000000,0.027564,0.969404,0.975313,428.883388,0.883895,0.589263,1.000000,0.858870,394.864044,0.000000,False,False,False,0.986495,1.000000,0.972991,717,23
1.000000,0.000000,28.000000,1.000000,0.000000,0.000000,2.000000,0.000000,0.000000,0.000000,10.308982,1.000000,1.000000,1.000000,1.000000,0.000000,0.000000,0.027730,0.968171,0.973698,428.024358,0.884841,0.589894,1.000000,0.859029,394.078402,0.000000,False,False,False,0.982053,1.000000,0.964106,718,23
1.000000,0.000000,28.000000,1.000000,0.000000,0.000000,2.000000,0.000000,0.000000,0.000000,10.437477,1.000000,1.000000,1.000000,1.000000,0.000000,0.000000,0.029240,0.967352,0.970858,427.165918,0.885669,0.590446,1.000000,0.858441,393.295131,0.000000,False,False,False,0.979089,1.000000,0.958177,719,23
1.000000,0.000000,28.000000,1.000000,0.000000,0.000000,2.000000,0.000000,0.000000,0.000000,10.599582,1.000000,1.000000,1.000000,1.000000,0.000000,0.000000,0.029764,0.965704,0.973669,426.307030,0.886538,0.591026,1.000000,0.858888,392.509485,0.000000,False,False,False,0.982058,1.000000,0.964115,720,23
1.000000,0.000000,28.000000,1.000000,0.000000,0.000000,2.000000,0.000000,0.000000,0.000000,10.539182,1.000000,1.000000,1.000000,1.000000,0.000000,0.000000,0.023621,0.971832,0.976311,425.443739,0.887514,0.591676,1.000000,0.863291,391.719461,0.000000,False,False,False,0.987530,1.000000,0.975060,721,23
1.000000,0.000000,28.000000,1.000000,0.000000,0.000000,2.000000,0.000000,0.000000,0.000000,10.374116,1.000000,1.000000,1.000000,1.000000,0.000000,0.000000,0.024347,0.969725,0.975601,424.580605,0.888551,0.592367,1.000000,0.863134,390.925242,0.000000,False,False,False,0.992774,1.000000,0.985547,722,23
1.000000,0.000000,28.000000,1.000000,0.000000,0.000000,2.000000,0.000000,0.000000,0.000000,10.226315,1.000000,1.000000,1.000000,1.000000,0.000000,0.000000,0.025000,0.970320,0.977854,423.714924,0.889290,0.592860,1.000000,0.865681,390.136230,0.000000,False,False,False,0.986264,1.000000,0.972529,723,23
1.000000,0.000000,28.000000,1.000000,0.000000,0.000000,2.000000,0.000000,0.000000,0.000000,10.080306,1.000000,1.000000,1.000000,1.000000,0.000000,0.000000,0.036439,0.959921,0.966469,422.857848,0.890076,0.593384,1.000000,0.857076,389.347015,0.000000,False,False,False,0.986519,1.000000,0.973038,724,23
1.000000,0.000000,28.000000,1.000000,0.000000,0.000000,2.000000,0.000000,0.000000,0.000000,9.953622,1.000000,1.000000,1.000000,1.000000,0.000000,0.000000,0.030779,0.965931,0.968119,421.997113,0.890559,0.593706,1.000000,0.860735,388.565093,0.000000,False,False,False,0.977403,1.000000,0.954806,725,23
1.000000,0.000000,28.000000,1.000000,0.000000,0.000000,2.000000,0.000000,0.000000,0.000000,9.828437,1.000000,1.000000,1.000000,1.000000,0.000000,0.000000,0.029905,0.966997,0.970465,421.133622,0.891207,0.594138,1.000000,0.863491,387.778647,0.000000,False,False,False,0.983058,1.000000,0.966115,726,23
1.000000,0.000000,28.000000,1.000000,0.000000,0.000000,2.000000,0.000000,0.000000,0.000000,9.740470,1.000000,1.000000,1.000000,1.000000,0.000000,0.000000,0.025667,0.972224,0.975423,420.264775,0.892044,0.594696,1.000000,0.868846,386.990698,0.000000,False,False,False,0.984936,1.000000,0.969871,727,23
1.000000,0.000000,28.000000,1.000000,0.000000,0.000000,2.000000,0.000000,0.000000,0.000000,9.650977,1.000000,1.000000,1.000000,1.000000,0.000000,0.000000,0.026464,0.967878,0.974358,419.399342,0.892882,0.595255,1.000000,0.865433,386.201823,0.000000,False,False,False,0.986094,1.000000,0.972188,728,23
1.000000,0.000000,28.000000,1.000000,0.000000,0.000000,2.000000,0.000000,0.000000,0.000000,9.592469,1.000000,1.000000,1.000000,1.000000,0.000000,0.000000,0.026904,0.967487,0.975711,418.531680,0.893550,0.595700,1.000000,0.867663,385.415669,0.000000,False,False,False,0.982692,1.000000,0.965385,729,23
1.000000,0.000000,28.000000,1.000000,0.000000,0.000000,2.000000,0.000000,0.000000,0.000000,9.537970,1.000000,1.000000,1.000000,1.000000,0.000000,0.000000,0.031901,0.963259,0.969080,417.668180,0.894392,0.596261,1.000000,0.863500,384.625350,0.000000,False,False,False,0.987899,1.000000,0.975799,730,23
1.000000,0.000000,28.000000,1.000000,0.000000,0.000000,2.000000,0.000000,0.000000,0.000000,9.501138,1.000000,1.000000,1.000000,1.000000,0.000000,0.000000,0.029990,0.965473,0.969157,416.802699,0.895082,0.596721,1.000000,0.865481,383.837239,0.000000,False,False,False,0.985138,1.000000,0.970277,731,23
1.000000,0.000000,28.000000,1.000000,0.000000,0.000000,2.000000,0.000000,0.000000,0.000000,9.456358,1.000000,1.000000,1.000000,1.000000,0.000000,0.000000,0.027182,0.968868,0.973836,415.933498,0.895571,0.597047,1.000000,0.869201,383.052682,0.000000,False,False,False,0.980696,1.000000,0.961393,732,23
1.000000,0.000000,28.000000,1.000000,0.000000,0.000000,2.000000,0.000000,0.000000,0.000000,9.416209,1.000000,1.000000,1.000000,1.000000,0.000000,0.000000,0.017661,0.980285,0.981917,415.054222,0.896083,0.597389,1.000000,0.879276,382.268955,0.000000,False,False,False,0.979659,1.000000,0.959319,733,23
1.000000,0.000000,28.000000,1.000000,0.000000,0.000000,2.000000,0.000000,0.000000,0.000000,9.367597,1.000000,1.000000,1.000000,1.000000,0.000000,0.000000,0.019153,0.974994,0.982814,414.176679,0.896781,0.597854,1.000000,0.877542,381.478447,0.000000,False,False,False,0.988135,1.000000,0.976270,734,23
1.000000,0.000000,28.000000,1.000000,0.000000,0.000000,2.000000,0.000000,0.000000,0.000000,9.338899,1.000000,1.000000,1.000000,1.000000,0.000000,0.000000,0.018405,0.974911,0.981847,413.299829,0.897415,0.598277,1.000000,0.876851,380.683750,0.000000,False,False,False,0.993370,1.000000,0.986740,735,23
1.000000,0.000000,28.000000,1.000000,0.000000,0.000000,2.000000,0.000000,0.000000,0.000000,9.304882,1.000000,1.000000,1.000000,1.000000,0.000000,0.000000,0.023019,0.965824,0.978250,412.430276,0.897955,0.598637,1.000000,0.869553,379.887669,0.000000,False,False,False,0.995102,1.000000,0.990204,736,23
1.000000,0.000000,28.000000,1.000000,0.000000,0.000000,2.000000,0.000000,0.000000,0.000000,9.290682,1.000000,1.000000,1.000000,1.000000,0.000000,0.000000,0.025895,0.961789,0.977382,411.563469,0.898078,0.598719,1.000000,0.866807,379.102659,0.000000,False,False,False,0.981263,1.000000,0.962526,737,23
1.000000,0.000000,28.000000,1.000000,0.000000,0.000000,2.000000,0.000000,0.000000,0.000000,9.281915,1.000000,1.000000,1.000000,1.000000,0.000000,0.000000,0.023096,0.969442,0.981144,410.688624,0.898154,0.598769,1.000000,0.874845,378.318037,0.000000,False,False,False,0.980777,1.000000,0.961555,738,23
1.000000,0.000000,28.000000,1.000000,0.000000,0.000000,2.000000,0.000000,0.000000,0.000000,9.271126,1.000000,1.000000,1.000000,1.000000,0.000000,0.000000,0.019947,0.968578,0.978972,409.815405,0.898588,0.599059,1.000000,0.873219,377.524656,0.000000,False,False,False,0.991725,1.000000,0.983450,739,23
1.000000,0.000000,28.000000,1.000000,0.000000,0.000000,2.000000,0.000000,0.000000,0.000000,9.245484,1.000000,1.000000,1.000000,1.000000,0.000000,0.000000,0.031438,0.958955,0.970362,408.949743,0.898783,0.599189,1.000000,0.865662,376.737453,0.000000,False,False,False,0.984004,1.000000,0.968008,740,23
1.000000,0.000000,28.000000,1.000000,0.000000,0.000000,2.000000,0.000000,0.000000,0.000000,9.244182,1.000000,1.000000,1.000000,1.000000,0.000000,0.000000,0.027330,0.964433,0.972497,408.080187,0.898743,0.599162,1.000000,0.869556,375.955388,0.000000,False,False,False,0.977581,1.000000,0.955162,741,23
1.000000,0.000000,28.000000,1.000000,0.000000,0.000000,2.000000,0.000000,0.000000,0.000000,9.243018,1.000000,1.000000,1.000000,1.000000,0.000000,0.000000,0.027522,0.963883,0.973537,407.210360,0.898956,0.599304,1.000000,0.869827,375.167479,0.000000,False,False,False,0.984887,1.000000,0.969774,742,23
1.000000,0.000000,28.000000,1.000000,0.000000,0.000000,2.000000,0.000000,0.000000,0.000000,9.223140,1.000000,1.000000,1.000000,1.000000,0.000000,0.000000,0.026457,0.967163,0.975517,406.337530,0.899105,0.599403,1.000000,0.872830,374.380399,0.000000,False,False,False,0.983849,1.000000,0.967698,743,23
1.000000,0.000000,28.000000,1.000000,0.000000,0.000000,2.000000,0.000000,0.000000,0.000000,9.209177,1.000000,1.000000,1.000000,1.000000,0.000000,0.000000,0.023938,0.970560,0.978956,405.461839,0.899281,0.599521,1.000000,0.875691,373.592274,0.000000,False,False,False,0.985156,1.000000,0.970312,744,23
1.000000,0.000000,28.000000,1.000000,0.000000,0.000000,2.000000,0.000000,0.000000,0.000000,9.230414,1.000000,1.000000,1.000000,1.000000,0.000000,0.000000,0.022883,0.967534,0.974826,404.588941,0.899555,0.599703,1.000000,0.872898,372.802145,0.000000,False,False,False,0.987662,1.000000,0.975323,745,23
1.000000,0.000000,28.000000,1.000000,0.000000,0.000000,2.000000,0.000000,0.000000,0.000000,9.240692,1.000000,1.000000,1.000000,1.000000,0.000000,0.000000,0.034168,0.958756,0.964589,403.723540,0.899745,0.599830,1.000000,0.865401,372.013572,0.000000,False,False,False,0.985717,1.000000,0.971433,746,23
1.000000,0.000000,28.000000,1.000000,0.000000,0.000000,2.000000,0.000000,0.000000,0.000000,9.221736,1.000000,1.000000,1.000000,1.000000,0.000000,0.000000,0.039768,0.951009,0.960501,402.864076,0.899857,0.599905,1.000000,0.859464,371.224943,0.000000,False,False,False,0.985786,1.000000,0.971571,747,23
1.000000,0.000000,28.000000,1.000000,0.000000,0.000000,2.000000,0.000000,0.000000,0.000000,9.289704,1.000000,1.000000,1.000000,1.000000,0.000000,0.000000,0.029910,0.962013,0.969425,401.996217,0.899734,0.599822,1.000000,0.867859,370.444619,0.000000,False,False,False,0.975405,1.000000,0.950810,748,23
1.000000,0.000000,28.000000,1.000000,0.000000,0.000000,2.000000,0.000000,0.000000,0.000000,9.308727,1.000000,1.000000,1.000000,1.000000,0.000000,0.000000,0.028069,0.962711,0.974868,401.125126,0.899716,0.599811,1.000000,0.871091,369.660977,0.000000,False,False,False,0.979553,1.000000,0.959106,749,23
1.000000,0.000000,28.000000,1.000000,0.000000,0.000000,2.000000,0.000000,0.000000,0.000000,9.370633,1.000000,1.000000,1.000000,1.000000,0.000000,0.000000,0.035532,0.953430,0.967348,400.261546,0.899949,0.599966,1.000000,0.863580,368.870992,0.000000,False,False,False,0.987481,1.000000,0.974962,750,23
1.000000,0.000000,28.000000,1.000000,0.000000,0.000000,2.000000,0.000000,0.000000,0.000000,9.438618,1.000000,1.000000,1.000000,1.000000,0.000000,0.000000,0.038620,0.950373,0.958231,399.402657,0.899924,0.599949,1.000000,0.858889,368.087448,0.000000,False,False,False,0.979429,1.000000,0.958859,751,23
1.000000,0.000000,28.000000,1.000000,0.000000,0.000000,2.000000,0.000000,0.000000,0.000000,9.479686,1.000000,1.000000,1.000000,1.000000,0.000000,0.000000,0.036204,0.959125,0.961086,398.537637,0.899980,0.599986,1.000000,0.865020,367.302332,0.000000,False,False,False,0.981396,1.000000,0.962792,752,23
1.000000,0.000000,28.000000,1.000000,0.000000,0.000000,2.000000,0.000000,0.000000,0.000000,9.557730,1.000000,1.000000,1.000000,1.000000,0.000000,0.000000,0.024103,0.966404,0.974208,397.665549,0.899975,0.599983,1.000000,0.872088,366.518118,0.000000,False,False,False,0.980267,1.000000,0.960533,753,23
1.000000,0.000000,28.000000,1.000000,0.000000,0.000000,2.000000,0.000000,0.000000,0.000000,9.631899,1.000000,1.000000,1.000000,1.000000,0.000000,0.000000,0.031200,0.964229,0.968389,396.794938,0.900151,0.600101,1.000000,0.870611,365.729119,0.000000,False,False,False,0.986249,1.000000,0.972498,754,23
1.000000,0.000000,28.000000,1.000000,0.000000,0.000000,2.000000,0.000000,0.000000,0.000000,9.673883,1.000000,1.000000,1.000000,1.000000,0.000000,0.000000,0.039404,0.956412,0.959111,395.931411,0.900427,0.600285,1.000000,0.863527,364.936799,0.000000,False,False,False,0.990400,1.000000,0.980800,755,23
1.000000,0.000000,28.000000,1.000000,0.000000,0.000000,2.000000,0.000000,0.000000,0.000000,9.754005,1.000000,1.000000,1.000000,1.000000,0.000000,0.000000,0.033110,0.962868,0.965963,395.062302,0.900677,0.600452,1.000000,0.869109,364.144866,0.000000,False,False,False,0.989916,1.000000,0.979833,756,23
1.000000,0.000000,28.000000,1.000000,0.000000,0.000000,2.000000,0.000000,0.000000,0.000000,9.793302,1.000000,1.000000,1.000000,1.000000,0.000000,0.000000,0.033269,0.963470,0.962849,394.193555,0.900823,0.600548,1.000000,0.868747,363.354217,0.000000,False,False,False,0.988311,1.000000,0.976622,757,23
1.000000,0.000000,28.000000,1.000000,0.000000,0.000000,2.000000,0.000000,0.000000,0.000000,9.844775,1.000000,1.000000,1.000000,1.000000,0.000000,0.000000,0.040602,0.954154,0.957182,393.332955,0.900819,0.600546,1.000000,0.860600,362.568729,0.000000,False,False,False,0.981861,1.000000,0.963721,758,23
1.000000,0.000000,28.000000,1.000000,0.000000,0.000000,2.000000,0.000000,0.000000,0.000000,9.929376,1.000000,1.000000,1.000000,1.000000,0.000000,0.000000,0.031340,0.962552,0.965861,392.464939,0.900592,0.600395,1.000000,0.868016,361.788950,0.000000,False,False,False,0.974723,1.000000,0.949446,759,23
1.000000,0.000000,28.000000,1.000000,0.000000,0.000000,2.000000,0.000000,0.000000,0.000000,10.033729,1.000000,1.000000,1.000000,1.000000,0.000000,0.000000,0.029593,0.961235,0.974145,391.596424,0.900560,0.600373,1.000000,0.868515,361.004698,0.000000,False,False,False,0.980315,1.000000,0.960629,760,23
1.000000,0.000000,28.000000,1.000000,0.000000,0.000000,2.000000,0.000000,0.000000,0.000000,10.113292,1.000000,1.000000,1.000000,1.000000,0.000000,0.000000,0.027091,0.961356,0.971596,390.728268,0.900840,0.600560,1.000000,0.868156,360.211624,0.000000,False,False,False,0.991344,1.000000,0.982687,761,23
1.000000,0.000000,28.000000,1.000000,0.000000,0.000000,2.000000,0.000000,0.000000,0.000000,10.203652,1.000000,1.000000,1.000000,1.000000,0.000000,0.000000,0.034853,0.958298,0.962132,389.862137,0.900871,0.600581,1.000000,0.866131,359.425328,0.000000,False,False,False,0.982870,1.000000,0.965740,762,23
1.000000,0.000000,28.000000,1.000000,0.000000,0.000000,2.000000,0.000000,0.000000,0.000000,10.264710,1.000000,1.000000,1.000000,1.000000,0.000000,0.000000,0.036356,0.957574,0.962006,388.997858,0.900756,0.600504,1.000000,0.864279,358.642801,0.000000,False,False,False,0.978159,1.000000,0.956318,763,23
1.000000,0.000000,28.000000,1.000000,0.000000,0.000000,2.000000,0.000000,0.000000,0.000000,10.233677,1.000000,1.000000,1.000000,1.000000,0.000000,0.000000,0.032084,0.963752,0.964644,388.128145,0.900835,0.600557,1.000000,0.869713,357.854963,0.000000,False,False,False,0.984797,1.000000,0.969594,764,23
1.000000,0.000000,28.000000,1.000000,0.000000,0.000000,2.000000,0.000000,0.000000,0.000000,10.331772,1.000000,1.000000,1.000000,1.000000,0.000000,0.000000,0.040085,0.959739,0.960059,387.264761,0.901031,0.600687,1.000000,0.863384,357.063745,0.000000,False,False,False,0.989023,1.000000,0.978045,765,23
1.000000,0.000000,28.000000,1.000000,0.000000,0.000000,2.000000,0.000000,0.000000,0.000000,10.366999,1.000000,1.000000,1.000000,1.000000,0.000000,0.000000,0.036859,0.957281,0.960683,386.399925,0.901028,0.600686,1.000000,0.864836,356.277928,0.000000,False,False,False,0.982271,1.000000,0.964543,766,23
1.000000,0.000000,28.000000,1.000000,0.000000,0.000000,2.000000,0.000000,0.000000,0.000000,10.284923,1.000000,1.000000,1.000000,1.000000,0.000000,0.000000,0.037269,0.954793,0.963256,385.537225,0.900824,0.600550,1.000000,0.862701,355.500943,0.000000,False,False,False,0.971232,1.000000,0.942464,767,23
1.000000,0.000000,28.000000,1.000000,0.000000,0.000000,2.000000,0.000000,0.000000,0.000000,10.290758,1.000000,1.000000,1.000000,1.000000,0.000000,0.000000,0.027226,0.967407,0.971098,384.666929,0.900606,0.600404,1.000000,0.870296,354.720789,0.000000,False,False,False,0.975192,1.000000,0.950384,768,23
1.000000,0.000000,28.000000,1.000000,0.000000,0.000000,2.000000,0.000000,0.000000,0.000000,10.379876,1.000000,1.000000,1.000000,1.000000,0.000000,0.000000,0.035800,0.963307,0.963766,383.799499,0.900847,0.600565,1.000000,0.867430,353.928944,0.000000,False,False,False,0.989805,1.000000,0.979611,769,23
1.000000,0.000000,28.000000,1.000000,0.000000,0.000000,2.000000,0.000000,0.000000,0.000000,10.420683,1.000000,1.000000,1.000000,1.000000,0.000000,0.000000,0.032515,0.964637,0.964118,382.928600,0.901383,0.600922,1.000000,0.870899,353.136050,0.000000,False,False,False,0.991118,1.000000,0.982237,770,23
1.000000,0.000000,28.000000,1.000000,0.000000,0.000000,2.000000,0.000000,0.000000,0.000000,10.252224,1.000000,1.000000,1.000000,1.000000,0.000000,0.000000,0.019613,0.981105,0.978957,382.045797,0.901419,0.600946,1.000000,0.882802,352.349649,0.000000,False,False,False,0.983001,1.000000,0.966002,771,23
1.000000,0.000000,28.000000,1.000000,0.000000,0.000000,2.000000,0.000000,0.000000,0.000000,10.431657,1.000000,1.000000,1.000000,1.000000,0.000000,0.000000,0.030609,0.964660,0.968639,381.172003,0.902323,0.601548,1.000000,0.873795,351.557474,0.000000,False,False,False,0.990219,1.000000,0.980438,772,23
1.000000,0.000000,28.000000,1.000000,0.000000,0.000000,2.000000,0.000000,0.000000,0.000000,10.536520,1.000000,1.000000,1.000000,1.000000,0.000000,0.000000,0.025236,0.967575,0.973275,380.294124,0.902702,0.601801,1.000000,0.877879,350.774548,0.000000,False,False,False,0.978657,1.000000,0.957313,773,23
1.000000,0.000000,28.000000,1.000000,0.000000,0.000000,2.000000,0.000000,0.000000,0.000000,10.599960,1.000000,1.000000,1.000000,1.000000,0.000000,0.000000,0.039221,0.956938,0.959517,379.427337,0.903082,0.602055,1.000000,0.866786,349.988883,0.000000,False,False,False,0.982082,1.000000,0.964164,774,23
1.000000,0.000000,28.000000,1.000000,0.000000,0.000000,2.000000,0.000000,0.000000,0.000000,10.716358,1.000000,1.000000,1.000000,1.000000,0.000000,0.000000,0.041285,0.956968,0.956673,378.562124,0.903743,0.602495,1.000000,0.865214,349.207913,0.000000,False,False,False,0.976212,1.000000,0.952424,775,23
1.000000,0.000000,28.000000,1.000000,0.000000,0.000000,2.000000,0.000000,0.000000,0.000000,10.671634,1.000000,1.000000,1.000000,1.000000,0.000000,0.000000,0.023996,0.970898,0.972288,377.682574,0.904382,0.602921,1.000000,0.879549,348.422615,0.000000,False,False,False,0.981622,1.000000,0.963244,776,23
1.000000,0.000000,28.000000,1.000000,0.000000,0.000000,2.000000,0.000000,0.000000,0.000000,10.838079,1.000000,1.000000,1.000000,1.000000,0.000000,0.000000,0.023963,0.970738,0.976492,376.803653,0.904934,0.603289,1.000000,0.878921,347.637275,0.000000,False,False,False,0.981675,1.000000,0.963351,777,23
1.000000,0.000000,28.000000,1.000000,0.000000,0.000000,2.000000,0.000000,0.000000,0.000000,10.487415,1.000000,1.000000,1.000000,1.000000,0.000000,0.000000,0.029958,0.967079,0.969056,375.927489,0.905536,0.603690,1.000000,0.876165,346.849881,0.000000,False,False,False,0.984242,1.000000,0.968485,778,23
1.000000,0.000000,28.000000,1.000000,0.000000,0.000000,2.000000,0.000000,0.000000,0.000000,10.684821,1.000000,1.000000,1.000000,1.000000,0.000000,0.000000,0.019415,0.976908,0.981329,375.038889,0.906115,0.604077,1.000000,0.888599,346.063001,0.000000,False,False,False,0.983600,1.000000,0.967200,779,23
1.000000,0.000000,28.000000,1.000000,0.000000,0.000000,2.000000,0.000000,0.000000,0.000000,10.852025,1.000000,1.000000,1.000000,1.000000,0.000000,0.000000,0.025903,0.970789,0.973919,374.156446,0.907486,0.604991,1.000000,0.882443,345.271073,0.000000,False,False,False,0.989910,1.000000,0.979821,780,23
1.000000,0.000000,28.000000,1.000000,0.000000,0.000000,2.000000,0.000000,0.000000,0.000000,10.953826,1.000000,1.000000,1.000000,1.000000,0.000000,0.000000,0.030747,0.967427,0.968836,373.276866,0.908351,0.605567,1.000000,0.879580,344.485816,0.000000,False,False,False,0.981571,1.000000,0.963142,781,23
1.000000,0.000000,28.000000,1.000000,0.000000,0.000000,2.000000,0.000000,0.000000,0.000000,10.983529,1.000000,1.000000,1.000000,1.000000,0.000000,0.000000,0.042777,0.952428,0.955303,372.406456,0.909876,0.606584,1.000000,0.870410,343.702327,0.000000,False,False,False,0.979362,1.000000,0.958724,782,23
1.000000,0.000000,28.000000,1.000000,0.000000,0.000000,2.000000,0.000000,0.000000,0.000000,10.853701,1.000000,1.000000,1.000000,1.000000,0.000000,0.000000,0.016577,0.978703,0.982703,371.511690,0.910840,0.607227,1.000000,0.894766,342.929323,0.000000,False,False,False,0.966255,1.000000,0.932510,783,23
1.000000,0.000000,28.000000,1.000000,0.000000,0.000000,2.000000,0.000000,0.000000,0.000000,10.867746,1.000000,1.000000,1.000000,1.000000,0.000000,0.000000,0.020325,0.974930,0.978519,370.621204,0.912446,0.608297,1.000000,0.890486,342.139051,0.000000,False,False,False,0.987840,1.000000,0.975680,784,23
1.000000,0.000000,28.000000,1.000000,0.000000,0.000000,2.000000,0.000000,0.000000,0.000000,10.902941,1.000000,1.000000,1.000000,1.000000,0.000000,0.000000,0.030755,0.963404,0.969460,369.737774,0.914038,0.609359,1.000000,0.883429,341.350543,0.000000,False,False,False,0.985634,1.000000,0.971268,785,23
1.000000,0.000000,28.000000,1.000000,0.000000,0.000000,2.000000,0.000000,0.000000,0.000000,10.910980,1.000000,1.000000,1.000000,1.000000,0.000000,0.000000,0.019097,0.977608,0.979762,368.840075,0.915643,0.610429,1.000000,0.897699,340.562770,0.000000,False,False,False,0.984717,1.000000,0.969434,786,23
1.000000,0.000000,28.000000,1.000000,0.000000,0.000000,2.000000,0.000000,0.000000,0.000000,10.902381,1.000000,1.000000,1.000000,1.000000,0.000000,0.000000,0.030110,0.966236,0.969410,367.950456,0.918051,0.612034,1.000000,0.889619,339.768630,0.000000,False,False,False,0.992675,1.000000,0.985350,787,23
1.000000,0.000000,28.000000,1.000000,0.000000,0.000000,2.000000,0.000000,0.000000,0.000000,10.850839,1.000000,1.000000,1.000000,1.000000,0.000000,0.000000,0.024833,0.966265,0.976062,367.055064,0.919915,0.613277,1.000000,0.895393,338.985728,0.000000,False,False,False,0.978628,1.000000,0.957256,788,23
1.000000,0.000000,28.000000,1.000000,0.000000,0.000000,2.000000,0.000000,0.000000,0.000000,10.802211,1.000000,1.000000,1.000000,1.000000,0.000000,0.000000,0.034077,0.959985,0.966257,366.166072,0.922063,0.614709,1.000000,0.888992,338.199503,0.000000,False,False,False,0.982781,1.000000,0.965562,789,23
1.000000,0.000000,28.000000,1.000000,0.000000,0.000000,2.000000,0.000000,0.000000,0.000000,10.799971,1.000000,1.000000,1.000000,1.000000,0.000000,0.000000,0.031246,0.963553,0.967765,365.271730,0.924794,0.616530,1.000000,0.894341,337.415287,0.000000,False,False,False,0.980270,1.000000,0.960541,790,23
1.000000,0.000000,28.000000,1.000000,0.000000,0.000000,2.000000,0.000000,0.000000,0.000000,10.769859,1.000000,1.000000,1.000000,1.000000,0.000000,0.000000,0.023087,0.976079,0.975722,364.367002,0.927374,0.618249,1.000000,0.904728,336.637434,0.000000,False,False,False,0.972316,1.000000,0.944633,791,23
1.000000,0.000000,28.000000,1.000000,0.000000,0.000000,2.000000,0.000000,0.000000,0.000000,10.692221,1.000000,1.000000,1.000000,1.000000,0.000000,0.000000,0.030360,0.966207,0.968978,363.465385,0.930540,0.620360,1.000000,0.901617,335.849718,0.000000,False,False,False,0.984645,1.000000,0.969290,792,23
1.000000,0.000000,28.000000,1.000000,0.000000,0.000000,2.000000,0.000000,0.000000,0.000000,10.719759,1.000000,1.000000,1.000000,1.000000,0.000000,0.000000,0.015816,0.981257,0.983981,362.545587,0.934144,0.622762,1.000000,0.919798,335.061319,0.000000,False,False,False,0.985498,1.000000,0.970996,793,23
1.000000,0.000000,28.000000,1.000000,0.000000,0.000000,2.000000,0.000000,0.000000,0.000000,10.695796,1.000000,1.000000,1.000000,1.000000,0.000000,0.000000,0.020399,0.974773,0.980391,361.628166,0.938682,0.625788,1.000000,0.917421,334.058481,0.000000,False,False,False,0.992332,1.000000,0.984664,794,23
1.000000,0.000000,28.000000,1.000000,0.000000,0.000000,2.000000,0.000000,0.000000,0.000000,10.649582,1.000000,1.000000,1.000000,1.000000,0.000000,0.000000,0.021583,0.971565,0.980897,360.705036,0.945278,0.630185,1.000000,0.923130,333.019837,0.000000,False,False,False,0.982487,1.000000,0.964973,795,23
1.000000,0.000000,28.000000,1.000000,0.000000,0.000000,2.000000,0.000000,0.000000,0.000000,10.590982,1.000000,1.000000,1.000000,1.000000,0.000000,0.000000,0.023908,0.975056,0.975801,359.775963,0.952686,0.635124,1.000000,0.929073,331.976393,0.000000,False,False,False,0.988700,1.000000,0.977399,796,23
1.000000,0.000000,28.000000,1.000000,0.000000,0.000000,2.000000,0.000000,0.000000,0.000000,10.647322,1.000000,1.000000,1.000000,1.000000,0.000000,0.000000,0.018264,0.978368,0.983584,358.832602,0.960563,0.640375,1.000000,0.943361,330.899681,0.000000,False,False,False,0.991365,1.000000,0.982730,797,23
1.000000,0.000000,28.000000,1.000000,0.000000,0.000000,2.000000,0.000000,0.000000,0.000000,10.646939,1.000000,1.000000,1.000000,1.000000,0.000000,0.000000,0.017616,0.978381,0.982294,357.883283,0.968533,0.645688,1.000000,0.949319,329.800236,0.000000,False,False,False,0.991448,1.000000,0.982895,798,23
1.000000,0.000000,28.000000,1.000000,0.000000,0.000000,2.000000,0.000000,0.000000,0.000000,10.708864,1.000000,1.000000,1.000000,1.000000,0.000000,0.000000,0.018046,0.979503,0.982189,356.925168,0.976997,0.651331,1.000000,0.958115,328.672516,0.000000,False,False,False,0.989245,1.000000,0.978489,799,23
1.000000,0.000000,28.000000,1.000000,0.000000,0.000000,2.000000,0.000000,0.000000,0.000000,10.685048,1.000000,1.000000,1.000000,1.000000,0.000000,0.000000,0.018019,0.979959,0.981238,355.958189,0.983978,0.655985,1.000000,0.966979,327.536581,0.000000,False,False,False,0.990050,1.000000,0.980099,800,23
1.000000,0.000000,28.000000,1.000000,0.000000,0.000000,2.000000,0.000000,0.000000,0.000000,10.694754,1.000000,1.000000,1.000000,1.000000,0.000000,0.000000,0.022842,0.977049,0.976573,354.990638,0.990607,0.660405,1.000000,0.967551,326.406639,0.000000,False,False,False,0.990044,1.000000,0.980088,801,23
1.000000,0.000000,28.000000,1.000000,0.000000,0.000000,2.000000,0.000000,0.000000,0.000000,10.691061,1.000000,1.000000,1.000000,1.000000,0.000000,0.000000,0.020402,0.978263,0.980099,354.013792,0.996637,0.664425,1.000000,0.976846,325.275196,0.000000,False,False,False,0.993017,1.000000,0.986035,802,23
1.000000,0.000000,28.000000,1.000000,0.000000,0.000000,2.000000,0.000000,0.000000,0.000000,10.758528,1.000000,1.000000,1.000000,1.000000,0.000000,0.000000,0.013428,0.982162,0.988095,353.024658,1.002136,0.668091,1.000000,0.989134,324.142190,0.000000,False,False,False,0.994365,1.000000,0.988731,803,23
1.000000,0.000000,28.000000,1.000000,0.000000,0.000000,2.000000,0.000000,0.000000,0.000000,10.761027,1.000000,1.000000,1.000000,1.000000,0.000000,0.000000,0.018428,0.977963,0.982380,352.038213,1.007118,0.671412,1.000000,0.986444,323.004488,0.000000,False,False,False,0.993995,1.000000,0.987990,804,23
1.000000,0.000000,28.000000,1.000000,0.000000,0.000000,2.000000,0.000000,0.000000,0.000000,10.769122,1.000000,1.000000,1.000000,1.000000,0.000000,0.000000,0.021945,0.972895,0.980062,351.048346,1.011523,0.674349,1.000000,0.989868,321.865312,0.000000,False,False,False,0.985944,1.000000,0.971888,805,23
1.000000,0.000000,28.000000,1.000000,0.000000,0.000000,2.000000,0.000000,0.000000,0.000000,10.762443,1.000000,1.000000,1.000000,1.000000,0.000000,0.000000,0.024518,0.971139,0.975043,350.057423,1.015720,0.677147,1.000000,0.990923,320.729579,0.000000,False,False,False,0.988425,1.000000,0.976849,806,23
1.000000,0.000000,28.000000,1.000000,0.000000,0.000000,2.000000,0.000000,0.000000,0.000000,10.845172,1.000000,1.000000,1.000000,1.000000,0.000000,0.000000,0.015609,0.980878,0.985277,349.054741,1.019354,0.679570,1.000000,1.002681,319.592724,0.000000,False,False,False,0.985721,1.000000,0.971443,807,23
1.000000,0.000000,28.000000,1.000000,0.000000,0.000000,2.000000,0.000000,0.000000,0.000000,10.838404,1.000000,1.000000,1.000000,1.000000,0.000000,0.000000,0.024185,0.974015,0.973907,348.056434,1.022980,0.681987,1.000000,0.998308,318.453240,0.000000,False,False,False,0.992327,1.000000,0.984654,808,23
1.000000,0.000000,28.000000,1.000000,0.000000,0.000000,2.000000,0.000000,0.000000,0.000000,10.958885,1.000000,1.000000,1.000000,1.000000,0.000000,0.000000,0.024682,0.974139,0.974922,347.055426,1.026220,0.684147,1.000000,1.001007,317.317661,0.000000,False,False,False,0.988774,1.000000,0.977547,809,23
1.000000,0.000000,28.000000,1.000000,0.000000,0.000000,2.000000,0.000000,0.000000,0.000000,10.933393,1.000000,1.000000,1.000000,1.000000,0.000000,0.000000,0.014100,0.983892,0.987801,346.040461,1.028940,0.685960,1.000000,1.014965,316.175387,0.000000,False,False,False,0.993596,1.000000,0.987191,810,23
1.000000,0.000000,28.000000,1.000000,0.000000,0.000000,2.000000,0.000000,0.000000,0.000000,10.993180,1.000000,1.000000,1.000000,1.000000,0.000000,0.000000,0.014330,0.982189,0.986265,345.025158,1.031540,0.687693,1.000000,1.015304,315.031431,0.000000,False,False,False,0.994071,1.000000,0.988143,811,23
1.000000,0.000000,28.000000,1.000000,0.000000,0.000000,2.000000,0.000000,0.000000,0.000000,10.968681,1.000000,1.000000,1.000000,1.000000,0.000000,0.000000,0.015729,0.980800,0.983867,344.006878,1.034031,0.689354,1.000000,1.018280,313.887353,0.000000,False,False,False,0.994981,1.000000,0.989961,812,23
1.000000,0.000000,28.000000,1.000000,0.000000,0.000000,2.000000,0.000000,0.000000,0.000000,11.064843,1.000000,1.000000,1.000000,1.000000,0.000000,0.000000,0.022507,0.972621,0.977806,342.993960,1.036278,0.690852,1.000000,1.012918,312.745902,0.000000,False,False,False,0.992120,1.000000,0.984240,813,23
1.000000,0.000000,28.000000,1.000000,0.000000,0.000000,2.000000,0.000000,0.000000,0.000000,11.017758,1.000000,1.000000,1.000000,1.000000,0.000000,0.000000,0.016948,0.980016,0.983453,341.976749,1.038348,0.692232,1.000000,1.017210,311.602131,0.000000,False,False,False,0.993870,1.000000,0.987740,814,23
1.000000,0.000000,28.000000,1.000000,0.000000,0.000000,2.000000,0.000000,0.000000,0.000000,11.156499,1.000000,1.000000,1.000000,1.000000,0.000000,0.000000,0.015320,0.980099,0.985893,340.952807,1.040110,0.693406,1.000000,1.023942,310.457508,0.000000,False,False,False,0.988926,1.000000,0.977852,815,23
1.000000,0.000000,28.000000,1.000000,0.000000,0.000000,2.000000,0.000000,0.000000,0.000000,11.104403,1.000000,1.000000,1.000000,1.000000,0.000000,0.000000,0.023392,0.970002,0.979293,339.934884,1.042026,0.694684,1.000000,1.017923,309.312100,0.000000,False,False,False,0.993014,1.000000,0.986028,816,23
1.000000,0.000000,28.000000,1.000000,0.000000,0.000000,2.000000,0.000000,0.000000,0.000000,11.116617,1.000000,1.000000,1.000000,1.000000,0.000000,0.000000,0.028719,0.967379,0.972107,338.924858,1.043521,0.695681,1.000000,1.010027,308.174052,0.000000,False,False,False,0.982398,1.000000,0.964796,817,23
1.000000,0.000000,28.000000,1.000000,0.000000,0.000000,2.000000,0.000000,0.000000,0.000000,11.165460,1.000000,1.000000,1.000000,1.000000,0.000000,0.000000,0.027061,0.965406,0.973365,337.911118,1.044953,0.696636,1.000000,1.013740,307.034198,0.000000,False,False,False,0.984334,1.000000,0.968668,818,23
1.000000,0.000000,28.000000,1.000000,0.000000,0.000000,2.000000,0.000000,0.000000,0.000000,11.256898,1.000000,1.000000,1.000000,1.000000,0.000000,0.000000,0.021940,0.973922,0.976157,336.888046,1.046255,0.697503,1.000000,1.023071,305.895166,0.000000,False,False,False,0.982578,1.000000,0.965156,819,23
1.000000,0.000000,28.000000,1.000000,0.000000,0.000000,2.000000,0.000000,0.000000,0.000000,11.245923,1.000000,1.000000,1.000000,1.000000,0.000000,0.000000,0.022216,0.971641,0.977860,335.864174,1.047432,0.698288,1.000000,1.023873,304.755398,0.000000,False,False,False,0.981803,1.000000,0.963605,820,23
1.000000,0.000000,28.000000,1.000000,0.000000,0.000000,2.000000,0.000000,0.000000,0.000000,11.374709,1.000000,1.000000,1.000000,1.000000,0.000000,0.000000,0.024080,0.974657,0.976969,334.843406,1.048788,0.699192,1.000000,1.020768,303.612486,0.000000,False,False,False,0.989926,1.000000,0.979853,821,23
0.000000,0.000000,28.000000,2.000000,0.000000,0.000000,2.000000,0.000000,0.000000,0.000000,11.320300,1.000000,1.000000,1.000000,0.000000,0.000000,1.000000,0.027444,0.972580,0.975920,333.876748,0.992545,0.661697,1.000000,0.966658,303.248975,0.000000,False,False,False,,,,822,"23,28"
0.000000,0.000000,28.000000,2.000000,0.000000,0.000000,2.000000,0.000000,0.000000,0.000000,11.380042,1.000000,1.000000,1.000000,0.000000,0.000000,1.000000,0.025477,0.973753,0.976701,332.939192,0.958338,0.638892,1.000000,0.937556,302.938565,0.000000,False,False,False,,,,823,"23,28"
0.000000,0.000000,28.000000,2.000000,0.000000,0.000000,2.000000,0.000000,0.000000,0.000000,11.384201,1.000000,1.000000,1.000000,0.000000,0.000000,1.000000,0.026426,0.972054,0.977305,332.031049,0.929983,0.619989,1.000000,0.908143,302.605677,0.000000,False,False,False,,,,824,"23,28"
0.000000,0.000000,28.000000,2.000000,0.000000,0.000000,2.000000,0.000000,0.000000,0.000000,11.102670,1.000000,1.000000,1.000000,0.000000,0.000000,1.000000,0.041297,0.961738,0.967755,331.163142,0.900901,0.600600,1.000000,0.867908,302.335525,0.000000,False,False,False,,,,825,"23,28"
0.000000,0.000000,28.000000,2.000000,0.000000,0.000000,2.000000,0.000000,0.000000,0.000000,10.756220,1.000000,1.000000,1.000000,0.000000,0.000000,1.000000,0.056997,0.942224,0.948949,330.332623,0.873180,0.582120,1.000000,0.830518,302.122973,0.000000,False,False,False,,,,826,"23,28"
0.000000,0.000000,28.000000,2.000000,0.000000,0.000000,2.000000,0.000000,0.000000,0.000000,10.456851,1.000000,1.000000,1.000000,0.000000,0.000000,1.000000,0.050751,0.945669,0.955024,329.521836,0.844158,0.562772,1.000000,0.810787,301.945463,0.000000,False,False,False,,,,827,"23,28"
0.000000,0.000000,28.000000,2.000000,0.000000,0.000000,2.000000,0.000000,0.000000,0.000000,10.158274,1.000000,1.000000,1.000000,0.000000,0.000000,1.000000,0.065821,0.925011,0.943176,328.745859,0.818369,0.545579,1.000000,0.775977,301.827139,0.000000,False,False,False,,,,828,"23,28"
0.000000,0.000000,28.000000,2.000000,0.000000,0.000000,2.000000,0.000000,0.000000,0.000000,9.862417,1.000000,1.000000,1.000000,0.000000,0.000000,1.000000,0.080035,0.917506,0.944090,327.995423,0.794763,0.529842,1.000000,0.750436,301.756748,0.000000,False,False,False,,,,829,"23,28"
0.000000,0.000000,28.000000,2.000000,0.000000,0.000000,2.000000,0.000000,0.000000,0.000000,9.574622,1.000000,1.000000,1.000000,0.000000,0.000000,1.000000,0.089225,0.896005,0.932229,327.274383,0.773792,0.515862,1.000000,0.721040,301.729438,0.000000,False,False,False,,,,830,"23,28"
0.000000,0.000000,28.000000,2.000000,0.000000,0.000000,2.000000,0.000000,0.000000,0.000000,9.319042,1.000000,1.000000,1.000000,0.000000,0.000000,1.000000,0.093683,0.890364,0.928552,326.573447,0.753353,0.502236,1.000000,0.700937,301.732357,0.000000,False,False,False,,,,831,"23,28"
0.000000,0.000000,28.000000,2.000000,0.000000,0.000000,2.000000,0.000000,0.000000,0.000000,9.120391,1.000000,1.000000,1.000000,0.000000,0.000000,1.000000,0.100093,0.884036,0.924888,325.891343,0.732804,0.488536,1.000000,0.682104,301.759098,0.000000,False,False,False,,,,832,"23,28"
0.000000,0.000000,28.000000,2.000000,0.000000,0.000000,2.000000,0.000000,0.000000,0.000000,8.998690,1.000000,1.000000,1.000000,0.000000,0.000000,1.000000,0.098567,0.881547,0.925341,325.224188,0.714434,0.476290,1.000000,0.667155,301.810805,0.000000,False,False,False,,,,833,"23,28"
0.000000,0.000000,28.000000,2.000000,0.000000,0.000000,2.000000,0.000000,0.000000,0.000000,8.951043,1.000000,1.000000,1.000000,0.000000,0.000000,1.000000,0.109053,0.871736,0.914525,324.577763,0.697082,0.464722,1.000000,0.646425,301.878187,0.000000,False,False,False,,,,834,"23,28"
0.000000,0.000000,28.000000,2.000000,0.000000,0.000000,2.000000,0.000000,0.000000,0.000000,8.968547,1.000000,1.000000,1.000000,0.000000,0.000000,1.000000,0.106110,0.881236,0.914038,323.938106,0.681134,0.454089,1.000000,0.639657,301.965419,0.000000,False,False,False,,,,835,"23,28"
0.000000,0.000000,28.000000,2.000000,0.000000,0.000000,2.000000,0.000000,0.000000,0.000000,9.086592,1.000000,1.000000,1.000000,0.000000,0.000000,1.000000,0.111567,0.872222,0.913030,323.316227,0.664933,0.443289,1.000000,0.621878,302.066177,0.000000,False,False,False,,,,836,"23,28"
0.000000,0.000000,28.000000,2.000000,0.000000,0.000000,2.000000,0.000000,0.000000,0.000000,9.239458,1.000000,1.000000,1.000000,0.000000,0.000000,1.000000,0.119069,0.857964,0.904530,322.715206,0.651826,0.434551,1.000000,0.601021,302.197305,0.000000,False,False,False,,,,837,"23,28"
0.000000,0.000000,28.000000,2.000000,0.000000,0.000000,2.000000,0.000000,0.000000,0.000000,9.450664,1.000000,1.000000,1.000000,0.000000,0.000000,1.000000,0.123354,0.859778,0.894109,322.125982,0.638703,0.425802,1.000000,0.589225,302.332528,0.000000,False,False,False,,,,838,"23,28"
0.000000,0.000000,28.000000,2.000000,0.000000,0.000000,2.000000,0.000000,0.000000,0.000000,8.965599,1.000000,1.000000,1.000000,0.000000,0.000000,1.000000,0.140657,0.849530,0.885473,321.552324,0.624411,0.416274,1.000000,0.573657,302.471738,0.000000,False,False,False,,,,839,"23,28"
0.000000,0.000000,28.000000,2.000000,0.000000,0.000000,2.000000,0.000000,0.000000,0.000000,8.312383,1.000000,1.000000,1.000000,0.000000,0.000000,1.000000,0.131882,0.848820,0.884611,320.989563,0.612814,0.408543,1.000000,0.562761,302.632931,0.000000,False,False,False,,,,840,"23,28"
0.000000,0.000000,28.000000,2.000000,0.000000,0.000000,2.000000,0.000000,1.000000,0.000000,7.715315,1.000000,1.000000,1.000000,0.000000,0.000000,1.000000,0.135201,0.846214,0.878117,320.438887,0.600212,0.400141,1.000000,0.550676,302.795754,0.000000,False,False,False,,,,841,"23,28"
0.000000,0.000000,28.000000,2.000000,0.000000,0.000000,2.000000,0.000000,0.000000,0.000000,8.715029,1.000000,1.000000,1.000000,0.000000,0.000000,1.000000,0.165527,0.813872,0.818998,319.934368,0.591611,0.394407,0.966667,0.504519,302.795754,0.000000,False,False,False,,,,842,"23,28"
0.000000,0.000000,28.000000,2.000000,0.000000,0.000000,2.000000,0.000000,0.000000,0.000000,8.146359,1.000000,1.000000,1.000000,0.000000,0.000000,1.000000,0.135501,0.848251,0.875956,319.404828,0.584201,0.389467,1.000000,0.529539,302.971502,0.000000,False,False,False,,,,843,"23,28"
0.000000,0.000000,28.000000,2.000000,0.000000,0.000000,2.000000,0.000000,1.000000,0.000000,7.082303,1.000000,1.000000,1.000000,0.000000,0.000000,1.000000,0.095796,0.889541,0.890700,318.879631,0.599173,0.399449,1.000000,0.525198,303.746786,0.000000,False,False,False,,,,844,"23,28"
0.000000,0.000000,28.000000,2.000000,0.000000,0.000000,2.000000,0.000000,0.000000,0.000000,8.081791,1.000000,1.000000,1.000000,0.000000,0.000000,1.000000,0.160602,0.824928,0.798326,318.364029,0.603584,0.402390,0.966667,0.515601,303.746786,0.000000,False,False,False,,,,845,"23,28"
0.000000,0.000000,28.000000,2.000000,0.000000,0.000000,2.000000,0.000000,1.000000,0.000000,7.106175,1.000000,1.000000,1.000000,0.000000,0.000000,1.000000,0.097588,0.889025,0.877188,317.824758,0.615490,0.410326,1.000000,0.539271,304.522198,0.000000,False,False,False,,,,846,"23,28"
0.000000,0.000000,28.000000,2.000000,0.000000,0.000000,2.000000,0.000000,0.000000,0.000000,8.050580,1.000000,1.000000,1.000000,0.000000,0.000000,1.000000,0.149070,0.845369,0.804322,317.282844,0.617765,0.411843,0.966667,0.541914,304.522198,0.000000,False,False,False,,,,847,"23,28"
0.000000,0.000000,28.000000,2.000000,0.000000,0.000000,2.000000,0.000000,1.000000,0.000000,7.083137,1.000000,1.000000,1.000000,0.000000,0.000000,1.000000,0.089300,0.903073,0.889122,316.722344,0.629713,0.419808,1.000000,0.560500,305.297737,0.000000,False,False,False,,,,848,"23,28"
0.000000,0.000000,28.000000,2.000000,0.000000,0.000000,2.000000,0.000000,1.000000,0.000000,7.871027,1.000000,1.000000,1.000000,0.000000,0.000000,1.000000,0.115450,0.876721,0.843103,316.141092,0.629987,0.419992,0.966667,0.581252,305.297737,0.000000,False,False,False,,,,849,"23,28"
0.000000,0.000000,28.000000,2.000000,0.000000,0.000000,2.000000,0.000000,1.000000,0.000000,7.834886,1.000000,1.000000,1.000000,0.000000,0.000000,1.000000,0.109985,0.883403,0.857894,315.554059,0.625508,0.417005,0.966667,0.587033,305.297737,0.000000,False,False,False,,,,850,"23,28"
0.000000,0.000000,28.000000,2.000000,0.000000,0.000000,2.000000,0.000000,1.000000,0.000000,7.777749,1.000000,1.000000,1.000000,0.000000,0.000000,1.000000,0.136021,0.858523,0.823960,315.009824,0.661371,0.440914,1.000000,0.544236,306.073401,0.000000,False,False,False,,,,851,"23,28"
0.000000,0.000000,28.000000,2.000000,0.000000,0.000000,2.000000,0.000000,0.000000,0.000000,8.295149,1.000000,1.000000,1.000000,0.000000,0.000000,1.000000,0.104454,0.887971,0.860196,314.376374,0.666914,0.444610,0.966667,0.633449,306.073401,0.000000,False,False,False,,,,852,"23,28"
0.000000,0.000000,28.000000,2.000000,0.000000,0.000000,2.000000,0.000000,0.000000,0.000000,8.044210,1.000000,1.000000,1.000000,0.000000,0.000000,1.000000,0.092281,0.902113,0.877808,313.776305,0.671890,0.447927,1.000000,0.600070,306.849191,0.000000,False,False,False,,,,853,"23,28"
0.000000,0.000000,28.000000,2.000000,0.000000,0.000000,2.000000,0.000000,2.000000,0.000000,7.044301,1.000000,1.000000,1.000000,0.000000,0.000000,1.000000,0.086849,0.908015,0.883858,313.158739,0.684602,0.456401,1.000000,0.617566,307.625105,0.000000,False,False,False,,,,854,"23,28"
0.000000,0.000000,28.000000,2.000000,0.000000,0.000000,2.000000,0.000000,0.000000,0.000000,8.042946,1.000000,1.000000,1.000000,0.000000,0.000000,1.000000,0.166729,0.823777,0.784554,312.563915,0.689012,0.459341,0.966667,0.594824,307.625105,0.000000,False,False,False,,,,855,"23,28"
0.000000,0.000000,28.000000,2.000000,0.000000,0.000000,2.000000,0.000000,1.000000,0.000000,6.628297,1.000000,1.000000,1.000000,0.000000,0.000000,1.000000,0.097594,0.893306,0.870110,311.946061,0.694274,0.462849,1.000000,0.617854,308.401141,0.000000,False,False,False,,,,856,"23,28"
0.000000,0.000000,28.000000,2.000000,0.000000,0.000000,2.000000,0.000000,1.000000,0.000000,7.624530,1.000000,1.000000,1.000000,0.000000,0.000000,1.000000,0.153203,0.833088,0.798779,311.342401,0.687950,0.458633,0.966667,0.603659,308.401141,0.000000,False,False,False,,,,857,"23,28"
0.000000,0.000000,28.000000,2.000000,0.000000,0.000000,2.000000,0.000000,0.000000,0.000000,8.190537,1.000000,1.000000,1.000000,0.000000,0.000000,1.000000,0.154308,0.835382,0.796392,310.756615,0.670057,0.446704,0.966667,0.585787,308.401141,0.000000,False,False,False,,,,858,"23,28"
0.000000,0.000000,28.000000,2.000000,0.000000,0.000000,2.000000,0.000000,1.000000,0.000000,7.244223,1.000000,1.000000,1.000000,0.000000,0.000000,1.000000,0.088550,0.898153,0.875259,310.157092,0.670850,0.447234,1.000000,0.599523,309.177300,0.000000,False,False,False,,,,859,"23,28"
0.000000,0.000000,28.000000,2.000000,0.000000,0.000000,2.000000,0.000000,0.000000,0.000000,8.241651,1.000000,1.000000,1.000000,0.000000,0.000000,1.000000,0.150822,0.840290,0.796317,309.569943,0.667863,0.445242,0.966667,0.587149,309.177300,0.000000,False,False,False,,,,860,"23,28"
0.000000,0.000000,28.000000,2.000000,0.000000,0.000000,2.000000,0.000000,1.000000,0.000000,6.877850,1.000000,1.000000,1.000000,0.000000,0.000000,1.000000,0.089489,0.899104,0.879321,308.973983,0.666717,0.444478,1.000000,0.595960,309.953581,0.000000,False,False,False,,,,861,"23,28"
0.000000,0.000000,28.000000,2.000000,0.000000,0.000000,2.000000,0.000000,2.000000,0.000000,7.341723,1.000000,1.000000,1.000000,0.000000,0.000000,1.000000,0.148250,0.845847,0.811892,308.385825,0.663908,0.442605,0.966667,0.588158,309.953581,0.000000,False,False,False,,,,862,"23,28"
0.000000,0.000000,28.000000,2.000000,0.000000,0.000000,2.000000,0.000000,1.000000,0.000000,6.805449,1.000000,1.000000,1.000000,0.000000,0.000000,1.000000,0.147393,0.846165,0.832780,307.797978,0.662842,0.441895,0.966667,0.587847,309.953581,0.000000,False,False,False,,,,863,"23,28"
0.000000,0.000000,28.000000,2.000000,0.000000,0.000000,2.000000,0.000000,2.000000,0.000000,7.637877,1.000000,1.000000,1.000000,0.000000,0.000000,1.000000,0.138516,0.852064,0.831098,307.212866,0.651819,0.434546,0.966667,0.585112,309.953581,0.000000,False,False,False,,,,864,"23,28"
0.000000,0.000000,28.000000,2.000000,0.000000,0.000000,2.000000,0.000000,1.000000,0.000000,6.837427,1.000000,1.000000,1.000000,0.000000,0.000000,1.000000,0.150187,0.841572,0.834535,306.635544,0.653336,0.435557,0.966667,0.577322,309.953581,0.000000,False,False,False,,,,865,"23,28"
0.000000,0.000000,28.000000,2.000000,0.000000,0.000000,2.000000,0.000000,1.000000,0.000000,7.798627,1.000000,1.000000,1.000000,0.000000,0.000000,1.000000,0.142198,0.851164,0.833814,306.062122,0.644514,0.429676,0.966667,0.573422,309.953581,0.000000,False,False,False,,,,866,"23,28"
0.000000,0.000000,28.000000,2.000000,0.000000,0.000000,2.000000,0.000000,2.000000,0.000000,7.725883,1.000000,1.000000,1.000000,0.000000,0.000000,1.000000,0.101578,0.887476,0.885838,305.452767,0.638968,0.425979,0.966667,0.609356,309.953581,0.000000,False,False,False,,,,867,"23,28"
0.000000,0.000000,28.000000,2.000000,0.000000,0.000000,2.000000,0.000000,1.000000,0.000000,7.768409,1.000000,1.000000,1.000000,0.000000,0.000000,1.000000,0.156238,0.832178,0.833488,304.895379,0.645197,0.430132,0.966667,0.557388,309.953581,0.000000,False,False,False,,,,868,"23,28"
0.000000,0.000000,28.000000,2.000000,0.000000,0.000000,2.000000,0.000000,1.000000,0.000000,7.889585,1.000000,1.000000,1.000000,0.000000,0.000000,1.000000,0.133698,0.857087,0.851488,304.318763,0.637751,0.425167,0.966667,0.576616,309.953581,0.000000,False,False,False,,,,869,"23,28"
0.000000,0.000000,28.000000,2.000000,0.000000,0.000000,2.000000,0.000000,0.000000,0.000000,8.408283,1.000000,1.000000,1.000000,0.000000,0.000000,1.000000,0.160516,0.826750,0.832782,303.796005,0.668707,0.445805,1.000000,0.522757,310.729981,0.000000,False,False,False,,,,870,"23,28"
0.000000,0.000000,28.000000,2.000000,0.000000,0.000000,2.000000,0.000000,1.000000,0.000000,6.938953,1.000000,1.000000,1.000000,0.000000,0.000000,1.000000,0.090630,0.902914,0.894848,303.190653,0.676705,0.451136,1.000000,0.605352,311.506501,0.000000,False,False,False,,,,871,"23,28"
0.000000,0.000000,28.000000,2.000000,0.000000,0.000000,2.000000,0.000000,1.000000,0.000000,6.938953,1.000000,1.000000,1.000000,0.000000,0.000000,1.000000,0.084321,0.910826,0.895980,302.569869,0.633547,0.422365,0.933333,0.620784,311.506501,0.000000,False,False,False,,,,872,"23,28"
0.000000,0.000000,28.000000,2.000000,0.000000,0.000000,2.000000,0.000000,1.000000,0.000000,6.938953,1.000000,1.000000,1.000000,0.000000,0.000000,1.000000,0.091188,0.900510,0.889680,302.001897,0.584533,0.389688,0.933333,0.567973,311.506501,0.000000,False,False,False,,,,873,"23,28"
0.000000,0.000000,28.000000,2.000000,0.000000,0.000000,2.000000,0.000000,1.000000,0.000000,6.938953,1.000000,1.000000,1.000000,0.000000,0.000000,1.000000,0.081122,0.914452,0.898540,301.473760,0.536543,0.357696,0.933333,0.528136,311.506501,0.000000,False,False,False,,,,874,"23,28"
0.000000,0.000000,29.000000,1.000000,0.000000,0.000000,1.000000,0.000000,2.000000,0.000000,7.916825,1.000000,1.000000,1.000000,1.000000,0.000000,0.000000,0.016757,0.975471,0.985150,300.956796,0.525596,0.350397,0.966667,0.516964,318.246675,0.000000,False,False,False,,,,875,28
0.000000,0.000000,29.000000,1.000000,0.000000,0.000000,1.000000,0.000000,1.000000,0.000000,7.741317,1.000000,1.000000,1.000000,1.000000,0.000000,0.000000,0.080597,0.911095,0.913625,300.471959,0.559255,0.372836,0.966667,0.484837,318.246675,0.000000,False,False,False,,,,876,28
0.000000,0.000000,29.000000,1.000000,0.000000,0.000000,1.000000,0.000000,0.000000,0.000000,8.717692,1.000000,1.000000,1.000000,1.000000,0.000000,0.000000,0.087885,0.902715,0.918266,299.952238,0.600910,0.400607,1.000000,0.519722,317.505806,0.000000,False,False,False,0.926086,1.000000,0.852171,877,28
0.000000,0.000000,29.000000,1.000000,0.000000,0.000000,1.000000,0.000000,0.000000,0.000000,8.602699,1.000000,1.000000,1.000000,1.000000,0.000000,0.000000,0.011483,0.982159,0.989388,299.353303,0.606277,0.404184,1.000000,0.598935,316.767441,0.000000,False,False,False,0.922956,1.000000,0.845912,878,28
0.000000,0.000000,29.000000,1.000000,0.000000,0.000000,1.000000,0.000000,0.000000,0.000000,8.433859,1.000000,1.000000,1.000000,1.000000,0.000000,0.000000,0.025886,0.965938,0.973029,298.755595,0.613726,0.409151,1.000000,0.597708,315.973638,0.000000,False,False,False,0.992254,1.000000,0.984509,879,28
0.000000,0.000000,29.000000,1.000000,0.000000,0.000000,1.000000,0.000000,0.000000,0.000000,8.267297,1.000000,1.000000,1.000000,1.000000,0.000000,0.000000,0.009558,0.985850,0.990503,298.142125,0.620015,0.413343,1.000000,0.613470,315.183430,0.000000,False,False,False,0.987760,1.000000,0.975519,880,28
0.000000,0.000000,29.000000,1.000000,0.000000,0.000000,1.000000,0.000000,0.000000,0.000000,8.107325,1.000000,1.000000,1.000000,1.000000,0.000000,0.000000,0.014990,0.981796,0.983150,297.524975,0.626631,0.417754,1.000000,0.617150,314.388899,0.000000,False,False,False,0.993164,1.000000,0.986327,881,28
0.000000,0.000000,29.000000,1.000000,0.000000,0.000000,1.000000,0.000000,1.000000,0.000000,7.950778,1.000000,1.000000,1.000000,1.000000,0.000000,0.000000,0.008831,0.987695,0.991902,296.897601,0.633027,0.422018,1.000000,0.627373,313.596305,0.000000,False,False,False,0.990743,1.000000,0.981485,882,28
0.000000,0.000000,29.000000,1.000000,0.000000,0.000000,1.000000,0.000000,0.000000,0.000000,8.918234,1.000000,1.000000,1.000000,1.000000,0.000000,0.000000,0.021226,0.971359,0.977634,296.286235,0.624768,0.416512,0.966667,0.611366,313.596305,0.000000,False,False,False,,,,883,28
0.000000,0.000000,29.000000,1.000000,0.000000,0.000000,1.000000,0.000000,0.000000,0.000000,8.771355,1.000000,1.000000,1.000000,1.000000,0.000000,0.000000,0.018896,0.978494,0.978864,295.665566,0.633007,0.422005,1.000000,0.620670,312.801679,0.000000,False,False,False,0.993283,1.000000,0.986566,884,28
0.000000,0.000000,29.000000,1.000000,0.000000,0.000000,1.000000,0.000000,0.000000,0.000000,8.615879,1.000000,1.000000,1.000000,1.000000,0.000000,0.000000,0.007536,0.989609,0.992844,295.031767,0.638612,0.425741,1.000000,0.633799,312.011548,0.000000,False,False,False,0.987664,1.000000,0.975328,885,28
0.000000,0.000000,29.000000,1.000000,0.000000,0.000000,1.000000,0.000000,0.000000,0.000000,8.461567,1.000000,1.000000,1.000000,1.000000,0.000000,0.000000,0.010701,0.986160,0.989371,294.393925,0.644564,0.429710,1.000000,0.637842,311.214686,0.000000,False,False,False,0.996077,1.000000,0.992154,886,28
0.000000,0.000000,29.000000,1.000000,0.000000,0.000000,1.000000,0.000000,0.000000,0.000000,8.315236,1.000000,1.000000,1.000000,1.000000,0.000000,0.000000,0.020084,0.978565,0.977023,293.756868,0.650329,0.433553,1.000000,0.637057,310.420116,0.000000,False,False,False,0.993213,1.000000,0.986426,887,28
0.000000,0.000000,29.000000,1.000000,0.000000,0.000000,1.000000,0.000000,0.000000,0.000000,8.180215,1.000000,1.000000,1.000000,1.000000,0.000000,0.000000,0.010498,0.984852,0.988800,293.107801,0.655790,0.437193,1.000000,0.649067,309.629854,0.000000,False,False,False,0.987827,1.000000,0.975654,888,28
0.000000,0.000000,29.000000,1.000000,0.000000,0.000000,1.000000,0.000000,0.000000,0.000000,8.044187,1.000000,1.000000,1.000000,1.000000,0.000000,0.000000,0.012950,0.983456,0.987531,292.455250,0.661216,0.440810,1.000000,0.652550,308.834521,0.000000,False,False,False,0.994166,1.000000,0.988332,889,28
0.000000,0.000000,29.000000,1.000000,0.000000,0.000000,1.000000,0.000000,1.000000,0.000000,7.908660,1.000000,1.000000,1.000000,1.000000,0.000000,0.000000,0.009324,0.986822,0.990549,291.795033,0.666471,0.444314,1.000000,0.660217,308.039309,0.000000,False,False,False,0.994015,1.000000,0.988031,890,28
0.000000,0.000000,29.000000,1.000000,0.000000,0.000000,1.000000,0.000000,0.000000,0.000000,8.901208,1.000000,1.000000,1.000000,1.000000,0.000000,0.000000,0.012650,0.984869,0.986220,291.147687,0.655920,0.437280,0.966667,0.647346,308.039309,0.000000,False,False,False,,,,891,28
0.000000,0.000000,29.000000,1.000000,0.000000,0.000000,1.000000,0.000000,0.000000,0.000000,8.750165,1.000000,1.000000,1.000000,1.000000,0.000000,0.000000,0.009153,0.986803,0.990778,290.492162,0.661486,0.440991,1.000000,0.655525,307.245140,0.000000,False,False,False,0.992712,1.000000,0.985423,892,28
0.000000,0.000000,29.000000,1.000000,0.000000,0.000000,1.000000,0.000000,0.000000,0.000000,8.608749,1.000000,1.000000,1.000000,1.000000,0.000000,0.000000,0.009588,0.987016,0.989914,289.832734,0.665800,0.443867,1.000000,0.659428,306.448766,0.000000,False,False,False,0.995468,1.000000,0.990935,893,28
0.000000,0.000000,29.000000,1.000000,0.000000,0.000000,1.000000,0.000000,0.000000,0.000000,8.472790,1.000000,1.000000,1.000000,1.000000,0.000000,0.000000,0.010234,0.988443,0.989916,289.168865,0.670668,0.447112,1.000000,0.663869,305.653556,0.000000,False,False,False,0.994012,1.000000,0.988025,894,28
0.000000,0.000000,29.000000,1.000000,0.000000,0.000000,1.000000,0.000000,0.000000,0.000000,8.350869,1.000000,1.000000,1.000000,1.000000,0.000000,0.000000,0.029090,0.966616,0.971040,288.512742,0.675423,0.450282,1.000000,0.656123,304.858841,0.000000,False,False,False,0.993394,1.000000,0.986788,895,28
0.000000,0.000000,29.000000,1.000000,0.000000,0.000000,1.000000,0.000000,0.000000,0.000000,8.227178,1.000000,1.000000,1.000000,1.000000,0.000000,0.000000,0.009522,0.989126,0.990143,287.839331,0.680119,0.453413,1.000000,0.673411,304.063350,0.000000,False,False,False,0.994363,1.000000,0.988726,896,28
0.000000,0.000000,29.000000,1.000000,0.000000,0.000000,1.000000,0.000000,0.000000,0.000000,8.114916,1.000000,1.000000,1.000000,1.000000,0.000000,0.000000,0.012925,0.982297,0.987105,287.163331,0.684572,0.456381,1.000000,0.676000,303.268635,0.000000,False,False,False,0.993394,1.000000,0.986787,897,28
0.000000,0.000000,29.000000,1.000000,0.000000,0.000000,1.000000,0.000000,0.000000,0.000000,8.007128,1.000000,1.000000,1.000000,1.000000,0.000000,0.000000,0.013566,0.983801,0.985396,286.484283,0.688870,0.459247,1.000000,0.679048,302.475044,0.000000,False,False,False,0.991989,1.000000,0.983978,898,28
0.000000,0.000000,29.000000,1.000000,0.000000,0.000000,1.000000,0.000000,1.000000,0.000000,7.897028,1.000000,1.000000,1.000000,1.000000,0.000000,0.000000,0.008981,0.989747,0.990693,285.797697,0.692952,0.461968,1.000000,0.686586,301.682681,0.000000,False,False,False,0.990454,1.000000,0.980908,899,28
0.000000,0.000000,29.000000,1.000000,0.000000,0.000000,1.000000,0.000000,0.000000,0.000000,8.893939,1.000000,1.000000,1.000000,1.000000,0.000000,0.000000,0.010373,0.984843,0.991224,285.124470,0.680542,0.453694,0.966667,0.673227,301.682681,0.000000,False,False,False,,,,900,28
0.000000,0.000000,29.000000,1.000000,0.000000,0.000000,1.000000,0.000000,0.000000,0.000000,8.767128,1.000000,1.000000,1.000000,1.000000,0.000000,0.000000,0.010902,0.984832,0.988709,284.446865,0.684957,0.456638,1.000000,0.677605,300.885061,0.000000,False,False,False,0.997025,1.000000,0.994050,901,28
0.000000,0.000000,29.000000,1.000000,0.000000,0.000000,1.000000,0.000000,0.000000,0.000000,8.648454,1.000000,1.000000,1.000000,1.000000,0.000000,0.000000,0.007756,0.990511,0.993217,283.764132,0.688316,0.458877,1.000000,0.682732,300.090711,0.000000,False,False,False,0.992937,1.000000,0.985874,902,28
0.000000,0.000000,29.000000,1.000000,0.000000,0.000000,1.000000,0.000000,0.000000,0.000000,8.538103,1.000000,1.000000,1.000000,1.000000,0.000000,0.000000,0.005815,0.990845,0.994788,283.075539,0.692391,0.461594,1.000000,0.688593,299.293569,0.000000,False,False,False,0.996428,1.000000,0.992856,903,28
0.000000,0.000000,29.000000,1.000000,0.000000,0.000000,1.000000,0.000000,0.000000,0.000000,8.433103,1.000000,1.000000,1.000000,1.000000,0.000000,0.000000,0.011631,0.984458,0.988315,282.387442,0.696452,0.464301,1.000000,0.688097,298.495640,0.000000,False,False,False,0.997411,1.000000,0.994822,904,28
0.000000,0.000000,29.000000,1.000000,0.000000,0.000000,1.000000,0.000000,0.000000,0.000000,8.330967,1.000000,1.000000,1.000000,1.000000,0.000000,0.000000,0.008707,0.988702,0.992514,281.693745,0.700418,0.466946,1.000000,0.693697,297.697520,0.000000,False,False,False,0.997651,1.000000,0.995301,905,28
0.000000,0.000000,29.000000,1.000000,0.000000,0.000000,1.000000,0.000000,0.000000,0.000000,8.236321,1.000000,1.000000,1.000000,1.000000,0.000000,0.000000,0.008080,0.988803,0.992901,280.995007,0.704217,0.469478,1.000000,0.698738,296.900726,0.000000,False,False,False,0.995992,1.000000,0.991985,906,28
0.000000,0.000000,29.000000,1.000000,0.000000,0.000000,1.000000,0.000000,0.000000,0.000000,8.145567,1.000000,1.000000,1.000000,1.000000,0.000000,0.000000,0.004294,0.990826,0.996502,280.290253,0.707851,0.471901,1.000000,0.704755,296.104637,0.000000,False,False,False,0.995111,1.000000,0.990222,907,28
0.000000,0.000000,29.000000,1.000000,0.000000,0.000000,1.000000,0.000000,0.000000,0.000000,8.054553,1.000000,1.000000,1.000000,1.000000,0.000000,0.000000,0.008234,0.989206,0.992716,279.585354,0.711442,0.474295,1.000000,0.704898,295.305487,0.000000,False,False,False,0.998937,1.000000,0.997874,908,28
0.000000,0.000000,29.000000,1.000000,0.000000,0.000000,1.000000,0.000000,1.000000,0.000000,7.971078,1.000000,1.000000,1.000000,1.000000,0.000000,0.000000,0.004927,0.992895,0.995731,278.874050,0.714815,0.476544,1.000000,0.711305,294.508884,0.000000,False,False,False,0.995754,1.000000,0.991509,909,28
0.000000,0.000000,29.000000,1.000000,0.000000,0.000000,1.000000,0.000000,0.000000,0.000000,8.969825,1.000000,1.000000,1.000000,1.000000,0.000000,0.000000,0.008903,0.984025,0.993574,278.179395,0.700885,0.467257,0.966667,0.694655,294.508884,0.000000,False,False,False,,,,910,28
0.000000,0.000000,29.000000,1.000000,0.000000,0.000000,1.000000,0.000000,0.000000,0.000000,8.861481,1.000000,1.000000,1.000000,1.000000,0.000000,0.000000,0.016634,0.978934,0.982239,277.487392,0.704388,0.469592,1.000000,0.692003,293.709753,0.000000,False,False,False,0.998914,1.000000,0.997827,911,28
0.000000,0.000000,29.000000,1.000000,0.000000,0.000000,1.000000,0.000000,0.000000,0.000000,8.759503,1.000000,1.000000,1.000000,1.000000,0.000000,0.000000,0.011283,0.986626,0.988518,276.788855,0.706959,0.471306,1.000000,0.698537,292.913793,0.000000,False,False,False,0.994950,1.000000,0.989899,912,28
0.000000,0.000000,29.000000,1.000000,0.000000,0.000000,1.000000,0.000000,0.000000,0.000000,8.669769,1.000000,1.000000,1.000000,1.000000,0.000000,0.000000,0.006647,0.988355,0.994098,276.083352,0.710243,0.473495,1.000000,0.705503,292.118285,0.000000,False,False,False,0.994385,1.000000,0.988771,913,28
0.000000,0.000000,29.000000,1.000000,0.000000,0.000000,1.000000,0.000000,0.000000,0.000000,8.580762,1.000000,1.000000,1.000000,1.000000,0.000000,0.000000,0.007386,0.991596,0.993231,275.375486,0.713615,0.475743,1.000000,0.707866,291.320381,0.000000,False,False,False,0.997380,1.000000,0.994760,914,28
0.000000,0.000000,29.000000,1.000000,0.000000,0.000000,1.000000,0.000000,0.000000,0.000000,8.497965,1.000000,1.000000,1.000000,1.000000,0.000000,0.000000,0.016716,0.982667,0.984688,274.670354,0.716877,0.477918,1.000000,0.705132,290.523535,0.000000,False,False,False,0.996057,1.000000,0.992114,915,28
0.000000,0.000000,29.000000,1.000000,0.000000,0.000000,1.000000,0.000000,0.000000,0.000000,8.417899,1.000000,1.000000,1.000000,1.000000,0.000000,0.000000,0.011868,0.982344,0.986781,273.958561,0.720048,0.480032,1.000000,0.711793,289.726090,0.000000,False,False,False,0.996806,1.000000,0.993613,916,28
0.000000,0.000000,29.000000,1.000000,0.000000,0.000000,1.000000,0.000000,0.000000,0.000000,8.344609,1.000000,1.000000,1.000000,1.000000,0.000000,0.000000,0.015155,0.977920,0.983985,273.246737,0.722994,0.481996,1.000000,0.711824,288.931883,0.000000,False,False,False,0.992759,1.000000,0.985519,917,28
0.000000,0.000000,29.000000,1.000000,0.000000,0.000000,1.000000,0.000000,0.000000,0.000000,8.276911,1.000000,1.000000,1.000000,1.000000,0.000000,0.000000,0.005278,0.990956,0.995575,272.525211,0.725697,0.483798,1.000000,0.721526,288.141259,0.000000,False,False,False,0.988280,1.000000,0.976560,918,28
0.000000,0.000000,29.000000,1.000000,0.000000,0.000000,1.000000,0.000000,0.000000,0.000000,8.204082,1.000000,1.000000,1.000000,1.000000,0.000000,0.000000,0.005571,0.989815,0.995373,271.800755,0.728537,0.485692,1.000000,0.724456,287.342821,0.000000,False,False,False,0.998047,1.000000,0.996094,919,28
0.000000,0.000000,29.000000,1.000000,0.000000,0.000000,1.000000,0.000000,0.000000,0.000000,8.133785,1.000000,1.000000,1.000000,1.000000,0.000000,0.000000,0.004353,0.991516,0.996453,271.072773,0.731255,0.487504,1.000000,0.727982,286.544632,0.000000,False,False,False,0.997737,1.000000,0.995473,920,28
0.000000,0.000000,29.000000,1.000000,0.000000,0.000000,1.000000,0.000000,0.000000,0.000000,8.066043,1.000000,1.000000,1.000000,1.000000,0.000000,0.000000,0.011869,0.986801,0.991315,270.347595,0.733917,0.489278,1.000000,0.725178,285.745433,0.000000,False,False,False,0.998999,1.000000,0.997999,921,28
0.000000,0.000000,29.000000,1.000000,0.000000,0.000000,1.000000,0.000000,0.000000,0.000000,8.001022,1.000000,1.000000,1.000000,1.000000,0.000000,0.000000,0.013950,0.982488,0.984695,269.621852,0.736438,0.490959,1.000000,0.725743,284.947233,0.000000,False,False,False,0.997749,1.000000,0.995499,922,28
0.000000,0.000000,29.000000,1.000000,0.000000,0.000000,1.000000,0.000000,1.000000,0.000000,7.944827,1.000000,1.000000,1.000000,1.000000,0.000000,0.000000,0.010401,0.986019,0.989778,268.890823,0.738675,0.492450,1.000000,0.731029,284.154519,0.000000,False,False,False,0.990892,1.000000,0.981785,923,28
0.000000,0.000000,29.000000,1.000000,0.000000,0.000000,1.000000,0.000000,0.000000,0.000000,8.944779,1.000000,1.000000,1.000000,1.000000,0.000000,0.000000,0.012159,0.981713,0.988487,268.176680,0.723001,0.482000,0.966667,0.714143,284.154519,0.000000,False,False,False,,,,924,28
0.000000,0.000000,29.000000,1.000000,0.000000,0.000000,1.000000,0.000000,0.000000,0.000000,8.856991,1.000000,1.000000,1.000000,1.000000,0.000000,0.000000,0.005480,0.990111,0.994983,267.455528,0.725670,0.483780,1.000000,0.721152,283.355586,0.000000,False,False,False,0.998666,1.000000,0.997333,925,28
0.000000,0.000000,29.000000,1.000000,0.000000,0.000000,1.000000,0.000000,0.000000,0.000000,8.775680,1.000000,1.000000,1.000000,1.000000,0.000000,0.000000,0.008124,0.990861,0.993251,266.734586,0.727329,0.484886,1.000000,0.720942,282.557805,0.000000,False,False,False,0.997227,1.000000,0.994453,926,28
0.000000,0.000000,29.000000,1.000000,0.000000,0.000000,1.000000,0.000000,0.000000,0.000000,8.704229,1.000000,1.000000,1.000000,1.000000,0.000000,0.000000,0.005784,0.990345,0.995207,266.008867,0.729829,0.486553,1.000000,0.725719,281.760822,0.000000,False,False,False,0.996229,1.000000,0.992459,927,28
0.000000,0.000000,29.000000,1.000000,0.000000,0.000000,1.000000,0.000000,0.000000,0.000000,8.634382,1.000000,1.000000,1.000000,1.000000,0.000000,0.000000,0.004719,0.989224,0.996238,265.280262,0.732420,0.488280,1.000000,0.728605,280.962411,0.000000,False,False,False,0.998013,1.000000,0.996026,928,28
0.000000,0.000000,29.000000,1.000000,0.000000,0.000000,1.000000,0.000000,0.000000,0.000000,8.567221,1.000000,1.000000,1.000000,1.000000,0.000000,0.000000,0.008840,0.989570,0.992558,264.552347,0.734975,0.489983,1.000000,0.727915,280.163626,0.000000,False,False,False,0.998481,1.000000,0.996962,929,28
0.000000,0.000000,29.000000,1.000000,0.000000,0.000000,1.000000,0.000000,0.000000,0.000000,8.506214,1.000000,1.000000,1.000000,1.000000,0.000000,0.000000,0.011519,0.983746,0.989249,263.823249,0.737378,0.491585,1.000000,0.729098,279.366974,0.000000,False,False,False,0.995816,1.000000,0.991632,930,28
0.000000,0.000000,29.000000,1.000000,0.000000,0.000000,1.000000,0.000000,0.000000,0.000000,8.446575,1.000000,1.000000,1.000000,1.000000,0.000000,0.000000,0.012236,0.983217,0.986330,263.092418,0.739733,0.493155,1.000000,0.730832,278.568528,0.000000,False,False,False,0.998057,1.000000,0.996115,931,28
0.000000,0.000000,29.000000,1.000000,0.000000,0.000000,1.000000,0.000000,0.000000,0.000000,8.393592,1.000000,1.000000,1.000000,1.000000,0.000000,0.000000,0.021057,0.974366,0.980277,262.366063,0.741840,0.494560,1.000000,0.726355,277.774715,0.000000,False,False,False,0.992266,1.000000,0.984533,932,28
0.000000,0.000000,29.000000,1.000000,0.000000,0.000000,1.000000,0.000000,0.000000,0.000000,8.341672,1.000000,1.000000,1.000000,1.000000,0.000000,0.000000,0.004994,0.991205,0.995852,261.625924,0.743826,0.495884,1.000000,0.740139,276.981863,0.000000,False,False,False,0.991064,1.000000,0.982128,933,28
0.000000,0.000000,29.000000,1.000000,0.000000,0.000000,1.000000,0.000000,0.000000,0.000000,8.288004,1.000000,1.000000,1.000000,1.000000,0.000000,0.000000,0.004715,0.992390,0.995970,260.883726,0.745913,0.497275,1.000000,0.742198,276.183337,0.000000,False,False,False,0.998159,1.000000,0.996317,934,28
0.000000,0.000000,29.000000,1.000000,0.000000,0.000000,1.000000,0.000000,0.000000,0.000000,8.235239,1.000000,1.000000,1.000000,1.000000,0.000000,0.000000,0.015447,0.980870,0.985020,260.147667,0.747923,0.498615,1.000000,0.736059,275.385020,0.000000,False,False,False,0.997896,1.000000,0.995792,935,28
0.000000,0.000000,29.000000,1.000000,0.000000,0.000000,1.000000,0.000000,0.000000,0.000000,8.186095,1.000000,1.000000,1.000000,1.000000,0.000000,0.000000,0.012558,0.983901,0.987231,259.407364,0.749824,0.499883,1.000000,0.740303,274.587958,0.000000,False,False,False,0.996328,1.000000,0.992655,936,28
0.000000,0.000000,29.000000,1.000000,0.000000,0.000000,1.000000,0.000000,0.000000,0.000000,8.137340,1.000000,1.000000,1.000000,1.000000,0.000000,0.000000,0.021402,0.967322,0.976637,258.673459,0.751699,0.501132,1.000000,0.733906,273.789468,0.000000,False,False,False,0.998112,1.000000,0.996224,937,28
0.000000,0.000000,29.000000,1.000000,0.000000,0.000000,1.000000,0.000000,0.000000,0.000000,8.097405,1.000000,1.000000,1.000000,1.000000,0.000000,0.000000,0.017640,0.981067,0.982753,257.934021,0.753255,0.502170,1.000000,0.739438,272.998391,0.000000,False,False,False,0.988847,1.000000,0.977693,938,28
0.000000,0.000000,29.000000,1.000000,0.000000,0.000000,1.000000,0.000000,0.000000,0.000000,8.058275,1.000000,1.000000,1.000000,1.000000,0.000000,0.000000,0.008160,0.987737,0.991890,257.185077,0.754783,0.503189,1.000000,0.748944,272.205775,0.000000,False,False,False,0.990770,1.000000,0.981540,939,28
0.000000,0.000000,29.000000,1.000000,0.000000,0.000000,1.000000,0.000000,0.000000,0.000000,8.016960,1.000000,1.000000,1.000000,1.000000,0.000000,0.000000,0.005000,0.991270,0.995819,256.432801,0.756369,0.504246,1.000000,0.752277,271.409188,0.000000,False,False,False,0.995734,1.000000,0.991468,940,28
0.000000,0.000000,29.000000,1.000000,0.000000,0.000000,1.000000,0.000000,1.000000,0.000000,7.975150,1.000000,1.000000,1.000000,1.000000,0.000000,0.000000,0.012994,0.980453,0.987791,255.684410,0.757973,0.505315,1.000000,0.748390,270.610556,0.000000,False,False,False,0.998290,1.000000,0.996580,941,28
0.000000,0.000000,29.000000,1.000000,0.000000,0.000000,1.000000,0.000000,0.000000,0.000000,8.972462,1.000000,1.000000,1.000000,1.000000,0.000000,0.000000,0.018669,0.979425,0.982198,254.958299,0.740925,0.493950,0.966667,0.726111,270.610556,0.000000,False,False,False,,,,942,28
0.000000,0.000000,29.000000,1.000000,0.000000,0.000000,1.000000,0.000000,0.000000,0.000000,8.911220,1.000000,1.000000,1.000000,1.000000,0.000000,0.000000,0.021463,0.972118,0.976741,254.230800,0.743191,0.495461,1.000000,0.727499,269.815553,0.000000,False,False,False,0.993753,1.000000,0.987506,943,28
0.000000,0.000000,29.000000,1.000000,0.000000,0.000000,1.000000,0.000000,0.000000,0.000000,8.852338,1.000000,1.000000,1.000000,1.000000,0.000000,0.000000,0.023046,0.969266,0.979457,253.503586,0.744044,0.496030,1.000000,0.727214,269.021551,0.000000,False,False,False,0.992504,1.000000,0.985007,944,28
0.000000,0.000000,29.000000,1.000000,0.000000,0.000000,1.000000,0.000000,0.000000,0.000000,8.796812,1.000000,1.000000,1.000000,1.000000,0.000000,0.000000,0.020484,0.974707,0.980055,252.772815,0.745945,0.497296,1.000000,0.730772,268.223466,0.000000,False,False,False,0.997606,1.000000,0.995212,945,28
0.000000,0.000000,29.000000,1.000000,0.000000,0.000000,1.000000,0.000000,0.000000,0.000000,8.744645,1.000000,1.000000,1.000000,1.000000,0.000000,0.000000,0.022668,0.973572,0.975571,252.042343,0.747829,0.498553,1.000000,0.730471,267.427369,0.000000,False,False,False,0.995120,1.000000,0.990240,946,28
0.000000,0.000000,29.000000,1.000000,0.000000,0.000000,1.000000,0.000000,0.000000,0.000000,8.700235,1.000000,1.000000,1.000000,1.000000,0.000000,0.000000,0.026235,0.966851,0.970583,251.312184,0.749561,0.499707,1.000000,0.730159,266.634870,0.000000,False,False,False,0.990624,1.000000,0.981248,947,28
0.000000,0.000000,29.000000,1.000000,0.000000,0.000000,1.000000,0.000000,0.000000,0.000000,8.660607,1.000000,1.000000,1.000000,1.000000,0.000000,0.000000,0.010633,0.983976,0.990346,250.568931,0.751099,0.500733,1.000000,0.743253,265.845834,0.000000,False,False,False,0.986295,1.000000,0.972590,948,28
0.000000,0.000000,29.000000,1.000000,0.000000,0.000000,1.000000,0.000000,0.000000,0.000000,8.614857,1.000000,1.000000,1.000000,1.000000,0.000000,0.000000,0.016503,0.977200,0.983752,249.828021,0.752874,0.501916,1.000000,0.740911,265.047410,0.000000,False,False,False,0.998031,1.000000,0.996062,949,28
0.000000,0.000000,29.000000,1.000000,0.000000,0.000000,1.000000,0.000000,0.000000,0.000000,8.571688,1.000000,1.000000,1.000000,1.000000,0.000000,0.000000,0.015604,0.983865,0.984467,249.085730,0.754502,0.503002,1.000000,0.742291,264.251596,0.000000,False,False,False,0.994768,1.000000,0.989535,950,28
0.000000,0.000000,29.000000,1.000000,0.000000,0.000000,1.000000,0.000000,0.000000,0.000000,8.531202,1.000000,1.000000,1.000000,1.000000,0.000000,0.000000,0.017762,0.973496,0.981657,248.342697,0.756101,0.504068,1.000000,0.743033,263.455104,0.000000,False,False,False,0.995614,1.000000,0.991228,951,28
0.000000,0.000000,29.000000,1.000000,0.000000,0.000000,1.000000,0.000000,0.000000,0.000000,8.493884,1.000000,1.000000,1.000000,1.000000,0.000000,0.000000,0.015503,0.979237,0.982915,247.597585,0.757509,0.505006,1.000000,0.745112,262.662894,0.000000,False,False,False,0.990263,1.000000,0.980526,952,28
0.000000,0.000000,29.000000,1.000000,0.000000,0.000000,1.000000,0.000000,0.000000,0.000000,8.459343,1.000000,1.000000,1.000000,1.000000,0.000000,0.000000,0.007732,0.985079,0.993242,246.844764,0.758859,0.505906,1.000000,0.752821,261.870385,0.000000,False,False,False,0.990637,1.000000,0.981274,953,28
0.000000,0.000000,29.000000,1.000000,0.000000,0.000000,1.000000,0.000000,0.000000,0.000000,8.419216,1.000000,1.000000,1.000000,1.000000,0.000000,0.000000,0.008728,0.989285,0.992515,246.091832,0.760371,0.506914,1.000000,0.752932,261.073162,0.000000,False,False,False,0.996528,1.000000,0.993057,954,28
0.000000,0.000000,29.000000,1.000000,0.000000,0.000000,1.000000,0.000000,0.000000,0.000000,8.383900,1.000000,1.000000,1.000000,1.000000,0.000000,0.000000,0.013655,0.981271,0.985918,245.340690,0.761814,0.507876,1.000000,0.751142,260.276968,0.000000,False,False,False,0.995243,1.000000,0.990485,955,28
0.000000,0.000000,29.000000,1.000000,0.000000,0.000000,1.000000,0.000000,0.000000,0.000000,8.350811,1.000000,1.000000,1.000000,1.000000,0.000000,0.000000,0.015736,0.979962,0.984607,244.589659,0.763191,0.508794,1.000000,0.751032,259.483241,0.000000,False,False,False,0.992158,1.000000,0.984317,956,28
0.000000,0.000000,29.000000,1.000000,0.000000,0.000000,1.000000,0.000000,0.000000,0.000000,8.320222,1.000000,1.000000,1.000000,1.000000,0.000000,0.000000,0.020204,0.976624,0.981062,243.841209,0.764515,0.509677,1.000000,0.748450,258.689097,0.000000,False,False,False,0.992680,1.000000,0.985360,957,28
0.000000,0.000000,29.000000,1.000000,0.000000,0.000000,1.000000,0.000000,0.000000,0.000000,8.292110,1.000000,1.000000,1.000000,1.000000,0.000000,0.000000,0.022748,0.969751,0.975510,243.092680,0.765726,0.510484,1.000000,0.748529,257.896561,0.000000,False,False,False,0.990670,1.000000,0.981340,958,28
0.000000,0.000000,29.000000,1.000000,0.000000,0.000000,1.000000,0.000000,0.000000,0.000000,8.268134,1.000000,1.000000,1.000000,1.000000,0.000000,0.000000,0.029730,0.964795,0.965846,242.349086,0.766776,0.511184,1.000000,0.743594,257.106931,0.000000,False,False,False,0.987037,1.000000,0.974074,959,28
0.000000,0.000000,29.000000,1.000000,0.000000,0.000000,1.000000,0.000000,0.000000,0.000000,8.251035,1.000000,1.000000,1.000000,1.000000,0.000000,0.000000,0.019920,0.970506,0.980531,241.596627,0.767580,0.511720,1.000000,0.752459,256.322761,0.000000,False,False,False,0.980212,1.000000,0.960424,960,28
0.000000,0.000000,29.000000,1.000000,0.000000,0.000000,1.000000,0.000000,0.000000,0.000000,8.227482,1.000000,1.000000,1.000000,1.000000,0.000000,0.000000,0.020877,0.971539,0.977124,240.844291,0.768540,0.512360,1.000000,0.752336,255.531675,0.000000,False,False,False,0.988858,1.000000,0.977715,961,28
0.000000,0.000000,29.000000,1.000000,0.000000,0.000000,1.000000,0.000000,0.000000,0.000000,8.206125,1.000000,1.000000,1.000000,1.000000,0.000000,0.000000,0.010797,0.979870,0.990196,240.083981,0.769433,0.512955,1.000000,0.760310,254.742031,0.000000,False,False,False,0.987056,1.000000,0.974111,962,28
0.000000,0.000000,29.000000,1.000000,0.000000,0.000000,1.000000,0.000000,0.000000,0.000000,8.178162,1.000000,1.000000,1.000000,1.000000,0.000000,0.000000,0.011339,0.986657,0.989744,239.323115,0.770532,0.513688,1.000000,0.760866,253.945342,0.000000,False,False,False,0.995861,1.000000,0.991722,963,28
0.000000,0.000000,29.000000,1.000000,0.000000,0.000000,1.000000,0.000000,0.000000,0.000000,8.152437,1.000000,1.000000,1.000000,1.000000,0.000000,0.000000,0.016986,0.979556,0.981151,238.564865,0.771595,0.514397,1.000000,0.758250,253.149466,0.000000,False,False,False,0.994845,1.000000,0.989690,964,28
0.000000,0.000000,29.000000,1.000000,0.000000,0.000000,1.000000,0.000000,0.000000,0.000000,8.132145,1.000000,1.000000,1.000000,1.000000,0.000000,0.000000,0.025008,0.968033,0.971511,237.811404,0.772496,0.514997,1.000000,0.753461,252.357588,0.000000,False,False,False,0.989848,1.000000,0.979695,965,28
0.000000,0.000000,29.000000,1.000000,0.000000,0.000000,1.000000,0.000000,0.000000,0.000000,8.118016,1.000000,1.000000,1.000000,1.000000,0.000000,0.000000,0.022363,0.973671,0.975473,237.055985,0.773149,0.515433,1.000000,0.755419,251.571336,0.000000,False,False,False,0.982815,1.000000,0.965630,966,28
0.000000,0.000000,29.000000,1.000000,0.000000,0.000000,1.000000,0.000000,0.000000,0.000000,8.102394,1.000000,1.000000,1.000000,1.000000,0.000000,0.000000,0.019093,0.974475,0.979436,236.297347,0.773818,0.515879,1.000000,0.758638,250.782452,0.000000,False,False,False,0.986104,1.000000,0.972209,967,28
0.000000,0.000000,29.000000,1.000000,0.000000,0.000000,1.000000,0.000000,0.000000,0.000000,8.084232,1.000000,1.000000,1.000000,1.000000,0.000000,0.000000,0.021603,0.972422,0.974699,235.540079,0.774536,0.516357,1.000000,0.757269,249.991147,0.000000,False,False,False,0.989131,1.000000,0.978262,968,28
0.000000,0.000000,29.000000,1.000000,0.000000,0.000000,1.000000,0.000000,0.000000,0.000000,8.070883,1.000000,1.000000,1.000000,1.000000,0.000000,0.000000,0.031934,0.958861,0.966411,234.790216,0.775125,0.516750,1.000000,0.749863,249.203348,0.000000,False,False,False,0.984749,1.000000,0.969498,969,28
0.000000,0.000000,29.000000,1.000000,0.000000,0.000000,1.000000,0.000000,0.000000,0.000000,8.059618,1.000000,1.000000,1.000000,1.000000,0.000000,0.000000,0.016540,0.975574,0.981621,234.028362,0.775591,0.517060,1.000000,0.761854,248.418127,0.000000,False,False,False,0.981526,1.000000,0.963053,970,28
0.000000,0.000000,29.000000,1.000000,0.000000,0.000000,1.000000,0.000000,0.000000,0.000000,8.042952,1.000000,1.000000,1.000000,1.000000,0.000000,0.000000,0.017532,0.978247,0.981547,233.266188,0.776241,0.517494,1.000000,0.762175,247.626040,0.000000,False,False,False,0.990109,1.000000,0.980219,971,28
0.000000,0.000000,29.000000,1.000000,0.000000,0.000000,1.000000,0.000000,0.000000,0.000000,8.027346,1.000000,1.000000,1.000000,1.000000,0.000000,0.000000,0.015823,0.980088,0.984873,232.501208,0.776879,0.517919,1.000000,0.764980,246.834408,0.000000,False,False,False,0.989540,1.000000,0.979080,972,28
0.000000,0.000000,29.000000,1.000000,0.000000,0.000000,1.000000,0.000000,0.000000,0.000000,8.009766,1.000000,1.000000,1.000000,1.000000,0.000000,0.000000,0.026864,0.967844,0.969723,231.745129,0.777612,0.518408,1.000000,0.756079,246.039623,0.000000,False,False,False,0.993481,1.000000,0.986962,973,28
0.000000,0.000000,29.000000,1.000000,0.000000,0.000000,1.000000,0.000000,0.000000,0.000000,8.000371,1.000000,1.000000,1.000000,1.000000,0.000000,0.000000,0.020321,0.972175,0.977490,230.982997,0.778064,0.518710,1.000000,0.762132,245.252863,0.000000,False,False,False,0.983449,1.000000,0.966899,974,28
0.000000,0.000000,29.000000,1.000000,0.000000,0.000000,1.000000,0.000000,1.000000,0.000000,7.988771,1.000000,1.000000,1.000000,1.000000,0.000000,0.000000,0.018971,0.973824,0.981322,230.220047,0.778563,0.519042,1.000000,0.762950,244.463074,0.000000,False,False,False,0.987236,1.000000,0.974472,975,28
0.000000,0.000000,29.000000,1.000000,0.000000,0.000000,1.000000,0.000000,0.000000,0.000000,8.978470,1.000000,1.000000,1.000000,1.000000,0.000000,0.000000,0.014509,0.978813,0.986873,229.471271,0.760077,0.506718,0.966667,0.748776,244.463074,0.000000,False,False,False,,,,976,28
0.000000,0.000000,29.000000,1.000000,0.000000,0.000000,1.000000,0.000000,0.000000,0.000000,8.933678,1.000000,1.000000,1.000000,1.000000,0.000000,0.000000,0.011126,0.986166,0.989568,228.720800,0.758796,0.505864,1.000000,0.750472,243.666702,0.000000,False,False,False,0.995465,1.000000,0.990930,977,28
0.000000,0.000000,29.000000,1.000000,0.000000,0.000000,1.000000,0.000000,0.000000,0.000000,8.888521,1.000000,1.000000,1.000000,1.000000,0.000000,0.000000,0.013948,0.979515,0.986976,227.972949,0.758629,0.505752,1.000000,0.747850,242.871220,0.000000,False,False,False,0.994353,1.000000,0.988706,978,28
0.000000,0.000000,29.000000,1.000000,0.000000,0.000000,1.000000,0.000000,0.000000,0.000000,8.851825,1.000000,1.000000,1.000000,1.000000,0.000000,0.000000,0.015614,0.981880,0.984982,227.226125,0.759942,0.506628,1.000000,0.746824,242.076891,0.000000,False,False,False,0.992911,1.000000,0.985823,979,28
0.000000,0.000000,29.000000,1.000000,0.000000,0.000000,1.000000,0.000000,0.000000,0.000000,8.819464,1.000000,1.000000,1.000000,1.000000,0.000000,0.000000,0.009361,0.986092,0.991641,226.471527,0.761300,0.507534,1.000000,0.754599,241.283952,0.000000,False,False,False,0.991173,1.000000,0.982347,980,28
0.000000,0.000000,29.000000,1.000000,0.000000,0.000000,1.000000,0.000000,0.000000,0.000000,8.783446,1.000000,1.000000,1.000000,1.000000,0.000000,0.000000,0.023601,0.969720,0.977741,225.727279,0.762803,0.508535,1.000000,0.744247,240.486178,0.000000,False,False,False,0.997218,1.000000,0.994436,981,28
0.000000,0.000000,29.000000,1.000000,0.000000,0.000000,1.000000,0.000000,0.000000,0.000000,8.754895,1.000000,1.000000,1.000000,1.000000,0.000000,0.000000,0.024923,0.969150,0.974979,224.981778,0.764086,0.509391,1.000000,0.745502,239.694215,0.000000,False,False,False,0.989953,1.000000,0.979906,982,28
0.000000,0.000000,29.000000,1.000000,0.000000,0.000000,1.000000,0.000000,0.000000,0.000000,8.731004,1.000000,1.000000,1.000000,1.000000,0.000000,0.000000,0.022792,0.968145,0.976012,224.233783,0.765192,0.510128,1.000000,0.747995,238.905343,0.000000,False,False,False,0.986091,1.000000,0.972181,983,28
0.000000,0.000000,29.000000,1.000000,0.000000,0.000000,1.000000,0.000000,0.000000,0.000000,8.707273,1.000000,1.000000,1.000000,1.000000,0.000000,0.000000,0.022615,0.971989,0.975974,223.485392,0.766250,0.510834,1.000000,0.748391,238.115580,0.000000,False,False,False,0.987204,1.000000,0.974407,984,28
0.000000,0.000000,29.000000,1.000000,0.000000,0.000000,1.000000,0.000000,0.000000,0.000000,8.683851,1.000000,1.000000,1.000000,1.000000,0.000000,0.000000,0.028533,0.968022,0.969838,222.740679,0.767255,0.511503,1.000000,0.744713,237.325680,0.000000,False,False,False,0.987375,1.000000,0.974750,985,28
0.000000,0.000000,29.000000,1.000000,0.000000,0.000000,1.000000,0.000000,0.000000,0.000000,8.666038,1.000000,1.000000,1.000000,1.000000,0.000000,0.000000,0.020554,0.972562,0.978787,221.987693,0.768092,0.512061,1.000000,0.752986,236.539763,0.000000,False,False,False,0.982396,1.000000,0.964793,986,28
0.000000,0.000000,29.000000,1.000000,0.000000,0.000000,1.000000,0.000000,0.000000,0.000000,8.642756,1.000000,1.000000,1.000000,1.000000,0.000000,0.000000,0.023508,0.972562,0.975062,221.237634,0.769057,0.512704,1.000000,0.750059,235.748168,0.000000,False,False,False,0.989494,1.000000,0.978987,987,28
0.000000,0.000000,29.000000,1.000000,0.000000,0.000000,1.000000,0.000000,0.000000,0.000000,8.623831,1.000000,1.000000,1.000000,1.000000,0.000000,0.000000,0.022029,0.967234,0.977869,220.484835,0.769899,0.513266,1.000000,0.752799,234.959484,0.000000,False,False,False,0.985854,1.000000,0.971709,988,28
0.000000,0.000000,29.000000,1.000000,0.000000,0.000000,1.000000,0.000000,0.000000,0.000000,8.603622,1.000000,1.000000,1.000000,1.000000,0.000000,0.000000,0.011458,0.984419,0.989025,219.722889,0.770769,0.513846,1.000000,0.761946,234.168875,0.000000,False,False,False,0.988262,1.000000,0.976524,989,28
0.000000,0.000000,29.000000,1.000000,0.000000,0.000000,1.000000,0.000000,0.000000,0.000000,8.579552,1.000000,1.000000,1.000000,1.000000,0.000000,0.000000,0.021059,0.974072,0.978685,218.967508,0.771775,0.514517,1.000000,0.755381,233.373302,0.000000,False,False,False,0.994467,1.000000,0.988933,990,28
0.000000,0.000000,29.000000,1.000000,0.000000,0.000000,1.000000,0.000000,0.000000,0.000000,8.560700,1.000000,1.000000,1.000000,1.000000,0.000000,0.000000,0.022900,0.972928,0.975505,218.212874,0.772622,0.515081,1.000000,0.754634,232.582087,0.000000,False,False,False,0.989018,1.000000,0.978036,991,28
0.000000,0.000000,29.000000,1.000000,0.000000,0.000000,1.000000,0.000000,0.000000,0.000000,8.546287,1.000000,1.000000,1.000000,1.000000,0.000000,0.000000,0.026318,0.967146,0.973878,217.459960,0.773314,0.515542,1.000000,0.752914,231.794290,0.000000,False,False,False,0.984746,1.000000,0.969493,992,28
0.000000,0.000000,29.000000,1.000000,0.000000,0.000000,1.000000,0.000000,0.000000,0.000000,8.529601,1.000000,1.000000,1.000000,1.000000,0.000000,0.000000,0.014633,0.979611,0.984733,216.697420,0.774024,0.516016,1.000000,0.762540,231.004061,0.000000,False,False,False,0.987786,1.000000,0.975573,993,28
0.000000,0.000000,29.000000,1.000000,0.000000,0.000000,1.000000,0.000000,0.000000,0.000000,8.510045,1.000000,1.000000,1.000000,1.000000,0.000000,0.000000,0.014175,0.981897,0.986052,215.933590,0.774838,0.516559,1.000000,0.763830,230.209817,0.000000,False,False,False,0.992805,1.000000,0.985610,994,28
0.000000,0.000000,29.000000,1.000000,0.000000,0.000000,1.000000,0.000000,0.000000,0.000000,8.489814,1.000000,1.000000,1.000000,1.000000,0.000000,0.000000,0.014100,0.980902,0.986335,215.169026,0.775694,0.517130,1.000000,0.764564,229.414125,0.000000,False,False,False,0.994615,1.000000,0.989230,995,28
0.000000,0.000000,29.000000,1.000000,0.000000,0.000000,1.000000,0.000000,0.000000,0.000000,8.472498,1.000000,1.000000,1.000000,1.000000,0.000000,0.000000,0.014006,0.981832,0.987693,214.404303,0.776476,0.517651,1.000000,0.764723,228.620226,0.000000,False,False,False,0.992374,1.000000,0.984747,996,28
0.000000,0.000000,29.000000,1.000000,0.000000,0.000000,1.000000,0.000000,0.000000,0.000000,8.454861,1.000000,1.000000,1.000000,1.000000,0.000000,0.000000,0.012390,0.979802,0.988704,213.636948,0.777251,0.518167,1.000000,0.767355,227.825360,0.000000,False,False,False,0.993583,1.000000,0.987166,997,28
0.000000,0.000000,29.000000,1.000000,0.000000,0.000000,1.000000,0.000000,0.000000,0.000000,8.437307,1.000000,1.000000,1.000000,1.000000,0.000000,0.000000,0.015601,0.978123,0.983363,212.872005,0.778026,0.518684,1.000000,0.764944,227.029596,0.000000,False,False,False,0.994704,1.000000,0.989409,998,28
0.000000,0.000000,29.000000,1.000000,0.000000,0.000000,1.000000,0.000000,0.000000,0.000000,8.423586,1.000000,1.000000,1.000000,1.000000,0.000000,0.000000,0.024027,0.961460,0.975137,212.112836,0.778670,0.519113,1.000000,0.759169,226.236898,0.000000,False,False,False,0.990873,1.000000,0.981746,999,28
0.000000,0.000000,29.000000,1.000000,0.000000,0.000000,1.000000,0.000000,0.000000,0.000000,8.413700,1.000000,1.000000,1.000000,1.000000,0.000000,0.000000,0.016178,0.973813,0.982866,211.348508,0.779177,0.519451,1.000000,0.764328,225.447253,0.000000,False,False,False,0.987056,1.000000,0.974112,1000,28
0.000000,0.000000,29.000000,1.000000,0.000000,0.000000,1.000000,0.000000,0.000000,0.000000,8.401149,1.000000,1.000000,1.000000,1.000000,0.000000,0.000000,0.021039,0.969538,0.977527,210.587313,0.779736,0.519824,1.000000,0.761195,224.654511,0.000000,False,False,False,0.990928,1.000000,0.981856,1001,28
0.000000,0.000000,29.000000,1.000000,0.000000,0.000000,1.000000,0.000000,0.000000,0.000000,8.393185,1.000000,1.000000,1.000000,1.000000,0.000000,0.000000,0.019640,0.971674,0.979366,209.823978,0.780155,0.520103,1.000000,0.763335,223.865573,0.000000,False,False,False,0.986173,1.000000,0.972345,1002,28
0.000000,0.000000,29.000000,1.000000,0.000000,0.000000,1.000000,0.000000,0.000000,0.000000,8.382558,1.000000,1.000000,1.000000,1.000000,0.000000,0.000000,0.016527,0.977167,0.985469,209.056527,0.780649,0.520433,1.000000,0.767450,223.073424,0.000000,False,False,False,0.990186,1.000000,0.980373,1003,28
0.000000,0.000000,29.000000,1.000000,0.000000,0.000000,1.000000,0.000000,0.000000,0.000000,8.369130,1.000000,1.000000,1.000000,1.000000,0.000000,0.000000,0.014279,0.986425,0.986130,208.287120,0.781236,0.520824,1.000000,0.769407,222.278073,0.000000,False,False,False,0.994189,1.000000,0.988378,1004,28
0.000000,0.000000,29.000000,1.000000,0.000000,0.000000,1.000000,0.000000,0.000000,0.000000,8.358346,1.000000,1.000000,1.000000,1.000000,0.000000,0.000000,0.009259,0.986987,0.991140,207.512764,0.781769,0.521179,1.000000,0.774356,221.484403,0.000000,False,False,False,0.992087,1.000000,0.984173,1005,28
0.000000,0.000000,29.000000,1.000000,0.000000,0.000000,1.000000,0.000000,0.000000,0.000000,8.344789,1.000000,1.000000,1.000000,1.000000,0.000000,0.000000,0.018693,0.974155,0.980138,206.745205,0.782394,0.521596,1.000000,0.767559,220.687333,0.000000,False,False,False,0.996338,1.000000,0.992676,1006,28
0.000000,0.000000,29.000000,1.000000,0.000000,0.000000,1.000000,0.000000,0.000000,0.000000,8.337623,1.000000,1.000000,1.000000,1.000000,0.000000,0.000000,0.027085,0.963648,0.973084,205.984178,0.782811,0.521874,1.000000,0.761027,219.896097,0.000000,False,False,False,0.989044,1.000000,0.978089,1007,28
0.000000,0.000000,29.000000,1.000000,0.000000,0.000000,1.000000,0.000000,0.000000,0.000000,8.335163,1.000000,1.000000,1.000000,1.000000,0.000000,0.000000,0.021503,0.966771,0.978515,205.219636,0.783065,0.522044,1.000000,0.764541,219.108591,0.000000,False,False,False,0.984383,1.000000,0.968765,1008,28
0.000000,0.000000,29.000000,1.000000,0.000000,0.000000,1.000000,0.000000,0.000000,0.000000,8.329085,1.000000,1.000000,1.000000,1.000000,0.000000,0.000000,0.017013,0.978105,0.981854,204.449567,0.783394,0.522263,1.000000,0.770070,218.317456,0.000000,False,False,False,0.988920,1.000000,0.977839,1009,28
0.000000,0.000000,29.000000,1.000000,0.000000,0.000000,1.000000,0.000000,0.000000,0.000000,8.322133,1.000000,1.000000,1.000000,1.000000,0.000000,0.000000,0.008909,0.985497,0.991666,203.673184,0.783749,0.522499,1.000000,0.776382,217.525291,0.000000,False,False,False,0.990205,1.000000,0.980410,1010,28
0.000000,0.000000,29.000000,1.000000,0.000000,0.000000,1.000000,0.000000,0.000000,0.000000,8.310901,1.000000,1.000000,1.000000,1.000000,0.000000,0.000000,0.011694,0.975315,0.988843,202.899828,0.784282,0.522855,1.000000,0.773356,216.727724,0.000000,False,False,False,0.996960,1.000000,0.993919,1011,28
0.000000,0.000000,29.000000,1.000000,0.000000,0.000000,1.000000,0.000000,0.000000,0.000000,8.300898,1.000000,1.000000,1.000000,1.000000,0.000000,0.000000,0.015422,0.979469,0.984568,202.128164,0.784798,0.523198,1.000000,0.771664,215.931071,0.000000,False,False,False,0.995816,1.000000,0.991633,1012,28
0.000000,0.000000,29.000000,1.000000,0.000000,0.000000,1.000000,0.000000,0.000000,0.000000,8.294678,1.000000,1.000000,1.000000,1.000000,0.000000,0.000000,0.019247,0.968976,0.980244,201.358361,0.785190,0.523460,1.000000,0.769804,215.137779,0.000000,False,False,False,0.991615,1.000000,0.983229,1013,28
0.000000,0.000000,29.000000,1.000000,0.000000,0.000000,1.000000,0.000000,0.000000,0.000000,8.291190,1.000000,1.000000,1.000000,1.000000,0.000000,0.000000,0.018653,0.978109,0.979878,200.588227,0.785479,0.523653,1.000000,0.770134,214.346543,0.000000,False,False,False,0.989045,1.000000,0.978090,1014,28
0.000000,0.000000,29.000000,1.000000,0.000000,0.000000,1.000000,0.000000,0.000000,0.000000,8.289427,1.000000,1.000000,1.000000,1.000000,0.000000,0.000000,0.032541,0.956908,0.968388,199.828229,0.785701,0.523801,1.000000,0.759998,213.556270,0.000000,False,False,False,0.987841,1.000000,0.975681,1015,28
0.000000,0.000000,29.000000,1.000000,0.000000,0.000000,1.000000,0.000000,0.000000,0.000000,8.289333,1.000000,1.000000,1.000000,1.000000,0.000000,0.000000,0.020813,0.976925,0.976797,199.058830,0.785796,0.523864,1.000000,0.769399,212.769132,0.000000,False,False,False,0.983922,1.000000,0.967844,1016,28
0.000000,0.000000,29.000000,1.000000,0.000000,0.000000,1.000000,0.000000,0.000000,0.000000,8.287839,1.000000,1.000000,1.000000,1.000000,0.000000,0.000000,0.013562,0.979256,0.986514,198.283541,0.785956,0.523971,1.000000,0.775289,211.979253,0.000000,False,False,False,0.987350,1.000000,0.974699,1017,28
0.000000,0.000000,29.000000,1.000000,0.000000,0.000000,1.000000,0.000000,0.000000,0.000000,8.281007,1.000000,1.000000,1.000000,1.000000,0.000000,0.000000,0.016314,0.973807,0.984939,197.511178,0.786296,0.524197,1.000000,0.772364,211.183966,0.000000,False,False,False,0.994108,1.000000,0.988216,1018,28
0.000000,0.000000,29.000000,1.000000,0.000000,0.000000,1.000000,0.000000,0.000000,0.000000,8.276600,1.000000,1.000000,1.000000,1.000000,0.000000,0.000000,0.016756,0.973349,0.982857,196.737775,0.786594,0.524396,1.000000,0.773403,210.390557,0.000000,False,False,False,0.991762,1.000000,0.983524,1019,28
0.000000,0.000000,29.000000,1.000000,0.000000,0.000000,1.000000,0.000000,0.000000,0.000000,8.273948,1.000000,1.000000,1.000000,1.000000,0.000000,0.000000,0.022089,0.968808,0.975724,195.969993,0.786834,0.524556,1.000000,0.767782,209.598775,0.000000,False,False,False,0.989727,1.000000,0.979454,1020,28
0.000000,0.000000,29.000000,1.000000,0.000000,0.000000,1.000000,0.000000,0.000000,0.000000,8.275927,1.000000,1.000000,1.000000,1.000000,0.000000,0.000000,0.019077,0.972323,0.980221,195.198062,0.786946,0.524631,1.000000,0.771931,208.810121,0.000000,False,False,False,0.985817,1.000000,0.971635,1021,28
0.000000,0.000000,29.000000,1.000000,0.000000,0.000000,1.000000,0.000000,0.000000,0.000000,8.273138,1.000000,1.000000,1.000000,1.000000,0.000000,0.000000,0.019103,0.974862,0.979925,194.427042,0.787150,0.524767,1.000000,0.771020,208.017888,0.000000,False,False,False,0.990291,1.000000,0.980582,1022,28
0.000000,0.000000,29.000000,1.000000,0.000000,0.000000,1.000000,0.000000,0.000000,0.000000,8.273986,1.000000,1.000000,1.000000,1.000000,0.000000,0.000000,0.012707,0.982954,0.988363,193.649890,0.787289,0.524859,1.000000,0.777152,207.227656,0.000000,False,False,False,0.987790,1.000000,0.975579,1023,28
0.000000,0.000000,29.000000,1.000000,0.000000,0.000000,1.000000,0.000000,0.000000,0.000000,8.268599,1.000000,1.000000,1.000000,1.000000,0.000000,0.000000,0.010903,0.980233,0.989327,192.872300,0.787607,0.525071,1.000000,0.777591,206.431801,0.000000,False,False,False,0.994820,1.000000,0.989639,1024,28
0.000000,0.000000,29.000000,1.000000,0.000000,0.000000,1.000000,0.000000,0.000000,0.000000,8.264428,1.000000,1.000000,1.000000,1.000000,0.000000,0.000000,0.016008,0.974955,0.983936,192.097146,0.787972,0.525315,1.000000,0.775153,205.634902,0.000000,False,False,False,0.996124,1.000000,0.992247,1025,28
0.000000,0.000000,29.000000,1.000000,0.000000,0.000000,1.000000,0.000000,0.000000,0.000000,8.261943,1.000000,1.000000,1.000000,1.000000,0.000000,0.000000,0.022305,0.968084,0.980067,191.326824,0.788237,0.525491,1.000000,0.770322,204.841240,0.000000,False,False,False,0.992077,1.000000,0.984155,1026,28
0.000000,0.000000,29.000000,1.000000,0.000000,0.000000,1.000000,0.000000,0.000000,0.000000,8.261541,1.000000,1.000000,1.000000,1.000000,0.000000,0.000000,0.011852,0.981117,0.988325,190.547910,0.788455,0.525637,1.000000,0.778914,204.048257,0.000000,False,False,False,0.991228,1.000000,0.982457,1027,28
0.000000,0.000000,29.000000,1.000000,0.000000,0.000000,1.000000,0.000000,0.000000,0.000000,8.258794,1.000000,1.000000,1.000000,1.000000,0.000000,0.000000,0.015600,0.970852,0.985625,189.772538,0.788743,0.525829,1.000000,0.775372,203.252535,0.000000,False,False,False,0.994653,1.000000,0.989305,1028,28
0.000000,0.000000,29.000000,1.000000,0.000000,0.000000,1.000000,0.000000,0.000000,0.000000,8.260284,1.000000,1.000000,1.000000,1.000000,0.000000,0.000000,0.015410,0.976004,0.985101,188.995958,0.788940,0.525960,1.000000,0.776581,202.459539,0.000000,False,False,False,0.991245,1.000000,0.982490,1029,28
0.000000,0.000000,29.000000,1.000000,0.000000,0.000000,1.000000,0.000000,0.000000,0.000000,8.258769,1.000000,1.000000,1.000000,1.000000,0.000000,0.000000,0.025479,0.967283,0.974018,188.227916,0.789147,0.526098,1.000000,0.768041,201.665753,0.000000,False,False,False,0.992233,1.000000,0.984465,1030,28
0.000000,0.000000,29.000000,1.000000,0.000000,0.000000,1.000000,0.000000,0.000000,0.000000,8.265432,1.000000,1.000000,1.000000,1.000000,0.000000,0.000000,0.017044,0.976167,0.982902,187.452343,0.789201,0.526134,1.000000,0.775573,200.876205,0.000000,False,False,False,0.986935,1.000000,0.973870,1031,28
0.000000,0.000000,29.000000,1.000000,0.000000,0.000000,1.000000,0.000000,0.000000,0.000000,8.266480,1.000000,1.000000,1.000000,1.000000,0.000000,0.000000,0.019414,0.974809,0.979604,186.679916,0.789343,0.526229,1.000000,0.772427,200.083287,0.000000,False,False,False,0.991148,1.000000,0.982296,1032,28
0.000000,0.000000,29.000000,1.000000,0.000000,0.000000,1.000000,0.000000,0.000000,0.000000,8.272439,1.000000,1.000000,1.000000,1.000000,0.000000,0.000000,0.024313,0.965180,0.974516,185.909716,0.789394,0.526263,1.000000,0.770201,199.293123,0.000000,False,False,False,0.987704,1.000000,0.975409,1033,28
0.000000,0.000000,29.000000,1.000000,0.000000,0.000000,1.000000,0.000000,0.000000,0.000000,8.276445,1.000000,1.000000,1.000000,1.000000,0.000000,0.000000,0.011392,0.983086,0.988539,185.129855,0.789388,0.526259,1.000000,0.779861,198.504365,0.000000,False,False,False,0.985948,1.000000,0.971895,1034,28
0.000000,0.000000,29.000000,1.000000,0.000000,0.000000,1.000000,0.000000,0.000000,0.000000,8.276486,1.000000,1.000000,1.000000,1.000000,0.000000,0.000000,0.012488,0.981020,0.987606,184.350214,0.789594,0.526396,1.000000,0.779641,197.708816,0.000000,False,False,False,0.994436,1.000000,0.988873,1035,28
0.000000,0.000000,29.000000,1.000000,0.000000,0.000000,1.000000,0.000000,0.000000,0.000000,8.275888,1.000000,1.000000,1.000000,1.000000,0.000000,0.000000,0.022543,0.970574,0.975853,183.579766,0.789811,0.526541,1.000000,0.770448,196.913656,0.000000,False,False,False,0.993950,1.000000,0.987900,1036,28
0.000000,0.000000,29.000000,1.000000,0.000000,0.000000,1.000000,0.000000,0.000000,0.000000,8.285553,1.000000,1.000000,1.000000,1.000000,0.000000,0.000000,0.017303,0.972515,0.982589,182.803894,0.789798,0.526532,1.000000,0.775872,196.125631,0.000000,False,False,False,0.985032,1.000000,0.970063,1037,28
0.000000,0.000000,29.000000,1.000000,0.000000,0.000000,1.000000,0.000000,0.000000,0.000000,8.287499,1.000000,1.000000,1.000000,1.000000,0.000000,0.000000,0.013138,0.970659,0.986144,182.027197,0.789863,0.526576,1.000000,0.776697,195.334124,0.000000,False,False,False,0.989384,1.000000,0.978768,1038,28
0.000000,0.000000,29.000000,1.000000,0.000000,0.000000,1.000000,0.000000,0.000000,0.000000,8.292243,1.000000,1.000000,1.000000,1.000000,0.000000,0.000000,0.018813,0.964865,0.981352,181.252781,0.790006,0.526670,1.000000,0.774417,194.540203,0.000000,False,False,False,0.992400,1.000000,0.984801,1039,28
0.000000,0.000000,29.000000,1.000000,0.000000,0.000000,1.000000,0.000000,0.000000,0.000000,8.296223,1.000000,1.000000,1.000000,1.000000,0.000000,0.000000,0.019991,0.971612,0.980335,180.479876,0.790131,0.526754,1.000000,0.772905,193.747216,0.000000,False,False,False,0.991234,1.000000,0.982469,1040,28
0.000000,0.000000,29.000000,1.000000,0.000000,0.000000,1.000000,0.000000,0.000000,0.000000,8.304364,1.000000,1.000000,1.000000,1.000000,0.000000,0.000000,0.022539,0.964774,0.978959,179.707483,0.790222,0.526814,1.000000,0.772393,192.955195,0.000000,False,False,False,0.990027,1.000000,0.980053,1041,28
0.000000,0.000000,29.000000,1.000000,0.000000,0.000000,1.000000,0.000000,0.000000,0.000000,8.308372,1.000000,1.000000,1.000000,1.000000,0.000000,0.000000,0.017837,0.979185,0.981076,178.931437,0.790317,0.526878,1.000000,0.776046,192.162724,0.000000,False,False,False,0.990588,1.000000,0.981176,1042,28
0.000000,0.000000,29.000000,1.000000,0.000000,0.000000,1.000000,0.000000,0.000000,0.000000,8.316779,1.000000,1.000000,1.000000,1.000000,0.000000,0.000000,0.017502,0.973187,0.982526,178.155148,0.790392,0.526928,1.000000,0.776289,191.370714,0.000000,False,False,False,0.990012,1.000000,0.980025,1043,28
0.000000,0.000000,29.000000,1.000000,0.000000,0.000000,1.000000,0.000000,0.000000,0.000000,8.320100,1.000000,1.000000,1.000000,1.000000,0.000000,0.000000,0.018795,0.976485,0.979711,177.379931,0.790491,0.526994,1.000000,0.775216,190.577850,0.000000,False,False,False,0.991080,1.000000,0.982161,1044,28
0.000000,0.000000,29.000000,1.000000,0.000000,0.000000,1.000000,0.000000,0.000000,0.000000,8.331023,1.000000,1.000000,1.000000,1.000000,0.000000,0.000000,0.015571,0.974113,0.983362,176.601869,0.790555,0.527037,1.000000,0.778063,189.785986,0.000000,False,False,False,0.989830,1.000000,0.979659,1045,28
0.000000,0.000000,29.000000,1.000000,0.000000,0.000000,1.000000,0.000000,0.000000,0.000000,8.335936,1.000000,1.000000,1.000000,1.000000,0.000000,0.000000,0.023320,0.965968,0.976784,175.830289,0.790654,0.527103,1.000000,0.771580,188.992886,0.000000,False,False,False,0.991375,1.000000,0.982750,1046,28
0.000000,0.000000,29.000000,1.000000,0.000000,0.000000,1.000000,0.000000,0.000000,0.000000,8.349479,1.000000,1.000000,1.000000,1.000000,0.000000,0.000000,0.019297,0.972570,0.980040,175.055095,0.790606,0.527071,1.000000,0.775194,188.204217,0.000000,False,False,False,0.985837,1.000000,0.971674,1047,28
0.000000,0.000000,29.000000,1.000000,0.000000,0.000000,1.000000,0.000000,0.000000,0.000000,8.356962,1.000000,1.000000,1.000000,1.000000,0.000000,0.000000,0.016075,0.972974,0.983216,174.277835,0.790621,0.527080,1.000000,0.777261,187.413116,0.000000,False,False,False,0.988876,1.000000,0.977751,1048,28
0.000000,0.000000,29.000000,1.000000,0.000000,0.000000,1.000000,0.000000,0.000000,0.000000,8.367961,1.000000,1.000000,1.000000,1.000000,0.000000,0.000000,0.018010,0.971507,0.981912,173.501774,0.790703,0.527135,1.000000,0.776060,186.619983,0.000000,False,False,False,0.991417,1.000000,0.982834,1049,28
0.000000,0.000000,29.000000,1.000000,0.000000,0.000000,1.000000,0.000000,0.000000,0.000000,8.375244,1.000000,1.000000,1.000000,1.000000,0.000000,0.000000,0.027067,0.963133,0.972901,172.733146,0.790765,0.527177,1.000000,0.768628,185.827814,0.000000,False,False,False,0.990211,1.000000,0.980422,1050,28
0.000000,0.000000,29.000000,1.000000,0.000000,0.000000,1.000000,0.000000,0.000000,0.000000,8.391654,1.000000,1.000000,1.000000,1.000000,0.000000,0.000000,0.020120,0.969455,0.980028,171.958309,0.790769,0.527179,1.000000,0.774837,185.037383,0.000000,False,False,False,0.988039,1.000000,0.976077,1051,28
0.000000,0.000000,29.000000,1.000000,0.000000,0.000000,1.000000,0.000000,0.000000,0.000000,8.395150,1.000000,1.000000,1.000000,1.000000,0.000000,0.000000,0.022663,0.967534,0.976579,171.186096,0.790857,0.527238,1.000000,0.772213,184.244064,0.000000,False,False,False,0.991648,1.000000,0.983297,1052,28
0.000000,0.000000,29.000000,1.000000,0.000000,0.000000,1.000000,0.000000,0.000000,0.000000,8.409539,1.000000,1.000000,1.000000,1.000000,0.000000,0.000000,0.012441,0.980448,0.987201,170.405280,0.790811,0.527207,1.000000,0.780816,183.454996,0.000000,False,False,False,0.986334,1.000000,0.972669,1053,28
0.000000,0.000000,29.000000,1.000000,0.000000,0.000000,1.000000,0.000000,0.000000,0.000000,8.414170,1.000000,1.000000,1.000000,1.000000,0.000000,0.000000,0.015868,0.967892,0.985599,169.628551,0.790937,0.527292,1.000000,0.776730,182.660322,0.000000,False,False,False,0.993343,1.000000,0.986685,1054,28
0.000000,0.000000,29.000000,1.000000,0.000000,0.000000,1.000000,0.000000,0.000000,0.000000,8.427578,1.000000,1.000000,1.000000,1.000000,0.000000,0.000000,0.019549,0.967448,0.980688,168.853515,0.791043,0.527362,1.000000,0.775036,181.866699,0.000000,False,False,False,0.992029,1.000000,0.984058,1055,28
0.000000,0.000000,29.000000,1.000000,0.000000,0.000000,1.000000,0.000000,0.000000,0.000000,8.431734,1.000000,1.000000,1.000000,1.000000,0.000000,0.000000,0.026214,0.965426,0.971912,168.083656,0.791108,0.527406,1.000000,0.769860,181.074436,0.000000,False,False,False,0.990328,1.000000,0.980657,1056,28
0.000000,0.000000,29.000000,1.000000,0.000000,0.000000,1.000000,0.000000,0.000000,0.000000,8.450604,1.000000,1.000000,1.000000,1.000000,0.000000,0.000000,0.015629,0.967335,0.983758,167.305942,0.791043,0.527362,1.000000,0.777713,180.285767,0.000000,False,False,False,0.985837,1.000000,0.971674,1057,28
0.000000,0.000000,29.000000,1.000000,0.000000,0.000000,1.000000,0.000000,0.000000,0.000000,8.455015,1.000000,1.000000,1.000000,1.000000,0.000000,0.000000,0.022286,0.966951,0.979335,166.533290,0.791096,0.527397,1.000000,0.772652,179.492912,0.000000,False,False,False,0.991069,1.000000,0.982137,1058,28
0.000000,0.000000,29.000000,1.000000,0.000000,0.000000,1.000000,0.000000,0.000000,0.000000,8.469626,1.000000,1.000000,1.000000,1.000000,0.000000,0.000000,0.027068,0.967267,0.973247,165.763633,0.791120,0.527413,1.000000,0.769657,178.701175,0.000000,False,False,False,0.989671,1.000000,0.979343,1059,28
0.000000,0.000000,29.000000,1.000000,0.000000,0.000000,1.000000,0.000000,0.000000,0.000000,8.476809,1.000000,1.000000,1.000000,1.000000,0.000000,0.000000,0.017539,0.973275,0.981424,164.987319,0.791032,0.527355,1.000000,0.776314,177.912914,0.000000,False,False,False,0.985326,1.000000,0.970652,1060,28
0.000000,0.000000,29.000000,1.000000,0.000000,0.000000,1.000000,0.000000,0.000000,0.000000,8.490353,1.000000,1.000000,1.000000,1.000000,0.000000,0.000000,0.018650,0.966177,0.980866,164.212265,0.791058,0.527372,1.000000,0.775054,177.120753,0.000000,False,False,False,0.990201,1.000000,0.980402,1061,28
0.000000,0.000000,29.000000,1.000000,0.000000,0.000000,1.000000,0.000000,0.000000,0.000000,8.497294,1.000000,1.000000,1.000000,1.000000,0.000000,0.000000,0.023127,0.967564,0.976811,163.440147,0.791090,0.527394,1.000000,0.772119,176.328636,0.000000,False,False,False,0.990146,1.000000,0.980293,1062,28
0.000000,0.000000,29.000000,1.000000,0.000000,0.000000,1.000000,0.000000,0.000000,0.000000,8.510676,1.000000,1.000000,1.000000,1.000000,0.000000,0.000000,0.012240,0.970799,0.988557,162.659269,0.791076,0.527384,1.000000,0.780877,175.538204,0.000000,False,False,False,0.988040,1.000000,0.976080,1063,28
0.000000,0.000000,29.000000,1.000000,0.000000,0.000000,1.000000,0.000000,0.000000,0.000000,8.515086,1.000000,1.000000,1.000000,1.000000,0.000000,0.000000,0.017693,0.972042,0.982481,161.884088,0.791225,0.527483,1.000000,0.775181,174.742661,0.000000,False,False,False,0.994429,1.000000,0.988857,1064,28
0.000000,0.000000,29.000000,1.000000,0.000000,0.000000,1.000000,0.000000,0.000000,0.000000,8.528795,1.000000,1.000000,1.000000,1.000000,0.000000,0.000000,0.012513,0.979018,0.988272,161.102746,0.791266,0.527510,1.000000,0.781342,173.950876,0.000000,False,False,False,0.989732,1.000000,0.979463,1065,28
0.000000,0.000000,29.000000,1.000000,0.000000,0.000000,1.000000,0.000000,0.000000,0.000000,8.535777,1.000000,1.000000,1.000000,1.000000,0.000000,0.000000,0.008051,0.980581,0.991874,160.320231,0.791396,0.527597,1.000000,0.782515,173.156206,0.000000,False,False,False,0.993338,1.000000,0.986676,1066,28
0.000000,0.000000,29.000000,1.000000,0.000000,0.000000,1.000000,0.000000,0.000000,0.000000,8.547184,1.000000,1.000000,1.000000,1.000000,0.000000,0.000000,0.020370,0.960755,0.979453,159.546280,0.791589,0.527726,1.000000,0.773951,172.359630,0.000000,False,False,False,0.995720,1.000000,0.991439,1067,28
0.000000,0.000000,29.000000,1.000000,0.000000,0.000000,1.000000,0.000000,0.000000,0.000000,8.561118,1.000000,1.000000,1.000000,1.000000,0.000000,0.000000,0.021828,0.973259,0.977132,158.773012,0.791617,0.527745,1.000000,0.773268,171.568356,0.000000,False,False,False,0.989092,1.000000,0.978185,1068,28
0.000000,0.000000,29.000000,1.000000,0.000000,0.000000,1.000000,0.000000,0.000000,0.000000,8.579449,1.000000,1.000000,1.000000,1.000000,0.000000,0.000000,0.015160,0.967237,0.986260,157.993973,0.791575,0.527716,1.000000,0.779039,170.778480,0.000000,False,False,False,0.987345,1.000000,0.974690,1069,28
0.000000,0.000000,29.000000,1.000000,0.000000,0.000000,1.000000,0.000000,0.000000,0.000000,8.587264,1.000000,1.000000,1.000000,1.000000,0.000000,0.000000,0.018688,0.968117,0.981701,157.219103,0.791705,0.527803,1.000000,0.774869,169.982775,0.000000,False,False,False,0.994631,1.000000,0.989262,1070,28
0.000000,0.000000,29.000000,1.000000,0.000000,0.000000,1.000000,0.000000,0.000000,0.000000,8.603125,1.000000,1.000000,1.000000,1.000000,0.000000,0.000000,0.017259,0.968315,0.983459,156.440961,0.791806,0.527871,1.000000,0.778142,169.188516,0.000000,False,False,False,0.992824,1.000000,0.985648,1071,28
0.000000,0.000000,29.000000,1.000000,0.000000,0.000000,1.000000,0.000000,0.000000,0.000000,8.611254,1.000000,1.000000,1.000000,1.000000,0.000000,0.000000,0.019242,0.972593,0.979363,155.664976,0.791864,0.527910,1.000000,0.775986,168.395728,0.000000,False,False,False,0.990985,1.000000,0.981969,1072,28
0.000000,0.000000,29.000000,1.000000,0.000000,0.000000,1.000000,0.000000,0.000000,0.000000,8.627355,1.000000,1.000000,1.000000,1.000000,0.000000,0.000000,0.016440,0.976587,0.984443,154.886169,0.791827,0.527885,1.000000,0.778807,167.605404,0.000000,False,False,False,0.987905,1.000000,0.975809,1073,28
0.000000,0.000000,29.000000,1.000000,0.000000,0.000000,1.000000,0.000000,0.000000,0.000000,8.631565,1.000000,1.000000,1.000000,1.000000,0.000000,0.000000,0.011455,0.979949,0.988679,154.104145,0.791897,0.527931,1.000000,0.782024,166.811381,0.000000,False,False,False,0.992529,1.000000,0.985057,1074,28
0.000000,0.000000,29.000000,1.000000,0.000000,0.000000,1.000000,0.000000,0.000000,0.000000,8.639166,1.000000,1.000000,1.000000,1.000000,0.000000,0.000000,0.016509,0.970752,0.982571,153.326052,0.792063,0.528042,1.000000,0.778093,166.014717,0.000000,False,False,False,0.995830,1.000000,0.991660,1075,28
0.000000,0.000000,29.000000,1.000000,0.000000,0.000000,1.000000,0.000000,0.000000,0.000000,8.651363,1.000000,1.000000,1.000000,1.000000,0.000000,0.000000,0.014270,0.977537,0.985442,152.545741,0.792118,0.528079,1.000000,0.780311,165.221947,0.000000,False,False,False,0.990963,1.000000,0.981926,1076,28
0.000000,0.000000,29.000000,1.000000,0.000000,0.000000,1.000000,0.000000,0.000000,0.000000,8.662939,1.000000,1.000000,1.000000,1.000000,0.000000,0.000000,0.009710,0.966187,0.991127,151.765046,0.792192,0.528128,1.000000,0.780695,164.428178,0.000000,False,False,False,0.992211,1.000000,0.984421,1077,28
0.000000,0.000000,29.000000,1.000000,0.000000,0.000000,1.000000,0.000000,0.000000,0.000000,8.680009,1.000000,1.000000,1.000000,1.000000,0.000000,0.000000,0.028020,0.953815,0.974032,150.995244,0.792345,0.528230,1.000000,0.769802,163.631786,0.000000,False,False,False,0.995490,1.000000,0.990980,1078,28
0.000000,0.000000,29.000000,1.000000,0.000000,0.000000,1.000000,0.000000,0.000000,0.000000,8.680784,1.000000,1.000000,1.000000,1.000000,0.000000,0.000000,0.029110,0.959401,0.970192,150.226250,0.792243,0.528162,1.000000,0.768994,162.843352,0.000000,False,False,False,0.985542,1.000000,0.971084,1079,28
0.000000,0.000000,29.000000,1.000000,0.000000,0.000000,1.000000,0.000000,0.000000,0.000000,8.704056,1.000000,1.000000,1.000000,1.000000,0.000000,0.000000,0.018035,0.966604,0.980541,149.449325,0.792135,0.528090,1.000000,0.776925,162.054095,0.000000,False,False,False,0.986572,1.000000,0.973143,1080,28
0.000000,0.000000,29.000000,1.000000,0.000000,0.000000,1.000000,0.000000,0.000000,0.000000,8.720036,1.000000,1.000000,1.000000,1.000000,0.000000,0.000000,0.018210,0.970387,0.983755,148.672522,0.792120,0.528080,1.000000,0.776803,161.261802,0.000000,False,False,False,0.990366,1.000000,0.980732,1081,28
0.000000,0.000000,29.000000,1.000000,0.000000,0.000000,1.000000,0.000000,0.000000,0.000000,8.730860,1.000000,1.000000,1.000000,1.000000,0.000000,0.000000,0.013992,0.981969,0.987058,147.891492,0.792114,0.528076,1.000000,0.781031,160.469581,0.000000,False,False,False,0.990276,1.000000,0.980552,1082,28
0.000000,0.000000,29.000000,1.000000,0.000000,0.000000,1.000000,0.000000,0.000000,0.000000,8.725116,1.000000,1.000000,1.000000,1.000000,0.000000,0.000000,0.012542,0.970901,0.987284,147.111208,0.792190,0.528126,1.000000,0.780284,159.675192,0.000000,False,False,False,0.992986,1.000000,0.985973,1083,28
0.000000,0.000000,29.000000,1.000000,0.000000,0.000000,1.000000,0.000000,0.000000,0.000000,8.732450,1.000000,1.000000,1.000000,1.000000,0.000000,0.000000,0.015701,0.967814,0.984801,146.332487,0.792308,0.528205,1.000000,0.778721,158.879830,0.000000,False,False,False,0.994203,1.000000,0.988406,1084,28
0.000000,0.000000,29.000000,1.000000,0.000000,0.000000,1.000000,0.000000,0.000000,0.000000,8.726929,1.000000,1.000000,1.000000,1.000000,0.000000,0.000000,0.022690,0.966048,0.977752,145.558278,0.792414,0.528276,1.000000,0.774209,158.085065,0.000000,False,False,False,0.993456,1.000000,0.986913,1085,28
0.000000,0.000000,29.000000,1.000000,0.000000,0.000000,1.000000,0.000000,0.000000,0.000000,8.736567,1.000000,1.000000,1.000000,1.000000,0.000000,0.000000,0.021853,0.956893,0.981168,144.783434,0.792442,0.528295,1.000000,0.774844,157.292503,0.000000,False,False,False,0.990703,1.000000,0.981405,1086,28
0.000000,0.000000,29.000000,1.000000,0.000000,0.000000,1.000000,0.000000,0.000000,0.000000,8.733446,1.000000,1.000000,1.000000,1.000000,0.000000,0.000000,0.014627,0.971571,0.985743,144.003261,0.792473,0.528315,1.000000,0.780173,156.499442,0.000000,False,False,False,0.991326,1.000000,0.982652,1087,28
0.000000,0.000000,29.000000,1.000000,0.000000,0.000000,1.000000,0.000000,0.000000,0.000000,8.744965,1.000000,1.000000,1.000000,1.000000,0.000000,0.000000,0.011870,0.976742,0.987852,143.220529,0.792536,0.528357,1.000000,0.782732,155.705194,0.000000,False,False,False,0.992810,1.000000,0.985620,1088,28
0.000000,0.000000,29.000000,1.000000,0.000000,0.000000,1.000000,0.000000,0.000000,0.000000,8.747039,1.000000,1.000000,1.000000,1.000000,0.000000,0.000000,0.025567,0.957032,0.976157,142.449590,0.792646,0.528431,1.000000,0.770940,154.909577,0.000000,False,False,False,0.994521,1.000000,0.989042,1089,28
0.000000,0.000000,29.000000,1.000000,0.000000,0.000000,1.000000,0.000000,0.000000,0.000000,8.761290,1.000000,1.000000,1.000000,1.000000,0.000000,0.000000,0.016221,0.982883,0.985200,141.669959,0.792615,0.528410,1.000000,0.779631,154.118546,0.000000,False,False,False,0.988789,1.000000,0.977577,1090,28
0.000000,0.000000,29.000000,1.000000,0.000000,0.000000,1.000000,0.000000,0.000000,0.000000,8.767744,1.000000,1.000000,1.000000,1.000000,0.000000,0.000000,0.015733,0.971717,0.983224,140.889943,0.792667,0.528445,1.000000,0.780016,153.324498,0.000000,False,False,False,0.992560,1.000000,0.985120,1091,28
0.000000,0.000000,29.000000,1.000000,0.000000,0.000000,1.000000,0.000000,0.000000,0.000000,8.783652,1.000000,1.000000,1.000000,1.000000,0.000000,0.000000,0.019463,0.971519,0.981217,140.113014,0.792687,0.528458,1.000000,0.776928,152.531281,0.000000,False,False,False,0.991522,1.000000,0.983044,1092,28
0.000000,0.000000,29.000000,1.000000,0.000000,0.000000,1.000000,0.000000,0.000000,0.000000,8.786887,1.000000,1.000000,1.000000,1.000000,0.000000,0.000000,0.019199,0.967984,0.981253,139.335593,0.792644,0.528430,1.000000,0.777421,151.740056,0.000000,False,False,False,0.989031,1.000000,0.978062,1093,28
0.000000,0.000000,29.000000,1.000000,0.000000,0.000000,1.000000,0.000000,0.000000,0.000000,8.804114,1.000000,1.000000,1.000000,1.000000,0.000000,0.000000,0.010131,0.972837,0.989789,138.552860,0.792603,0.528402,1.000000,0.782733,150.948591,0.000000,False,False,False,0.989331,1.000000,0.978663,1094,28
0.000000,0.000000,29.000000,1.000000,0.000000,0.000000,1.000000,0.000000,0.000000,0.000000,8.807360,1.000000,1.000000,1.000000,1.000000,0.000000,0.000000,0.023162,0.953654,0.978072,137.780504,0.792702,0.528468,1.000000,0.772356,150.152776,0.000000,False,False,False,0.994769,1.000000,0.989538,1095,28
0.000000,0.000000,29.000000,1.000000,0.000000,0.000000,1.000000,0.000000,0.000000,0.000000,8.830206,1.000000,1.000000,1.000000,1.000000,0.000000,0.000000,0.020176,0.969565,0.978060,137.004639,0.792634,0.528422,1.000000,0.775866,149.362312,0.000000,False,False,False,0.988080,1.000000,0.976160,1096,28
0.000000,0.000000,29.000000,1.000000,0.000000,0.000000,1.000000,0.000000,0.000000,0.000000,8.842928,1.000000,1.000000,1.000000,1.000000,0.000000,0.000000,0.015561,0.964557,0.984492,136.225443,0.792577,0.528385,1.000000,0.779196,148.571430,0.000000,False,False,False,0.988602,1.000000,0.977204,1097,28
0.000000,0.000000,29.000000,1.000000,0.000000,0.000000,1.000000,0.000000,0.000000,0.000000,8.862555,1.000000,1.000000,1.000000,1.000000,0.000000,0.000000,0.023822,0.960738,0.977218,135.453067,0.792622,0.528415,1.000000,0.772375,147.777167,0.000000,False,False,False,0.992829,1.000000,0.985658,1098,28
0.000000,0.000000,29.000000,1.000000,0.000000,0.000000,1.000000,0.000000,0.000000,0.000000,8.871854,1.000000,1.000000,1.000000,1.000000,0.000000,0.000000,0.019149,0.965171,0.980888,134.675668,0.792585,0.528390,1.000000,0.777399,146.985650,0.000000,False,False,False,0.989397,1.000000,0.978794,1099,28
0.000000,0.000000,29.000000,1.000000,0.000000,0.000000,1.000000,0.000000,0.000000,0.000000,8.893041,1.000000,1.000000,1.000000,1.000000,0.000000,0.000000,0.017778,0.965451,0.982902,133.897521,0.792553,0.528369,1.000000,0.778146,146.194013,0.000000,False,False,False,0.989546,1.000000,0.979092,1100,28
0.000000,0.000000,29.000000,1.000000,0.000000,0.000000,1.000000,0.000000,0.000000,0.000000,8.902167,1.000000,1.000000,1.000000,1.000000,0.000000,0.000000,0.015186,0.973789,0.985897,133.117566,0.792530,0.528354,1.000000,0.779956,145.401977,0.000000,False,False,False,0.990044,1.000000,0.980089,1101,28
0.000000,0.000000,29.000000,1.000000,0.000000,0.000000,1.000000,0.000000,0.000000,0.000000,8.927321,1.000000,1.000000,1.000000,1.000000,0.000000,0.000000,0.018854,0.971502,0.982093,132.340182,0.792594,0.528396,1.000000,0.777383,144.607381,0.000000,False,False,False,0.993245,1.000000,0.986490,1102,28
0.000000,0.000000,29.000000,1.000000,0.000000,0.000000,1.000000,0.000000,0.000000,0.000000,8.943567,1.000000,1.000000,1.000000,1.000000,0.000000,0.000000,0.019075,0.970665,0.981676,131.563114,0.792676,0.528450,1.000000,0.777068,143.812502,0.000000,False,False,False,0.993598,1.000000,0.987197,1103,28
0.000000,0.000000,29.000000,1.000000,0.000000,0.000000,1.000000,0.000000,0.000000,0.000000,8.967205,1.000000,1.000000,1.000000,1.000000,0.000000,0.000000,0.023280,0.959348,0.976947,130.788982,0.792651,0.528434,1.000000,0.774132,143.020963,0.000000,False,False,False,0.989424,1.000000,0.978848,1104,28
0.000000,0.000000,29.000000,1.000000,0.000000,0.000000,1.000000,0.000000,0.000000,0.000000,8.978220,1.000000,1.000000,1.000000,1.000000,0.000000,0.000000,0.014087,0.964511,0.986458,130.011145,0.792629,0.528419,1.000000,0.777837,142.229068,0.000000,False,False,False,0.989870,1.000000,0.979739,1105,28
0.000000,0.000000,29.000000,1.000000,0.000000,0.000000,1.000000,0.000000,0.000000,0.000000,9.005319,1.000000,1.000000,1.000000,1.000000,0.000000,0.000000,0.021324,0.957979,0.979702,129.236656,0.792654,0.528436,1.000000,0.774489,141.435542,0.000000,False,False,False,0.991907,1.000000,0.983814,1106,28
0.000000,0.000000,29.000000,1.000000,0.000000,0.000000,1.000000,0.000000,0.000000,0.000000,9.025717,1.000000,1.000000,1.000000,1.000000,0.000000,0.000000,0.020533,0.973234,0.980357,128.461438,0.792594,0.528396,1.000000,0.775218,140.644711,0.000000,False,False,False,0.988538,1.000000,0.977077,1107,28
0.000000,0.000000,29.000000,1.000000,0.000000,0.000000,1.000000,0.000000,0.000000,0.000000,9.055151,1.000000,1.000000,1.000000,1.000000,0.000000,0.000000,0.015139,0.973153,0.984704,127.681058,0.792567,0.528378,1.000000,0.780381,139.852835,0.000000,False,False,False,0.989845,1.000000,0.979690,1108,28
0.000000,0.000000,29.000000,1.000000,0.000000,0.000000,1.000000,0.000000,0.000000,0.000000,9.078206,1.000000,1.000000,1.000000,1.000000,0.000000,0.000000,0.020440,0.961840,0.979751,126.907357,0.792609,0.528406,1.000000,0.773700,139.058782,0.000000,False,False,False,0.992567,1.000000,0.985134,1109,28
0.000000,0.000000,29.000000,1.000000,0.000000,0.000000,1.000000,0.000000,0.000000,0.000000,9.111821,1.000000,1.000000,1.000000,1.000000,0.000000,0.000000,0.021689,0.960615,0.976184,126.132263,0.792499,0.528332,1.000000,0.775095,138.269551,0.000000,False,False,False,0.986539,1.000000,0.973077,1110,28
0.000000,0.000000,29.000000,1.000000,0.000000,0.000000,1.000000,0.000000,0.000000,0.000000,9.135928,1.000000,1.000000,1.000000,1.000000,0.000000,0.000000,0.015271,0.967730,0.984205,125.354513,0.792369,0.528246,1.000000,0.777749,137.480700,0.000000,False,False,False,0.986064,1.000000,0.972129,1111,28
0.000000,0.000000,29.000000,1.000000,0.000000,0.000000,1.000000,0.000000,0.000000,0.000000,9.169374,1.000000,1.000000,1.000000,1.000000,0.000000,0.000000,0.017092,0.948630,0.985859,124.577186,0.792363,0.528242,1.000000,0.777327,136.687891,0.000000,False,False,False,0.991011,1.000000,0.982021,1112,28
0.000000,0.000000,29.000000,1.000000,0.000000,0.000000,1.000000,0.000000,0.000000,0.000000,9.192779,1.000000,1.000000,1.000000,1.000000,0.000000,0.000000,0.016904,0.958254,0.982790,123.802409,0.792377,0.528251,1.000000,0.774778,135.894823,0.000000,False,False,False,0.991336,1.000000,0.982671,1113,28
0.000000,0.000000,29.000000,1.000000,0.000000,0.000000,1.000000,0.000000,0.000000,0.000000,9.247176,1.000000,1.000000,1.000000,1.000000,0.000000,0.000000,0.019889,0.964552,0.980163,123.025993,0.792378,0.528252,1.000000,0.776415,135.102466,0.000000,False,False,False,0.990446,1.000000,0.980891,1114,28
0.000000,0.000000,29.000000,1.000000,0.000000,0.000000,1.000000,0.000000,0.000000,0.000000,9.289316,1.000000,1.000000,1.000000,1.000000,0.000000,0.000000,0.020134,0.962128,0.980600,122.251439,0.792295,0.528196,1.000000,0.774554,134.312648,0.000000,False,False,False,0.987272,1.000000,0.974544,1115,28
0.000000,0.000000,29.000000,1.000000,0.000000,0.000000,1.000000,0.000000,0.000000,0.000000,9.343915,1.000000,1.000000,1.000000,1.000000,0.000000,0.000000,0.023595,0.955366,0.975925,121.477909,0.792321,0.528214,1.000000,0.773530,133.519294,0.000000,False,False,False,0.991693,1.000000,0.983387,1116,28
0.000000,0.000000,29.000000,1.000000,0.000000,0.000000,1.000000,0.000000,0.000000,0.000000,9.386186,1.000000,1.000000,1.000000,1.000000,0.000000,0.000000,0.015212,0.977332,0.984820,120.699073,0.792152,0.528101,1.000000,0.778836,132.731969,0.000000,False,False,False,0.984155,1.000000,0.968310,1117,28
0.000000,0.000000,29.000000,1.000000,0.000000,0.000000,1.000000,0.000000,0.000000,0.000000,9.440311,1.000000,1.000000,1.000000,1.000000,0.000000,0.000000,0.017937,0.952364,0.983186,119.922127,0.792180,0.528120,1.000000,0.776946,131.938475,0.000000,False,False,False,0.991868,1.000000,0.983736,1118,28
0.000000,0.000000,29.000000,1.000000,0.000000,0.000000,1.000000,0.000000,0.000000,0.000000,9.486059,1.000000,1.000000,1.000000,1.000000,0.000000,0.000000,0.034774,0.955963,0.965321,119.159692,0.792164,0.528109,1.000000,0.762435,131.146542,0.000000,False,False,False,0.989916,1.000000,0.979832,1119,28
0.000000,0.000000,29.000000,1.000000,0.000000,0.000000,1.000000,0.000000,0.000000,0.000000,9.543940,1.000000,1.000000,1.000000,1.000000,0.000000,0.000000,0.017068,0.968560,0.983306,118.381965,0.791890,0.527926,1.000000,0.777726,130.362630,0.000000,False,False,False,0.979890,1.000000,0.959781,1120,28
0.000000,0.000000,29.000000,1.000000,0.000000,0.000000,1.000000,0.000000,0.000000,0.000000,9.579015,1.000000,1.000000,1.000000,1.000000,0.000000,0.000000,0.011888,0.977036,0.989632,117.601731,0.791897,0.527931,1.000000,0.780234,129.569533,0.000000,False,False,False,0.991371,1.000000,0.982743,1121,28
0.000000,0.000000,29.000000,1.000000,0.000000,0.000000,1.000000,0.000000,0.000000,0.000000,9.625499,1.000000,1.000000,1.000000,1.000000,0.000000,0.000000,0.022842,0.967067,0.977465,116.829065,0.792040,0.528027,1.000000,0.772666,128.772841,0.000000,False,False,False,0.995865,1.000000,0.991731,1122,28
0.000000,0.000000,29.000000,1.000000,0.000000,0.000000,1.000000,0.000000,0.000000,0.000000,9.659792,1.000000,1.000000,1.000000,1.000000,0.000000,0.000000,0.019151,0.970103,0.980561,116.052998,0.791949,0.527966,1.000000,0.776067,127.984134,0.000000,False,False,False,0.985883,1.000000,0.971766,1123,28
0.000000,0.000000,29.000000,1.000000,0.000000,0.000000,1.000000,0.000000,0.000000,0.000000,9.708903,1.000000,1.000000,1.000000,1.000000,0.000000,0.000000,0.016760,0.962323,0.982495,115.275082,0.791959,0.527972,1.000000,0.777916,127.191855,0.000000,False,False,False,0.990349,1.000000,0.980697,1124,28
0.000000,0.000000,29.000000,1.000000,0.000000,0.000000,1.000000,0.000000,0.000000,0.000000,9.745154,1.000000,1.000000,1.000000,1.000000,0.000000,0.000000,0.016876,0.967390,0.984384,114.499117,0.791956,0.527971,1.000000,0.775965,126.399811,0.000000,False,False,False,0.990055,1.000000,0.980111,1125,28
0.000000,0.000000,29.000000,1.000000,0.000000,0.000000,1.000000,0.000000,0.000000,0.000000,9.798366,1.000000,1.000000,1.000000,1.000000,0.000000,0.000000,0.029636,0.955432,0.970678,113.731528,0.791973,0.527982,1.000000,0.767589,125.607361,0.000000,False,False,False,0.990562,1.000000,0.981124,1126,28
0.000000,0.000000,29.000000,1.000000,0.000000,0.000000,1.000000,0.000000,0.000000,0.000000,9.869502,1.000000,1.000000,1.000000,1.000000,0.000000,0.000000,0.017553,0.958124,0.983508,112.954747,0.791867,0.527911,1.000000,0.776781,124.818623,0.000000,False,False,False,0.985923,1.000000,0.971846,1127,28
0.000000,0.000000,29.000000,1.000000,0.000000,0.000000,1.000000,0.000000,0.000000,0.000000,9.916739,1.000000,1.000000,1.000000,1.000000,0.000000,0.000000,0.022434,0.963612,0.978282,112.182429,0.791946,0.527964,1.000000,0.772318,124.024032,0.000000,False,False,False,0.993239,1.000000,0.986478,1128,28
0.000000,0.000000,29.000000,1.000000,0.000000,0.000000,1.000000,0.000000,0.000000,0.000000,9.926127,1.000000,1.000000,1.000000,1.000000,0.000000,0.000000,0.020171,0.960744,0.978435,111.406487,0.791916,0.527944,1.000000,0.775942,123.233081,0.000000,False,False,False,0.988689,1.000000,0.977377,1129,28
0.000000,0.000000,29.000000,1.000000,0.000000,0.000000,1.000000,0.000000,0.000000,0.000000,9.911912,1.000000,1.000000,1.000000,1.000000,0.000000,0.000000,0.017110,0.971169,0.981397,110.629847,0.791864,0.527909,1.000000,0.776641,122.442790,0.000000,False,False,False,0.987863,1.000000,0.975726,1130,28
0.000000,0.000000,29.000000,1.000000,0.000000,0.000000,1.000000,0.000000,0.000000,0.000000,9.906964,1.000000,1.000000,1.000000,1.000000,0.000000,0.000000,0.022362,0.953994,0.977435,109.857272,0.791846,0.527898,1.000000,0.772575,121.651188,0.000000,False,False,False,0.989503,1.000000,0.979007,1131,28
0.000000,0.000000,29.000000,1.000000,0.000000,0.000000,1.000000,0.000000,0.000000,0.000000,9.902037,1.000000,1.000000,1.000000,1.000000,0.000000,0.000000,0.014970,0.976349,0.986101,109.078730,0.791741,0.527827,1.000000,0.778542,120.862334,0.000000,False,False,False,0.986067,1.000000,0.972134,1132,28
0.000000,0.000000,29.000000,1.000000,0.000000,0.000000,1.000000,0.000000,0.000000,0.000000,9.894924,1.000000,1.000000,1.000000,1.000000,0.000000,0.000000,0.020763,0.964347,0.979125,108.304065,0.791833,0.527888,1.000000,0.774665,120.067400,0.000000,False,False,False,0.993667,1.000000,0.987335,1133,28
0.000000,0.000000,29.000000,1.000000,0.000000,0.000000,1.000000,0.000000,0.000000,0.000000,9.891701,1.000000,1.000000,1.000000,1.000000,0.000000,0.000000,0.023018,0.963358,0.978683,107.531513,0.791788,0.527859,1.000000,0.772553,119.277051,0.000000,False,False,False,0.987936,1.000000,0.975872,1134,28
0.000000,0.000000,29.000000,1.000000,0.000000,0.000000,1.000000,0.000000,0.000000,0.000000,9.884170,1.000000,1.000000,1.000000,1.000000,0.000000,0.000000,0.018012,0.970843,0.981580,106.754338,0.791753,0.527835,1.000000,0.777175,118.486341,0.000000,False,False,False,0.988388,1.000000,0.976775,1135,28
0.000000,0.000000,29.000000,1.000000,0.000000,0.000000,1.000000,0.000000,0.000000,0.000000,9.878865,1.000000,1.000000,1.000000,1.000000,0.000000,0.000000,0.015786,0.972878,0.985147,105.975980,0.791767,0.527845,1.000000,0.778358,117.693961,0.000000,False,False,False,0.990476,1.000000,0.980952,1136,28
0.000000,0.000000,29.000000,1.000000,0.000000,0.000000,1.000000,0.000000,0.000000,0.000000,9.871187,1.000000,1.000000,1.000000,1.000000,0.000000,0.000000,0.018087,0.966544,0.982742,105.200258,0.791803,0.527869,1.000000,0.775723,116.901098,0.000000,False,False,False,0.991078,1.000000,0.982157,1137,28
0.000000,0.000000,29.000000,1.000000,0.000000,0.000000,1.000000,0.000000,0.000000,0.000000,9.880169,1.000000,1.000000,1.000000,1.000000,0.000000,0.000000,0.024943,0.951716,0.975594,104.429066,0.791872,0.527914,1.000000,0.771191,116.107404,0.000000,False,False,False,0.992117,1.000000,0.984235,1138,28
0.000000,0.000000,29.000000,1.000000,0.000000,0.000000,1.000000,0.000000,0.000000,0.000000,9.866275,1.000000,1.000000,1.000000,1.000000,0.000000,0.000000,0.022835,0.954176,0.977650,103.655396,0.791831,0.527887,1.000000,0.773670,115.317111,0.000000,False,False,False,0.987866,1.000000,0.975732,1139,28
0.000000,0.000000,29.000000,1.000000,0.000000,0.000000,1.000000,0.000000,0.000000,0.000000,9.868892,1.000000,1.000000,1.000000,1.000000,0.000000,0.000000,0.013939,0.977792,0.987419,102.875847,0.791748,0.527832,1.000000,0.779549,114.527691,0.000000,False,False,False,0.986775,1.000000,0.973550,1140,28
0.000000,0.000000,29.000000,1.000000,0.000000,0.000000,1.000000,0.000000,0.000000,0.000000,9.857920,1.000000,1.000000,1.000000,1.000000,0.000000,0.000000,0.018415,0.969305,0.981691,102.099095,0.791856,0.527904,1.000000,0.776752,113.732301,0.000000,False,False,False,0.994238,1.000000,0.988476,1141,28
0.000000,0.000000,29.000000,1.000000,0.000000,0.000000,1.000000,0.000000,0.000000,0.000000,9.856726,1.000000,1.000000,1.000000,1.000000,0.000000,0.000000,0.017634,0.963689,0.982903,101.322025,0.791898,0.527932,1.000000,0.777070,112.939486,0.000000,False,False,False,0.991018,1.000000,0.982037,1142,28
0.000000,0.000000,29.000000,1.000000,0.000000,0.000000,1.000000,0.000000,0.000000,0.000000,9.853551,1.000000,1.000000,1.000000,1.000000,0.000000,0.000000,0.026167,0.951291,0.974795,100.552760,0.791957,0.527971,1.000000,0.769265,112.146206,0.000000,False,False,False,0.991600,1.000000,0.983201,1143,28
0.000000,0.000000,29.000000,1.000000,0.000000,0.000000,1.000000,0.000000,0.000000,0.000000,9.853517,1.000000,1.000000,1.000000,1.000000,0.000000,0.000000,0.016252,0.969331,0.983500,99.775287,0.791867,0.527912,1.000000,0.777473,111.357244,0.000000,False,False,False,0.986203,1.000000,0.972405,1144,28
0.000000,0.000000,29.000000,1.000000,0.000000,0.000000,1.000000,0.000000,0.000000,0.000000,9.855233,1.000000,1.000000,1.000000,1.000000,0.000000,0.000000,0.025778,0.947587,0.973450,99.004226,0.791902,0.527935,1.000000,0.771061,110.564056,0.000000,False,False,False,0.991485,1.000000,0.982969,1145,28
0.000000,0.000000,29.000000,1.000000,0.000000,0.000000,1.000000,0.000000,0.000000,0.000000,9.856818,1.000000,1.000000,1.000000,1.000000,0.000000,0.000000,0.031552,0.957675,0.971240,98.238889,0.791776,0.527851,1.000000,0.765337,109.775871,0.000000,False,False,False,0.985231,1.000000,0.970463,1146,28
0.000000,0.000000,29.000000,1.000000,0.000000,0.000000,1.000000,0.000000,0.000000,0.000000,9.852200,1.000000,1.000000,1.000000,1.000000,0.000000,0.000000,0.021066,0.963782,0.979233,97.464344,0.791612,0.527742,1.000000,0.774545,108.988548,0.000000,False,False,False,0.984154,1.000000,0.968307,1147,28
0.000000,0.000000,29.000000,1.000000,0.000000,0.000000,1.000000,0.000000,0.000000,0.000000,9.849928,1.000000,1.000000,1.000000,1.000000,0.000000,0.000000,0.026331,0.957354,0.973039,96.694861,0.791561,0.527708,1.000000,0.769483,108.197554,0.000000,False,False,False,0.988742,1.000000,0.977484,1148,28
0.000000,0.000000,29.000000,1.000000,0.000000,0.000000,1.000000,0.000000,0.000000,0.000000,9.831226,1.000000,1.000000,1.000000,1.000000,0.000000,0.000000,0.019275,0.959998,0.980369,95.919602,0.791471,0.527647,1.000000,0.775259,107.408235,0.000000,False,False,False,0.986649,1.000000,0.973298,1149,28
0.000000,0.000000,29.000000,1.000000,0.000000,0.000000,1.000000,0.000000,0.000000,0.000000,9.845195,1.000000,1.000000,1.000000,1.000000,0.000000,0.000000,0.026058,0.956167,0.974893,95.149280,0.791391,0.527594,1.000000,0.770322,106.618717,0.000000,False,False,False,0.986898,1.000000,0.973795,1150,28
0.000000,0.000000,29.000000,1.000000,0.000000,0.000000,1.000000,0.000000,0.000000,0.000000,9.839662,1.000000,1.000000,1.000000,1.000000,0.000000,0.000000,0.029916,0.952905,0.968028,94.382428,0.791377,0.527585,1.000000,0.766852,105.827297,0.000000,False,False,False,0.989276,1.000000,0.978551,1151,28
0.000000,0.000000,29.000000,1.000000,0.000000,0.000000,1.000000,0.000000,0.000000,0.000000,9.847140,1.000000,1.000000,1.000000,1.000000,0.000000,0.000000,0.030086,0.950240,0.968148,93.615786,0.791119,0.527413,1.000000,0.766641,105.043484,0.000000,False,False,False,0.979766,1.000000,0.959533,1152,28
0.000000,0.000000,29.000000,1.000000,0.000000,0.000000,1.000000,0.000000,0.000000,0.000000,9.823407,1.000000,1.000000,1.000000,1.000000,0.000000,0.000000,0.028800,0.959396,0.971158,92.848207,0.790787,0.527191,1.000000,0.767579,104.261233,0.000000,False,False,False,0.977813,1.000000,0.955626,1153,28
0.000000,0.000000,29.000000,1.000000,0.000000,0.000000,1.000000,0.000000,0.000000,0.000000,9.842271,1.000000,1.000000,1.000000,1.000000,0.000000,0.000000,0.021770,0.958435,0.977334,92.076145,0.790614,0.527076,1.000000,0.772062,103.473777,0.000000,False,False,False,0.984321,1.000000,0.968641,1154,28
0.000000,0.000000,29.000000,1.000000,0.000000,0.000000,1.000000,0.000000,0.000000,0.000000,9.798855,1.000000,1.000000,1.000000,1.000000,0.000000,0.000000,0.028714,0.938642,0.973856,91.311638,0.790517,0.527012,1.000000,0.764507,102.684816,0.000000,False,False,False,0.986201,1.000000,0.972402,1155,28
0.000000,0.000000,29.000000,1.000000,0.000000,0.000000,1.000000,0.000000,0.000000,0.000000,9.814969,1.000000,1.000000,1.000000,1.000000,0.000000,0.000000,0.027576,0.961669,0.975142,90.543145,0.790415,0.526943,1.000000,0.768493,101.896767,0.000000,False,False,False,0.985062,1.000000,0.970124,1156,28
0.000000,0.000000,29.000000,1.000000,0.000000,0.000000,1.000000,0.000000,0.000000,0.000000,9.811133,1.000000,1.000000,1.000000,1.000000,0.000000,0.000000,0.021790,0.957532,0.978666,89.770928,0.790335,0.526890,1.000000,0.772217,101.108227,0.000000,False,False,False,0.985675,1.000000,0.971350,1157,28
0.000000,0.000000,29.000000,1.000000,0.000000,0.000000,1.000000,0.000000,0.000000,0.000000,9.804855,1.000000,1.000000,1.000000,1.000000,0.000000,0.000000,0.030753,0.959844,0.968471,89.004974,0.790316,0.526878,1.000000,0.765954,100.318011,0.000000,False,False,False,0.987770,1.000000,0.975540,1158,28
0.000000,0.000000,29.000000,1.000000,0.000000,0.000000,1.000000,0.000000,0.000000,0.000000,9.790404,1.000000,1.000000,1.000000,1.000000,0.000000,0.000000,0.034858,0.934618,0.966816,88.242497,0.790117,0.526745,1.000000,0.762477,99.533486,0.000000,False,False,False,0.980656,1.000000,0.961312,1159,28
0.000000,0.000000,29.000000,1.000000,0.000000,0.000000,1.000000,0.000000,0.000000,0.000000,9.796558,1.000000,1.000000,1.000000,1.000000,0.000000,0.000000,0.032374,0.953905,0.968481,87.478472,0.789785,0.526523,1.000000,0.764026,98.752534,0.000000,False,False,False,0.976190,1.000000,0.952379,1160,28
0.000000,0.000000,29.000000,1.000000,0.000000,0.000000,1.000000,0.000000,0.000000,0.000000,9.761745,1.000000,1.000000,1.000000,1.000000,0.000000,0.000000,0.021109,0.948432,0.978269,86.706115,0.789626,0.526417,1.000000,0.772356,97.965937,0.000000,False,False,False,0.983246,1.000000,0.966491,1161,28
0.000000,0.000000,29.000000,1.000000,0.000000,0.000000,1.000000,0.000000,0.000000,0.000000,9.795492,1.000000,1.000000,1.000000,1.000000,0.000000,0.000000,0.014867,0.955844,0.984367,85.931735,0.789587,0.526392,1.000000,0.774381,97.176285,0.000000,False,False,False,0.987066,1.000000,0.974132,1162,28
0.000000,0.000000,29.000000,1.000000,0.000000,0.000000,1.000000,0.000000,0.000000,0.000000,9.729570,1.000000,1.000000,1.000000,1.000000,0.000000,0.000000,0.024567,0.933453,0.975752,85.162502,0.789714,0.526476,1.000000,0.769232,96.382516,0.000000,False,False,False,0.992211,1.000000,0.984422,1163,28
0.000000,0.000000,29.000000,1.000000,0.000000,0.000000,1.000000,0.000000,0.000000,0.000000,9.766581,1.000000,1.000000,1.000000,1.000000,0.000000,0.000000,0.023163,0.956071,0.977573,84.393442,0.789745,0.526496,1.000000,0.769060,95.592359,0.000000,False,False,False,0.987695,1.000000,0.975391,1164,28
0.000000,0.000000,29.000000,1.000000,0.000000,0.000000,1.000000,0.000000,0.000000,0.000000,9.771301,1.000000,1.000000,1.000000,1.000000,0.000000,0.000000,0.020466,0.944941,0.978955,83.621186,0.789829,0.526553,1.000000,0.772257,94.800437,0.000000,False,False,False,0.989903,1.000000,0.979806,1165,28
0.000000,0.000000,29.000000,1.000000,0.000000,0.000000,1.000000,0.000000,0.000000,0.000000,9.779348,1.000000,1.000000,1.000000,1.000000,0.000000,0.000000,0.019148,0.950891,0.980030,82.848405,0.789827,0.526551,1.000000,0.772781,94.011046,0.000000,False,False,False,0.986739,1.000000,0.973478,1166,28
0.000000,0.000000,29.000000,1.000000,0.000000,0.000000,1.000000,0.000000,0.000000,0.000000,9.759660,1.000000,1.000000,1.000000,1.000000,0.000000,0.000000,0.033919,0.942891,0.968575,82.085945,0.789862,0.526575,1.000000,0.762460,93.220278,0.000000,False,False,False,0.988459,1.000000,0.976919,1167,28
0.000000,0.000000,29.000000,1.000000,0.000000,0.000000,1.000000,0.000000,0.000000,0.000000,9.795035,1.000000,1.000000,1.000000,1.000000,0.000000,0.000000,0.024846,0.955105,0.974338,81.315973,0.789736,0.526490,1.000000,0.769972,92.434316,0.000000,False,False,False,0.982454,1.000000,0.964907,1168,28
0.000000,0.000000,29.000000,1.000000,0.000000,0.000000,1.000000,0.000000,0.000000,0.000000,9.622345,1.000000,1.000000,1.000000,1.000000,0.000000,0.000000,0.035622,0.948081,0.963239,80.554546,0.789686,0.526457,1.000000,0.761426,91.645662,0.000000,False,False,False,0.985817,1.000000,0.971635,1169,28
0.000000,0.000000,29.000000,1.000000,0.000000,0.000000,1.000000,0.000000,0.000000,0.000000,9.649997,1.000000,1.000000,1.000000,1.000000,0.000000,0.000000,0.030281,0.946347,0.970409,79.789637,0.789397,0.526265,1.000000,0.764909,90.864218,0.000000,False,False,False,0.976804,1.000000,0.953609,1170,28
0.000000,0.000000,29.000000,1.000000,0.000000,0.000000,1.000000,0.000000,0.000000,0.000000,9.690474,1.000000,1.000000,1.000000,1.000000,0.000000,0.000000,0.032227,0.953407,0.970074,79.025696,0.789387,0.526258,1.000000,0.763941,90.074077,0.000000,False,False,False,0.987676,1.000000,0.975352,1171,28
0.000000,0.000000,29.000000,1.000000,0.000000,0.000000,1.000000,0.000000,0.000000,0.000000,9.723173,1.000000,1.000000,1.000000,1.000000,0.000000,0.000000,0.028767,0.950679,0.972948,78.259136,0.789282,0.526188,1.000000,0.766560,89.287212,0.000000,False,False,False,0.983582,1.000000,0.967164,1172,28
0.000000,0.000000,29.000000,1.000000,0.000000,0.000000,1.000000,0.000000,0.000000,0.000000,9.547820,1.000000,1.000000,1.000000,1.000000,0.000000,0.000000,0.028182,0.945354,0.970228,77.492554,0.789064,0.526042,1.000000,0.766582,88.504163,0.000000,False,False,False,0.978811,1.000000,0.957623,1173,28
0.000000,0.000000,29.000000,1.000000,0.000000,0.000000,1.000000,0.000000,0.000000,0.000000,9.582681,1.000000,1.000000,1.000000,1.000000,0.000000,0.000000,0.023899,0.965827,0.976887,76.722964,0.788960,0.525973,1.000000,0.769590,87.717261,0.000000,False,False,False,0.983628,1.000000,0.967255,1174,28
0.000000,0.000000,29.000000,1.000000,0.000000,0.000000,1.000000,0.000000,0.000000,0.000000,9.616245,1.000000,1.000000,1.000000,1.000000,0.000000,0.000000,0.032688,0.935695,0.967491,75.959882,0.789004,0.526003,1.000000,0.763082,86.926189,0.000000,False,False,False,0.988840,1.000000,0.977679,1175,28
0.000000,0.000000,29.000000,1.000000,0.000000,0.000000,1.000000,0.000000,0.000000,0.000000,9.675447,1.000000,1.000000,1.000000,1.000000,0.000000,0.000000,0.025788,0.953203,0.973784,75.191367,0.788874,0.525916,1.000000,0.768515,86.141068,0.000000,False,False,False,0.981402,1.000000,0.962804,1176,28
0.000000,0.000000,29.000000,1.000000,0.000000,0.000000,1.000000,0.000000,0.000000,0.000000,9.579688,1.000000,1.000000,1.000000,1.000000,0.000000,0.000000,0.028956,0.946181,0.969782,74.426020,0.788875,0.525917,1.000000,0.765347,85.351868,0.000000,False,False,False,0.986499,1.000000,0.972998,1177,28
0.000000,0.000000,29.000000,1.000000,0.000000,0.000000,1.000000,0.000000,0.000000,0.000000,9.632515,1.000000,1.000000,1.000000,1.000000,0.000000,0.000000,0.018560,0.950730,0.981023,73.653888,0.788796,0.525864,1.000000,0.772131,84.565100,0.000000,False,False,False,0.983461,1.000000,0.966922,1178,28
0.000000,0.000000,29.000000,1.000000,0.000000,0.000000,1.000000,0.000000,0.000000,0.000000,9.699844,1.000000,1.000000,1.000000,1.000000,0.000000,0.000000,0.035856,0.936913,0.964162,72.893530,0.788904,0.525936,1.000000,0.760359,83.772825,0.000000,False,False,False,0.990343,1.000000,0.980685,1179,28
0.000000,0.000000,29.000000,1.000000,0.000000,0.000000,1.000000,0.000000,0.000000,0.000000,9.717468,1.000000,1.000000,1.000000,1.000000,0.000000,0.000000,0.032718,0.943602,0.969524,72.130632,0.788755,0.525836,1.000000,0.762898,82.988583,0.000000,False,False,False,0.980303,1.000000,0.960606,1180,28
0.000000,0.000000,29.000000,1.000000,0.000000,0.000000,1.000000,0.000000,0.000000,0.000000,9.514212,1.000000,1.000000,1.000000,1.000000,0.000000,0.000000,0.022986,0.952021,0.976681,71.360295,0.788625,0.525750,1.000000,0.770337,82.203559,0.000000,False,False,False,0.981280,1.000000,0.962561,1181,28
0.000000,0.000000,29.000000,1.000000,0.000000,0.000000,1.000000,0.000000,0.000000,0.000000,9.585527,1.000000,1.000000,1.000000,1.000000,0.000000,0.000000,0.029168,0.950415,0.972158,70.595397,0.788650,0.525767,1.000000,0.764898,81.413470,0.000000,False,False,False,0.987611,1.000000,0.975222,1182,28
0.000000,0.000000,29.000000,1.000000,0.000000,0.000000,1.000000,0.000000,0.000000,0.000000,9.655255,1.000000,1.000000,1.000000,1.000000,0.000000,0.000000,0.032628,0.927231,0.965234,69.832612,0.788682,0.525788,1.000000,0.762785,80.623598,0.000000,False,False,False,0.987340,1.000000,0.974679,1183,28
0.000000,0.000000,29.000000,1.000000,0.000000,0.000000,1.000000,0.000000,0.000000,0.000000,9.728026,1.000000,1.000000,1.000000,1.000000,0.000000,0.000000,0.024003,0.942600,0.975207,69.063085,0.788539,0.525692,1.000000,0.769527,79.839410,0.000000,False,False,False,0.980235,1.000000,0.960469,1184,28
0.000000,0.000000,29.000000,1.000000,0.000000,0.000000,1.000000,0.000000,0.000000,0.000000,9.438293,1.000000,1.000000,1.000000,1.000000,0.000000,0.000000,0.031087,0.954205,0.969321,68.299994,0.788501,0.525668,1.000000,0.763091,79.051701,0.000000,False,False,False,0.984637,1.000000,0.969274,1185,28
0.000000,0.000000,29.000000,1.000000,0.000000,0.000000,1.000000,0.000000,0.000000,0.000000,9.511615,1.000000,1.000000,1.000000,1.000000,0.000000,0.000000,0.021298,0.942661,0.979040,67.530725,0.788430,0.525620,1.000000,0.769270,78.264885,0.000000,False,False,False,0.983519,1.000000,0.967039,1186,28
0.000000,0.000000,29.000000,1.000000,0.000000,0.000000,1.000000,0.000000,0.000000,0.000000,9.591669,1.000000,1.000000,1.000000,1.000000,0.000000,0.000000,0.025589,0.933389,0.974176,66.763821,0.788559,0.525706,1.000000,0.766904,77.472314,0.000000,False,False,False,0.990715,1.000000,0.981429,1187,28
0.000000,0.000000,29.000000,1.000000,0.000000,0.000000,1.000000,0.000000,0.000000,0.000000,9.674018,1.000000,1.000000,1.000000,1.000000,0.000000,0.000000,0.027966,0.944586,0.971066,65.997854,0.788622,0.525748,1.000000,0.765967,76.682079,0.000000,False,False,False,0.987794,1.000000,0.975588,1188,28
0.000000,0.000000,29.000000,1.000000,0.000000,0.000000,1.000000,0.000000,0.000000,0.000000,9.683072,1.000000,1.000000,1.000000,1.000000,0.000000,0.000000,0.027683,0.927409,0.972360,65.231916,0.788575,0.525717,1.000000,0.765938,75.895370,0.000000,False,False,False,0.983386,1.000000,0.966771,1189,28
0.000000,0.000000,29.000000,1.000000,0.000000,0.000000,1.000000,0.000000,0.000000,0.000000,9.696801,1.000000,1.000000,1.000000,1.000000,0.000000,0.000000,0.026605,0.952735,0.975461,64.467505,0.788558,0.525706,1.000000,0.764411,75.107178,0.000000,False,False,False,0.985240,1.000000,0.970480,1190,28
0.000000,0.000000,29.000000,1.000000,0.000000,0.000000,1.000000,0.000000,0.000000,0.000000,9.688098,1.000000,1.000000,1.000000,1.000000,0.000000,0.000000,0.021371,0.936556,0.976360,63.697383,0.788653,0.525769,1.000000,0.770121,74.315586,0.000000,False,False,False,0.989491,1.000000,0.978981,1191,28
0.000000,0.000000,29.000000,1.000000,0.000000,0.000000,1.000000,0.000000,0.000000,0.000000,9.705457,1.000000,1.000000,1.000000,1.000000,0.000000,0.000000,0.036455,0.933809,0.961603,62.939670,0.788657,0.525771,1.000000,0.757713,73.527214,0.000000,False,False,False,0.985465,1.000000,0.970929,1192,28
0.000000,0.000000,29.000000,1.000000,0.000000,0.000000,1.000000,0.000000,0.000000,0.000000,9.677147,1.000000,1.000000,1.000000,1.000000,0.000000,0.000000,0.030735,0.929003,0.971005,62.176731,0.788517,0.525678,1.000000,0.762939,72.742984,0.000000,False,False,False,0.980287,1.000000,0.960574,1193,28
0.000000,0.000000,29.000000,1.000000,0.000000,0.000000,1.000000,0.000000,0.000000,0.000000,9.708261,1.000000,1.000000,1.000000,1.000000,0.000000,0.000000,0.026606,0.939097,0.973996,61.412997,0.788435,0.525623,1.000000,0.763734,71.956299,0.000000,False,False,False,0.983356,1.000000,0.966712,1194,28
0.000000,0.000000,29.000000,1.000000,0.000000,0.000000,1.000000,0.000000,0.000000,0.000000,9.693494,1.000000,1.000000,1.000000,1.000000,0.000000,0.000000,0.021565,0.936787,0.977281,60.643579,0.788479,0.525653,1.000000,0.769419,71.165868,0.000000,False,False,False,0.988039,1.000000,0.976079,1195,28
0.000000,0.000000,29.000000,1.000000,0.000000,0.000000,1.000000,0.000000,0.000000,0.000000,9.622237,1.000000,1.000000,1.000000,1.000000,0.000000,0.000000,0.030512,0.941524,0.969707,59.881916,0.788547,0.525698,1.000000,0.761663,70.375439,0.000000,False,False,False,0.988036,1.000000,0.976073,1196,28
0.000000,0.000000,29.000000,1.000000,0.000000,0.000000,1.000000,0.000000,0.000000,0.000000,9.658013,1.000000,1.000000,1.000000,1.000000,0.000000,0.000000,0.023624,0.924984,0.976431,59.113737,0.788561,0.525707,1.000000,0.768179,69.586900,0.000000,False,False,False,0.985674,1.000000,0.971347,1197,28
0.000000,0.000000,29.000000,1.000000,0.000000,0.000000,1.000000,0.000000,0.000000,0.000000,9.580052,1.000000,1.000000,1.000000,1.000000,0.000000,0.000000,0.021424,0.935577,0.978106,58.343890,0.788660,0.525773,1.000000,0.769846,68.795550,0.000000,False,False,False,0.989188,1.000000,0.978375,1198,28
0.000000,0.000000,29.000000,1.000000,0.000000,0.000000,1.000000,0.000000,0.000000,0.000000,9.604783,1.000000,1.000000,1.000000,1.000000,0.000000,0.000000,0.016911,0.944689,0.984653,57.572477,0.788818,0.525879,1.000000,0.771413,68.002726,0.000000,False,False,False,0.991029,1.000000,0.982059,1199,28
0.000000,0.000000,29.000000,1.000000,0.000000,0.000000,1.000000,0.000000,0.000000,0.000000,9.544848,1.000000,1.000000,1.000000,1.000000,0.000000,0.000000,0.034066,0.937411,0.966843,56.812213,0.789008,0.526005,1.000000,0.760265,67.209274,0.000000,False,False,False,0.991816,1.000000,0.983631,1200,28
0.000000,0.000000,29.000000,1.000000,0.000000,0.000000,1.000000,0.000000,0.000000,0.000000,9.515032,1.000000,1.000000,1.000000,1.000000,0.000000,0.000000,0.022109,0.940424,0.979181,56.042898,0.789018,0.526012,1.000000,0.769314,66.421232,0.000000,False,False,False,0.985053,1.000000,0.970105,1201,28
0.000000,0.000000,29.000000,1.000000,0.000000,0.000000,1.000000,0.000000,0.000000,0.000000,9.468189,1.000000,1.000000,1.000000,1.000000,0.000000,0.000000,0.026435,0.931882,0.973723,55.275635,0.789118,0.526079,1.000000,0.767264,65.629439,0.000000,False,False,False,0.989741,1.000000,0.979482,1202,28
0.000000,0.000000,29.000000,1.000000,0.000000,0.000000,1.000000,0.000000,0.000000,0.000000,9.441995,1.000000,1.000000,1.000000,1.000000,0.000000,0.000000,0.025288,0.935818,0.975783,54.507374,0.789186,0.526124,1.000000,0.768260,64.838810,0.000000,False,False,False,0.988286,1.000000,0.976572,1203,28
0.000000,0.000000,29.000000,1.000000,0.000000,0.000000,1.000000,0.000000,0.000000,0.000000,9.400165,1.000000,1.000000,1.000000,1.000000,0.000000,0.000000,0.026055,0.941656,0.973614,53.739835,0.789244,0.526163,1.000000,0.767540,64.048407,0.000000,False,False,False,0.988004,1.000000,0.976008,1204,28
0.000000,0.000000,29.000000,1.000000,0.000000,0.000000,1.000000,0.000000,0.000000,0.000000,9.370422,1.000000,1.000000,1.000000,1.000000,0.000000,0.000000,0.022935,0.919702,0.977433,52.970494,0.789239,0.526160,1.000000,0.769340,63.259695,0.000000,False,False,False,0.985890,1.000000,0.971779,1205,28
0.000000,0.000000,29.000000,1.000000,0.000000,0.000000,1.000000,0.000000,0.000000,0.000000,9.335011,1.000000,1.000000,1.000000,1.000000,0.000000,0.000000,0.020812,0.938154,0.981230,52.197870,0.789297,0.526198,1.000000,0.772624,62.468740,0.000000,False,False,False,0.988695,1.000000,0.977390,1206,28
0.000000,0.000000,29.000000,1.000000,0.000000,0.000000,1.000000,0.000000,0.000000,0.000000,9.304225,1.000000,1.000000,1.000000,1.000000,0.000000,0.000000,0.027260,0.934563,0.976322,51.430941,0.789489,0.526326,1.000000,0.766928,61.673983,0.000000,False,False,False,0.993446,1.000000,0.986892,1207,28
0.000000,0.000000,29.000000,1.000000,0.000000,0.000000,1.000000,0.000000,0.000000,0.000000,9.292570,1.000000,1.000000,1.000000,1.000000,0.000000,0.000000,0.025250,0.925088,0.976098,50.661697,0.789535,0.526357,1.000000,0.769245,60.884219,0.000000,False,False,False,0.987204,1.000000,0.974409,1208,28
0.000000,0.000000,29.000000,1.000000,0.000000,0.000000,1.000000,0.000000,0.000000,0.000000,9.267585,1.000000,1.000000,1.000000,1.000000,0.000000,0.000000,0.021419,0.936538,0.982185,49.889703,0.789628,0.526419,1.000000,0.771994,60.092401,0.000000,False,False,False,0.989773,1.000000,0.979546,1209,28
0.000000,0.000000,29.000000,1.000000,0.000000,0.000000,1.000000,0.000000,0.000000,0.000000,9.250176,1.000000,1.000000,1.000000,1.000000,0.000000,0.000000,0.020500,0.940782,0.983919,49.117824,0.789760,0.526507,1.000000,0.771879,59.299291,0.000000,False,False,False,0.991387,1.000000,0.982774,1210,28
0.000000,0.000000,29.000000,1.000000,0.000000,0.000000,1.000000,0.000000,0.000000,0.000000,9.263207,1.000000,1.000000,1.000000,1.000000,0.000000,0.000000,0.021468,0.926581,0.982098,48.346306,0.789955,0.526637,1.000000,0.771518,58.504500,0.000000,False,False,False,0.993489,1.000000,0.986978,1211,28
0.000000,0.000000,29.000000,1.000000,0.000000,0.000000,1.000000,0.000000,0.000000,0.000000,9.220833,1.000000,1.000000,1.000000,1.000000,0.000000,0.000000,0.016000,0.932544,0.984230,47.570532,0.790139,0.526759,1.000000,0.775773,57.710231,0.000000,False,False,False,0.992837,1.000000,0.985673,1212,28
0.000000,0.000000,29.000000,1.000000,0.000000,0.000000,1.000000,0.000000,0.000000,0.000000,9.219286,1.000000,1.000000,1.000000,1.000000,0.000000,0.000000,0.021718,0.935783,0.982647,46.798016,0.790260,0.526840,1.000000,0.772517,56.917663,0.000000,False,False,False,0.990709,1.000000,0.981418,1213,28
0.000000,0.000000,29.000000,1.000000,0.000000,0.000000,1.000000,0.000000,0.000000,0.000000,9.181517,1.000000,1.000000,1.000000,1.000000,0.000000,0.000000,0.018481,0.924701,0.984483,46.023097,0.790486,0.526991,1.000000,0.774919,56.121429,0.000000,False,False,False,0.995294,1.000000,0.990587,1214,28
0.000000,0.000000,29.000000,1.000000,0.000000,0.000000,1.000000,0.000000,0.000000,0.000000,9.170657,1.000000,1.000000,1.000000,1.000000,0.000000,0.000000,0.017241,0.845167,0.984658,45.246694,0.790677,0.527118,1.000000,0.776403,55.326492,0.000000,False,False,False,0.993671,1.000000,0.987342,1215,28
0.000000,0.000000,29.000000,1.000000,0.000000,0.000000,1.000000,0.000000,0.000000,0.000000,9.151663,1.000000,1.000000,1.000000,1.000000,0.000000,0.000000,0.044114,0.858774,0.971064,44.495566,0.790824,0.527216,1.000000,0.751128,54.532647,0.000000,False,False,False,0.992306,1.000000,0.984613,1216,28
0.000000,0.000000,29.000000,1.000000,0.000000,0.000000,1.000000,0.000000,0.000000,0.000000,9.131563,1.000000,1.000000,1.000000,1.000000,0.000000,0.000000,0.037673,0.883356,0.974372,43.734692,0.791002,0.527335,1.000000,0.760874,53.737439,0.000000,False,False,False,0.994010,1.000000,0.988019,1217,28
0.000000,0.000000,29.000000,1.000000,0.000000,0.000000,1.000000,0.000000,0.000000,0.000000,9.116419,1.000000,1.000000,1.000000,1.000000,0.000000,0.000000,0.054250,0.865743,0.962560,42.986476,0.791124,0.527416,1.000000,0.748216,52.944461,0.000000,False,False,False,0.991222,1.000000,0.982444,1218,28
0.000000,0.000000,29.000000,1.000000,0.000000,0.000000,1.000000,0.000000,0.000000,0.000000,9.109168,1.000000,1.000000,1.000000,1.000000,0.000000,0.000000,0.026493,0.849627,0.979898,42.217528,0.791166,0.527444,1.000000,0.768948,52.152768,0.000000,False,False,False,0.989617,1.000000,0.979234,1219,28
0.000000,0.000000,29.000000,1.000000,0.000000,0.000000,1.000000,0.000000,0.000000,0.000000,9.080598,1.000000,1.000000,1.000000,1.000000,0.000000,0.000000,0.021899,0.857842,0.983517,41.446293,0.791284,0.527523,1.000000,0.771235,51.358372,0.000000,False,False,False,0.992994,1.000000,0.985989,1220,28
0.000000,0.000000,29.000000,1.000000,0.000000,0.000000,1.000000,0.000000,0.000000,0.000000,9.075039,1.000000,1.000000,1.000000,1.000000,0.000000,0.000000,0.024036,0.842702,0.980261,40.674709,0.791418,0.527612,1.000000,0.771584,50.564169,0.000000,False,False,False,0.992754,1.000000,0.985508,1221,28
0.000000,0.000000,29.000000,1.000000,0.000000,0.000000,1.000000,0.000000,0.000000,0.000000,9.057365,1.000000,1.000000,1.000000,1.000000,0.000000,0.000000,0.019270,0.834202,0.981516,39.901919,0.791500,0.527666,1.000000,0.772791,49.771397,0.000000,True,False,False,0.990965,1.000000,0.981930,1222,28
0.000000,0.000000,29.000000,1.000000,0.000000,0.000000,1.000000,0.000000,0.000000,0.000000,9.039943,1.000000,1.000000,1.000000,1.000000,0.000000,0.000000,0.021779,0.829996,0.982517,39.133311,0.791563,0.527708,1.000000,0.768607,48.978587,0.000000,True,False,False,0.991012,1.000000,0.982025,1223,28
0.000000,0.000000,29.000000,1.000000,0.000000,0.000000,1.000000,0.000000,0.000000,0.000000,9.053245,1.000000,1.000000,1.000000,1.000000,0.000000,0.000000,0.091324,0.898226,0.941559,38.363378,0.791729,0.527819,1.000000,0.769933,48.182538,0.000000,True,False,False,0.995062,1.000000,0.990124,1224,28
0.000000,0.000000,29.000000,1.000000,0.000000,0.000000,1.000000,0.000000,0.000000,0.000000,9.029164,1.000000,1.000000,1.000000,1.000000,0.000000,0.000000,0.048769,0.866235,0.969118,37.625682,0.791763,0.527842,1.000000,0.737696,47.391233,0.000000,True,False,False,0.989131,1.000000,0.978263,1225,28
0.000000,0.000000,29.000000,1.000000,0.000000,0.000000,1.000000,0.000000,0.000000,0.000000,9.005352,1.000000,1.000000,1.000000,1.000000,0.000000,0.000000,0.085231,0.897450,0.947576,36.849357,0.791853,0.527902,1.000000,0.776324,46.596853,0.000000,True,False,False,0.992975,1.000000,0.985950,1226,28
0.000000,0.000000,29.000000,1.000000,0.000000,0.000000,1.000000,0.000000,0.000000,0.000000,9.002718,1.000000,1.000000,1.000000,1.000000,0.000000,0.000000,0.086954,0.879914,0.946775,36.075802,0.791881,0.527921,1.000000,0.773556,45.804957,0.000000,True,False,False,0.989870,1.000000,0.979740,1227,28
0.000000,0.000000,29.000000,1.000000,0.000000,0.000000,1.000000,0.000000,0.000000,0.000000,8.980580,1.000000,1.000000,1.000000,1.000000,0.000000,0.000000,0.082573,0.869876,0.948603,35.297508,0.791947,0.527965,1.000000,0.778293,45.011221,0.000000,True,False,False,0.992170,1.000000,0.984339,1228,28
0.000000,0.000000,29.000000,1.000000,0.000000,0.000000,1.000000,0.000000,0.000000,0.000000,8.964305,1.000000,1.000000,1.000000,1.000000,0.000000,0.000000,0.093973,0.893250,0.942188,34.529022,0.792032,0.528021,1.000000,0.768486,44.217297,0.000000,True,False,False,0.992405,1.000000,0.984810,1229,28
0.000000,0.000000,29.000000,1.000000,0.000000,0.000000,1.000000,0.000000,0.000000,0.000000,8.947061,1.000000,1.000000,1.000000,1.000000,0.000000,0.000000,0.084953,0.861529,0.946866,33.753548,0.792116,0.528077,1.000000,0.775474,43.423427,0.000000,True,False,False,0.992338,1.000000,0.984677,1230,28
0.000000,0.000000,29.000000,1.000000,0.000000,0.000000,1.000000,0.000000,0.000000,0.000000,8.946053,1.000000,1.000000,1.000000,1.000000,0.000000,0.000000,0.091753,0.874411,0.942844,32.982777,0.792192,0.528128,1.000000,0.770772,42.629663,0.000000,True,False,False,0.992204,1.000000,0.984409,1231,28
0.000000,0.000000,29.000000,1.000000,0.000000,0.000000,1.000000,0.000000,0.000000,0.000000,8.915622,1.000000,1.000000,1.000000,1.000000,0.000000,0.000000,0.086493,0.863268,0.946844,32.207184,0.792231,0.528154,1.000000,0.775593,41.836881,0.000000,True,False,False,0.990977,1.000000,0.981955,1232,28
0.000000,0.000000,29.000000,1.000000,0.000000,0.000000,1.000000,0.000000,0.000000,0.000000,8.909101,1.000000,1.000000,1.000000,1.000000,0.000000,0.000000,0.073028,0.820926,0.958243,31.422229,0.792138,0.528092,1.000000,0.784954,41.047691,0.000000,True,False,False,0.986488,1.000000,0.972976,1233,28
0.000000,0.000000,29.000000,1.000000,0.000000,0.000000,1.000000,0.000000,0.000000,0.000000,8.903629,1.000000,1.000000,1.000000,1.000000,0.000000,0.000000,0.076501,0.798666,0.955035,30.640055,0.792234,0.528156,1.000000,0.782175,40.251825,0.000000,True,False,False,0.994833,1.000000,0.989666,1234,28
0.000000,0.000000,29.000000,1.000000,0.000000,0.000000,1.000000,0.000000,0.000000,0.000000,8.890767,1.000000,1.000000,1.000000,1.000000,0.000000,0.000000,0.075374,0.766526,0.956631,29.855673,0.792379,0.528252,1.000000,0.784382,39.456226,0.000000,True,False,False,0.994499,1.000000,0.988997,1235,28
0.000000,0.000000,29.000000,1.000000,0.000000,0.000000,1.000000,0.000000,0.000000,0.000000,8.875015,1.000000,1.000000,1.000000,1.000000,0.000000,0.000000,0.101376,0.809851,0.938117,29.095959,0.792540,0.528360,1.000000,0.759714,38.660136,0.000000,True,False,False,0.995112,1.000000,0.990224,1236,28
0.000000,0.000000,29.000000,1.000000,0.000000,0.000000,1.000000,0.000000,0.000000,0.000000,8.853950,1.000000,1.000000,1.000000,1.000000,0.000000,0.000000,0.040611,0.731409,0.974888,28.351794,0.792647,0.528431,1.000000,0.744165,37.865644,0.000000,True,False,False,0.993115,1.000000,0.986231,1237,28
0.000000,0.000000,29.000000,1.000000,0.000000,0.000000,1.000000,0.000000,0.000000,0.000000,8.848335,1.000000,1.000000,1.000000,1.000000,0.000000,0.000000,0.102494,0.783180,0.935216,27.591756,0.792773,0.528515,1.000000,0.760038,37.069974,0.000000,True,False,False,0.994587,1.000000,0.989175,1238,28
0.000000,0.000000,29.000000,1.000000,0.000000,0.000000,1.000000,0.000000,0.000000,0.000000,8.819660,1.000000,1.000000,1.000000,1.000000,0.000000,0.000000,0.051683,0.720504,0.968503,26.838894,0.792883,0.528589,1.000000,0.752862,36.274874,0.000000,True,False,False,0.993875,1.000000,0.987750,1239,28
0.000000,0.000000,29.000000,1.000000,0.000000,0.000000,1.000000,0.000000,0.000000,0.000000,8.804071,1.000000,1.000000,1.000000,1.000000,0.000000,0.000000,0.081666,0.751778,0.951343,26.062078,0.792912,0.528608,1.000000,0.776816,35.481911,0.000000,True,False,False,0.991203,1.000000,0.982406,1240,28
0.000000,0.000000,29.000000,1.000000,0.000000,0.000000,1.000000,0.000000,0.000000,0.000000,8.787623,1.000000,1.000000,1.000000,1.000000,0.000000,0.000000,0.096469,0.734248,0.937988,25.295397,0.792933,0.528622,1.000000,0.766681,34.688483,0.000000,True,False,False,0.991785,1.000000,0.983570,1241,28
0.000000,0.000000,29.000000,1.000000,0.000000,0.000000,1.000000,0.000000,0.000000,0.000000,8.724510,1.000000,1.000000,1.000000,1.000000,0.000000,0.000000,0.147052,0.775307,0.894287,24.518554,0.792831,0.528554,1.000000,0.776843,33.898780,0.000000,True,False,False,0.987129,1.000000,0.974259,1242,28
0.000000,0.000000,29.000000,1.000000,0.000000,0.000000,1.000000,0.000000,0.000000,0.000000,8.778512,1.000000,1.000000,1.000000,1.000000,0.000000,0.000000,0.203481,0.803011,0.857962,23.739059,0.792778,0.528519,1.000000,0.779495,33.106646,0.000000,True,False,False,0.990167,1.000000,0.980334,1243,28
0.000000,0.000000,29.000000,1.000000,0.000000,0.000000,1.000000,0.000000,0.000000,0.000000,8.645257,1.000000,1.000000,1.000000,1.000000,0.000000,0.000000,0.194721,0.784157,0.861345,22.963508,0.792839,0.528560,1.000000,0.775551,32.311735,0.000000,True,False,False,0.993639,1.000000,0.987277,1244,28
0.000000,0.000000,29.000000,1.000000,0.000000,0.000000,1.000000,0.000000,0.000000,0.000000,8.664686,1.000000,1.000000,1.000000,1.000000,0.000000,0.000000,0.165338,0.757539,0.890897,22.208904,0.792859,0.528573,1.000000,0.754604,31.518813,0.000000,True,False,False,0.991153,1.000000,0.982306,1245,28
0.000000,0.000000,29.000000,1.000000,0.000000,0.000000,1.000000,0.000000,0.000000,0.000000,8.516677,1.000000,1.000000,1.000000,1.000000,0.000000,0.000000,0.157097,0.743340,0.893930,21.463580,0.792822,0.528548,1.000000,0.745324,30.727142,0.000000,True,False,False,0.989589,1.000000,0.979177,1246,28
0.000000,0.000000,29.000000,1.000000,0.000000,0.000000,1.000000,0.000000,0.000000,0.000000,8.500882,1.000000,1.000000,1.000000,1.000000,0.000000,0.000000,0.137923,0.726872,0.907654,20.734265,0.792750,0.528500,1.000000,0.729315,29.936221,0.000000,True,False,False,0.988652,1.000000,0.977303,1247,28
0.000000,0.000000,29.000000,1.000000,0.000000,0.000000,1.000000,0.000000,0.000000,0.000000,8.340305,1.000000,1.000000,1.000000,1.000000,0.000000,0.000000,0.146198,0.729418,0.895385,20.000013,0.792603,0.528402,1.000000,0.734252,29.147389,0.000000,True,False,False,0.986039,1.000000,0.972078,1248,28
0.000000,0.000000,29.000000,1.000000,0.000000,0.000000,1.000000,0.000000,0.000000,0.000000,8.328155,1.000000,1.000000,1.000000,1.000000,0.000000,0.000000,0.248158,0.754229,0.807317,19.246193,0.792402,0.528268,1.000000,0.753819,28.359841,0.000000,True,False,False,0.984436,1.000000,0.968872,1249,28
0.000000,0.000000,29.000000,1.000000,0.000000,0.000000,1.000000,0.000000,0.000000,0.000000,8.193806,1.000000,1.000000,1.000000,1.000000,0.000000,0.000000,0.189010,0.705611,0.857091,18.510032,0.792039,0.528026,1.000000,0.736162,27.576988,0.000000,True,False,False,0.978565,1.000000,0.957131,1250,28
0.000000,0.000000,29.000000,1.000000,0.000000,0.000000,1.000000,0.000000,0.000000,0.000000,8.181633,1.000000,1.000000,1.000000,1.000000,0.000000,0.000000,0.197002,0.653362,0.857011,17.763552,0.791908,0.527939,1.000000,0.746480,26.786527,0.000000,True,False,False,0.988076,1.000000,0.976152,1251,28
0.000000,0.000000,29.000000,1.000000,0.000000,0.000000,1.000000,0.000000,0.000000,0.000000,8.049014,1.000000,1.000000,1.000000,1.000000,0.000000,0.000000,0.209602,0.633709,0.846853,17.014926,0.791888,0.527925,1.000000,0.748626,25.994482,0.000000,True,False,False,0.990057,1.000000,0.980113,1252,28
0.000000,0.000000,29.000000,1.000000,0.000000,0.000000,1.000000,0.000000,0.000000,0.000000,8.021038,1.000000,1.000000,1.000000,1.000000,0.000000,0.000000,0.203138,0.634179,0.847481,16.282468,0.791674,0.527783,1.000000,0.732458,25.208906,0.000000,True,False,False,0.981971,1.000000,0.963942,1253,28
0.000000,0.000000,29.000000,1.000000,0.000000,0.000000,1.000000,0.000000,1.000000,0.000000,7.875797,1.000000,1.000000,1.000000,1.000000,0.000000,0.000000,0.201436,0.637135,0.838246,15.590362,0.791524,0.527683,1.000000,0.692106,24.420360,0.000000,True,False,False,0.985682,1.000000,0.971365,1254,28
0.000000,0.000000,29.000000,1.000000,0.000000,0.000000,1.000000,0.000000,0.000000,0.000000,8.326764,1.000000,1.000000,1.000000,1.000000,0.000000,0.000000,0.241675,0.611733,0.786834,14.917734,0.772061,0.514707,0.966667,0.672628,24.420360,0.000000,True,False,False,,,,1255,28
0.000000,0.000000,29.000000,1.000000,0.000000,0.000000,1.000000,0.000000,0.000000,0.000000,8.300027,1.000000,1.000000,1.000000,1.000000,0.000000,0.000000,0.252118,0.595481,0.799550,14.191918,0.768926,0.512618,1.000000,0.725816,23.650379,0.000000,True,False,False,0.962475,1.000000,0.924951,1256,28
0.000000,0.000000,29.000000,1.000000,0.000000,0.000000,1.000000,0.000000,0.000000,0.000000,8.057737,1.000000,1.000000,1.000000,1.000000,0.000000,0.000000,0.215080,0.598825,0.843415,13.472714,0.768711,0.512474,1.000000,0.719204,22.863854,0.000000,True,False,False,0.983157,1.000000,0.966313,1257,28
0.000000,0.000000,29.000000,1.000000,0.000000,0.000000,1.000000,0.000000,0.000000,0.000000,8.051399,1.000000,1.000000,1.000000,1.000000,0.000000,0.000000,0.212289,0.566793,0.834445,12.760242,0.769414,0.512943,1.000000,0.712473,22.074441,0.000000,True,False,False,0.986766,1.000000,0.973531,1258,28
0.000000,0.000000,29.000000,1.000000,0.000000,0.000000,1.000000,0.000000,1.000000,0.000000,7.872543,1.000000,1.000000,1.000000,1.000000,0.000000,0.000000,0.179090,0.506318,0.853960,12.070680,0.769902,0.513268,1.000000,0.689562,21.294727,0.000000,True,False,False,0.974643,1.000000,0.949286,1259,28
0.000000,0.000000,29.000000,1.000000,0.000000,0.000000,1.000000,0.000000,1.000000,0.000000,7.969266,1.000000,1.000000,1.000000,1.000000,0.000000,0.000000,0.287048,0.528586,0.756105,11.405089,0.751997,0.501331,0.966667,0.665591,21.294727,0.000000,True,False,False,,,,1260,28
0.000000,0.000000,29.000000,1.000000,0.000000,0.000000,1.000000,0.000000,0.000000,0.000000,8.060387,1.000000,1.000000,1.000000,1.000000,0.000000,0.000000,0.387792,0.532416,0.648701,10.833931,0.733420,0.488947,0.966667,0.571158,21.294727,0.000000,True,False,False,,,,1261,28
0.000000,0.000000,29.000000,1.000000,0.000000,0.000000,1.000000,0.000000,1.000000,0.000000,7.582223,1.000000,1.000000,1.000000,1.000000,0.000000,0.000000,0.301437,0.566893,0.746741,10.222596,0.727428,0.484952,1.000000,0.611335,20.619227,0.000000,True,False,False,0.844376,1.000000,0.688751,1262,28
0.000000,0.000000,29.000000,1.000000,0.000000,0.000000,1.000000,0.000000,1.000000,0.000000,7.985174,1.000000,1.000000,1.000000,1.000000,0.000000,0.000000,0.302948,0.463251,0.697612,9.688746,0.743623,0.495748,1.000000,0.533850,19.918726,0.000000,True,False,False,0.875626,1.000000,0.751252,1263,28
0.000000,0.000000,29.000000,1.000000,0.000000,0.000000,1.000000,0.000000,2.000000,0.000000,7.808796,1.000000,1.000000,1.000000,1.000000,0.000000,0.000000,0.235790,0.450212,0.780244,9.158996,0.733894,0.489263,0.966667,0.529749,19.918726,0.000000,True,False,False,,,,1264,28
0.000000,0.000000,29.000000,1.000000,0.000000,0.000000,1.000000,0.000000,1.000000,0.000000,7.732740,1.000000,1.000000,1.000000,1.000000,0.000000,0.000000,0.371865,0.353250,0.636870,8.760223,0.735354,0.490236,0.966667,0.398774,19.918726,0.000000,True,False,False,,,,1265,28
0.000000,0.000000,29.000000,1.000000,0.000000,0.000000,1.000000,0.000000,0.000000,0.000000,8.266103,1.000000,1.000000,1.000000,1.000000,0.000000,0.000000,0.242450,0.253009,0.780815,8.402227,0.747753,0.498502,1.000000,0.357995,19.319723,0.000000,True,False,False,0.748753,1.000000,0.497506,1266,28
0.000000,0.000000,29.000000,1.000000,0.000000,0.000000,1.000000,0.000000,0.000000,0.000000,8.041207,1.000000,1.000000,1.000000,1.000000,0.000000,0.000000,0.200340,0.337816,0.824338,7.998978,0.740227,0.493485,1.000000,0.403250,18.703574,0.000000,True,False,False,0.770186,1.000000,0.540373,1267,28
0.000000,0.000000,29.000000,1.000000,0.000000,0.000000,1.000000,0.000000,1.000000,0.000000,7.404432,1.000000,1.000000,1.000000,1.000000,0.000000,0.000000,0.163777,0.269140,0.850306,7.697647,0.735780,0.490520,1.000000,0.301331,18.063458,0.000000,True,False,False,0.800146,1.000000,0.600291,1268,28
0.000000,0.000000,29.000000,1.000000,0.000000,0.000000,1.000000,0.000000,0.000000,0.000000,8.079080,1.000000,1.000000,1.000000,1.000000,0.000000,0.000000,0.275838,0.297495,0.716889,7.435523,0.748874,0.499249,1.000000,0.262123,17.445468,0.000000,True,False,False,0.772487,1.000000,0.544975,1269,28
0.000000,0.000000,29.000000,1.000000,0.000000,0.000000,1.000000,0.000000,0.000000,0.000000,8.082403,1.000000,1.000000,1.000000,1.000000,0.000000,0.000000,0.205521,0.235666,0.792719,7.275204,0.749778,0.499852,1.000000,0.160320,16.842176,0.000000,True,False,False,0.754115,1.000000,0.508231,1270,28
0.000000,0.000000,29.000000,1.000000,0.000000,0.000000,1.000000,0.000000,1.000000,0.000000,7.148959,1.000000,1.000000,1.000000,1.000000,0.000000,0.000000,0.187341,0.228200,0.812556,7.172426,0.743307,0.495538,1.000000,0.102777,16.254513,0.000000,True,False,False,0.734578,1.000000,0.469155,1271,28
0.000000,0.000000,29.000000,1.000000,0.000000,0.000000,1.000000,0.000000,0.000000,0.000000,8.063261,1.000000,1.000000,1.000000,1.000000,0.000000,0.000000,0.195247,0.180204,0.803267,7.126856,0.753886,0.502591,1.000000,0.045570,15.660186,0.000000,True,False,False,0.742909,1.000000,0.485819,1272,28
0.000000,0.000000,29.000000,1.000000,0.000000,0.000000,1.000000,0.000000,1.000000,0.000000,7.851282,1.000000,1.000000,1.000000,1.000000,0.000000,0.000000,0.201684,0.216400,0.814593,7.149155,0.753350,0.502233,1.000000,-0.022299,15.062554,0.000000,True,False,False,0.747039,1.000000,0.494079,1273,28
0.000000,0.000000,29.000000,1.000000,0.000000,0.000000,1.000000,0.000000,2.000000,0.000000,7.577672,1.000000,1.000000,1.000000,1.000000,0.000000,0.000000,0.177875,0.156455,0.846269,7.264086,0.735213,0.490142,0.966667,-0.114931,15.062554,0.000000,True,False,False,,,,1274,28
0.000000,0.000000,29.000000,1.000000,0.000000,0.000000,1.000000,0.000000,2.000000,0.000000,7.465077,1.000000,1.000000,1.000000,1.000000,0.000000,0.000000,0.322914,0.035160,0.681334,7.347948,0.753888,0.502592,1.000000,-0.083862,14.454367,0.000000,True,False,False,0.760234,1.000000,0.520467,1275,28
0.000000,0.000000,29.000000,1.000000,0.000000,0.000000,1.000000,0.000000,2.000000,0.000000,7.620669,1.000000,1.000000,1.000000,1.000000,0.000000,0.000000,0.215139,0.045411,0.760365,7.620845,0.756191,0.504127,0.966667,-0.272897,14.454367,0.000000,True,False,False,,,,1276,28
0.000000,0.000000,29.000000,1.000000,0.000000,0.000000,1.000000,0.000000,1.000000,0.000000,7.227966,1.000000,1.000000,1.000000,1.000000,0.000000,0.000000,0.390967,0.143989,0.599603,7.794999,0.784665,0.523110,1.000000,-0.174153,13.891441,0.000000,True,False,False,0.703658,1.000000,0.407317,1277,28
0.000000,0.000000,29.000000,1.000000,0.000000,0.000000,1.000000,0.000000,0.000000,0.000000,8.145808,1.000000,1.000000,1.000000,1.000000,0.000000,0.000000,0.225090,0.076066,0.762486,8.098021,0.771066,0.514044,0.966667,-0.303022,13.891441,0.000000,True,False,False,,,,1278,28
0.000000,0.000000,29.000000,1.000000,0.000000,0.000000,1.000000,0.000000,1.000000,0.000000,7.976948,1.000000,1.000000,1.000000,1.000000,0.000000,0.000000,0.322630,0.245980,0.675570,8.300415,0.763226,0.508817,1.000000,-0.202395,13.296022,0.000000,True,False,False,0.744273,1.000000,0.488546,1279,28
0.000000,0.000000,29.000000,1.000000,0.000000,0.000000,1.000000,0.000000,0.000000,0.000000,8.172954,1.000000,1.000000,1.000000,1.000000,0.000000,0.000000,0.219665,0.112612,0.793324,8.654977,0.744858,0.496572,0.966667,-0.354562,13.296022,0.000000,True,False,False,,,,1280,28
0.000000,0.000000,29.000000,1.000000,0.000000,0.000000,1.000000,0.000000,1.000000,0.000000,7.812948,1.000000,1.000000,1.000000,1.000000,0.000000,0.000000,0.129223,-0.006781,0.880486,9.081978,0.737512,0.491675,1.000000,-0.427001,12.712756,0.000000,True,False,False,0.729083,1.000000,0.458167,1281,28
0.000000,0.000000,29.000000,1.000000,0.000000,0.000000,1.000000,0.000000,1.000000,0.000000,7.805771,1.000000,1.000000,1.000000,1.000000,0.000000,0.000000,0.320180,0.051037,0.679348,9.446082,0.721053,0.480702,0.966667,-0.364103,12.712756,0.000000,True,False,False,,,,1282,28
0.000000,0.000000,29.000000,1.000000,0.000000,0.000000,1.000000,0.000000,0.000000,0.000000,8.214719,1.000000,1.000000,1.000000,1.000000,0.000000,0.000000,0.144715,-0.132633,0.849816,9.972271,0.728452,0.485635,1.000000,-0.526190,12.198446,0.000000,True,False,False,0.642887,1.000000,0.285773,1283,28
0.000000,0.000000,29.000000,1.000000,0.000000,0.000000,1.000000,0.000000,1.000000,0.000000,7.992143,1.000000,1.000000,1.000000,1.000000,0.000000,0.000000,0.147330,-0.054530,0.868993,10.516302,0.724815,0.483210,1.000000,-0.544031,11.667930,0.000000,True,False,False,0.663145,1.000000,0.326291,1284,28
0.000000,0.000000,29.000000,1.000000,0.000000,0.000000,1.000000,0.000000,1.000000,0.000000,6.848665,1.000000,1.000000,1.000000,1.000000,0.000000,0.000000,0.132220,-0.270566,0.870071,11.077465,0.709608,0.473072,0.966667,-0.561162,11.667930,0.000000,True,False,False,,,,1285,28
0.000000,0.000000,29.000000,1.000000,0.000000,0.000000,1.000000,0.000000,1.000000,0.000000,7.862373,1.000000,1.000000,1.000000,1.000000,0.000000,0.000000,0.201478,-0.180506,0.825092,11.600628,0.720567,0.480378,1.000000,-0.523163,11.155187,0.000000,True,False,False,0.640929,1.000000,0.281858,1286,28
0.000000,0.000000,29.000000,1.000000,0.000000,0.000000,1.000000,0.000000,2.000000,0.000000,7.716967,1.000000,1.000000,1.000000,1.000000,0.000000,0.000000,0.199358,-0.210790,0.795753,12.105030,0.728256,0.485504,1.000000,-0.504403,10.669705,0.000000,True,False,False,0.606853,1.000000,0.213706,1287,28
0.000000,0.000000,29.000000,1.000000,0.000000,0.000000,1.000000,0.000000,1.000000,0.000000,7.132091,1.000000,1.000000,1.000000,1.000000,0.000000,0.000000,0.381689,-0.081360,0.622094,12.507307,0.731281,0.487521,0.966667,-0.402277,10.669705,0.000000,True,False,False,,,,1288,28
0.000000,0.000000,29.000000,1.000000,0.000000,0.000000,1.000000,0.000000,0.000000,0.000000,8.024795,1.000000,1.000000,1.000000,1.000000,0.000000,0.000000,0.276917,-0.184390,0.731755,12.998650,0.742940,0.495294,1.000000,-0.491343,10.134267,0.000000,True,False,False,0.669297,1.000000,0.338593,1289,28
0.000000,0.000000,29.000000,1.000000,0.000000,0.000000,1.000000,0.000000,2.000000,0.000000,7.685899,1.000000,1.000000,1.000000,1.000000,0.000000,0.000000,0.291113,-0.020349,0.720777,13.492103,0.731566,0.487711,1.000000,-0.493453,9.629769,0.000000,True,False,False,0.630624,1.000000,0.261247,1290,28
0.000000,0.000000,29.000000,1.000000,0.000000,0.000000,1.000000,0.000000,2.000000,0.000000,7.215482,1.000000,1.000000,1.000000,1.000000,0.000000,0.000000,0.328264,-0.240691,0.693670,13.992392,0.724235,0.482823,0.966667,-0.500290,9.629769,0.000000,True,False,False,,,,1291,28
0.000000,0.000000,29.000000,1.000000,0.000000,0.000000,1.000000,0.000000,1.000000,0.000000,7.593054,1.000000,1.000000,1.000000,1.000000,0.000000,0.000000,0.369038,-0.245161,0.642440,14.436732,0.749605,0.499737,1.000000,-0.444340,9.170745,0.000000,True,False,False,0.573779,1.000000,0.147558,1292,28
0.000000,0.000000,29.000000,1.000000,0.000000,0.000000,1.000000,0.000000,2.000000,0.000000,7.609321,1.000000,1.000000,1.000000,1.000000,0.000000,0.000000,0.358903,-0.203203,0.618627,14.924594,0.726394,0.484263,0.966667,-0.487862,9.170745,0.000000,True,False,False,,,,1293,28
0.000000,0.000000,29.000000,1.000000,0.000000,0.000000,1.000000,0.000000,2.000000,0.000000,7.241357,1.000000,1.000000,1.000000,1.000000,0.000000,0.000000,0.503104,-0.165418,0.509841,15.331805,0.726713,0.484475,0.966667,-0.407211,9.170745,0.000000,True,False,False,,,,1294,28
0.000000,0.000000,29.000000,1.000000,0.000000,0.000000,1.000000,0.000000,2.000000,0.000000,7.655529,1.000000,1.000000,1.000000,1.000000,0.000000,0.000000,0.363033,-0.343379,0.682244,15.856792,0.726073,0.484048,0.966667,-0.524986,9.170745,0.000000,True,False,False,,,,1295,28
0.000000,0.000000,29.000000,1.000000,0.000000,0.000000,1.000000,0.000000,2.000000,0.000000,7.373485,1.000000,1.000000,1.000000,1.000000,0.000000,0.000000,0.358818,-0.307499,0.664375,16.372634,0.714454,0.476302,0.966667,-0.515842,9.170745,0.000000,True,False,False,,,,1296,28
0.000000,0.000000,29.000000,1.000000,0.000000,0.000000,1.000000,0.000000,2.000000,0.000000,7.490728,1.000000,1.000000,1.000000,1.000000,0.000000,0.000000,0.373907,-0.396663,0.663746,16.854418,0.716263,0.477509,0.966667,-0.481784,9.170745,0.000000,True,False,False,,,,1297,28
0.000000,0.000000,29.000000,1.000000,0.000000,0.000000,1.000000,0.000000,1.000000,0.000000,7.807066,1.000000,1.000000,1.000000,1.000000,0.000000,0.000000,0.424137,-0.316425,0.617834,17.355920,0.717053,0.478035,0.966667,-0.501502,9.170745,0.000000,True,False,False,,,,1298,28
0.000000,0.000000,29.000000,1.000000,0.000000,0.000000,1.000000,0.000000,1.000000,0.000000,7.133327,1.000000,1.000000,1.000000,1.000000,0.000000,0.000000,0.437267,-0.249897,0.573689,17.822089,0.718913,0.479275,1.000000,-0.466168,8.801461,0.000000,True,False,False,0.461606,1.000000,-0.076788,1299,28
0.000000,0.000000,29.000000,1.000000,0.000000,0.000000,1.000000,0.000000,0.000000,0.000000,8.001297,1.000000,1.000000,1.000000,1.000000,0.000000,0.000000,0.451395,-0.224147,0.570526,18.299915,0.723675,0.482450,1.000000,-0.477826,8.444010,0.000000,True,False,False,0.446813,1.000000,-0.106373,1300,28
0.000000,0.000000,29.000000,1.000000,0.000000,0.000000,1.000000,0.000000,2.000000,0.000000,7.691253,1.000000,1.000000,1.000000,1.000000,0.000000,0.000000,0.409116,-0.159685,0.584674,18.802302,0.710466,0.473644,1.000000,-0.502387,8.059757,0.000000,True,False,False,0.480316,1.000000,-0.039368,1301,28
0.000000,0.000000,29.000000,1.000000,0.000000,0.000000,1.000000,0.000000,2.000000,0.000000,7.591466,1.000000,1.000000,1.000000,1.000000,0.000000,0.000000,0.532819,-0.029643,0.472179,19.189503,0.715586,0.477058,0.966667,-0.387201,8.059757,0.000000,True,False,False,,,,1302,28
0.000000,0.000000,29.000000,1.000000,0.000000,0.000000,1.000000,0.000000,2.000000,0.000000,7.503651,1.000000,1.000000,1.000000,1.000000,0.000000,0.000000,0.501475,-0.129566,0.501366,19.646200,0.745119,0.496746,1.000000,-0.456697,7.675831,0.000000,True,True,True,0.479907,1.000000,-0.040185,1303,28
0.000000,0.000000,29.000000,1.000000,0.000000,0.000000,1.000000,0.000000,0.000000,0.000000,8.133477,1.000000,1.000000,1.000000,1.000000,0.000000,0.000000,0.505584,0.067492,0.523327,20.059456,0.748231,0.498820,0.966667,-0.413256,7.675831,0.000000,True,True,True,,,,1304,28
0.000000,0.000000,29.000000,1.000000,0.000000,0.000000,1.000000,0.000000,1.000000,0.000000,7.552265,1.000000,1.000000,1.000000,1.000000,0.000000,0.000000,0.272675,-0.227980,0.740022,20.601485,0.726072,0.484048,0.966667,-0.542029,7.675831,0.000000,True,True,True,1.000000,1.000000,1.000000,1305,28
0.000000,0.000000,29.000000,1.000000,0.000000,0.000000,1.000000,0.000000,0.000000,0.000000,8.154792,1.000000,1.000000,1.000000,1.000000,0.000000,0.000000,0.414554,-0.119353,0.630358,21.086216,0.713553,0.475702,0.966667,-0.484731,7.675831,0.000000,True,True,True,,,,1306,28
0.000000,0.000000,29.000000,1.000000,0.000000,0.000000,1.000000,0.000000,1.000000,0.000000,7.965188,1.000000,1.000000,1.000000,1.000000,0.000000,0.000000,0.305460,-0.195193,0.699745,21.597595,0.689600,0.459733,0.966667,-0.511379,7.675831,0.000000,True,True,True,1.000000,1.000000,1.000000,1307,28
0.000000,0.000000,29.000000,1.000000,0.000000,0.000000,1.000000,0.000000,2.000000,0.000000,7.816909,1.000000,1.000000,1.000000,1.000000,0.000000,0.000000,0.467378,0.005993,0.550869,22.044039,0.679417,0.452945,0.966667,-0.446444,7.675831,0.000000,True,True,True,,,,1308,28
0.000000,0.000000,29.000000,1.000000,0.000000,0.000000,1.000000,0.000000,1.000000,0.000000,6.968299,1.000000,1.000000,1.000000,1.000000,0.000000,0.000000,0.434596,-0.221050,0.591329,22.479115,0.681667,0.454445,0.966667,-0.435076,7.675831,0.000000,True,True,True,,,,1309,28
0.000000,0.000000,29.000000,1.000000,0.000000,0.000000,1.000000,0.000000,1.000000,0.000000,7.742133,1.000000,1.000000,1.000000,1.000000,0.000000,0.000000,0.387875,-0.237666,0.651786,22.889679,0.680773,0.453849,0.966667,-0.410564,7.675831,0.000000,True,True,True,1.000000,1.000000,1.000000,1310,28
0.000000,0.000000,29.000000,1.000000,0.000000,0.000000,1.000000,0.000000,1.000000,0.000000,7.748826,1.000000,1.000000,1.000000,1.000000,0.000000,0.000000,0.400088,-0.116568,0.635371,23.353357,0.664114,0.442743,0.966667,-0.463678,7.675831,0.000000,True,True,True,,,,1311,28
0.000000,0.000000,29.000000,1.000000,0.000000,0.000000,1.000000,0.000000,1.000000,0.000000,7.835700,1.000000,1.000000,1.000000,1.000000,0.000000,0.000000,0.550222,0.060961,0.471305,23.753724,0.654352,0.436235,0.966667,-0.400367,7.675831,0.000000,True,True,True,,,,1312,28
0.000000,0.000000,29.000000,1.000000,0.000000,0.000000,1.000000,0.000000,1.000000,0.000000,7.772464,1.000000,1.000000,1.000000,1.000000,0.000000,0.000000,0.413838,-0.067508,0.613312,24.167560,0.647285,0.431523,0.966667,-0.413836,7.675831,0.000000,True,True,True,,,,1313,28
0.000000,0.000000,29.000000,1.000000,0.000000,0.000000,1.000000,0.000000,2.000000,0.000000,7.914150,1.000000,1.000000,1.000000,1.000000,0.000000,0.000000,0.644204,0.075507,0.428912,24.563314,0.641535,0.427690,0.966667,-0.395754,7.675831,0.000000,True,True,True,,,,1314,28
0.000000,0.000000,29.000000,1.000000,0.000000,0.000000,1.000000,0.000000,0.000000,0.000000,8.074743,1.000000,1.000000,1.000000,1.000000,0.000000,0.000000,0.583701,-0.049712,0.464045,24.889486,0.670038,0.446692,0.966667,-0.326172,7.675831,0.000000,True,True,True,1.000000,1.000000,1.000000,1315,28
0.000000,0.000000,29.000000,1.000000,0.000000,0.000000,1.000000,0.000000,2.000000,0.000000,7.790689,1.000000,1.000000,1.000000,1.000000,0.000000,0.000000,0.425313,-0.186900,0.596475,25.373132,0.655008,0.436672,0.966667,-0.483645,7.675831,0.000000,True,True,True,1.000000,1.000000,1.000000,1316,28
0.000000,0.000000,29.000000,1.000000,0.000000,0.000000,1.000000,0.000000,1.000000,0.000000,7.923464,1.000000,1.000000,1.000000,1.000000,0.000000,0.000000,0.643014,-0.202304,0.436121,25.759884,0.673980,0.449320,0.966667,-0.386753,7.675831,0.000000,True,True,True,,,,1317,28
0.000000,0.000000,29.000000,1.000000,0.000000,0.000000,1.000000,0.000000,1.000000,0.000000,7.886091,1.000000,1.000000,1.000000,1.000000,0.000000,0.000000,0.718872,-0.377141,0.342731,26.008691,0.668783,0.445856,0.966667,-0.248807,7.675831,0.000000,True,True,True,1.000000,1.000000,1.000000,1318,28
0.000000,0.000000,29.000000,1.000000,0.000000,0.000000,1.000000,0.000000,0.000000,0.000000,8.136551,1.000000,1.000000,1.000000,1.000000,0.000000,0.000000,0.515898,-0.006901,0.536347,26.303575,0.665226,0.443484,0.966667,-0.294884,7.675831,0.000000,True,True,True,1.000000,1.000000,1.000000,1319,28
0.000000,0.000000,29.000000,1.000000,0.000000,0.000000,1.000000,0.000000,1.000000,0.000000,7.880575,1.000000,1.000000,1.000000,1.000000,0.000000,0.000000,0.787098,-0.289156,0.271219,26.417209,0.645764,0.430509,0.966667,-0.113634,7.675831,0.000000,True,True,True,1.000000,1.000000,1.000000,1320,28
0.000000,0.000000,29.000000,1.000000,0.000000,0.000000,1.000000,0.000000,0.000000,0.000000,8.176863,1.000000,1.000000,1.000000,1.000000,0.000000,0.000000,0.370018,-0.361328,0.643131,26.537677,0.653186,0.435457,0.966667,-0.120468,7.675831,0.000000,True,True,True,1.000000,1.000000,1.000000,1321,28
0.000000,0.000000,29.000000,1.000000,0.000000,0.000000,1.000000,0.000000,0.000000,0.000000,8.224123,1.000000,1.000000,1.000000,1.000000,0.000000,0.000000,0.801166,-0.221297,0.262509,26.734332,0.631424,0.420950,0.966667,-0.196655,7.675831,0.000000,True,True,True,1.000000,1.000000,1.000000,1322,28
0.000000,0.000000,29.000000,1.000000,0.000000,0.000000,1.000000,0.000000,0.000000,0.000000,8.033829,1.000000,1.000000,1.000000,1.000000,0.000000,0.000000,0.464797,-0.179558,0.571291,26.928275,0.614067,0.409378,0.966667,-0.193943,7.675831,0.000000,True,True,True,1.000000,1.000000,1.000000,1323,28
0.000000,0.000000,29.000000,1.000000,0.000000,0.000000,1.000000,0.000000,2.000000,0.000000,7.810147,1.000000,1.000000,1.000000,1.000000,0.000000,0.000000,0.768741,-0.280967,0.292072,27.031276,0.598478,0.398986,0.966667,-0.103001,7.675831,0.000000,True,True,True,1.000000,1.000000,1.000000,1324,28
0.000000,0.000000,29.000000,1.000000,0.000000,0.000000,1.000000,0.000000,0.000000,0.000000,8.101739,1.000000,1.000000,1.000000,1.000000,0.000000,0.000000,0.516207,-0.160784,0.471759,27.077471,0.626837,0.417891,0.966667,-0.046195,7.675831,0.000000,True,True,True,1.000000,1.000000,1.000000,1325,28
0.000000,0.000000,29.000000,1.000000,0.000000,0.000000,1.000000,0.000000,2.000000,0.000000,7.818830,1.000000,1.000000,1.000000,1.000000,0.000000,0.000000,0.787461,-0.185963,0.286463,27.072423,0.604508,0.403005,0.966667,0.005048,7.675831,0.000000,True,True,True,1.000000,1.000000,1.000000,1326,28
0.000000,0.000000,29.000000,1.000000,0.000000,0.000000,1.000000,0.000000,2.000000,0.000000,7.656332,1.000000,1.000000,1.000000,1.000000,0.000000,0.000000,0.494461,0.065922,0.558219,26.771515,0.629162,0.419441,0.966667,0.300907,7.675831,0.000000,True,True,True,,,,1327,28
0.000000,0.000000,29.000000,1.000000,0.000000,0.000000,1.000000,0.000000,2.000000,0.000000,7.758255,1.000000,1.000000,1.000000,1.000000,0.000000,0.000000,0.496037,0.124509,0.594599,26.344062,0.656119,0.437413,0.966667,0.427453,7.675831,0.000000,True,True,True,1.000000,1.000000,1.000000,1328,28
0.000000,0.000000,29.000000,1.000000,0.000000,0.000000,1.000000,0.000000,0.000000,0.000000,8.110087,1.000000,1.000000,1.000000,1.000000,0.000000,0.000000,0.403270,0.328531,0.667544,25.825160,0.678489,0.452326,0.966667,0.518902,7.675831,0.000000,True,True,True,1.000000,1.000000,1.000000,1329,28
0.000000,0.000000,29.000000,1.000000,0.000000,0.000000,1.000000,0.000000,0.000000,0.000000,8.138108,1.000000,1.000000,1.000000,1.000000,0.000000,0.000000,0.337997,0.329398,0.728994,25.225814,0.659074,0.439383,0.966667,0.599346,7.675831,0.000000,True,True,True,1.000000,1.000000,1.000000,1330,28
0.000000,0.000000,29.000000,1.000000,0.000000,0.000000,1.000000,0.000000,0.000000,0.000000,8.072806,1.000000,1.000000,1.000000,1.000000,0.000000,0.000000,0.334667,0.406276,0.734259,24.612663,0.640253,0.426836,0.966667,0.613151,7.675831,0.000000,True,True,True,1.000000,1.000000,1.000000,1331,28
0.000000,0.000000,29.000000,1.000000,0.000000,0.000000,1.000000,0.000000,1.000000,0.000000,7.500935,1.000000,1.000000,1.000000,1.000000,0.000000,0.000000,0.248164,0.489845,0.815378,24.007793,0.620086,0.413391,0.966667,0.604870,7.675831,0.000000,True,True,True,1.000000,1.000000,1.000000,1332,28
0.000000,0.000000,29.000000,1.000000,0.000000,0.000000,1.000000,0.000000,0.000000,0.000000,8.079143,1.000000,1.000000,1.000000,1.000000,0.000000,0.000000,0.297987,0.455375,0.762596,23.457163,0.613901,0.409267,0.966667,0.550630,7.675831,0.000000,True,True,True,,,,1333,28
0.000000,0.000000,29.000000,1.000000,0.000000,0.000000,1.000000,0.000000,0.000000,0.000000,8.029709,1.000000,1.000000,1.000000,1.000000,0.000000,0.000000,0.241154,0.490782,0.823778,22.871121,0.596027,0.397352,0.966667,0.586042,7.675831,0.000000,True,True,True,1.000000,1.000000,1.000000,1334,28
0.000000,0.000000,29.000000,1.000000,0.000000,0.000000,1.000000,0.000000,1.000000,0.000000,7.604914,1.000000,1.000000,1.000000,1.000000,0.000000,0.000000,0.175453,0.546347,0.862597,22.301863,0.577551,0.385034,0.966667,0.569258,7.675831,0.000000,True,True,True,1.000000,1.000000,1.000000,1335,28
0.000000,0.000000,29.000000,1.000000,0.000000,0.000000,1.000000,0.000000,1.000000,0.000000,6.742517,1.000000,1.000000,1.000000,1.000000,0.000000,0.000000,0.174389,0.522109,0.862115,21.737573,0.574395,0.382930,0.966667,0.564290,7.675831,0.000000,True,True,True,,,,1336,28
0.000000,0.000000,29.000000,1.000000,0.000000,0.000000,1.000000,0.000000,1.000000,0.000000,7.228976,1.000000,1.000000,1.000000,1.000000,0.000000,0.000000,0.188591,0.530760,0.848452,21.192774,0.571630,0.381087,0.966667,0.544799,7.675831,0.000000,True,True,True,,,,1337,28
0.000000,0.000000,29.000000,1.000000,0.000000,0.000000,1.000000,0.000000,1.000000,0.000000,6.517085,1.000000,1.000000,1.000000,1.000000,0.000000,0.000000,0.179880,0.536137,0.858609,20.638066,0.568934,0.379289,0.966667,0.554708,7.675831,0.000000,True,True,True,,,,1338,28
0.000000,0.000000,29.000000,1.000000,0.000000,0.000000,1.000000,0.000000,1.000000,0.000000,6.758221,1.000000,1.000000,1.000000,1.000000,0.000000,0.000000,0.178835,0.534257,0.860016,20.089592,0.566241,0.377494,0.966667,0.548474,7.675831,0.000000,True,True,True,,,,1339,28
0.000000,0.000000,29.000000,1.000000,0.000000,0.000000,1.000000,0.000000,1.000000,0.000000,6.630230,1.000000,1.000000,1.000000,1.000000,0.000000,0.000000,0.172810,0.519917,0.864312,19.536991,0.563717,0.375811,0.966667,0.552601,7.675831,0.000000,True,True,True,,,,1340,28
0.000000,0.000000,29.000000,1.000000,0.000000,0.000000,1.000000,0.000000,1.000000,0.000000,6.751900,1.000000,1.000000,1.000000,1.000000,0.000000,0.000000,0.184329,0.504389,0.850728,18.993775,0.561388,0.374259,0.966667,0.543215,7.675831,0.000000,True,True,True,,,,1341,28
0.000000,0.000000,29.000000,1.000000,0.000000,0.000000,1.000000,0.000000,1.000000,0.000000,6.890602,1.000000,1.000000,1.000000,1.000000,0.000000,0.000000,0.187357,0.457370,0.847959,18.458435,0.559181,0.372787,0.966667,0.535340,7.675831,0.000000,True,True,True,,,,1342,28
0.000000,0.000000,29.000000,1.000000,0.000000,0.000000,1.000000,0.000000,1.000000,0.000000,7.130849,1.000000,1.000000,1.000000,1.000000,0.000000,0.000000,0.196437,0.470744,0.838523,17.926866,0.557101,0.371401,0.966667,0.531569,7.675831,0.000000,True,True,True,,,,1343,28
0.000000,0.000000,29.000000,1.000000,0.000000,0.000000,1.000000,0.000000,1.000000,0.000000,7.424395,1.000000,1.000000,1.000000,1.000000,0.000000,0.000000,0.117599,0.486055,0.906130,17.390899,0.554553,0.369702,0.966667,0.535967,7.675831,0.000000,True,True,True,,,,1344,28
0.000000,0.000000,29.000000,1.000000,0.000000,0.000000,1.000000,0.000000,1.000000,0.000000,7.814743,1.000000,1.000000,1.000000,1.000000,0.000000,0.000000,0.134049,0.500779,0.888681,16.862525,0.552021,0.368014,0.966667,0.528374,7.675831,0.000000,True,True,True,,,,1345,28
0.000000,0.000000,29.000000,1.000000,0.000000,0.000000,1.000000,0.000000,0.000000,0.000000,8.238265,1.000000,1.000000,1.000000,1.000000,0.000000,0.000000,0.119288,0.468150,0.903873,16.331937,0.549652,0.366434,0.966667,0.530588,7.675831,0.000000,True,True,True,,,,1346,28
0.000000,0.000000,29.000000,1.000000,0.000000,0.000000,1.000000,0.000000,0.000000,0.000000,8.402402,1.000000,1.000000,1.000000,1.000000,0.000000,0.000000,0.130793,0.495697,0.892787,15.825481,0.530488,0.353659,0.966667,0.506456,7.675831,0.000000,True,True,True,1.000000,1.000000,1.000000,1347,28
0.000000,0.000000,29.000000,1.000000,0.000000,0.000000,1.000000,0.000000,0.000000,0.000000,8.064158,1.000000,1.000000,1.000000,1.000000,0.000000,0.000000,0.062879,0.534637,0.939298,15.339021,0.512093,0.341395,0.966667,0.486459,7.675831,0.000000,True,True,True,1.000000,1.000000,1.000000,1348,28
0.000000,0.000000,29.000000,1.000000,0.000000,0.000000,1.000000,0.000000,1.000000,0.000000,7.843998,1.000000,1.000000,1.000000,1.000000,0.000000,0.000000,0.085164,0.551739,0.918784,14.876841,0.494228,0.329485,0.966667,0.462180,7.675831,0.000000,True,True,True,1.000000,1.000000,1.000000,1349,28
0.000000,0.000000,29.000000,1.000000,0.000000,0.000000,1.000000,0.000000,1.000000,0.000000,7.899631,1.000000,1.000000,1.000000,1.000000,0.000000,0.000000,0.133411,0.453280,0.852661,14.473146,0.494136,0.329424,0.966667,0.403695,7.675831,0.000000,True,True,True,,,,1350,28
0.000000,0.000000,29.000000,1.000000,0.000000,0.000000,1.000000,0.000000,1.000000,0.000000,7.683975,1.000000,1.000000,1.000000,1.000000,0.000000,0.000000,0.155580,0.470463,0.824012,14.051883,0.515159,0.343439,0.966667,0.421263,7.675831,0.000000,True,True,True,1.000000,1.000000,1.000000,1351,28
0.000000,0.000000,29.000000,1.000000,0.000000,0.000000,1.000000,0.000000,1.000000,0.000000,7.708925,1.000000,1.000000,1.000000,1.000000,0.000000,0.000000,0.127868,0.408613,0.847414,13.614318,0.522872,0.348581,0.966667,0.437565,7.675831,0.000000,True,True,True,,,,1352,28
0.000000,0.000000,29.000000,1.000000,0.000000,0.000000,1.000000,0.000000,1.000000,0.000000,7.490787,1.000000,1.000000,1.000000,1.000000,0.000000,0.000000,0.107487,0.429419,0.883104,13.149824,0.524668,0.349779,0.966667,0.464494,7.675831,0.000000,True,True,True,,,,1353,28
0.000000,0.000000,29.000000,1.000000,0.000000,0.000000,1.000000,0.000000,1.000000,0.000000,7.648941,1.000000,1.000000,1.000000,1.000000,0.000000,0.000000,0.143095,0.333984,0.848472,12.703993,0.538880,0.359253,0.966667,0.445832,7.675831,0.000000,True,True,True,1.000000,1.000000,1.000000,1354,28
0.000000,0.000000,29.000000,1.000000,0.000000,0.000000,1.000000,0.000000,2.000000,0.000000,7.246807,1.000000,1.000000,1.000000,1.000000,0.000000,0.000000,0.099630,0.331846,0.880305,12.227939,0.535000,0.356667,0.966667,0.476054,7.675831,0.000000,True,True,True,,,,1355,28
0.000000,0.000000,29.000000,1.000000,0.000000,0.000000,1.000000,0.000000,1.000000,0.000000,6.894904,1.000000,1.000000,1.000000,1.000000,0.000000,0.000000,0.137038,0.348147,0.838701,11.759598,0.551386,0.367591,0.966667,0.468341,7.675831,0.000000,True,True,True,,,,1356,28
0.000000,0.000000,29.000000,1.000000,0.000000,0.000000,1.000000,0.000000,2.000000,0.000000,7.418777,1.000000,1.000000,1.000000,1.000000,0.000000,0.000000,0.187500,0.356514,0.785673,11.323797,0.553622,0.369081,0.966667,0.435800,7.675831,0.000000,True,True,True,,,,1357,28
0.000000,0.000000,29.000000,1.000000,0.000000,0.000000,1.000000,0.000000,2.000000,0.000000,6.908365,1.000000,1.000000,1.000000,1.000000,0.000000,0.000000,0.095045,0.439611,0.893568,10.793148,0.565888,0.377259,0.966667,0.530650,7.675831,0.000000,True,True,True,,,,1358,28
0.000000,0.000000,29.000000,1.000000,0.000000,0.000000,1.000000,0.000000,3.000000,0.000000,6.787254,1.000000,1.000000,1.000000,1.000000,0.000000,0.000000,0.166888,0.296653,0.799381,10.334747,0.580220,0.386813,0.966667,0.458400,7.675831,0.000000,True,True,True,,,,1359,28
0.000000,0.000000,29.000000,1.000000,0.000000,0.000000,1.000000,0.000000,2.000000,0.000000,6.989554,1.000000,1.000000,1.000000,1.000000,0.000000,0.000000,0.176901,0.233598,0.799148,9.852528,0.606657,0.404438,0.966667,0.482219,7.675831,0.000000,True,True,True,,,,1360,28
0.000000,0.000000,29.000000,1.000000,0.000000,0.000000,1.000000,0.000000,2.000000,0.000000,7.261071,1.000000,1.000000,1.000000,1.000000,0.000000,0.000000,0.212948,0.321182,0.757769,9.386745,0.618259,0.412172,0.966667,0.465783,7.675831,0.000000,True,True,True,,,,1361,28
0.000000,0.000000,29.000000,1.000000,0.000000,0.000000,1.000000,0.000000,2.000000,0.000000,6.722673,1.000000,1.000000,1.000000,1.000000,0.000000,0.000000,0.266688,0.244756,0.689139,8.938352,0.639383,0.426255,0.966667,0.448393,7.675831,0.000000,True,True,True,,,,1362,28
0.000000,0.000000,29.000000,1.000000,0.000000,0.000000,1.000000,0.000000,2.000000,0.000000,7.144837,1.000000,1.000000,1.000000,1.000000,0.000000,0.000000,0.237925,0.353978,0.741704,8.454221,0.647180,0.431453,0.966667,0.484131,7.675831,0.000000,True,True,True,,,,1363,28
0.000000,0.000000,29.000000,1.000000,0.000000,0.000000,1.000000,0.000000,3.000000,0.000000,6.925542,1.000000,1.000000,1.000000,1.000000,0.000000,0.000000,0.238338,0.236010,0.737074,7.969183,0.664110,0.442740,0.966667,0.485038,7.675831,0.000000,True,True,True,,,,1364,28
0.000000,0.000000,29.000000,1.000000,0.000000,0.000000,1.000000,0.000000,2.000000,0.000000,7.033579,1.000000,1.000000,1.000000,1.000000,0.000000,0.000000,0.286651,0.267485,0.707216,7.493963,0.688481,0.458987,0.966667,0.475220,7.675831,0.000000,True,True,True,,,,1365,28
0.000000,0.000000,29.000000,1.000000,0.000000,0.000000,1.000000,0.000000,2.000000,0.000000,6.945577,1.000000,1.000000,1.000000,1.000000,0.000000,0.000000,0.257754,0.221916,0.717578,6.993712,0.696308,0.464205,0.966667,0.500251,7.675831,0.000000,True,True,True,,,,1366,28
0.000000,0.000000,29.000000,1.000000,0.000000,0.000000,1.000000,0.000000,2.000000,0.000000,6.943221,1.000000,1.000000,1.000000,1.000000,0.000000,0.000000,0.223122,0.329976,0.762510,6.458668,0.694521,0.463014,0.966667,0.535044,7.675831,0.000000,True,True,True,,,,1367,28
0.000000,0.000000,29.000000,1.000000,0.000000,0.000000,1.000000,0.000000,3.000000,0.000000,7.687211,1.000000,1.000000,1.000000,1.000000,0.000000,0.000000,0.188431,0.207947,0.789898,5.934230,0.701402,0.467601,0.966667,0.524438,7.675831,0.000000,True,True,True,,,,1368,28
0.000000,0.000000,29.000000,1.000000,0.000000,0.000000,1.000000,0.000000,3.000000,0.000000,6.689923,1.000000,1.000000,1.000000,1.000000,0.000000,0.000000,0.247844,0.196842,0.739461,5.426234,0.715612,0.477074,0.966667,0.507996,7.675831,0.000000,True,True,True,,,,1369,28
0.000000,0.000000,29.000000,1.000000,0.000000,0.000000,1.000000,0.000000,1.000000,0.000000,7.689518,1.000000,1.000000,1.000000,1.000000,0.000000,0.000000,0.281464,0.179861,0.704289,4.954083,0.726779,0.484519,0.966667,0.472151,7.675831,0.000000,True,True,True,,,,1370,28
0.000000,0.000000,29.000000,1.000000,0.000000,0.000000,1.000000,0.000000,1.000000,0.000000,6.832019,1.000000,1.000000,1.000000,1.000000,0.000000,0.000000,0.140773,0.324245,0.858887,4.377802,0.708706,0.472471,0.966667,0.576281,7.675831,0.000000,True,True,True,,,,1371,28
0.000000,0.000000,29.000000,1.000000,0.000000,0.000000,1.000000,0.000000,4.000000,0.000000,6.894294,1.000000,1.000000,1.000000,1.000000,0.000000,0.000000,0.200367,0.330797,0.775973,3.881243,0.691581,0.461054,0.966667,0.496559,7.675831,0.000000,True,True,True,,,,1372,28
0.000000,0.000000,29.000000,1.000000,0.000000,0.000000,1.000000,0.000000,3.000000,0.000000,6.575423,1.000000,1.000000,1.000000,1.000000,0.000000,0.000000,0.214658,0.044113,0.765494,3.381042,0.702945,0.468630,0.966667,0.500202,7.675831,0.000000,True,True,True,,,,1373,28
0.000000,0.000000,29.000000,1.000000,0.000000,0.000000,1.000000,0.000000,2.000000,0.000000,6.744156,1.000000,1.000000,1.000000,1.000000,0.000000,0.000000,0.282539,-0.032215,0.700142,2.927451,0.722605,0.481736,0.966667,0.453591,7.675831,0.000000,True,True,True,,,,1374,28
0.000000,0.000000,29.000000,1.000000,0.000000,0.000000,1.000000,0.000000,2.000000,0.000000,6.919298,1.000000,1.000000,1.000000,1.000000,0.000000,0.000000,0.147398,0.014672,0.824979,2.339835,0.711685,0.474456,0.966667,0.587615,7.675831,0.000000,True,True,True,,,,1375,28
0.000000,0.000000,29.000000,1.000000,0.000000,0.000000,1.000000,0.000000,1.000000,0.000000,6.691855,1.000000,1.000000,1.000000,1.000000,0.000000,0.000000,0.203135,-0.025142,0.763947,1.840243,0.710573,0.473715,0.966667,0.499592,7.675831,0.000000,True,True,True,,,,1376,28
0.000000,0.000000,29.000000,1.000000,0.000000,0.000000,1.000000,0.000000,2.000000,0.000000,7.298018,1.000000,1.000000,1.000000,1.000000,0.000000,0.000000,0.142556,0.038706,0.839198,1.405906,0.702182,0.468121,0.966667,0.434337,7.675831,0.000000,True,True,True,1.000000,1.000000,1.000000,1377,28
0.000000,0.000000,29.000000,1.000000,0.000000,0.000000,1.000000,0.000000,2.000000,0.000000,6.697953,1.000000,1.000000,1.000000,1.000000,0.000000,0.000000,0.195938,-0.035841,0.785039,1.099268,0.704877,0.469918,0.966667,0.306638,7.675831,0.000000,True,True,True,,,,1378,28
0.000000,0.000000,29.000000,1.000000,0.000000,0.000000,1.000000,0.000000,2.000000,0.000000,7.340239,1.000000,1.000000,1.000000,1.000000,0.000000,0.000000,0.191293,-0.038170,0.811477,1.084688,0.715865,0.477244,0.966667,0.014580,7.675831,0.000000,True,True,True,1.000000,1.000000,1.000000,1379,28
0.000000,0.000000,29.000000,1.000000,0.000000,0.000000,1.000000,0.000000,2.000000,0.000000,6.810904,1.000000,1.000000,1.000000,1.000000,0.000000,0.000000,0.186221,-0.032861,0.807679,1.312057,0.713535,0.475690,0.966667,-0.227369,7.675831,0.000000,True,True,True,,,,1380,28
0.000000,0.000000,29.000000,1.000000,0.000000,0.000000,1.000000,0.000000,2.000000,0.000000,7.129000,1.000000,1.000000,1.000000,1.000000,0.000000,0.000000,0.168426,-0.074595,0.835154,1.738524,0.720760,0.480506,0.966667,-0.426467,7.675831,0.000000,True,True,True,1.000000,1.000000,1.000000,1381,28
0.000000,0.000000,29.000000,1.000000,0.000000,0.000000,1.000000,0.000000,3.000000,0.000000,6.713753,1.000000,1.000000,1.000000,1.000000,0.000000,0.000000,0.176371,-0.073061,0.814541,2.218121,0.716551,0.477701,0.966667,-0.479597,7.675831,0.000000,True,True,True,,,,1382,28
0.000000,0.000000,29.000000,1.000000,0.000000,0.000000,1.000000,0.000000,1.000000,0.000000,7.141298,1.000000,1.000000,1.000000,1.000000,0.000000,0.000000,0.164707,-0.085369,0.843191,2.758527,0.723755,0.482504,0.966667,-0.540406,7.675831,0.000000,True,True,True,,,,1383,28
0.000000,0.000000,29.000000,1.000000,0.000000,0.000000,1.000000,0.000000,1.000000,0.000000,6.477019,1.000000,1.000000,1.000000,1.000000,0.000000,0.000000,0.179175,0.068516,0.806007,3.337701,0.702231,0.468154,0.966667,-0.579174,7.675831,0.000000,True,True,True,,,,1384,28
0.000000,0.000000,29.000000,1.000000,0.000000,0.000000,1.000000,0.000000,3.000000,0.000000,7.155603,1.000000,1.000000,1.000000,1.000000,0.000000,0.000000,0.094173,-0.024518,0.894518,3.928654,0.693894,0.462596,0.966667,-0.590953,7.675831,0.000000,True,True,True,1.000000,1.000000,1.000000,1385,28
0.000000,0.000000,29.000000,1.000000,0.000000,0.000000,1.000000,0.000000,2.000000,0.000000,5.656695,1.000000,1.000000,1.000000,1.000000,0.000000,0.000000,0.166957,0.006853,0.818764,4.509307,0.698017,0.465344,0.966667,-0.580653,7.675831,0.000000,True,True,True,,,,1386,28
0.000000,0.000000,29.000000,1.000000,0.000000,0.000000,1.000000,0.000000,4.000000,0.000000,7.077744,1.000000,1.000000,1.000000,1.000000,0.000000,0.000000,0.173358,-0.182484,0.819411,5.027264,0.700819,0.467213,0.966667,-0.517956,7.675831,0.000000,True,True,True,1.000000,1.000000,1.000000,1387,28
0.000000,0.000000,29.000000,1.000000,0.000000,0.000000,1.000000,0.000000,3.000000,0.000000,7.100448,1.000000,1.000000,1.000000,1.000000,0.000000,0.000000,0.237751,-0.135435,0.752698,5.552951,0.711210,0.474140,0.966667,-0.525687,7.675831,0.000000,True,True,True,,,,1388,28
0.000000,0.000000,29.000000,1.000000,0.000000,0.000000,1.000000,0.000000,4.000000,0.000000,6.944021,1.000000,1.000000,1.000000,1.000000,0.000000,0.000000,0.202672,-0.144340,0.771121,6.085740,0.710168,0.473445,0.966667,-0.532789,7.675831,0.000000,True,True,True,,,,1389,28
0.000000,0.000000,29.000000,1.000000,0.000000,0.000000,1.000000,0.000000,4.000000,0.000000,7.310414,1.000000,1.000000,1.000000,1.000000,0.000000,0.000000,0.316423,-0.104088,0.629491,6.565160,0.718386,0.478924,0.966667,-0.479420,7.675831,0.000000,True,True,True,,,,1390,28
0.000000,0.000000,29.000000,1.000000,0.000000,0.000000,1.000000,0.000000,3.000000,0.000000,6.687506,1.000000,1.000000,1.000000,1.000000,0.000000,0.000000,0.290420,-0.177113,0.683914,7.031974,0.738420,0.492280,0.966667,-0.466813,7.675831,0.000000,True,True,True,,,,1391,28
0.000000,0.000000,29.000000,1.000000,0.000000,0.000000,1.000000,0.000000,4.000000,0.000000,7.343596,1.000000,1.000000,1.000000,1.000000,0.000000,0.000000,0.280279,0.009614,0.702710,7.589129,0.743128,0.495419,0.966667,-0.557156,7.675831,0.000000,True,True,True,,,,1392,28
0.000000,0.000000,29.000000,1.000000,0.000000,0.000000,1.000000,0.000000,3.000000,0.000000,7.467178,1.000000,1.000000,1.000000,1.000000,0.000000,0.000000,0.319163,-0.220896,0.675164,8.067353,0.747343,0.498229,0.966667,-0.478223,7.675831,0.000000,True,True,True,,,,1393,28
0.000000,0.000000,29.000000,1.000000,0.000000,0.000000,1.000000,0.000000,1.000000,0.000000,7.502776,1.000000,1.000000,1.000000,1.000000,0.000000,0.000000,0.334980,-0.066902,0.676969,8.571062,0.754333,0.502889,0.966667,-0.503710,7.675831,0.000000,True,True,True,1.000000,1.000000,1.000000,1394,28
0.000000,0.000000,29.000000,1.000000,0.000000,0.000000,1.000000,0.000000,2.000000,0.000000,6.808234,1.000000,1.000000,1.000000,1.000000,0.000000,0.000000,0.263666,-0.189679,0.729223,9.102872,0.736697,0.491131,0.966667,-0.531810,7.675831,0.000000,True,True,True,1.000000,1.000000,1.000000,1395,28
0.000000,0.000000,29.000000,1.000000,0.000000,0.000000,1.000000,0.000000,2.000000,0.000000,7.912484,1.000000,1.000000,1.000000,1.000000,0.000000,0.000000,0.218848,-0.146861,0.798175,9.666914,0.741098,0.494065,0.966667,-0.564041,7.675831,0.000000,True,True,True,1.000000,1.000000,1.000000,1396,28
0.000000,0.000000,29.000000,1.000000,0.000000,0.000000,1.000000,0.000000,3.000000,0.000000,6.608037,1.000000,1.000000,1.000000,1.000000,0.000000,0.000000,0.243018,-0.318430,0.764937,10.195414,0.741341,0.494227,0.966667,-0.528501,7.675831,0.000000,True,True,True,1.000000,1.000000,1.000000,1397,28
0.000000,0.000000,29.000000,1.000000,0.000000,0.000000,1.000000,0.000000,3.000000,0.000000,7.613157,1.000000,1.000000,1.000000,1.000000,0.000000,0.000000,0.296388,-0.444945,0.717798,10.680195,0.750422,0.500281,0.966667,-0.484781,7.675831,0.000000,True,True,True,,,,1398,28
0.000000,0.000000,29.000000,1.000000,0.000000,0.000000,1.000000,0.000000,2.000000,0.000000,6.885310,1.000000,1.000000,1.000000,1.000000,0.000000,0.000000,0.333935,-0.454366,0.694749,11.148379,0.763572,0.509048,0.966667,-0.468183,7.675831,0.000000,True,True,True,1.000000,1.000000,1.000000,1399,28
0.000000,0.000000,29.000000,1.000000,0.000000,0.000000,1.000000,0.000000,2.000000,0.000000,7.838452,1.000000,1.000000,1.000000,1.000000,0.000000,0.000000,0.335281,-0.309351,0.663956,11.637341,0.758578,0.505718,0.966667,-0.488962,7.675831,0.000000,True,True,True,1.000000,1.000000,1.000000,1400,28
0.000000,0.000000,29.000000,1.000000,0.000000,0.000000,1.000000,0.000000,4.000000,0.000000,7.003401,1.000000,1.000000,1.000000,1.000000,0.000000,0.000000,0.411982,-0.048358,0.560609,12.088941,0.759539,0.506360,0.966667,-0.451601,7.675831,0.000000,True,True,True,1.000000,1.000000,1.000000,1401,28
0.000000,0.000000,29.000000,1.000000,0.000000,0.000000,1.000000,0.000000,3.000000,0.000000,6.294691,1.000000,1.000000,1.000000,1.000000,0.000000,0.000000,0.473575,-0.432584,0.516499,12.447150,0.781440,0.520960,0.966667,-0.358209,7.675831,0.000000,True,True,True,,,,1402,28
0.000000,0.000000,29.000000,1.000000,0.000000,0.000000,1.000000,0.000000,4.000000,0.000000,7.175159,1.000000,1.000000,1.000000,1.000000,0.000000,0.000000,0.403219,-0.200964,0.585561,12.913308,0.784111,0.522741,0.966667,-0.466158,7.675831,0.000000,True,True,True,1.000000,1.000000,1.000000,1403,28
0.000000,0.000000,29.000000,1.000000,0.000000,0.000000,1.000000,0.000000,3.000000,0.000000,6.367432,1.000000,1.000000,1.000000,1.000000,0.000000,0.000000,0.465909,-0.374781,0.536020,13.308494,0.792726,0.528484,0.966667,-0.395186,7.675831,0.000000,True,True,True,,,,1404,28
0.000000,0.000000,29.000000,1.000000,0.000000,0.000000,1.000000,0.000000,2.000000,0.000000,7.392105,1.000000,1.000000,1.000000,1.000000,0.000000,0.000000,0.468844,-0.311571,0.565424,13.764040,0.798332,0.532221,0.966667,-0.455546,7.675831,1.000000,True,True,True,1.000000,1.000000,1.000000,1405,28
0.000000,0.000000,29.000000,1.000000,0.000000,0.000000,1.000000,0.000000,1.000000,0.000000,7.332826,1.000000,1.000000,1.000000,1.000000,0.000000,0.000000,0.440835,-0.304337,0.614350,14.236282,0.787746,0.525164,0.966667,-0.472243,7.675831,0.000000,True,True,True,1.000000,1.000000,1.000000,1406,28
0.000000,0.000000,29.000000,1.000000,0.000000,0.000000,1.000000,0.000000,1.000000,0.000000,7.742216,1.000000,1.000000,1.000000,1.000000,0.000000,0.000000,0.313568,-0.220792,0.679007,14.798580,0.765828,0.510552,0.966667,-0.562298,7.675831,0.000000,True,True,True,1.000000,1.000000,1.000000,1407,28
0.000000,0.000000,29.000000,1.000000,0.000000,0.000000,1.000000,0.000000,2.000000,0.000000,7.144805,1.000000,1.000000,1.000000,1.000000,0.000000,0.000000,0.381335,-0.255467,0.636616,15.308655,0.753237,0.502158,0.966667,-0.510075,7.675831,0.000000,True,True,True,1.000000,1.000000,1.000000,1408,28
0.000000,0.000000,29.000000,1.000000,0.000000,0.000000,1.000000,0.000000,1.000000,0.000000,7.494476,1.000000,1.000000,1.000000,1.000000,0.000000,0.000000,0.395710,-0.331701,0.662126,15.787620,0.749509,0.499673,0.966667,-0.478965,7.675831,0.000000,True,True,True,,,,1409,28
0.000000,0.000000,29.000000,1.000000,0.000000,0.000000,1.000000,0.000000,1.000000,0.000000,7.557783,1.000000,1.000000,1.000000,1.000000,0.000000,0.000000,0.235224,-0.240601,0.786077,16.329654,0.725590,0.483727,0.966667,-0.542035,7.675831,0.000000,True,True,True,,,,1410,28
0.000000,0.000000,29.000000,1.000000,0.000000,0.000000,1.000000,0.000000,3.000000,0.000000,7.426277,1.000000,1.000000,1.000000,1.000000,0.000000,0.000000,0.339097,-0.336654,0.698529,16.880638,0.706679,0.471120,0.966667,-0.550983,7.675831,0.000000,True,True,True,,,,1411,28
0.000000,0.000000,29.000000,1.000000,0.000000,0.000000,1.000000,0.000000,1.000000,0.000000,7.634284,1.000000,1.000000,1.000000,1.000000,0.000000,0.000000,0.389408,-0.350411,0.654760,17.333673,0.711077,0.474051,0.966667,-0.453035,7.675831,0.000000,True,True,True,,,,1412,28
0.000000,0.000000,29.000000,1.000000,0.000000,0.000000,1.000000,0.000000,1.000000,0.000000,7.399985,1.000000,1.000000,1.000000,1.000000,0.000000,0.000000,0.439005,-0.291712,0.572382,17.747842,0.691731,0.461154,0.966667,-0.414169,7.675831,0.000000,True,True,True,,,,1413,28
0.000000,0.000000,29.000000,1.000000,0.000000,0.000000,1.000000,0.000000,1.000000,0.000000,7.319542,1.000000,1.000000,1.000000,1.000000,0.000000,0.000000,0.520801,-0.100553,0.498559,18.142653,0.687368,0.458245,0.966667,-0.394812,7.675831,0.000000,True,True,True,1.000000,1.000000,1.000000,1414,28
0.000000,0.000000,29.000000,1.000000,0.000000,0.000000,1.000000,0.000000,0.000000,0.000000,8.055861,1.000000,1.000000,1.000000,1.000000,0.000000,0.000000,0.404210,-0.244733,0.621276,18.573352,0.670802,0.447201,0.966667,-0.430699,7.675831,0.000000,True,True,True,,,,1415,28
0.000000,0.000000,29.000000,1.000000,0.000000,0.000000,1.000000,0.000000,1.000000,0.000000,7.864658,1.000000,1.000000,1.000000,1.000000,0.000000,0.000000,0.348668,-0.187274,0.709877,19.050297,0.645904,0.430603,0.966667,-0.476945,7.675831,0.000000,True,True,True,1.000000,1.000000,1.000000,1416,28
0.000000,0.000000,29.000000,1.000000,0.000000,0.000000,1.000000,0.000000,2.000000,0.000000,7.911846,1.000000,1.000000,1.000000,1.000000,0.000000,0.000000,0.414204,-0.213387,0.617529,19.459775,0.637285,0.424857,0.966667,-0.409478,7.675831,0.000000,True,True,True,,,,1417,28
0.000000,0.000000,29.000000,1.000000,0.000000,0.000000,1.000000,0.000000,1.000000,0.000000,7.925630,1.000000,1.000000,1.000000,1.000000,0.000000,0.000000,0.637567,-0.125235,0.403999,19.794837,0.639154,0.426103,0.966667,-0.335062,7.675831,0.000000,True,True,True,,,,1418,28
0.000000,0.000000,29.000000,1.000000,0.000000,0.000000,1.000000,0.000000,1.000000,0.000000,7.842727,1.000000,1.000000,1.000000,1.000000,0.000000,0.000000,0.638585,0.006573,0.371083,20.076430,0.639417,0.426278,0.966667,-0.281593,7.675831,0.000000,True,True,True,1.000000,1.000000,1.000000,1419,28
0.000000,0.000000,29.000000,1.000000,0.000000,0.000000,1.000000,0.000000,2.000000,0.000000,7.630363,1.000000,1.000000,1.000000,1.000000,0.000000,0.000000,0.450161,-0.179200,0.584392,20.500982,0.637870,0.425247,0.966667,-0.424552,7.675831,0.000000,True,True,True,1.000000,1.000000,1.000000,1420,28
0.000000,0.000000,29.000000,1.000000,0.000000,0.000000,1.000000,0.000000,1.000000,0.000000,7.429740,1.000000,1.000000,1.000000,1.000000,0.000000,0.000000,0.742321,0.140991,0.332016,20.712317,0.656157,0.437438,0.966667,-0.211336,7.675831,0.000000,True,True,True,,,,1421,28
0.000000,0.000000,29.000000,1.000000,0.000000,0.000000,1.000000,0.000000,1.000000,0.000000,7.923168,1.000000,1.000000,1.000000,1.000000,0.000000,0.000000,0.280489,-0.119386,0.738336,21.096455,0.653961,0.435974,0.966667,-0.384138,7.675831,0.000000,True,True,True,1.000000,1.000000,1.000000,1422,28
0.000000,0.000000,29.000000,1.000000,0.000000,0.000000,1.000000,0.000000,1.000000,0.000000,7.922641,1.000000,1.000000,1.000000,1.000000,0.000000,0.000000,0.556709,0.061353,0.476792,21.359167,0.648007,0.432005,0.966667,-0.262712,7.675831,0.000000,True,True,True,,,,1423,28
0.000000,0.000000,29.000000,1.000000,0.000000,0.000000,1.000000,0.000000,2.000000,0.000000,7.290681,1.000000,1.000000,1.000000,1.000000,0.000000,0.000000,0.500258,0.013622,0.547301,21.748545,0.636060,0.424040,0.966667,-0.389378,7.675831,0.000000,True,True,True,,,,1424,28
0.000000,0.000000,29.000000,1.000000,0.000000,0.000000,1.000000,0.000000,3.000000,0.000000,7.442028,1.000000,1.000000,1.000000,1.000000,0.000000,0.000000,0.596919,0.048366,0.418803,21.955563,0.651255,0.434170,0.966667,-0.207018,7.675831,0.000000,True,True,True,,,,1425,28
0.000000,0.000000,29.000000,1.000000,0.000000,0.000000,1.000000,0.000000,3.000000,0.000000,7.420256,1.000000,1.000000,1.000000,1.000000,0.000000,0.000000,0.398995,-0.247878,0.636381,22.385543,0.690859,0.460573,0.966667,-0.429980,7.675831,0.000000,True,True,True,,,,1426,28
0.000000,0.000000,29.000000,1.000000,0.000000,0.000000,1.000000,0.000000,3.000000,0.000000,7.306209,1.000000,1.000000,1.000000,1.000000,0.000000,0.000000,0.562954,0.023097,0.463285,22.828430,0.730555,0.487037,0.966667,-0.442887,7.675831,0.000000,True,True,True,1.000000,1.000000,1.000000,1427,28
0.000000,0.000000,29.000000,1.000000,0.000000,0.000000,1.000000,0.000000,3.000000,0.000000,7.511496,1.000000,1.000000,1.000000,1.000000,0.000000,0.000000,0.611732,-0.152248,0.422054,23.192581,0.753712,0.502475,0.966667,-0.364151,7.675831,0.000000,True,True,True,,,,1428,28
0.000000,0.000000,29.000000,1.000000,0.000000,0.000000,1.000000,0.000000,2.000000,0.000000,7.811589,1.000000,1.000000,1.000000,1.000000,0.000000,0.000000,0.560852,-0.073603,0.475609,23.667203,0.768280,0.512186,0.966667,-0.474622,7.675831,0.000000,True,True,True,,,,1429,28
0.000000,0.000000,29.000000,1.000000,0.000000,0.000000,1.000000,0.000000,1.000000,0.000000,7.922451,1.000000,1.000000,1.000000,1.000000,0.000000,0.000000,0.562874,-0.256554,0.507993,24.070790,0.766844,0.511230,0.966667,-0.403586,7.675831,0.000000,True,True,True,,,,1430,28
0.000000,0.000000,29.000000,1.000000,0.000000,0.000000,1.000000,0.000000,0.000000,0.000000,8.070510,1.000000,1.000000,1.000000,1.000000,0.000000,0.000000,0.460591,-0.290610,0.529222,24.506941,0.757061,0.504708,0.966667,-0.436151,7.675831,0.000000,True,True,True,1.000000,1.000000,1.000000,1431,28
0.000000,0.000000,29.000000,1.000000,0.000000,0.000000,1.000000,0.000000,1.000000,0.000000,7.373097,1.000000,1.000000,1.000000,1.000000,0.000000,0.000000,0.598131,0.005154,0.450508,24.921055,0.736530,0.491020,0.966667,-0.414114,7.675831,0.000000,True,True,True,1.000000,1.000000,1.000000,1432,28
0.000000,0.000000,29.000000,1.000000,0.000000,0.000000,1.000000,0.000000,0.000000,0.000000,8.098281,1.000000,1.000000,1.000000,1.000000,0.000000,0.000000,0.498407,-0.440822,0.515663,25.200173,0.727307,0.484871,0.966667,-0.279117,7.675831,0.000000,True,True,True,,,,1433,28
0.000000,0.000000,29.000000,1.000000,0.000000,0.000000,1.000000,0.000000,1.000000,0.000000,7.831259,1.000000,1.000000,1.000000,1.000000,0.000000,0.000000,0.565452,-0.090449,0.509460,25.638830,0.703228,0.468818,0.966667,-0.438658,7.675831,0.000000,True,True,True,1.000000,1.000000,1.000000,1434,28
0.000000,0.000000,29.000000,1.000000,0.000000,0.000000,1.000000,0.000000,0.000000,0.000000,8.224916,1.000000,1.000000,1.000000,1.000000,0.000000,0.000000,0.461743,-0.503557,0.564719,25.901610,0.696143,0.464095,0.966667,-0.262779,7.675831,0.000000,True,True,True,,,,1435,28
0.000000,0.000000,29.000000,1.000000,0.000000,0.000000,1.000000,0.000000,1.000000,0.000000,7.817671,1.000000,1.000000,1.000000,1.000000,0.000000,0.000000,0.480522,-0.232454,0.590118,26.396978,0.673976,0.449318,0.966667,-0.495369,7.675831,0.000000,True,True,True,1.000000,1.000000,1.000000,1436,28
0.000000,0.000000,29.000000,1.000000,0.000000,0.000000,1.000000,0.000000,0.000000,0.000000,8.009151,1.000000,1.000000,1.000000,1.000000,0.000000,0.000000,0.509202,-0.538683,0.557551,26.801021,0.669983,0.446655,0.966667,-0.404042,7.675831,0.000000,True,True,True,,,,1437,28
0.000000,0.000000,29.000000,1.000000,0.000000,0.000000,1.000000,0.000000,1.000000,0.000000,7.632078,1.000000,1.000000,1.000000,1.000000,0.000000,0.000000,0.623697,-0.263373,0.425983,27.176929,0.650597,0.433731,0.966667,-0.375908,7.675831,0.000000,True,True,True,1.000000,1.000000,1.000000,1438,28
0.000000,0.000000,29.000000,1.000000,0.000000,0.000000,1.000000,0.000000,1.000000,0.000000,7.740884,1.000000,1.000000,1.000000,1.000000,0.000000,0.000000,0.599311,-0.366058,0.452674,27.460702,0.648254,0.432170,0.966667,-0.283773,7.675831,0.000000,True,True,True,,,,1439,28
0.000000,0.000000,29.000000,1.000000,0.000000,0.000000,1.000000,0.000000,0.000000,0.000000,8.405887,1.000000,1.000000,1.000000,1.000000,0.000000,0.000000,0.588158,-0.401378,0.516614,27.751832,0.640534,0.427023,0.966667,-0.291130,7.675831,0.000000,True,True,True,,,,1440,28
0.000000,0.000000,29.000000,1.000000,0.000000,0.000000,1.000000,0.000000,1.000000,0.000000,7.975356,1.000000,1.000000,1.000000,1.000000,0.000000,0.000000,0.500881,-0.515608,0.542853,28.037808,0.620514,0.413676,0.966667,-0.285976,7.675831,0.000000,True,True,True,1.000000,1.000000,1.000000,1441,28
0.000000,0.000000,29.000000,1.000000,0.000000,0.000000,1.000000,0.000000,0.000000,0.000000,8.465635,1.000000,1.000000,1.000000,1.000000,0.000000,0.000000,0.566840,-0.378338,0.526271,28.397007,0.619466,0.412978,0.966667,-0.359200,7.675831,0.000000,True,True,True,,,,1442,28
0.000000,0.000000,29.000000,1.000000,0.000000,0.000000,1.000000,0.000000,0.000000,0.000000,8.309330,1.000000,1.000000,1.000000,1.000000,0.000000,0.000000,0.567665,-0.372325,0.484573,28.644999,0.599873,0.399915,0.966667,-0.247992,7.675831,0.000000,True,True,True,1.000000,1.000000,1.000000,1443,28
0.000000,0.000000,29.000000,1.000000,0.000000,0.000000,1.000000,0.000000,1.000000,0.000000,7.812865,1.000000,1.000000,1.000000,1.000000,0.000000,0.000000,0.628393,-0.247643,0.430407,28.865487,0.585257,0.390171,0.966667,-0.220488,7.675831,0.000000,True,True,True,1.000000,1.000000,1.000000,1444,28
0.000000,0.000000,29.000000,1.000000,0.000000,0.000000,1.000000,0.000000,0.000000,0.000000,8.538603,1.000000,1.000000,1.000000,1.000000,0.000000,0.000000,0.678984,-0.366241,0.388643,28.931777,0.586922,0.391281,0.966667,-0.066290,7.675831,0.000000,True,True,True,,,,1445,28
0.000000,0.000000,29.000000,1.000000,0.000000,0.000000,1.000000,0.000000,0.000000,0.000000,8.110997,1.000000,1.000000,1.000000,1.000000,0.000000,0.000000,0.687147,-0.185400,0.341074,29.032241,0.567675,0.378450,0.966667,-0.100464,7.675831,0.000000,True,True,True,1.000000,1.000000,1.000000,1446,28
0.000000,0.000000,29.000000,1.000000,0.000000,0.000000,1.000000,0.000000,1.000000,0.000000,7.647610,1.000000,1.000000,1.000000,1.000000,0.000000,0.000000,0.592229,-0.153506,0.438716,28.918136,0.553767,0.369178,0.966667,0.114105,7.675831,0.000000,True,True,True,1.000000,1.000000,1.000000,1447,28
0.000000,0.000000,29.000000,1.000000,0.000000,0.000000,1.000000,0.000000,0.000000,0.000000,8.270609,1.000000,1.000000,1.000000,1.000000,0.000000,0.000000,0.446390,0.069841,0.618710,28.716681,0.557045,0.371363,0.966667,0.201455,7.675831,0.000000,True,True,True,,,,1448,28
0.000000,0.000000,29.000000,1.000000,0.000000,0.000000,1.000000,0.000000,1.000000,0.000000,7.731240,1.000000,1.000000,1.000000,1.000000,0.000000,0.000000,0.393080,0.194032,0.687287,28.319087,0.538087,0.358725,0.966667,0.397594,7.675831,0.000000,True,True,True,1.000000,1.000000,1.000000,1449,28
0.000000,0.000000,29.000000,1.000000,0.000000,0.000000,1.000000,0.000000,0.000000,0.000000,8.041580,1.000000,1.000000,1.000000,1.000000,0.000000,0.000000,0.372666,0.289553,0.708092,27.936732,0.539921,0.359948,0.966667,0.382355,7.675831,0.000000,True,True,True,,,,1450,28
0.000000,0.000000,29.000000,1.000000,0.000000,0.000000,1.000000,0.000000,0.000000,0.000000,8.098635,1.000000,1.000000,1.000000,1.000000,0.000000,0.000000,0.322833,0.415153,0.752376,27.459625,0.525530,0.350354,0.966667,0.477108,7.675831,0.000000,True,True,True,1.000000,1.000000,1.000000,1451,28
0.000000,0.000000,29.000000,1.000000,0.000000,0.000000,1.000000,0.000000,1.000000,0.000000,7.830157,1.000000,1.000000,1.000000,1.000000,0.000000,0.000000,0.327213,0.452379,0.748877,26.977181,0.511607,0.341071,0.966667,0.482443,7.675831,0.000000,True,True,True,1.000000,1.000000,1.000000,1452,28
0.000000,0.000000,29.000000,1.000000,0.000000,0.000000,1.000000,0.000000,1.000000,0.000000,7.101659,1.000000,1.000000,1.000000,1.000000,0.000000,0.000000,0.404002,0.377084,0.654760,26.550892,0.531074,0.354050,0.966667,0.426290,7.675831,0.000000,True,True,True,1.000000,1.000000,1.000000,1453,28
0.000000,0.000000,29.000000,1.000000,0.000000,0.000000,1.000000,0.000000,0.000000,0.000000,8.101613,1.000000,1.000000,1.000000,1.000000,0.000000,0.000000,0.389476,0.416678,0.659466,26.081310,0.550548,0.367032,0.966667,0.469581,7.675831,0.000000,True,True,True,1.000000,1.000000,1.000000,1454,28
0.000000,0.000000,29.000000,1.000000,0.000000,0.000000,1.000000,0.000000,0.000000,0.000000,8.000484,1.000000,1.000000,1.000000,1.000000,0.000000,0.000000,0.315574,0.467867,0.748366,25.553400,0.543906,0.362604,0.966667,0.527910,7.675831,0.000000,True,True,True,1.000000,1.000000,1.000000,1455,28
0.000000,0.000000,29.000000,1.000000,0.000000,0.000000,1.000000,0.000000,1.000000,0.000000,7.801988,1.000000,1.000000,1.000000,1.000000,0.000000,0.000000,0.300356,0.492835,0.764959,25.033318,0.527775,0.351850,0.966667,0.520082,7.675831,0.000000,True,True,True,1.000000,1.000000,1.000000,1456,28
0.000000,0.000000,29.000000,1.000000,0.000000,0.000000,1.000000,0.000000,1.000000,0.000000,6.739679,1.000000,1.000000,1.000000,1.000000,0.000000,0.000000,0.343208,0.452820,0.717917,24.563297,0.529022,0.352681,0.966667,0.470021,7.675831,0.000000,True,True,True,,,,1457,28
0.000000,0.000000,29.000000,1.000000,0.000000,0.000000,1.000000,0.000000,2.000000,0.000000,7.199291,1.000000,1.000000,1.000000,1.000000,0.000000,0.000000,0.301681,0.502258,0.737572,24.092940,0.546701,0.364467,0.966667,0.470358,7.675831,0.000000,True,True,True,1.000000,1.000000,1.000000,1458,28
0.000000,0.000000,29.000000,1.000000,0.000000,0.000000,1.000000,0.000000,3.000000,0.000000,7.184041,1.000000,1.000000,1.000000,1.000000,0.000000,0.000000,0.311798,0.471219,0.720161,23.607731,0.577579,0.385053,0.966667,0.485209,7.675831,0.000000,True,True,True,,,,1459,28
0.000000,0.000000,29.000000,1.000000,0.000000,0.000000,1.000000,0.000000,1.000000,0.000000,6.814166,1.000000,1.000000,1.000000,1.000000,0.000000,0.000000,0.425896,0.377879,0.584910,23.170464,0.639503,0.426335,0.966667,0.437267,7.675831,0.000000,True,True,True,,,,1460,28
0.000000,0.000000,29.000000,1.000000,0.000000,0.000000,1.000000,0.000000,1.000000,0.000000,7.979490,1.000000,1.000000,1.000000,1.000000,0.000000,0.000000,0.290897,0.498578,0.736027,22.591905,0.655532,0.437021,0.966667,0.578559,7.675831,0.000000,True,True,True,1.000000,1.000000,1.000000,1461,28
0.000000,0.000000,29.000000,1.000000,0.000000,0.000000,1.000000,0.000000,1.000000,0.000000,7.600603,1.000000,1.000000,1.000000,1.000000,0.000000,0.000000,0.253400,0.524404,0.764375,22.009001,0.663569,0.442379,0.966667,0.582904,7.675831,0.000000,True,True,True,1.000000,1.000000,1.000000,1462,28
0.000000,0.000000,29.000000,1.000000,0.000000,0.000000,1.000000,0.000000,2.000000,0.000000,7.042968,1.000000,1.000000,1.000000,1.000000,0.000000,0.000000,0.234959,0.512679,0.788587,21.428428,0.661329,0.440886,0.966667,0.580573,7.675831,0.000000,True,True,True,,,,1463,28
0.000000,0.000000,29.000000,1.000000,0.000000,0.000000,1.000000,0.000000,4.000000,0.000000,7.525443,1.000000,1.000000,1.000000,1.000000,0.000000,0.000000,0.311610,0.481444,0.698578,20.885722,0.688465,0.458977,0.966667,0.542706,7.675831,0.000000,True,True,True,1.000000,1.000000,1.000000,1464,28
0.000000,0.000000,29.000000,1.000000,0.000000,0.000000,1.000000,0.000000,3.000000,0.000000,7.340358,1.000000,1.000000,1.000000,1.000000,0.000000,0.000000,0.431841,0.305126,0.540795,20.434795,0.722192,0.481461,0.966667,0.450927,7.675831,0.000000,True,True,True,,,,1465,28
0.000000,0.000000,29.000000,1.000000,0.000000,0.000000,1.000000,0.000000,2.000000,0.000000,7.604860,1.000000,1.000000,1.000000,1.000000,0.000000,0.000000,0.346045,0.371304,0.640730,19.858610,0.756178,0.504119,0.966667,0.576184,7.675831,0.000000,True,True,True,,,,1466,28
0.000000,0.000000,29.000000,1.000000,0.000000,0.000000,1.000000,0.000000,1.000000,0.000000,7.699724,1.000000,1.000000,1.000000,1.000000,0.000000,0.000000,0.235053,0.515013,0.748284,19.223729,0.765036,0.510024,0.966667,0.634882,7.675831,0.000000,True,True,True,,,,1467,28
0.000000,0.000000,29.000000,1.000000,0.000000,0.000000,1.000000,0.000000,2.000000,0.000000,7.705157,1.000000,1.000000,1.000000,1.000000,0.000000,0.000000,0.196776,0.513194,0.799737,18.556654,0.763180,0.508787,0.966667,0.667075,7.675831,0.000000,True,True,True,1.000000,1.000000,1.000000,1468,28
0.000000,0.000000,29.000000,1.000000,0.000000,0.000000,1.000000,0.000000,1.000000,0.000000,7.651223,1.000000,1.000000,1.000000,1.000000,0.000000,0.000000,0.184325,0.454814,0.774082,17.944879,0.766132,0.510755,0.966667,0.611775,7.675831,0.000000,True,True,True,,,,1469,28
0.000000,0.000000,29.000000,1.000000,0.000000,0.000000,1.000000,0.000000,2.000000,0.000000,7.895770,1.000000,1.000000,1.000000,1.000000,0.000000,0.000000,0.107198,0.535199,0.878110,17.262312,0.755737,0.503825,0.966667,0.682567,7.675831,0.000000,True,True,True,,,,1470,28
0.000000,0.000000,29.000000,1.000000,0.000000,0.000000,1.000000,0.000000,2.000000,0.000000,7.487935,1.000000,1.000000,1.000000,1.000000,0.000000,0.000000,0.163334,0.425173,0.801434,16.645352,0.748610,0.499074,0.966667,0.616960,7.675831,0.000000,True,True,True,,,,1471,28
0.000000,0.000000,29.000000,1.000000,0.000000,0.000000,1.000000,0.000000,2.000000,0.000000,7.505223,1.000000,1.000000,1.000000,1.000000,0.000000,0.000000,0.066950,0.515247,0.922386,15.925257,0.752634,0.501756,0.966667,0.720095,7.675831,0.000000,True,True,True,,,,1472,28
0.000000,0.000000,29.000000,1.000000,0.000000,0.000000,1.000000,0.000000,2.000000,0.000000,6.669925,1.000000,1.000000,1.000000,1.000000,0.000000,0.000000,0.228345,0.367751,0.712933,15.357298,0.762745,0.508497,0.966667,0.567959,7.675831,0.000000,True,True,True,1.000000,1.000000,1.000000,1473,28
0.000000,0.000000,29.000000,1.000000,0.000000,0.000000,1.000000,0.000000,2.000000,0.000000,7.538223,1.000000,1.000000,1.000000,1.000000,0.000000,0.000000,0.118148,0.435910,0.855288,14.677818,0.767862,0.511908,0.966667,0.679479,7.675831,0.000000,True,True,True,1.000000,1.000000,1.000000,1474,28
0.000000,0.000000,29.000000,1.000000,0.000000,0.000000,1.000000,0.000000,2.000000,0.000000,5.966375,1.000000,1.000000,1.000000,1.000000,0.000000,0.000000,0.183280,0.392943,0.777268,14.056492,0.770070,0.513380,0.966667,0.621326,7.675831,0.000000,True,True,True,1.000000,1.000000,1.000000,1475,28
0.000000,0.000000,29.000000,1.000000,0.000000,0.000000,1.000000,0.000000,3.000000,0.000000,6.894784,1.000000,1.000000,1.000000,1.000000,0.000000,0.000000,0.154769,0.406192,0.806687,13.403319,0.770531,0.513687,0.966667,0.653173,7.675831,0.000000,True,True,True,1.000000,1.000000,1.000000,1476,28
0.000000,0.000000,29.000000,1.000000,0.000000,0.000000,1.000000,0.000000,2.000000,0.000000,6.657126,1.000000,1.000000,1.000000,1.000000,0.000000,0.000000,0.195639,0.298029,0.753972,12.796228,0.778427,0.518951,0.966667,0.607091,7.675831,0.000000,True,True,True,1.000000,1.000000,1.000000,1477,28
0.000000,0.000000,29.000000,1.000000,0.000000,0.000000,1.000000,0.000000,2.000000,0.000000,7.021292,1.000000,1.000000,1.000000,1.000000,0.000000,0.000000,0.185524,0.339820,0.775117,12.163337,0.783614,0.522410,0.966667,0.632890,7.675831,0.000000,True,True,True,1.000000,1.000000,1.000000,1478,28
0.000000,0.000000,29.000000,1.000000,0.000000,0.000000,1.000000,0.000000,3.000000,0.000000,7.334566,1.000000,1.000000,1.000000,1.000000,0.000000,0.000000,0.172823,0.287171,0.809262,11.520218,0.787273,0.524848,0.966667,0.643119,7.675831,0.000000,True,True,True,1.000000,1.000000,1.000000,1479,28
0.000000,0.000000,29.000000,1.000000,0.000000,0.000000,1.000000,0.000000,2.000000,0.000000,6.562312,1.000000,1.000000,1.000000,1.000000,0.000000,0.000000,0.302098,0.265562,0.642530,10.991949,0.794382,0.529588,0.966667,0.528269,7.675831,0.000000,True,True,True,,,,1480,28
0.000000,0.000000,29.000000,1.000000,0.000000,0.000000,1.000000,0.000000,3.000000,0.000000,7.157594,1.000000,1.000000,1.000000,1.000000,0.000000,0.000000,0.189554,0.275337,0.763712,10.360482,0.795287,0.530192,0.966667,0.631467,7.675831,0.000000,True,True,True,1.000000,1.000000,1.000000,1481,28
0.000000,0.000000,29.000000,1.000000,0.000000,0.000000,1.000000,0.000000,3.000000,0.000000,6.764508,1.000000,1.000000,1.000000,1.000000,0.000000,0.000000,0.223446,0.257751,0.733100,9.740458,0.804511,0.536340,0.966667,0.620024,7.675831,0.000000,True,True,True,,,,1482,28
0.000000,0.000000,29.000000,1.000000,0.000000,0.000000,1.000000,0.000000,3.000000,0.000000,6.980603,1.000000,1.000000,1.000000,1.000000,0.000000,0.000000,0.240330,0.216273,0.751724,9.138724,0.816091,0.544061,0.966667,0.601734,7.675831,0.000000,True,True,True,1.000000,1.000000,1.000000,1483,28
0.000000,0.000000,29.000000,1.000000,0.000000,0.000000,1.000000,0.000000,2.000000,0.000000,7.413481,1.000000,1.000000,1.000000,1.000000,0.000000,0.000000,0.176325,0.197225,0.790490,8.496646,0.808156,0.538771,0.966667,0.642078,7.675831,0.000000,True,True,True,,,,1484,28
0.000000,0.000000,29.000000,1.000000,0.000000,0.000000,1.000000,0.000000,3.000000,0.000000,7.061995,1.000000,1.000000,1.000000,1.000000,0.000000,0.000000,0.171209,0.176898,0.814121,7.858141,0.803611,0.535741,0.966667,0.638505,7.675831,0.000000,True,True,True,1.000000,1.000000,1.000000,1485,28
0.000000,0.000000,29.000000,1.000000,0.000000,0.000000,1.000000,0.000000,3.000000,0.000000,6.944033,1.000000,1.000000,1.000000,1.000000,0.000000,0.000000,0.174258,0.161568,0.793158,7.246978,0.794996,0.529997,0.966667,0.611163,7.675831,0.000000,True,True,True,,,,1486,28
0.000000,0.000000,29.000000,1.000000,0.000000,0.000000,1.000000,0.000000,3.000000,0.000000,7.220622,1.000000,1.000000,1.000000,1.000000,0.000000,0.000000,0.237030,0.116899,0.741745,6.688162,0.797789,0.531859,0.966667,0.558816,7.675831,0.000000,True,True,True,1.000000,1.000000,1.000000,1487,28
0.000000,0.000000,29.000000,1.000000,0.000000,0.000000,1.000000,0.000000,4.000000,0.000000,7.039552,1.000000,1.000000,1.000000,1.000000,0.000000,0.000000,0.260786,0.076097,0.690549,6.184481,0.797837,0.531891,0.966667,0.503681,7.675831,0.000000,True,True,True,,,,1488,28
0.000000,0.000000,29.000000,1.000000,0.000000,0.000000,1.000000,0.000000,3.000000,0.000000,7.124422,1.000000,1.000000,1.000000,1.000000,0.000000,0.000000,0.213052,0.064631,0.766156,5.611629,0.812158,0.541438,0.966667,0.572853,7.675831,0.000000,True,True,True,1.000000,1.000000,1.000000,1489,28
0.000000,0.000000,29.000000,1.000000,0.000000,0.000000,1.000000,0.000000,3.000000,0.000000,6.924383,1.000000,1.000000,1.000000,1.000000,0.000000,0.000000,0.330593,0.163654,0.633065,5.124364,0.805948,0.537298,0.966667,0.487265,7.675831,0.000000,True,True,True,,,,1490,28
0.000000,0.000000,29.000000,1.000000,0.000000,0.000000,1.000000,0.000000,3.000000,0.000000,7.107895,1.000000,1.000000,1.000000,1.000000,0.000000,0.000000,0.249678,0.266624,0.749195,4.575536,0.794246,0.529498,0.966667,0.548828,7.675831,0.000000,True,True,True,,,,1491,28
0.000000,0.000000,29.000000,1.000000,0.000000,0.000000,1.000000,0.000000,3.000000,0.000000,7.112050,1.000000,1.000000,1.000000,1.000000,0.000000,0.000000,0.320133,0.110264,0.693959,4.136705,0.792202,0.528134,0.966667,0.438830,7.675831,0.000000,True,True,True,,,,1492,28
0.000000,0.000000,29.000000,1.000000,0.000000,0.000000,1.000000,0.000000,3.000000,0.000000,7.645813,1.000000,1.000000,1.000000,1.000000,0.000000,0.000000,0.206752,0.126118,0.795151,3.644158,0.795738,0.530492,0.966667,0.492547,7.675831,0.000000,True,True,True,1.000000,1.000000,1.000000,1493,28
0.000000,0.000000,29.000000,1.000000,0.000000,0.000000,1.000000,0.000000,1.000000,0.000000,7.967526,1.000000,1.000000,1.000000,1.000000,0.000000,0.000000,0.234009,0.016498,0.747895,3.276883,0.778470,0.518980,0.966667,0.367275,7.675831,0.000000,True,True,True,,,,1494,28
0.000000,0.000000,29.000000,1.000000,0.000000,0.000000,1.000000,0.000000,2.000000,0.000000,7.085547,1.000000,1.000000,1.000000,1.000000,0.000000,0.000000,0.163190,0.152305,0.854197,2.798018,0.757926,0.505284,0.966667,0.478865,7.675831,0.000000,True,True,True,1.000000,1.000000,1.000000,1495,28
0.000000,0.000000,29.000000,1.000000,0.000000,0.000000,1.000000,0.000000,2.000000,0.000000,7.273121,1.000000,1.000000,1.000000,1.000000,0.000000,0.000000,0.199968,0.040748,0.802457,2.479518,0.743670,0.495780,0.966667,0.318500,7.675831,0.000000,True,True,True,,,,1496,28
0.000000,0.000000,29.000000,1.000000,0.000000,0.000000,1.000000,0.000000,2.000000,0.000000,6.928484,1.000000,1.000000,1.000000,1.000000,0.000000,0.000000,0.146840,0.125830,0.841872,2.256511,0.725209,0.483473,0.966667,0.223007,7.675831,0.000000,True,True,True,,,,1497,28
0.000000,0.000000,29.000000,1.000000,0.000000,0.000000,1.000000,0.000000,3.000000,0.000000,7.301976,1.000000,1.000000,1.000000,1.000000,0.000000,0.000000,0.200481,0.038400,0.777830,2.189789,0.712367,0.474911,0.966667,0.066722,7.675831,0.000000,True,True,True,,,,1498,28
0.000000,0.000000,29.000000,1.000000,0.000000,0.000000,1.000000,0.000000,1.000000,0.000000,7.069515,1.000000,1.000000,1.000000,1.000000,0.000000,0.000000,0.193144,0.051678,0.775840,2.259441,0.720195,0.480130,0.966667,-0.069652,7.675831,0.000000,True,True,True,,,,1499,28
0.000000,0.000000,29.000000,1.000000,0.000000,0.000000,1.000000,0.000000,2.000000,0.000000,7.530924,1.000000,1.000000,1.000000,1.000000,0.000000,0.000000,0.196179,0.120349,0.773157,2.455612,0.713702,0.475802,0.966667,-0.196171,7.675831,0.000000,True,True,True,1.000000,1.000000,1.000000,1500,28
0.000000,0.000000,29.000000,1.000000,0.000000,0.000000,1.000000,0.000000,2.000000,0.000000,7.476750,1.000000,1.000000,1.000000,1.000000,0.000000,0.000000,0.171894,0.097075,0.809887,2.746064,0.711097,0.474065,0.966667,-0.290452,7.675831,0.000000,True,True,True,,,,1501,28
0.000000,0.000000,29.000000,1.000000,0.000000,0.000000,1.000000,0.000000,4.000000,0.000000,7.093498,1.000000,1.000000,1.000000,1.000000,0.000000,0.000000,0.244664,0.182424,0.702963,3.041221,0.715605,0.477070,0.966667,-0.295158,7.675831,0.000000,True,True,True,,,,1502,28
0.000000,0.000000,29.000000,1.000000,0.000000,0.000000,1.000000,0.000000,4.000000,0.000000,6.818980,1.000000,1.000000,1.000000,1.000000,0.000000,0.000000,0.258390,0.021139,0.709115,3.443513,0.744257,0.496171,0.966667,-0.402292,7.675831,0.000000,True,True,True,,,,1503,28
0.000000,0.000000,29.000000,1.000000,0.000000,0.000000,1.000000,0.000000,4.000000,0.000000,6.907724,1.000000,1.000000,1.000000,1.000000,0.000000,0.000000,0.217032,0.103994,0.754427,3.925696,0.763515,0.509010,0.966667,-0.482183,7.675831,0.000000,True,True,True,,,,1504,28
0.000000,0.000000,29.000000,1.000000,0.000000,0.000000,1.000000,0.000000,3.000000,0.000000,6.974818,1.000000,1.000000,1.000000,1.000000,0.000000,0.000000,0.182714,-0.015776,0.795168,4.457796,0.774801,0.516534,0.966667,-0.532100,7.675831,0.000000,True,True,True,,,,1505,28
0.000000,0.000000,29.000000,1.000000,0.000000,0.000000,1.000000,0.000000,4.000000,0.000000,6.303751,1.000000,1.000000,1.000000,1.000000,0.000000,0.000000,0.228409,0.134253,0.755596,4.992231,0.781569,0.521046,0.966667,-0.534434,7.675831,0.000000,True,True,True,,,,1506,28
0.000000,0.000000,29.000000,1.000000,0.000000,0.000000,1.000000,0.000000,4.000000,0.000000,6.560962,1.000000,1.000000,1.000000,1.000000,0.000000,0.000000,0.252465,0.095978,0.735169,5.550773,0.795796,0.530530,0.966667,-0.558542,7.675831,0.000000,True,True,True,,,,1507,28
0.000000,0.000000,29.000000,1.000000,0.000000,0.000000,1.000000,0.000000,4.000000,0.000000,5.613995,1.000000,1.000000,1.000000,1.000000,0.000000,0.000000,0.299043,0.089543,0.702478,6.094001,0.809248,0.539498,0.966667,-0.543228,7.675831,0.000000,True,True,True,,,,1508,28
0.000000,0.000000,29.000000,1.000000,0.000000,0.000000,1.000000,0.000000,8.000000,0.000000,5.896343,1.000000,1.000000,1.000000,1.000000,0.000000,0.000000,0.196479,0.009948,0.799819,6.740427,0.821511,0.547674,0.966667,-0.646426,7.675831,0.000000,True,True,True,,,,1509,28
0.000000,0.000000,29.000000,1.000000,0.000000,0.000000,1.000000,0.000000,4.000000,0.000000,5.732831,1.000000,1.000000,1.000000,1.000000,0.000000,0.000000,0.471246,-0.297917,0.538982,7.164802,0.858206,0.572138,0.966667,-0.424375,7.675831,0.000000,True,True,True,,,,1510,28
0.000000,0.000000,29.000000,1.000000,0.000000,0.000000,1.000000,0.000000,6.000000,0.000000,6.576030,1.000000,1.000000,1.000000,1.000000,0.000000,0.000000,0.329364,-0.103649,0.664276,7.723182,0.849213,0.566142,0.966667,-0.558380,7.675831,0.000000,True,True,True,,,,1511,28
0.000000,0.000000,29.000000,1.000000,0.000000,0.000000,1.000000,0.000000,5.000000,0.000000,6.664542,1.000000,1.000000,1.000000,1.000000,0.000000,0.000000,0.391374,-0.364468,0.592907,8.245950,0.844745,0.563163,0.966667,-0.522767,7.675831,0.000000,True,True,True,,,,1512,28
0.000000,0.000000,29.000000,1.000000,0.000000,0.000000,1.000000,0.000000,6.000000,0.000000,7.252751,1.000000,1.000000,1.000000,1.000000,0.000000,0.000000,0.427690,-0.098054,0.561189,8.709258,0.853099,0.568733,0.966667,-0.463309,7.675831,0.000000,True,True,True,,,,1513,28
0.000000,0.000000,29.000000,1.000000,0.000000,0.000000,1.000000,0.000000,3.000000,0.000000,7.358374,1.000000,1.000000,1.000000,1.000000,0.000000,0.000000,0.344945,-0.344275,0.640424,9.287649,0.854614,0.569742,0.966667,-0.578391,7.675831,0.000000,True,True,True,,,,1514,28
0.000000,0.000000,29.000000,1.000000,0.000000,0.000000,1.000000,0.000000,6.000000,0.000000,7.258202,1.000000,1.000000,1.000000,1.000000,0.000000,0.000000,0.297760,-0.155478,0.663881,9.894870,0.846166,0.564111,0.966667,-0.607221,7.675831,0.000000,True,True,True,,,,1515,28
0.000000,0.000000,29.000000,1.000000,0.000000,0.000000,1.000000,0.000000,5.000000,0.000000,6.644963,1.000000,1.000000,1.000000,1.000000,0.000000,0.000000,0.371006,-0.371750,0.628842,10.440530,0.851534,0.567690,0.966667,-0.545660,7.675831,0.000000,True,True,True,,,,1516,28
0.000000,0.000000,29.000000,1.000000,0.000000,0.000000,1.000000,0.000000,4.000000,0.000000,6.883125,1.000000,1.000000,1.000000,1.000000,0.000000,0.000000,0.528251,-0.178455,0.498371,10.872073,0.853399,0.568932,0.966667,-0.431544,7.675831,0.000000,True,True,True,,,,1517,28
0.000000,0.000000,29.000000,1.000000,0.000000,0.000000,1.000000,0.000000,2.000000,0.000000,7.599889,1.000000,1.000000,1.000000,1.000000,0.000000,0.000000,0.333130,-0.276442,0.702883,11.453720,0.840072,0.560048,0.966667,-0.581647,7.675831,0.000000,True,True,True,,,,1518,28
0.000000,0.000000,29.000000,1.000000,0.000000,0.000000,1.000000,0.000000,3.000000,0.000000,7.238149,1.000000,1.000000,1.000000,1.000000,0.000000,0.000000,0.364020,0.049595,0.673095,11.964848,0.821428,0.547619,0.966667,-0.511128,7.675831,0.000000,True,True,True,,,,1519,28
0.000000,0.000000,29.000000,1.000000,0.000000,0.000000,1.000000,0.000000,1.000000,0.000000,7.883303,1.000000,1.000000,1.000000,1.000000,0.000000,0.000000,0.414700,-0.272738,0.629834,12.417377,0.815059,0.543373,0.966667,-0.452528,7.675831,0.000000,True,True,True,,,,1520,28
0.000000,0.000000,29.000000,1.000000,0.000000,0.000000,1.000000,0.000000,3.000000,0.000000,7.347081,1.000000,1.000000,1.000000,1.000000,0.000000,0.000000,0.395724,0.048447,0.650330,12.918609,0.795799,0.530533,0.966667,-0.501233,7.675831,0.000000,True,True,True,1.000000,1.000000,1.000000,1521,28
0.000000,0.000000,29.000000,1.000000,0.000000,0.000000,1.000000,0.000000,3.000000,0.000000,7.472611,1.000000,1.000000,1.000000,1.000000,0.000000,0.000000,0.333396,-0.165219,0.689472,13.464386,0.791521,0.527681,0.966667,-0.545777,7.675831,0.000000,True,True,True,,,,1522,28
0.000000,0.000000,29.000000,1.000000,0.000000,0.000000,1.000000,0.000000,3.000000,0.000000,7.193306,1.000000,1.000000,1.000000,1.000000,0.000000,0.000000,0.356670,-0.126272,0.676066,14.022812,0.789892,0.526595,0.966667,-0.558425,7.675831,0.000000,True,True,True,,,,1523,28
0.000000,0.000000,29.000000,1.000000,0.000000,0.000000,1.000000,0.000000,1.000000,0.000000,7.668451,1.000000,1.000000,1.000000,1.000000,0.000000,0.000000,0.387107,-0.144928,0.651665,14.549241,0.788348,0.525566,0.966667,-0.526430,7.675831,0.000000,True,True,True,,,,1524,28
0.000000,0.000000,29.000000,1.000000,0.000000,0.000000,1.000000,0.000000,0.000000,0.000000,8.027684,1.000000,1.000000,1.000000,1.000000,0.000000,0.000000,0.334724,-0.190134,0.688616,15.063122,0.775154,0.516770,0.966667,-0.513881,7.675831,0.000000,True,True,True,1.000000,1.000000,1.000000,1525,28
0.000000,0.000000,29.000000,1.000000,0.000000,0.000000,1.000000,0.000000,2.000000,0.000000,7.750973,1.000000,1.000000,1.000000,1.000000,0.000000,0.000000,0.266842,-0.175995,0.751609,15.636957,0.747127,0.498084,0.966667,-0.573835,7.675831,0.000000,True,True,True,1.000000,1.000000,1.000000,1526,28
0.000000,0.000000,29.000000,1.000000,0.000000,0.000000,1.000000,0.000000,0.000000,0.000000,8.107170,1.000000,1.000000,1.000000,1.000000,0.000000,0.000000,0.376603,-0.155760,0.653447,16.083947,0.739480,0.492986,0.966667,-0.446991,7.675831,0.000000,True,True,True,,,,1527,28
0.000000,0.000000,29.000000,1.000000,0.000000,0.000000,1.000000,0.000000,0.000000,0.000000,8.151998,1.000000,1.000000,1.000000,1.000000,0.000000,0.000000,0.217183,-0.187624,0.788269,16.707877,0.710687,0.473791,0.966667,-0.623929,7.675831,0.000000,True,True,True,1.000000,1.000000,1.000000,1528,28
0.000000,0.000000,29.000000,1.000000,0.000000,0.000000,1.000000,0.000000,3.000000,0.000000,7.824889,1.000000,1.000000,1.000000,1.000000,0.000000,0.000000,0.287974,-0.156955,0.727489,17.289684,0.686589,0.457726,0.966667,-0.581808,7.675831,0.000000,True,True,True,1.000000,1.000000,1.000000,1529,28
0.000000,0.000000,29.000000,1.000000,0.000000,0.000000,1.000000,0.000000,2.000000,0.000000,7.689769,1.000000,1.000000,1.000000,1.000000,0.000000,0.000000,0.405496,-0.183925,0.634464,17.791530,0.706988,0.471325,0.966667,-0.501846,7.675831,0.000000,True,True,True,,,,1530,28
0.000000,0.000000,29.000000,1.000000,0.000000,0.000000,1.000000,0.000000,1.000000,0.000000,7.980680,1.000000,1.000000,1.000000,1.000000,0.000000,0.000000,0.325711,-0.305134,0.709789,18.315919,0.726127,0.484085,0.966667,-0.524389,7.675831,0.000000,True,True,True,1.000000,1.000000,1.000000,1531,28
0.000000,0.000000,29.000000,1.000000,0.000000,0.000000,1.000000,0.000000,2.000000,0.000000,7.389799,1.000000,1.000000,1.000000,1.000000,0.000000,0.000000,0.314084,-0.095855,0.696661,18.911352,0.716456,0.477638,0.966667,-0.595434,7.675831,0.000000,True,True,True,1.000000,1.000000,1.000000,1532,28
0.000000,0.000000,29.000000,1.000000,0.000000,0.000000,1.000000,0.000000,1.000000,0.000000,7.265015,1.000000,1.000000,1.000000,1.000000,0.000000,0.000000,0.420299,-0.225631,0.598152,19.402401,0.727637,0.485092,0.966667,-0.491049,7.675831,0.000000,True,True,True,,,,1533,28
0.000000,0.000000,29.000000,1.000000,0.000000,0.000000,1.000000,0.000000,1.000000,0.000000,7.743189,1.000000,1.000000,1.000000,1.000000,0.000000,0.000000,0.431534,-0.020936,0.572080,19.923861,0.722680,0.481786,0.966667,-0.521460,7.675831,0.000000,True,True,True,1.000000,1.000000,1.000000,1534,28
0.000000,0.000000,29.000000,1.000000,0.000000,0.000000,1.000000,0.000000,4.000000,0.000000,7.694302,1.000000,1.000000,1.000000,1.000000,0.000000,0.000000,0.399018,-0.349145,0.637970,20.393959,0.711319,0.474213,0.966667,-0.470097,7.675831,0.000000,True,True,True,,,,1535,28
0.000000,0.000000,29.000000,1.000000,0.000000,0.000000,1.000000,0.000000,1.000000,0.000000,7.851402,1.000000,1.000000,1.000000,1.000000,0.000000,0.000000,0.534108,-0.142631,0.517494,20.811303,0.746404,0.497603,0.966667,-0.417344,7.675831,0.000000,True,True,True,,,,1536,28
0.000000,0.000000,29.000000,1.000000,0.000000,0.000000,1.000000,0.000000,1.000000,0.000000,7.365340,1.000000,1.000000,1.000000,1.000000,0.000000,0.000000,0.337647,-0.449169,0.701032,21.363342,0.737885,0.491923,0.966667,-0.552039,7.675831,0.000000,True,True,True,1.000000,1.000000,1.000000,1537,28
0.000000,0.000000,29.000000,1.000000,0.000000,0.000000,1.000000,0.000000,1.000000,0.000000,7.937245,1.000000,1.000000,1.000000,1.000000,0.000000,0.000000,0.480098,-0.188048,0.544502,21.837866,0.726508,0.484339,0.966667,-0.474524,7.675831,0.000000,True,True,True,,,,1538,28
0.000000,0.000000,29.000000,1.000000,0.000000,0.000000,1.000000,0.000000,1.000000,0.000000,7.614198,1.000000,1.000000,1.000000,1.000000,0.000000,0.000000,0.476467,-0.404991,0.579257,22.253834,0.721734,0.481156,0.966667,-0.415968,7.675831,0.000000,True,True,True,1.000000,1.000000,1.000000,1539,28
0.000000,0.000000,29.000000,1.000000,0.000000,0.000000,1.000000,0.000000,1.000000,0.000000,7.777325,1.000000,1.000000,1.000000,1.000000,0.000000,0.000000,0.512436,-0.244795,0.545347,22.671364,0.705494,0.470329,0.966667,-0.417529,7.675831,0.000000,True,True,True,,,,1540,28
0.000000,0.000000,29.000000,1.000000,0.000000,0.000000,1.000000,0.000000,1.000000,0.000000,7.871005,1.000000,1.000000,1.000000,1.000000,0.000000,0.000000,0.366440,-0.334307,0.672893,23.176061,0.692850,0.461900,0.966667,-0.504697,7.675831,0.000000,True,True,True,,,,1541,28
0.000000,0.000000,29.000000,1.000000,0.000000,0.000000,1.000000,0.000000,0.000000,0.000000,8.256351,1.000000,1.000000,1.000000,1.000000,0.000000,0.000000,0.471336,-0.301662,0.570865,23.601588,0.681490,0.454326,0.966667,-0.425528,7.675831,0.000000,True,True,True,,,,1542,28
0.000000,0.000000,29.000000,1.000000,0.000000,0.000000,1.000000,0.000000,0.000000,0.000000,8.156916,1.000000,1.000000,1.000000,1.000000,0.000000,0.000000,0.270491,-0.405199,0.763617,24.155569,0.658717,0.439145,0.966667,-0.553981,7.675831,0.000000,True,True,True,1.000000,1.000000,1.000000,1543,28
0.000000,0.000000,29.000000,1.000000,0.000000,0.000000,1.000000,0.000000,1.000000,0.000000,7.551379,1.000000,1.000000,1.000000,1.000000,0.000000,0.000000,0.391773,-0.428373,0.667146,24.663080,0.639768,0.426512,0.966667,-0.507511,7.675831,0.000000,True,True,True,1.000000,1.000000,1.000000,1544,28
0.000000,0.000000,29.000000,1.000000,0.000000,0.000000,1.000000,0.000000,0.000000,0.000000,8.182852,1.000000,1.000000,1.000000,1.000000,0.000000,0.000000,0.331106,-0.395832,0.742166,25.158973,0.635066,0.423377,0.966667,-0.495893,7.675831,0.000000,True,True,True,,,,1545,28
0.000000,0.000000,29.000000,1.000000,0.000000,0.000000,1.000000,0.000000,1.000000,0.000000,7.919199,1.000000,1.000000,1.000000,1.000000,0.000000,0.000000,0.370906,-0.521198,0.670554,25.605214,0.612876,0.408584,0.966667,-0.446242,7.675831,0.000000,True,True,True,1.000000,1.000000,1.000000,1546,28
0.000000,0.000000,29.000000,1.000000,0.000000,0.000000,1.000000,0.000000,0.000000,0.000000,8.001968,1.000000,1.000000,1.000000,1.000000,0.000000,0.000000,0.413658,-0.309341,0.699416,26.048215,0.609101,0.406068,0.966667,-0.443001,7.675831,0.000000,True,True,True,,,,1547,28
0.000000,0.000000,29.000000,1.000000,0.000000,0.000000,1.000000,0.000000,2.000000,0.000000,7.851328,1.000000,1.000000,1.000000,1.000000,0.000000,0.000000,0.349395,-0.575821,0.691121,26.448893,0.587574,0.391716,0.966667,-0.400678,7.675831,0.000000,True,True,True,1.000000,1.000000,1.000000,1548,28
0.000000,0.000000,29.000000,1.000000,0.000000,0.000000,1.000000,0.000000,1.000000,0.000000,7.840430,1.000000,1.000000,1.000000,1.000000,0.000000,0.000000,0.452612,-0.298017,0.629180,26.842638,0.615260,0.410174,0.966667,-0.393745,7.675831,0.000000,True,True,True,1.000000,1.000000,1.000000,1549,28
0.000000,0.000000,29.000000,1.000000,0.000000,0.000000,1.000000,0.000000,0.000000,0.000000,8.022117,1.000000,1.000000,1.000000,1.000000,0.000000,0.000000,0.647584,-0.425829,0.438528,27.156659,0.605652,0.403768,0.966667,-0.314020,7.675831,0.000000,True,True,True,,,,1550,28
0.000000,0.000000,29.000000,1.000000,0.000000,0.000000,1.000000,0.000000,0.000000,0.000000,8.001863,1.000000,1.000000,1.000000,1.000000,0.000000,0.000000,0.540677,-0.005771,0.547278,27.535215,0.583889,0.389260,0.966667,-0.378556,7.675831,0.000000,True,True,True,1.000000,1.000000,1.000000,1551,28
0.000000,0.000000,29.000000,1.000000,0.000000,0.000000,1.000000,0.000000,1.000000,0.000000,7.934964,1.000000,1.000000,1.000000,1.000000,0.000000,0.000000,0.504037,-0.386773,0.529607,27.819809,0.567423,0.378282,0.966667,-0.284595,7.675831,0.000000,True,True,True,1.000000,1.000000,1.000000,1552,28
0.000000,0.000000,29.000000,1.000000,0.000000,0.000000,1.000000,0.000000,1.000000,0.000000,7.734430,1.000000,1.000000,1.000000,1.000000,0.000000,0.000000,0.693633,-0.069113,0.406625,28.104892,0.582906,0.388604,0.966667,-0.285083,7.675831,0.000000,True,True,True,1.000000,1.000000,1.000000,1553,28
0.000000,0.000000,29.000000,1.000000,0.000000,0.000000,1.000000,0.000000,2.000000,0.000000,7.633779,1.000000,1.000000,1.000000,1.000000,0.000000,0.000000,0.584706,-0.405649,0.484247,28.412871,0.575123,0.383415,0.966667,-0.307979,7.675831,0.000000,True,True,True,,,,1554,28
0.000000,0.000000,29.000000,1.000000,0.000000,0.000000,1.000000,0.000000,0.000000,0.000000,8.144395,1.000000,1.000000,1.000000,1.000000,0.000000,0.000000,0.796277,-0.004206,0.307714,28.681896,0.596798,0.397865,0.966667,-0.269025,7.675831,0.000000,True,True,True,1.000000,1.000000,1.000000,1555,28
0.000000,0.000000,29.000000,1.000000,0.000000,0.000000,1.000000,0.000000,0.000000,0.000000,8.320204,1.000000,1.000000,1.000000,1.000000,0.000000,0.000000,0.564667,-0.288907,0.442817,28.910103,0.573464,0.382309,0.966667,-0.228207,7.675831,0.000000,True,True,True,1.000000,1.000000,1.000000,1556,28
0.000000,0.000000,29.000000,1.000000,0.000000,0.000000,1.000000,0.000000,0.000000,0.000000,8.010125,1.000000,1.000000,1.000000,1.000000,0.000000,0.000000,0.761843,0.203119,0.317558,29.150169,0.557172,0.371448,0.966667,-0.240066,7.675831,0.000000,True,True,True,1.000000,1.000000,1.000000,1557,28
0.000000,0.000000,29.000000,1.000000,0.000000,0.000000,1.000000,0.000000,1.000000,0.000000,7.853631,1.000000,1.000000,1.000000,1.000000,0.000000,0.000000,0.619920,-0.364814,0.408405,29.304506,0.541587,0.361058,0.966667,-0.154337,7.675831,0.000000,True,True,True,1.000000,1.000000,1.000000,1558,28
0.000000,0.000000,29.000000,1.000000,0.000000,0.000000,1.000000,0.000000,0.000000,0.000000,8.176359,1.000000,1.000000,1.000000,1.000000,0.000000,0.000000,0.694825,-0.042519,0.325480,29.471044,0.543584,0.362389,0.966667,-0.166538,7.675831,0.000000,True,True,True,,,,1559,28
0.000000,0.000000,29.000000,1.000000,0.000000,0.000000,1.000000,0.000000,1.000000,0.000000,7.902871,1.000000,1.000000,1.000000,1.000000,0.000000,0.000000,0.739636,-0.343924,0.326434,29.621533,0.522459,0.348306,0.966667,-0.150489,7.675831,0.000000,True,True,True,1.000000,1.000000,1.000000,1560,28
0.000000,0.000000,29.000000,1.000000,0.000000,0.000000,1.000000,0.000000,0.000000,0.000000,8.218131,1.000000,1.000000,1.000000,1.000000,0.000000,0.000000,0.663647,0.024879,0.394379,29.856756,0.540760,0.360507,0.966667,-0.235223,7.675831,0.000000,True,True,True,1.000000,1.000000,1.000000,1561,28
0.000000,0.000000,29.000000,1.000000,0.000000,0.000000,1.000000,0.000000,1.000000,0.000000,7.797798,1.000000,1.000000,1.000000,1.000000,0.000000,0.000000,0.727817,-0.432958,0.341815,29.968235,0.520776,0.347184,0.966667,-0.111478,7.675831,0.000000,True,True,True,1.000000,1.000000,1.000000,1562,28
0.000000,0.000000,29.000000,1.000000,0.000000,0.000000,1.000000,0.000000,1.000000,0.000000,7.962506,1.000000,1.000000,1.000000,1.000000,0.000000,0.000000,0.707763,-0.104371,0.357296,30.181239,0.522874,0.348583,0.966667,-0.213005,7.675831,0.000000,True,True,True,,,,1563,28
0.000000,0.000000,29.000000,1.000000,0.000000,0.000000,1.000000,0.000000,0.000000,0.000000,8.384402,1.000000,1.000000,1.000000,1.000000,0.000000,0.000000,0.747297,-0.284157,0.300595,30.274849,0.534544,0.356362,0.966667,-0.093609,7.675831,0.000000,True,True,True,1.000000,1.000000,1.000000,1564,28
0.000000,0.000000,29.000000,1.000000,0.000000,0.000000,1.000000,0.000000,1.000000,0.000000,7.848346,1.000000,1.000000,1.000000,1.000000,0.000000,0.000000,0.577229,-0.197956,0.486152,30.483384,0.512766,0.341844,0.966667,-0.208535,7.675831,0.000000,True,True,True,1.000000,1.000000,1.000000,1565,28
0.000000,0.000000,29.000000,1.000000,0.000000,0.000000,1.000000,0.000000,0.000000,0.000000,8.599279,1.000000,1.000000,1.000000,1.000000,0.000000,0.000000,0.915083,-0.362980,0.220614,30.515190,0.515530,0.343687,0.966667,-0.031807,7.675831,0.000000,True,True,True,,,,1566,28
0.000000,0.000000,29.000000,1.000000,0.000000,0.000000,1.000000,0.000000,0.000000,0.000000,8.929704,1.000000,1.000000,1.000000,1.000000,0.000000,0.000000,0.589169,0.100751,0.418998,30.505886,0.495734,0.330489,0.966667,0.009304,7.675831,0.000000,True,True,True,1.000000,1.000000,1.000000,1567,28
0.000000,0.000000,29.000000,1.000000,0.000000,0.000000,1.000000,0.000000,0.000000,0.000000,8.600865,1.000000,1.000000,1.000000,1.000000,0.000000,0.000000,0.718352,-0.108300,0.410524,30.310430,0.481739,0.321159,0.966667,0.195456,7.675831,0.000000,True,True,True,1.000000,1.000000,1.000000,1568,28
0.000000,0.000000,29.000000,1.000000,0.000000,0.000000,1.000000,0.000000,0.000000,0.000000,8.588711,1.000000,1.000000,1.000000,1.000000,0.000000,0.000000,0.392114,0.297679,0.685394,29.980088,0.468842,0.312561,0.966667,0.330343,7.675831,0.000000,True,True,True,1.000000,1.000000,1.000000,1569,28
0.000000,0.000000,29.000000,1.000000,0.000000,0.000000,1.000000,0.000000,0.000000,0.000000,8.622830,1.000000,1.000000,1.000000,1.000000,0.000000,0.000000,0.480397,0.265779,0.620450,29.597059,0.455532,0.303688,0.966667,0.383029,7.675831,0.000000,True,True,True,1.000000,1.000000,1.000000,1570,28
0.000000,0.000000,29.000000,1.000000,0.000000,0.000000,1.000000,0.000000,0.000000,0.000000,8.683048,1.000000,1.000000,1.000000,1.000000,0.000000,0.000000,0.430695,0.327177,0.656634,29.214838,0.442589,0.295060,0.966667,0.382221,7.675831,0.000000,True,True,True,1.000000,1.000000,1.000000,1571,28
0.000000,0.000000,29.000000,1.000000,0.000000,0.000000,1.000000,0.000000,0.000000,0.000000,8.751455,1.000000,1.000000,1.000000,1.000000,0.000000,0.000000,0.390808,0.385768,0.671529,28.812914,0.430150,0.286767,0.966667,0.401924,7.675831,0.000000,True,True,True,1.000000,1.000000,1.000000,1572,28
0.000000,0.000000,29.000000,1.000000,0.000000,0.000000,1.000000,0.000000,0.000000,0.000000,8.770135,1.000000,1.000000,1.000000,1.000000,0.000000,0.000000,0.374363,0.374395,0.683769,28.415470,0.418681,0.279121,0.966667,0.397444,7.675831,0.000000,True,True,True,1.000000,1.000000,1.000000,1573,28
0.000000,0.000000,29.000000,1.000000,0.000000,0.000000,1.000000,0.000000,0.000000,0.000000,8.758658,1.000000,1.000000,1.000000,1.000000,0.000000,0.000000,0.372924,0.398846,0.678781,28.020428,0.409285,0.272857,0.966667,0.395041,7.675831,0.000000,True,True,True,1.000000,1.000000,1.000000,1574,28
0.000000,0.000000,29.000000,1.000000,0.000000,0.000000,1.000000,0.000000,0.000000,0.000000,8.765081,1.000000,1.000000,1.000000,1.000000,0.000000,0.000000,0.367770,0.440149,0.687490,27.634415,0.402106,0.268070,0.966667,0.386013,7.675831,0.000000,True,True,True,1.000000,1.000000,1.000000,1575,28
0.000000,0.000000,29.000000,1.000000,0.000000,0.000000,1.000000,0.000000,0.000000,0.000000,8.537314,1.000000,1.000000,1.000000,1.000000,0.000000,0.000000,0.358747,0.402930,0.691557,27.254420,0.397210,0.264806,0.966667,0.379996,7.675831,0.000000,True,True,True,1.000000,1.000000,1.000000,1576,28
0.000000,0.000000,29.000000,1.000000,0.000000,0.000000,1.000000,0.000000,0.000000,0.000000,8.177748,1.000000,1.000000,1.000000,1.000000,0.000000,0.000000,0.364230,0.463728,0.690509,26.882038,0.393825,0.262550,0.966667,0.372382,7.675831,0.000000,True,True,True,1.000000,1.000000,1.000000,1577,28
0.000000,0.000000,29.000000,1.000000,0.000000,0.000000,1.000000,0.000000,1.000000,0.000000,7.830472,1.000000,1.000000,1.000000,1.000000,0.000000,0.000000,0.302308,0.479217,0.753921,26.506173,0.391524,0.261016,0.966667,0.375864,7.675831,0.000000,True,True,True,1.000000,1.000000,1.000000,1578,28
0.000000,0.000000,29.000000,1.000000,0.000000,0.000000,1.000000,0.000000,0.000000,0.000000,8.756386,1.000000,1.000000,1.000000,1.000000,0.000000,0.000000,0.356183,0.408646,0.707311,26.158185,0.409954,0.273303,0.966667,0.347988,7.675831,0.000000,True,True,True,,,,1579,28
0.000000,0.000000,29.000000,1.000000,0.000000,0.000000,1.000000,0.000000,0.000000,0.000000,8.515637,1.000000,1.000000,1.000000,1.000000,0.000000,0.000000,0.286820,0.463979,0.768901,25.781369,0.396946,0.264631,0.966667,0.376816,7.675831,0.000000,True,True,True,1.000000,1.000000,1.000000,1580,28
0.000000,0.000000,29.000000,1.000000,0.000000,0.000000,1.000000,0.000000,0.000000,0.000000,8.249899,1.000000,1.000000,1.000000,1.000000,0.000000,0.000000,0.306078,0.454452,0.752595,25.402074,0.390976,0.260651,0.966667,0.379295,7.675831,0.000000,True,True,True,1.000000,1.000000,1.000000,1581,28
0.000000,0.000000,29.000000,1.000000,0.000000,0.000000,1.000000,0.000000,1.000000,0.000000,7.984391,1.000000,1.000000,1.000000,1.000000,0.000000,0.000000,0.288239,0.452761,0.769697,25.022969,0.389516,0.259677,0.966667,0.379105,7.675831,0.000000,True,True,True,1.000000,1.000000,1.000000,1582,28
0.000000,0.000000,29.000000,1.000000,0.000000,0.000000,1.000000,0.000000,0.000000,0.000000,8.762582,1.000000,1.000000,1.000000,1.000000,0.000000,0.000000,0.339188,0.401866,0.724420,24.660473,0.408581,0.272387,0.966667,0.362496,7.675831,0.000000,True,True,True,,,,1583,28
0.000000,0.000000,29.000000,1.000000,0.000000,0.000000,1.000000,0.000000,0.000000,0.000000,8.601457,1.000000,1.000000,1.000000,1.000000,0.000000,0.000000,0.299263,0.430146,0.760020,24.276032,0.395237,0.263491,0.966667,0.384441,7.675831,0.000000,True,True,True,1.000000,1.000000,1.000000,1584,28
0.000000,0.000000,29.000000,1.000000,0.000000,0.000000,1.000000,0.000000,0.000000,0.000000,8.367297,1.000000,1.000000,1.000000,1.000000,0.000000,0.000000,0.288626,0.446165,0.767826,23.897472,0.390114,0.260076,0.966667,0.378560,7.675831,0.000000,True,True,True,1.000000,1.000000,1.000000,1585,28
0.000000,0.000000,29.000000,1.000000,0.000000,0.000000,1.000000,0.000000,0.000000,0.000000,8.143935,1.000000,1.000000,1.000000,1.000000,0.000000,0.000000,0.232133,0.482410,0.812355,23.516943,0.388940,0.259293,0.966667,0.380529,7.675831,0.000000,True,True,True,1.000000,1.000000,1.000000,1586,28
0.000000,0.000000,29.000000,1.000000,0.000000,0.000000,1.000000,0.000000,1.000000,0.000000,7.932547,1.000000,1.000000,1.000000,1.000000,0.000000,0.000000,0.229211,0.501408,0.813451,23.139184,0.388190,0.258793,0.966667,0.377759,7.675831,0.000000,True,True,True,1.000000,1.000000,1.000000,1587,28
0.000000,0.000000,29.000000,1.000000,0.000000,0.000000,1.000000,0.000000,0.000000,0.000000,8.382664,1.000000,1.000000,1.000000,1.000000,0.000000,0.000000,0.257500,0.427121,0.789494,22.760354,0.407688,0.271792,0.966667,0.378830,7.675831,0.000000,True,True,True,,,,1588,28
0.000000,0.000000,29.000000,1.000000,0.000000,0.000000,1.000000,0.000000,0.000000,0.000000,8.258405,1.000000,1.000000,1.000000,1.000000,0.000000,0.000000,0.242420,0.479848,0.800655,22.376578,0.393575,0.262383,0.966667,0.383777,7.675831,0.000000,True,True,True,1.000000,1.000000,1.000000,1589,28
0.000000,0.000000,29.000000,1.000000,0.000000,0.000000,1.000000,0.000000,0.000000,0.000000,8.115591,1.000000,1.000000,1.000000,1.000000,0.000000,0.000000,0.223581,0.453431,0.818303,21.998557,0.388534,0.259022,0.966667,0.378020,7.675831,0.000000,True,True,True,1.000000,1.000000,1.000000,1590,28
0.000000,0.000000,29.000000,1.000000,0.000000,0.000000,1.000000,0.000000,0.000000,0.000000,8.051459,1.000000,1.000000,1.000000,1.000000,0.000000,0.000000,0.246376,0.480353,0.793580,21.623193,0.387717,0.258478,0.966667,0.375364,7.675831,0.000000,True,True,True,1.000000,1.000000,1.000000,1591,28
0.000000,0.000000,29.000000,1.000000,0.000000,0.000000,1.000000,0.000000,1.000000,0.000000,7.940613,1.000000,1.000000,1.000000,1.000000,0.000000,0.000000,0.226481,0.463574,0.813598,21.249062,0.387237,0.258158,0.966667,0.374131,7.675831,0.000000,True,True,True,1.000000,1.000000,1.000000,1592,28
0.000000,0.000000,29.000000,1.000000,0.000000,0.000000,1.000000,0.000000,1.000000,0.000000,7.971866,1.000000,1.000000,1.000000,1.000000,0.000000,0.000000,0.198403,0.515287,0.831961,20.866659,0.406984,0.271323,0.966667,0.382403,7.675831,0.000000,True,True,True,,,,1593,28
0.000000,0.000000,29.000000,1.000000,0.000000,0.000000,1.000000,0.000000,0.000000,0.000000,8.329748,1.000000,1.000000,1.000000,1.000000,0.000000,0.000000,0.251754,0.416290,0.773974,20.536816,0.411765,0.274510,0.966667,0.329842,7.675831,0.000000,True,True,True,,,,1594,28
0.000000,0.000000,29.000000,1.000000,0.000000,0.000000,1.000000,0.000000,0.000000,0.000000,8.187147,1.000000,1.000000,1.000000,1.000000,0.000000,0.000000,0.242543,0.592428,0.796125,20.175227,0.399866,0.266577,0.966667,0.361590,7.675831,0.000000,True,True,True,1.000000,1.000000,1.000000,1595,28
0.000000,0.000000,29.000000,1.000000,0.000000,0.000000,1.000000,0.000000,0.000000,0.000000,8.136832,1.000000,1.000000,1.000000,1.000000,0.000000,0.000000,0.176245,0.503238,0.853024,19.795639,0.390243,0.260162,0.966667,0.379588,7.675831,0.000000,True,True,True,1.000000,1.000000,1.000000,1596,28
0.000000,0.000000,29.000000,1.000000,0.000000,0.000000,1.000000,0.000000,0.000000,0.000000,8.092160,1.000000,1.000000,1.000000,1.000000,0.000000,0.000000,0.190799,0.512156,0.840814,19.419737,0.388466,0.258977,0.966667,0.375902,7.675831,0.000000,True,True,True,1.000000,1.000000,1.000000,1597,28
0.000000,0.000000,29.000000,1.000000,0.000000,0.000000,1.000000,0.000000,0.000000,0.000000,8.044665,1.000000,1.000000,1.000000,1.000000,0.000000,0.000000,0.180357,0.490827,0.850093,19.043326,0.387535,0.258357,0.966667,0.376411,7.675831,0.000000,True,True,True,1.000000,1.000000,1.000000,1598,28
0.000000,0.000000,29.000000,1.000000,0.000000,0.000000,1.000000,0.000000,1.000000,0.000000,7.971781,1.000000,1.000000,1.000000,1.000000,0.000000,0.000000,0.180149,0.491388,0.850862,18.666717,0.387082,0.258054,0.966667,0.376608,7.675831,0.000000,True,True,True,1.000000,1.000000,1.000000,1599,28
0.000000,0.000000,29.000000,1.000000,0.000000,0.000000,1.000000,0.000000,1.000000,0.000000,7.994683,1.000000,1.000000,1.000000,1.000000,0.000000,0.000000,0.242579,0.430931,0.773071,18.335368,0.406865,0.271243,0.966667,0.331350,7.675831,0.000000,True,True,True,,,,1600,28
0.000000,0.000000,29.000000,1.000000,0.000000,0.000000,1.000000,0.000000,1.000000,0.000000,7.181486,1.000000,1.000000,1.000000,1.000000,0.000000,0.000000,0.140698,0.494474,0.874189,17.948544,0.416845,0.277897,0.966667,0.386823,7.675831,0.000000,True,True,True,,,,1601,28
0.000000,0.000000,29.000000,1.000000,0.000000,0.000000,1.000000,0.000000,0.000000,0.000000,8.040819,1.000000,1.000000,1.000000,1.000000,0.000000,0.000000,0.133043,0.485625,0.881755,17.561471,0.422684,0.281789,0.966667,0.387073,7.675831,0.000000,True,True,True,,,,1602,28
0.000000,0.000000,29.000000,1.000000,0.000000,0.000000,1.000000,0.000000,2.000000,0.000000,7.885164,1.000000,1.000000,1.000000,1.000000,0.000000,0.000000,0.175996,0.582484,0.845138,17.185257,0.409049,0.272700,0.966667,0.376214,7.675831,0.000000,True,True,True,1.000000,1.000000,1.000000,1603,28
0.000000,0.000000,29.000000,1.000000,0.000000,0.000000,1.000000,0.000000,1.000000,0.000000,7.846197,1.000000,1.000000,1.000000,1.000000,0.000000,0.000000,0.167412,0.390199,0.827131,16.825251,0.434244,0.289496,0.966667,0.360006,7.675831,0.000000,True,True,True,,,,1604,28
0.000000,0.000000,29.000000,1.000000,0.000000,0.000000,1.000000,0.000000,1.000000,0.000000,7.076165,1.000000,1.000000,1.000000,1.000000,0.000000,0.000000,0.189191,0.485148,0.822383,16.455613,0.442553,0.295036,0.966667,0.369638,7.675831,0.000000,True,True,True,,,,1605,28
0.000000,0.000000,29.000000,1.000000,0.000000,0.000000,1.000000,0.000000,1.000000,0.000000,7.767044,1.000000,1.000000,1.000000,1.000000,0.000000,0.000000,0.115407,0.448552,0.900742,16.030981,0.446348,0.297565,0.966667,0.424632,7.675831,0.000000,True,True,True,,,,1606,28
0.000000,0.000000,29.000000,1.000000,0.000000,0.000000,1.000000,0.000000,2.000000,0.000000,7.696279,1.000000,1.000000,1.000000,1.000000,0.000000,0.000000,0.147002,0.465563,0.871771,15.602123,0.450036,0.300024,0.966667,0.428858,7.675831,0.000000,True,True,True,,,,1607,28
0.000000,0.000000,29.000000,1.000000,0.000000,0.000000,1.000000,0.000000,0.000000,0.000000,8.156546,1.000000,1.000000,1.000000,1.000000,0.000000,0.000000,0.177861,0.380149,0.814849,15.210885,0.471717,0.314478,0.966667,0.391238,7.675831,0.000000,True,True,True,,,,1608,28
0.000000,0.000000,29.000000,1.000000,0.000000,0.000000,1.000000,0.000000,1.000000,0.000000,7.708561,1.000000,1.000000,1.000000,1.000000,0.000000,0.000000,0.176312,0.497215,0.833752,14.790518,0.459761,0.306507,0.966667,0.420367,7.675831,0.000000,True,True,True,1.000000,1.000000,1.000000,1609,28
0.000000,0.000000,29.000000,1.000000,0.000000,0.000000,1.000000,0.000000,1.000000,0.000000,7.960705,1.000000,1.000000,1.000000,1.000000,0.000000,0.000000,0.128368,0.405679,0.889225,14.346698,0.461417,0.307611,0.966667,0.443819,7.675831,0.000000,True,True,True,,,,1610,28
0.000000,0.000000,29.000000,1.000000,0.000000,0.000000,1.000000,0.000000,1.000000,0.000000,6.687076,1.000000,1.000000,1.000000,1.000000,0.000000,0.000000,0.203344,0.363541,0.795536,13.970094,0.464088,0.309392,0.966667,0.376604,7.675831,0.000000,True,True,True,,,,1611,28
0.000000,0.000000,29.000000,1.000000,0.000000,0.000000,1.000000,0.000000,1.000000,0.000000,7.877072,1.000000,1.000000,1.000000,1.000000,0.000000,0.000000,0.120620,0.395219,0.869646,13.556107,0.486880,0.324587,0.966667,0.413987,7.675831,0.000000,True,True,True,1.000000,1.000000,1.000000,1612,28
0.000000,0.000000,29.000000,1.000000,0.000000,0.000000,1.000000,0.000000,2.000000,0.000000,7.176183,1.000000,1.000000,1.000000,1.000000,0.000000,0.000000,0.124502,0.389090,0.856417,13.140380,0.494775,0.329850,0.966667,0.415727,7.675831,0.000000,True,True,True,,,,1613,28
0.000000,0.000000,29.000000,1.000000,0.000000,0.000000,1.000000,0.000000,1.000000,0.000000,7.946612,1.000000,1.000000,1.000000,1.000000,0.000000,0.000000,0.167780,0.311347,0.811363,12.732447,0.532463,0.354975,0.966667,0.407934,7.675831,0.000000,True,True,True,,,,1614,28
0.000000,0.000000,29.000000,1.000000,0.000000,0.000000,1.000000,0.000000,1.000000,0.000000,7.315099,1.000000,1.000000,1.000000,1.000000,0.000000,0.000000,0.118821,0.336337,0.856739,12.274713,0.537053,0.358035,0.966667,0.457734,7.675831,0.000000,True,True,True,,,,1615,28
0.000000,0.000000,29.000000,1.000000,0.000000,0.000000,1.000000,0.000000,0.000000,0.000000,8.024304,1.000000,1.000000,1.000000,1.000000,0.000000,0.000000,0.116758,0.341965,0.861103,11.800188,0.551171,0.367447,0.966667,0.474525,7.675831,0.000000,True,True,True,1.000000,1.000000,1.000000,1616,28
0.000000,0.000000,29.000000,1.000000,0.000000,0.000000,1.000000,0.000000,1.000000,0.000000,7.502777,1.000000,1.000000,1.000000,1.000000,0.000000,0.000000,0.060185,0.381389,0.935409,11.279774,0.538236,0.358824,0.966667,0.520414,7.675831,0.000000,True,True,True,1.000000,1.000000,1.000000,1617,28
0.000000,0.000000,29.000000,1.000000,0.000000,0.000000,1.000000,0.000000,1.000000,0.000000,7.567005,1.000000,1.000000,1.000000,1.000000,0.000000,0.000000,0.126181,0.375278,0.852044,10.824743,0.532344,0.354896,0.966667,0.455031,7.675831,0.000000,True,True,True,,,,1618,28
0.000000,0.000000,29.000000,1.000000,0.000000,0.000000,1.000000,0.000000,1.000000,0.000000,7.806201,1.000000,1.000000,1.000000,1.000000,0.000000,0.000000,0.145961,0.316462,0.826767,10.376175,0.544901,0.363268,0.966667,0.448568,7.675831,0.000000,True,True,True,1.000000,1.000000,1.000000,1619,28
0.000000,0.000000,29.000000,1.000000,0.000000,0.000000,1.000000,0.000000,1.000000,0.000000,7.553650,1.000000,1.000000,1.000000,1.000000,0.000000,0.000000,0.137855,0.343434,0.842152,9.916173,0.545280,0.363520,0.966667,0.460002,7.675831,0.000000,True,True,True,,,,1620,28
0.000000,0.000000,29.000000,1.000000,0.000000,0.000000,1.000000,0.000000,1.000000,0.000000,7.831896,1.000000,1.000000,1.000000,1.000000,0.000000,0.000000,0.112606,0.303566,0.876419,9.420425,0.555527,0.370352,0.966667,0.495748,7.675831,0.000000,True,True,True,1.000000,1.000000,1.000000,1621,28
0.000000,0.000000,29.000000,1.000000,0.000000,0.000000,1.000000,0.000000,1.000000,0.000000,7.252014,1.000000,1.000000,1.000000,1.000000,0.000000,0.000000,0.132179,0.324439,0.853296,8.925420,0.568763,0.379175,0.966667,0.495005,7.675831,0.000000,True,True,True,1.000000,1.000000,1.000000,1622,28
0.000000,0.000000,29.000000,1.000000,0.000000,0.000000,1.000000,0.000000,2.000000,0.000000,7.352368,1.000000,1.000000,1.000000,1.000000,0.000000,0.000000,0.105322,0.273114,0.882330,8.419631,0.579398,0.386265,0.966667,0.505788,7.675831,0.000000,True,True,True,1.000000,1.000000,1.000000,1623,28
0.000000,0.000000,29.000000,1.000000,0.000000,0.000000,1.000000,0.000000,2.000000,0.000000,6.753953,1.000000,1.000000,1.000000,1.000000,0.000000,0.000000,0.200161,0.272910,0.780281,7.958784,0.603324,0.402216,0.966667,0.460847,7.675831,0.000000,True,True,True,,,,1624,28
0.000000,0.000000,29.000000,1.000000,0.000000,0.000000,1.000000,0.000000,2.000000,0.000000,7.721304,1.000000,1.000000,1.000000,1.000000,0.000000,0.000000,0.130834,0.140872,0.844647,7.438797,0.624791,0.416527,0.966667,0.519988,7.675831,0.000000,True,True,True,,,,1625,28
0.000000,0.000000,29.000000,1.000000,0.000000,0.000000,1.000000,0.000000,1.000000,0.000000,6.907815,1.000000,1.000000,1.000000,1.000000,0.000000,0.000000,0.261176,0.269959,0.716474,6.983923,0.643107,0.428738,0.966667,0.454873,7.675831,0.000000,True,True,True,,,,1626,28
0.000000,0.000000,29.000000,1.000000,0.000000,0.000000,1.000000,0.000000,0.000000,0.000000,8.117262,1.000000,1.000000,1.000000,1.000000,0.000000,0.000000,0.157042,0.143596,0.823809,6.453601,0.645665,0.430444,0.966667,0.530322,7.675831,0.000000,True,True,True,1.000000,1.000000,1.000000,1627,28
0.000000,0.000000,29.000000,1.000000,0.000000,0.000000,1.000000,0.000000,1.000000,0.000000,7.609436,1.000000,1.000000,1.000000,1.000000,0.000000,0.000000,0.097462,0.292030,0.896064,5.864533,0.623845,0.415897,0.966667,0.589068,7.675831,0.000000,True,True,True,1.000000,1.000000,1.000000,1628,28
0.000000,0.000000,29.000000,1.000000,0.000000,0.000000,1.000000,0.000000,1.000000,0.000000,7.775220,1.000000,1.000000,1.000000,1.000000,0.000000,0.000000,0.109103,0.159402,0.878722,5.323676,0.609822,0.406548,0.966667,0.540857,7.675831,0.000000,True,True,True,,,,1629,28
0.000000,0.000000,29.000000,1.000000,0.000000,0.000000,1.000000,0.000000,2.000000,0.000000,7.529112,1.000000,1.000000,1.000000,1.000000,0.000000,0.000000,0.115938,0.243221,0.869968,4.775108,0.610889,0.407260,0.966667,0.548568,7.675831,0.000000,True,True,True,1.000000,1.000000,1.000000,1630,28
0.000000,0.000000,29.000000,1.000000,0.000000,0.000000,1.000000,0.000000,1.000000,0.000000,7.313465,1.000000,1.000000,1.000000,1.000000,0.000000,0.000000,0.212116,0.081978,0.762706,4.312164,0.629486,0.419657,0.966667,0.462945,7.675831,0.000000,True,True,True,,,,1631,28
0.000000,0.000000,29.000000,1.000000,0.000000,0.000000,1.000000,0.000000,1.000000,0.000000,7.635793,1.000000,1.000000,1.000000,1.000000,0.000000,0.000000,0.114020,0.185524,0.871956,3.745998,0.634906,0.423270,0.966667,0.566166,7.675831,0.000000,True,True,True,1.000000,1.000000,1.000000,1632,28
0.000000,0.000000,29.000000,1.000000,0.000000,0.000000,1.000000,0.000000,2.000000,0.000000,7.584868,1.000000,1.000000,1.000000,1.000000,0.000000,0.000000,0.101225,0.171877,0.883283,3.186408,0.626184,0.417456,0.966667,0.559590,7.675831,0.000000,True,True,True,,,,1633,28
0.000000,0.000000,29.000000,1.000000,0.000000,0.000000,1.000000,0.000000,2.000000,0.000000,7.196122,1.000000,1.000000,1.000000,1.000000,0.000000,0.000000,0.150529,0.203617,0.830844,2.648227,0.628197,0.418798,0.966667,0.538181,7.675831,0.000000,True,True,True,,,,1634,28
0.000000,0.000000,29.000000,1.000000,0.000000,0.000000,1.000000,0.000000,3.000000,0.000000,7.451044,1.000000,1.000000,1.000000,1.000000,0.000000,0.000000,0.182418,0.097050,0.800073,2.144427,0.644114,0.429409,0.966667,0.503800,7.675831,0.000000,True,True,True,,,,1635,28
0.000000,0.000000,29.000000,1.000000,0.000000,0.000000,1.000000,0.000000,3.000000,0.000000,6.952896,1.000000,1.000000,1.000000,1.000000,0.000000,0.000000,0.172916,0.071371,0.813424,1.618284,0.655524,0.437016,0.966667,0.526143,7.675831,0.000000,True,True,True,,,,1636,28
0.000000,0.000000,29.000000,1.000000,0.000000,0.000000,1.000000,0.000000,3.000000,0.000000,7.086030,1.000000,1.000000,1.000000,1.000000,0.000000,0.000000,0.287782,-0.017263,0.663811,1.169909,0.674256,0.449504,0.966667,0.448375,7.675831,0.000000,True,True,True,,,,1637,28
0.000000,0.000000,29.000000,1.000000,0.000000,0.000000,1.000000,0.000000,2.000000,0.000000,7.560301,1.000000,1.000000,1.000000,1.000000,0.000000,0.000000,0.235971,0.074648,0.732395,0.645606,0.695278,0.463519,0.966667,0.524304,7.675831,0.000000,True,True,True,,,,1638,28
0.000000,0.000000,29.000000,1.000000,0.000000,0.000000,1.000000,0.000000,2.000000,0.000000,7.285258,1.000000,1.000000,1.000000,1.000000,0.000000,0.000000,0.167153,-0.039712,0.798600,0.084177,0.691396,0.460931,0.966667,0.561428,7.675831,0.000000,True,True,True,,,,1639,28
0.000000,0.000000,29.000000,1.000000,0.000000,0.000000,1.000000,0.000000,2.000000,0.000000,7.928484,1.000000,1.000000,1.000000,1.000000,0.000000,0.000000,0.230340,0.099149,0.736657,0.456320,0.705570,0.470380,0.966667,-0.372142,7.675831,0.000000,True,True,True,1.000000,1.000000,1.000000,1640,28
0.000000,0.000000,29.000000,1.000000,0.000000,0.000000,1.000000,0.000000,2.000000,0.000000,7.194560,1.000000,1.000000,1.000000,1.000000,0.000000,0.000000,0.206990,-0.128920,0.774404,0.989764,0.707565,0.471710,0.966667,-0.533444,7.675831,0.000000,True,True,True,,,,1641,28
0.000000,0.000000,29.000000,1.000000,0.000000,0.000000,1.000000,0.000000,1.000000,0.000000,6.969890,1.000000,1.000000,1.000000,1.000000,0.000000,0.000000,0.191269,0.139615,0.781334,1.567507,0.709804,0.473203,0.966667,-0.577743,7.675831,0.000000,True,True,True,,,,1642,28
0.000000,0.000000,29.000000,1.000000,0.000000,0.000000,1.000000,0.000000,1.000000,0.000000,7.929029,1.000000,1.000000,1.000000,1.000000,0.000000,0.000000,0.143152,-0.035053,0.843124,2.167981,0.703419,0.468946,0.966667,-0.600474,7.675831,0.000000,True,True,True,1.000000,1.000000,1.000000,1643,28
0.000000,0.000000,29.000000,1.000000,0.000000,0.000000,1.000000,0.000000,1.000000,0.000000,7.680554,1.000000,1.000000,1.000000,1.000000,0.000000,0.000000,0.101076,0.142628,0.892242,2.808937,0.682254,0.454836,0.966667,-0.640956,7.675831,0.000000,True,True,True,,,,1644,28
0.000000,0.000000,29.000000,1.000000,0.000000,0.000000,1.000000,0.000000,4.000000,0.000000,7.391770,1.000000,1.000000,1.000000,1.000000,0.000000,0.000000,0.103400,-0.056330,0.886201,3.411574,0.666457,0.444304,0.966667,-0.602637,7.675831,0.000000,True,True,True,,,,1645,28
0.000000,0.000000,29.000000,1.000000,0.000000,0.000000,1.000000,0.000000,1.000000,0.000000,7.138685,1.000000,1.000000,1.000000,1.000000,0.000000,0.000000,0.249026,-0.134317,0.727282,3.911193,0.693350,0.462233,0.966667,-0.499619,7.675831,0.000000,True,True,True,,,,1646,28
0.000000,0.000000,29.000000,1.000000,0.000000,0.000000,1.000000,0.000000,4.000000,0.000000,7.424500,1.000000,1.000000,1.000000,1.000000,0.000000,0.000000,0.190793,-0.114904,0.801411,4.470888,0.689121,0.459414,0.966667,-0.559695,7.675831,0.000000,True,True,True,1.000000,1.000000,1.000000,1647,28
0.000000,0.000000,29.000000,1.000000,0.000000,0.000000,1.000000,0.000000,1.000000,0.000000,6.819410,1.000000,1.000000,1.000000,1.000000,0.000000,0.000000,0.331954,-0.180300,0.656484,4.912825,0.710975,0.473983,0.966667,-0.441937,7.675831,0.000000,True,True,True,,,,1648,28
0.000000,0.000000,29.000000,1.000000,0.000000,0.000000,1.000000,0.000000,3.000000,0.000000,7.202569,1.000000,1.000000,1.000000,1.000000,0.000000,0.000000,0.199573,-0.147337,0.784720,5.477745,0.699400,0.466267,0.966667,-0.564920,7.675831,0.000000,True,True,True,1.000000,1.000000,1.000000,1649,28
0.000000,0.000000,29.000000,1.000000,0.000000,0.000000,1.000000,0.000000,1.000000,0.000000,7.780978,1.000000,1.000000,1.000000,1.000000,0.000000,0.000000,0.209976,-0.254121,0.790735,6.014730,0.709631,0.473087,0.966667,-0.536985,7.675831,0.000000,True,True,True,,,,1650,28
0.000000,0.000000,29.000000,1.000000,0.000000,0.000000,1.000000,0.000000,3.000000,0.000000,6.874234,1.000000,1.000000,1.000000,1.000000,0.000000,0.000000,0.141858,-0.241023,0.851979,6.620909,0.700540,0.467027,0.966667,-0.606179,7.675831,0.000000,True,True,True,1.000000,1.000000,1.000000,1651,28
0.000000,0.000000,29.000000,1.000000,0.000000,0.000000,1.000000,0.000000,0.000000,0.000000,8.371252,1.000000,1.000000,1.000000,1.000000,0.000000,0.000000,0.302456,-0.326705,0.713426,7.085817,0.719719,0.479813,0.966667,-0.464907,7.675831,0.000000,True,True,True,,,,1652,28
0.000000,0.000000,29.000000,1.000000,0.000000,0.000000,1.000000,0.000000,1.000000,0.000000,7.791355,1.000000,1.000000,1.000000,1.000000,0.000000,0.000000,0.110602,-0.183936,0.883131,7.719959,0.688605,0.459070,0.966667,-0.634143,7.675831,0.000000,True,True,True,1.000000,1.000000,1.000000,1653,28
0.000000,0.000000,29.000000,1.000000,0.000000,0.000000,1.000000,0.000000,1.000000,0.000000,7.168188,1.000000,1.000000,1.000000,1.000000,0.000000,0.000000,0.146523,-0.124167,0.846228,8.298827,0.670335,0.446890,0.966667,-0.578868,7.675831,0.000000,True,True,True,,,,1654,28
0.000000,0.000000,29.000000,1.000000,0.000000,0.000000,1.000000,0.000000,2.000000,0.000000,7.289289,1.000000,1.000000,1.000000,1.000000,0.000000,0.000000,0.172964,-0.202318,0.823079,8.845375,0.664992,0.443328,0.966667,-0.546547,7.675831,0.000000,True,True,True,1.000000,1.000000,1.000000,1655,28
0.000000,0.000000,29.000000,1.000000,0.000000,0.000000,1.000000,0.000000,0.000000,0.000000,8.182333,1.000000,1.000000,1.000000,1.000000,0.000000,0.000000,0.239191,-0.291834,0.769657,9.324162,0.671733,0.447822,0.966667,-0.478787,7.675831,0.000000,True,True,True,,,,1656,28
0.000000,0.000000,29.000000,1.000000,0.000000,0.000000,1.000000,0.000000,2.000000,0.000000,7.789444,1.000000,1.000000,1.000000,1.000000,0.000000,0.000000,0.112767,-0.109225,0.881778,9.912709,0.640961,0.427307,0.966667,-0.588548,7.675831,0.000000,True,True,True,1.000000,1.000000,1.000000,1657,28
0.000000,0.000000,29.000000,1.000000,0.000000,0.000000,1.000000,0.000000,2.000000,0.000000,7.299643,1.000000,1.000000,1.000000,1.000000,0.000000,0.000000,0.277641,-0.143358,0.724913,10.385843,0.638696,0.425797,0.966667,-0.473134,7.675831,0.000000,True,True,True,,,,1658,28
0.000000,0.000000,29.000000,1.000000,0.000000,0.000000,1.000000,0.000000,1.000000,0.000000,6.567327,1.000000,1.000000,1.000000,1.000000,0.000000,0.000000,0.404848,0.069962,0.567452,10.786018,0.652482,0.434988,0.966667,-0.400174,7.675831,0.000000,True,True,True,,,,1659,28
0.000000,0.000000,29.000000,1.000000,0.000000,0.000000,1.000000,0.000000,1.000000,0.000000,7.888068,1.000000,1.000000,1.000000,1.000000,0.000000,0.000000,0.259066,-0.065859,0.774342,11.289295,0.654274,0.436182,0.966667,-0.503277,7.675831,0.000000,True,True,True,1.000000,1.000000,1.000000,1660,28
0.000000,0.000000,29.000000,1.000000,0.000000,0.000000,1.000000,0.000000,1.000000,0.000000,7.130899,1.000000,1.000000,1.000000,1.000000,0.000000,0.000000,0.238206,-0.105773,0.786676,11.804399,0.639899,0.426600,0.966667,-0.515104,7.675831,0.000000,True,True,True,,,,1661,28
0.000000,0.000000,29.000000,1.000000,0.000000,0.000000,1.000000,0.000000,0.000000,0.000000,8.095161,1.000000,1.000000,1.000000,1.000000,0.000000,0.000000,0.311307,-0.055486,0.689231,12.276862,0.640386,0.426924,0.966667,-0.472463,7.675831,0.000000,True,True,True,1.000000,1.000000,1.000000,1662,28
0.000000,0.000000,29.000000,1.000000,0.000000,0.000000,1.000000,0.000000,1.000000,0.000000,7.487678,1.000000,1.000000,1.000000,1.000000,0.000000,0.000000,0.217562,-0.073003,0.819088,12.800660,0.614734,0.409823,0.966667,-0.523798,7.675831,0.000000,True,True,True,1.000000,1.000000,1.000000,1663,28
0.000000,0.000000,29.000000,1.000000,0.000000,0.000000,1.000000,0.000000,1.000000,0.000000,7.829761,1.000000,1.000000,1.000000,1.000000,0.000000,0.000000,0.315213,-0.066512,0.703027,13.249517,0.605354,0.403569,0.966667,-0.448857,7.675831,0.000000,True,True,True,,,,1664,28
0.000000,0.000000,29.000000,1.000000,0.000000,0.000000,1.000000,0.000000,0.000000,0.000000,8.070186,1.000000,1.000000,1.000000,1.000000,0.000000,0.000000,0.244064,-0.221390,0.805016,13.740444,0.608865,0.405910,0.966667,-0.490927,7.675831,0.000000,True,True,True,1.000000,1.000000,1.000000,1665,28
0.000000,0.000000,29.000000,1.000000,0.000000,0.000000,1.000000,0.000000,1.000000,0.000000,7.463049,1.000000,1.000000,1.000000,1.000000,0.000000,0.000000,0.198435,-0.159742,0.833019,14.266143,0.582534,0.388356,0.966667,-0.525699,7.675831,0.000000,True,True,True,1.000000,1.000000,1.000000,1666,28
0.000000,0.000000,29.000000,1.000000,0.000000,0.000000,1.000000,0.000000,0.000000,0.000000,8.080376,1.000000,1.000000,1.000000,1.000000,0.000000,0.000000,0.266097,-0.280113,0.752037,14.710956,0.575055,0.383370,0.966667,-0.444813,7.675831,0.000000,True,True,True,,,,1667,28
0.000000,0.000000,29.000000,1.000000,0.000000,0.000000,1.000000,0.000000,1.000000,0.000000,7.811664,1.000000,1.000000,1.000000,1.000000,0.000000,0.000000,0.196517,-0.188078,0.827412,15.192176,0.552511,0.368340,0.966667,-0.481220,7.675831,0.000000,True,True,True,1.000000,1.000000,1.000000,1668,28
0.000000,0.000000,29.000000,1.000000,0.000000,0.000000,1.000000,0.000000,2.000000,0.000000,7.261638,1.000000,1.000000,1.000000,1.000000,0.000000,0.000000,0.235400,-0.342709,0.762804,15.589667,0.547334,0.364890,0.966667,-0.397490,7.675831,0.000000,True,True,True,,,,1669,28
0.000000,0.000000,29.000000,1.000000,0.000000,0.000000,1.000000,0.000000,1.000000,0.000000,7.687639,1.000000,1.000000,1.000000,1.000000,0.000000,0.000000,0.363352,-0.313251,0.702205,15.990826,0.572053,0.381369,0.966667,-0.401159,7.675831,0.000000,True,True,True,1.000000,1.000000,1.000000,1670,28
0.000000,0.000000,29.000000,1.000000,0.000000,0.000000,1.000000,0.000000,1.000000,0.000000,7.476774,1.000000,1.000000,1.000000,1.000000,0.000000,0.000000,0.268712,-0.372804,0.754454,16.409627,0.557395,0.371597,0.966667,-0.418802,7.675831,0.000000,True,True,True,,,,1671,28
0.000000,0.000000,29.000000,1.000000,0.000000,0.000000,1.000000,0.000000,1.000000,0.000000,7.690779,1.000000,1.000000,1.000000,1.000000,0.000000,0.000000,0.385395,-0.227532,0.660622,16.819468,0.564577,0.376385,0.966667,-0.409841,7.675831,0.000000,True,True,True,1.000000,1.000000,1.000000,1672,28
0.000000,0.000000,29.000000,1.000000,0.000000,0.000000,1.000000,0.000000,1.000000,0.000000,7.674536,1.000000,1.000000,1.000000,1.000000,0.000000,0.000000,0.281456,-0.316436,0.743573,17.248249,0.554286,0.369524,0.966667,-0.428780,7.675831,0.000000,True,True,True,,,,1673,28
0.000000,0.000000,29.000000,1.000000,0.000000,0.000000,1.000000,0.000000,1.000000,0.000000,7.978589,1.000000,1.000000,1.000000,1.000000,0.000000,0.000000,0.396889,-0.219932,0.656111,17.646849,0.562235,0.374824,0.966667,-0.398600,7.675831,0.000000,True,True,True,1.000000,1.000000,1.000000,1674,28
0.000000,0.000000,29.000000,1.000000,0.000000,0.000000,1.000000,0.000000,1.000000,0.000000,7.507810,1.000000,1.000000,1.000000,1.000000,0.000000,0.000000,0.278372,-0.326448,0.763316,18.075337,0.551509,0.367672,0.966667,-0.428488,7.675831,0.000000,True,True,True,,,,1675,28
0.000000,0.000000,29.000000,1.000000,0.000000,0.000000,1.000000,0.000000,1.000000,0.000000,7.925922,1.000000,1.000000,1.000000,1.000000,0.000000,0.000000,0.269694,-0.342967,0.787577,18.513534,0.559803,0.373202,0.966667,-0.438197,7.675831,0.000000,True,True,True,1.000000,1.000000,1.000000,1676,28
0.000000,0.000000,29.000000,1.000000,0.000000,0.000000,1.000000,0.000000,1.000000,0.000000,7.928538,1.000000,1.000000,1.000000,1.000000,0.000000,0.000000,0.263454,-0.401046,0.780769,18.949721,0.548616,0.365744,0.966667,-0.436188,7.675831,0.000000,True,True,True,,,,1677,28
0.000000,0.000000,29.000000,1.000000,0.000000,0.000000,1.000000,0.000000,2.000000,0.000000,7.938787,1.000000,1.000000,1.000000,1.000000,0.000000,0.000000,0.239870,-0.477055,0.811479,19.386075,0.556436,0.370957,0.966667,-0.436353,7.675831,0.000000,True,True,True,1.000000,1.000000,1.000000,1678,28
0.000000,0.000000,29.000000,1.000000,0.000000,0.000000,1.000000,0.000000,0.000000,0.000000,8.374353,1.000000,1.000000,1.000000,1.000000,0.000000,0.000000,0.410401,-0.354345,0.641297,19.754471,0.558740,0.372493,0.966667,-0.368397,7.675831,0.000000,True,True,True,,,,1679,28
0.000000,0.000000,29.000000,1.000000,0.000000,0.000000,1.000000,0.000000,0.000000,0.000000,8.362340,1.000000,1.000000,1.000000,1.000000,0.000000,0.000000,0.209668,-0.412011,0.822279,20.221237,0.536882,0.357921,0.966667,-0.466766,7.675831,0.000000,True,True,True,1.000000,1.000000,1.000000,1680,28
0.000000,0.000000,29.000000,1.000000,0.000000,0.000000,1.000000,0.000000,1.000000,0.000000,7.848496,1.000000,1.000000,1.000000,1.000000,0.000000,0.000000,0.334673,-0.208093,0.703415,20.645041,0.519010,0.346007,0.966667,-0.423803,7.675831,0.000000,True,True,True,1.000000,1.000000,1.000000,1681,28
0.000000,0.000000,29.000000,1.000000,0.000000,0.000000,1.000000,0.000000,1.000000,0.000000,7.456580,1.000000,1.000000,1.000000,1.000000,0.000000,0.000000,0.318268,-0.436971,0.698027,21.009738,0.518740,0.345827,0.966667,-0.364697,7.675831,0.000000,True,True,True,,,,1682,28
0.000000,0.000000,29.000000,1.000000,0.000000,0.000000,1.000000,0.000000,0.000000,0.000000,8.559000,1.000000,1.000000,1.000000,1.000000,0.000000,0.000000,0.349144,-0.458926,0.706815,21.362890,0.531626,0.354417,0.966667,-0.353152,7.675831,0.000000,True,True,True,1.000000,1.000000,1.000000,1683,28
0.000000,0.000000,29.000000,1.000000,0.000000,0.000000,1.000000,0.000000,0.000000,0.000000,8.141035,1.000000,1.000000,1.000000,1.000000,0.000000,0.000000,0.301264,-0.352293,0.714851,21.762310,0.503886,0.335924,0.966667,-0.399421,7.675831,0.000000,True,True,True,1.000000,1.000000,1.000000,1684,28
0.000000,0.000000,29.000000,1.000000,0.000000,0.000000,1.000000,0.000000,1.000000,0.000000,7.728661,1.000000,1.000000,1.000000,1.000000,0.000000,0.000000,0.224073,-0.386331,0.800249,22.161813,0.486749,0.324499,0.966667,-0.399503,7.675831,0.000000,True,True,True,1.000000,1.000000,1.000000,1685,28
0.000000,0.000000,29.000000,1.000000,0.000000,0.000000,1.000000,0.000000,0.000000,0.000000,8.048822,1.000000,1.000000,1.000000,1.000000,0.000000,0.000000,0.395483,-0.337957,0.650859,22.505452,0.489281,0.326188,0.966667,-0.343639,7.675831,0.000000,True,True,True,,,,1686,28
0.000000,0.000000,29.000000,1.000000,0.000000,0.000000,1.000000,0.000000,0.000000,0.000000,8.176708,1.000000,1.000000,1.000000,1.000000,0.000000,0.000000,0.211546,-0.355845,0.811545,22.913899,0.469956,0.313304,0.966667,-0.408447,7.675831,0.000000,True,True,True,1.000000,1.000000,1.000000,1687,28
0.000000,0.000000,29.000000,1.000000,0.000000,0.000000,1.000000,0.000000,1.000000,0.000000,7.738265,1.000000,1.000000,1.000000,1.000000,0.000000,0.000000,0.237714,-0.445035,0.797228,23.334683,0.454889,0.303259,0.966667,-0.420784,7.675831,0.000000,True,True,True,1.000000,1.000000,1.000000,1688,28
0.000000,0.000000,29.000000,1.000000,0.000000,0.000000,1.000000,0.000000,1.000000,0.000000,7.939358,1.000000,1.000000,1.000000,1.000000,0.000000,0.000000,0.308474,-0.475888,0.745614,23.688267,0.459902,0.306601,0.966667,-0.353584,7.675831,0.000000,True,True,True,,,,1689,28
0.000000,0.000000,29.000000,1.000000,0.000000,0.000000,1.000000,0.000000,0.000000,0.000000,8.270126,1.000000,1.000000,1.000000,1.000000,0.000000,0.000000,0.613971,-0.386306,0.485491,23.954065,0.478126,0.318751,0.966667,-0.265798,7.675831,0.000000,True,True,True,1.000000,1.000000,1.000000,1690,28
0.000000,0.000000,29.000000,1.000000,0.000000,0.000000,1.000000,0.000000,0.000000,0.000000,8.268694,1.000000,1.000000,1.000000,1.000000,0.000000,0.000000,0.400033,-0.297602,0.663937,24.310245,0.450599,0.300399,0.966667,-0.356181,7.675831,0.000000,True,True,True,1.000000,1.000000,1.000000,1691,28
0.000000,0.000000,29.000000,1.000000,0.000000,0.000000,1.000000,0.000000,0.000000,0.000000,8.300586,1.000000,1.000000,1.000000,1.000000,0.000000,0.000000,0.546526,-0.283087,0.514622,24.594053,0.434284,0.289523,0.966667,-0.283808,7.675831,0.000000,True,True,True,1.000000,1.000000,1.000000,1692,28
0.000000,0.000000,29.000000,1.000000,0.000000,0.000000,1.000000,0.000000,1.000000,0.000000,7.910427,1.000000,1.000000,1.000000,1.000000,0.000000,0.000000,0.474703,-0.211401,0.603301,24.891318,0.420252,0.280168,0.966667,-0.297265,7.675831,0.000000,True,True,True,1.000000,1.000000,1.000000,1693,28
0.000000,0.000000,29.000000,1.000000,0.000000,0.000000,1.000000,0.000000,0.000000,0.000000,8.326284,1.000000,1.000000,1.000000,1.000000,0.000000,0.000000,0.491185,-0.448438,0.570631,25.108041,0.428110,0.285407,0.966667,-0.216723,7.675831,0.000000,True,True,True,,,,1694,28
0.000000,0.000000,29.000000,1.000000,0.000000,0.000000,1.000000,0.000000,0.000000,0.000000,8.326588,1.000000,1.000000,1.000000,1.000000,0.000000,0.000000,0.518772,-0.219627,0.578346,25.438613,0.409300,0.272867,0.966667,-0.330571,7.675831,0.000000,True,True,True,1.000000,1.000000,1.000000,1695,28
0.000000,0.000000,29.000000,1.000000,0.000000,0.000000,1.000000,0.000000,0.000000,0.000000,8.106647,1.000000,1.000000,1.000000,1.000000,0.000000,0.000000,0.409295,-0.423423,0.638093,25.696424,0.397227,0.264818,0.966667,-0.257812,7.675831,0.000000,True,True,True,1.000000,1.000000,1.000000,1696,28
0.000000,0.000000,29.000000,1.000000,0.000000,0.000000,1.000000,0.000000,1.000000,0.000000,7.711786,1.000000,1.000000,1.000000,1.000000,0.000000,0.000000,0.472308,-0.256310,0.618822,26.019292,0.392954,0.261969,0.966667,-0.322868,7.675831,0.000000,True,True,True,1.000000,1.000000,1.000000,1697,28
0.000000,0.000000,29.000000,1.000000,0.000000,0.000000,1.000000,0.000000,0.000000,0.000000,8.309988,1.000000,1.000000,1.000000,1.000000,0.000000,0.000000,0.510708,-0.451430,0.562161,26.246646,0.410501,0.273667,0.966667,-0.227353,7.675831,0.000000,True,True,True,,,,1698,28
0.000000,0.000000,29.000000,1.000000,0.000000,0.000000,1.000000,0.000000,0.000000,0.000000,8.277026,1.000000,1.000000,1.000000,1.000000,0.000000,0.000000,0.522060,-0.233395,0.580267,26.560958,0.394346,0.262897,0.966667,-0.314313,7.675831,0.000000,True,True,True,1.000000,1.000000,1.000000,1699,28
0.000000,0.000000,29.000000,1.000000,0.000000,0.000000,1.000000,0.000000,1.000000,0.000000,7.907996,1.000000,1.000000,1.000000,1.000000,0.000000,0.000000,0.412070,-0.451100,0.634143,26.821488,0.389124,0.259416,0.966667,-0.260529,7.675831,0.000000,True,True,True,1.000000,1.000000,1.000000,1700,28
0.000000,0.000000,29.000000,1.000000,0.000000,0.000000,1.000000,0.000000,0.000000,0.000000,8.269516,1.000000,1.000000,1.000000,1.000000,0.000000,0.000000,0.478492,-0.318868,0.611293,27.108212,0.408263,0.272176,0.966667,-0.286725,7.675831,0.000000,True,True,True,,,,1701,28
0.000000,0.000000,29.000000,1.000000,0.000000,0.000000,1.000000,0.000000,1.000000,0.000000,7.915425,1.000000,1.000000,1.000000,1.000000,0.000000,0.000000,0.517374,-0.432737,0.533646,27.364249,0.392321,0.261547,0.966667,-0.256036,7.675831,0.000000,True,True,True,1.000000,1.000000,1.000000,1702,28
0.000000,0.000000,29.000000,1.000000,0.000000,0.000000,1.000000,0.000000,0.000000,0.000000,8.131517,1.000000,1.000000,1.000000,1.000000,0.000000,0.000000,0.517297,-0.335612,0.580420,27.635380,0.408192,0.272128,0.966667,-0.271132,7.675831,0.000000,True,True,True,,,,1703,28
0.000000,0.000000,29.000000,1.000000,0.000000,0.000000,1.000000,0.000000,1.000000,0.000000,7.739503,1.000000,1.000000,1.000000,1.000000,0.000000,0.000000,0.450405,-0.452708,0.606787,27.899140,0.394195,0.262797,0.966667,-0.263759,7.675831,0.000000,True,True,True,1.000000,1.000000,1.000000,1704,28
0.000000,0.000000,29.000000,1.000000,0.000000,0.000000,1.000000,0.000000,0.000000,0.000000,8.505373,1.000000,1.000000,1.000000,1.000000,0.000000,0.000000,0.494504,-0.350575,0.599035,28.165094,0.408892,0.272594,0.966667,-0.265954,7.675831,0.000000,True,True,True,,,,1705,28
0.000000,0.000000,29.000000,1.000000,0.000000,0.000000,1.000000,0.000000,0.000000,0.000000,8.346495,1.000000,1.000000,1.000000,1.000000,0.000000,0.000000,0.531087,-0.376346,0.526748,28.424865,0.393013,0.262009,0.966667,-0.259771,7.675831,0.000000,True,True,True,1.000000,1.000000,1.000000,1706,28
0.000000,0.000000,29.000000,1.000000,0.000000,0.000000,1.000000,0.000000,1.000000,0.000000,7.972277,1.000000,1.000000,1.000000,1.000000,0.000000,0.000000,0.519943,-0.232930,0.560926,28.704955,0.388729,0.259153,0.966667,-0.280089,7.675831,0.000000,True,True,True,1.000000,1.000000,1.000000,1707,28
0.000000,0.000000,29.000000,1.000000,0.000000,0.000000,1.000000,0.000000,0.000000,0.000000,8.692119,1.000000,1.000000,1.000000,1.000000,0.000000,0.000000,0.512489,-0.529067,0.556953,28.915145,0.408032,0.272021,0.966667,-0.210191,7.675831,0.000000,True,True,True,,,,1708,28
0.000000,0.000000,29.000000,1.000000,0.000000,0.000000,1.000000,0.000000,0.000000,0.000000,8.698538,1.000000,1.000000,1.000000,1.000000,0.000000,0.000000,0.459259,-0.334385,0.636511,29.199622,0.391970,0.261314,0.966667,-0.284476,7.675831,0.000000,True,True,True,1.000000,1.000000,1.000000,1709,28
0.000000,0.000000,29.000000,1.000000,0.000000,0.000000,1.000000,0.000000,0.000000,0.000000,8.352499,1.000000,1.000000,1.000000,1.000000,0.000000,0.000000,0.380570,-0.524779,0.676680,29.452026,0.388048,0.258698,0.966667,-0.252404,7.675831,0.000000,True,True,True,1.000000,1.000000,1.000000,1710,28
0.000000,0.000000,29.000000,1.000000,0.000000,0.000000,1.000000,0.000000,0.000000,0.000000,8.038063,1.000000,1.000000,1.000000,1.000000,0.000000,0.000000,0.531027,-0.296814,0.558486,29.736242,0.387620,0.258414,0.966667,-0.284216,7.675831,0.000000,True,True,True,1.000000,1.000000,1.000000,1711,28
0.000000,0.000000,29.000000,1.000000,0.000000,0.000000,1.000000,0.000000,1.000000,0.000000,7.712796,1.000000,1.000000,1.000000,1.000000,0.000000,0.000000,0.535719,-0.356680,0.504623,29.946028,0.387319,0.258213,0.966667,-0.209786,7.675831,0.000000,True,True,True,1.000000,1.000000,1.000000,1712,28
0.000000,0.000000,29.000000,1.000000,0.000000,0.000000,1.000000,0.000000,0.000000,0.000000,8.712627,1.000000,1.000000,1.000000,1.000000,0.000000,0.000000,0.570209,-0.334124,0.492357,30.111605,0.407138,0.271425,0.966667,-0.165577,7.675831,0.000000,True,True,True,,,,1713,28
0.000000,0.000000,29.000000,1.000000,0.000000,0.000000,1.000000,0.000000,0.000000,0.000000,8.738969,1.000000,1.000000,1.000000,1.000000,0.000000,0.000000,0.599426,-0.323103,0.432858,30.218054,0.391277,0.260852,0.966667,-0.106448,7.675831,0.000000,True,True,True,1.000000,1.000000,1.000000,1714,28
0.000000,0.000000,29.000000,1.000000,0.000000,0.000000,1.000000,0.000000,0.000000,0.000000,8.874194,1.000000,1.000000,1.000000,1.000000,0.000000,0.000000,0.572665,-0.273136,0.454895,30.342395,0.387759,0.258506,0.966667,-0.124341,7.675831,0.000000,True,True,True,1.000000,1.000000,1.000000,1715,28
0.000000,0.000000,29.000000,1.000000,0.000000,0.000000,1.000000,0.000000,0.000000,0.000000,8.531208,1.000000,1.000000,1.000000,1.000000,0.000000,0.000000,0.658336,-0.167915,0.377897,30.340852,0.387430,0.258286,0.966667,0.001543,7.675831,0.000000,True,True,True,1.000000,1.000000,1.000000,1716,28
0.000000,0.000000,29.000000,1.000000,0.000000,0.000000,1.000000,0.000000,0.000000,0.000000,8.243662,1.000000,1.000000,1.000000,1.000000,0.000000,0.000000,0.485594,0.063239,0.573539,30.162036,0.387212,0.258141,0.966667,0.178816,7.675831,0.000000,True,True,True,1.000000,1.000000,1.000000,1717,28
0.000000,0.000000,29.000000,1.000000,0.000000,0.000000,1.000000,0.000000,0.000000,0.000000,8.264440,1.000000,1.000000,1.000000,1.000000,0.000000,0.000000,0.375899,0.192777,0.713944,29.891229,0.387059,0.258039,0.966667,0.270807,7.675831,0.000000,True,True,True,1.000000,1.000000,1.000000,1718,28
0.000000,0.000000,29.000000,1.000000,0.000000,0.000000,1.000000,0.000000,0.000000,0.000000,8.271041,1.000000,1.000000,1.000000,1.000000,0.000000,0.000000,0.368617,0.281482,0.730182,29.598155,0.386951,0.257967,0.966667,0.293074,7.675831,0.000000,True,True,True,1.000000,1.000000,1.000000,1719,28
0.000000,0.000000,29.000000,1.000000,0.000000,0.000000,1.000000,0.000000,0.000000,0.000000,8.260926,1.000000,1.000000,1.000000,1.000000,0.000000,0.000000,0.405319,0.301495,0.707416,29.278064,0.386862,0.257908,0.966667,0.320091,7.675831,0.000000,True,True,True,1.000000,1.000000,1.000000,1720,28
0.000000,0.000000,29.000000,1.000000,0.000000,0.000000,1.000000,0.000000,0.000000,0.000000,8.245898,1.000000,1.000000,1.000000,1.000000,0.000000,0.000000,0.418316,0.317366,0.689964,28.945862,0.386800,0.257867,0.966667,0.332202,7.675831,0.000000,True,True,True,1.000000,1.000000,1.000000,1721,28
0.000000,0.000000,29.000000,1.000000,0.000000,0.000000,1.000000,0.000000,0.000000,0.000000,8.230509,1.000000,1.000000,1.000000,1.000000,0.000000,0.000000,0.415690,0.330246,0.687750,28.614132,0.386758,0.257839,0.966667,0.331730,7.675831,0.000000,True,True,True,1.000000,1.000000,1.000000,1722,28
0.000000,0.000000,29.000000,1.000000,0.000000,0.000000,1.000000,0.000000,0.000000,0.000000,8.212996,1.000000,1.000000,1.000000,1.000000,0.000000,0.000000,0.360674,0.383682,0.714441,28.267845,0.386729,0.257819,0.966667,0.346287,7.675831,0.000000,True,True,True,1.000000,1.000000,1.000000,1723,28
0.000000,0.000000,29.000000,1.000000,0.000000,0.000000,1.000000,0.000000,0.000000,0.000000,8.196326,1.000000,1.000000,1.000000,1.000000,0.000000,0.000000,0.376947,0.388193,0.689884,27.901515,0.386709,0.257806,0.966667,0.366330,7.675831,0.000000,True,True,True,1.000000,1.000000,1.000000,1724,28
0.000000,0.000000,29.000000,1.000000,0.000000,0.000000,1.000000,0.000000,0.000000,0.000000,8.192917,1.000000,1.000000,1.000000,1.000000,0.000000,0.000000,0.371192,0.411230,0.690725,27.522338,0.386696,0.257797,0.966667,0.379176,7.675831,0.000000,True,True,True,1.000000,1.000000,1.000000,1725,28
0.000000,0.000000,29.000000,1.000000,0.000000,0.000000,1.000000,0.000000,0.000000,0.000000,8.203470,1.000000,1.000000,1.000000,1.000000,0.000000,0.000000,0.337954,0.446416,0.722039,27.147017,0.386686,0.257790,0.966667,0.375321,7.675831,0.000000,True,True,True,1.000000,1.000000,1.000000,1726,28
0.000000,0.000000,29.000000,1.000000,0.000000,0.000000,1.000000,0.000000,0.000000,0.000000,8.074999,1.000000,1.000000,1.000000,1.000000,0.000000,0.000000,0.301455,0.466050,0.762954,26.777147,0.386679,0.257786,0.966667,0.369869,7.675831,0.000000,True,True,True,1.000000,1.000000,1.000000,1727,28
0.000000,0.000000,29.000000,1.000000,0.000000,0.000000,1.000000,0.000000,1.000000,0.000000,7.982830,1.000000,1.000000,1.000000,1.000000,0.000000,0.000000,0.345140,0.513601,0.722371,26.422198,0.386674,0.257783,0.966667,0.354949,7.675831,0.000000,True,True,True,1.000000,1.000000,1.000000,1728,28
0.000000,0.000000,29.000000,1.000000,0.000000,0.000000,1.000000,0.000000,0.000000,0.000000,8.527284,1.000000,1.000000,1.000000,1.000000,0.000000,0.000000,0.341477,0.478686,0.705793,26.106982,0.406671,0.271114,0.966667,0.315216,7.675831,0.000000,True,True,True,,,,1729,28
0.000000,0.000000,29.000000,1.000000,0.000000,0.000000,1.000000,0.000000,0.000000,0.000000,8.625982,1.000000,1.000000,1.000000,1.000000,0.000000,0.000000,0.297762,0.520517,0.757427,25.738332,0.394949,0.263299,0.966667,0.368650,7.675831,0.000000,True,True,True,1.000000,1.000000,1.000000,1730,28
0.000000,0.000000,29.000000,1.000000,0.000000,0.000000,1.000000,0.000000,0.000000,0.000000,8.449250,1.000000,1.000000,1.000000,1.000000,0.000000,0.000000,0.245775,0.598721,0.808341,25.376700,0.389117,0.259411,0.966667,0.361632,7.675831,0.000000,True,True,True,1.000000,1.000000,1.000000,1731,28
0.000000,0.000000,29.000000,1.000000,0.000000,0.000000,1.000000,0.000000,0.000000,0.000000,8.320952,1.000000,1.000000,1.000000,1.000000,0.000000,0.000000,0.243090,0.579746,0.810136,25.006014,0.388133,0.258755,0.966667,0.370686,7.675831,0.000000,True,True,True,1.000000,1.000000,1.000000,1732,28
0.000000,0.000000,29.000000,1.000000,0.000000,0.000000,1.000000,0.000000,0.000000,0.000000,8.220480,1.000000,1.000000,1.000000,1.000000,0.000000,0.000000,0.256122,0.554151,0.796871,24.628964,0.387561,0.258374,0.966667,0.377050,7.675831,0.000000,True,True,True,1.000000,1.000000,1.000000,1733,28
0.000000,0.000000,29.000000,1.000000,0.000000,0.000000,1.000000,0.000000,0.000000,0.000000,8.122569,1.000000,1.000000,1.000000,1.000000,0.000000,0.000000,0.241048,0.539432,0.809573,24.249590,0.387213,0.258142,0.966667,0.379374,7.675831,0.000000,True,True,True,1.000000,1.000000,1.000000,1734,28
0.000000,0.000000,29.000000,1.000000,0.000000,0.000000,1.000000,0.000000,0.000000,0.000000,8.048159,1.000000,1.000000,1.000000,1.000000,0.000000,0.000000,0.242556,0.532806,0.807647,23.871394,0.387000,0.258000,0.966667,0.378197,7.675831,0.000000,True,True,True,1.000000,1.000000,1.000000,1735,28
0.000000,0.000000,29.000000,1.000000,0.000000,0.000000,1.000000,0.000000,1.000000,0.000000,7.986919,1.000000,1.000000,1.000000,1.000000,0.000000,0.000000,0.249847,0.524928,0.803664,23.490794,0.386870,0.257914,0.966667,0.380599,7.675831,0.000000,True,True,True,1.000000,1.000000,1.000000,1736,28
0.000000,0.000000,29.000000,1.000000,0.000000,0.000000,1.000000,0.000000,1.000000,0.000000,7.997593,1.000000,1.000000,1.000000,1.000000,0.000000,0.000000,0.207455,0.546553,0.834746,23.116359,0.406791,0.271194,0.966667,0.374436,7.675831,0.000000,True,True,True,,,,1737,28
0.000000,0.000000,29.000000,1.000000,0.000000,0.000000,1.000000,0.000000,1.000000,0.000000,7.714545,1.000000,1.000000,1.000000,1.000000,0.000000,0.000000,0.210935,0.546349,0.832027,22.730306,0.411754,0.274502,0.966667,0.386052,7.675831,0.000000,True,True,True,,,,1738,28
0.000000,0.000000,29.000000,1.000000,0.000000,0.000000,1.000000,0.000000,1.000000,0.000000,7.557974,1.000000,1.000000,1.000000,1.000000,0.000000,0.000000,0.270257,0.481693,0.752508,22.384453,0.438598,0.292399,0.966667,0.345853,7.675831,0.000000,True,True,True,1.000000,1.000000,1.000000,1739,28
0.000000,0.000000,29.000000,1.000000,0.000000,0.000000,1.000000,0.000000,0.000000,0.000000,8.135508,1.000000,1.000000,1.000000,1.000000,0.000000,0.000000,0.228035,0.517885,0.808669,21.983978,0.448846,0.299231,0.966667,0.400475,7.675831,0.000000,True,True,True,,,,1740,28
0.000000,0.000000,29.000000,1.000000,0.000000,0.000000,1.000000,0.000000,0.000000,0.000000,8.118209,1.000000,1.000000,1.000000,1.000000,0.000000,0.000000,0.208720,0.573490,0.833142,21.571066,0.435535,0.290357,0.966667,0.412911,7.675831,0.000000,True,True,True,1.000000,1.000000,1.000000,1741,28
0.000000,0.000000,29.000000,1.000000,0.000000,0.000000,1.000000,0.000000,0.000000,0.000000,8.110826,1.000000,1.000000,1.000000,1.000000,0.000000,0.000000,0.198155,0.537368,0.841005,21.161866,0.421805,0.281203,0.966667,0.409200,7.675831,0.000000,True,True,True,1.000000,1.000000,1.000000,1742,28
0.000000,0.000000,29.000000,1.000000,0.000000,0.000000,1.000000,0.000000,0.000000,0.000000,8.083829,1.000000,1.000000,1.000000,1.000000,0.000000,0.000000,0.178848,0.536709,0.853914,20.767240,0.407889,0.271926,0.966667,0.394626,7.675831,0.000000,True,True,True,1.000000,1.000000,1.000000,1743,28
0.000000,0.000000,29.000000,1.000000,0.000000,0.000000,1.000000,0.000000,0.000000,0.000000,8.059078,1.000000,1.000000,1.000000,1.000000,0.000000,0.000000,0.197090,0.541884,0.839109,20.383001,0.397285,0.264857,0.966667,0.384239,7.675831,0.000000,True,True,True,1.000000,1.000000,1.000000,1744,28
0.000000,0.000000,29.000000,1.000000,0.000000,0.000000,1.000000,0.000000,1.000000,0.000000,7.797552,1.000000,1.000000,1.000000,1.000000,0.000000,0.000000,0.189266,0.540310,0.845196,20.006353,0.391698,0.261132,0.966667,0.376648,7.675831,0.000000,True,True,True,1.000000,1.000000,1.000000,1745,28
0.000000,0.000000,29.000000,1.000000,0.000000,0.000000,1.000000,0.000000,1.000000,0.000000,7.979603,1.000000,1.000000,1.000000,1.000000,0.000000,0.000000,0.260996,0.482769,0.766128,19.675232,0.409104,0.272736,0.966667,0.331121,7.675831,0.000000,True,True,True,,,,1746,28
0.000000,0.000000,29.000000,1.000000,0.000000,0.000000,1.000000,0.000000,2.000000,0.000000,7.543223,1.000000,1.000000,1.000000,1.000000,0.000000,0.000000,0.254491,0.489783,0.775406,19.295223,0.436066,0.290711,0.966667,0.380009,7.675831,0.000000,True,True,True,1.000000,1.000000,1.000000,1747,28
0.000000,0.000000,29.000000,1.000000,0.000000,0.000000,1.000000,0.000000,1.000000,0.000000,7.885051,1.000000,1.000000,1.000000,1.000000,0.000000,0.000000,0.281324,0.408984,0.734230,18.923416,0.481027,0.320685,0.966667,0.371807,7.675831,0.000000,True,True,True,,,,1748,28
0.000000,0.000000,29.000000,1.000000,0.000000,0.000000,1.000000,0.000000,1.000000,0.000000,7.645107,1.000000,1.000000,1.000000,1.000000,0.000000,0.000000,0.281311,0.505903,0.739280,18.503979,0.505878,0.337252,0.966667,0.419437,7.675831,0.000000,True,True,True,1.000000,1.000000,1.000000,1749,28
0.000000,0.000000,29.000000,1.000000,0.000000,0.000000,1.000000,0.000000,0.000000,0.000000,8.127947,1.000000,1.000000,1.000000,1.000000,0.000000,0.000000,0.250265,0.404304,0.770592,18.076324,0.509478,0.339652,0.966667,0.427655,7.675831,0.000000,True,True,True,,,,1750,28
0.000000,0.000000,29.000000,1.000000,0.000000,0.000000,1.000000,0.000000,0.000000,0.000000,8.085528,1.000000,1.000000,1.000000,1.000000,0.000000,0.000000,0.200560,0.491844,0.840567,17.598774,0.494912,0.329941,0.966667,0.477549,7.675831,0.000000,True,True,True,1.000000,1.000000,1.000000,1751,28
0.000000,0.000000,29.000000,1.000000,0.000000,0.000000,1.000000,0.000000,1.000000,0.000000,7.861718,1.000000,1.000000,1.000000,1.000000,0.000000,0.000000,0.210537,0.452344,0.826770,17.146960,0.476855,0.317904,0.966667,0.451815,7.675831,0.000000,True,True,True,1.000000,1.000000,1.000000,1752,28
0.000000,0.000000,29.000000,1.000000,0.000000,0.000000,1.000000,0.000000,1.000000,0.000000,7.587504,1.000000,1.000000,1.000000,1.000000,0.000000,0.000000,0.292275,0.387674,0.728863,16.771077,0.477222,0.318148,0.966667,0.375883,7.675831,0.000000,True,True,True,,,,1753,28
0.000000,0.000000,29.000000,1.000000,0.000000,0.000000,1.000000,0.000000,1.000000,0.000000,7.856301,1.000000,1.000000,1.000000,1.000000,0.000000,0.000000,0.240160,0.520408,0.768717,16.365502,0.499190,0.332794,0.966667,0.405575,7.675831,0.000000,True,True,True,1.000000,1.000000,1.000000,1754,28
0.000000,0.000000,29.000000,1.000000,0.000000,0.000000,1.000000,0.000000,1.000000,0.000000,7.782082,1.000000,1.000000,1.000000,1.000000,0.000000,0.000000,0.179280,0.437984,0.827158,15.933535,0.507161,0.338108,0.966667,0.431968,7.675831,0.000000,True,True,True,,,,1755,28
0.000000,0.000000,29.000000,1.000000,0.000000,0.000000,1.000000,0.000000,1.000000,0.000000,7.498674,1.000000,1.000000,1.000000,1.000000,0.000000,0.000000,0.140277,0.472661,0.885207,15.430369,0.527013,0.351342,0.966667,0.503165,7.675831,0.000000,True,True,True,1.000000,1.000000,1.000000,1756,28
0.000000,0.000000,29.000000,1.000000,0.000000,0.000000,1.000000,0.000000,2.000000,0.000000,7.076395,1.000000,1.000000,1.000000,1.000000,0.000000,0.000000,0.198478,0.429577,0.760517,15.027201,0.550131,0.366754,0.966667,0.403168,7.675831,0.000000,True,True,True,1.000000,1.000000,1.000000,1757,28
0.000000,0.000000,29.000000,1.000000,0.000000,0.000000,1.000000,0.000000,1.000000,0.000000,7.821898,1.000000,1.000000,1.000000,1.000000,0.000000,0.000000,0.132033,0.414444,0.840546,14.533438,0.585761,0.390507,0.966667,0.493763,7.675831,0.000000,True,True,True,1.000000,1.000000,1.000000,1758,28
0.000000,0.000000,29.000000,1.000000,0.000000,0.000000,1.000000,0.000000,1.000000,0.000000,7.760294,1.000000,1.000000,1.000000,1.000000,0.000000,0.000000,0.098276,0.475123,0.892805,13.980387,0.606978,0.404652,0.966667,0.553051,7.675831,0.000000,True,True,True,1.000000,1.000000,1.000000,1759,28
0.000000,0.000000,29.000000,1.000000,0.000000,0.000000,1.000000,0.000000,2.000000,0.000000,6.863774,1.000000,1.000000,1.000000,1.000000,0.000000,0.000000,0.143692,0.480180,0.832125,13.449445,0.619433,0.412955,0.966667,0.530942,7.675831,0.000000,True,True,True,1.000000,1.000000,1.000000,1760,28
0.000000,0.000000,29.000000,1.000000,0.000000,0.000000,1.000000,0.000000,1.000000,0.000000,7.606408,1.000000,1.000000,1.000000,1.000000,0.000000,0.000000,0.157330,0.379664,0.814915,12.924749,0.643970,0.429313,0.966667,0.524696,7.675831,0.000000,True,True,True,1.000000,1.000000,1.000000,1761,28
0.000000,0.000000,29.000000,1.000000,0.000000,0.000000,1.000000,0.000000,1.000000,0.000000,6.695038,1.000000,1.000000,1.000000,1.000000,0.000000,0.000000,0.140520,0.465510,0.844256,12.358980,0.644657,0.429771,0.966667,0.565768,7.675831,0.000000,True,True,True,,,,1762,28
0.000000,0.000000,29.000000,1.000000,0.000000,0.000000,1.000000,0.000000,2.000000,0.000000,7.029864,1.000000,1.000000,1.000000,1.000000,0.000000,0.000000,0.128429,0.399675,0.850949,11.793412,0.648122,0.432081,0.966667,0.565569,7.675831,0.000000,True,True,True,1.000000,1.000000,1.000000,1763,28
0.000000,0.000000,29.000000,1.000000,0.000000,0.000000,1.000000,0.000000,3.000000,0.000000,7.288590,1.000000,1.000000,1.000000,1.000000,0.000000,0.000000,0.177372,0.309647,0.786219,11.258840,0.667796,0.445197,0.966667,0.534572,7.675831,0.000000,True,True,True,,,,1764,28
0.000000,0.000000,29.000000,1.000000,0.000000,0.000000,1.000000,0.000000,1.000000,0.000000,6.940693,1.000000,1.000000,1.000000,1.000000,0.000000,0.000000,0.237840,0.247967,0.723788,10.744599,0.707280,0.471520,0.966667,0.514241,7.675831,0.000000,True,True,True,,,,1765,28
0.000000,0.000000,29.000000,1.000000,0.000000,0.000000,1.000000,0.000000,1.000000,0.000000,7.849974,1.000000,1.000000,1.000000,1.000000,0.000000,0.000000,0.124501,0.302059,0.858105,10.118953,0.711452,0.474302,0.966667,0.625647,7.675831,0.000000,True,True,True,1.000000,1.000000,1.000000,1766,28
0.000000,0.000000,29.000000,1.000000,0.000000,0.000000,1.000000,0.000000,2.000000,0.000000,7.409401,1.000000,1.000000,1.000000,1.000000,0.000000,0.000000,0.124116,0.366272,0.854421,9.491812,0.697052,0.464701,0.966667,0.627140,7.675831,0.000000,True,True,True,,,,1767,28
0.000000,0.000000,29.000000,1.000000,0.000000,0.000000,1.000000,0.000000,3.000000,0.000000,7.672247,1.000000,1.000000,1.000000,1.000000,0.000000,0.000000,0.096124,0.259296,0.890256,8.864481,0.692746,0.461831,0.966667,0.627331,7.675831,0.000000,True,True,True,,,,1768,28
0.000000,0.000000,29.000000,1.000000,0.000000,0.000000,1.000000,0.000000,3.000000,0.000000,6.989207,1.000000,1.000000,1.000000,1.000000,0.000000,0.000000,0.178434,0.253666,0.801366,8.282568,0.711020,0.474013,0.966667,0.581914,7.675831,0.000000,True,True,True,,,,1769,28
0.000000,0.000000,29.000000,1.000000,0.000000,0.000000,1.000000,0.000000,2.000000,0.000000,6.723765,1.000000,1.000000,1.000000,1.000000,0.000000,0.000000,0.214252,0.154472,0.750277,7.726888,0.728262,0.485508,0.966667,0.555679,7.675831,0.000000,True,True,True,,,,1770,28
0.000000,0.000000,29.000000,1.000000,0.000000,0.000000,1.000000,0.000000,3.000000,0.000000,6.919087,1.000000,1.000000,1.000000,1.000000,0.000000,0.000000,0.204001,0.207011,0.774207,7.140506,0.743446,0.495631,0.966667,0.586383,7.675831,0.000000,True,True,True,1.000000,1.000000,1.000000,1771,28
0.000000,0.000000,29.000000,1.000000,0.000000,0.000000,1.000000,0.000000,2.000000,0.000000,6.999906,1.000000,1.000000,1.000000,1.000000,0.000000,0.000000,0.186763,0.153229,0.789331,6.542929,0.753207,0.502138,0.966667,0.597577,7.675831,0.000000,True,True,True,,,,1772,28
0.000000,0.000000,29.000000,1.000000,0.000000,0.000000,1.000000,0.000000,2.000000,0.000000,7.055385,1.000000,1.000000,1.000000,1.000000,0.000000,0.000000,0.229899,0.326945,0.775135,5.941888,0.761088,0.507392,0.966667,0.601041,7.675831,0.000000,True,True,True,1.000000,1.000000,1.000000,1773,28
0.000000,0.000000,29.000000,1.000000,0.000000,0.000000,1.000000,0.000000,2.000000,0.000000,7.816855,1.000000,1.000000,1.000000,1.000000,0.000000,0.000000,0.208834,0.183779,0.795937,5.355674,0.751976,0.501318,0.966667,0.586214,7.675831,0.000000,True,True,True,,,,1774,28
0.000000,0.000000,29.000000,1.000000,0.000000,0.000000,1.000000,0.000000,2.000000,0.000000,7.460693,1.000000,1.000000,1.000000,1.000000,0.000000,0.000000,0.166507,0.273192,0.831090,4.720109,0.744821,0.496547,0.966667,0.635565,7.675831,0.000000,True,True,True,,,,1775,28
0.000000,0.000000,29.000000,1.000000,0.000000,0.000000,1.000000,0.000000,2.000000,0.000000,7.728536,1.000000,1.000000,1.000000,1.000000,0.000000,0.000000,0.180415,0.212996,0.804985,4.116688,0.734901,0.489934,0.966667,0.603421,7.675831,0.000000,True,True,True,,,,1776,28
0.000000,0.000000,29.000000,1.000000,0.000000,0.000000,1.000000,0.000000,2.000000,0.000000,6.858985,1.000000,1.000000,1.000000,1.000000,0.000000,0.000000,0.214241,0.265285,0.780221,3.539109,0.727117,0.484745,0.966667,0.577579,7.675831,0.000000,True,True,True,,,,1777,28
0.000000,0.000000,29.000000,1.000000,0.000000,0.000000,1.000000,0.000000,3.000000,0.000000,7.075281,1.000000,1.000000,1.000000,1.000000,0.000000,0.000000,0.132472,0.076615,0.854315,2.917375,0.718373,0.478915,0.966667,0.621733,7.675831,0.000000,True,True,True,,,,1778,28
0.000000,0.000000,29.000000,1.000000,0.000000,0.000000,1.000000,0.000000,3.000000,0.000000,6.822960,1.000000,1.000000,1.000000,1.000000,0.000000,0.000000,0.193110,0.160080,0.786472,2.336330,0.723693,0.482462,0.966667,0.581045,7.675831,0.000000,True,True,True,,,,1779,28
0.000000,0.000000,29.000000,1.000000,0.000000,0.000000,1.000000,0.000000,4.000000,0.000000,7.446899,1.000000,1.000000,1.000000,1.000000,0.000000,0.000000,0.261244,0.033584,0.732271,1.817965,0.736033,0.490689,0.966667,0.518365,7.675831,0.000000,True,True,True,,,,1780,28
0.000000,0.000000,29.000000,1.000000,0.000000,0.000000,1.000000,0.000000,2.000000,0.000000,6.784868,1.000000,1.000000,1.000000,1.000000,0.000000,0.000000,0.227700,-0.026949,0.760487,1.289001,0.747748,0.498499,0.966667,0.528964,7.675831,0.000000,True,True,True,,,,1781,28
0.000000,0.000000,29.000000,1.000000,0.000000,0.000000,1.000000,0.000000,3.000000,0.000000,7.687404,1.000000,1.000000,1.000000,1.000000,0.000000,0.000000,0.158350,0.067497,0.818869,0.763755,0.740166,0.493444,0.966667,0.525247,7.675831,0.000000,True,True,True,,,,1782,28
0.000000,0.000000,29.000000,1.000000,0.000000,0.000000,1.000000,0.000000,1.000000,0.000000,6.862695,1.000000,1.000000,1.000000,1.000000,0.000000,0.000000,0.199831,0.091032,0.786435,0.474038,0.738541,0.492361,0.966667,0.289717,7.675831,0.000000,True,True,True,,,,1783,28
0.000000,0.000000,29.000000,1.000000,0.000000,0.000000,1.000000,0.000000,2.000000,0.000000,7.463661,1.000000,1.000000,1.000000,1.000000,0.000000,0.000000,0.207561,0.147024,0.775999,0.723212,0.719411,0.479607,0.966667,-0.249174,7.675831,0.000000,True,True,True,,,,1784,28
0.000000,0.000000,29.000000,1.000000,0.000000,0.000000,1.000000,0.000000,2.000000,0.000000,7.057689,1.000000,1.000000,1.000000,1.000000,0.000000,0.000000,0.101052,-0.018587,0.890816,1.323141,0.707545,0.471697,0.966667,-0.599929,7.675831,0.000000,True,True,True,,,,1785,28
0.000000,0.000000,29.000000,1.000000,0.000000,0.000000,1.000000,0.000000,1.000000,0.000000,6.801419,1.000000,1.000000,1.000000,1.000000,0.000000,0.000000,0.188313,-0.003275,0.799007,1.856917,0.706187,0.470791,0.966667,-0.533776,7.675831,0.000000,True,True,True,,,,1786,28
0.000000,0.000000,29.000000,1.000000,0.000000,0.000000,1.000000,0.000000,3.000000,0.000000,7.394371,1.000000,1.000000,1.000000,1.000000,0.000000,0.000000,0.138540,-0.012097,0.852507,2.427054,0.693092,0.462061,0.966667,-0.570137,7.675831,0.000000,True,True,True,1.000000,1.000000,1.000000,1787,28
0.000000,0.000000,29.000000,1.000000,0.000000,0.000000,1.000000,0.000000,2.000000,0.000000,6.867054,1.000000,1.000000,1.000000,1.000000,0.000000,0.000000,0.220360,-0.067749,0.768731,2.946147,0.703126,0.468751,0.966667,-0.519093,7.675831,0.000000,True,True,True,,,,1788,28
0.000000,0.000000,29.000000,1.000000,0.000000,0.000000,1.000000,0.000000,2.000000,0.000000,7.575908,1.000000,1.000000,1.000000,1.000000,0.000000,0.000000,0.215929,-0.099650,0.767425,3.477029,0.709591,0.473061,0.966667,-0.530882,7.675831,0.000000,True,True,True,1.000000,1.000000,1.000000,1789,28
0.000000,0.000000,29.000000,1.000000,0.000000,0.000000,1.000000,0.000000,1.000000,0.000000,7.935291,1.000000,1.000000,1.000000,1.000000,0.000000,0.000000,0.253545,-0.024801,0.735099,3.988594,0.715526,0.477017,0.966667,-0.511565,7.675831,0.000000,True,True,True,1.000000,1.000000,1.000000,1790,28
0.000000,0.000000,29.000000,1.000000,0.000000,0.000000,1.000000,0.000000,1.000000,0.000000,7.562490,1.000000,1.000000,1.000000,1.000000,0.000000,0.000000,0.174626,-0.145416,0.821507,4.559959,0.700905,0.467270,0.966667,-0.571365,7.675831,0.000000,True,True,True,1.000000,1.000000,1.000000,1791,28
0.000000,0.000000,29.000000,1.000000,0.000000,0.000000,1.000000,0.000000,1.000000,0.000000,7.266870,1.000000,1.000000,1.000000,1.000000,0.000000,0.000000,0.125412,-0.025376,0.857257,5.157346,0.680180,0.453454,0.966667,-0.597387,7.675831,0.000000,True,True,True,,,,1792,28
0.000000,0.000000,29.000000,1.000000,0.000000,0.000000,1.000000,0.000000,1.000000,0.000000,7.046977,1.000000,1.000000,1.000000,1.000000,0.000000,0.000000,0.124461,-0.095789,0.874400,5.738910,0.671570,0.447714,0.966667,-0.581563,7.675831,0.000000,True,True,True,1.000000,1.000000,1.000000,1793,28
0.000000,0.000000,29.000000,1.000000,0.000000,0.000000,1.000000,0.000000,3.000000,0.000000,7.581517,1.000000,1.000000,1.000000,1.000000,0.000000,0.000000,0.205859,0.054788,0.767605,6.257817,0.652042,0.434695,0.966667,-0.518907,7.675831,0.000000,True,True,True,,,,1794,28
0.000000,0.000000,29.000000,1.000000,0.000000,0.000000,1.000000,0.000000,2.000000,0.000000,7.039543,1.000000,1.000000,1.000000,1.000000,0.000000,0.000000,0.176271,-0.203581,0.820009,6.797091,0.660891,0.440594,0.966667,-0.539274,7.675831,0.000000,True,True,True,,,,1795,28
0.000000,0.000000,29.000000,1.000000,0.000000,0.000000,1.000000,0.000000,3.000000,0.000000,7.804327,1.000000,1.000000,1.000000,1.000000,0.000000,0.000000,0.202379,-0.081959,0.779281,7.309028,0.666699,0.444466,0.966667,-0.511936,7.675831,0.000000,True,True,True,,,,1796,28
0.000000,0.000000,29.000000,1.000000,0.000000,0.000000,1.000000,0.000000,1.000000,0.000000,7.104114,1.000000,1.000000,1.000000,1.000000,0.000000,0.000000,0.230478,-0.185635,0.764796,7.830974,0.678643,0.452429,0.966667,-0.521946,7.675831,0.000000,True,True,True,,,,1797,28
0.000000,0.000000,29.000000,1.000000,0.000000,0.000000,1.000000,0.000000,1.000000,0.000000,7.446135,1.000000,1.000000,1.000000,1.000000,0.000000,0.000000,0.232679,-0.119751,0.740142,8.336301,0.660483,0.440322,0.966667,-0.505327,7.675831,0.000000,True,True,True,,,,1798,28
0.000000,0.000000,29.000000,1.000000,0.000000,0.000000,1.000000,0.000000,2.000000,0.000000,7.441623,1.000000,1.000000,1.000000,1.000000,0.000000,0.000000,0.193928,-0.119122,0.800852,8.868703,0.657231,0.438154,0.966667,-0.532402,7.675831,0.000000,True,True,True,1.000000,1.000000,1.000000,1799,28
0.000000,0.000000,29.000000,1.000000,0.000000,0.000000,1.000000,0.000000,3.000000,0.000000,6.620304,1.000000,1.000000,1.000000,1.000000,0.000000,0.000000,0.233970,-0.145714,0.748111,9.361991,0.658038,0.438692,0.966667,-0.493288,7.675831,0.000000,True,True,True,,,,1800,28
0.000000,0.000000,29.000000,1.000000,0.000000,0.000000,1.000000,0.000000,1.000000,0.000000,7.363854,1.000000,1.000000,1.000000,1.000000,0.000000,0.000000,0.308802,-0.323798,0.706082,9.794556,0.680090,0.453393,0.966667,-0.432565,7.675831,0.000000,True,True,True,,,,1801,28
0.000000,0.000000,29.000000,1.000000,0.000000,0.000000,1.000000,0.000000,1.000000,0.000000,6.706702,1.000000,1.000000,1.000000,1.000000,0.000000,0.000000,0.140113,-0.157946,0.871815,10.372586,0.662739,0.441826,0.966667,-0.578030,7.675831,0.000000,True,True,True,,,,1802,28
0.000000,0.000000,29.000000,1.000000,0.000000,0.000000,1.000000,0.000000,4.000000,0.000000,6.774825,1.000000,1.000000,1.000000,1.000000,0.000000,0.000000,0.200509,-0.089286,0.802826,10.893317,0.649174,0.432783,0.966667,-0.520731,7.675831,0.000000,True,True,True,,,,1803,28
0.000000,0.000000,29.000000,1.000000,0.000000,0.000000,1.000000,0.000000,3.000000,0.000000,6.526549,1.000000,1.000000,1.000000,1.000000,0.000000,0.000000,0.296896,-0.320634,0.722569,11.344369,0.695059,0.463373,0.966667,-0.451051,7.675831,0.000000,True,True,True,,,,1804,28
0.000000,0.000000,29.000000,1.000000,0.000000,0.000000,1.000000,0.000000,3.000000,0.000000,6.555336,1.000000,1.000000,1.000000,1.000000,0.000000,0.000000,0.311096,-0.132499,0.689513,11.796055,0.717670,0.478446,0.966667,-0.451686,7.675831,0.000000,True,True,True,,,,1805,28
0.000000,0.000000,29.000000,1.000000,0.000000,0.000000,1.000000,0.000000,5.000000,0.000000,7.140892,1.000000,1.000000,1.000000,1.000000,0.000000,0.000000,0.378531,-0.460989,0.623492,12.218411,0.718145,0.478763,0.966667,-0.422356,7.675831,0.000000,True,True,True,,,,1806,28
0.000000,0.000000,29.000000,1.000000,0.000000,0.000000,1.000000,0.000000,2.000000,0.000000,6.713093,1.000000,1.000000,1.000000,1.000000,0.000000,0.000000,0.366411,-0.256368,0.647979,12.622786,0.744682,0.496455,0.966667,-0.404375,7.675831,0.000000,True,True,True,,,,1807,28
0.000000,0.000000,29.000000,1.000000,0.000000,0.000000,1.000000,0.000000,3.000000,0.000000,7.456775,1.000000,1.000000,1.000000,1.000000,0.000000,0.000000,0.328432,-0.448646,0.670537,13.102087,0.725725,0.483816,0.966667,-0.479302,7.675831,0.000000,True,True,True,,,,1808,28
0.000000,0.000000,29.000000,1.000000,0.000000,0.000000,1.000000,0.000000,3.000000,0.000000,6.625735,1.000000,1.000000,1.000000,1.000000,0.000000,0.000000,0.307088,-0.151145,0.742166,13.646410,0.732122,0.488081,0.966667,-0.544323,7.675831,0.000000,True,True,True,,,,1809,28
0.000000,0.000000,29.000000,1.000000,0.000000,0.000000,1.000000,0.000000,3.000000,0.000000,7.625367,1.000000,1.000000,1.000000,1.000000,0.000000,0.000000,0.403672,-0.436537,0.635699,14.118438,0.735400,0.490267,0.966667,-0.472028,7.675831,0.000000,True,True,True,,,,1810,28
0.000000,0.000000,29.000000,1.000000,0.000000,0.000000,1.000000,0.000000,1.000000,0.000000,6.731557,1.000000,1.000000,1.000000,1.000000,0.000000,0.000000,0.547525,0.002720,0.487211,14.496407,0.728913,0.485942,0.966667,-0.377969,7.675831,0.000000,True,True,True,,,,1811,28
0.000000,0.000000,29.000000,1.000000,0.000000,0.000000,1.000000,0.000000,2.000000,0.000000,7.662553,1.000000,1.000000,1.000000,1.000000,0.000000,0.000000,0.389093,-0.138981,0.619529,14.950677,0.704481,0.469654,0.966667,-0.454269,7.675831,0.000000,True,True,True,,,,1812,28
0.000000,0.000000,29.000000,1.000000,0.000000,0.000000,1.000000,0.000000,1.000000,0.000000,6.729938,1.000000,1.000000,1.000000,1.000000,0.000000,0.000000,0.383583,-0.086157,0.648329,15.427554,0.698348,0.465565,0.966667,-0.476877,7.675831,0.000000,True,True,True,,,,1813,28
0.000000,0.000000,29.000000,1.000000,0.000000,0.000000,1.000000,0.000000,2.000000,0.000000,7.728228,1.000000,1.000000,1.000000,1.000000,0.000000,0.000000,0.365330,-0.157754,0.659316,15.932696,0.680337,0.453558,0.966667,-0.505142,7.675831,0.000000,True,True,True,,,,1814,28
0.000000,0.000000,29.000000,1.000000,0.000000,0.000000,1.000000,0.000000,0.000000,0.000000,8.046593,1.000000,1.000000,1.000000,1.000000,0.000000,0.000000,0.380570,-0.250746,0.687437,16.383141,0.677200,0.451467,0.966667,-0.450445,7.675831,0.000000,True,True,True,,,,1815,28
0.000000,0.000000,29.000000,1.000000,0.000000,0.000000,1.000000,0.000000,2.000000,0.000000,7.864712,1.000000,1.000000,1.000000,1.000000,0.000000,0.000000,0.370408,-0.009295,0.651436,16.886779,0.648989,0.432660,0.966667,-0.503638,7.675831,0.000000,True,True,True,1.000000,1.000000,1.000000,1816,28
0.000000,0.000000,29.000000,1.000000,0.000000,0.000000,1.000000,0.000000,1.000000,0.000000,7.850096,1.000000,1.000000,1.000000,1.000000,0.000000,0.000000,0.375740,-0.291870,0.686046,17.341015,0.650565,0.433710,0.966667,-0.454237,7.675831,0.000000,True,True,True,,,,1817,28
0.000000,0.000000,29.000000,1.000000,0.000000,0.000000,1.000000,0.000000,0.000000,0.000000,8.107900,1.000000,1.000000,1.000000,1.000000,0.000000,0.000000,0.316600,-0.229479,0.746922,17.841963,0.645405,0.430270,0.966667,-0.500947,7.675831,0.000000,True,True,True,1.000000,1.000000,1.000000,1818,28
0.000000,0.000000,29.000000,1.000000,0.000000,0.000000,1.000000,0.000000,1.000000,0.000000,7.522363,1.000000,1.000000,1.000000,1.000000,0.000000,0.000000,0.269904,-0.262486,0.734100,18.334994,0.617181,0.411454,0.966667,-0.493031,7.675831,0.000000,True,True,True,1.000000,1.000000,1.000000,1819,28
0.000000,0.000000,29.000000,1.000000,0.000000,0.000000,1.000000,0.000000,1.000000,0.000000,7.863750,1.000000,1.000000,1.000000,1.000000,0.000000,0.000000,0.340078,-0.257704,0.706840,18.785646,0.609454,0.406303,0.966667,-0.450652,7.675831,0.000000,True,True,True,,,,1820,28
0.000000,0.000000,29.000000,1.000000,0.000000,0.000000,1.000000,0.000000,3.000000,0.000000,7.876039,1.000000,1.000000,1.000000,1.000000,0.000000,0.000000,0.219458,-0.260105,0.810803,19.313664,0.614123,0.409416,0.966667,-0.528018,7.675831,0.000000,True,True,True,1.000000,1.000000,1.000000,1821,28
0.000000,0.000000,29.000000,1.000000,0.000000,0.000000,1.000000,0.000000,5.000000,0.000000,6.871749,1.000000,1.000000,1.000000,1.000000,0.000000,0.000000,0.540278,-0.268586,0.534405,19.704377,0.665942,0.443961,0.966667,-0.390713,7.675831,0.000000,True,True,True,,,,1822,28
0.000000,0.000000,29.000000,1.000000,0.000000,0.000000,1.000000,0.000000,1.000000,0.000000,7.978242,1.000000,1.000000,1.000000,1.000000,0.000000,0.000000,0.600194,-0.160210,0.426924,20.003402,0.729097,0.486064,0.966667,-0.299025,7.675831,0.000000,True,True,True,1.000000,1.000000,1.000000,1823,28
0.000000,0.000000,29.000000,1.000000,0.000000,0.000000,1.000000,0.000000,1.000000,0.000000,7.091148,1.000000,1.000000,1.000000,1.000000,0.000000,0.000000,0.630044,-0.272011,0.398696,20.334009,0.707589,0.471726,0.966667,-0.330607,7.675831,1.000000,True,True,True,,,,1824,28
0.000000,0.000000,29.000000,1.000000,0.000000,0.000000,1.000000,0.000000,0.000000,0.000000,8.076819,1.000000,1.000000,1.000000,1.000000,0.000000,0.000000,0.403374,-0.248624,0.645689,20.786008,0.701651,0.467767,0.966667,-0.451999,7.675831,0.000000,True,True,True,1.000000,1.000000,1.000000,1825,28
0.000000,0.000000,29.000000,1.000000,0.000000,0.000000,1.000000,0.000000,0.000000,0.000000,8.000382,1.000000,1.000000,1.000000,1.000000,0.000000,0.000000,0.487225,-0.297140,0.571377,21.240064,0.673046,0.448697,0.966667,-0.454056,7.675831,0.000000,True,True,True,1.000000,1.000000,1.000000,1826,28
0.000000,0.000000,29.000000,1.000000,0.000000,0.000000,1.000000,0.000000,1.000000,0.000000,7.469735,1.000000,1.000000,1.000000,1.000000,0.000000,0.000000,0.314760,-0.349912,0.704121,21.699143,0.651283,0.434189,0.966667,-0.459080,7.675831,0.000000,True,True,True,1.000000,1.000000,1.000000,1827,28
0.000000,0.000000,29.000000,1.000000,0.000000,0.000000,1.000000,0.000000,0.000000,0.000000,8.024133,1.000000,1.000000,1.000000,1.000000,0.000000,0.000000,0.418948,-0.404385,0.661254,22.142845,0.643511,0.429007,0.966667,-0.443701,7.675831,0.000000,True,True,True,,,,1828,28
0.000000,0.000000,29.000000,1.000000,0.000000,0.000000,1.000000,0.000000,1.000000,0.000000,7.938053,1.000000,1.000000,1.000000,1.000000,0.000000,0.000000,0.315631,-0.457188,0.728021,22.650453,0.620375,0.413584,0.966667,-0.507609,7.675831,0.000000,True,True,True,1.000000,1.000000,1.000000,1829,28
0.000000,0.000000,29.000000,1.000000,0.000000,0.000000,1.000000,0.000000,0.000000,0.000000,8.045237,1.000000,1.000000,1.000000,1.000000,0.000000,0.000000,0.346901,-0.438934,0.709600,23.123407,0.615271,0.410180,0.966667,-0.472954,7.675831,0.000000,True,True,True,,,,1830,28
0.000000,0.000000,29.000000,1.000000,0.000000,0.000000,1.000000,0.000000,1.000000,0.000000,7.301736,1.000000,1.000000,1.000000,1.000000,0.000000,0.000000,0.353965,-0.310996,0.696206,23.636729,0.593635,0.395757,0.966667,-0.513322,7.675831,0.000000,True,True,True,1.000000,1.000000,1.000000,1831,28
0.000000,0.000000,29.000000,1.000000,0.000000,0.000000,1.000000,0.000000,2.000000,0.000000,7.686553,1.000000,1.000000,1.000000,1.000000,0.000000,0.000000,0.354854,-0.353066,0.695514,24.143867,0.604501,0.403001,0.966667,-0.507139,7.675831,0.000000,True,True,True,1.000000,1.000000,1.000000,1832,28
0.000000,0.000000,29.000000,1.000000,0.000000,0.000000,1.000000,0.000000,3.000000,0.000000,7.465419,1.000000,1.000000,1.000000,1.000000,0.000000,0.000000,0.461319,-0.309620,0.592395,24.591459,0.630607,0.420404,0.966667,-0.447592,7.675831,0.000000,True,True,True,,,,1833,28
0.000000,0.000000,29.000000,1.000000,0.000000,0.000000,1.000000,0.000000,1.000000,0.000000,7.903916,1.000000,1.000000,1.000000,1.000000,0.000000,0.000000,0.434004,-0.260673,0.619819,25.092325,0.668707,0.445804,0.966667,-0.500866,7.675831,0.000000,True,True,True,1.000000,1.000000,1.000000,1834,28
0.000000,0.000000,29.000000,1.000000,0.000000,0.000000,1.000000,0.000000,1.000000,0.000000,7.732198,1.000000,1.000000,1.000000,1.000000,0.000000,0.000000,0.315146,-0.422388,0.730599,25.684494,0.673906,0.449270,0.966667,-0.592168,7.675831,0.000000,True,True,True,1.000000,1.000000,1.000000,1835,28
0.000000,0.000000,29.000000,1.000000,0.000000,0.000000,1.000000,0.000000,2.000000,0.000000,7.623968,1.000000,1.000000,1.000000,1.000000,0.000000,0.000000,0.372120,-0.288965,0.674679,26.256388,0.677826,0.451884,0.966667,-0.571895,7.675831,0.000000,True,True,True,1.000000,1.000000,1.000000,1836,28
0.000000,0.000000,29.000000,1.000000,0.000000,0.000000,1.000000,0.000000,1.000000,0.000000,7.870517,1.000000,1.000000,1.000000,1.000000,0.000000,0.000000,0.482282,-0.345934,0.584670,26.796355,0.693437,0.462291,0.966667,-0.539967,7.675831,0.000000,True,True,True,,,,1837,28
0.000000,0.000000,29.000000,1.000000,0.000000,0.000000,1.000000,0.000000,1.000000,0.000000,7.852369,1.000000,1.000000,1.000000,1.000000,0.000000,0.000000,0.503972,-0.246369,0.525698,27.291833,0.693186,0.462124,0.966667,-0.495477,7.675831,0.000000,True,True,True,1.000000,1.000000,1.000000,1838,28
0.000000,0.000000,29.000000,1.000000,0.000000,0.000000,1.000000,0.000000,2.000000,0.000000,7.829174,1.000000,1.000000,1.000000,1.000000,0.000000,0.000000,0.553967,-0.182202,0.523807,27.816445,0.696156,0.464104,0.966667,-0.524612,7.675831,0.000000,True,True,True,1.000000,1.000000,1.000000,1839,28
0.000000,0.000000,29.000000,1.000000,0.000000,0.000000,1.000000,0.000000,1.000000,0.000000,7.873957,1.000000,1.000000,1.000000,1.000000,0.000000,0.000000,0.578501,-0.383574,0.464880,28.249152,0.713381,0.475587,0.966667,-0.432707,7.675831,0.000000,True,True,True,,,,1840,28
0.000000,0.000000,29.000000,1.000000,0.000000,0.000000,1.000000,0.000000,0.000000,0.000000,8.324332,1.000000,1.000000,1.000000,1.000000,0.000000,0.000000,0.636342,-0.294017,0.472119,28.647829,0.702653,0.468435,0.966667,-0.398677,7.675831,0.000000,True,True,True,,,,1841,28
0.000000,0.000000,29.000000,1.000000,0.000000,0.000000,1.000000,0.000000,0.000000,0.000000,8.268386,1.000000,1.000000,1.000000,1.000000,0.000000,0.000000,0.609639,-0.240468,0.435694,28.921354,0.682940,0.455293,0.966667,-0.273524,7.675831,0.000000,True,True,True,1.000000,1.000000,1.000000,1842,28
0.000000,0.000000,29.000000,1.000000,0.000000,0.000000,1.000000,0.000000,0.000000,0.000000,8.217498,1.000000,1.000000,1.000000,1.000000,0.000000,0.000000,0.553628,-0.257122,0.534069,29.273324,0.665488,0.443658,0.966667,-0.351971,7.675831,0.000000,True,True,True,1.000000,1.000000,1.000000,1843,28
0.000000,0.000000,29.000000,1.000000,0.000000,0.000000,1.000000,0.000000,1.000000,0.000000,7.865956,1.000000,1.000000,1.000000,1.000000,0.000000,0.000000,0.645882,-0.256704,0.395724,29.533341,0.648481,0.432320,0.966667,-0.260016,7.675831,0.000000,True,True,True,1.000000,1.000000,1.000000,1844,28
0.000000,0.000000,29.000000,1.000000,0.000000,0.000000,1.000000,0.000000,1.000000,0.000000,7.904838,1.000000,1.000000,1.000000,1.000000,0.000000,0.000000,0.599437,-0.476633,0.471747,29.758135,0.645508,0.430338,0.966667,-0.224794,7.675831,0.000000,True,True,True,,,,1845,28
0.000000,0.000000,29.000000,1.000000,0.000000,0.000000,1.000000,0.000000,1.000000,0.000000,7.613788,1.000000,1.000000,1.000000,1.000000,0.000000,0.000000,0.563589,-0.154306,0.474741,29.951297,0.648810,0.432540,0.966667,-0.193162,7.675831,0.000000,True,True,True,1.000000,1.000000,1.000000,1846,28
0.000000,0.000000,29.000000,1.000000,0.000000,0.000000,1.000000,0.000000,2.000000,0.000000,7.908754,1.000000,1.000000,1.000000,1.000000,0.000000,0.000000,0.680473,-0.105135,0.353711,29.975981,0.657709,0.438473,0.966667,-0.024684,7.675831,0.000000,True,True,True,1.000000,1.000000,1.000000,1847,28
0.000000,0.000000,29.000000,1.000000,0.000000,0.000000,1.000000,0.000000,0.000000,0.000000,8.063511,1.000000,1.000000,1.000000,1.000000,0.000000,0.000000,0.535581,0.010786,0.527069,29.681333,0.675919,0.450613,0.966667,0.294648,7.675831,0.000000,True,True,True,,,,1848,28
0.000000,0.000000,29.000000,1.000000,0.000000,0.000000,1.000000,0.000000,0.000000,0.000000,8.105145,1.000000,1.000000,1.000000,1.000000,0.000000,0.000000,0.418024,0.203792,0.678096,29.250980,0.655387,0.436925,0.966667,0.430353,7.675831,0.000000,True,True,True,1.000000,1.000000,1.000000,1849,28
0.000000,0.000000,29.000000,1.000000,0.000000,0.000000,1.000000,0.000000,0.000000,0.000000,8.266196,1.000000,1.000000,1.000000,1.000000,0.000000,0.000000,0.414095,0.291366,0.694344,28.738689,0.638147,0.425431,0.966667,0.512292,7.675831,0.000000,True,True,True,1.000000,1.000000,1.000000,1850,28
0.000000,0.000000,29.000000,1.000000,0.000000,0.000000,1.000000,0.000000,0.000000,0.000000,8.359630,1.000000,1.000000,1.000000,1.000000,0.000000,0.000000,0.407660,0.309040,0.696536,28.195044,0.621672,0.414448,0.966667,0.543645,7.675831,0.000000,True,True,True,1.000000,1.000000,1.000000,1851,28
0.000000,0.000000,29.000000,1.000000,0.000000,0.000000,1.000000,0.000000,0.000000,0.000000,8.175664,1.000000,1.000000,1.000000,1.000000,0.000000,0.000000,0.375817,0.350576,0.712138,27.653694,0.605497,0.403665,0.966667,0.541351,7.675831,0.000000,True,True,True,1.000000,1.000000,1.000000,1852,28
0.000000,0.000000,29.000000,1.000000,0.000000,0.000000,1.000000,0.000000,1.000000,0.000000,7.966531,1.000000,1.000000,1.000000,1.000000,0.000000,0.000000,0.325141,0.454628,0.737144,27.098906,0.589721,0.393147,0.966667,0.554788,7.675831,0.000000,True,True,True,1.000000,1.000000,1.000000,1853,28
0.000000,0.000000,29.000000,1.000000,0.000000,0.000000,1.000000,0.000000,1.000000,0.000000,7.969896,1.000000,1.000000,1.000000,1.000000,0.000000,0.000000,0.309658,0.454783,0.742703,26.593686,0.588120,0.392080,0.966667,0.505220,7.675831,0.000000,True,True,True,,,,1854,28
0.000000,0.000000,29.000000,1.000000,0.000000,0.000000,1.000000,0.000000,0.000000,0.000000,8.254218,1.000000,1.000000,1.000000,1.000000,0.000000,0.000000,0.277929,0.539873,0.778923,26.026906,0.601289,0.400859,0.966667,0.566780,7.675831,0.000000,True,True,True,1.000000,1.000000,1.000000,1855,28
0.000000,0.000000,29.000000,1.000000,0.000000,0.000000,1.000000,0.000000,1.000000,0.000000,7.817845,1.000000,1.000000,1.000000,1.000000,0.000000,0.000000,0.233148,0.494772,0.816642,25.463756,0.581734,0.387823,0.966667,0.563150,7.675831,0.000000,True,True,True,1.000000,1.000000,1.000000,1856,28
0.000000,0.000000,29.000000,1.000000,0.000000,0.000000,1.000000,0.000000,1.000000,0.000000,7.079209,1.000000,1.000000,1.000000,1.000000,0.000000,0.000000,0.299933,0.514552,0.745388,24.954955,0.578581,0.385721,0.966667,0.508800,7.675831,0.000000,True,True,True,,,,1857,28
0.000000,0.000000,29.000000,1.000000,0.000000,0.000000,1.000000,0.000000,1.000000,0.000000,7.829239,1.000000,1.000000,1.000000,1.000000,0.000000,0.000000,0.302013,0.452220,0.740493,24.440095,0.591371,0.394248,0.966667,0.514860,7.675831,0.000000,True,True,True,1.000000,1.000000,1.000000,1858,28
0.000000,0.000000,29.000000,1.000000,0.000000,0.000000,1.000000,0.000000,1.000000,0.000000,7.688266,1.000000,1.000000,1.000000,1.000000,0.000000,0.000000,0.284323,0.513849,0.763179,23.897365,0.589872,0.393248,0.966667,0.542731,7.675831,0.000000,True,True,True,,,,1859,28
0.000000,0.000000,29.000000,1.000000,0.000000,0.000000,1.000000,0.000000,1.000000,0.000000,7.263099,1.000000,1.000000,1.000000,1.000000,0.000000,0.000000,0.295730,0.451257,0.742942,23.368550,0.601260,0.400840,0.966667,0.528815,7.675831,0.000000,True,True,True,1.000000,1.000000,1.000000,1860,28
0.000000,0.000000,29.000000,1.000000,0.000000,0.000000,1.000000,0.000000,2.000000,0.000000,7.907517,1.000000,1.000000,1.000000,1.000000,0.000000,0.000000,0.297688,0.523140,0.755553,22.820607,0.600664,0.400443,0.966667,0.547943,7.675831,0.000000,True,True,True,,,,1861,28
0.000000,0.000000,29.000000,1.000000,0.000000,0.000000,1.000000,0.000000,2.000000,0.000000,7.651403,1.000000,1.000000,1.000000,1.000000,0.000000,0.000000,0.315862,0.406920,0.722416,22.311641,0.610692,0.407128,0.966667,0.508965,7.675831,0.000000,True,True,True,,,,1862,28
0.000000,0.000000,29.000000,1.000000,0.000000,0.000000,1.000000,0.000000,1.000000,0.000000,7.962913,1.000000,1.000000,1.000000,1.000000,0.000000,0.000000,0.360744,0.454342,0.668438,21.804190,0.634787,0.423192,0.966667,0.507451,7.675831,0.000000,True,True,True,,,,1863,28
0.000000,0.000000,29.000000,1.000000,0.000000,0.000000,1.000000,0.000000,2.000000,0.000000,7.428512,1.000000,1.000000,1.000000,1.000000,0.000000,0.000000,0.330655,0.440509,0.709120,21.259076,0.647647,0.431765,0.966667,0.545114,7.675831,0.000000,True,True,True,1.000000,1.000000,1.000000,1864,28
0.000000,0.000000,29.000000,1.000000,0.000000,0.000000,1.000000,0.000000,1.000000,0.000000,7.930153,1.000000,1.000000,1.000000,1.000000,0.000000,0.000000,0.345782,0.358595,0.689122,20.709495,0.667063,0.444709,0.966667,0.549580,7.675831,0.000000,True,True,True,,,,1865,28
0.000000,0.000000,29.000000,1.000000,0.000000,0.000000,1.000000,0.000000,1.000000,0.000000,7.872620,1.000000,1.000000,1.000000,1.000000,0.000000,0.000000,0.274328,0.475462,0.743187,20.144716,0.675798,0.450532,0.966667,0.564780,7.675831,0.000000,True,True,True,1.000000,1.000000,1.000000,1866,28
0.000000,0.000000,29.000000,1.000000,0.000000,0.000000,1.000000,0.000000,0.000000,0.000000,8.013593,1.000000,1.000000,1.000000,1.000000,0.000000,0.000000,0.196536,0.501937,0.845483,19.496608,0.673070,0.448714,0.966667,0.648108,7.675831,0.000000,True,True,True,,,,1867,28
0.000000,0.000000,29.000000,1.000000,0.000000,0.000000,1.000000,0.000000,2.000000,0.000000,7.725475,1.000000,1.000000,1.000000,1.000000,0.000000,0.000000,0.219839,0.555753,0.822302,18.874939,0.652245,0.434830,0.966667,0.621669,7.675831,0.000000,True,True,True,1.000000,1.000000,1.000000,1868,28
0.000000,0.000000,29.000000,1.000000,0.000000,0.000000,1.000000,0.000000,0.000000,0.000000,8.073350,1.000000,1.000000,1.000000,1.000000,0.000000,0.000000,0.222656,0.465209,0.824082,18.271210,0.656016,0.437344,0.966667,0.603729,7.675831,0.000000,True,True,True,,,,1869,28
0.000000,0.000000,29.000000,1.000000,0.000000,0.000000,1.000000,0.000000,1.000000,0.000000,7.836222,1.000000,1.000000,1.000000,1.000000,0.000000,0.000000,0.182896,0.501592,0.855245,17.650394,0.635008,0.423339,0.966667,0.620815,7.675831,0.000000,True,True,True,1.000000,1.000000,1.000000,1870,28
0.000000,0.000000,29.000000,1.000000,0.000000,0.000000,1.000000,0.000000,1.000000,0.000000,7.823107,1.000000,1.000000,1.000000,1.000000,0.000000,0.000000,0.184632,0.443130,0.853999,17.044813,0.624178,0.416119,0.966667,0.605581,7.675831,0.000000,True,True,True,,,,1871,28
0.000000,0.000000,29.000000,1.000000,0.000000,0.000000,1.000000,0.000000,1.000000,0.000000,7.578595,1.000000,1.000000,1.000000,1.000000,0.000000,0.000000,0.203382,0.435526,0.796782,16.515609,0.614306,0.409537,0.966667,0.529205,7.675831,0.000000,True,True,True,,,,1872,28
0.000000,0.000000,29.000000,1.000000,0.000000,0.000000,1.000000,0.000000,0.000000,0.000000,8.060081,1.000000,1.000000,1.000000,1.000000,0.000000,0.000000,0.162811,0.465775,0.857601,15.954955,0.608116,0.405411,0.966667,0.560654,7.675831,0.000000,True,True,True,,,,1873,28
0.000000,0.000000,29.000000,1.000000,0.000000,0.000000,1.000000,0.000000,2.000000,0.000000,7.511588,1.000000,1.000000,1.000000,1.000000,0.000000,0.000000,0.098696,0.559390,0.894226,15.405664,0.586110,0.390740,0.966667,0.549291,7.675831,0.000000,True,True,True,1.000000,1.000000,1.000000,1874,28
0.000000,0.000000,29.000000,1.000000,0.000000,0.000000,1.000000,0.000000,0.000000,0.000000,8.015242,1.000000,1.000000,1.000000,1.000000,0.000000,0.000000,0.106227,0.431781,0.873606,14.885173,0.591533,0.394355,0.966667,0.520491,7.675831,0.000000,True,True,True,,,,1875,28
0.000000,0.000000,29.000000,1.000000,0.000000,0.000000,1.000000,0.000000,2.000000,0.000000,7.863453,1.000000,1.000000,1.000000,1.000000,0.000000,0.000000,0.066368,0.506785,0.929178,14.329115,0.573586,0.382391,0.966667,0.556058,7.675831,0.000000,True,True,True,1.000000,1.000000,1.000000,1876,28
0.000000,0.000000,29.000000,1.000000,0.000000,0.000000,1.000000,0.000000,2.000000,0.000000,7.360246,1.000000,1.000000,1.000000,1.000000,0.000000,0.000000,0.058264,0.435127,0.935660,13.771290,0.580592,0.387061,0.966667,0.557824,7.675831,0.000000,True,True,True,,,,1877,28
0.000000,0.000000,29.000000,1.000000,0.000000,0.000000,1.000000,0.000000,1.000000,0.000000,7.752651,1.000000,1.000000,1.000000,1.000000,0.000000,0.000000,0.161609,0.384783,0.798101,13.303458,0.591117,0.394078,0.966667,0.467833,7.675831,0.000000,True,True,True,,,,1878,28
0.000000,0.000000,29.000000,1.000000,0.000000,0.000000,1.000000,0.000000,1.000000,0.000000,7.569641,1.000000,1.000000,1.000000,1.000000,0.000000,0.000000,0.103313,0.383922,0.875604,12.777842,0.591363,0.394242,0.966667,0.525616,7.675831,0.000000,True,True,True,,,,1879,28
0.000000,0.000000,29.000000,1.000000,0.000000,0.000000,1.000000,0.000000,2.000000,0.000000,6.647887,1.000000,1.000000,1.000000,1.000000,0.000000,0.000000,0.121495,0.403372,0.849396,12.254467,0.599894,0.399929,0.966667,0.523374,7.675831,0.000000,True,True,True,1.000000,1.000000,1.000000,1880,28
0.000000,0.000000,29.000000,1.000000,0.000000,0.000000,1.000000,0.000000,1.000000,0.000000,7.781381,1.000000,1.000000,1.000000,1.000000,0.000000,0.000000,0.183922,0.301827,0.787190,11.778849,0.626287,0.417524,0.966667,0.475618,7.675831,0.000000,True,True,True,,,,1881,28
0.000000,0.000000,29.000000,1.000000,0.000000,0.000000,1.000000,0.000000,1.000000,0.000000,7.198717,1.000000,1.000000,1.000000,1.000000,0.000000,0.000000,0.157443,0.328655,0.810272,11.259849,0.633425,0.422284,0.966667,0.519000,7.675831,0.000000,True,True,True,1.000000,1.000000,1.000000,1882,28
0.000000,0.000000,29.000000,1.000000,0.000000,0.000000,1.000000,0.000000,1.000000,0.000000,7.844118,1.000000,1.000000,1.000000,1.000000,0.000000,0.000000,0.138532,0.335232,0.846829,10.718854,0.636960,0.424640,0.966667,0.540996,7.675831,0.000000,True,True,True,1.000000,1.000000,1.000000,1883,28
0.000000,0.000000,29.000000,1.000000,0.000000,0.000000,1.000000,0.000000,1.000000,0.000000,7.703878,1.000000,1.000000,1.000000,1.000000,0.000000,0.000000,0.133039,0.372683,0.848679,10.170157,0.626182,0.417455,0.966667,0.548696,7.675831,0.000000,True,True,True,,,,1884,28
0.000000,0.000000,29.000000,1.000000,0.000000,0.000000,1.000000,0.000000,1.000000,0.000000,7.863577,1.000000,1.000000,1.000000,1.000000,0.000000,0.000000,0.170373,0.263559,0.797963,9.673272,0.628004,0.418670,0.966667,0.496885,7.675831,0.000000,True,True,True,1.000000,1.000000,1.000000,1885,28
0.000000,0.000000,29.000000,1.000000,0.000000,0.000000,1.000000,0.000000,0.000000,0.000000,8.196564,1.000000,1.000000,1.000000,1.000000,0.000000,0.000000,0.124921,0.319239,0.864904,9.113398,0.632914,0.421943,0.966667,0.559875,7.675831,0.000000,True,True,True,1.000000,1.000000,1.000000,1886,28
0.000000,0.000000,29.000000,1.000000,0.000000,0.000000,1.000000,0.000000,0.000000,0.000000,8.035734,1.000000,1.000000,1.000000,1.000000,0.000000,0.000000,0.089039,0.374509,0.897889,8.538290,0.609785,0.406523,0.966667,0.575108,7.675831,0.000000,True,True,True,1.000000,1.000000,1.000000,1887,28
0.000000,0.000000,29.000000,1.000000,0.000000,0.000000,1.000000,0.000000,1.000000,0.000000,7.429804,1.000000,1.000000,1.000000,1.000000,0.000000,0.000000,0.071432,0.357619,0.924901,7.973095,0.585216,0.390144,0.966667,0.565195,7.675831,0.000000,True,True,True,1.000000,1.000000,1.000000,1888,28
0.000000,0.000000,29.000000,1.000000,0.000000,0.000000,1.000000,0.000000,1.000000,0.000000,7.552080,1.000000,1.000000,1.000000,1.000000,0.000000,0.000000,0.132252,0.274135,0.847266,7.480953,0.575370,0.383580,0.966667,0.492142,7.675831,0.000000,True,True,True,,,,1889,28
0.000000,0.000000,29.000000,1.000000,0.000000,0.000000,1.000000,0.000000,0.000000,0.000000,8.299397,1.000000,1.000000,1.000000,1.000000,0.000000,0.000000,0.179162,0.217222,0.798022,7.018778,0.584083,0.389388,0.966667,0.462175,7.675831,0.000000,True,True,True,1.000000,1.000000,1.000000,1890,28
0.000000,0.000000,29.000000,1.000000,0.000000,0.000000,1.000000,0.000000,0.000000,0.000000,8.354116,1.000000,1.000000,1.000000,1.000000,0.000000,0.000000,0.081948,0.257650,0.913847,6.486697,0.566097,0.377398,0.966667,0.532081,7.675831,0.000000,True,True,True,1.000000,1.000000,1.000000,1891,28
0.000000,0.000000,29.000000,1.000000,0.000000,0.000000,1.000000,0.000000,1.000000,0.000000,7.997975,1.000000,1.000000,1.000000,1.000000,0.000000,0.000000,0.076716,0.276888,0.921394,5.962550,0.542015,0.361344,0.966667,0.524147,7.675831,0.000000,True,True,True,1.000000,1.000000,1.000000,1892,28
0.000000,0.000000,29.000000,1.000000,0.000000,0.000000,1.000000,0.000000,1.000000,0.000000,7.973696,1.000000,1.000000,1.000000,1.000000,0.000000,0.000000,0.145501,0.235407,0.841013,5.504563,0.534386,0.356257,0.966667,0.457987,7.675831,0.000000,True,True,True,,,,1893,28
0.000000,0.000000,29.000000,1.000000,0.000000,0.000000,1.000000,0.000000,1.000000,0.000000,7.588801,1.000000,1.000000,1.000000,1.000000,0.000000,0.000000,0.084728,0.220610,0.912762,4.993454,0.546126,0.364084,0.966667,0.511109,7.675831,0.000000,True,True,True,1.000000,1.000000,1.000000,1894,28
0.000000,0.000000,29.000000,1.000000,0.000000,0.000000,1.000000,0.000000,1.000000,0.000000,7.937797,1.000000,1.000000,1.000000,1.000000,0.000000,0.000000,0.208328,0.212424,0.787960,4.569973,0.559269,0.372846,0.966667,0.423481,7.675831,0.000000,True,True,True,1.000000,1.000000,1.000000,1895,28
0.000000,0.000000,29.000000,1.000000,0.000000,0.000000,1.000000,0.000000,0.000000,0.000000,8.175093,1.000000,1.000000,1.000000,1.000000,0.000000,0.000000,0.099148,0.214427,0.899991,4.037307,0.569098,0.379398,0.966667,0.532666,7.675831,0.000000,True,True,True,1.000000,1.000000,1.000000,1896,28
0.000000,0.000000,29.000000,1.000000,0.000000,0.000000,1.000000,0.000000,0.000000,0.000000,8.112933,1.000000,1.000000,1.000000,1.000000,0.000000,0.000000,0.087496,0.215352,0.915636,3.516215,0.548492,0.365661,0.966667,0.521092,7.675831,0.000000,True,True,True,1.000000,1.000000,1.000000,1897,28
0.000000,0.000000,29.000000,1.000000,0.000000,0.000000,1.000000,0.000000,0.000000,0.000000,8.030466,1.000000,1.000000,1.000000,1.000000,0.000000,0.000000,0.075825,0.239100,0.922888,3.011265,0.526187,0.350791,0.966667,0.504950,7.675831,0.000000,True,True,True,1.000000,1.000000,1.000000,1898,28
0.000000,0.000000,29.000000,1.000000,0.000000,0.000000,1.000000,0.000000,2.000000,0.000000,7.810842,1.000000,1.000000,1.000000,1.000000,0.000000,0.000000,0.066433,0.208044,0.926769,2.521790,0.504056,0.336037,0.966667,0.489475,7.675831,0.000000,True,True,True,1.000000,1.000000,1.000000,1899,28
0.000000,0.000000,29.000000,1.000000,0.000000,0.000000,1.000000,0.000000,0.000000,0.000000,8.093985,1.000000,1.000000,1.000000,1.000000,0.000000,0.000000,0.134513,0.123272,0.853255,2.086580,0.514976,0.343317,0.966667,0.435210,7.675831,0.000000,True,True,True,,,,1900,28
0.000000,0.000000,29.000000,1.000000,0.000000,0.000000,1.000000,0.000000,0.000000,0.000000,8.112681,1.000000,1.000000,1.000000,1.000000,0.000000,0.000000,0.074109,0.180659,0.917819,1.619633,0.495261,0.330174,0.966667,0.466947,7.675831,0.000000,True,True,True,1.000000,1.000000,1.000000,1901,28
0.000000,0.000000,29.000000,1.000000,0.000000,0.000000,1.000000,0.000000,1.000000,0.000000,7.858986,1.000000,1.000000,1.000000,1.000000,0.000000,0.000000,0.096553,0.174548,0.894656,1.200363,0.474104,0.316070,0.966667,0.419270,7.675831,0.000000,True,True,True,1.000000,1.000000,1.000000,1902,28
0.000000,0.000000,29.000000,1.000000,0.000000,0.000000,1.000000,0.000000,1.000000,0.000000,7.137324,1.000000,1.000000,1.000000,1.000000,0.000000,0.000000,0.141591,0.203218,0.844767,0.791033,0.471012,0.314008,0.966667,0.409330,7.675831,0.000000,True,True,True,,,,1903,28
0.000000,0.000000,29.000000,1.000000,0.000000,0.000000,1.000000,0.000000,2.000000,0.000000,7.437445,1.000000,1.000000,1.000000,1.000000,0.000000,0.000000,0.109169,0.077310,0.880111,0.446843,0.487592,0.325061,0.966667,0.344190,7.675831,0.000000,True,True,True,1.000000,1.000000,1.000000,1904,28
0.000000,0.000000,29.000000,1.000000,0.000000,0.000000,1.000000,0.000000,3.000000,0.000000,7.803290,1.000000,1.000000,1.000000,1.000000,0.000000,0.000000,0.183820,0.178454,0.788952,0.299635,0.518739,0.345826,0.966667,0.147208,7.675831,0.000000,True,True,True,,,,1905,28
0.000000,0.000000,29.000000,1.000000,0.000000,0.000000,1.000000,0.000000,5.000000,0.000000,7.494834,1.000000,1.000000,1.000000,1.000000,0.000000,0.000000,0.174454,-0.068165,0.801622,0.697625,0.583629,0.389086,0.966667,-0.397991,7.675831,0.000000,True,True,True,,,,1906,28
0.000000,0.000000,29.000000,1.000000,0.000000,0.000000,1.000000,0.000000,4.000000,0.000000,7.457486,1.000000,1.000000,1.000000,1.000000,0.000000,0.000000,0.437890,-0.045414,0.495379,0.959167,0.673580,0.449053,0.966667,-0.261542,7.675831,0.000000,True,True,True,,,,1907,28
0.000000,0.000000,29.000000,1.000000,0.000000,0.000000,1.000000,0.000000,3.000000,0.000000,6.918612,1.000000,1.000000,1.000000,1.000000,0.000000,0.000000,0.269993,-0.081160,0.683034,1.466105,0.711725,0.474483,0.966667,-0.506938,7.675831,0.000000,True,True,True,,,,1908,28
0.000000,0.000000,29.000000,1.000000,0.000000,0.000000,1.000000,0.000000,4.000000,0.000000,7.517268,1.000000,1.000000,1.000000,1.000000,0.000000,0.000000,0.258981,0.131613,0.686882,1.983280,0.723270,0.482180,0.966667,-0.517175,7.675831,0.000000,True,True,True,,,,1909,28
0.000000,0.000000,29.000000,1.000000,0.000000,0.000000,1.000000,0.000000,4.000000,0.000000,7.439629,1.000000,1.000000,1.000000,1.000000,0.000000,0.000000,0.311037,-0.048809,0.633273,2.480751,0.743597,0.495731,0.966667,-0.497471,7.675831,0.000000,True,True,True,,,,1910,28
0.000000,0.000000,29.000000,1.000000,0.000000,0.000000,1.000000,0.000000,5.000000,0.000000,7.667906,1.000000,1.000000,1.000000,1.000000,0.000000,0.000000,0.243526,-0.017728,0.734269,3.051718,0.759183,0.506122,0.966667,-0.570967,7.675831,0.000000,True,True,True,,,,1911,28
0.000000,0.000000,29.000000,1.000000,0.000000,0.000000,1.000000,0.000000,4.000000,0.000000,7.001258,1.000000,1.000000,1.000000,1.000000,0.000000,0.000000,0.347010,-0.140495,0.622826,3.538131,0.778204,0.518803,0.966667,-0.486413,7.675831,0.000000,True,True,True,,,,1912,28
0.000000,0.000000,29.000000,1.000000,0.000000,0.000000,1.000000,0.000000,4.000000,0.000000,7.298268,1.000000,1.000000,1.000000,1.000000,0.000000,0.000000,0.362470,-0.313458,0.620252,4.035399,0.785637,0.523758,0.966667,-0.497268,7.675831,0.000000,True,True,True,,,,1913,28
0.000000,0.000000,29.000000,1.000000,0.000000,0.000000,1.000000,0.000000,4.000000,0.000000,7.174902,1.000000,1.000000,1.000000,1.000000,0.000000,0.000000,0.298758,-0.231353,0.693070,4.571289,0.798065,0.532044,0.966667,-0.535889,7.675831,0.000000,True,True,True,,,,1914,28
0.000000,0.000000,29.000000,1.000000,0.000000,0.000000,1.000000,0.000000,2.000000,0.000000,7.839550,1.000000,1.000000,1.000000,1.000000,0.000000,0.000000,0.370370,-0.258219,0.605928,5.090947,0.806047,0.537365,0.966667,-0.519658,7.675831,0.000000,True,True,True,,,,1915,28
0.000000,0.000000,29.000000,1.000000,0.000000,0.000000,1.000000,0.000000,3.000000,0.000000,7.515829,1.000000,1.000000,1.000000,1.000000,0.000000,0.000000,0.264516,0.041004,0.721468,5.670317,0.805145,0.536763,0.966667,-0.579370,7.675831,0.000000,True,True,True,1.000000,1.000000,1.000000,1916,28
0.000000,0.000000,29.000000,1.000000,0.000000,0.000000,1.000000,0.000000,2.000000,0.000000,7.614847,1.000000,1.000000,1.000000,1.000000,0.000000,0.000000,0.311251,-0.084977,0.667192,6.232103,0.803393,0.535595,0.966667,-0.561786,7.675831,0.000000,True,True,True,,,,1917,28
0.000000,0.000000,29.000000,1.000000,0.000000,0.000000,1.000000,0.000000,3.000000,0.000000,7.422254,1.000000,1.000000,1.000000,1.000000,0.000000,0.000000,0.294645,0.079270,0.711249,6.781077,0.802098,0.534732,0.966667,-0.548974,7.675831,0.000000,True,True,True,1.000000,1.000000,1.000000,1918,28
0.000000,0.000000,29.000000,1.000000,0.000000,0.000000,1.000000,0.000000,3.000000,0.000000,6.897287,1.000000,1.000000,1.000000,1.000000,0.000000,0.000000,0.326568,-0.081460,0.690668,7.312804,0.807610,0.538407,0.966667,-0.531727,7.675831,0.000000,True,True,True,,,,1919,28
0.000000,0.000000,29.000000,1.000000,0.000000,0.000000,1.000000,0.000000,4.000000,0.000000,7.210929,1.000000,1.000000,1.000000,1.000000,0.000000,0.000000,0.477005,-0.040741,0.522947,7.703254,0.810346,0.540231,0.966667,-0.390450,7.675831,0.000000,True,True,True,,,,1920,28
0.000000,0.000000,29.000000,1.000000,0.000000,0.000000,1.000000,0.000000,2.000000,0.000000,7.333708,1.000000,1.000000,1.000000,1.000000,0.000000,0.000000,0.351525,-0.241138,0.664285,8.199556,0.802494,0.534996,0.966667,-0.496303,7.675831,0.000000,True,True,True,,,,1921,28
0.000000,0.000000,29.000000,1.000000,0.000000,0.000000,1.000000,0.000000,1.000000,0.000000,7.066251,1.000000,1.000000,1.000000,1.000000,0.000000,0.000000,0.383372,-0.111509,0.619153,8.673197,0.789316,0.526210,0.966667,-0.473640,7.675831,0.000000,True,True,True,,,,1922,28
0.000000,0.000000,29.000000,1.000000,0.000000,0.000000,1.000000,0.000000,2.000000,0.000000,7.333317,1.000000,1.000000,1.000000,1.000000,0.000000,0.000000,0.274562,-0.254726,0.732221,9.225137,0.770476,0.513651,0.966667,-0.551940,7.675831,0.000000,True,True,True,1.000000,1.000000,1.000000,1923,28
0.000000,0.000000,29.000000,1.000000,0.000000,0.000000,1.000000,0.000000,3.000000,0.000000,7.764096,1.000000,1.000000,1.000000,1.000000,0.000000,0.000000,0.366412,-0.261215,0.660860,9.680107,0.770429,0.513619,0.966667,-0.454970,7.675831,0.000000,True,True,True,1.000000,1.000000,1.000000,1924,28
0.000000,0.000000,29.000000,1.000000,0.000000,0.000000,1.000000,0.000000,1.000000,0.000000,7.542540,1.000000,1.000000,1.000000,1.000000,0.000000,0.000000,0.432003,-0.208924,0.561870,10.086592,0.766531,0.511020,0.966667,-0.406486,7.675831,0.000000,True,True,True,,,,1925,28
0.000000,0.000000,29.000000,1.000000,0.000000,0.000000,1.000000,0.000000,2.000000,0.000000,7.843119,1.000000,1.000000,1.000000,1.000000,0.000000,0.000000,0.255975,-0.256457,0.744205,10.636154,0.749853,0.499902,0.966667,-0.549562,7.675831,0.000000,True,True,True,1.000000,1.000000,1.000000,1926,28
0.000000,0.000000,29.000000,1.000000,0.000000,0.000000,1.000000,0.000000,2.000000,0.000000,7.801581,1.000000,1.000000,1.000000,1.000000,0.000000,0.000000,0.354004,-0.098301,0.632868,11.106722,0.742599,0.495066,0.966667,-0.470567,7.675831,0.000000,True,True,True,,,,1927,28
0.000000,0.000000,29.000000,1.000000,0.000000,0.000000,1.000000,0.000000,0.000000,0.000000,8.552611,1.000000,1.000000,1.000000,1.000000,0.000000,0.000000,0.316586,-0.222179,0.682202,11.604433,0.740408,0.493605,0.966667,-0.497711,7.675831,0.000000,True,True,True,,,,1928,28
0.000000,0.000000,29.000000,1.000000,0.000000,0.000000,1.000000,0.000000,0.000000,0.000000,8.039932,1.000000,1.000000,1.000000,1.000000,0.000000,0.000000,0.117803,-0.174519,0.886690,12.232642,0.708562,0.472375,0.966667,-0.628210,7.675831,0.000000,True,True,True,1.000000,1.000000,1.000000,1929,28
0.000000,0.000000,29.000000,1.000000,0.000000,0.000000,1.000000,0.000000,1.000000,0.000000,7.765396,1.000000,1.000000,1.000000,1.000000,0.000000,0.000000,0.218694,-0.047533,0.781064,12.826086,0.681212,0.454141,0.966667,-0.593444,7.675831,0.000000,True,True,True,1.000000,1.000000,1.000000,1930,28
0.000000,0.000000,29.000000,1.000000,0.000000,0.000000,1.000000,0.000000,2.000000,0.000000,7.867427,1.000000,1.000000,1.000000,1.000000,0.000000,0.000000,0.295268,-0.318692,0.723913,13.316533,0.677648,0.451766,0.966667,-0.490447,7.675831,0.000000,True,True,True,1.000000,1.000000,1.000000,1931,28
0.000000,0.000000,29.000000,1.000000,0.000000,0.000000,1.000000,0.000000,2.000000,0.000000,7.863568,1.000000,1.000000,1.000000,1.000000,0.000000,0.000000,0.302044,-0.159790,0.714129,13.844805,0.683400,0.455600,0.966667,-0.528271,7.675831,0.000000,True,True,True,,,,1932,28
0.000000,0.000000,29.000000,1.000000,0.000000,0.000000,1.000000,0.000000,0.000000,0.000000,8.049466,1.000000,1.000000,1.000000,1.000000,0.000000,0.000000,0.437074,-0.317305,0.582659,14.228604,0.686331,0.457554,0.966667,-0.383799,7.675831,0.000000,True,True,True,1.000000,1.000000,1.000000,1933,28
0.000000,0.000000,29.000000,1.000000,0.000000,0.000000,1.000000,0.000000,3.000000,0.000000,7.387838,1.000000,1.000000,1.000000,1.000000,0.000000,0.000000,0.363996,0.074735,0.629016,14.713961,0.655863,0.437242,0.966667,-0.485358,7.675831,0.000000,True,True,True,1.000000,1.000000,1.000000,1934,28
0.000000,0.000000,29.000000,1.000000,0.000000,0.000000,1.000000,0.000000,1.000000,0.000000,7.785158,1.000000,1.000000,1.000000,1.000000,0.000000,0.000000,0.480617,-0.226751,0.519680,15.071554,0.689400,0.459600,0.966667,-0.357593,7.675831,0.000000,True,True,True,,,,1935,28
0.000000,0.000000,29.000000,1.000000,0.000000,0.000000,1.000000,0.000000,2.000000,0.000000,6.866406,1.000000,1.000000,1.000000,1.000000,0.000000,0.000000,0.438634,-0.042715,0.590960,15.501265,0.683995,0.455996,0.966667,-0.429711,7.675831,0.000000,True,True,True,1.000000,1.000000,1.000000,1936,28
0.000000,0.000000,29.000000,1.000000,0.000000,0.000000,1.000000,0.000000,1.000000,0.000000,7.877592,1.000000,1.000000,1.000000,1.000000,0.000000,0.000000,0.437530,-0.207771,0.593227,15.920641,0.687455,0.458303,0.966667,-0.419376,7.675831,0.000000,True,True,True,,,,1937,28
0.000000,0.000000,29.000000,1.000000,0.000000,0.000000,1.000000,0.000000,4.000000,0.000000,7.761980,1.000000,1.000000,1.000000,1.000000,0.000000,0.000000,0.349047,-0.187701,0.678561,16.364498,0.677416,0.451611,0.966667,-0.443856,7.675831,0.000000,True,True,True,1.000000,1.000000,1.000000,1938,28
0.000000,0.000000,29.000000,1.000000,0.000000,0.000000,1.000000,0.000000,1.000000,0.000000,7.772933,1.000000,1.000000,1.000000,1.000000,0.000000,0.000000,0.528516,-0.137607,0.513766,16.726477,0.725033,0.483355,0.966667,-0.361979,7.675831,0.000000,True,True,True,,,,1939,28
0.000000,0.000000,29.000000,1.000000,0.000000,0.000000,1.000000,0.000000,0.000000,0.000000,8.217498,1.000000,1.000000,1.000000,1.000000,0.000000,0.000000,0.305291,-0.301270,0.715165,17.240292,0.721596,0.481064,0.966667,-0.513815,7.675831,0.000000,True,True,True,1.000000,1.000000,1.000000,1940,28
0.000000,0.000000,29.000000,1.000000,0.000000,0.000000,1.000000,0.000000,2.000000,0.000000,7.737444,1.000000,1.000000,1.000000,1.000000,0.000000,0.000000,0.361036,0.024311,0.649752,17.713331,0.703396,0.468931,0.966667,-0.473039,7.675831,0.000000,True,True,True,1.000000,1.000000,1.000000,1941,28
0.000000,0.000000,29.000000,1.000000,0.000000,0.000000,1.000000,0.000000,1.000000,0.000000,7.715394,1.000000,1.000000,1.000000,1.000000,0.000000,0.000000,0.404868,-0.294664,0.613610,18.167954,0.710608,0.473739,0.966667,-0.454623,7.675831,0.000000,True,True,True,,,,1942,28
0.000000,0.000000,29.000000,1.000000,0.000000,0.000000,1.000000,0.000000,1.000000,0.000000,7.680993,1.000000,1.000000,1.000000,1.000000,0.000000,0.000000,0.445544,-0.048008,0.560685,18.611438,0.710582,0.473721,0.966667,-0.443484,7.675831,0.000000,True,True,True,1.000000,1.000000,1.000000,1943,28
0.000000,0.000000,29.000000,1.000000,0.000000,0.000000,1.000000,0.000000,2.000000,0.000000,7.770651,1.000000,1.000000,1.000000,1.000000,0.000000,0.000000,0.400784,-0.184536,0.606370,19.028591,0.713223,0.475482,0.966667,-0.417153,7.675831,0.000000,True,True,True,1.000000,1.000000,1.000000,1944,28
0.000000,0.000000,29.000000,1.000000,0.000000,0.000000,1.000000,0.000000,1.000000,0.000000,7.907359,1.000000,1.000000,1.000000,1.000000,0.000000,0.000000,0.418984,-0.076384,0.582588,19.482293,0.725138,0.483425,0.966667,-0.453702,7.675831,0.000000,True,True,True,,,,1945,28
0.000000,0.000000,29.000000,1.000000,0.000000,0.000000,1.000000,0.000000,1.000000,0.000000,7.289594,1.000000,1.000000,1.000000,1.000000,0.000000,0.000000,0.438932,-0.261169,0.584129,19.972349,0.721144,0.480763,0.966667,-0.490056,7.675831,0.000000,True,True,True,1.000000,1.000000,1.000000,1946,28
0.000000,0.000000,29.000000,1.000000,0.000000,0.000000,1.000000,0.000000,4.000000,0.000000,7.376552,1.000000,1.000000,1.000000,1.000000,0.000000,0.000000,0.458830,-0.137680,0.558235,20.446050,0.721230,0.480820,0.966667,-0.473701,7.675831,0.000000,True,True,True,1.000000,1.000000,1.000000,1947,28
0.000000,0.000000,29.000000,1.000000,0.000000,0.000000,1.000000,0.000000,0.000000,0.000000,8.127582,1.000000,1.000000,1.000000,1.000000,0.000000,0.000000,0.592144,-0.470245,0.464458,20.746108,0.738134,0.492089,0.966667,-0.300058,7.675831,0.000000,True,True,True,,,,1948,28
0.000000,0.000000,29.000000,1.000000,0.000000,0.000000,1.000000,0.000000,1.000000,0.000000,7.419248,1.000000,1.000000,1.000000,1.000000,0.000000,0.000000,0.385995,-0.234660,0.650399,21.262529,0.709080,0.472720,0.966667,-0.516421,7.675831,0.000000,True,True,True,1.000000,1.000000,1.000000,1949,28
0.000000,0.000000,29.000000,1.000000,0.000000,0.000000,1.000000,0.000000,0.000000,0.000000,8.079799,1.000000,1.000000,1.000000,1.000000,0.000000,0.000000,0.501866,-0.401546,0.568171,21.647327,0.696580,0.464387,0.966667,-0.384798,7.675831,0.000000,True,True,True,,,,1950,28
0.000000,0.000000,29.000000,1.000000,0.000000,0.000000,1.000000,0.000000,2.000000,0.000000,7.479059,1.000000,1.000000,1.000000,1.000000,0.000000,0.000000,0.449233,-0.303888,0.621156,22.051599,0.672064,0.448043,0.966667,-0.404272,7.675831,0.000000,True,True,True,1.000000,1.000000,1.000000,1951,28
0.000000,0.000000,29.000000,1.000000,0.000000,0.000000,1.000000,0.000000,1.000000,0.000000,7.356432,1.000000,1.000000,1.000000,1.000000,0.000000,0.000000,0.599423,-0.381253,0.454522,22.327336,0.674186,0.449457,0.966667,-0.275738,7.675831,0.000000,True,True,True,,,,1952,28
0.000000,0.000000,29.000000,1.000000,0.000000,0.000000,1.000000,0.000000,3.000000,0.000000,7.465099,1.000000,1.000000,1.000000,1.000000,0.000000,0.000000,0.541273,-0.211817,0.484283,22.650218,0.671414,0.447609,0.966667,-0.322882,7.675831,0.000000,True,True,True,1.000000,1.000000,1.000000,1953,28
0.000000,0.000000,29.000000,1.000000,0.000000,0.000000,1.000000,0.000000,0.000000,0.000000,8.159273,1.000000,1.000000,1.000000,1.000000,0.000000,0.000000,0.758350,-0.416763,0.301837,22.839833,0.693298,0.462199,0.966667,-0.189615,7.675831,0.000000,True,True,True,,,,1954,28
0.000000,0.000000,29.000000,1.000000,0.000000,0.000000,1.000000,0.000000,2.000000,0.000000,7.481129,1.000000,1.000000,1.000000,1.000000,0.000000,0.000000,0.443780,-0.310650,0.600970,23.261656,0.662670,0.441780,0.966667,-0.421823,7.675831,1.000000,True,True,True,1.000000,1.000000,1.000000,1955,28
0.000000,0.000000,29.000000,1.000000,0.000000,0.000000,1.000000,0.000000,1.000000,0.000000,7.816793,1.000000,1.000000,1.000000,1.000000,0.000000,0.000000,0.620149,-0.472649,0.453278,23.583210,0.665859,0.443906,0.966667,-0.321554,7.675831,0.000000,True,True,True,,,,1956,28
0.000000,0.000000,29.000000,1.000000,0.000000,0.000000,1.000000,0.000000,2.000000,0.000000,7.646820,1.000000,1.000000,1.000000,1.000000,0.000000,0.000000,0.414899,-0.249423,0.631415,23.960251,0.665743,0.443828,0.966667,-0.377041,7.675831,0.000000,True,True,True,1.000000,1.000000,1.000000,1957,28
0.000000,0.000000,29.000000,1.000000,0.000000,0.000000,1.000000,0.000000,0.000000,0.000000,8.478675,1.000000,1.000000,1.000000,1.000000,0.000000,0.000000,0.610735,-0.528911,0.458624,24.194452,0.665433,0.443622,0.966667,-0.234201,7.675831,0.000000,True,True,True,,,,1958,28
0.000000,0.000000,29.000000,1.000000,0.000000,0.000000,1.000000,0.000000,1.000000,0.000000,7.816482,1.000000,1.000000,1.000000,1.000000,0.000000,0.000000,0.498192,-0.198295,0.532687,24.565206,0.642211,0.428140,0.966667,-0.370754,7.675831,0.000000,True,True,True,1.000000,1.000000,1.000000,1959,28
0.000000,0.000000,29.000000,1.000000,0.000000,0.000000,1.000000,0.000000,0.000000,0.000000,8.373527,1.000000,1.000000,1.000000,1.000000,0.000000,0.000000,0.568297,-0.402148,0.497481,24.876805,0.635989,0.423993,0.966667,-0.311599,7.675831,0.000000,True,True,True,,,,1960,28
0.000000,0.000000,29.000000,1.000000,0.000000,0.000000,1.000000,0.000000,0.000000,0.000000,8.064456,1.000000,1.000000,1.000000,1.000000,0.000000,0.000000,0.436341,-0.193202,0.642834,25.247975,0.614329,0.409553,0.966667,-0.371170,7.675831,0.000000,True,True,True,1.000000,1.000000,1.000000,1961,28
0.000000,0.000000,29.000000,1.000000,0.000000,0.000000,1.000000,0.000000,1.000000,0.000000,7.482089,1.000000,1.000000,1.000000,1.000000,0.000000,0.000000,0.374356,-0.506386,0.661803,25.597474,0.596288,0.397525,0.966667,-0.349499,7.675831,0.000000,True,True,True,1.000000,1.000000,1.000000,1962,28
0.000000,0.000000,29.000000,1.000000,0.000000,0.000000,1.000000,0.000000,0.000000,0.000000,8.416707,1.000000,1.000000,1.000000,1.000000,0.000000,0.000000,0.508798,-0.214034,0.556790,25.928173,0.593956,0.395970,0.966667,-0.330699,7.675831,0.000000,True,True,True,,,,1963,28
0.000000,0.000000,29.000000,1.000000,0.000000,0.000000,1.000000,0.000000,1.000000,0.000000,7.868916,1.000000,1.000000,1.000000,1.000000,0.000000,0.000000,0.561541,-0.409541,0.455315,26.178874,0.573156,0.382104,0.966667,-0.250701,7.675831,0.000000,True,True,True,1.000000,1.000000,1.000000,1964,28
0.000000,0.000000,29.000000,1.000000,0.000000,0.000000,1.000000,0.000000,0.000000,0.000000,8.828665,1.000000,1.000000,1.000000,1.000000,0.000000,0.000000,0.563167,-0.247779,0.481358,26.443404,0.571938,0.381292,0.966667,-0.264530,7.675831,0.000000,True,True,True,,,,1965,28
0.000000,0.000000,29.000000,1.000000,0.000000,0.000000,1.000000,0.000000,0.000000,0.000000,8.285917,1.000000,1.000000,1.000000,1.000000,0.000000,0.000000,0.410860,-0.502966,0.654742,26.766356,0.549096,0.366064,0.966667,-0.322952,7.675831,0.000000,True,True,True,1.000000,1.000000,1.000000,1966,28
0.000000,0.000000,29.000000,1.000000,0.000000,0.000000,1.000000,0.000000,1.000000,0.000000,7.781250,1.000000,1.000000,1.000000,1.000000,0.000000,0.000000,0.614551,-0.285662,0.454892,27.106869,0.533219,0.355479,0.966667,-0.340513,7.675831,0.000000,True,True,True,1.000000,1.000000,1.000000,1967,28
0.000000,0.000000,29.000000,1.000000,0.000000,0.000000,1.000000,0.000000,0.000000,0.000000,8.579087,1.000000,1.000000,1.000000,1.000000,0.000000,0.000000,0.556593,-0.260388,0.487017,27.331587,0.535445,0.356964,0.966667,-0.224718,7.675831,0.000000,True,True,True,,,,1968,28
0.000000,0.000000,29.000000,1.000000,0.000000,0.000000,1.000000,0.000000,0.000000,0.000000,8.326488,1.000000,1.000000,1.000000,1.000000,0.000000,0.000000,0.655437,-0.362497,0.424573,27.590779,0.514018,0.342678,0.966667,-0.259192,7.675831,0.000000,True,True,True,1.000000,1.000000,1.000000,1969,28
0.000000,0.000000,29.000000,1.000000,0.000000,0.000000,1.000000,0.000000,1.000000,0.000000,7.851550,1.000000,1.000000,1.000000,1.000000,0.000000,0.000000,0.481032,-0.347378,0.576666,27.790315,0.499305,0.332870,0.966667,-0.199536,7.675831,0.000000,True,True,True,1.000000,1.000000,1.000000,1970,28
0.000000,0.000000,29.000000,1.000000,0.000000,0.000000,1.000000,0.000000,0.000000,0.000000,8.148929,1.000000,1.000000,1.000000,1.000000,0.000000,0.000000,0.592472,-0.424426,0.511719,28.011795,0.503411,0.335607,0.966667,-0.221480,7.675831,0.000000,True,True,True,,,,1971,28
0.000000,0.000000,29.000000,1.000000,0.000000,0.000000,1.000000,0.000000,0.000000,0.000000,8.094080,1.000000,1.000000,1.000000,1.000000,0.000000,0.000000,0.476042,-0.317565,0.623651,28.254594,0.482374,0.321583,0.966667,-0.242799,7.675831,0.000000,True,True,True,1.000000,1.000000,1.000000,1972,28
0.000000,0.000000,29.000000,1.000000,0.000000,0.000000,1.000000,0.000000,2.000000,0.000000,7.904559,1.000000,1.000000,1.000000,1.000000,0.000000,0.000000,0.560301,-0.379298,0.548988,28.448041,0.468420,0.312280,0.966667,-0.193447,7.675831,0.000000,True,True,True,1.000000,1.000000,1.000000,1973,28
0.000000,0.000000,29.000000,1.000000,0.000000,0.000000,1.000000,0.000000,0.000000,0.000000,8.350576,1.000000,1.000000,1.000000,1.000000,0.000000,0.000000,0.466762,-0.396237,0.616741,28.574667,0.493164,0.328776,0.966667,-0.126627,7.675831,0.000000,True,True,True,,,,1974,28
0.000000,0.000000,29.000000,1.000000,0.000000,0.000000,1.000000,0.000000,1.000000,0.000000,7.937817,1.000000,1.000000,1.000000,1.000000,0.000000,0.000000,0.666724,-0.335385,0.393665,28.687723,0.466912,0.311275,0.966667,-0.113056,7.675831,0.000000,True,True,True,1.000000,1.000000,1.000000,1975,28
0.000000,0.000000,29.000000,1.000000,0.000000,0.000000,1.000000,0.000000,0.000000,0.000000,8.552325,1.000000,1.000000,1.000000,1.000000,0.000000,0.000000,0.451261,-0.231815,0.589410,28.716609,0.470668,0.313779,0.966667,-0.028886,7.675831,0.000000,True,True,True,,,,1976,28
0.000000,0.000000,29.000000,1.000000,0.000000,0.000000,1.000000,0.000000,0.000000,0.000000,8.088533,1.000000,1.000000,1.000000,1.000000,0.000000,0.000000,0.555616,-0.103176,0.514412,28.666067,0.452238,0.301492,0.966667,0.050542,7.675831,0.000000,True,True,True,1.000000,1.000000,1.000000,1977,28
0.000000,0.000000,29.000000,1.000000,0.000000,0.000000,1.000000,0.000000,0.000000,0.000000,8.250767,1.000000,1.000000,1.000000,1.000000,0.000000,0.000000,0.321706,0.187275,0.762571,28.398341,0.438841,0.292561,0.966667,0.267726,7.675831,0.000000,True,True,True,1.000000,1.000000,1.000000,1978,28
0.000000,0.000000,29.000000,1.000000,0.000000,0.000000,1.000000,0.000000,0.000000,0.000000,8.485532,1.000000,1.000000,1.000000,1.000000,0.000000,0.000000,0.364648,0.255315,0.733217,28.081560,0.426298,0.284199,0.966667,0.316781,7.675831,0.000000,True,True,True,1.000000,1.000000,1.000000,1979,28
0.000000,0.000000,29.000000,1.000000,0.000000,0.000000,1.000000,0.000000,0.000000,0.000000,8.708987,1.000000,1.000000,1.000000,1.000000,0.000000,0.000000,0.385376,0.313067,0.709119,27.735448,0.414256,0.276171,0.966667,0.346112,7.675831,0.000000,True,True,True,1.000000,1.000000,1.000000,1980,28
0.000000,0.000000,29.000000,1.000000,0.000000,0.000000,1.000000,0.000000,0.000000,0.000000,8.666725,1.000000,1.000000,1.000000,1.000000,0.000000,0.000000,0.393570,0.329121,0.692157,27.387268,0.404189,0.269459,0.966667,0.348180,7.675831,0.000000,True,True,True,1.000000,1.000000,1.000000,1981,28
0.000000,0.000000,29.000000,1.000000,0.000000,0.000000,1.000000,0.000000,0.000000,0.000000,8.634269,1.000000,1.000000,1.000000,1.000000,0.000000,0.000000,0.381039,0.351419,0.700500,27.030880,0.397105,0.264737,0.966667,0.356387,7.675831,0.000000,True,True,True,1.000000,1.000000,1.000000,1982,28
0.000000,0.000000,29.000000,1.000000,0.000000,0.000000,1.000000,0.000000,0.000000,0.000000,8.626513,1.000000,1.000000,1.000000,1.000000,0.000000,0.000000,0.313152,0.410764,0.754332,26.676399,0.392814,0.261876,0.966667,0.354481,7.675831,0.000000,True,True,True,1.000000,1.000000,1.000000,1983,28
0.000000,0.000000,29.000000,1.000000,0.000000,0.000000,1.000000,0.000000,0.000000,0.000000,8.631713,1.000000,1.000000,1.000000,1.000000,0.000000,0.000000,0.320257,0.460973,0.741588,26.307477,0.390281,0.260187,0.966667,0.368923,7.675831,0.000000,True,True,True,1.000000,1.000000,1.000000,1984,28
0.000000,0.000000,29.000000,1.000000,0.000000,0.000000,1.000000,0.000000,0.000000,0.000000,8.482837,1.000000,1.000000,1.000000,1.000000,0.000000,0.000000,0.243567,0.509884,0.798335,25.940502,0.388787,0.259191,0.966667,0.366975,7.675831,0.000000,True,True,True,1.000000,1.000000,1.000000,1985,28
0.000000,0.000000,29.000000,1.000000,0.000000,0.000000,1.000000,0.000000,0.000000,0.000000,8.383707,1.000000,1.000000,1.000000,1.000000,0.000000,0.000000,0.250599,0.565651,0.789932,25.564911,0.387911,0.258607,0.966667,0.375591,7.675831,0.000000,True,True,True,1.000000,1.000000,1.000000,1986,28
0.000000,0.000000,29.000000,1.000000,0.000000,0.000000,1.000000,0.000000,0.000000,0.000000,8.269773,1.000000,1.000000,1.000000,1.000000,0.000000,0.000000,0.222060,0.572585,0.817838,25.194579,0.387396,0.258264,0.966667,0.370332,7.675831,0.000000,True,True,True,1.000000,1.000000,1.000000,1987,28
0.000000,0.000000,29.000000,1.000000,0.000000,0.000000,1.000000,0.000000,0.000000,0.000000,8.213674,1.000000,1.000000,1.000000,1.000000,0.000000,0.000000,0.239418,0.576868,0.802433,24.822014,0.387100,0.258066,0.966667,0.372565,7.675831,0.000000,True,True,True,1.000000,1.000000,1.000000,1988,28
0.000000,0.000000,29.000000,1.000000,0.000000,0.000000,1.000000,0.000000,0.000000,0.000000,8.143841,1.000000,1.000000,1.000000,1.000000,0.000000,0.000000,0.218131,0.567678,0.825012,24.453366,0.386923,0.257949,0.966667,0.368648,7.675831,0.000000,True,True,True,1.000000,1.000000,1.000000,1989,28
0.000000,0.000000,29.000000,1.000000,0.000000,0.000000,1.000000,0.000000,0.000000,0.000000,8.067250,1.000000,1.000000,1.000000,1.000000,0.000000,0.000000,0.241027,0.580040,0.804466,24.081360,0.386818,0.257879,0.966667,0.372006,7.675831,0.000000,True,True,True,1.000000,1.000000,1.000000,1990,28
0.000000,0.000000,29.000000,1.000000,0.000000,0.000000,1.000000,0.000000,1.000000,0.000000,7.683401,1.000000,1.000000,1.000000,1.000000,0.000000,0.000000,0.174822,0.637830,0.860432,23.707598,0.386756,0.257838,0.966667,0.373762,7.675831,0.000000,True,True,True,1.000000,1.000000,1.000000,1991,28
0.000000,0.000000,29.000000,1.000000,0.000000,0.000000,1.000000,0.000000,0.000000,0.000000,8.131287,1.000000,1.000000,1.000000,1.000000,0.000000,0.000000,0.244454,0.530162,0.785428,23.379762,0.406720,0.271147,0.966667,0.327837,7.675831,0.000000,True,True,True,,,,1992,28
0.000000,0.000000,29.000000,1.000000,0.000000,0.000000,1.000000,0.000000,1.000000,0.000000,7.842613,1.000000,1.000000,1.000000,1.000000,0.000000,0.000000,0.191398,0.603675,0.850327,23.000901,0.397761,0.265174,0.966667,0.378861,7.675831,0.000000,True,True,True,1.000000,1.000000,1.000000,1993,28
0.000000,0.000000,29.000000,1.000000,0.000000,0.000000,1.000000,0.000000,2.000000,0.000000,7.830178,1.000000,1.000000,1.000000,1.000000,0.000000,0.000000,0.250568,0.504378,0.784260,22.671488,0.411099,0.274066,0.966667,0.329413,7.675831,0.000000,True,True,True,,,,1994,28
0.000000,0.000000,29.000000,1.000000,0.000000,0.000000,1.000000,0.000000,1.000000,0.000000,7.943716,1.000000,1.000000,1.000000,1.000000,0.000000,0.000000,0.356995,0.416512,0.657753,22.397289,0.459555,0.306370,0.966667,0.274199,7.675831,0.000000,True,True,True,,,,1995,28
0.000000,0.000000,29.000000,1.000000,0.000000,0.000000,1.000000,0.000000,1.000000,0.000000,7.823508,1.000000,1.000000,1.000000,1.000000,0.000000,0.000000,0.258423,0.479338,0.758393,22.003128,0.487712,0.325141,0.966667,0.394161,7.675831,0.000000,True,True,True,1.000000,1.000000,1.000000,1996,28
0.000000,0.000000,29.000000,1.000000,0.000000,0.000000,1.000000,0.000000,0.000000,0.000000,8.301289,1.000000,1.000000,1.000000,1.000000,0.000000,0.000000,0.203141,0.506155,0.799526,21.605857,0.499006,0.332671,0.966667,0.397271,7.675831,0.000000,True,True,True,,,,1997,28
0.000000,0.000000,29.000000,1.000000,0.000000,0.000000,1.000000,0.000000,1.000000,0.000000,7.893295,1.000000,1.000000,1.000000,1.000000,0.000000,0.000000,0.143329,0.602307,0.872806,21.151052,0.484664,0.323109,0.966667,0.454804,7.675831,0.000000,True,True,True,1.000000,1.000000,1.000000,1998,28
0.000000,0.000000,29.000000,1.000000,0.000000,0.000000,1.000000,0.000000,2.000000,0.000000,7.480204,1.000000,1.000000,1.000000,1.000000,0.000000,0.000000,0.185656,0.537551,0.823721,20.737557,0.484981,0.323321,0.966667,0.413495,7.675831,0.000000,True,True,True,,,,1999,28
0.000000,0.000000,29.000000,1.000000,0.000000,0.000000,1.000000,0.000000,2.000000,0.000000,6.916991,1.000000,1.000000,1.000000,1.000000,0.000000,0.000000,0.249152,0.559547,0.748405,20.335796,0.522573,0.348382,0.966667,0.401761,7.675831,0.000000,True,True,True,,,,2000,28
0.000000,0.000000,29.000000,1.000000,0.000000,0.000000,1.000000,0.000000,1.000000,0.000000,7.850266,1.000000,1.000000,1.000000,1.000000,0.000000,0.000000,0.216753,0.455793,0.769733,19.894245,0.559799,0.373199,0.966667,0.441551,7.675831,0.000000,True,True,True,,,,2001,28
0.000000,0.000000,29.000000,1.000000,0.000000,0.000000,1.000000,0.000000,1.000000,0.000000,7.485887,1.000000,1.000000,1.000000,1.000000,0.000000,0.000000,0.187835,0.564233,0.809595,19.400876,0.567960,0.378640,0.966667,0.493369,7.675831,0.000000,True,True,True,,,,2002,28
0.000000,0.000000,29.000000,1.000000,0.000000,0.000000,1.000000,0.000000,1.000000,0.000000,7.554524,1.000000,1.000000,1.000000,1.000000,0.000000,0.000000,0.121538,0.546975,0.853417,18.911361,0.578929,0.385953,0.966667,0.489515,7.675831,0.000000,True,True,True,1.000000,1.000000,1.000000,2003,28
0.000000,0.000000,29.000000,1.000000,0.000000,0.000000,1.000000,0.000000,1.000000,0.000000,7.893745,1.000000,1.000000,1.000000,1.000000,0.000000,0.000000,0.132442,0.554071,0.842144,18.426369,0.580431,0.386954,0.966667,0.484992,7.675831,0.000000,True,True,True,,,,2004,28
0.000000,0.000000,29.000000,1.000000,0.000000,0.000000,1.000000,0.000000,3.000000,0.000000,7.900956,1.000000,1.000000,1.000000,1.000000,0.000000,0.000000,0.133918,0.516621,0.831890,17.936998,0.591525,0.394350,0.966667,0.489371,7.675831,0.000000,True,True,True,1.000000,1.000000,1.000000,2005,28
0.000000,0.000000,29.000000,1.000000,0.000000,0.000000,1.000000,0.000000,2.000000,0.000000,7.960078,1.000000,1.000000,1.000000,1.000000,0.000000,0.000000,0.216614,0.440994,0.727130,17.489013,0.635441,0.423627,0.966667,0.447985,7.675831,0.000000,True,True,True,,,,2006,28
0.000000,0.000000,29.000000,1.000000,0.000000,0.000000,1.000000,0.000000,0.000000,0.000000,8.215009,1.000000,1.000000,1.000000,1.000000,0.000000,0.000000,0.161784,0.479381,0.798480,16.953956,0.664385,0.442923,0.966667,0.535057,7.675831,0.000000,True,True,True,,,,2007,28
0.000000,0.000000,29.000000,1.000000,0.000000,0.000000,1.000000,0.000000,0.000000,0.000000,8.052211,1.000000,1.000000,1.000000,1.000000,0.000000,0.000000,0.088610,0.556624,0.903770,16.346956,0.648514,0.432343,0.966667,0.607000,7.675831,0.000000,True,True,True,1.000000,1.000000,1.000000,2008,28
0.000000,0.000000,29.000000,1.000000,0.000000,0.000000,1.000000,0.000000,3.000000,0.000000,7.610724,1.000000,1.000000,1.000000,1.000000,0.000000,0.000000,0.081147,0.539519,0.917763,15.753889,0.622532,0.415021,0.966667,0.593067,7.675831,0.000000,True,True,True,1.000000,1.000000,1.000000,2009,28
0.000000,0.000000,29.000000,1.000000,0.000000,0.000000,1.000000,0.000000,1.000000,0.000000,7.677862,1.000000,1.000000,1.000000,1.000000,0.000000,0.000000,0.216391,0.400323,0.738313,15.269492,0.649305,0.432870,0.966667,0.484397,7.675831,0.000000,True,True,True,,,,2010,28
0.000000,0.000000,29.000000,1.000000,0.000000,0.000000,1.000000,0.000000,0.000000,0.000000,8.202798,1.000000,1.000000,1.000000,1.000000,0.000000,0.000000,0.134760,0.384391,0.836583,14.730587,0.663057,0.442038,0.966667,0.538905,7.675831,0.000000,True,True,True,1.000000,1.000000,1.000000,2011,28
0.000000,0.000000,29.000000,1.000000,0.000000,0.000000,1.000000,0.000000,1.000000,0.000000,7.665659,1.000000,1.000000,1.000000,1.000000,0.000000,0.000000,0.095434,0.522351,0.899394,14.118841,0.645228,0.430152,0.966667,0.611746,7.675831,0.000000,True,True,True,1.000000,1.000000,1.000000,2012,28
0.000000,0.000000,29.000000,1.000000,0.000000,0.000000,1.000000,0.000000,0.000000,0.000000,8.195693,1.000000,1.000000,1.000000,1.000000,0.000000,0.000000,0.132837,0.436306,0.845698,13.573846,0.631838,0.421225,0.966667,0.544994,7.675831,0.000000,True,True,True,,,,2013,28
0.000000,0.000000,29.000000,1.000000,0.000000,0.000000,1.000000,0.000000,1.000000,0.000000,7.952387,1.000000,1.000000,1.000000,1.000000,0.000000,0.000000,0.092161,0.483935,0.903622,13.005299,0.610281,0.406854,0.966667,0.568547,7.675831,0.000000,True,True,True,1.000000,1.000000,1.000000,2014,28
0.000000,0.000000,29.000000,1.000000,0.000000,0.000000,1.000000,0.000000,2.000000,0.000000,7.521202,1.000000,1.000000,1.000000,1.000000,0.000000,0.000000,0.100018,0.410622,0.885938,12.477093,0.598848,0.399232,0.966667,0.528205,7.675831,0.000000,True,True,True,,,,2015,28
0.000000,0.000000,29.000000,1.000000,0.000000,0.000000,1.000000,0.000000,2.000000,0.000000,7.427626,1.000000,1.000000,1.000000,1.000000,0.000000,0.000000,0.176277,0.329277,0.803799,11.986353,0.632513,0.421675,0.966667,0.490740,7.675831,0.000000,True,True,True,1.000000,1.000000,1.000000,2016,28
0.000000,0.000000,29.000000,1.000000,0.000000,0.000000,1.000000,0.000000,1.000000,0.000000,7.667676,1.000000,1.000000,1.000000,1.000000,0.000000,0.000000,0.185901,0.327725,0.789246,11.493845,0.657139,0.438092,0.966667,0.492508,7.675831,0.000000,True,True,True,,,,2017,28
0.000000,0.000000,29.000000,1.000000,0.000000,0.000000,1.000000,0.000000,0.000000,0.000000,8.140301,1.000000,1.000000,1.000000,1.000000,0.000000,0.000000,0.134248,0.302846,0.854829,10.967275,0.654876,0.436584,0.966667,0.526570,7.675831,0.000000,True,True,True,1.000000,1.000000,1.000000,2018,28
0.000000,0.000000,29.000000,1.000000,0.000000,0.000000,1.000000,0.000000,0.000000,0.000000,8.075906,1.000000,1.000000,1.000000,1.000000,0.000000,0.000000,0.083446,0.397448,0.916822,10.406881,0.631619,0.421079,0.966667,0.560394,7.675831,0.000000,True,True,True,1.000000,1.000000,1.000000,2019,28
0.000000,0.000000,29.000000,1.000000,0.000000,0.000000,1.000000,0.000000,1.000000,0.000000,7.667554,1.000000,1.000000,1.000000,1.000000,0.000000,0.000000,0.056964,0.366338,0.939065,9.853767,0.605357,0.403571,0.966667,0.553115,7.675831,0.000000,True,True,True,1.000000,1.000000,1.000000,2020,28
0.000000,0.000000,29.000000,1.000000,0.000000,0.000000,1.000000,0.000000,1.000000,0.000000,7.426620,1.000000,1.000000,1.000000,1.000000,0.000000,0.000000,0.101509,0.327866,0.883025,9.353198,0.593441,0.395627,0.966667,0.500568,7.675831,0.000000,True,True,True,,,,2021,28
0.000000,0.000000,29.000000,1.000000,0.000000,0.000000,1.000000,0.000000,1.000000,0.000000,7.342851,1.000000,1.000000,1.000000,1.000000,0.000000,0.000000,0.131848,0.247505,0.860726,8.902893,0.600504,0.400336,0.966667,0.450306,7.675831,0.000000,True,True,True,1.000000,1.000000,1.000000,2022,28
0.000000,0.000000,29.000000,1.000000,0.000000,0.000000,1.000000,0.000000,0.000000,0.000000,8.136732,1.000000,1.000000,1.000000,1.000000,0.000000,0.000000,0.137803,0.346076,0.866286,8.424841,0.603676,0.402451,0.966667,0.478051,7.675831,0.000000,True,True,True,1.000000,1.000000,1.000000,2023,28
0.000000,0.000000,29.000000,1.000000,0.000000,0.000000,1.000000,0.000000,0.000000,0.000000,8.062284,1.000000,1.000000,1.000000,1.000000,0.000000,0.000000,0.065386,0.348317,0.929476,7.903416,0.577381,0.384921,0.966667,0.521425,7.675831,0.000000,True,True,True,1.000000,1.000000,1.000000,2024,28
0.000000,0.000000,29.000000,1.000000,0.000000,0.000000,1.000000,0.000000,2.000000,0.000000,7.805581,1.000000,1.000000,1.000000,1.000000,0.000000,0.000000,0.140902,0.403469,0.866598,7.432224,0.553316,0.368877,0.966667,0.471192,7.675831,0.000000,True,True,True,1.000000,1.000000,1.000000,2025,28
0.000000,0.000000,29.000000,1.000000,0.000000,0.000000,1.000000,0.000000,2.000000,0.000000,7.438573,1.000000,1.000000,1.000000,1.000000,0.000000,0.000000,0.213241,0.254952,0.756175,7.086924,0.559749,0.373166,0.966667,0.345300,7.675831,0.000000,True,True,True,,,,2026,28
0.000000,0.000000,29.000000,1.000000,0.000000,0.000000,1.000000,0.000000,2.000000,0.000000,7.668078,1.000000,1.000000,1.000000,1.000000,0.000000,0.000000,0.201729,0.256700,0.789172,6.703597,0.602519,0.401679,0.966667,0.383328,7.675831,0.000000,True,True,True,1.000000,1.000000,1.000000,2027,28
0.000000,0.000000,29.000000,1.000000,0.000000,0.000000,1.000000,0.000000,2.000000,0.000000,7.435387,1.000000,1.000000,1.000000,1.000000,0.000000,0.000000,0.279636,0.277830,0.677876,6.344857,0.617218,0.411479,0.966667,0.358740,7.675831,0.000000,True,True,True,,,,2028,28
0.000000,0.000000,29.000000,1.000000,0.000000,0.000000,1.000000,0.000000,2.000000,0.000000,7.503291,1.000000,1.000000,1.000000,1.000000,0.000000,0.000000,0.247143,0.293979,0.737585,5.961298,0.634706,0.423137,0.966667,0.383558,7.675831,0.000000,True,True,True,,,,2029,28
0.000000,0.000000,29.000000,1.000000,0.000000,0.000000,1.000000,0.000000,1.000000,0.000000,7.898775,1.000000,1.000000,1.000000,1.000000,0.000000,0.000000,0.178583,0.211666,0.788235,5.540600,0.637434,0.424956,0.966667,0.420698,7.675831,0.000000,True,True,True,,,,2030,28
0.000000,0.000000,29.000000,1.000000,0.000000,0.000000,1.000000,0.000000,3.000000,0.000000,7.266797,1.000000,1.000000,1.000000,1.000000,0.000000,0.000000,0.205020,0.210284,0.765901,5.141920,0.639668,0.426445,0.966667,0.398680,7.675831,0.000000,True,True,True,1.000000,1.000000,1.000000,2031,28
0.000000,0.000000,29.000000,1.000000,0.000000,0.000000,1.000000,0.000000,1.000000,0.000000,7.594253,1.000000,1.000000,1.000000,1.000000,0.000000,0.000000,0.166048,0.164327,0.794243,4.731062,0.650015,0.433343,0.966667,0.410859,7.675831,0.000000,True,True,True,,,,2032,28
0.000000,0.000000,29.000000,1.000000,0.000000,0.000000,1.000000,0.000000,3.000000,0.000000,7.057731,1.000000,1.000000,1.000000,1.000000,0.000000,0.000000,0.124054,0.273401,0.858114,4.314082,0.653948,0.435965,0.966667,0.416980,7.675831,0.000000,True,True,True,1.000000,1.000000,1.000000,2033,28
0.000000,0.000000,29.000000,1.000000,0.000000,0.000000,1.000000,0.000000,2.000000,0.000000,7.036330,1.000000,1.000000,1.000000,1.000000,0.000000,0.000000,0.159778,0.131577,0.807846,3.942676,0.664491,0.442994,0.966667,0.371406,7.675831,0.000000,True,True,True,,,,2034,28
0.000000,0.000000,29.000000,1.000000,0.000000,0.000000,1.000000,0.000000,3.000000,0.000000,7.164549,1.000000,1.000000,1.000000,1.000000,0.000000,0.000000,0.157430,0.165249,0.829309,3.633337,0.677477,0.451651,0.966667,0.309339,7.675831,0.000000,True,True,True,1.000000,1.000000,1.000000,2035,28
0.000000,0.000000,29.000000,1.000000,0.000000,0.000000,1.000000,0.000000,3.000000,0.000000,7.470208,1.000000,1.000000,1.000000,1.000000,0.000000,0.000000,0.157026,0.037295,0.808955,3.392118,0.686479,0.457652,0.966667,0.241219,7.675831,0.000000,True,True,True,,,,2036,28
0.000000,0.000000,29.000000,1.000000,0.000000,0.000000,1.000000,0.000000,3.000000,0.000000,7.317290,1.000000,1.000000,1.000000,1.000000,0.000000,0.000000,0.226209,0.040618,0.746220,3.232018,0.705963,0.470642,0.966667,0.160100,7.675831,0.000000,True,True,True,,,,2037,28
0.000000,0.000000,29.000000,1.000000,0.000000,0.000000,1.000000,0.000000,1.000000,0.000000,7.604204,1.000000,1.000000,1.000000,1.000000,0.000000,0.000000,0.197198,-0.022661,0.780801,3.181055,0.719211,0.479474,0.966667,0.050963,7.675831,0.000000,True,True,True,,,,2038,28
0.000000,0.000000,29.000000,1.000000,0.000000,0.000000,1.000000,0.000000,1.000000,0.000000,7.389032,1.000000,1.000000,1.000000,1.000000,0.000000,0.000000,0.180405,0.055792,0.797619,3.182946,0.709930,0.473287,0.966667,-0.001891,7.675831,0.000000,True,True,True,1.000000,1.000000,1.000000,2039,28
0.000000,0.000000,29.000000,1.000000,0.000000,0.000000,1.000000,0.000000,2.000000,0.000000,7.445805,1.000000,1.000000,1.000000,1.000000,0.000000,0.000000,0.182371,0.025789,0.795570,3.296223,0.699303,0.466202,0.966667,-0.113277,7.675831,0.000000,True,True,True,1.000000,1.000000,1.000000,2040,28
0.000000,0.000000,29.000000,1.000000,0.000000,0.000000,1.000000,0.000000,2.000000,0.000000,7.429857,1.000000,1.000000,1.000000,1.000000,0.000000,0.000000,0.213924,-0.039104,0.762889,3.550098,0.701389,0.467592,0.966667,-0.253875,7.675831,0.000000,True,True,True,,,,2041,28
0.000000,0.000000,29.000000,1.000000,0.000000,0.000000,1.000000,0.000000,1.000000,0.000000,7.069709,1.000000,1.000000,1.000000,1.000000,0.000000,0.000000,0.235333,-0.079365,0.741354,3.865632,0.711693,0.474462,0.966667,-0.315534,7.675831,0.000000,True,True,True,1.000000,1.000000,1.000000,2042,28
0.000000,0.000000,29.000000,1.000000,0.000000,0.000000,1.000000,0.000000,3.000000,0.000000,7.817677,1.000000,1.000000,1.000000,1.000000,0.000000,0.000000,0.145046,-0.017377,0.840315,4.243049,0.699935,0.466624,0.966667,-0.377416,7.675831,0.000000,True,True,True,1.000000,1.000000,1.000000,2043,28
0.000000,0.000000,29.000000,1.000000,0.000000,0.000000,1.000000,0.000000,0.000000,0.000000,8.239735,1.000000,1.000000,1.000000,1.000000,0.000000,0.000000,0.225623,-0.075178,0.768901,4.627139,0.709667,0.473112,0.966667,-0.384090,7.675831,0.000000,True,True,True,,,,2044,28
0.000000,0.000000,29.000000,1.000000,0.000000,0.000000,1.000000,0.000000,1.000000,0.000000,7.730390,1.000000,1.000000,1.000000,1.000000,0.000000,0.000000,0.055611,-0.011851,0.935558,5.130043,0.677134,0.451423,0.966667,-0.502904,7.675831,0.000000,True,True,True,1.000000,1.000000,1.000000,2045,28
0.000000,0.000000,29.000000,1.000000,0.000000,0.000000,1.000000,0.000000,2.000000,0.000000,7.524701,1.000000,1.000000,1.000000,1.000000,0.000000,0.000000,0.141650,-0.024839,0.839678,5.557824,0.658609,0.439072,0.966667,-0.427781,7.675831,0.000000,True,True,True,,,,2046,28
0.000000,0.000000,29.000000,1.000000,0.000000,0.000000,1.000000,0.000000,2.000000,0.000000,7.842978,1.000000,1.000000,1.000000,1.000000,0.000000,0.000000,0.166966,-0.025452,0.802810,6.002853,0.664988,0.443326,0.966667,-0.445029,7.675831,0.000000,True,True,True,1.000000,1.000000,1.000000,2047,28
0.000000,0.000000,29.000000,1.000000,0.000000,0.000000,1.000000,0.000000,4.000000,0.000000,7.452241,1.000000,1.000000,1.000000,1.000000,0.000000,0.000000,0.276863,0.032251,0.685995,6.342588,0.661377,0.440918,0.966667,-0.339735,7.675831,0.000000,True,True,True,,,,2048,28
0.000000,0.000000,29.000000,1.000000,0.000000,0.000000,1.000000,0.000000,4.000000,0.000000,7.776407,1.000000,1.000000,1.000000,1.000000,0.000000,0.000000,0.241373,-0.103054,0.722105,6.801487,0.705444,0.470296,0.966667,-0.458899,7.675831,0.000000,True,True,True,,,,2049,28
0.000000,0.000000,29.000000,1.000000,0.000000,0.000000,1.000000,0.000000,3.000000,0.000000,7.439712,1.000000,1.000000,1.000000,1.000000,0.000000,0.000000,0.397579,-0.094162,0.552475,7.158746,0.738177,0.492118,0.966667,-0.357259,7.675831,0.000000,True,True,True,,,,2050,28
0.000000,0.000000,29.000000,1.000000,0.000000,0.000000,1.000000,0.000000,2.000000,0.000000,6.723376,1.000000,1.000000,1.000000,1.000000,0.000000,0.000000,0.240247,-0.009303,0.733955,7.680633,0.742368,0.494912,0.966667,-0.521886,7.675831,0.000000,True,True,True,,,,2051,28
0.000000,0.000000,29.000000,1.000000,0.000000,0.000000,1.000000,0.000000,2.000000,0.000000,7.304343,1.000000,1.000000,1.000000,1.000000,0.000000,0.000000,0.235411,-0.000991,0.725677,8.184744,0.730251,0.486834,0.966667,-0.504111,7.675831,0.000000,True,True,True,,,,2052,28
0.000000,0.000000,29.000000,1.000000,0.000000,0.000000,1.000000,0.000000,4.000000,0.000000,7.336213,1.000000,1.000000,1.000000,1.000000,0.000000,0.000000,0.193477,-0.098891,0.773365,8.734439,0.719301,0.479534,0.966667,-0.549695,7.675831,0.000000,True,True,True,,,,2053,28
0.000000,0.000000,29.000000,1.000000,0.000000,0.000000,1.000000,0.000000,4.000000,0.000000,7.150884,1.000000,1.000000,1.000000,1.000000,0.000000,0.000000,0.260450,-0.146491,0.736708,9.241168,0.738978,0.492652,0.966667,-0.506730,7.675831,0.000000,True,True,True,,,,2054,28
0.000000,0.000000,29.000000,1.000000,0.000000,0.000000,1.000000,0.000000,3.000000,0.000000,7.140428,1.000000,1.000000,1.000000,1.000000,0.000000,0.000000,0.251886,-0.260300,0.736065,9.782525,0.745144,0.496763,0.966667,-0.541357,7.675831,0.000000,True,True,True,,,,2055,28
0.000000,0.000000,29.000000,1.000000,0.000000,0.000000,1.000000,0.000000,3.000000,0.000000,7.071480,1.000000,1.000000,1.000000,1.000000,0.000000,0.000000,0.197205,-0.279116,0.799999,10.375916,0.748581,0.499054,0.966667,-0.593391,7.675831,0.000000,True,True,True,,,,2056,28
0.000000,0.000000,29.000000,1.000000,0.000000,0.000000,1.000000,0.000000,1.000000,0.000000,6.942731,1.000000,1.000000,1.000000,1.000000,0.000000,0.000000,0.136838,-0.341650,0.875313,11.023186,0.744042,0.496028,0.966667,-0.647270,7.675831,0.000000,True,True,True,,,,2057,28
0.000000,0.000000,29.000000,1.000000,0.000000,0.000000,1.000000,0.000000,2.000000,0.000000,7.404083,1.000000,1.000000,1.000000,1.000000,0.000000,0.000000,0.129304,-0.308955,0.873071,11.657471,0.724382,0.482921,0.966667,-0.634284,7.675831,0.000000,True,True,True,,,,2058,28
0.000000,0.000000,29.000000,1.000000,0.000000,0.000000,1.000000,0.000000,1.000000,0.000000,7.518252,1.000000,1.000000,1.000000,1.000000,0.000000,0.000000,0.248930,-0.335523,0.793657,12.234484,0.715938,0.477292,0.966667,-0.577014,7.675831,0.000000,True,True,True,,,,2059,28
0.000000,0.000000,29.000000,1.000000,0.000000,0.000000,1.000000,0.000000,0.000000,0.000000,8.179059,1.000000,1.000000,1.000000,1.000000,0.000000,0.000000,0.230202,-0.316858,0.816839,12.812861,0.706645,0.471097,0.966667,-0.578377,7.675831,0.000000,True,True,True,1.000000,1.000000,1.000000,2060,28
0.000000,0.000000,29.000000,1.000000,0.000000,0.000000,1.000000,0.000000,0.000000,0.000000,8.153028,1.000000,1.000000,1.000000,1.000000,0.000000,0.000000,0.131633,-0.188016,0.897314,13.457428,0.677558,0.451705,0.966667,-0.644567,7.675831,0.000000,True,True,True,1.000000,1.000000,1.000000,2061,28
0.000000,0.000000,29.000000,1.000000,0.000000,0.000000,1.000000,0.000000,2.000000,0.000000,7.715699,1.000000,1.000000,1.000000,1.000000,0.000000,0.000000,0.131018,-0.250773,0.895062,14.083657,0.652241,0.434827,0.966667,-0.626229,7.675831,0.000000,True,True,True,1.000000,1.000000,1.000000,2062,28
0.000000,0.000000,29.000000,1.000000,0.000000,0.000000,1.000000,0.000000,2.000000,0.000000,6.814616,1.000000,1.000000,1.000000,1.000000,0.000000,0.000000,0.331505,-0.165401,0.716060,14.588812,0.652172,0.434781,0.966667,-0.505154,7.675831,0.000000,True,True,True,,,,2063,28
0.000000,0.000000,29.000000,1.000000,0.000000,0.000000,1.000000,0.000000,2.000000,0.000000,7.592397,1.000000,1.000000,1.000000,1.000000,0.000000,0.000000,0.359691,-0.352206,0.708619,15.099091,0.672369,0.448246,0.966667,-0.510279,7.675831,0.000000,True,True,True,1.000000,1.000000,1.000000,2064,28
0.000000,0.000000,29.000000,1.000000,0.000000,0.000000,1.000000,0.000000,2.000000,0.000000,7.252165,1.000000,1.000000,1.000000,1.000000,0.000000,0.000000,0.330449,-0.304973,0.723460,15.598626,0.670460,0.446973,0.966667,-0.499535,7.675831,0.000000,True,True,True,,,,2065,28
0.000000,0.000000,29.000000,1.000000,0.000000,0.000000,1.000000,0.000000,2.000000,0.000000,7.601377,1.000000,1.000000,1.000000,1.000000,0.000000,0.000000,0.391657,-0.333223,0.677495,16.092749,0.683860,0.455907,0.966667,-0.494124,7.675831,0.000000,True,True,True,1.000000,1.000000,1.000000,2066,28
0.000000,0.000000,29.000000,1.000000,0.000000,0.000000,1.000000,0.000000,1.000000,0.000000,7.836870,1.000000,1.000000,1.000000,1.000000,0.000000,0.000000,0.349308,-0.190602,0.711722,16.605830,0.671824,0.447882,0.966667,-0.513080,7.675831,0.000000,True,True,True,,,,2067,28
0.000000,0.000000,29.000000,1.000000,0.000000,0.000000,1.000000,0.000000,2.000000,0.000000,7.426623,1.000000,1.000000,1.000000,1.000000,0.000000,0.000000,0.366132,-0.287819,0.690351,17.107121,0.668439,0.445626,0.966667,-0.501291,7.675831,0.000000,True,True,True,1.000000,1.000000,1.000000,2068,28
0.000000,0.000000,29.000000,1.000000,0.000000,0.000000,1.000000,0.000000,0.000000,0.000000,8.061489,1.000000,1.000000,1.000000,1.000000,0.000000,0.000000,0.456689,-0.132407,0.617836,17.530480,0.663263,0.442175,0.966667,-0.423359,7.675831,0.000000,True,True,True,,,,2069,28
0.000000,0.000000,29.000000,1.000000,0.000000,0.000000,1.000000,0.000000,2.000000,0.000000,7.782398,1.000000,1.000000,1.000000,1.000000,0.000000,0.000000,0.322461,-0.152087,0.712047,18.045834,0.640211,0.426807,0.966667,-0.515354,7.675831,0.000000,True,True,True,1.000000,1.000000,1.000000,2070,28
0.000000,0.000000,29.000000,1.000000,0.000000,0.000000,1.000000,0.000000,2.000000,0.000000,7.044168,1.000000,1.000000,1.000000,1.000000,0.000000,0.000000,0.374083,-0.260144,0.672828,18.516898,0.643962,0.429308,0.966667,-0.471063,7.675831,0.000000,True,True,True,,,,2071,28
0.000000,0.000000,29.000000,1.000000,0.000000,0.000000,1.000000,0.000000,1.000000,0.000000,7.821652,1.000000,1.000000,1.000000,1.000000,0.000000,0.000000,0.355166,-0.237413,0.704938,19.012982,0.657916,0.438611,0.966667,-0.496085,7.675831,0.000000,True,True,True,,,,2072,28
0.000000,0.000000,29.000000,1.000000,0.000000,0.000000,1.000000,0.000000,1.000000,0.000000,7.534699,1.000000,1.000000,1.000000,1.000000,0.000000,0.000000,0.282431,-0.342025,0.778565,19.544447,0.642251,0.428167,0.966667,-0.531464,7.675831,0.000000,True,True,True,,,,2073,28
0.000000,0.000000,29.000000,1.000000,0.000000,0.000000,1.000000,0.000000,1.000000,0.000000,7.720105,1.000000,1.000000,1.000000,1.000000,0.000000,0.000000,0.355589,-0.362261,0.714708,20.003143,0.642822,0.428548,0.966667,-0.458696,7.675831,0.000000,True,True,True,1.000000,1.000000,1.000000,2074,28
0.000000,0.000000,29.000000,1.000000,0.000000,0.000000,1.000000,0.000000,2.000000,0.000000,7.918065,1.000000,1.000000,1.000000,1.000000,0.000000,0.000000,0.389919,-0.303928,0.676640,20.387416,0.638562,0.425708,0.966667,-0.384273,7.675831,0.000000,True,True,True,1.000000,1.000000,1.000000,2075,28
0.000000,0.000000,29.000000,1.000000,0.000000,0.000000,1.000000,0.000000,0.000000,0.000000,8.298002,1.000000,1.000000,1.000000,1.000000,0.000000,0.000000,0.411657,-0.388697,0.644283,20.772766,0.658723,0.439149,0.966667,-0.385350,7.675831,0.000000,True,True,True,1.000000,1.000000,1.000000,2076,28
0.000000,0.000000,29.000000,1.000000,0.000000,0.000000,1.000000,0.000000,0.000000,0.000000,8.288210,1.000000,1.000000,1.000000,1.000000,0.000000,0.000000,0.349939,-0.162225,0.663443,21.204271,0.628801,0.419201,0.966667,-0.431505,7.675831,0.000000,True,True,True,1.000000,1.000000,1.000000,2077,28
0.000000,0.000000,29.000000,1.000000,0.000000,0.000000,1.000000,0.000000,1.000000,0.000000,7.705288,1.000000,1.000000,1.000000,1.000000,0.000000,0.000000,0.344650,-0.197585,0.708760,21.727852,0.607874,0.405249,0.966667,-0.523581,7.675831,0.000000,True,True,True,1.000000,1.000000,1.000000,2078,28
0.000000,0.000000,29.000000,1.000000,0.000000,0.000000,1.000000,0.000000,0.000000,0.000000,8.252391,1.000000,1.000000,1.000000,1.000000,0.000000,0.000000,0.277512,-0.385700,0.762136,22.171833,0.602397,0.401598,0.966667,-0.443981,7.675831,0.000000,True,True,True,,,,2079,28
0.000000,0.000000,29.000000,1.000000,0.000000,0.000000,1.000000,0.000000,1.000000,0.000000,7.893618,1.000000,1.000000,1.000000,1.000000,0.000000,0.000000,0.304707,-0.279261,0.745522,22.659241,0.580350,0.386900,0.966667,-0.487409,7.675831,0.000000,True,True,True,1.000000,1.000000,1.000000,2080,28
0.000000,0.000000,29.000000,1.000000,0.000000,0.000000,1.000000,0.000000,1.000000,0.000000,7.785372,1.000000,1.000000,1.000000,1.000000,0.000000,0.000000,0.343811,-0.407904,0.718135,23.086473,0.577482,0.384988,0.966667,-0.427232,7.675831,0.000000,True,True,True,,,,2081,28
0.000000,0.000000,29.000000,1.000000,0.000000,0.000000,1.000000,0.000000,0.000000,0.000000,8.339485,1.000000,1.000000,1.000000,1.000000,0.000000,0.000000,0.303665,-0.447082,0.767097,23.557379,0.571493,0.380995,0.966667,-0.470906,7.675831,0.000000,True,True,True,,,,2082,28
0.000000,0.000000,29.000000,1.000000,0.000000,0.000000,1.000000,0.000000,1.000000,0.000000,7.954184,1.000000,1.000000,1.000000,1.000000,0.000000,0.000000,0.364592,-0.276981,0.718379,24.047664,0.549372,0.366248,0.966667,-0.490286,7.675831,0.000000,True,True,True,1.000000,1.000000,1.000000,2083,28
0.000000,0.000000,29.000000,1.000000,0.000000,0.000000,1.000000,0.000000,1.000000,0.000000,7.008864,1.000000,1.000000,1.000000,1.000000,0.000000,0.000000,0.337409,-0.514764,0.735390,24.465424,0.549057,0.366038,0.966667,-0.417760,7.675831,0.000000,True,True,True,,,,2084,28
0.000000,0.000000,29.000000,1.000000,0.000000,0.000000,1.000000,0.000000,2.000000,0.000000,7.808932,1.000000,1.000000,1.000000,1.000000,0.000000,0.000000,0.370222,-0.396054,0.714967,24.893692,0.560715,0.373810,0.966667,-0.428268,7.675831,0.000000,True,True,True,1.000000,1.000000,1.000000,2085,28
0.000000,0.000000,29.000000,1.000000,0.000000,0.000000,1.000000,0.000000,1.000000,0.000000,7.330964,1.000000,1.000000,1.000000,1.000000,0.000000,0.000000,0.467453,-0.602917,0.609736,25.232068,0.562576,0.375051,0.966667,-0.338376,7.675831,0.000000,True,True,True,,,,2086,28
0.000000,0.000000,29.000000,1.000000,0.000000,0.000000,1.000000,0.000000,0.000000,0.000000,8.067447,1.000000,1.000000,1.000000,1.000000,0.000000,0.000000,0.450930,-0.301871,0.619020,25.583923,0.563565,0.375710,0.966667,-0.351855,7.675831,0.000000,True,True,True,1.000000,1.000000,1.000000,2087,28
0.000000,0.000000,29.000000,1.000000,0.000000,0.000000,1.000000,0.000000,2.000000,0.000000,7.484119,1.000000,1.000000,1.000000,1.000000,0.000000,0.000000,0.608653,-0.396594,0.442498,25.899125,0.536172,0.357448,0.966667,-0.315202,7.675831,0.000000,True,True,True,1.000000,1.000000,1.000000,2088,28
0.000000,0.000000,29.000000,1.000000,0.000000,0.000000,1.000000,0.000000,0.000000,0.000000,8.211932,1.000000,1.000000,1.000000,1.000000,0.000000,0.000000,0.447038,-0.228455,0.621600,26.165879,0.550395,0.366930,0.966667,-0.266754,7.675831,0.000000,True,True,True,,,,2089,28
0.000000,0.000000,29.000000,1.000000,0.000000,0.000000,1.000000,0.000000,1.000000,0.000000,7.819131,1.000000,1.000000,1.000000,1.000000,0.000000,0.000000,0.853179,-0.198944,0.201995,26.266601,0.528656,0.352437,0.966667,-0.100722,7.675831,0.000000,True,True,True,1.000000,1.000000,1.000000,2090,28
0.000000,0.000000,29.000000,1.000000,0.000000,0.000000,1.000000,0.000000,1.000000,0.000000,7.904611,1.000000,1.000000,1.000000,1.000000,0.000000,0.000000,0.484039,-0.064306,0.502200,26.327647,0.528735,0.352490,0.966667,-0.061047,7.675831,1.000000,True,True,True,,,,2091,28
0.000000,0.000000,29.000000,1.000000,0.000000,0.000000,1.000000,0.000000,0.000000,0.000000,8.077634,1.000000,1.000000,1.000000,1.000000,0.000000,0.000000,0.847674,-0.124713,0.290313,26.237729,0.524805,0.349870,0.966667,0.089918,7.675831,0.000000,True,True,True,,,,2092,28
0.000000,0.000000,29.000000,1.000000,0.000000,0.000000,1.000000,0.000000,0.000000,0.000000,8.350845,1.000000,1.000000,1.000000,1.000000,0.000000,0.000000,0.274168,0.361989,0.785160,25.876847,0.508166,0.338778,0.966667,0.360882,7.675831,1.000000,True,True,True,1.000000,1.000000,1.000000,2093,28
0.000000,0.000000,29.000000,1.000000,0.000000,0.000000,1.000000,0.000000,0.000000,0.000000,8.405666,1.000000,1.000000,1.000000,1.000000,0.000000,0.000000,0.344179,0.300283,0.728968,25.454233,0.493253,0.328835,0.966667,0.422615,7.675831,0.000000,True,True,True,1.000000,1.000000,1.000000,2094,28
0.000000,0.000000,29.000000,1.000000,0.000000,0.000000,1.000000,0.000000,0.000000,0.000000,8.401576,1.000000,1.000000,1.000000,1.000000,0.000000,0.000000,0.308770,0.400734,0.754059,25.012192,0.479395,0.319597,0.966667,0.442040,7.675831,0.000000,True,True,True,1.000000,1.000000,1.000000,2095,28
0.000000,0.000000,29.000000,1.000000,0.000000,0.000000,1.000000,0.000000,0.000000,0.000000,8.531136,1.000000,1.000000,1.000000,1.000000,0.000000,0.000000,0.329393,0.387349,0.738707,24.571176,0.464978,0.309986,0.966667,0.441016,7.675831,0.000000,True,True,True,1.000000,1.000000,1.000000,2096,28
0.000000,0.000000,29.000000,1.000000,0.000000,0.000000,1.000000,0.000000,0.000000,0.000000,8.758395,1.000000,1.000000,1.000000,1.000000,0.000000,0.000000,0.341414,0.447002,0.726742,24.137497,0.451294,0.300863,0.966667,0.433679,7.675831,0.000000,True,True,True,1.000000,1.000000,1.000000,2097,28
0.000000,0.000000,29.000000,1.000000,0.000000,0.000000,1.000000,0.000000,0.000000,0.000000,8.769748,1.000000,1.000000,1.000000,1.000000,0.000000,0.000000,0.330288,0.408704,0.729484,23.717900,0.438008,0.292005,0.966667,0.419598,7.675831,0.000000,True,True,True,1.000000,1.000000,1.000000,2098,28
0.000000,0.000000,29.000000,1.000000,0.000000,0.000000,1.000000,0.000000,0.000000,0.000000,8.360089,1.000000,1.000000,1.000000,1.000000,0.000000,0.000000,0.332634,0.460391,0.729767,23.307220,0.425736,0.283824,0.966667,0.410680,7.675831,0.000000,True,True,True,1.000000,1.000000,1.000000,2099,28
0.000000,0.000000,29.000000,1.000000,0.000000,0.000000,1.000000,0.000000,1.000000,0.000000,7.966559,1.000000,1.000000,1.000000,1.000000,0.000000,0.000000,0.181202,0.577487,0.864579,22.907947,0.414734,0.276490,0.966667,0.399273,7.675831,0.000000,True,True,True,1.000000,1.000000,1.000000,2100,28
0.000000,0.000000,29.000000,1.000000,0.000000,0.000000,1.000000,0.000000,0.000000,0.000000,8.941012,1.000000,1.000000,1.000000,1.000000,0.000000,0.000000,0.253578,0.515014,0.797841,22.551214,0.424721,0.283147,0.966667,0.356733,7.675831,0.000000,True,True,True,,,,2101,28
0.000000,0.000000,29.000000,1.000000,0.000000,0.000000,1.000000,0.000000,0.000000,0.000000,8.603120,1.000000,1.000000,1.000000,1.000000,0.000000,0.000000,0.206308,0.532111,0.843403,22.161785,0.409863,0.273242,0.966667,0.389429,7.675831,0.000000,True,True,True,1.000000,1.000000,1.000000,2102,28
0.000000,0.000000,29.000000,1.000000,0.000000,0.000000,1.000000,0.000000,0.000000,0.000000,8.277423,1.000000,1.000000,1.000000,1.000000,0.000000,0.000000,0.191347,0.559059,0.858931,21.775785,0.398679,0.265786,0.966667,0.386000,7.675831,0.000000,True,True,True,1.000000,1.000000,1.000000,2103,28
0.000000,0.000000,29.000000,1.000000,0.000000,0.000000,1.000000,0.000000,1.000000,0.000000,7.926004,1.000000,1.000000,1.000000,1.000000,0.000000,0.000000,0.189914,0.567116,0.860626,21.394365,0.393552,0.262368,0.966667,0.381420,7.675831,0.000000,True,True,True,1.000000,1.000000,1.000000,2104,28
0.000000,0.000000,29.000000,1.000000,0.000000,0.000000,1.000000,0.000000,0.000000,0.000000,8.716693,1.000000,1.000000,1.000000,1.000000,0.000000,0.000000,0.234009,0.497555,0.814378,21.039545,0.410760,0.273840,0.966667,0.354820,7.675831,0.000000,True,True,True,,,,2105,28
0.000000,0.000000,29.000000,1.000000,0.000000,0.000000,1.000000,0.000000,0.000000,0.000000,8.494758,1.000000,1.000000,1.000000,1.000000,0.000000,0.000000,0.188817,0.534142,0.854002,20.654544,0.396750,0.264500,0.966667,0.385002,7.675831,0.000000,True,True,True,1.000000,1.000000,1.000000,2106,28
0.000000,0.000000,29.000000,1.000000,0.000000,0.000000,1.000000,0.000000,0.000000,0.000000,8.182813,1.000000,1.000000,1.000000,1.000000,0.000000,0.000000,0.180552,0.519694,0.863795,20.273755,0.389996,0.259997,0.966667,0.380789,7.675831,0.000000,True,True,True,1.000000,1.000000,1.000000,2107,28
0.000000,0.000000,29.000000,1.000000,0.000000,0.000000,1.000000,0.000000,1.000000,0.000000,7.875983,1.000000,1.000000,1.000000,1.000000,0.000000,0.000000,0.184887,0.528598,0.859974,19.892373,0.388533,0.259022,0.966667,0.381382,7.675831,0.000000,True,True,True,1.000000,1.000000,1.000000,2108,28
0.000000,0.000000,29.000000,1.000000,0.000000,0.000000,1.000000,0.000000,0.000000,0.000000,8.152845,1.000000,1.000000,1.000000,1.000000,0.000000,0.000000,0.205335,0.437119,0.838866,19.519247,0.407637,0.271758,0.966667,0.373126,7.675831,0.000000,True,True,True,,,,2109,28
0.000000,0.000000,29.000000,1.000000,0.000000,0.000000,1.000000,0.000000,0.000000,0.000000,8.051585,1.000000,1.000000,1.000000,1.000000,0.000000,0.000000,0.181931,0.516752,0.860324,19.134003,0.393484,0.262322,0.966667,0.385244,7.675831,0.000000,True,True,True,1.000000,1.000000,1.000000,2110,28
0.000000,0.000000,29.000000,1.000000,0.000000,0.000000,1.000000,0.000000,2.000000,0.000000,7.939794,1.000000,1.000000,1.000000,1.000000,0.000000,0.000000,0.178937,0.476993,0.865867,18.752046,0.388096,0.258731,0.966667,0.381957,7.675831,0.000000,True,True,True,1.000000,1.000000,1.000000,2111,28
0.000000,0.000000,29.000000,1.000000,0.000000,0.000000,1.000000,0.000000,1.000000,0.000000,7.687765,1.000000,1.000000,1.000000,1.000000,0.000000,0.000000,0.260921,0.383740,0.774274,18.410311,0.427383,0.284922,0.966667,0.341734,7.675831,0.000000,True,True,True,,,,2112,28
0.000000,0.000000,29.000000,1.000000,0.000000,0.000000,1.000000,0.000000,0.000000,0.000000,8.181432,1.000000,1.000000,1.000000,1.000000,0.000000,0.000000,0.228488,0.383415,0.822058,18.015274,0.451405,0.300936,0.966667,0.395037,7.675831,0.000000,True,True,True,1.000000,1.000000,1.000000,2113,28
0.000000,0.000000,29.000000,1.000000,0.000000,0.000000,1.000000,0.000000,0.000000,0.000000,8.008191,1.000000,1.000000,1.000000,1.000000,0.000000,0.000000,0.174886,0.446342,0.867986,17.593227,0.432346,0.288231,0.966667,0.422047,7.675831,0.000000,True,True,True,1.000000,1.000000,1.000000,2114,28
0.000000,0.000000,29.000000,1.000000,0.000000,0.000000,1.000000,0.000000,1.000000,0.000000,7.895841,1.000000,1.000000,1.000000,1.000000,0.000000,0.000000,0.203663,0.438903,0.845992,17.201813,0.417831,0.278554,0.966667,0.391414,7.675831,0.000000,True,True,True,1.000000,1.000000,1.000000,2115,28
0.000000,0.000000,29.000000,1.000000,0.000000,0.000000,1.000000,0.000000,1.000000,0.000000,7.866289,1.000000,1.000000,1.000000,1.000000,0.000000,0.000000,0.233784,0.513344,0.820045,16.803944,0.422802,0.281868,0.966667,0.397868,7.675831,0.000000,True,True,True,,,,2116,28
0.000000,0.000000,29.000000,1.000000,0.000000,0.000000,1.000000,0.000000,1.000000,0.000000,6.916382,1.000000,1.000000,1.000000,1.000000,0.000000,0.000000,0.258583,0.417514,0.791942,16.433599,0.429679,0.286452,0.966667,0.370345,7.675831,0.000000,True,True,True,,,,2117,28
0.000000,0.000000,29.000000,1.000000,0.000000,0.000000,1.000000,0.000000,2.000000,0.000000,7.776088,1.000000,1.000000,1.000000,1.000000,0.000000,0.000000,0.239494,0.416941,0.808420,16.059629,0.435704,0.290469,0.966667,0.373970,7.675831,0.000000,True,True,True,,,,2118,28
0.000000,0.000000,29.000000,1.000000,0.000000,0.000000,1.000000,0.000000,1.000000,0.000000,7.293706,1.000000,1.000000,1.000000,1.000000,0.000000,0.000000,0.253471,0.468300,0.803493,15.644638,0.459989,0.306659,0.966667,0.414992,7.675831,0.000000,True,True,True,,,,2119,28
0.000000,0.000000,29.000000,1.000000,0.000000,0.000000,1.000000,0.000000,0.000000,0.000000,8.119898,1.000000,1.000000,1.000000,1.000000,0.000000,0.000000,0.240892,0.372556,0.804798,15.240882,0.462205,0.308137,0.966667,0.403755,7.675831,0.000000,True,True,True,,,,2120,28
0.000000,0.000000,29.000000,1.000000,0.000000,0.000000,1.000000,0.000000,1.000000,0.000000,7.892181,1.000000,1.000000,1.000000,1.000000,0.000000,0.000000,0.207764,0.585701,0.829678,14.847170,0.449187,0.299458,0.966667,0.393712,7.675831,0.000000,True,True,True,1.000000,1.000000,1.000000,2121,28
0.000000,0.000000,29.000000,1.000000,0.000000,0.000000,1.000000,0.000000,1.000000,0.000000,7.854919,1.000000,1.000000,1.000000,1.000000,0.000000,0.000000,0.210306,0.464536,0.812800,14.475087,0.451508,0.301006,0.966667,0.372084,7.675831,0.000000,True,True,True,,,,2122,28
0.000000,0.000000,29.000000,1.000000,0.000000,0.000000,1.000000,0.000000,1.000000,0.000000,7.296993,1.000000,1.000000,1.000000,1.000000,0.000000,0.000000,0.161310,0.435316,0.872039,14.046192,0.458266,0.305511,0.966667,0.428895,7.675831,0.000000,True,True,True,,,,2123,28
0.000000,0.000000,29.000000,1.000000,0.000000,0.000000,1.000000,0.000000,1.000000,0.000000,7.883517,1.000000,1.000000,1.000000,1.000000,0.000000,0.000000,0.167603,0.371583,0.867369,13.632908,0.462235,0.308156,0.966667,0.413284,7.675831,0.000000,True,True,True,,,,2124,28
0.000000,0.000000,29.000000,1.000000,0.000000,0.000000,1.000000,0.000000,1.000000,0.000000,7.899304,1.000000,1.000000,1.000000,1.000000,0.000000,0.000000,0.253877,0.426902,0.770334,13.263003,0.466895,0.311263,0.966667,0.369905,7.675831,0.000000,True,True,True,,,,2125,28
0.000000,0.000000,29.000000,1.000000,0.000000,0.000000,1.000000,0.000000,1.000000,0.000000,7.608865,1.000000,1.000000,1.000000,1.000000,0.000000,0.000000,0.157066,0.372227,0.877232,12.821613,0.472219,0.314813,0.966667,0.441390,7.675831,0.000000,True,True,True,,,,2126,28
0.000000,0.000000,29.000000,1.000000,0.000000,0.000000,1.000000,0.000000,1.000000,0.000000,7.615992,1.000000,1.000000,1.000000,1.000000,0.000000,0.000000,0.085702,0.428567,0.923518,12.375362,0.475265,0.316843,0.966667,0.446251,7.675831,0.000000,True,True,True,,,,2127,28
0.000000,0.000000,29.000000,1.000000,0.000000,0.000000,1.000000,0.000000,3.000000,0.000000,7.219045,1.000000,1.000000,1.000000,1.000000,0.000000,0.000000,0.143509,0.442761,0.849732,11.966837,0.476915,0.317943,0.966667,0.408525,7.675831,0.000000,True,True,True,,,,2128,28
0.000000,0.000000,29.000000,1.000000,0.000000,0.000000,1.000000,0.000000,2.000000,0.000000,7.289052,1.000000,1.000000,1.000000,1.000000,0.000000,0.000000,0.179077,0.412381,0.823593,11.560865,0.515460,0.343640,0.966667,0.405972,7.675831,0.000000,True,True,True,,,,2129,28
0.000000,0.000000,29.000000,1.000000,0.000000,0.000000,1.000000,0.000000,3.000000,0.000000,7.383603,1.000000,1.000000,1.000000,1.000000,0.000000,0.000000,0.114971,0.355088,0.869304,11.097804,0.533001,0.355334,0.966667,0.463062,7.675831,0.000000,True,True,True,,,,2130,28
0.000000,0.000000,29.000000,1.000000,0.000000,0.000000,1.000000,0.000000,1.000000,0.000000,7.007018,1.000000,1.000000,1.000000,1.000000,0.000000,0.000000,0.104704,0.327689,0.890918,10.601730,0.563148,0.375432,0.966667,0.496073,7.675831,0.000000,True,True,True,,,,2131,28
0.000000,0.000000,29.000000,1.000000,0.000000,0.000000,1.000000,0.000000,1.000000,0.000000,7.994614,1.000000,1.000000,1.000000,1.000000,0.000000,0.000000,0.151848,0.371484,0.832411,10.130856,0.559655,0.373104,0.966667,0.470874,7.675831,0.000000,True,True,True,,,,2132,28
0.000000,0.000000,29.000000,1.000000,0.000000,0.000000,1.000000,0.000000,1.000000,0.000000,7.528664,1.000000,1.000000,1.000000,1.000000,0.000000,0.000000,0.054002,0.349014,0.940435,9.590212,0.554669,0.369779,0.966667,0.540644,7.675831,0.000000,True,True,True,,,,2133,28
0.000000,0.000000,29.000000,1.000000,0.000000,0.000000,1.000000,0.000000,1.000000,0.000000,6.997725,1.000000,1.000000,1.000000,1.000000,0.000000,0.000000,0.101659,0.349479,0.887089,9.088483,0.548925,0.365950,0.966667,0.501729,7.675831,0.000000,True,True,True,,,,2134,28
0.000000,0.000000,29.000000,1.000000,0.000000,0.000000,1.000000,0.000000,1.000000,0.000000,7.182301,1.000000,1.000000,1.000000,1.000000,0.000000,0.000000,0.113330,0.319509,0.882529,8.601557,0.559129,0.372753,0.966667,0.486926,7.675831,0.000000,True,True,True,1.000000,1.000000,1.000000,2135,28
0.000000,0.000000,29.000000,1.000000,0.000000,0.000000,1.000000,0.000000,1.000000,0.000000,7.607450,1.000000,1.000000,1.000000,1.000000,0.000000,0.000000,0.124650,0.333813,0.859682,8.112909,0.552533,0.368355,0.966667,0.488648,7.675831,0.000000,True,True,True,,,,2136,28
0.000000,0.000000,29.000000,1.000000,0.000000,0.000000,1.000000,0.000000,1.000000,0.000000,7.569695,1.000000,1.000000,1.000000,1.000000,0.000000,0.000000,0.138332,0.231512,0.850226,7.648446,0.560807,0.373871,0.966667,0.464464,7.675831,0.000000,True,True,True,1.000000,1.000000,1.000000,2137,28
0.000000,0.000000,29.000000,1.000000,0.000000,0.000000,1.000000,0.000000,0.000000,0.000000,8.195695,1.000000,1.000000,1.000000,1.000000,0.000000,0.000000,0.109067,0.278914,0.885334,7.144627,0.565787,0.377192,0.966667,0.503818,7.675831,0.000000,True,True,True,1.000000,1.000000,1.000000,2138,28
0.000000,0.000000,29.000000,1.000000,0.000000,0.000000,1.000000,0.000000,1.000000,0.000000,7.809758,1.000000,1.000000,1.000000,1.000000,0.000000,0.000000,0.061725,0.303979,0.930013,6.618906,0.542457,0.361638,0.966667,0.525722,7.675831,0.000000,True,True,True,1.000000,1.000000,1.000000,2139,28
0.000000,0.000000,29.000000,1.000000,0.000000,0.000000,1.000000,0.000000,1.000000,0.000000,7.929912,1.000000,1.000000,1.000000,1.000000,0.000000,0.000000,0.117051,0.289105,0.868828,6.147148,0.534886,0.356591,0.966667,0.471758,7.675831,0.000000,True,True,True,,,,2140,28
0.000000,0.000000,29.000000,1.000000,0.000000,0.000000,1.000000,0.000000,0.000000,0.000000,8.018237,1.000000,1.000000,1.000000,1.000000,0.000000,0.000000,0.103807,0.190961,0.893227,5.670939,0.542587,0.361725,0.966667,0.476209,7.675831,0.000000,True,True,True,1.000000,1.000000,1.000000,2141,28
0.000000,0.000000,29.000000,1.000000,0.000000,0.000000,1.000000,0.000000,1.000000,0.000000,7.564256,1.000000,1.000000,1.000000,1.000000,0.000000,0.000000,0.074027,0.293019,0.914473,5.171462,0.517761,0.345174,0.966667,0.499477,7.675831,0.000000,True,True,True,1.000000,1.000000,1.000000,2142,28
0.000000,0.000000,29.000000,1.000000,0.000000,0.000000,1.000000,0.000000,0.000000,0.000000,8.004233,1.000000,1.000000,1.000000,1.000000,0.000000,0.000000,0.117754,0.116433,0.846454,4.744378,0.512023,0.341349,0.966667,0.427084,7.675831,0.000000,True,True,True,,,,2143,28
0.000000,0.000000,29.000000,1.000000,0.000000,0.000000,1.000000,0.000000,2.000000,0.000000,7.768456,1.000000,1.000000,1.000000,1.000000,0.000000,0.000000,0.062441,0.217495,0.927338,4.260911,0.496215,0.330810,0.966667,0.483467,7.675831,0.000000,True,True,True,1.000000,1.000000,1.000000,2144,28
0.000000,0.000000,29.000000,1.000000,0.000000,0.000000,1.000000,0.000000,0.000000,0.000000,8.001557,1.000000,1.000000,1.000000,1.000000,0.000000,0.000000,0.144613,0.031289,0.821557,3.872829,0.507517,0.338344,0.966667,0.388083,7.675831,0.000000,True,True,True,,,,2145,28
0.000000,0.000000,29.000000,1.000000,0.000000,0.000000,1.000000,0.000000,0.000000,0.000000,8.022845,1.000000,1.000000,1.000000,1.000000,0.000000,0.000000,0.095404,0.191058,0.882012,3.425640,0.491660,0.327773,0.966667,0.447188,7.675831,0.000000,True,True,True,1.000000,1.000000,1.000000,2146,28
0.000000,0.000000,29.000000,1.000000,0.000000,0.000000,1.000000,0.000000,1.000000,0.000000,7.617648,1.000000,1.000000,1.000000,1.000000,0.000000,0.000000,0.092742,0.123791,0.893089,3.003978,0.469358,0.312905,0.966667,0.421662,7.675831,0.000000,True,True,True,1.000000,1.000000,1.000000,2147,28
0.000000,0.000000,29.000000,1.000000,0.000000,0.000000,1.000000,0.000000,3.000000,0.000000,7.681095,1.000000,1.000000,1.000000,1.000000,0.000000,0.000000,0.132638,0.134269,0.829990,2.620500,0.465496,0.310331,0.966667,0.383478,7.675831,0.000000,True,True,True,,,,2148,28
0.000000,0.000000,29.000000,1.000000,0.000000,0.000000,1.000000,0.000000,1.000000,0.000000,7.669062,1.000000,1.000000,1.000000,1.000000,0.000000,0.000000,0.180392,-0.046121,0.789925,2.266721,0.522460,0.348307,0.966667,0.353779,7.675831,0.000000,True,True,True,,,,2149,28
0.000000,0.000000,29.000000,1.000000,0.000000,0.000000,1.000000,0.000000,0.000000,0.000000,8.099707,1.000000,1.000000,1.000000,1.000000,0.000000,0.000000,0.120258,0.025861,0.849755,1.861770,0.527190,0.351460,0.966667,0.404951,7.675831,0.000000,True,True,True,,,,2150,28
0.000000,0.000000,29.000000,1.000000,0.000000,0.000000,1.000000,0.000000,1.000000,0.000000,7.971373,1.000000,1.000000,1.000000,1.000000,0.000000,0.000000,0.071432,0.123248,0.921028,1.429949,0.509685,0.339790,0.966667,0.431821,7.675831,0.000000,True,True,True,1.000000,1.000000,1.000000,2151,28
0.000000,0.000000,29.000000,1.000000,0.000000,0.000000,1.000000,0.000000,2.000000,0.000000,7.769586,1.000000,1.000000,1.000000,1.000000,0.000000,0.000000,0.059813,0.093918,0.928546,1.019881,0.503587,0.335725,0.966667,0.410068,7.675831,0.000000,True,True,True,,,,2152,28
0.000000,0.000000,29.000000,1.000000,0.000000,0.000000,1.000000,0.000000,1.000000,0.000000,7.683005,1.000000,1.000000,1.000000,1.000000,0.000000,0.000000,0.183322,-0.005128,0.774469,0.775087,0.514506,0.343004,0.966667,0.244794,7.675831,0.000000,True,True,True,,,,2153,28
0.000000,0.000000,29.000000,1.000000,0.000000,0.000000,1.000000,0.000000,0.000000,0.000000,8.173604,1.000000,1.000000,1.000000,1.000000,0.000000,0.000000,0.125291,0.010898,0.850883,0.667144,0.533570,0.355713,0.966667,0.107943,7.675831,0.000000,True,True,True,1.000000,1.000000,1.000000,2154,28
0.000000,0.000000,29.000000,1.000000,0.000000,0.000000,1.000000,0.000000,0.000000,0.000000,8.086197,1.000000,1.000000,1.000000,1.000000,0.000000,0.000000,0.062807,0.104881,0.927606,0.834009,0.518046,0.345364,0.966667,-0.166865,7.675831,0.000000,True,True,True,1.000000,1.000000,1.000000,2155,28
0.000000,0.000000,29.000000,1.000000,0.000000,0.000000,1.000000,0.000000,0.000000,0.000000,8.037702,1.000000,1.000000,1.000000,1.000000,0.000000,0.000000,0.059318,0.084658,0.929033,1.194552,0.495118,0.330079,0.966667,-0.360542,7.675831,0.000000,True,True,True,1.000000,1.000000,1.000000,2156,28
0.000000,0.000000,29.000000,1.000000,0.000000,0.000000,1.000000,0.000000,0.000000,0.000000,8.013519,1.000000,1.000000,1.000000,1.000000,0.000000,0.000000,0.062957,0.085297,0.925417,1.597202,0.472176,0.314784,0.966667,-0.402650,7.675831,0.000000,True,True,True,1.000000,1.000000,1.000000,2157,28
0.000000,0.000000,29.000000,1.000000,0.000000,0.000000,1.000000,0.000000,0.000000,0.000000,8.014740,1.000000,1.000000,1.000000,1.000000,0.000000,0.000000,0.064395,0.063200,0.925577,2.003351,0.450866,0.300577,0.966667,-0.406149,7.675831,0.000000,True,True,True,1.000000,1.000000,1.000000,2158,28
0.000000,0.000000,29.000000,1.000000,0.000000,0.000000,1.000000,0.000000,2.000000,0.000000,7.970508,1.000000,1.000000,1.000000,1.000000,0.000000,0.000000,0.065702,0.068763,0.923040,2.402765,0.430584,0.287056,0.966667,-0.399414,7.675831,0.000000,True,True,True,1.000000,1.000000,1.000000,2159,28
0.000000,0.000000,29.000000,1.000000,0.000000,0.000000,1.000000,0.000000,1.000000,0.000000,7.206927,1.000000,1.000000,1.000000,1.000000,0.000000,0.000000,0.137910,-0.047466,0.835201,2.742534,0.449408,0.299605,0.966667,-0.339769,7.675831,0.000000,True,True,True,,,,2160,28
0.000000,0.000000,29.000000,1.000000,0.000000,0.000000,1.000000,0.000000,1.000000,0.000000,7.744894,1.000000,1.000000,1.000000,1.000000,0.000000,0.000000,0.164220,0.012199,0.809033,3.110379,0.474966,0.316644,0.966667,-0.367845,7.675831,0.000000,True,True,True,1.000000,1.000000,1.000000,2161,28
0.000000,0.000000,29.000000,1.000000,0.000000,0.000000,1.000000,0.000000,1.000000,0.000000,7.683170,1.000000,1.000000,1.000000,1.000000,0.000000,0.000000,0.143530,-0.063159,0.849248,3.513907,0.494587,0.329724,0.966667,-0.403528,7.675831,0.000000,True,True,True,1.000000,1.000000,1.000000,2162,28
0.000000,0.000000,29.000000,1.000000,0.000000,0.000000,1.000000,0.000000,0.000000,0.000000,8.195213,1.000000,1.000000,1.000000,1.000000,0.000000,0.000000,0.112660,-0.062606,0.870478,3.939731,0.488350,0.325567,0.966667,-0.425824,7.675831,0.000000,True,True,True,,,,2163,28
0.000000,0.000000,29.000000,1.000000,0.000000,0.000000,1.000000,0.000000,0.000000,0.000000,8.035653,1.000000,1.000000,1.000000,1.000000,0.000000,0.000000,0.057378,-0.038295,0.929775,4.392735,0.467117,0.311411,0.966667,-0.453003,7.675831,0.000000,True,True,True,1.000000,1.000000,1.000000,2164,28
0.000000,0.000000,29.000000,1.000000,0.000000,0.000000,1.000000,0.000000,2.000000,0.000000,7.868511,1.000000,1.000000,1.000000,1.000000,0.000000,0.000000,0.071101,-0.000582,0.916648,4.820902,0.446279,0.297519,0.966667,-0.428168,7.675831,0.000000,True,True,True,1.000000,1.000000,1.000000,2165,28
0.000000,0.000000,29.000000,1.000000,0.000000,0.000000,1.000000,0.000000,1.000000,0.000000,7.313875,1.000000,1.000000,1.000000,1.000000,0.000000,0.000000,0.165613,-0.194931,0.811278,5.183948,0.481716,0.321144,0.966667,-0.363046,7.675831,0.000000,True,True,True,,,,2166,28
0.000000,0.000000,29.000000,1.000000,0.000000,0.000000,1.000000,0.000000,0.000000,0.000000,8.347233,1.000000,1.000000,1.000000,1.000000,0.000000,0.000000,0.205080,0.027802,0.771727,5.575420,0.503312,0.335541,0.966667,-0.391472,7.675831,0.000000,True,True,True,1.000000,1.000000,1.000000,2167,28
0.000000,0.000000,29.000000,1.000000,0.000000,0.000000,1.000000,0.000000,0.000000,0.000000,8.018266,1.000000,1.000000,1.000000,1.000000,0.000000,0.000000,0.073432,-0.089490,0.913961,6.036113,0.486548,0.324365,0.966667,-0.460693,7.675831,0.000000,True,True,True,1.000000,1.000000,1.000000,2168,28
0.000000,0.000000,29.000000,1.000000,0.000000,0.000000,1.000000,0.000000,1.000000,0.000000,7.720864,1.000000,1.000000,1.000000,1.000000,0.000000,0.000000,0.076752,-0.029093,0.915350,6.482742,0.464856,0.309904,0.966667,-0.446629,7.675831,0.000000,True,True,True,1.000000,1.000000,1.000000,2169,28
0.000000,0.000000,29.000000,1.000000,0.000000,0.000000,1.000000,0.000000,1.000000,0.000000,7.925128,1.000000,1.000000,1.000000,1.000000,0.000000,0.000000,0.121563,-0.149175,0.869619,6.887993,0.462120,0.308080,0.966667,-0.405250,7.675831,0.000000,True,True,True,,,,2170,28
0.000000,0.000000,29.000000,1.000000,0.000000,0.000000,1.000000,0.000000,0.000000,0.000000,8.159317,1.000000,1.000000,1.000000,1.000000,0.000000,0.000000,0.156047,-0.152131,0.834287,7.259356,0.460893,0.307262,0.966667,-0.371363,7.675831,0.000000,True,True,True,,,,2171,28
0.000000,0.000000,29.000000,1.000000,0.000000,0.000000,1.000000,0.000000,0.000000,0.000000,8.123710,1.000000,1.000000,1.000000,1.000000,0.000000,0.000000,0.110960,-0.132439,0.889553,7.667666,0.444840,0.296560,0.966667,-0.408310,7.675831,0.000000,True,True,True,1.000000,1.000000,1.000000,2172,28
0.000000,0.000000,29.000000,1.000000,0.000000,0.000000,1.000000,0.000000,1.000000,0.000000,7.953096,1.000000,1.000000,1.000000,1.000000,0.000000,0.000000,0.110903,-0.127893,0.889133,8.060622,0.426394,0.284262,0.966667,-0.392956,7.675831,0.000000,True,True,True,1.000000,1.000000,1.000000,2173,28
0.000000,0.000000,29.000000,1.000000,0.000000,0.000000,1.000000,0.000000,0.000000,0.000000,8.158438,1.000000,1.000000,1.000000,1.000000,0.000000,0.000000,0.122285,-0.182139,0.877632,8.437677,0.428044,0.285363,0.966667,-0.377055,7.675831,0.000000,True,True,True,,,,2174,28
0.000000,0.000000,29.000000,1.000000,0.000000,0.000000,1.000000,0.000000,0.000000,0.000000,8.068305,1.000000,1.000000,1.000000,1.000000,0.000000,0.000000,0.105517,-0.165137,0.891302,8.816355,0.410100,0.273400,0.966667,-0.378678,7.675831,0.000000,True,True,True,1.000000,1.000000,1.000000,2175,28
0.000000,0.000000,29.000000,1.000000,0.000000,0.000000,1.000000,0.000000,0.000000,0.000000,8.007194,1.000000,1.000000,1.000000,1.000000,0.000000,0.000000,0.085936,-0.167788,0.911379,9.189061,0.393852,0.262568,0.966667,-0.372706,7.675831,0.000000,True,True,True,1.000000,1.000000,1.000000,2176,28
0.000000,0.000000,29.000000,1.000000,0.000000,0.000000,1.000000,0.000000,2.000000,0.000000,7.906382,1.000000,1.000000,1.000000,1.000000,0.000000,0.000000,0.097553,-0.194029,0.895830,9.547305,0.388099,0.258733,0.966667,-0.358245,7.675831,0.000000,True,True,True,1.000000,1.000000,1.000000,2177,28
0.000000,0.000000,29.000000,1.000000,0.000000,0.000000,1.000000,0.000000,3.000000,0.000000,7.423569,1.000000,1.000000,1.000000,1.000000,0.000000,0.000000,0.165795,-0.177910,0.826789,9.878170,0.427238,0.284825,0.966667,-0.330865,7.675831,0.000000,True,True,True,,,,2178,28
0.000000,0.000000,29.000000,1.000000,0.000000,0.000000,1.000000,0.000000,2.000000,0.000000,7.455770,1.000000,1.000000,1.000000,1.000000,0.000000,0.000000,0.308289,-0.397437,0.691800,10.125244,0.508762,0.339175,0.966667,-0.247074,7.675831,0.000000,True,True,True,1.000000,1.000000,1.000000,2179,28
0.000000,0.000000,29.000000,1.000000,0.000000,0.000000,1.000000,0.000000,1.000000,0.000000,7.823106,1.000000,1.000000,1.000000,1.000000,0.000000,0.000000,0.204729,-0.327911,0.797584,10.516772,0.534115,0.356077,0.966667,-0.391528,7.675831,0.000000,True,True,True,,,,2180,28
0.000000,0.000000,29.000000,1.000000,0.000000,0.000000,1.000000,0.000000,1.000000,0.000000,7.880434,1.000000,1.000000,1.000000,1.000000,0.000000,0.000000,0.166646,-0.230574,0.851753,10.949025,0.538685,0.359124,0.966667,-0.432253,7.675831,0.000000,True,True,True,1.000000,1.000000,1.000000,2181,28
0.000000,0.000000,29.000000,1.000000,0.000000,0.000000,1.000000,0.000000,2.000000,0.000000,6.880859,1.000000,1.000000,1.000000,1.000000,0.000000,0.000000,0.145338,-0.221565,0.828433,11.402932,0.525186,0.350124,0.966667,-0.453907,7.675831,0.000000,True,True,True,,,,2182,28
0.000000,0.000000,29.000000,1.000000,0.000000,0.000000,1.000000,0.000000,2.000000,0.000000,7.685019,1.000000,1.000000,1.000000,1.000000,0.000000,0.000000,0.162992,-0.202478,0.818665,11.854545,0.553756,0.369171,0.966667,-0.451613,7.675831,0.000000,True,True,True,,,,2183,28
0.000000,0.000000,29.000000,1.000000,0.000000,0.000000,1.000000,0.000000,2.000000,0.000000,7.731444,1.000000,1.000000,1.000000,1.000000,0.000000,0.000000,0.200678,-0.314679,0.787578,12.300769,0.571466,0.380978,0.966667,-0.446224,7.675831,0.000000,True,True,True,,,,2184,28
0.000000,0.000000,29.000000,1.000000,0.000000,0.000000,1.000000,0.000000,2.000000,0.000000,7.752864,1.000000,1.000000,1.000000,1.000000,0.000000,0.000000,0.208617,-0.198810,0.768992,12.752472,0.594541,0.396361,0.966667,-0.451703,7.675831,0.000000,True,True,True,,,,2185,28
0.000000,0.000000,29.000000,1.000000,0.000000,0.000000,1.000000,0.000000,1.000000,0.000000,6.978482,1.000000,1.000000,1.000000,1.000000,0.000000,0.000000,0.236264,-0.300010,0.773886,13.248730,0.617387,0.411591,0.966667,-0.496259,7.675831,0.000000,True,True,True,,,,2186,28
0.000000,0.000000,29.000000,1.000000,0.000000,0.000000,1.000000,0.000000,2.000000,0.000000,7.682395,1.000000,1.000000,1.000000,1.000000,0.000000,0.000000,0.286646,-0.357390,0.743756,13.710793,0.620785,0.413857,0.966667,-0.462063,7.675831,0.000000,True,True,True,1.000000,1.000000,1.000000,2187,28
0.000000,0.000000,29.000000,1.000000,0.000000,0.000000,1.000000,0.000000,1.000000,0.000000,7.998413,1.000000,1.000000,1.000000,1.000000,0.000000,0.000000,0.214784,-0.337045,0.796719,14.244099,0.631449,0.420966,0.966667,-0.533306,7.675831,0.000000,True,True,True,,,,2188,28
0.000000,0.000000,29.000000,1.000000,0.000000,0.000000,1.000000,0.000000,0.000000,0.000000,8.005588,1.000000,1.000000,1.000000,1.000000,0.000000,0.000000,0.264441,-0.396651,0.769030,14.723564,0.635735,0.423823,0.966667,-0.479465,7.675831,0.000000,True,True,True,1.000000,1.000000,1.000000,2189,28
0.000000,0.000000,29.000000,1.000000,0.000000,0.000000,1.000000,0.000000,1.000000,0.000000,7.959760,1.000000,1.000000,1.000000,1.000000,0.000000,0.000000,0.156488,-0.353560,0.853493,15.289200,0.607601,0.405068,0.966667,-0.565637,7.675831,0.000000,True,True,True,1.000000,1.000000,1.000000,2190,28
0.000000,0.000000,29.000000,1.000000,0.000000,0.000000,1.000000,0.000000,0.000000,0.000000,8.117955,1.000000,1.000000,1.000000,1.000000,0.000000,0.000000,0.217902,-0.342219,0.787776,15.763762,0.597544,0.398362,0.966667,-0.474562,7.675831,0.000000,True,True,True,,,,2191,28
0.000000,0.000000,29.000000,1.000000,0.000000,0.000000,1.000000,0.000000,1.000000,0.000000,7.560312,1.000000,1.000000,1.000000,1.000000,0.000000,0.000000,0.327962,-0.178577,0.688700,16.237864,0.574088,0.382725,0.966667,-0.474101,7.675831,0.000000,True,True,True,1.000000,1.000000,1.000000,2192,28
0.000000,0.000000,29.000000,1.000000,0.000000,0.000000,1.000000,0.000000,0.000000,0.000000,8.046169,1.000000,1.000000,1.000000,1.000000,0.000000,0.000000,0.301980,-0.260938,0.725583,16.657633,0.566773,0.377849,0.966667,-0.419769,7.675831,0.000000,True,True,True,,,,2193,28
0.000000,0.000000,29.000000,1.000000,0.000000,0.000000,1.000000,0.000000,2.000000,0.000000,7.883198,1.000000,1.000000,1.000000,1.000000,0.000000,0.000000,0.282962,-0.255465,0.727770,17.090641,0.543615,0.362410,0.966667,-0.433008,7.675831,0.000000,True,True,True,1.000000,1.000000,1.000000,2194,28
0.000000,0.000000,29.000000,1.000000,0.000000,0.000000,1.000000,0.000000,0.000000,0.000000,8.016954,1.000000,1.000000,1.000000,1.000000,0.000000,0.000000,0.407364,-0.197338,0.622070,17.464968,0.569572,0.379714,0.966667,-0.374327,7.675831,0.000000,True,True,True,,,,2195,28
0.000000,0.000000,29.000000,1.000000,0.000000,0.000000,1.000000,0.000000,2.000000,0.000000,7.938752,1.000000,1.000000,1.000000,1.000000,0.000000,0.000000,0.380007,-0.146438,0.619435,17.884755,0.550392,0.366928,0.966667,-0.419787,7.675831,0.000000,True,True,True,1.000000,1.000000,1.000000,2196,28
0.000000,0.000000,29.000000,1.000000,0.000000,0.000000,1.000000,0.000000,1.000000,0.000000,7.215651,1.000000,1.000000,1.000000,1.000000,0.000000,0.000000,0.402100,-0.285227,0.628601,18.241991,0.561396,0.374264,0.966667,-0.357236,7.675831,0.000000,True,True,True,,,,2197,28
0.000000,0.000000,29.000000,1.000000,0.000000,0.000000,1.000000,0.000000,1.000000,0.000000,7.821462,1.000000,1.000000,1.000000,1.000000,0.000000,0.000000,0.454322,-0.216527,0.602091,18.581081,0.565967,0.377311,0.966667,-0.339091,7.675831,0.000000,True,True,True,1.000000,1.000000,1.000000,2198,28
0.000000,0.000000,29.000000,1.000000,0.000000,0.000000,1.000000,0.000000,1.000000,0.000000,7.307692,1.000000,1.000000,1.000000,1.000000,0.000000,0.000000,0.413587,-0.326261,0.624239,18.936288,0.552560,0.368373,0.966667,-0.355206,7.675831,0.000000,True,True,True,,,,2199,28
0.000000,0.000000,29.000000,1.000000,0.000000,0.000000,1.000000,0.000000,0.000000,0.000000,8.187789,1.000000,1.000000,1.000000,1.000000,0.000000,0.000000,0.415312,-0.303608,0.633071,19.274280,0.559866,0.373244,0.966667,-0.337992,7.675831,0.000000,True,True,True,1.000000,1.000000,1.000000,2200,28
0.000000,0.000000,29.000000,1.000000,0.000000,0.000000,1.000000,0.000000,1.000000,0.000000,7.915977,1.000000,1.000000,1.000000,1.000000,0.000000,0.000000,0.366475,-0.370341,0.656906,19.644559,0.533053,0.355368,0.966667,-0.370279,7.675831,0.000000,True,True,True,1.000000,1.000000,1.000000,2201,28
0.000000,0.000000,29.000000,1.000000,0.000000,0.000000,1.000000,0.000000,1.000000,0.000000,7.781217,1.000000,1.000000,1.000000,1.000000,0.000000,0.000000,0.388313,-0.330546,0.622362,19.996902,0.530365,0.353577,0.966667,-0.352343,7.675831,0.000000,True,True,True,,,,2202,28
0.000000,0.000000,29.000000,1.000000,0.000000,0.000000,1.000000,0.000000,0.000000,0.000000,8.048093,1.000000,1.000000,1.000000,1.000000,0.000000,0.000000,0.411485,-0.360792,0.608830,20.333580,0.529213,0.352809,0.966667,-0.336678,7.675831,0.000000,True,True,True,,,,2203,28
0.000000,0.000000,29.000000,1.000000,0.000000,0.000000,1.000000,0.000000,0.000000,0.000000,8.085920,1.000000,1.000000,1.000000,1.000000,0.000000,0.000000,0.315317,-0.358186,0.735412,20.725555,0.510780,0.340520,0.966667,-0.391975,7.675831,0.000000,True,True,True,1.000000,1.000000,1.000000,2204,28
0.000000,0.000000,29.000000,1.000000,0.000000,0.000000,1.000000,0.000000,1.000000,0.000000,7.886832,1.000000,1.000000,1.000000,1.000000,0.000000,0.000000,0.288080,-0.415323,0.759490,21.132546,0.495942,0.330628,0.966667,-0.406991,7.675831,0.000000,True,True,True,1.000000,1.000000,1.000000,2205,28
0.000000,0.000000,29.000000,1.000000,0.000000,0.000000,1.000000,0.000000,0.000000,0.000000,8.018495,1.000000,1.000000,1.000000,1.000000,0.000000,0.000000,0.340707,-0.454638,0.721462,21.520304,0.499469,0.332980,0.966667,-0.387758,7.675831,0.000000,True,True,True,,,,2206,28
0.000000,0.000000,29.000000,1.000000,0.000000,0.000000,1.000000,0.000000,1.000000,0.000000,7.996526,1.000000,1.000000,1.000000,1.000000,0.000000,0.000000,0.299899,-0.428530,0.741148,21.935168,0.480452,0.320302,0.966667,-0.414864,7.675831,0.000000,True,True,True,1.000000,1.000000,1.000000,2207,28
0.000000,0.000000,29.000000,1.000000,0.000000,0.000000,1.000000,0.000000,0.000000,0.000000,8.043636,1.000000,1.000000,1.000000,1.000000,0.000000,0.000000,0.249862,-0.406195,0.789107,22.365089,0.501477,0.334318,0.966667,-0.429921,7.675831,0.000000,True,True,True,1.000000,1.000000,1.000000,2208,28
0.000000,0.000000,29.000000,1.000000,0.000000,0.000000,1.000000,0.000000,1.000000,0.000000,7.736883,1.000000,1.000000,1.000000,1.000000,0.000000,0.000000,0.275426,-0.447150,0.756730,22.770018,0.495335,0.330224,0.966667,-0.404930,7.675831,0.000000,True,True,True,1.000000,1.000000,1.000000,2209,28
0.000000,0.000000,29.000000,1.000000,0.000000,0.000000,1.000000,0.000000,0.000000,0.000000,8.199366,1.000000,1.000000,1.000000,1.000000,0.000000,0.000000,0.276920,-0.489999,0.775943,23.158986,0.498288,0.332192,0.966667,-0.388968,7.675831,0.000000,True,True,True,,,,2210,28
0.000000,0.000000,29.000000,1.000000,0.000000,0.000000,1.000000,0.000000,0.000000,0.000000,8.182388,1.000000,1.000000,1.000000,1.000000,0.000000,0.000000,0.290754,-0.439239,0.776561,23.572969,0.479394,0.319596,0.966667,-0.413982,7.675831,0.000000,True,True,True,1.000000,1.000000,1.000000,2211,28
0.000000,0.000000,29.000000,1.000000,0.000000,0.000000,1.000000,0.000000,0.000000,0.000000,8.111319,1.000000,1.000000,1.000000,1.000000,0.000000,0.000000,0.362512,-0.387904,0.710498,23.963876,0.465202,0.310134,0.966667,-0.390907,7.675831,0.000000,True,True,True,1.000000,1.000000,1.000000,2212,28
0.000000,0.000000,29.000000,1.000000,0.000000,0.000000,1.000000,0.000000,1.000000,0.000000,7.996892,1.000000,1.000000,1.000000,1.000000,0.000000,0.000000,0.305793,-0.400370,0.759119,24.315158,0.451661,0.301107,0.966667,-0.351282,7.675831,0.000000,True,True,True,1.000000,1.000000,1.000000,2213,28
0.000000,0.000000,29.000000,1.000000,0.000000,0.000000,1.000000,0.000000,1.000000,0.000000,7.941514,1.000000,1.000000,1.000000,1.000000,0.000000,0.000000,0.447146,-0.395649,0.618634,24.609871,0.457869,0.305246,0.966667,-0.294714,7.675831,0.000000,True,True,True,,,,2214,28
0.000000,0.000000,29.000000,1.000000,0.000000,0.000000,1.000000,0.000000,0.000000,0.000000,8.226300,1.000000,1.000000,1.000000,1.000000,0.000000,0.000000,0.532483,-0.308335,0.550067,24.866597,0.458120,0.305414,0.966667,-0.256726,7.675831,0.000000,True,True,True,,,,2215,28
0.000000,0.000000,29.000000,1.000000,0.000000,0.000000,1.000000,0.000000,0.000000,0.000000,8.228102,1.000000,1.000000,1.000000,1.000000,0.000000,0.000000,0.382455,-0.448982,0.653880,25.150207,0.439552,0.293035,0.966667,-0.283610,7.675831,0.000000,True,True,True,1.000000,1.000000,1.000000,2216,28
0.000000,0.000000,29.000000,1.000000,0.000000,0.000000,1.000000,0.000000,0.000000,0.000000,8.106524,1.000000,1.000000,1.000000,1.000000,0.000000,0.000000,0.346239,-0.384864,0.727571,25.486384,0.426474,0.284316,0.966667,-0.336177,7.675831,0.000000,True,True,True,1.000000,1.000000,1.000000,2217,28
0.000000,0.000000,29.000000,1.000000,0.000000,0.000000,1.000000,0.000000,1.000000,0.000000,7.971181,1.000000,1.000000,1.000000,1.000000,0.000000,0.000000,0.355775,-0.397561,0.713111,25.800537,0.414032,0.276021,0.966667,-0.314152,7.675831,0.000000,True,True,True,1.000000,1.000000,1.000000,2218,28
0.000000,0.000000,29.000000,1.000000,0.000000,0.000000,1.000000,0.000000,0.000000,0.000000,8.238604,1.000000,1.000000,1.000000,1.000000,0.000000,0.000000,0.480567,-0.442956,0.620707,26.069535,0.443868,0.295912,0.966667,-0.268998,7.675831,0.000000,True,True,True,1.000000,1.000000,1.000000,2219,28
0.000000,0.000000,29.000000,1.000000,0.000000,0.000000,1.000000,0.000000,0.000000,0.000000,8.239316,1.000000,1.000000,1.000000,1.000000,0.000000,0.000000,0.379952,-0.424058,0.690168,26.386775,0.421632,0.281088,0.966667,-0.317240,7.675831,0.000000,True,True,True,1.000000,1.000000,1.000000,2220,28
0.000000,0.000000,29.000000,1.000000,0.000000,0.000000,1.000000,0.000000,0.000000,0.000000,8.060383,1.000000,1.000000,1.000000,1.000000,0.000000,0.000000,0.399170,-0.432704,0.661900,26.688529,0.408902,0.272602,0.966667,-0.301754,7.675831,0.000000,True,True,True,1.000000,1.000000,1.000000,2221,28
0.000000,0.000000,29.000000,1.000000,0.000000,0.000000,1.000000,0.000000,1.000000,0.000000,7.687270,1.000000,1.000000,1.000000,1.000000,0.000000,0.000000,0.389403,-0.394470,0.700971,26.991284,0.398786,0.265857,0.966667,-0.302755,7.675831,0.000000,True,True,True,1.000000,1.000000,1.000000,2222,28
0.000000,0.000000,29.000000,1.000000,0.000000,0.000000,1.000000,0.000000,0.000000,0.000000,8.086283,1.000000,1.000000,1.000000,1.000000,0.000000,0.000000,0.507490,-0.471067,0.600855,27.242298,0.414209,0.276139,0.966667,-0.251014,7.675831,0.000000,True,True,True,,,,2223,28
0.000000,0.000000,29.000000,1.000000,0.000000,0.000000,1.000000,0.000000,0.000000,0.000000,8.118832,1.000000,1.000000,1.000000,1.000000,0.000000,0.000000,0.375822,-0.429788,0.707425,27.522728,0.396863,0.264575,0.966667,-0.280430,7.675831,0.000000,True,True,True,1.000000,1.000000,1.000000,2224,28
0.000000,0.000000,29.000000,1.000000,0.000000,0.000000,1.000000,0.000000,1.000000,0.000000,7.790327,1.000000,1.000000,1.000000,1.000000,0.000000,0.000000,0.402605,-0.430070,0.686068,27.797770,0.391030,0.260687,0.966667,-0.275042,7.675831,0.000000,True,True,True,1.000000,1.000000,1.000000,2225,28
0.000000,0.000000,29.000000,1.000000,0.000000,0.000000,1.000000,0.000000,0.000000,0.000000,8.067409,1.000000,1.000000,1.000000,1.000000,0.000000,0.000000,0.432568,-0.497995,0.657284,28.007732,0.409574,0.273049,0.966667,-0.209962,7.675831,0.000000,True,True,True,,,,2226,28
0.000000,0.000000,29.000000,1.000000,0.000000,0.000000,1.000000,0.000000,0.000000,0.000000,8.109430,1.000000,1.000000,1.000000,1.000000,0.000000,0.000000,0.395188,-0.435733,0.676231,28.270242,0.393042,0.262028,0.966667,-0.262509,7.675831,0.000000,True,True,True,1.000000,1.000000,1.000000,2227,28
0.000000,0.000000,29.000000,1.000000,0.000000,0.000000,1.000000,0.000000,2.000000,0.000000,7.928725,1.000000,1.000000,1.000000,1.000000,0.000000,0.000000,0.432093,-0.427160,0.637072,28.515679,0.388966,0.259311,0.966667,-0.245437,7.675831,0.000000,True,True,True,1.000000,1.000000,1.000000,2228,28
0.000000,0.000000,29.000000,1.000000,0.000000,0.000000,1.000000,0.000000,1.000000,0.000000,7.779890,1.000000,1.000000,1.000000,1.000000,0.000000,0.000000,0.506506,-0.522119,0.589475,28.690935,0.428180,0.285453,0.966667,-0.175256,7.675831,0.000000,True,True,True,,,,2229,28
0.000000,0.000000,29.000000,1.000000,0.000000,0.000000,1.000000,0.000000,0.000000,0.000000,8.438654,1.000000,1.000000,1.000000,1.000000,0.000000,0.000000,0.527255,-0.387321,0.535528,28.854618,0.440457,0.293638,0.966667,-0.163683,7.675831,0.000000,True,True,True,1.000000,1.000000,1.000000,2230,28
0.000000,0.000000,29.000000,1.000000,0.000000,0.000000,1.000000,0.000000,0.000000,0.000000,8.212908,1.000000,1.000000,1.000000,1.000000,0.000000,0.000000,0.642551,-0.244894,0.390838,29.021323,0.418821,0.279214,0.966667,-0.166705,7.675831,0.000000,True,True,True,1.000000,1.000000,1.000000,2231,28
0.000000,0.000000,29.000000,1.000000,0.000000,0.000000,1.000000,0.000000,1.000000,0.000000,7.794845,1.000000,1.000000,1.000000,1.000000,0.000000,0.000000,0.613205,-0.233011,0.452986,29.133521,0.405901,0.270601,0.966667,-0.112198,7.675831,0.000000,True,True,True,1.000000,1.000000,1.000000,2232,28
0.000000,0.000000,29.000000,1.000000,0.000000,0.000000,1.000000,0.000000,0.000000,0.000000,8.107586,1.000000,1.000000,1.000000,1.000000,0.000000,0.000000,0.644333,-0.244205,0.416796,29.166584,0.416188,0.277459,0.966667,-0.033062,7.675831,0.000000,True,True,True,,,,2233,28
0.000000,0.000000,29.000000,1.000000,0.000000,0.000000,1.000000,0.000000,1.000000,0.000000,7.794779,1.000000,1.000000,1.000000,1.000000,0.000000,0.000000,0.569434,-0.160163,0.492426,29.156127,0.398249,0.265499,0.966667,0.010457,7.675831,0.000000,True,True,True,1.000000,1.000000,1.000000,2234,28
0.000000,0.000000,29.000000,1.000000,0.000000,0.000000,1.000000,0.000000,0.000000,0.000000,8.460477,1.000000,1.000000,1.000000,1.000000,0.000000,0.000000,0.554950,-0.122307,0.546636,29.024212,0.411858,0.274572,0.966667,0.131915,7.675831,0.000000,True,True,True,,,,2235,28
0.000000,0.000000,29.000000,1.000000,0.000000,0.000000,1.000000,0.000000,0.000000,0.000000,8.349389,1.000000,1.000000,1.000000,1.000000,0.000000,0.000000,0.362650,0.176618,0.721952,28.771259,0.395974,0.263983,0.966667,0.252954,7.675831,0.000000,True,True,True,1.000000,1.000000,1.000000,2236,28
0.000000,0.000000,29.000000,1.000000,0.000000,0.000000,1.000000,0.000000,0.000000,0.000000,8.412930,1.000000,1.000000,1.000000,1.000000,0.000000,0.000000,0.380025,0.228197,0.706384,28.485211,0.390621,0.260414,0.966667,0.286048,7.675831,0.000000,True,True,True,1.000000,1.000000,1.000000,2237,28
0.000000,0.000000,29.000000,1.000000,0.000000,0.000000,1.000000,0.000000,0.000000,0.000000,8.569955,1.000000,1.000000,1.000000,1.000000,0.000000,0.000000,0.366672,0.294775,0.717722,28.163394,0.389267,0.259511,0.966667,0.321817,7.675831,0.000000,True,True,True,1.000000,1.000000,1.000000,2238,28
0.000000,0.000000,29.000000,1.000000,0.000000,0.000000,1.000000,0.000000,0.000000,0.000000,8.514568,1.000000,1.000000,1.000000,1.000000,0.000000,0.000000,0.373426,0.320003,0.706253,27.831386,0.388308,0.258872,0.966667,0.332008,7.675831,0.000000,True,True,True,1.000000,1.000000,1.000000,2239,28
0.000000,0.000000,29.000000,1.000000,0.000000,0.000000,1.000000,0.000000,0.000000,0.000000,8.494320,1.000000,1.000000,1.000000,1.000000,0.000000,0.000000,0.365816,0.381107,0.707048,27.472957,0.387680,0.258453,0.966667,0.358429,7.675831,0.000000,True,True,True,1.000000,1.000000,1.000000,2240,28
0.000000,0.000000,29.000000,1.000000,0.000000,0.000000,1.000000,0.000000,0.000000,0.000000,8.477040,1.000000,1.000000,1.000000,1.000000,0.000000,0.000000,0.302317,0.432907,0.760901,27.118165,0.387256,0.258171,0.966667,0.354792,7.675831,0.000000,True,True,True,1.000000,1.000000,1.000000,2241,28
0.000000,0.000000,29.000000,1.000000,0.000000,0.000000,1.000000,0.000000,0.000000,0.000000,8.476810,1.000000,1.000000,1.000000,1.000000,0.000000,0.000000,0.310933,0.450047,0.744615,26.752670,0.387015,0.258010,0.966667,0.365496,7.675831,0.000000,True,True,True,1.000000,1.000000,1.000000,2242,28
0.000000,0.000000,29.000000,1.000000,0.000000,0.000000,1.000000,0.000000,0.000000,0.000000,8.467014,1.000000,1.000000,1.000000,1.000000,0.000000,0.000000,0.294453,0.486194,0.761959,26.377030,0.386869,0.257913,0.966667,0.375639,7.675831,0.000000,True,True,True,1.000000,1.000000,1.000000,2243,28
0.000000,0.000000,29.000000,1.000000,0.000000,0.000000,1.000000,0.000000,0.000000,0.000000,8.509699,1.000000,1.000000,1.000000,1.000000,0.000000,0.000000,0.238167,0.549835,0.803465,25.997970,0.386785,0.257857,0.966667,0.379060,7.675831,0.000000,True,True,True,1.000000,1.000000,1.000000,2244,28
0.000000,0.000000,29.000000,1.000000,0.000000,0.000000,1.000000,0.000000,0.000000,0.000000,8.551578,1.000000,1.000000,1.000000,1.000000,0.000000,0.000000,0.179068,0.590343,0.848269,25.619273,0.386736,0.257824,0.966667,0.378698,7.675831,0.000000,True,True,True,1.000000,1.000000,1.000000,2245,28
0.000000,0.000000,29.000000,1.000000,0.000000,0.000000,1.000000,0.000000,0.000000,0.000000,8.542802,1.000000,1.000000,1.000000,1.000000,0.000000,0.000000,0.179428,0.604320,0.847795,25.241193,0.386708,0.257805,0.966667,0.378080,7.675831,0.000000,True,True,True,1.000000,1.000000,1.000000,2246,28
0.000000,0.000000,29.000000,1.000000,0.000000,0.000000,1.000000,0.000000,0.000000,0.000000,8.536021,1.000000,1.000000,1.000000,1.000000,0.000000,0.000000,0.179609,0.592750,0.854099,24.862212,0.386691,0.257794,0.966667,0.378980,7.675831,0.000000,True,True,True,1.000000,1.000000,1.000000,2247,28
0.000000,0.000000,29.000000,1.000000,0.000000,0.000000,1.000000,0.000000,0.000000,0.000000,8.546787,1.000000,1.000000,1.000000,1.000000,0.000000,0.000000,0.179063,0.589320,0.853387,24.482214,0.386681,0.257787,0.966667,0.379998,7.675831,0.000000,True,True,True,1.000000,1.000000,1.000000,2248,28
0.000000,0.000000,29.000000,1.000000,0.000000,0.000000,1.000000,0.000000,0.000000,0.000000,8.539115,1.000000,1.000000,1.000000,1.000000,0.000000,0.000000,0.187797,0.599957,0.846601,24.104946,0.386675,0.257783,0.966667,0.377268,7.675831,0.000000,True,True,True,1.000000,1.000000,1.000000,2249,28
0.000000,0.000000,29.000000,1.000000,0.000000,0.000000,1.000000,0.000000,0.000000,0.000000,8.606340,1.000000,1.000000,1.000000,1.000000,0.000000,0.000000,0.176568,0.587012,0.856514,23.725280,0.386672,0.257781,0.966667,0.379666,7.675831,0.000000,True,True,True,1.000000,1.000000,1.000000,2250,28
0.000000,0.000000,29.000000,1.000000,0.000000,0.000000,1.000000,0.000000,0.000000,0.000000,8.299068,1.000000,1.000000,1.000000,1.000000,0.000000,0.000000,0.195538,0.602228,0.840525,23.350276,0.386670,0.257780,0.966667,0.375003,7.675831,0.000000,True,True,True,1.000000,1.000000,1.000000,2251,28
0.000000,0.000000,29.000000,1.000000,0.000000,0.000000,1.000000,0.000000,0.000000,0.000000,8.383883,1.000000,1.000000,1.000000,1.000000,0.000000,0.000000,0.198053,0.587234,0.833938,22.976502,0.386668,0.257779,0.966667,0.373774,7.675831,0.000000,True,True,True,1.000000,1.000000,1.000000,2252,28
0.000000,0.000000,29.000000,1.000000,0.000000,0.000000,1.000000,0.000000,0.000000,0.000000,8.412827,1.000000,1.000000,1.000000,1.000000,0.000000,0.000000,0.199762,0.590354,0.834815,22.602391,0.386668,0.257778,0.966667,0.374111,7.675831,0.000000,True,True,True,1.000000,1.000000,1.000000,2253,28
0.000000,0.000000,29.000000,1.000000,0.000000,0.000000,1.000000,0.000000,0.000000,0.000000,8.259141,1.000000,1.000000,1.000000,1.000000,0.000000,0.000000,0.194138,0.602284,0.841819,22.229485,0.386667,0.257778,0.966667,0.372907,7.675831,0.000000,True,True,True,1.000000,1.000000,1.000000,2254,28
0.000000,0.000000,29.000000,1.000000,0.000000,0.000000,1.000000,0.000000,1.000000,0.000000,7.910135,1.000000,1.000000,1.000000,1.000000,0.000000,0.000000,0.201564,0.588971,0.830413,21.856750,0.386667,0.257778,0.966667,0.372735,7.675831,0.000000,True,True,True,1.000000,1.000000,1.000000,2255,28
0.000000,0.000000,29.000000,1.000000,0.000000,0.000000,1.000000,0.000000,0.000000,0.000000,8.370025,1.000000,1.000000,1.000000,1.000000,0.000000,0.000000,0.262514,0.512295,0.756003,21.526573,0.406667,0.271111,0.966667,0.330177,7.675831,0.000000,True,True,True,,,,2256,28
0.000000,0.000000,29.000000,1.000000,0.000000,0.000000,1.000000,0.000000,0.000000,0.000000,8.372221,1.000000,1.000000,1.000000,1.000000,0.000000,0.000000,0.190861,0.567031,0.840990,21.142771,0.398630,0.265753,0.966667,0.383802,7.675831,0.000000,True,True,True,1.000000,1.000000,1.000000,2257,28
0.000000,0.000000,29.000000,1.000000,0.000000,0.000000,1.000000,0.000000,0.000000,0.000000,8.087217,1.000000,1.000000,1.000000,1.000000,0.000000,0.000000,0.181772,0.536513,0.852495,20.760823,0.390938,0.260626,0.966667,0.381948,7.675831,0.000000,True,True,True,1.000000,1.000000,1.000000,2258,28
0.000000,0.000000,29.000000,1.000000,0.000000,0.000000,1.000000,0.000000,1.000000,0.000000,7.720498,1.000000,1.000000,1.000000,1.000000,0.000000,0.000000,0.185995,0.527673,0.848408,20.381072,0.388865,0.259243,0.966667,0.379751,7.675831,0.000000,True,True,True,1.000000,1.000000,1.000000,2259,28
0.000000,0.000000,29.000000,1.000000,0.000000,0.000000,1.000000,0.000000,0.000000,0.000000,8.279992,1.000000,1.000000,1.000000,1.000000,0.000000,0.000000,0.243926,0.429316,0.768049,20.047359,0.407825,0.271883,0.966667,0.333713,7.675831,0.000000,True,True,True,,,,2260,28
0.000000,0.000000,29.000000,1.000000,0.000000,0.000000,1.000000,0.000000,0.000000,0.000000,8.265148,1.000000,1.000000,1.000000,1.000000,0.000000,0.000000,0.180792,0.484651,0.849968,19.656468,0.400815,0.267210,0.966667,0.390891,7.675831,0.000000,True,True,True,1.000000,1.000000,1.000000,2261,28
0.000000,0.000000,29.000000,1.000000,0.000000,0.000000,1.000000,0.000000,1.000000,0.000000,7.864689,1.000000,1.000000,1.000000,1.000000,0.000000,0.000000,0.177854,0.477451,0.851690,19.271164,0.392111,0.261408,0.966667,0.385304,7.675831,0.000000,True,True,True,1.000000,1.000000,1.000000,2262,28
0.000000,0.000000,29.000000,1.000000,0.000000,0.000000,1.000000,0.000000,1.000000,0.000000,7.876146,1.000000,1.000000,1.000000,1.000000,0.000000,0.000000,0.177180,0.479719,0.822613,18.932878,0.409470,0.272980,0.966667,0.338285,7.675831,0.000000,True,True,True,,,,2263,28
0.000000,0.000000,29.000000,1.000000,0.000000,0.000000,1.000000,0.000000,1.000000,0.000000,7.856103,1.000000,1.000000,1.000000,1.000000,0.000000,0.000000,0.193434,0.453809,0.787606,18.569427,0.440815,0.293877,0.966667,0.363452,7.675831,0.000000,True,True,True,1.000000,1.000000,1.000000,2264,28
0.000000,0.000000,29.000000,1.000000,0.000000,0.000000,1.000000,0.000000,0.000000,0.000000,8.233295,1.000000,1.000000,1.000000,1.000000,0.000000,0.000000,0.183290,0.481422,0.815987,18.186807,0.459813,0.306542,0.966667,0.382620,7.675831,0.000000,True,True,True,,,,2265,28
0.000000,0.000000,29.000000,1.000000,0.000000,0.000000,1.000000,0.000000,0.000000,0.000000,8.194422,1.000000,1.000000,1.000000,1.000000,0.000000,0.000000,0.062270,0.576457,0.937102,17.753545,0.446791,0.297861,0.966667,0.433262,7.675831,0.000000,True,True,True,1.000000,1.000000,1.000000,2266,28
0.000000,0.000000,29.000000,1.000000,0.000000,0.000000,1.000000,0.000000,0.000000,0.000000,8.087275,1.000000,1.000000,1.000000,1.000000,0.000000,0.000000,0.066856,0.589207,0.932908,17.332236,0.430179,0.286786,0.966667,0.421309,7.675831,0.000000,True,True,True,1.000000,1.000000,1.000000,2267,28
0.000000,0.000000,29.000000,1.000000,0.000000,0.000000,1.000000,0.000000,2.000000,0.000000,7.814719,1.000000,1.000000,1.000000,1.000000,0.000000,0.000000,0.070117,0.590723,0.929570,16.927935,0.413617,0.275745,0.966667,0.404301,7.675831,0.000000,True,True,True,1.000000,1.000000,1.000000,2268,28
0.000000,0.000000,29.000000,1.000000,0.000000,0.000000,1.000000,0.000000,0.000000,0.000000,8.371451,1.000000,1.000000,1.000000,1.000000,0.000000,0.000000,0.181738,0.503037,0.773877,16.606890,0.438792,0.292528,0.966667,0.321044,7.675831,0.000000,True,True,True,,,,2269,28
0.000000,0.000000,29.000000,1.000000,0.000000,0.000000,1.000000,0.000000,1.000000,0.000000,7.980580,1.000000,1.000000,1.000000,1.000000,0.000000,0.000000,0.083249,0.600297,0.919970,16.184410,0.438289,0.292193,0.966667,0.422480,7.675831,0.000000,True,True,True,1.000000,1.000000,1.000000,2270,28
0.000000,0.000000,29.000000,1.000000,0.000000,0.000000,1.000000,0.000000,1.000000,0.000000,6.934350,1.000000,1.000000,1.000000,1.000000,0.000000,0.000000,0.139231,0.519857,0.841914,15.822872,0.439048,0.292699,0.966667,0.361538,7.675831,0.000000,True,True,True,,,,2271,28
0.000000,0.000000,29.000000,1.000000,0.000000,0.000000,1.000000,0.000000,0.000000,0.000000,8.031450,1.000000,1.000000,1.000000,1.000000,0.000000,0.000000,0.130961,0.491387,0.840586,15.432672,0.466046,0.310698,0.966667,0.390200,7.675831,0.000000,True,True,True,1.000000,1.000000,1.000000,2272,28
0.000000,0.000000,29.000000,1.000000,0.000000,0.000000,1.000000,0.000000,1.000000,0.000000,7.819706,1.000000,1.000000,1.000000,1.000000,0.000000,0.000000,0.075772,0.548418,0.923557,14.983784,0.462545,0.308363,0.966667,0.448888,7.675831,0.000000,True,True,True,1.000000,1.000000,1.000000,2273,28
0.000000,0.000000,29.000000,1.000000,0.000000,0.000000,1.000000,0.000000,1.000000,0.000000,7.332202,1.000000,1.000000,1.000000,1.000000,0.000000,0.000000,0.142088,0.492609,0.838569,14.598914,0.461916,0.307944,0.966667,0.384870,7.675831,0.000000,True,True,True,,,,2274,28
0.000000,0.000000,29.000000,1.000000,0.000000,0.000000,1.000000,0.000000,0.000000,0.000000,8.090089,1.000000,1.000000,1.000000,1.000000,0.000000,0.000000,0.139617,0.475524,0.836311,14.194043,0.485465,0.323643,0.966667,0.404871,7.675831,0.000000,True,True,True,1.000000,1.000000,1.000000,2275,28
0.000000,0.000000,29.000000,1.000000,0.000000,0.000000,1.000000,0.000000,1.000000,0.000000,7.795780,1.000000,1.000000,1.000000,1.000000,0.000000,0.000000,0.073572,0.524506,0.926639,13.727568,0.478424,0.318950,0.966667,0.466475,7.675831,0.000000,True,True,True,1.000000,1.000000,1.000000,2276,28
0.000000,0.000000,29.000000,1.000000,0.000000,0.000000,1.000000,0.000000,1.000000,0.000000,7.724343,1.000000,1.000000,1.000000,1.000000,0.000000,0.000000,0.142874,0.462695,0.828957,13.328815,0.476263,0.317509,0.966667,0.398753,7.675831,0.000000,True,True,True,,,,2277,28
0.000000,0.000000,29.000000,1.000000,0.000000,0.000000,1.000000,0.000000,1.000000,0.000000,7.867264,1.000000,1.000000,1.000000,1.000000,0.000000,0.000000,0.101446,0.451032,0.883990,12.881036,0.500430,0.333620,0.966667,0.447779,7.675831,0.000000,True,True,True,1.000000,1.000000,1.000000,2278,28
0.000000,0.000000,29.000000,1.000000,0.000000,0.000000,1.000000,0.000000,0.000000,0.000000,8.061085,1.000000,1.000000,1.000000,1.000000,0.000000,0.000000,0.122686,0.413788,0.867924,12.426864,0.525725,0.350484,0.966667,0.454173,7.675831,0.000000,True,True,True,1.000000,1.000000,1.000000,2279,28
0.000000,0.000000,29.000000,1.000000,0.000000,0.000000,1.000000,0.000000,1.000000,0.000000,7.762863,1.000000,1.000000,1.000000,1.000000,0.000000,0.000000,0.113052,0.498723,0.884456,11.952597,0.510488,0.340325,0.966667,0.474266,7.675831,0.000000,True,True,True,1.000000,1.000000,1.000000,2280,28
0.000000,0.000000,29.000000,1.000000,0.000000,0.000000,1.000000,0.000000,1.000000,0.000000,7.057245,1.000000,1.000000,1.000000,1.000000,0.000000,0.000000,0.145829,0.403670,0.822323,11.527632,0.506490,0.337660,0.966667,0.424965,7.675831,0.000000,True,True,True,,,,2281,28
0.000000,0.000000,29.000000,1.000000,0.000000,0.000000,1.000000,0.000000,1.000000,0.000000,7.970278,1.000000,1.000000,1.000000,1.000000,0.000000,0.000000,0.105994,0.387321,0.880978,11.055889,0.526386,0.350924,0.966667,0.471743,7.675831,0.000000,True,True,True,1.000000,1.000000,1.000000,2282,28
0.000000,0.000000,29.000000,1.000000,0.000000,0.000000,1.000000,0.000000,2.000000,0.000000,7.576886,1.000000,1.000000,1.000000,1.000000,0.000000,0.000000,0.133638,0.352549,0.834678,10.604400,0.531674,0.354450,0.966667,0.451488,7.675831,0.000000,True,True,True,,,,2283,28
0.000000,0.000000,29.000000,1.000000,0.000000,0.000000,1.000000,0.000000,1.000000,0.000000,7.466656,1.000000,1.000000,1.000000,1.000000,0.000000,0.000000,0.127075,0.315844,0.847414,10.133341,0.562764,0.375176,0.966667,0.471059,7.675831,0.000000,True,True,True,,,,2284,28
0.000000,0.000000,29.000000,1.000000,0.000000,0.000000,1.000000,0.000000,2.000000,0.000000,7.582054,1.000000,1.000000,1.000000,1.000000,0.000000,0.000000,0.157998,0.340012,0.827357,9.656613,0.583825,0.389217,0.966667,0.476728,7.675831,0.000000,True,True,True,1.000000,1.000000,1.000000,2285,28
0.000000,0.000000,29.000000,1.000000,0.000000,0.000000,1.000000,0.000000,2.000000,0.000000,7.384146,1.000000,1.000000,1.000000,1.000000,0.000000,0.000000,0.149862,0.303861,0.823116,9.156725,0.603677,0.402451,0.966667,0.499888,7.675831,0.000000,True,True,True,,,,2286,28
0.000000,0.000000,29.000000,1.000000,0.000000,0.000000,1.000000,0.000000,1.000000,0.000000,7.838966,1.000000,1.000000,1.000000,1.000000,0.000000,0.000000,0.169971,0.263456,0.782169,8.667913,0.619040,0.412694,0.966667,0.488812,7.675831,0.000000,True,True,True,,,,2287,28
0.000000,0.000000,29.000000,1.000000,0.000000,0.000000,1.000000,0.000000,1.000000,0.000000,7.322628,1.000000,1.000000,1.000000,1.000000,0.000000,0.000000,0.106504,0.409398,0.883847,8.103764,0.613879,0.409253,0.966667,0.564150,7.675831,0.000000,True,True,True,,,,2288,28
0.000000,0.000000,29.000000,1.000000,0.000000,0.000000,1.000000,0.000000,2.000000,0.000000,7.176913,1.000000,1.000000,1.000000,1.000000,0.000000,0.000000,0.070524,0.368339,0.921528,7.520229,0.606236,0.404158,0.966667,0.583535,7.675831,0.000000,True,True,True,,,,2289,28
0.000000,0.000000,29.000000,1.000000,0.000000,0.000000,1.000000,0.000000,3.000000,0.000000,6.524426,1.000000,1.000000,1.000000,1.000000,0.000000,0.000000,0.072253,0.360314,0.915591,6.933847,0.611041,0.407360,0.966667,0.586382,7.675831,0.000000,True,True,True,,,,2290,28
0.000000,0.000000,29.000000,1.000000,0.000000,0.000000,1.000000,0.000000,2.000000,0.000000,7.293349,1.000000,1.000000,1.000000,1.000000,0.000000,0.000000,0.192457,0.326986,0.772688,6.407149,0.645985,0.430657,0.966667,0.526698,7.675831,0.000000,True,True,True,,,,2291,28
0.000000,0.000000,29.000000,1.000000,0.000000,0.000000,1.000000,0.000000,2.000000,0.000000,7.395402,1.000000,1.000000,1.000000,1.000000,0.000000,0.000000,0.148587,0.267864,0.830875,5.866046,0.655835,0.437224,0.966667,0.541103,7.675831,0.000000,True,True,True,,,,2292,28
0.000000,0.000000,29.000000,1.000000,0.000000,0.000000,1.000000,0.000000,2.000000,0.000000,7.803207,1.000000,1.000000,1.000000,1.000000,0.000000,0.000000,0.195488,0.339638,0.757416,5.322382,0.657586,0.438391,0.966667,0.543664,7.675831,0.000000,True,True,True,,,,2293,28
0.000000,0.000000,29.000000,1.000000,0.000000,0.000000,1.000000,0.000000,4.000000,0.000000,7.421792,1.000000,1.000000,1.000000,1.000000,0.000000,0.000000,0.194206,0.267920,0.770014,4.802169,0.670904,0.447269,0.966667,0.520213,7.675831,0.000000,True,True,True,,,,2294,28
0.000000,0.000000,29.000000,1.000000,0.000000,0.000000,1.000000,0.000000,3.000000,0.000000,7.583828,1.000000,1.000000,1.000000,1.000000,0.000000,0.000000,0.318039,0.154435,0.622453,4.329453,0.727950,0.485300,0.966667,0.472716,7.675831,0.000000,True,True,True,,,,2295,28
0.000000,0.000000,29.000000,1.000000,0.000000,0.000000,1.000000,0.000000,1.000000,0.000000,7.472821,1.000000,1.000000,1.000000,1.000000,0.000000,0.000000,0.306936,0.092302,0.643057,3.865826,0.761131,0.507421,0.966667,0.463627,7.675831,0.000000,True,True,True,1.000000,1.000000,1.000000,2296,28
0.000000,0.000000,29.000000,1.000000,0.000000,0.000000,1.000000,0.000000,0.000000,0.000000,8.052748,1.000000,1.000000,1.000000,1.000000,0.000000,0.000000,0.159616,0.287140,0.815368,3.241814,0.757065,0.504710,0.966667,0.624012,7.675831,0.000000,True,True,True,1.000000,1.000000,1.000000,2297,28
0.000000,0.000000,29.000000,1.000000,0.000000,0.000000,1.000000,0.000000,1.000000,0.000000,7.973844,1.000000,1.000000,1.000000,1.000000,0.000000,0.000000,0.074518,0.210348,0.919473,2.634127,0.724016,0.482677,0.966667,0.607687,7.675831,0.000000,True,True,True,1.000000,1.000000,1.000000,2298,28
0.000000,0.000000,29.000000,1.000000,0.000000,0.000000,1.000000,0.000000,2.000000,0.000000,7.554839,1.000000,1.000000,1.000000,1.000000,0.000000,0.000000,0.134062,0.278018,0.845199,2.005744,0.709259,0.472839,0.966667,0.628383,7.675831,0.000000,True,True,True,1.000000,1.000000,1.000000,2299,28
0.000000,0.000000,29.000000,1.000000,0.000000,0.000000,1.000000,0.000000,1.000000,0.000000,7.252068,1.000000,1.000000,1.000000,1.000000,0.000000,0.000000,0.214614,0.139293,0.746012,1.564925,0.702565,0.468377,0.966667,0.440819,7.675831,0.000000,True,True,True,,,,2300,28
0.000000,0.000000,29.000000,1.000000,0.000000,0.000000,1.000000,0.000000,2.000000,0.000000,7.597963,1.000000,1.000000,1.000000,1.000000,0.000000,0.000000,0.161795,0.127032,0.826581,1.186516,0.693331,0.462221,0.966667,0.378409,7.675831,0.000000,True,True,True,1.000000,1.000000,1.000000,2301,28
0.000000,0.000000,29.000000,1.000000,0.000000,0.000000,1.000000,0.000000,1.000000,0.000000,7.549829,1.000000,1.000000,1.000000,1.000000,0.000000,0.000000,0.224037,0.018430,0.751888,1.013631,0.694115,0.462743,0.966667,0.172886,7.675831,0.000000,True,True,True,,,,2302,28
0.000000,0.000000,29.000000,1.000000,0.000000,0.000000,1.000000,0.000000,2.000000,0.000000,7.764097,1.000000,1.000000,1.000000,1.000000,0.000000,0.000000,0.187308,0.088586,0.804688,1.054414,0.686785,0.457857,0.966667,-0.040784,7.675831,0.000000,True,True,True,1.000000,1.000000,1.000000,2303,28
0.000000,0.000000,29.000000,1.000000,0.000000,0.000000,1.000000,0.000000,3.000000,0.000000,7.511286,1.000000,1.000000,1.000000,1.000000,0.000000,0.000000,0.228220,-0.039780,0.751678,1.340060,0.687787,0.458525,0.966667,-0.285645,7.675831,0.000000,True,True,True,,,,2304,28
0.000000,0.000000,29.000000,1.000000,0.000000,0.000000,1.000000,0.000000,1.000000,0.000000,7.327165,1.000000,1.000000,1.000000,1.000000,0.000000,0.000000,0.242421,-0.053736,0.754979,1.740190,0.712757,0.475171,0.966667,-0.400130,7.675831,0.000000,True,True,True,,,,2305,28
0.000000,0.000000,29.000000,1.000000,0.000000,0.000000,1.000000,0.000000,2.000000,0.000000,7.197894,1.000000,1.000000,1.000000,1.000000,0.000000,0.000000,0.138022,0.031650,0.858632,2.281256,0.702471,0.468314,0.966667,-0.541066,7.675831,0.000000,True,True,True,1.000000,1.000000,1.000000,2306,28
0.000000,0.000000,29.000000,1.000000,0.000000,0.000000,1.000000,0.000000,2.000000,0.000000,7.110816,1.000000,1.000000,1.000000,1.000000,0.000000,0.000000,0.164494,-0.004296,0.807253,2.820664,0.692192,0.461462,0.966667,-0.539408,7.675831,0.000000,True,True,True,,,,2307,28
0.000000,0.000000,29.000000,1.000000,0.000000,0.000000,1.000000,0.000000,0.000000,0.000000,8.017617,1.000000,1.000000,1.000000,1.000000,0.000000,0.000000,0.203766,-0.069991,0.779791,3.356702,0.706584,0.471056,0.966667,-0.536038,7.675831,0.000000,True,True,True,1.000000,1.000000,1.000000,2308,28
0.000000,0.000000,29.000000,1.000000,0.000000,0.000000,1.000000,0.000000,1.000000,0.000000,7.889999,1.000000,1.000000,1.000000,1.000000,0.000000,0.000000,0.067036,0.047579,0.926279,3.984323,0.677606,0.451737,0.966667,-0.627621,7.675831,0.000000,True,True,True,1.000000,1.000000,1.000000,2309,28
0.000000,0.000000,29.000000,1.000000,0.000000,0.000000,1.000000,0.000000,2.000000,0.000000,6.986303,1.000000,1.000000,1.000000,1.000000,0.000000,0.000000,0.111463,-0.073636,0.877210,4.555451,0.660308,0.440205,0.966667,-0.571129,7.675831,0.000000,True,True,True,,,,2310,28
0.000000,0.000000,29.000000,1.000000,0.000000,0.000000,1.000000,0.000000,1.000000,0.000000,7.973604,1.000000,1.000000,1.000000,1.000000,0.000000,0.000000,0.178860,-0.123584,0.826140,5.079413,0.667752,0.445168,0.966667,-0.523962,7.675831,0.000000,True,True,True,1.000000,1.000000,1.000000,2311,28
0.000000,0.000000,29.000000,1.000000,0.000000,0.000000,1.000000,0.000000,1.000000,0.000000,7.934640,1.000000,1.000000,1.000000,1.000000,0.000000,0.000000,0.188093,-0.088565,0.792850,5.609934,0.660607,0.440404,0.966667,-0.530521,7.675831,0.000000,True,True,True,1.000000,1.000000,1.000000,2312,28
0.000000,0.000000,29.000000,1.000000,0.000000,0.000000,1.000000,0.000000,0.000000,0.000000,8.121676,1.000000,1.000000,1.000000,1.000000,0.000000,0.000000,0.161831,-0.058086,0.823116,6.139567,0.653155,0.435437,0.966667,-0.529633,7.675831,0.000000,True,True,True,1.000000,1.000000,1.000000,2313,28
0.000000,0.000000,29.000000,1.000000,0.000000,0.000000,1.000000,0.000000,2.000000,0.000000,7.492190,1.000000,1.000000,1.000000,1.000000,0.000000,0.000000,0.091028,-0.039341,0.900293,6.727155,0.629226,0.419484,0.966667,-0.587588,7.675831,0.000000,True,True,True,1.000000,1.000000,1.000000,2314,28
0.000000,0.000000,29.000000,1.000000,0.000000,0.000000,1.000000,0.000000,1.000000,0.000000,7.736219,1.000000,1.000000,1.000000,1.000000,0.000000,0.000000,0.186689,-0.210323,0.801554,7.218836,0.639805,0.426537,0.966667,-0.491681,7.675831,0.000000,True,True,True,,,,2315,28
0.000000,0.000000,29.000000,1.000000,0.000000,0.000000,1.000000,0.000000,2.000000,0.000000,6.973328,1.000000,1.000000,1.000000,1.000000,0.000000,0.000000,0.135166,-0.069736,0.853769,7.781544,0.641888,0.427925,0.966667,-0.562708,7.675831,0.000000,True,True,True,1.000000,1.000000,1.000000,2316,28
0.000000,0.000000,29.000000,1.000000,0.000000,0.000000,1.000000,0.000000,1.000000,0.000000,7.927259,1.000000,1.000000,1.000000,1.000000,0.000000,0.000000,0.191562,-0.273153,0.820638,8.295260,0.652143,0.434762,0.966667,-0.513715,7.675831,0.000000,True,True,True,,,,2317,28
0.000000,0.000000,29.000000,1.000000,0.000000,0.000000,1.000000,0.000000,2.000000,0.000000,7.433157,1.000000,1.000000,1.000000,1.000000,0.000000,0.000000,0.123970,-0.218164,0.859676,8.846399,0.633653,0.422436,0.966667,-0.551140,7.675831,0.000000,True,True,True,,,,2318,28
0.000000,0.000000,29.000000,1.000000,0.000000,0.000000,1.000000,0.000000,3.000000,0.000000,7.441788,1.000000,1.000000,1.000000,1.000000,0.000000,0.000000,0.153688,-0.236014,0.835810,9.383364,0.645563,0.430375,0.966667,-0.536965,7.675831,0.000000,True,True,True,1.000000,1.000000,1.000000,2319,28
0.000000,0.000000,29.000000,1.000000,0.000000,0.000000,1.000000,0.000000,1.000000,0.000000,7.728381,1.000000,1.000000,1.000000,1.000000,0.000000,0.000000,0.278369,-0.284343,0.758615,9.853477,0.677424,0.451616,0.966667,-0.470113,7.675831,0.000000,True,True,True,,,,2320,28
0.000000,0.000000,29.000000,1.000000,0.000000,0.000000,1.000000,0.000000,2.000000,0.000000,7.821930,1.000000,1.000000,1.000000,1.000000,0.000000,0.000000,0.184004,-0.221499,0.834782,10.397300,0.664302,0.442868,0.966667,-0.543822,7.675831,0.000000,True,True,True,1.000000,1.000000,1.000000,2321,28
0.000000,0.000000,29.000000,1.000000,0.000000,0.000000,1.000000,0.000000,1.000000,0.000000,7.794145,1.000000,1.000000,1.000000,1.000000,0.000000,0.000000,0.288707,-0.184974,0.713630,10.896449,0.678256,0.452171,0.966667,-0.499149,7.675831,0.000000,True,True,True,1.000000,1.000000,1.000000,2322,28
0.000000,0.000000,29.000000,1.000000,0.000000,0.000000,1.000000,0.000000,1.000000,0.000000,7.785850,1.000000,1.000000,1.000000,1.000000,0.000000,0.000000,0.254290,-0.197242,0.767446,11.438987,0.679918,0.453279,0.966667,-0.542538,7.675831,0.000000,True,True,True,1.000000,1.000000,1.000000,2323,28
0.000000,0.000000,29.000000,1.000000,0.000000,0.000000,1.000000,0.000000,1.000000,0.000000,7.979700,1.000000,1.000000,1.000000,1.000000,0.000000,0.000000,0.262693,-0.020015,0.756675,11.973147,0.661658,0.441105,0.966667,-0.534159,7.675831,0.000000,True,True,True,,,,2324,28
0.000000,0.000000,29.000000,1.000000,0.000000,0.000000,1.000000,0.000000,3.000000,0.000000,7.640296,1.000000,1.000000,1.000000,1.000000,0.000000,0.000000,0.154987,-0.221731,0.865411,12.568051,0.658933,0.439289,0.966667,-0.594904,7.675831,0.000000,True,True,True,1.000000,1.000000,1.000000,2325,28
0.000000,0.000000,29.000000,1.000000,0.000000,0.000000,1.000000,0.000000,2.000000,0.000000,7.159242,1.000000,1.000000,1.000000,1.000000,0.000000,0.000000,0.423563,-0.080544,0.600012,12.980845,0.698885,0.465923,0.966667,-0.412794,7.675831,0.000000,True,True,True,,,,2326,28
0.000000,0.000000,29.000000,1.000000,0.000000,0.000000,1.000000,0.000000,2.000000,0.000000,7.571528,1.000000,1.000000,1.000000,1.000000,0.000000,0.000000,0.317846,-0.307946,0.716420,13.487287,0.718488,0.478992,0.966667,-0.506443,7.675831,0.000000,True,True,True,1.000000,1.000000,1.000000,2327,28
0.000000,0.000000,29.000000,1.000000,0.000000,0.000000,1.000000,0.000000,2.000000,0.000000,7.423977,1.000000,1.000000,1.000000,1.000000,0.000000,0.000000,0.268820,-0.182697,0.725456,14.002924,0.705320,0.470214,0.966667,-0.515637,7.675831,0.000000,True,True,True,,,,2328,28
0.000000,0.000000,29.000000,1.000000,0.000000,0.000000,1.000000,0.000000,1.000000,0.000000,7.522597,1.000000,1.000000,1.000000,1.000000,0.000000,0.000000,0.372665,-0.304418,0.673415,14.485866,0.717232,0.478155,0.966667,-0.482942,7.675831,0.000000,True,True,True,1.000000,1.000000,1.000000,2329,28
0.000000,0.000000,29.000000,1.000000,0.000000,0.000000,1.000000,0.000000,1.000000,0.000000,7.790555,1.000000,1.000000,1.000000,1.000000,0.000000,0.000000,0.281092,-0.163742,0.732592,14.992977,0.694563,0.463042,0.966667,-0.507112,7.675831,0.000000,True,True,True,,,,2330,28
0.000000,0.000000,29.000000,1.000000,0.000000,0.000000,1.000000,0.000000,1.000000,0.000000,7.412076,1.000000,1.000000,1.000000,1.000000,0.000000,0.000000,0.263440,-0.328197,0.778024,15.520938,0.690194,0.460130,0.966667,-0.527960,7.675831,0.000000,True,True,True,1.000000,1.000000,1.000000,2331,28
0.000000,0.000000,29.000000,1.000000,0.000000,0.000000,1.000000,0.000000,0.000000,0.000000,8.070715,1.000000,1.000000,1.000000,1.000000,0.000000,0.000000,0.360041,-0.186132,0.699163,15.985566,0.672382,0.448255,0.966667,-0.464629,7.675831,0.000000,True,True,True,,,,2332,28
0.000000,0.000000,29.000000,1.000000,0.000000,0.000000,1.000000,0.000000,2.000000,0.000000,7.862081,1.000000,1.000000,1.000000,1.000000,0.000000,0.000000,0.250626,-0.373012,0.763135,16.473016,0.647807,0.431871,0.966667,-0.487450,7.675831,0.000000,True,True,True,1.000000,1.000000,1.000000,2333,28
0.000000,0.000000,29.000000,1.000000,0.000000,0.000000,1.000000,0.000000,1.000000,0.000000,7.817799,1.000000,1.000000,1.000000,1.000000,0.000000,0.000000,0.482228,-0.182114,0.561619,16.864233,0.650617,0.433744,0.966667,-0.391217,7.675831,0.000000,True,True,True,,,,2334,28
0.000000,0.000000,29.000000,1.000000,0.000000,0.000000,1.000000,0.000000,1.000000,0.000000,7.959395,1.000000,1.000000,1.000000,1.000000,0.000000,0.000000,0.298830,-0.350496,0.705791,17.306978,0.634060,0.422706,0.966667,-0.442745,7.675831,0.000000,True,True,True,,,,2335,28
0.000000,0.000000,29.000000,1.000000,0.000000,0.000000,1.000000,0.000000,1.000000,0.000000,7.960568,1.000000,1.000000,1.000000,1.000000,0.000000,0.000000,0.489801,-0.157097,0.582294,17.661394,0.637565,0.425043,0.966667,-0.354416,7.675831,0.000000,True,True,True,1.000000,1.000000,1.000000,2336,28
0.000000,0.000000,29.000000,1.000000,0.000000,0.000000,1.000000,0.000000,0.000000,0.000000,8.125767,1.000000,1.000000,1.000000,1.000000,0.000000,0.000000,0.418286,-0.498424,0.628923,18.025529,0.634443,0.422962,0.966667,-0.364135,7.675831,0.000000,True,True,True,1.000000,1.000000,1.000000,2337,28
0.000000,0.000000,29.000000,1.000000,0.000000,0.000000,1.000000,0.000000,0.000000,0.000000,8.099229,1.000000,1.000000,1.000000,1.000000,0.000000,0.000000,0.277116,-0.151624,0.758798,18.544360,0.606864,0.404576,0.966667,-0.518832,7.675831,0.000000,True,True,True,1.000000,1.000000,1.000000,2338,28
0.000000,0.000000,29.000000,1.000000,0.000000,0.000000,1.000000,0.000000,0.000000,0.000000,8.112068,1.000000,1.000000,1.000000,1.000000,0.000000,0.000000,0.162063,-0.403993,0.864718,19.041226,0.586567,0.391044,0.966667,-0.496866,7.675831,0.000000,True,True,True,1.000000,1.000000,1.000000,2339,28
0.000000,0.000000,29.000000,1.000000,0.000000,0.000000,1.000000,0.000000,0.000000,0.000000,8.123905,1.000000,1.000000,1.000000,1.000000,0.000000,0.000000,0.332277,-0.206326,0.732322,19.494886,0.567454,0.378303,0.966667,-0.453660,7.675831,0.000000,True,True,True,1.000000,1.000000,1.000000,2340,28
0.000000,0.000000,29.000000,1.000000,0.000000,0.000000,1.000000,0.000000,1.000000,0.000000,7.974141,1.000000,1.000000,1.000000,1.000000,0.000000,0.000000,0.185696,-0.366703,0.842091,19.942348,0.549011,0.366007,0.966667,-0.447462,7.675831,0.000000,True,True,True,1.000000,1.000000,1.000000,2341,28
0.000000,0.000000,29.000000,1.000000,0.000000,0.000000,1.000000,0.000000,1.000000,0.000000,7.664692,1.000000,1.000000,1.000000,1.000000,0.000000,0.000000,0.299137,-0.333947,0.753977,20.380368,0.547128,0.364752,0.966667,-0.438020,7.675831,0.000000,True,True,True,,,,2342,28
0.000000,0.000000,29.000000,1.000000,0.000000,0.000000,1.000000,0.000000,1.000000,0.000000,6.667008,1.000000,1.000000,1.000000,1.000000,0.000000,0.000000,0.260487,-0.466654,0.770727,20.756164,0.541722,0.361148,0.966667,-0.375796,7.675831,0.000000,True,True,True,,,,2343,28
0.000000,0.000000,29.000000,1.000000,0.000000,0.000000,1.000000,0.000000,0.000000,0.000000,8.249938,1.000000,1.000000,1.000000,1.000000,0.000000,0.000000,0.383960,-0.345587,0.690801,21.140052,0.550428,0.366952,0.966667,-0.383888,7.675831,0.000000,True,True,True,1.000000,1.000000,1.000000,2344,28
0.000000,0.000000,29.000000,1.000000,0.000000,0.000000,1.000000,0.000000,0.000000,0.000000,8.086492,1.000000,1.000000,1.000000,1.000000,0.000000,0.000000,0.231661,-0.399253,0.800242,21.597854,0.521946,0.347964,0.966667,-0.457801,7.675831,0.000000,True,True,True,1.000000,1.000000,1.000000,2345,28
0.000000,0.000000,29.000000,1.000000,0.000000,0.000000,1.000000,0.000000,1.000000,0.000000,7.806576,1.000000,1.000000,1.000000,1.000000,0.000000,0.000000,0.281876,-0.298824,0.754042,22.005548,0.504394,0.336262,0.966667,-0.407694,7.675831,0.000000,True,True,True,1.000000,1.000000,1.000000,2346,28
0.000000,0.000000,29.000000,1.000000,0.000000,0.000000,1.000000,0.000000,1.000000,0.000000,7.512616,1.000000,1.000000,1.000000,1.000000,0.000000,0.000000,0.311429,-0.358973,0.746025,22.398506,0.506342,0.337561,0.966667,-0.392958,7.675831,0.000000,True,True,True,,,,2347,28
0.000000,0.000000,29.000000,1.000000,0.000000,0.000000,1.000000,0.000000,1.000000,0.000000,7.845114,1.000000,1.000000,1.000000,1.000000,0.000000,0.000000,0.424068,-0.311082,0.677659,22.761129,0.520229,0.346819,0.966667,-0.362623,7.675831,0.000000,True,True,True,1.000000,1.000000,1.000000,2348,28
0.000000,0.000000,29.000000,1.000000,0.000000,0.000000,1.000000,0.000000,0.000000,0.000000,8.228029,1.000000,1.000000,1.000000,1.000000,0.000000,0.000000,0.365417,-0.358821,0.706330,23.199241,0.509204,0.339470,0.966667,-0.438112,7.675831,0.000000,True,True,True,,,,2349,28
0.000000,0.000000,29.000000,1.000000,0.000000,0.000000,1.000000,0.000000,0.000000,0.000000,8.096653,1.000000,1.000000,1.000000,1.000000,0.000000,0.000000,0.363207,-0.292993,0.711122,23.656437,0.490835,0.327223,0.966667,-0.457196,7.675831,0.000000,True,True,True,1.000000,1.000000,1.000000,2350,28
0.000000,0.000000,29.000000,1.000000,0.000000,0.000000,1.000000,0.000000,1.000000,0.000000,7.960588,1.000000,1.000000,1.000000,1.000000,0.000000,0.000000,0.368167,-0.411167,0.703755,24.078390,0.475975,0.317317,0.966667,-0.421954,7.675831,0.000000,True,True,True,1.000000,1.000000,1.000000,2351,28
0.000000,0.000000,29.000000,1.000000,0.000000,0.000000,1.000000,0.000000,0.000000,0.000000,8.144523,1.000000,1.000000,1.000000,1.000000,0.000000,0.000000,0.413451,-0.244171,0.674312,24.491393,0.497566,0.331711,0.966667,-0.413003,7.675831,0.000000,True,True,True,1.000000,1.000000,1.000000,2352,28
0.000000,0.000000,29.000000,1.000000,0.000000,0.000000,1.000000,0.000000,0.000000,0.000000,8.337937,1.000000,1.000000,1.000000,1.000000,0.000000,0.000000,0.516686,-0.419887,0.536745,24.843181,0.490772,0.327181,0.966667,-0.351787,7.675831,0.000000,True,True,True,1.000000,1.000000,1.000000,2353,28
0.000000,0.000000,29.000000,1.000000,0.000000,0.000000,1.000000,0.000000,0.000000,0.000000,8.504895,1.000000,1.000000,1.000000,1.000000,0.000000,0.000000,0.434703,-0.278155,0.644964,25.194078,0.478027,0.318685,0.966667,-0.350897,7.675831,0.000000,True,True,True,1.000000,1.000000,1.000000,2354,28
0.000000,0.000000,29.000000,1.000000,0.000000,0.000000,1.000000,0.000000,0.000000,0.000000,8.392935,1.000000,1.000000,1.000000,1.000000,0.000000,0.000000,0.451376,-0.446510,0.617328,25.533207,0.465147,0.310098,0.966667,-0.339128,7.675831,0.000000,True,True,True,1.000000,1.000000,1.000000,2355,28
0.000000,0.000000,29.000000,1.000000,0.000000,0.000000,1.000000,0.000000,1.000000,0.000000,7.969997,1.000000,1.000000,1.000000,1.000000,0.000000,0.000000,0.429664,-0.245729,0.646109,25.871749,0.452659,0.301773,0.966667,-0.338543,7.675831,0.000000,True,True,True,1.000000,1.000000,1.000000,2356,28
0.000000,0.000000,29.000000,1.000000,0.000000,0.000000,1.000000,0.000000,0.000000,0.000000,8.292763,1.000000,1.000000,1.000000,1.000000,0.000000,0.000000,0.607915,-0.520471,0.479177,26.089270,0.479064,0.319376,0.966667,-0.217520,7.675831,0.000000,True,True,True,1.000000,1.000000,1.000000,2357,28
0.000000,0.000000,29.000000,1.000000,0.000000,0.000000,1.000000,0.000000,0.000000,0.000000,8.675656,1.000000,1.000000,1.000000,1.000000,0.000000,0.000000,0.399217,-0.227023,0.665141,26.407510,0.457609,0.305073,0.966667,-0.318241,7.675831,0.000000,True,True,True,1.000000,1.000000,1.000000,2358,28
0.000000,0.000000,29.000000,1.000000,0.000000,0.000000,1.000000,0.000000,0.000000,0.000000,8.448708,1.000000,1.000000,1.000000,1.000000,0.000000,0.000000,0.630489,-0.350787,0.450987,26.613564,0.444687,0.296458,0.966667,-0.206053,7.675831,0.000000,True,True,True,1.000000,1.000000,1.000000,2359,28
0.000000,0.000000,29.000000,1.000000,0.000000,0.000000,1.000000,0.000000,0.000000,0.000000,8.543890,1.000000,1.000000,1.000000,1.000000,0.000000,0.000000,0.427463,-0.299972,0.622808,26.831865,0.432964,0.288643,0.966667,-0.218301,7.675831,0.000000,True,True,True,1.000000,1.000000,1.000000,2360,28
0.000000,0.000000,29.000000,1.000000,0.000000,0.000000,1.000000,0.000000,0.000000,0.000000,8.466904,1.000000,1.000000,1.000000,1.000000,0.000000,0.000000,0.555802,-0.500652,0.511193,27.022502,0.422104,0.281402,0.966667,-0.190637,7.675831,0.000000,True,True,True,1.000000,1.000000,1.000000,2361,28
0.000000,0.000000,29.000000,1.000000,0.000000,0.000000,1.000000,0.000000,0.000000,0.000000,8.551104,1.000000,1.000000,1.000000,1.000000,0.000000,0.000000,0.452125,-0.239690,0.599873,27.287070,0.412571,0.275047,0.966667,-0.264569,7.675831,0.000000,True,True,True,1.000000,1.000000,1.000000,2362,28
0.000000,0.000000,29.000000,1.000000,0.000000,0.000000,1.000000,0.000000,0.000000,0.000000,8.554910,1.000000,1.000000,1.000000,1.000000,0.000000,0.000000,0.672295,-0.361550,0.399775,27.428717,0.404518,0.269678,0.966667,-0.141646,7.675831,0.000000,True,True,True,1.000000,1.000000,1.000000,2363,28
0.000000,0.000000,29.000000,1.000000,0.000000,0.000000,1.000000,0.000000,0.000000,0.000000,8.264484,1.000000,1.000000,1.000000,1.000000,0.000000,0.000000,0.522579,-0.148133,0.537464,27.621254,0.398558,0.265705,0.966667,-0.192537,7.675831,0.000000,True,True,True,1.000000,1.000000,1.000000,2364,28
0.000000,0.000000,29.000000,1.000000,0.000000,0.000000,1.000000,0.000000,1.000000,0.000000,7.867856,1.000000,1.000000,1.000000,1.000000,0.000000,0.000000,0.499967,-0.420963,0.591960,27.817159,0.394487,0.262992,0.966667,-0.195905,7.675831,0.000000,True,True,True,1.000000,1.000000,1.000000,2365,28
0.000000,0.000000,29.000000,1.000000,0.000000,0.000000,1.000000,0.000000,0.000000,0.000000,8.617087,1.000000,1.000000,1.000000,1.000000,0.000000,0.000000,0.491610,-0.453369,0.609691,28.018351,0.411781,0.274521,0.966667,-0.201191,7.675831,0.000000,True,True,True,,,,2366,28
0.000000,0.000000,29.000000,1.000000,0.000000,0.000000,1.000000,0.000000,0.000000,0.000000,8.442614,1.000000,1.000000,1.000000,1.000000,0.000000,0.000000,0.547856,-0.409406,0.563849,28.243984,0.394621,0.263080,0.966667,-0.225634,7.675831,0.000000,True,True,True,1.000000,1.000000,1.000000,2367,28
0.000000,0.000000,29.000000,1.000000,0.000000,0.000000,1.000000,0.000000,0.000000,0.000000,8.044780,1.000000,1.000000,1.000000,1.000000,0.000000,0.000000,0.460759,-0.382224,0.640034,28.479551,0.389936,0.259957,0.966667,-0.235567,7.675831,0.000000,True,True,True,1.000000,1.000000,1.000000,2368,28
0.000000,0.000000,29.000000,1.000000,0.000000,0.000000,1.000000,0.000000,1.000000,0.000000,7.655673,1.000000,1.000000,1.000000,1.000000,0.000000,0.000000,0.425457,-0.493510,0.665279,28.741465,0.388721,0.259147,0.966667,-0.261914,7.675831,0.000000,True,True,True,1.000000,1.000000,1.000000,2369,28
0.000000,0.000000,29.000000,1.000000,0.000000,0.000000,1.000000,0.000000,0.000000,0.000000,8.417503,1.000000,1.000000,1.000000,1.000000,0.000000,0.000000,0.461119,-0.477514,0.642279,28.960164,0.407986,0.271991,0.966667,-0.218699,7.675831,0.000000,True,True,True,,,,2370,28
0.000000,0.000000,29.000000,1.000000,0.000000,0.000000,1.000000,0.000000,0.000000,0.000000,8.239796,1.000000,1.000000,1.000000,1.000000,0.000000,0.000000,0.487324,-0.416291,0.600207,29.208062,0.391616,0.261077,0.966667,-0.247897,7.675831,0.000000,True,True,True,1.000000,1.000000,1.000000,2371,28
0.000000,0.000000,29.000000,1.000000,0.000000,0.000000,1.000000,0.000000,1.000000,0.000000,7.861627,1.000000,1.000000,1.000000,1.000000,0.000000,0.000000,0.439849,-0.409880,0.622065,29.418739,0.388310,0.258873,0.966667,-0.210677,7.675831,0.000000,True,True,True,1.000000,1.000000,1.000000,2372,28
0.000000,0.000000,29.000000,1.000000,0.000000,0.000000,1.000000,0.000000,0.000000,0.000000,8.337965,1.000000,1.000000,1.000000,1.000000,0.000000,0.000000,0.474310,-0.526600,0.594018,29.606173,0.407731,0.271821,0.966667,-0.187434,7.675831,0.000000,True,True,True,,,,2373,28
0.000000,0.000000,29.000000,1.000000,0.000000,0.000000,1.000000,0.000000,0.000000,0.000000,8.232965,1.000000,1.000000,1.000000,1.000000,0.000000,0.000000,0.614247,-0.314682,0.447701,29.794817,0.391398,0.260932,0.966667,-0.188643,7.675831,0.000000,True,True,True,1.000000,1.000000,1.000000,2374,28
0.000000,0.000000,29.000000,1.000000,0.000000,0.000000,1.000000,0.000000,0.000000,0.000000,8.078286,1.000000,1.000000,1.000000,1.000000,0.000000,0.000000,0.516155,-0.416438,0.545104,29.954258,0.388185,0.258790,0.966667,-0.159442,7.675831,0.000000,True,True,True,1.000000,1.000000,1.000000,2375,28
0.000000,0.000000,29.000000,1.000000,0.000000,0.000000,1.000000,0.000000,2.000000,0.000000,7.816380,1.000000,1.000000,1.000000,1.000000,0.000000,0.000000,0.545320,-0.398908,0.547941,30.137639,0.387643,0.258429,0.966667,-0.183381,7.675831,0.000000,True,True,True,1.000000,1.000000,1.000000,2376,28
0.000000,0.000000,29.000000,1.000000,0.000000,0.000000,1.000000,0.000000,0.000000,0.000000,8.473437,1.000000,1.000000,1.000000,1.000000,0.000000,0.000000,0.619068,-0.474644,0.477554,30.215887,0.427332,0.284888,0.966667,-0.078248,7.675831,0.000000,True,True,True,,,,2377,28
0.000000,0.000000,29.000000,1.000000,0.000000,0.000000,1.000000,0.000000,0.000000,0.000000,8.268775,1.000000,1.000000,1.000000,1.000000,0.000000,0.000000,0.608920,-0.344811,0.447146,30.315792,0.403392,0.268928,0.966667,-0.099905,7.675831,0.000000,True,True,True,1.000000,1.000000,1.000000,2378,28
0.000000,0.000000,29.000000,1.000000,0.000000,0.000000,1.000000,0.000000,1.000000,0.000000,7.876120,1.000000,1.000000,1.000000,1.000000,0.000000,0.000000,0.571299,-0.320724,0.475900,30.406669,0.392876,0.261917,0.966667,-0.090878,7.675831,0.000000,True,True,True,1.000000,1.000000,1.000000,2379,28
0.000000,0.000000,29.000000,1.000000,0.000000,0.000000,1.000000,0.000000,0.000000,0.000000,8.640568,1.000000,1.000000,1.000000,1.000000,0.000000,0.000000,0.638502,-0.236097,0.432529,30.395897,0.410163,0.273442,0.966667,0.010773,7.675831,0.000000,True,True,True,,,,2380,28
0.000000,0.000000,29.000000,1.000000,0.000000,0.000000,1.000000,0.000000,0.000000,0.000000,8.397173,1.000000,1.000000,1.000000,1.000000,0.000000,0.000000,0.354424,0.073804,0.721535,30.223712,0.395412,0.263608,0.966667,0.172184,7.675831,0.000000,True,True,True,1.000000,1.000000,1.000000,2381,28
0.000000,0.000000,29.000000,1.000000,0.000000,0.000000,1.000000,0.000000,0.000000,0.000000,8.277256,1.000000,1.000000,1.000000,1.000000,0.000000,0.000000,0.353958,0.161587,0.729957,29.993732,0.390452,0.260301,0.966667,0.229980,7.675831,0.000000,True,True,True,1.000000,1.000000,1.000000,2382,28
0.000000,0.000000,29.000000,1.000000,0.000000,0.000000,1.000000,0.000000,0.000000,0.000000,8.395430,1.000000,1.000000,1.000000,1.000000,0.000000,0.000000,0.334886,0.263124,0.756333,29.722408,0.389153,0.259435,0.966667,0.271324,7.675831,0.000000,True,True,True,1.000000,1.000000,1.000000,2383,28
0.000000,0.000000,29.000000,1.000000,0.000000,0.000000,1.000000,0.000000,0.000000,0.000000,8.579544,1.000000,1.000000,1.000000,1.000000,0.000000,0.000000,0.342561,0.313522,0.750600,29.425225,0.388352,0.258902,0.966667,0.297183,7.675831,0.000000,True,True,True,1.000000,1.000000,1.000000,2384,28
0.000000,0.000000,29.000000,1.000000,0.000000,0.000000,1.000000,0.000000,0.000000,0.000000,8.293079,1.000000,1.000000,1.000000,1.000000,0.000000,0.000000,0.316883,0.380468,0.769793,29.109090,0.387807,0.258538,0.966667,0.316135,7.675831,0.000000,True,True,True,1.000000,1.000000,1.000000,2385,28
0.000000,0.000000,29.000000,1.000000,0.000000,0.000000,1.000000,0.000000,0.000000,0.000000,8.031752,1.000000,1.000000,1.000000,1.000000,0.000000,0.000000,0.307405,0.408483,0.778083,28.785585,0.387442,0.258295,0.966667,0.323505,7.675831,0.000000,True,True,True,1.000000,1.000000,1.000000,2386,28
0.000000,0.000000,29.000000,1.000000,0.000000,0.000000,1.000000,0.000000,1.000000,0.000000,7.812062,1.000000,1.000000,1.000000,1.000000,0.000000,0.000000,0.306441,0.429165,0.769257,28.452418,0.387195,0.258130,0.966667,0.333167,7.675831,0.000000,True,True,True,1.000000,1.000000,1.000000,2387,28
0.000000,0.000000,29.000000,1.000000,0.000000,0.000000,1.000000,0.000000,0.000000,0.000000,8.699495,1.000000,1.000000,1.000000,1.000000,0.000000,0.000000,0.379752,0.376266,0.689227,28.156865,0.407007,0.271338,0.966667,0.295553,7.675831,0.000000,True,True,True,,,,2388,28
0.000000,0.000000,29.000000,1.000000,0.000000,0.000000,1.000000,0.000000,0.000000,0.000000,8.400199,1.000000,1.000000,1.000000,1.000000,0.000000,0.000000,0.314764,0.427569,0.754132,27.805216,0.396016,0.264011,0.966667,0.351649,7.675831,0.000000,True,True,True,1.000000,1.000000,1.000000,2389,28
0.000000,0.000000,29.000000,1.000000,0.000000,0.000000,1.000000,0.000000,0.000000,0.000000,8.256048,1.000000,1.000000,1.000000,1.000000,0.000000,0.000000,0.316456,0.435179,0.758313,27.451459,0.390723,0.260482,0.966667,0.353757,7.675831,0.000000,True,True,True,1.000000,1.000000,1.000000,2390,28
0.000000,0.000000,29.000000,1.000000,0.000000,0.000000,1.000000,0.000000,0.000000,0.000000,8.111662,1.000000,1.000000,1.000000,1.000000,0.000000,0.000000,0.336856,0.498279,0.743687,27.095668,0.389141,0.259428,0.966667,0.355791,7.675831,0.000000,True,True,True,1.000000,1.000000,1.000000,2391,28
0.000000,0.000000,29.000000,1.000000,0.000000,0.000000,1.000000,0.000000,1.000000,0.000000,7.829152,1.000000,1.000000,1.000000,1.000000,0.000000,0.000000,0.338589,0.493410,0.737280,26.738425,0.388240,0.258827,0.966667,0.357243,7.675831,0.000000,True,True,True,1.000000,1.000000,1.000000,2392,28
0.000000,0.000000,29.000000,1.000000,0.000000,0.000000,1.000000,0.000000,1.000000,0.000000,7.577277,1.000000,1.000000,1.000000,1.000000,0.000000,0.000000,0.394012,0.451047,0.676318,26.417402,0.407582,0.271721,0.966667,0.321023,7.675831,0.000000,True,True,True,,,,2393,28
0.000000,0.000000,29.000000,1.000000,0.000000,0.000000,1.000000,0.000000,1.000000,0.000000,7.757203,1.000000,1.000000,1.000000,1.000000,0.000000,0.000000,0.387445,0.442290,0.676340,26.062403,0.435624,0.290416,0.966667,0.354999,7.675831,0.000000,True,True,True,1.000000,1.000000,1.000000,2394,28
0.000000,0.000000,29.000000,1.000000,0.000000,0.000000,1.000000,0.000000,0.000000,0.000000,8.239357,1.000000,1.000000,1.000000,1.000000,0.000000,0.000000,0.377146,0.496843,0.694157,25.675868,0.442982,0.295321,0.966667,0.386535,7.675831,0.000000,True,True,True,,,,2395,28
0.000000,0.000000,29.000000,1.000000,0.000000,0.000000,1.000000,0.000000,0.000000,0.000000,8.219627,1.000000,1.000000,1.000000,1.000000,0.000000,0.000000,0.242311,0.563217,0.805830,25.253898,0.430965,0.287310,0.966667,0.421970,7.675831,0.000000,True,True,True,1.000000,1.000000,1.000000,2396,28
0.000000,0.000000,29.000000,1.000000,0.000000,0.000000,1.000000,0.000000,0.000000,0.000000,8.157303,1.000000,1.000000,1.000000,1.000000,0.000000,0.000000,0.274531,0.576951,0.783524,24.853386,0.418321,0.278880,0.966667,0.400513,7.675831,0.000000,True,True,True,1.000000,1.000000,1.000000,2397,28
0.000000,0.000000,29.000000,1.000000,0.000000,0.000000,1.000000,0.000000,0.000000,0.000000,8.080704,1.000000,1.000000,1.000000,1.000000,0.000000,0.000000,0.242555,0.556233,0.803823,24.455299,0.405645,0.270430,0.966667,0.398087,7.675831,0.000000,True,True,True,1.000000,1.000000,1.000000,2398,28
0.000000,0.000000,29.000000,1.000000,0.000000,0.000000,1.000000,0.000000,1.000000,0.000000,7.977845,1.000000,1.000000,1.000000,1.000000,0.000000,0.000000,0.188783,0.606574,0.850057,24.066048,0.396767,0.264512,0.966667,0.389251,7.675831,0.000000,True,True,True,1.000000,1.000000,1.000000,2399,28
0.000000,0.000000,29.000000,1.000000,0.000000,0.000000,1.000000,0.000000,1.000000,0.000000,7.543437,1.000000,1.000000,1.000000,1.000000,0.000000,0.000000,0.180443,0.604569,0.850215,23.671715,0.412284,0.274856,0.966667,0.394333,7.675831,0.000000,True,True,True,,,,2400,28
0.000000,0.000000,29.000000,1.000000,0.000000,0.000000,1.000000,0.000000,2.000000,0.000000,7.324380,1.000000,1.000000,1.000000,1.000000,0.000000,0.000000,0.261350,0.540803,0.766937,23.307209,0.439049,0.292699,0.966667,0.364506,7.675831,0.000000,True,True,True,1.000000,1.000000,1.000000,2401,28
0.000000,0.000000,29.000000,1.000000,0.000000,0.000000,1.000000,0.000000,2.000000,0.000000,7.729096,1.000000,1.000000,1.000000,1.000000,0.000000,0.000000,0.297740,0.483069,0.727223,22.941443,0.483292,0.322195,0.966667,0.365766,7.675831,0.000000,True,True,True,,,,2402,28
0.000000,0.000000,29.000000,1.000000,0.000000,0.000000,1.000000,0.000000,1.000000,0.000000,7.972915,1.000000,1.000000,1.000000,1.000000,0.000000,0.000000,0.315170,0.463484,0.707721,22.551320,0.522462,0.348308,0.966667,0.390123,7.675831,0.000000,True,True,True,,,,2403,28
0.000000,0.000000,29.000000,1.000000,0.000000,0.000000,1.000000,0.000000,0.000000,0.000000,8.048754,1.000000,1.000000,1.000000,1.000000,0.000000,0.000000,0.261866,0.512494,0.764616,22.124057,0.525462,0.350308,0.966667,0.427263,7.675831,0.000000,True,True,True,,,,2404,28
0.000000,0.000000,29.000000,1.000000,0.000000,0.000000,1.000000,0.000000,1.000000,0.000000,7.899775,1.000000,1.000000,1.000000,1.000000,0.000000,0.000000,0.190428,0.587689,0.850177,21.623779,0.510071,0.340047,0.966667,0.500278,7.675831,0.000000,True,True,True,1.000000,1.000000,1.000000,2405,28
0.000000,0.000000,29.000000,1.000000,0.000000,0.000000,1.000000,0.000000,0.000000,0.000000,8.001013,1.000000,1.000000,1.000000,1.000000,0.000000,0.000000,0.224352,0.521777,0.799378,21.187258,0.509604,0.339736,0.966667,0.436521,7.675831,0.000000,True,True,True,,,,2406,28
0.000000,0.000000,29.000000,1.000000,0.000000,0.000000,1.000000,0.000000,1.000000,0.000000,7.926538,1.000000,1.000000,1.000000,1.000000,0.000000,0.000000,0.190499,0.545375,0.851755,20.712021,0.496150,0.330767,0.966667,0.475236,7.675831,0.000000,True,True,True,1.000000,1.000000,1.000000,2407,28
0.000000,0.000000,29.000000,1.000000,0.000000,0.000000,1.000000,0.000000,2.000000,0.000000,7.707761,1.000000,1.000000,1.000000,1.000000,0.000000,0.000000,0.117177,0.627797,0.906339,20.232047,0.497064,0.331376,0.966667,0.479975,7.675831,0.000000,True,True,True,,,,2408,28
0.000000,0.000000,29.000000,1.000000,0.000000,0.000000,1.000000,0.000000,1.000000,0.000000,7.705528,1.000000,1.000000,1.000000,1.000000,0.000000,0.000000,0.171902,0.561133,0.848442,19.770794,0.515415,0.343610,0.966667,0.461252,7.675831,0.000000,True,True,True,,,,2409,28
0.000000,0.000000,29.000000,1.000000,0.000000,0.000000,1.000000,0.000000,2.000000,0.000000,7.688551,1.000000,1.000000,1.000000,1.000000,0.000000,0.000000,0.121502,0.548489,0.894302,19.280452,0.517535,0.345023,0.966667,0.490343,7.675831,0.000000,True,True,True,,,,2410,28
0.000000,0.000000,29.000000,1.000000,0.000000,0.000000,1.000000,0.000000,2.000000,0.000000,6.979880,1.000000,1.000000,1.000000,1.000000,0.000000,0.000000,0.125997,0.495498,0.899541,18.772140,0.532288,0.354859,0.966667,0.508312,7.675831,0.000000,True,True,True,,,,2411,28
0.000000,0.000000,29.000000,1.000000,0.000000,0.000000,1.000000,0.000000,3.000000,0.000000,7.171238,1.000000,1.000000,1.000000,1.000000,0.000000,0.000000,0.171870,0.490748,0.837942,18.307854,0.548423,0.365616,0.966667,0.464286,7.675831,0.000000,True,True,True,,,,2412,28
0.000000,0.000000,29.000000,1.000000,0.000000,0.000000,1.000000,0.000000,3.000000,0.000000,7.375289,1.000000,1.000000,1.000000,1.000000,0.000000,0.000000,0.210933,0.421932,0.785672,17.832888,0.577563,0.385042,0.966667,0.474966,7.675831,0.000000,True,True,True,,,,2413,28
0.000000,0.000000,29.000000,1.000000,0.000000,0.000000,1.000000,0.000000,1.000000,0.000000,7.680106,1.000000,1.000000,1.000000,1.000000,0.000000,0.000000,0.220580,0.435859,0.784434,17.354058,0.609470,0.406314,0.966667,0.478830,7.675831,0.000000,True,True,True,,,,2414,28
0.000000,0.000000,29.000000,1.000000,0.000000,0.000000,1.000000,0.000000,0.000000,0.000000,8.199042,1.000000,1.000000,1.000000,1.000000,0.000000,0.000000,0.163110,0.422805,0.803400,16.879995,0.616814,0.411209,0.966667,0.474064,7.675831,0.000000,True,True,True,1.000000,1.000000,1.000000,2415,28
0.000000,0.000000,29.000000,1.000000,0.000000,0.000000,1.000000,0.000000,1.000000,0.000000,7.905253,1.000000,1.000000,1.000000,1.000000,0.000000,0.000000,0.130411,0.601316,0.870691,16.347002,0.602617,0.401744,0.966667,0.532993,7.675831,0.000000,True,True,True,1.000000,1.000000,1.000000,2416,28
0.000000,0.000000,29.000000,1.000000,0.000000,0.000000,1.000000,0.000000,0.000000,0.000000,8.039725,1.000000,1.000000,1.000000,1.000000,0.000000,0.000000,0.141875,0.535484,0.850587,15.835147,0.594424,0.396283,0.966667,0.511855,7.675831,0.000000,True,True,True,,,,2417,28
0.000000,0.000000,29.000000,1.000000,0.000000,0.000000,1.000000,0.000000,0.000000,0.000000,8.095129,1.000000,1.000000,1.000000,1.000000,0.000000,0.000000,0.110010,0.603621,0.897332,15.303192,0.575544,0.383696,0.966667,0.531955,7.675831,0.000000,True,True,True,1.000000,1.000000,1.000000,2418,28
0.000000,0.000000,29.000000,1.000000,0.000000,0.000000,1.000000,0.000000,2.000000,0.000000,7.737849,1.000000,1.000000,1.000000,1.000000,0.000000,0.000000,0.094331,0.583556,0.909422,14.779356,0.554303,0.369535,0.966667,0.523836,7.675831,0.000000,True,True,True,1.000000,1.000000,1.000000,2419,28
0.000000,0.000000,29.000000,1.000000,0.000000,0.000000,1.000000,0.000000,1.000000,0.000000,7.755047,1.000000,1.000000,1.000000,1.000000,0.000000,0.000000,0.206933,0.426467,0.763516,14.344775,0.579144,0.386096,0.966667,0.434581,7.675831,0.000000,True,True,True,,,,2420,28
0.000000,0.000000,29.000000,1.000000,0.000000,0.000000,1.000000,0.000000,0.000000,0.000000,8.151996,1.000000,1.000000,1.000000,1.000000,0.000000,0.000000,0.198436,0.417489,0.759698,13.909507,0.594581,0.396387,0.966667,0.435267,7.675831,0.000000,True,True,True,1.000000,1.000000,1.000000,2421,28
0.000000,0.000000,29.000000,1.000000,0.000000,0.000000,1.000000,0.000000,0.000000,0.000000,8.169589,1.000000,1.000000,1.000000,1.000000,0.000000,0.000000,0.116963,0.561581,0.887081,13.382637,0.578800,0.385867,0.966667,0.526870,7.675831,0.000000,True,True,True,1.000000,1.000000,1.000000,2422,28
0.000000,0.000000,29.000000,1.000000,0.000000,0.000000,1.000000,0.000000,0.000000,0.000000,8.119218,1.000000,1.000000,1.000000,1.000000,0.000000,0.000000,0.090042,0.506571,0.909004,12.863789,0.554009,0.369339,0.966667,0.518848,7.675831,0.000000,True,True,True,1.000000,1.000000,1.000000,2423,28
0.000000,0.000000,29.000000,1.000000,0.000000,0.000000,1.000000,0.000000,1.000000,0.000000,7.992751,1.000000,1.000000,1.000000,1.000000,0.000000,0.000000,0.093132,0.487434,0.909457,12.362472,0.530860,0.353907,0.966667,0.501317,7.675831,0.000000,True,True,True,1.000000,1.000000,1.000000,2424,28
0.000000,0.000000,29.000000,1.000000,0.000000,0.000000,1.000000,0.000000,0.000000,0.000000,8.051614,1.000000,1.000000,1.000000,1.000000,0.000000,0.000000,0.154184,0.450207,0.837986,11.928520,0.524484,0.349656,0.966667,0.433953,7.675831,0.000000,True,True,True,,,,2425,28
0.000000,0.000000,29.000000,1.000000,0.000000,0.000000,1.000000,0.000000,1.000000,0.000000,7.943455,1.000000,1.000000,1.000000,1.000000,0.000000,0.000000,0.073775,0.445577,0.923045,11.451541,0.506002,0.337335,0.966667,0.476978,7.675831,0.000000,True,True,True,1.000000,1.000000,1.000000,2426,28
0.000000,0.000000,29.000000,1.000000,0.000000,0.000000,1.000000,0.000000,3.000000,0.000000,7.104053,1.000000,1.000000,1.000000,1.000000,0.000000,0.000000,0.171363,0.385505,0.797815,11.038440,0.517951,0.345300,0.966667,0.413102,7.675831,0.000000,True,True,True,1.000000,1.000000,1.000000,2427,28
0.000000,0.000000,29.000000,1.000000,0.000000,0.000000,1.000000,0.000000,2.000000,0.000000,7.690336,1.000000,1.000000,1.000000,1.000000,0.000000,0.000000,0.285443,0.250300,0.648643,10.677055,0.587639,0.391759,0.966667,0.361385,7.675831,0.000000,True,True,True,1.000000,1.000000,1.000000,2428,28
0.000000,0.000000,29.000000,1.000000,0.000000,0.000000,1.000000,0.000000,1.000000,0.000000,7.613397,1.000000,1.000000,1.000000,1.000000,0.000000,0.000000,0.201824,0.359748,0.771974,10.173861,0.631551,0.421034,0.966667,0.503194,7.675831,0.000000,True,True,True,,,,2429,28
0.000000,0.000000,29.000000,1.000000,0.000000,0.000000,1.000000,0.000000,0.000000,0.000000,8.053851,1.000000,1.000000,1.000000,1.000000,0.000000,0.000000,0.137305,0.329258,0.846058,9.639631,0.639527,0.426352,0.966667,0.534230,7.675831,0.000000,True,True,True,1.000000,1.000000,1.000000,2430,28
0.000000,0.000000,29.000000,1.000000,0.000000,0.000000,1.000000,0.000000,1.000000,0.000000,7.434639,1.000000,1.000000,1.000000,1.000000,0.000000,0.000000,0.086652,0.422978,0.905889,9.066789,0.616603,0.411068,0.966667,0.572843,7.675831,0.000000,True,True,True,1.000000,1.000000,1.000000,2431,28
0.000000,0.000000,29.000000,1.000000,0.000000,0.000000,1.000000,0.000000,2.000000,0.000000,7.892323,1.000000,1.000000,1.000000,1.000000,0.000000,0.000000,0.129015,0.363199,0.854231,8.545574,0.604387,0.402924,0.966667,0.521215,7.675831,0.000000,True,True,True,,,,2432,28
0.000000,0.000000,29.000000,1.000000,0.000000,0.000000,1.000000,0.000000,0.000000,0.000000,8.161535,1.000000,1.000000,1.000000,1.000000,0.000000,0.000000,0.160551,0.203808,0.825016,8.102358,0.622559,0.415039,0.966667,0.443216,7.675831,0.000000,True,True,True,1.000000,1.000000,1.000000,2433,28
0.000000,0.000000,29.000000,1.000000,0.000000,0.000000,1.000000,0.000000,2.000000,0.000000,7.781799,1.000000,1.000000,1.000000,1.000000,0.000000,0.000000,0.086447,0.352290,0.905971,7.559531,0.600628,0.400419,0.966667,0.542826,7.675831,0.000000,True,True,True,1.000000,1.000000,1.000000,2434,28
0.000000,0.000000,29.000000,1.000000,0.000000,0.000000,1.000000,0.000000,2.000000,0.000000,7.710538,1.000000,1.000000,1.000000,1.000000,0.000000,0.000000,0.157262,0.221988,0.800785,7.122289,0.602631,0.401754,0.966667,0.437242,7.675831,0.000000,True,True,True,,,,2435,28
0.000000,0.000000,29.000000,1.000000,0.000000,0.000000,1.000000,0.000000,0.000000,0.000000,8.070559,1.000000,1.000000,1.000000,1.000000,0.000000,0.000000,0.179530,0.162491,0.787380,6.688330,0.634368,0.422912,0.966667,0.433959,7.675831,0.000000,True,True,True,1.000000,1.000000,1.000000,2436,28
0.000000,0.000000,29.000000,1.000000,0.000000,0.000000,1.000000,0.000000,2.000000,0.000000,7.632641,1.000000,1.000000,1.000000,1.000000,0.000000,0.000000,0.088046,0.221198,0.889564,6.188897,0.614312,0.409542,0.966667,0.499433,7.675831,0.000000,True,True,True,1.000000,1.000000,1.000000,2437,28
0.000000,0.000000,29.000000,1.000000,0.000000,0.000000,1.000000,0.000000,1.000000,0.000000,7.009595,1.000000,1.000000,1.000000,1.000000,0.000000,0.000000,0.124144,0.170063,0.842471,5.715965,0.611287,0.407524,0.966667,0.472932,7.675831,0.000000,True,True,True,,,,2438,28
0.000000,0.000000,29.000000,1.000000,0.000000,0.000000,1.000000,0.000000,2.000000,0.000000,7.551979,1.000000,1.000000,1.000000,1.000000,0.000000,0.000000,0.151177,0.189532,0.819495,5.264692,0.618181,0.412121,0.966667,0.451273,7.675831,0.000000,True,True,True,1.000000,1.000000,1.000000,2439,28
0.000000,0.000000,29.000000,1.000000,0.000000,0.000000,1.000000,0.000000,3.000000,0.000000,7.461378,1.000000,1.000000,1.000000,1.000000,0.000000,0.000000,0.082776,0.181219,0.901779,4.786225,0.620742,0.413828,0.966667,0.478467,7.675831,0.000000,True,True,True,,,,2440,28
0.000000,0.000000,29.000000,1.000000,0.000000,0.000000,1.000000,0.000000,2.000000,0.000000,7.110165,1.000000,1.000000,1.000000,1.000000,0.000000,0.000000,0.162865,0.155043,0.805921,4.362394,0.650072,0.433381,0.966667,0.423831,7.675831,0.000000,True,True,True,,,,2441,28
0.000000,0.000000,29.000000,1.000000,0.000000,0.000000,1.000000,0.000000,2.000000,0.000000,7.198788,1.000000,1.000000,1.000000,1.000000,0.000000,0.000000,0.157728,0.145283,0.819414,3.930192,0.664728,0.443152,0.966667,0.432202,7.675831,0.000000,True,True,True,,,,2442,28
0.000000,0.000000,29.000000,1.000000,0.000000,0.000000,1.000000,0.000000,1.000000,0.000000,7.871105,1.000000,1.000000,1.000000,1.000000,0.000000,0.000000,0.153666,0.127300,0.840243,3.543848,0.675795,0.450530,0.966667,0.386344,7.675831,0.000000,True,True,True,,,,2443,28
0.000000,0.000000,29.000000,1.000000,0.000000,0.000000,1.000000,0.000000,3.000000,0.000000,7.857543,1.000000,1.000000,1.000000,1.000000,0.000000,0.000000,0.092879,0.187024,0.897853,3.157698,0.661843,0.441229,0.966667,0.386150,7.675831,0.000000,True,True,True,,,,2444,28
0.000000,0.000000,29.000000,1.000000,0.000000,0.000000,1.000000,0.000000,2.000000,0.000000,7.165009,1.000000,1.000000,1.000000,1.000000,0.000000,0.000000,0.199593,0.035244,0.775995,2.911342,0.668551,0.445700,0.966667,0.246356,7.675831,0.000000,True,True,True,,,,2445,28
0.000000,0.000000,29.000000,1.000000,0.000000,0.000000,1.000000,0.000000,3.000000,0.000000,7.840799,1.000000,1.000000,1.000000,1.000000,0.000000,0.000000,0.230739,0.156630,0.764201,2.734075,0.688821,0.459214,0.966667,0.177267,7.675831,0.000000,True,True,True,1.000000,1.000000,1.000000,2446,28
0.000000,0.000000,29.000000,1.000000,0.000000,0.000000,1.000000,0.000000,2.000000,0.000000,7.581662,1.000000,1.000000,1.000000,1.000000,0.000000,0.000000,0.285693,-0.061401,0.689064,2.740639,0.701971,0.467980,0.966667,-0.006564,7.675831,0.000000,True,True,True,,,,2447,28
0.000000,0.000000,29.000000,1.000000,0.000000,0.000000,1.000000,0.000000,1.000000,0.000000,7.837626,1.000000,1.000000,1.000000,1.000000,0.000000,0.000000,0.259468,0.045920,0.733293,2.830753,0.715480,0.476987,0.966667,-0.090114,7.675831,0.000000,True,True,True,1.000000,1.000000,1.000000,2448,28
0.000000,0.000000,29.000000,1.000000,0.000000,0.000000,1.000000,0.000000,0.000000,0.000000,8.092434,1.000000,1.000000,1.000000,1.000000,0.000000,0.000000,0.163869,0.056048,0.830423,3.046733,0.694689,0.463126,0.966667,-0.215980,7.675831,0.000000,True,True,True,,,,2449,28
0.000000,0.000000,29.000000,1.000000,0.000000,0.000000,1.000000,0.000000,0.000000,0.000000,8.030633,1.000000,1.000000,1.000000,1.000000,0.000000,0.000000,0.133962,0.188189,0.862091,3.242467,0.666003,0.444002,0.966667,-0.195734,7.675831,0.000000,True,True,True,1.000000,1.000000,1.000000,2450,28
0.000000,0.000000,29.000000,1.000000,0.000000,0.000000,1.000000,0.000000,2.000000,0.000000,7.633362,1.000000,1.000000,1.000000,1.000000,0.000000,0.000000,0.107018,0.105162,0.901586,3.544348,0.637161,0.424774,0.966667,-0.301881,7.675831,0.000000,True,True,True,1.000000,1.000000,1.000000,2451,28
0.000000,0.000000,29.000000,1.000000,0.000000,0.000000,1.000000,0.000000,2.000000,0.000000,7.274635,1.000000,1.000000,1.000000,1.000000,0.000000,0.000000,0.165806,-0.015836,0.817124,3.892649,0.633631,0.422421,0.966667,-0.348301,7.675831,0.000000,True,True,True,,,,2452,28
0.000000,0.000000,29.000000,1.000000,0.000000,0.000000,1.000000,0.000000,1.000000,0.000000,7.404058,1.000000,1.000000,1.000000,1.000000,0.000000,0.000000,0.201429,-0.108574,0.797449,4.322837,0.658430,0.438953,0.966667,-0.430188,7.675831,0.000000,True,True,True,1.000000,1.000000,1.000000,2453,28
0.000000,0.000000,29.000000,1.000000,0.000000,0.000000,1.000000,0.000000,2.000000,0.000000,7.648288,1.000000,1.000000,1.000000,1.000000,0.000000,0.000000,0.223522,0.060429,0.771905,4.716285,0.644769,0.429846,0.966667,-0.393448,7.675831,0.000000,True,True,True,,,,2454,28
0.000000,0.000000,29.000000,1.000000,0.000000,0.000000,1.000000,0.000000,3.000000,0.000000,7.171894,1.000000,1.000000,1.000000,1.000000,0.000000,0.000000,0.222448,-0.080782,0.760908,5.138516,0.653606,0.435737,0.966667,-0.422231,7.675831,0.000000,True,True,True,,,,2455,28
0.000000,0.000000,29.000000,1.000000,0.000000,0.000000,1.000000,0.000000,2.000000,0.000000,7.829288,1.000000,1.000000,1.000000,1.000000,0.000000,0.000000,0.349715,-0.117032,0.647016,5.490301,0.683300,0.455533,0.966667,-0.351785,7.675831,0.000000,True,True,True,,,,2456,28
0.000000,0.000000,29.000000,1.000000,0.000000,0.000000,1.000000,0.000000,1.000000,0.000000,7.796579,1.000000,1.000000,1.000000,1.000000,0.000000,0.000000,0.236245,-0.045040,0.737053,5.945706,0.683872,0.455915,0.966667,-0.455405,7.675831,0.000000,True,True,True,,,,2457,28
0.000000,0.000000,29.000000,1.000000,0.000000,0.000000,1.000000,0.000000,0.000000,0.000000,8.016528,1.000000,1.000000,1.000000,1.000000,0.000000,0.000000,0.138092,-0.026312,0.857200,6.466567,0.667531,0.445021,0.966667,-0.520861,7.675831,0.000000,True,True,True,,,,2458,28
0.000000,0.000000,29.000000,1.000000,0.000000,0.000000,1.000000,0.000000,1.000000,0.000000,7.861544,1.000000,1.000000,1.000000,1.000000,0.000000,0.000000,0.094308,-0.048975,0.900878,7.022564,0.640970,0.427314,0.966667,-0.555997,7.675831,0.000000,True,True,True,1.000000,1.000000,1.000000,2459,28
0.000000,0.000000,29.000000,1.000000,0.000000,0.000000,1.000000,0.000000,2.000000,0.000000,7.530909,1.000000,1.000000,1.000000,1.000000,0.000000,0.000000,0.115691,-0.026904,0.887375,7.535020,0.626238,0.417492,0.966667,-0.512456,7.675831,0.000000,True,True,True,,,,2460,28
0.000000,0.000000,29.000000,1.000000,0.000000,0.000000,1.000000,0.000000,4.000000,0.000000,6.472601,1.000000,1.000000,1.000000,1.000000,0.000000,0.000000,0.249004,-0.033630,0.720954,7.967319,0.640035,0.426690,0.966667,-0.432299,7.675831,0.000000,True,True,True,,,,2461,28
0.000000,0.000000,29.000000,1.000000,0.000000,0.000000,1.000000,0.000000,5.000000,0.000000,7.622407,1.000000,1.000000,1.000000,1.000000,0.000000,0.000000,0.300185,-0.188267,0.717138,8.410538,0.689245,0.459497,0.966667,-0.443219,7.675831,0.000000,True,True,True,,,,2462,28
0.000000,0.000000,29.000000,1.000000,0.000000,0.000000,1.000000,0.000000,4.000000,0.000000,6.924997,1.000000,1.000000,1.000000,1.000000,0.000000,0.000000,0.418519,-0.273748,0.582435,8.790256,0.740985,0.493990,0.966667,-0.379718,7.675831,0.000000,True,True,True,1.000000,1.000000,1.000000,2463,28
0.000000,0.000000,29.000000,1.000000,0.000000,0.000000,1.000000,0.000000,3.000000,0.000000,7.085941,1.000000,1.000000,1.000000,1.000000,0.000000,0.000000,0.493271,-0.274936,0.496785,9.132252,0.766920,0.511280,0.966667,-0.341995,7.675831,0.000000,True,True,True,,,,2464,28
0.000000,0.000000,29.000000,1.000000,0.000000,0.000000,1.000000,0.000000,5.000000,0.000000,7.245008,1.000000,1.000000,1.000000,1.000000,0.000000,0.000000,0.393041,-0.021304,0.611301,9.541757,0.769820,0.513213,0.966667,-0.409506,7.675831,0.000000,True,True,True,,,,2465,28
0.000000,0.000000,29.000000,1.000000,0.000000,0.000000,1.000000,0.000000,4.000000,0.000000,7.168286,1.000000,1.000000,1.000000,1.000000,0.000000,0.000000,0.441834,-0.415180,0.579735,9.945288,0.781310,0.520874,0.966667,-0.403531,7.675831,0.000000,True,True,True,,,,2466,28
0.000000,0.000000,29.000000,1.000000,0.000000,0.000000,1.000000,0.000000,5.000000,0.000000,7.301365,1.000000,1.000000,1.000000,1.000000,0.000000,0.000000,0.544194,-0.059851,0.489634,10.237992,0.788391,0.525594,0.966667,-0.292704,7.675831,0.000000,True,True,True,,,,2467,28
0.000000,0.000000,29.000000,1.000000,0.000000,0.000000,1.000000,0.000000,2.000000,0.000000,7.238339,1.000000,1.000000,1.000000,1.000000,0.000000,0.000000,0.496896,-0.313778,0.525496,10.610841,0.793210,0.528807,0.966667,-0.372849,7.675831,0.000000,True,True,True,,,,2468,28
0.000000,0.000000,29.000000,1.000000,0.000000,0.000000,1.000000,0.000000,3.000000,0.000000,7.442923,1.000000,1.000000,1.000000,1.000000,0.000000,0.000000,0.406222,-0.037895,0.579126,11.022301,0.779103,0.519402,0.966667,-0.411459,7.675831,0.000000,True,True,True,,,,2469,28
0.000000,0.000000,29.000000,1.000000,0.000000,0.000000,1.000000,0.000000,3.000000,0.000000,6.957777,1.000000,1.000000,1.000000,1.000000,0.000000,0.000000,0.276390,-0.161916,0.694039,11.519208,0.769091,0.512727,0.966667,-0.496908,7.675831,0.000000,True,True,True,,,,2470,28
0.000000,0.000000,29.000000,1.000000,0.000000,0.000000,1.000000,0.000000,3.000000,0.000000,7.102935,1.000000,1.000000,1.000000,1.000000,0.000000,0.000000,0.419220,-0.086217,0.571753,11.884257,0.778369,0.518913,0.966667,-0.365048,7.675831,0.000000,True,True,True,,,,2471,28
0.000000,0.000000,29.000000,1.000000,0.000000,0.000000,1.000000,0.000000,4.000000,0.000000,6.642032,1.000000,1.000000,1.000000,1.000000,0.000000,0.000000,0.386264,-0.125672,0.606117,12.278537,0.779347,0.519565,0.966667,-0.394281,7.675831,0.000000,True,True,True,,,,2472,28
0.000000,0.000000,29.000000,1.000000,0.000000,0.000000,1.000000,0.000000,1.000000,0.000000,7.251427,1.000000,1.000000,1.000000,1.000000,0.000000,0.000000,0.586108,-0.172422,0.490471,12.568281,0.792038,0.528025,0.966667,-0.289744,7.675831,0.000000,True,True,True,,,,2473,28
0.000000,0.000000,29.000000,1.000000,0.000000,0.000000,1.000000,0.000000,1.000000,0.000000,7.999168,1.000000,1.000000,1.000000,1.000000,0.000000,0.000000,0.409929,0.076622,0.625527,12.996427,0.762261,0.508174,0.966667,-0.428146,7.675831,1.000000,True,True,True,,,,2474,28
0.000000,0.000000,29.000000,1.000000,0.000000,0.000000,1.000000,0.000000,2.000000,0.000000,7.735284,1.000000,1.000000,1.000000,1.000000,0.000000,0.000000,0.330036,-0.046867,0.665892,13.426743,0.748783,0.499189,0.966667,-0.430316,7.675831,0.000000,True,True,True,1.000000,1.000000,1.000000,2475,28
0.000000,0.000000,29.000000,1.000000,0.000000,0.000000,1.000000,0.000000,1.000000,0.000000,7.338938,1.000000,1.000000,1.000000,1.000000,0.000000,0.000000,0.447319,-0.048635,0.582716,13.834294,0.736055,0.490703,0.966667,-0.407551,7.675831,0.000000,True,True,True,,,,2476,28
0.000000,0.000000,29.000000,1.000000,0.000000,0.000000,1.000000,0.000000,3.000000,0.000000,7.275426,1.000000,1.000000,1.000000,1.000000,0.000000,0.000000,0.436044,-0.092285,0.580660,14.195571,0.724383,0.482922,0.966667,-0.361277,7.675831,0.000000,True,True,True,1.000000,1.000000,1.000000,2477,28
0.000000,0.000000,29.000000,1.000000,0.000000,0.000000,1.000000,0.000000,2.000000,0.000000,7.480186,1.000000,1.000000,1.000000,1.000000,0.000000,0.000000,0.534076,-0.102027,0.470731,14.549014,0.729316,0.486211,0.966667,-0.353442,7.675831,0.000000,True,True,True,,,,2478,28
0.000000,0.000000,29.000000,1.000000,0.000000,0.000000,1.000000,0.000000,0.000000,0.000000,8.067607,1.000000,1.000000,1.000000,1.000000,0.000000,0.000000,0.509613,-0.083547,0.534186,14.940849,0.736048,0.490698,0.966667,-0.391836,7.675831,0.000000,True,True,True,1.000000,1.000000,1.000000,2479,28
0.000000,0.000000,29.000000,1.000000,0.000000,0.000000,1.000000,0.000000,1.000000,0.000000,7.921654,1.000000,1.000000,1.000000,1.000000,0.000000,0.000000,0.330534,-0.100464,0.717276,15.500268,0.703731,0.469154,0.966667,-0.559419,7.675831,0.000000,True,True,True,1.000000,1.000000,1.000000,2480,28
0.000000,0.000000,29.000000,1.000000,0.000000,0.000000,1.000000,0.000000,0.000000,0.000000,8.406134,1.000000,1.000000,1.000000,1.000000,0.000000,0.000000,0.306968,-0.180108,0.725325,16.005610,0.688292,0.458861,0.966667,-0.505342,7.675831,0.000000,True,True,True,,,,2481,28
0.000000,0.000000,29.000000,1.000000,0.000000,0.000000,1.000000,0.000000,0.000000,0.000000,8.149784,1.000000,1.000000,1.000000,1.000000,0.000000,0.000000,0.298702,-0.088737,0.731508,16.572361,0.664075,0.442717,0.966667,-0.566751,7.675831,0.000000,True,True,True,1.000000,1.000000,1.000000,2482,28
0.000000,0.000000,29.000000,1.000000,0.000000,0.000000,1.000000,0.000000,1.000000,0.000000,7.563832,1.000000,1.000000,1.000000,1.000000,0.000000,0.000000,0.230197,-0.245728,0.810578,17.162751,0.641724,0.427816,0.966667,-0.590389,7.675831,0.000000,True,True,True,1.000000,1.000000,1.000000,2483,28
0.000000,0.000000,29.000000,1.000000,0.000000,0.000000,1.000000,0.000000,0.000000,0.000000,8.006232,1.000000,1.000000,1.000000,1.000000,0.000000,0.000000,0.284885,-0.256171,0.771887,17.698934,0.633038,0.422025,0.966667,-0.536184,7.675831,0.000000,True,True,True,,,,2484,28
0.000000,0.000000,29.000000,1.000000,0.000000,0.000000,1.000000,0.000000,2.000000,0.000000,7.805264,1.000000,1.000000,1.000000,1.000000,0.000000,0.000000,0.256490,-0.321365,0.782631,18.209281,0.610512,0.407008,0.966667,-0.510346,7.675831,0.000000,True,True,True,1.000000,1.000000,1.000000,2485,28
0.000000,0.000000,29.000000,1.000000,0.000000,0.000000,1.000000,0.000000,1.000000,0.000000,7.708783,1.000000,1.000000,1.000000,1.000000,0.000000,0.000000,0.338364,-0.339470,0.712520,18.650200,0.618581,0.412387,0.966667,-0.440919,7.675831,0.000000,True,True,True,,,,2486,28
0.000000,0.000000,29.000000,1.000000,0.000000,0.000000,1.000000,0.000000,0.000000,0.000000,8.089198,1.000000,1.000000,1.000000,1.000000,0.000000,0.000000,0.392521,-0.345057,0.641452,19.047584,0.609732,0.406488,0.966667,-0.397384,7.675831,0.000000,True,True,True,,,,2487,28
0.000000,0.000000,29.000000,1.000000,0.000000,0.000000,1.000000,0.000000,1.000000,0.000000,7.780285,1.000000,1.000000,1.000000,1.000000,0.000000,0.000000,0.314044,-0.294359,0.711016,19.512282,0.587437,0.391624,0.966667,-0.464699,7.675831,0.000000,True,True,True,1.000000,1.000000,1.000000,2488,28
0.000000,0.000000,29.000000,1.000000,0.000000,0.000000,1.000000,0.000000,0.000000,0.000000,8.001237,1.000000,1.000000,1.000000,1.000000,0.000000,0.000000,0.320050,-0.256375,0.717899,19.953964,0.596502,0.397668,0.966667,-0.441682,7.675831,0.000000,True,True,True,1.000000,1.000000,1.000000,2489,28
0.000000,0.000000,29.000000,1.000000,0.000000,0.000000,1.000000,0.000000,1.000000,0.000000,7.781761,1.000000,1.000000,1.000000,1.000000,0.000000,0.000000,0.330359,-0.364529,0.681751,20.380844,0.581038,0.387358,0.966667,-0.426880,7.675831,0.000000,True,True,True,1.000000,1.000000,1.000000,2490,28
0.000000,0.000000,29.000000,1.000000,0.000000,0.000000,1.000000,0.000000,2.000000,0.000000,7.829178,1.000000,1.000000,1.000000,1.000000,0.000000,0.000000,0.394167,-0.267019,0.658611,20.781977,0.577598,0.385065,0.966667,-0.401134,7.675831,0.000000,True,True,True,,,,2491,28
0.000000,0.000000,29.000000,1.000000,0.000000,0.000000,1.000000,0.000000,0.000000,0.000000,8.027099,1.000000,1.000000,1.000000,1.000000,0.000000,0.000000,0.554655,-0.424362,0.501716,21.078121,0.602315,0.401543,0.966667,-0.296143,7.675831,0.000000,True,True,True,,,,2492,28
0.000000,0.000000,29.000000,1.000000,0.000000,0.000000,1.000000,0.000000,0.000000,0.000000,8.177564,1.000000,1.000000,1.000000,1.000000,0.000000,0.000000,0.301962,-0.333484,0.733225,21.540486,0.575265,0.383510,0.966667,-0.462365,7.675831,0.000000,True,True,True,1.000000,1.000000,1.000000,2493,28
0.000000,0.000000,29.000000,1.000000,0.000000,0.000000,1.000000,0.000000,0.000000,0.000000,8.103877,1.000000,1.000000,1.000000,1.000000,0.000000,0.000000,0.364314,-0.265867,0.691139,21.990166,0.557081,0.371387,0.966667,-0.449680,7.675831,0.000000,True,True,True,1.000000,1.000000,1.000000,2494,28
0.000000,0.000000,29.000000,1.000000,0.000000,0.000000,1.000000,0.000000,1.000000,0.000000,7.900851,1.000000,1.000000,1.000000,1.000000,0.000000,0.000000,0.306917,-0.387137,0.745496,22.425666,0.539894,0.359930,0.966667,-0.435500,7.675831,0.000000,True,True,True,1.000000,1.000000,1.000000,2495,28
0.000000,0.000000,29.000000,1.000000,0.000000,0.000000,1.000000,0.000000,0.000000,0.000000,8.080555,1.000000,1.000000,1.000000,1.000000,0.000000,0.000000,0.329537,-0.419102,0.727478,22.818010,0.539731,0.359821,0.966667,-0.392344,7.675831,0.000000,True,True,True,,,,2496,28
0.000000,0.000000,29.000000,1.000000,0.000000,0.000000,1.000000,0.000000,1.000000,0.000000,7.746208,1.000000,1.000000,1.000000,1.000000,0.000000,0.000000,0.335703,-0.329809,0.717500,23.251389,0.520531,0.347020,0.966667,-0.433379,7.675831,0.000000,True,True,True,1.000000,1.000000,1.000000,2497,28
0.000000,0.000000,29.000000,1.000000,0.000000,0.000000,1.000000,0.000000,0.000000,0.000000,8.227747,1.000000,1.000000,1.000000,1.000000,0.000000,0.000000,0.349476,-0.331554,0.712227,23.645734,0.521473,0.347649,0.966667,-0.394345,7.675831,0.000000,True,True,True,,,,2498,28
0.000000,0.000000,29.000000,1.000000,0.000000,0.000000,1.000000,0.000000,1.000000,0.000000,7.845607,1.000000,1.000000,1.000000,1.000000,0.000000,0.000000,0.363671,-0.378723,0.679918,24.044962,0.500526,0.333684,0.966667,-0.399228,7.675831,0.000000,True,True,True,1.000000,1.000000,1.000000,2499,28
0.000000,0.000000,29.000000,1.000000,0.000000,0.000000,1.000000,0.000000,2.000000,0.000000,7.018916,1.000000,1.000000,1.000000,1.000000,0.000000,0.000000,0.518707,-0.184890,0.557163,24.428656,0.502836,0.335224,0.966667,-0.383694,7.675831,0.000000,True,True,True,,,,2500,28
0.000000,0.000000,29.000000,1.000000,0.000000,0.000000,1.000000,0.000000,2.000000,0.000000,7.939054,1.000000,1.000000,1.000000,1.000000,0.000000,0.000000,0.515763,-0.412803,0.557966,24.729608,0.520084,0.346723,0.966667,-0.300953,7.675831,0.000000,True,True,True,,,,2501,28
0.000000,0.000000,29.000000,1.000000,0.000000,0.000000,1.000000,0.000000,1.000000,0.000000,7.094991,1.000000,1.000000,1.000000,1.000000,0.000000,0.000000,0.451069,-0.343822,0.607392,25.064441,0.528658,0.352439,0.966667,-0.334833,7.675831,0.000000,True,True,True,,,,2502,28
0.000000,0.000000,29.000000,1.000000,0.000000,0.000000,1.000000,0.000000,3.000000,0.000000,7.571546,1.000000,1.000000,1.000000,1.000000,0.000000,0.000000,0.529236,-0.315074,0.531431,25.398935,0.521119,0.347413,0.966667,-0.334494,7.675831,0.000000,True,True,True,,,,2503,28
0.000000,0.000000,29.000000,1.000000,0.000000,0.000000,1.000000,0.000000,1.000000,0.000000,7.557202,1.000000,1.000000,1.000000,1.000000,0.000000,0.000000,0.484562,-0.419087,0.583909,25.677840,0.549467,0.366311,0.966667,-0.278905,7.675831,0.000000,True,True,True,,,,2504,28
0.000000,0.000000,29.000000,1.000000,0.000000,0.000000,1.000000,0.000000,3.000000,0.000000,7.394385,1.000000,1.000000,1.000000,1.000000,0.000000,0.000000,0.552524,-0.401178,0.509169,26.012684,0.535973,0.357316,0.966667,-0.334844,7.675831,0.000000,True,True,True,,,,2505,28
0.000000,0.000000,29.000000,1.000000,0.000000,0.000000,1.000000,0.000000,0.000000,0.000000,8.042179,1.000000,1.000000,1.000000,1.000000,0.000000,0.000000,0.499216,-0.273504,0.538042,26.250436,0.577627,0.385085,0.966667,-0.237752,7.675831,0.000000,True,True,True,,,,2506,28
0.000000,0.000000,29.000000,1.000000,0.000000,0.000000,1.000000,0.000000,1.000000,0.000000,7.599707,1.000000,1.000000,1.000000,1.000000,0.000000,0.000000,0.680448,-0.168437,0.409320,26.459035,0.558975,0.372650,0.966667,-0.208599,7.675831,0.000000,True,True,True,1.000000,1.000000,1.000000,2507,28
0.000000,0.000000,29.000000,1.000000,0.000000,0.000000,1.000000,0.000000,2.000000,0.000000,6.623267,1.000000,1.000000,1.000000,1.000000,0.000000,0.000000,0.550488,-0.226635,0.467572,26.467466,0.556834,0.371223,0.966667,-0.008431,7.675831,0.000000,True,True,True,,,,2508,28
0.000000,0.000000,29.000000,1.000000,0.000000,0.000000,1.000000,0.000000,2.000000,0.000000,7.382299,1.000000,1.000000,1.000000,1.000000,0.000000,0.000000,0.707653,-0.170374,0.367606,26.402842,0.568758,0.379172,0.966667,0.064625,7.675831,0.000000,True,True,True,,,,2509,28
0.000000,0.000000,29.000000,1.000000,0.000000,0.000000,1.000000,0.000000,1.000000,0.000000,7.181935,1.000000,1.000000,1.000000,1.000000,0.000000,0.000000,0.319238,0.148716,0.717443,26.111091,0.574020,0.382680,0.966667,0.291751,7.675831,0.000000,True,True,True,,,,2510,28
0.000000,0.000000,29.000000,1.000000,0.000000,0.000000,1.000000,0.000000,0.000000,0.000000,8.028576,1.000000,1.000000,1.000000,1.000000,0.000000,0.000000,0.361120,0.163372,0.712380,25.705418,0.566250,0.377500,0.966667,0.405673,7.675831,0.000000,True,True,True,,,,2511,28
0.000000,0.000000,29.000000,1.000000,0.000000,0.000000,1.000000,0.000000,0.000000,0.000000,8.106409,1.000000,1.000000,1.000000,1.000000,0.000000,0.000000,0.307552,0.281524,0.756880,25.232601,0.546868,0.364579,0.966667,0.472816,7.675831,0.000000,True,True,True,1.000000,1.000000,1.000000,2512,28
0.000000,0.000000,29.000000,1.000000,0.000000,0.000000,1.000000,0.000000,0.000000,0.000000,8.266452,1.000000,1.000000,1.000000,1.000000,0.000000,0.000000,0.247781,0.411544,0.806325,24.737295,0.530228,0.353486,0.966667,0.495307,7.675831,0.000000,True,True,True,1.000000,1.000000,1.000000,2513,28
0.000000,0.000000,29.000000,1.000000,0.000000,0.000000,1.000000,0.000000,0.000000,0.000000,8.406241,1.000000,1.000000,1.000000,1.000000,0.000000,0.000000,0.248538,0.433745,0.803065,24.241939,0.514343,0.342895,0.966667,0.495356,7.675831,0.000000,True,True,True,1.000000,1.000000,1.000000,2514,28
0.000000,0.000000,29.000000,1.000000,0.000000,0.000000,1.000000,0.000000,0.000000,0.000000,8.445158,1.000000,1.000000,1.000000,1.000000,0.000000,0.000000,0.245711,0.460270,0.803921,23.754180,0.499026,0.332684,0.966667,0.487759,7.675831,0.000000,True,True,True,1.000000,1.000000,1.000000,2515,28
0.000000,0.000000,29.000000,1.000000,0.000000,0.000000,1.000000,0.000000,0.000000,0.000000,8.019241,1.000000,1.000000,1.000000,1.000000,0.000000,0.000000,0.229430,0.482873,0.817681,23.280807,0.484215,0.322810,0.966667,0.473373,7.675831,0.000000,True,True,True,1.000000,1.000000,1.000000,2516,28
0.000000,0.000000,29.000000,1.000000,0.000000,0.000000,1.000000,0.000000,1.000000,0.000000,7.659723,1.000000,1.000000,1.000000,1.000000,0.000000,0.000000,0.242756,0.504926,0.806679,22.823730,0.469946,0.313297,0.966667,0.457076,7.675831,0.000000,True,True,True,1.000000,1.000000,1.000000,2517,28
0.000000,0.000000,29.000000,1.000000,0.000000,0.000000,1.000000,0.000000,0.000000,0.000000,8.502583,1.000000,1.000000,1.000000,1.000000,0.000000,0.000000,0.300472,0.427268,0.738339,22.427648,0.474259,0.316172,0.966667,0.396082,7.675831,0.000000,True,True,True,,,,2518,28
0.000000,0.000000,29.000000,1.000000,0.000000,0.000000,1.000000,0.000000,0.000000,0.000000,8.338491,1.000000,1.000000,1.000000,1.000000,0.000000,0.000000,0.257626,0.498305,0.789754,21.995737,0.462118,0.308078,0.966667,0.431912,7.675831,0.000000,True,True,True,1.000000,1.000000,1.000000,2519,28
0.000000,0.000000,29.000000,1.000000,0.000000,0.000000,1.000000,0.000000,0.000000,0.000000,8.093306,1.000000,1.000000,1.000000,1.000000,0.000000,0.000000,0.246139,0.494585,0.801823,21.568897,0.447968,0.298645,0.966667,0.426839,7.675831,0.000000,True,True,True,1.000000,1.000000,1.000000,2520,28
0.000000,0.000000,29.000000,1.000000,0.000000,0.000000,1.000000,0.000000,1.000000,0.000000,7.863233,1.000000,1.000000,1.000000,1.000000,0.000000,0.000000,0.249470,0.482032,0.800773,21.152873,0.433984,0.289322,0.966667,0.416024,7.675831,0.000000,True,True,True,1.000000,1.000000,1.000000,2521,28
0.000000,0.000000,29.000000,1.000000,0.000000,0.000000,1.000000,0.000000,1.000000,0.000000,7.630203,1.000000,1.000000,1.000000,1.000000,0.000000,0.000000,0.312887,0.423585,0.724556,20.796024,0.440074,0.293383,0.966667,0.356849,7.675831,0.000000,True,True,True,,,,2522,28
0.000000,0.000000,29.000000,1.000000,0.000000,0.000000,1.000000,0.000000,0.000000,0.000000,8.218676,1.000000,1.000000,1.000000,1.000000,0.000000,0.000000,0.322196,0.411060,0.713764,20.413003,0.467102,0.311401,0.966667,0.383021,7.675831,0.000000,True,True,True,1.000000,1.000000,1.000000,2523,28
0.000000,0.000000,29.000000,1.000000,0.000000,0.000000,1.000000,0.000000,1.000000,0.000000,7.849154,1.000000,1.000000,1.000000,1.000000,0.000000,0.000000,0.182417,0.494953,0.858367,19.968643,0.460323,0.306882,0.966667,0.444359,7.675831,0.000000,True,True,True,1.000000,1.000000,1.000000,2524,28
0.000000,0.000000,29.000000,1.000000,0.000000,0.000000,1.000000,0.000000,0.000000,0.000000,8.457560,1.000000,1.000000,1.000000,1.000000,0.000000,0.000000,0.279149,0.441241,0.753888,19.596769,0.463453,0.308968,0.966667,0.371874,7.675831,0.000000,True,True,True,,,,2525,28
0.000000,0.000000,29.000000,1.000000,0.000000,0.000000,1.000000,0.000000,0.000000,0.000000,8.304970,1.000000,1.000000,1.000000,1.000000,0.000000,0.000000,0.171330,0.485103,0.868578,19.159677,0.451717,0.301145,0.966667,0.437092,7.675831,0.000000,True,True,True,1.000000,1.000000,1.000000,2526,28
0.000000,0.000000,29.000000,1.000000,0.000000,0.000000,1.000000,0.000000,0.000000,0.000000,8.043131,1.000000,1.000000,1.000000,1.000000,0.000000,0.000000,0.180718,0.474585,0.860410,18.741697,0.436339,0.290893,0.966667,0.417981,7.675831,0.000000,True,True,True,1.000000,1.000000,1.000000,2527,28
0.000000,0.000000,29.000000,1.000000,0.000000,0.000000,1.000000,0.000000,1.000000,0.000000,7.875209,1.000000,1.000000,1.000000,1.000000,0.000000,0.000000,0.149489,0.548413,0.874556,18.345721,0.421309,0.280872,0.966667,0.395976,7.675831,0.000000,True,True,True,1.000000,1.000000,1.000000,2528,28
0.000000,0.000000,29.000000,1.000000,0.000000,0.000000,1.000000,0.000000,0.000000,0.000000,8.516320,1.000000,1.000000,1.000000,1.000000,0.000000,0.000000,0.152018,0.489805,0.863203,17.968289,0.427366,0.284911,0.966667,0.377432,7.675831,0.000000,True,True,True,,,,2529,28
0.000000,0.000000,29.000000,1.000000,0.000000,0.000000,1.000000,0.000000,0.000000,0.000000,8.156264,1.000000,1.000000,1.000000,1.000000,0.000000,0.000000,0.170629,0.554572,0.859669,17.582836,0.416266,0.277511,0.966667,0.385453,7.675831,0.000000,True,True,True,1.000000,1.000000,1.000000,2530,28
0.000000,0.000000,29.000000,1.000000,0.000000,0.000000,1.000000,0.000000,1.000000,0.000000,7.819671,1.000000,1.000000,1.000000,1.000000,0.000000,0.000000,0.109989,0.482325,0.912451,17.187396,0.402255,0.268170,0.966667,0.395440,7.675831,0.000000,True,True,True,1.000000,1.000000,1.000000,2531,28
0.000000,0.000000,29.000000,1.000000,0.000000,0.000000,1.000000,0.000000,1.000000,0.000000,7.138989,1.000000,1.000000,1.000000,1.000000,0.000000,0.000000,0.116327,0.500167,0.903967,16.781431,0.413321,0.275547,0.966667,0.405965,7.675831,0.000000,True,True,True,,,,2532,28
0.000000,0.000000,29.000000,1.000000,0.000000,0.000000,1.000000,0.000000,1.000000,0.000000,7.837778,1.000000,1.000000,1.000000,1.000000,0.000000,0.000000,0.186034,0.420773,0.816986,16.434205,0.420915,0.280610,0.966667,0.347227,7.675831,0.000000,True,True,True,,,,2533,28
0.000000,0.000000,29.000000,1.000000,0.000000,0.000000,1.000000,0.000000,1.000000,0.000000,7.312508,1.000000,1.000000,1.000000,1.000000,0.000000,0.000000,0.226220,0.432532,0.775458,16.076882,0.450180,0.300120,0.966667,0.357323,7.675831,0.000000,True,True,True,1.000000,1.000000,1.000000,2534,28
0.000000,0.000000,29.000000,1.000000,0.000000,0.000000,1.000000,0.000000,0.000000,0.000000,8.309993,1.000000,1.000000,1.000000,1.000000,0.000000,0.000000,0.170360,0.384827,0.832949,15.681622,0.462876,0.308584,0.966667,0.395260,7.675831,0.000000,True,True,True,,,,2535,28
0.000000,0.000000,29.000000,1.000000,0.000000,0.000000,1.000000,0.000000,0.000000,0.000000,8.046531,1.000000,1.000000,1.000000,1.000000,0.000000,0.000000,0.116767,0.463152,0.903341,15.238943,0.451088,0.300726,0.966667,0.442678,7.675831,0.000000,True,True,True,1.000000,1.000000,1.000000,2536,28
0.000000,0.000000,29.000000,1.000000,0.000000,0.000000,1.000000,0.000000,1.000000,0.000000,7.843430,1.000000,1.000000,1.000000,1.000000,0.000000,0.000000,0.124917,0.471110,0.897665,14.816856,0.434276,0.289517,0.966667,0.422088,7.675831,0.000000,True,True,True,1.000000,1.000000,1.000000,2537,28
0.000000,0.000000,29.000000,1.000000,0.000000,0.000000,1.000000,0.000000,2.000000,0.000000,7.633634,1.000000,1.000000,1.000000,1.000000,0.000000,0.000000,0.111976,0.452660,0.905163,14.396817,0.436524,0.291016,0.966667,0.420039,7.675831,0.000000,True,True,True,,,,2538,28
0.000000,0.000000,29.000000,1.000000,0.000000,0.000000,1.000000,0.000000,1.000000,0.000000,7.355903,1.000000,1.000000,1.000000,1.000000,0.000000,0.000000,0.157578,0.467716,0.855591,13.973038,0.462511,0.308341,0.966667,0.423779,7.675831,0.000000,True,True,True,,,,2539,28
0.000000,0.000000,29.000000,1.000000,0.000000,0.000000,1.000000,0.000000,1.000000,0.000000,7.503998,1.000000,1.000000,1.000000,1.000000,0.000000,0.000000,0.074246,0.450887,0.914757,13.544871,0.471429,0.314286,0.966667,0.428167,7.675831,0.000000,True,True,True,,,,2540,28
0.000000,0.000000,29.000000,1.000000,0.000000,0.000000,1.000000,0.000000,2.000000,0.000000,7.627277,1.000000,1.000000,1.000000,1.000000,0.000000,0.000000,0.105519,0.550664,0.886703,13.094238,0.493760,0.329174,0.966667,0.450633,7.675831,0.000000,True,True,True,1.000000,1.000000,1.000000,2541,28
0.000000,0.000000,29.000000,1.000000,0.000000,0.000000,1.000000,0.000000,2.000000,0.000000,7.522029,1.000000,1.000000,1.000000,1.000000,0.000000,0.000000,0.137380,0.375953,0.840545,12.666882,0.533269,0.355513,0.966667,0.427356,7.675831,0.000000,True,True,True,,,,2542,28
0.000000,0.000000,29.000000,1.000000,0.000000,0.000000,1.000000,0.000000,2.000000,0.000000,7.870786,1.000000,1.000000,1.000000,1.000000,0.000000,0.000000,0.203268,0.452209,0.770685,12.241425,0.570957,0.380638,0.966667,0.425457,7.675831,0.000000,True,True,True,,,,2543,28
0.000000,0.000000,29.000000,1.000000,0.000000,0.000000,1.000000,0.000000,1.000000,0.000000,7.554888,1.000000,1.000000,1.000000,1.000000,0.000000,0.000000,0.180443,0.267172,0.777949,11.787434,0.601409,0.400939,0.966667,0.453991,7.675831,0.000000,True,True,True,,,,2544,28
0.000000,0.000000,29.000000,1.000000,0.000000,0.000000,1.000000,0.000000,1.000000,0.000000,7.716272,1.000000,1.000000,1.000000,1.000000,0.000000,0.000000,0.158734,0.506666,0.819796,11.257904,0.616332,0.410888,0.966667,0.529530,7.675831,0.000000,True,True,True,1.000000,1.000000,1.000000,2545,28
0.000000,0.000000,29.000000,1.000000,0.000000,0.000000,1.000000,0.000000,1.000000,0.000000,7.885915,1.000000,1.000000,1.000000,1.000000,0.000000,0.000000,0.120584,0.315628,0.859965,10.728491,0.624649,0.416433,0.966667,0.529413,7.675831,0.000000,True,True,True,1.000000,1.000000,1.000000,2546,28
0.000000,0.000000,29.000000,1.000000,0.000000,0.000000,1.000000,0.000000,2.000000,0.000000,7.606926,1.000000,1.000000,1.000000,1.000000,0.000000,0.000000,0.129320,0.374924,0.859205,10.191188,0.618168,0.412112,0.966667,0.537304,7.675831,0.000000,True,True,True,,,,2547,28
0.000000,0.000000,29.000000,1.000000,0.000000,0.000000,1.000000,0.000000,1.000000,0.000000,7.856885,1.000000,1.000000,1.000000,1.000000,0.000000,0.000000,0.183185,0.293328,0.778632,9.680694,0.647250,0.431500,0.966667,0.510493,7.675831,0.000000,True,True,True,1.000000,1.000000,1.000000,2548,28
0.000000,0.000000,29.000000,1.000000,0.000000,0.000000,1.000000,0.000000,1.000000,0.000000,7.547035,1.000000,1.000000,1.000000,1.000000,0.000000,0.000000,0.136134,0.246374,0.849401,9.115613,0.658271,0.438847,0.966667,0.565082,7.675831,0.000000,True,True,True,1.000000,1.000000,1.000000,2549,28
0.000000,0.000000,29.000000,1.000000,0.000000,0.000000,1.000000,0.000000,1.000000,0.000000,7.886165,1.000000,1.000000,1.000000,1.000000,0.000000,0.000000,0.121664,0.249833,0.860992,8.547126,0.648035,0.432024,0.966667,0.568486,7.675831,0.000000,True,True,True,,,,2550,28
0.000000,0.000000,29.000000,1.000000,0.000000,0.000000,1.000000,0.000000,2.000000,0.000000,7.886968,1.000000,1.000000,1.000000,1.000000,0.000000,0.000000,0.184391,0.183800,0.789109,8.038182,0.647830,0.431887,0.966667,0.508944,7.675831,0.000000,True,True,True,1.000000,1.000000,1.000000,2551,28
0.000000,0.000000,29.000000,1.000000,0.000000,0.000000,1.000000,0.000000,2.000000,0.000000,7.057383,1.000000,1.000000,1.000000,1.000000,0.000000,0.000000,0.172501,0.146859,0.810497,7.499887,0.673747,0.449164,0.966667,0.538295,7.675831,0.000000,True,True,True,1.000000,1.000000,1.000000,2552,28
0.000000,0.000000,29.000000,1.000000,0.000000,0.000000,1.000000,0.000000,2.000000,0.000000,7.378409,1.000000,1.000000,1.000000,1.000000,0.000000,0.000000,0.258276,0.197650,0.720195,7.002466,0.694272,0.462848,0.966667,0.497421,7.675831,0.000000,True,True,True,1.000000,1.000000,1.000000,2553,28
0.000000,0.000000,29.000000,1.000000,0.000000,0.000000,1.000000,0.000000,3.000000,0.000000,7.015004,1.000000,1.000000,1.000000,1.000000,0.000000,0.000000,0.165474,0.265252,0.819211,6.414008,0.713905,0.475937,0.966667,0.588458,7.675831,0.000000,True,True,True,1.000000,1.000000,1.000000,2554,28
0.000000,0.000000,29.000000,1.000000,0.000000,0.000000,1.000000,0.000000,4.000000,0.000000,7.352309,1.000000,1.000000,1.000000,1.000000,0.000000,0.000000,0.333215,0.317496,0.641894,5.941401,0.740032,0.493355,0.966667,0.472607,7.675831,0.000000,True,True,True,,,,2555,28
0.000000,0.000000,29.000000,1.000000,0.000000,0.000000,1.000000,0.000000,5.000000,0.000000,6.684262,1.000000,1.000000,1.000000,1.000000,0.000000,0.000000,0.405894,0.190590,0.536276,5.521003,0.786911,0.524608,0.966667,0.420397,7.675831,0.000000,True,True,True,1.000000,1.000000,1.000000,2556,28
0.000000,0.000000,29.000000,1.000000,0.000000,0.000000,1.000000,0.000000,4.000000,0.000000,7.441397,1.000000,1.000000,1.000000,1.000000,0.000000,0.000000,0.512641,0.295308,0.424884,5.165488,0.829372,0.552915,0.966667,0.355515,7.675831,0.000000,True,True,True,,,,2557,28
0.000000,0.000000,29.000000,1.000000,0.000000,0.000000,1.000000,0.000000,4.000000,0.000000,6.916986,1.000000,1.000000,1.000000,1.000000,0.000000,0.000000,0.338082,0.266044,0.649273,4.655406,0.849113,0.566075,0.966667,0.510083,7.675831,0.000000,True,True,True,1.000000,1.000000,1.000000,2558,28
0.000000,0.000000,29.000000,1.000000,0.000000,0.000000,1.000000,0.000000,4.000000,0.000000,6.847507,1.000000,1.000000,1.000000,1.000000,0.000000,0.000000,0.408247,0.163165,0.593121,4.218776,0.850638,0.567092,0.966667,0.436629,7.675831,0.000000,True,True,True,,,,2559,28
0.000000,0.000000,29.000000,1.000000,0.000000,0.000000,1.000000,0.000000,3.000000,0.000000,6.807398,1.000000,1.000000,1.000000,1.000000,0.000000,0.000000,0.286335,0.279817,0.737366,3.662762,0.845517,0.563678,0.966667,0.556015,7.675831,0.000000,True,True,True,,,,2560,28
0.000000,0.000000,29.000000,1.000000,0.000000,0.000000,1.000000,0.000000,4.000000,0.000000,6.894598,1.000000,1.000000,1.000000,1.000000,0.000000,0.000000,0.207305,0.051304,0.792722,3.045960,0.836277,0.557518,0.966667,0.616802,7.675831,0.000000,True,True,True,,,,2561,28
0.000000,0.000000,29.000000,1.000000,0.000000,0.000000,1.000000,0.000000,5.000000,0.000000,6.730058,1.000000,1.000000,1.000000,1.000000,0.000000,0.000000,0.271934,0.151908,0.701839,2.475194,0.828718,0.552478,0.966667,0.570766,7.675831,0.000000,True,True,True,,,,2562,28
0.000000,0.000000,29.000000,1.000000,0.000000,0.000000,1.000000,0.000000,5.000000,0.000000,7.057843,1.000000,1.000000,1.000000,1.000000,0.000000,0.000000,0.313192,-0.079211,0.659635,1.971956,0.830202,0.553468,0.966667,0.503238,7.675831,0.000000,True,True,True,,,,2563,28
0.000000,0.000000,29.000000,1.000000,0.000000,0.000000,1.000000,0.000000,5.000000,0.000000,7.326798,1.000000,1.000000,1.000000,1.000000,0.000000,0.000000,0.329633,-0.065377,0.634199,1.483613,0.843331,0.562221,0.966667,0.488343,7.675831,0.000000,True,True,True,,,,2564,28
0.000000,0.000000,29.000000,1.000000,0.000000,0.000000,1.000000,0.000000,4.000000,0.000000,7.119989,1.000000,1.000000,1.000000,1.000000,0.000000,0.000000,0.344048,-0.195089,0.637809,1.032862,0.851755,0.567837,0.966667,0.450751,7.675831,0.000000,True,True,True,,,,2565,28
0.000000,0.000000,29.000000,1.000000,0.000000,0.000000,1.000000,0.000000,4.000000,0.000000,6.980120,1.000000,1.000000,1.000000,1.000000,0.000000,0.000000,0.289188,0.042418,0.667320,0.913677,0.845283,0.563522,0.966667,0.119185,7.675831,0.000000,True,True,True,,,,2566,28
0.000000,0.000000,29.000000,1.000000,0.000000,0.000000,1.000000,0.000000,2.000000,0.000000,7.179329,1.000000,1.000000,1.000000,1.000000,0.000000,0.000000,0.291986,-0.110365,0.678464,1.103720,0.850717,0.567144,0.966667,-0.190043,7.675831,0.000000,True,True,True,,,,2567,28
0.000000,0.000000,29.000000,1.000000,0.000000,0.000000,1.000000,0.000000,2.000000,0.000000,6.861620,1.000000,1.000000,1.000000,1.000000,0.000000,0.000000,0.221172,-0.049936,0.768186,1.551815,0.835337,0.556891,0.966667,-0.448095,7.675831,0.000000,True,True,True,,,,2568,28
0.000000,0.000000,29.000000,1.000000,0.000000,0.000000,1.000000,0.000000,1.000000,0.000000,7.643880,1.000000,1.000000,1.000000,1.000000,0.000000,0.000000,0.182918,-0.034000,0.788211,2.126889,0.817725,0.545150,0.966667,-0.575075,7.675831,0.000000,True,True,True,,,,2569,28
0.000000,0.000000,29.000000,1.000000,0.000000,0.000000,1.000000,0.000000,1.000000,0.000000,6.691639,1.000000,1.000000,1.000000,1.000000,0.000000,0.000000,0.087633,0.051375,0.903017,2.841679,0.788972,0.525981,0.966667,-0.714789,7.675831,0.000000,True,True,True,,,,2570,28
0.000000,0.000000,29.000000,1.000000,0.000000,0.000000,1.000000,0.000000,4.000000,0.000000,7.415783,1.000000,1.000000,1.000000,1.000000,0.000000,0.000000,0.178125,0.042430,0.789082,3.468690,0.763395,0.508930,0.966667,-0.627011,7.675831,0.000000,True,True,True,,,,2571,28
0.000000,0.000000,29.000000,1.000000,0.000000,0.000000,1.000000,0.000000,3.000000,0.000000,6.615801,1.000000,1.000000,1.000000,1.000000,0.000000,0.000000,0.231276,0.020365,0.760873,4.066206,0.771557,0.514371,0.966667,-0.597516,7.675831,0.000000,True,True,True,,,,2572,28
0.000000,0.000000,29.000000,1.000000,0.000000,0.000000,1.000000,0.000000,5.000000,0.000000,7.314682,1.000000,1.000000,1.000000,1.000000,0.000000,0.000000,0.307196,0.015641,0.658929,4.573524,0.781618,0.521078,0.966667,-0.507318,7.675831,0.000000,True,True,True,,,,2573,28
0.000000,0.000000,29.000000,1.000000,0.000000,0.000000,1.000000,0.000000,5.000000,0.000000,6.612973,1.000000,1.000000,1.000000,1.000000,0.000000,0.000000,0.259106,-0.069840,0.745172,5.182209,0.809766,0.539844,0.966667,-0.608685,7.675831,0.000000,True,True,True,,,,2574,28
0.000000,0.000000,29.000000,1.000000,0.000000,0.000000,1.000000,0.000000,5.000000,0.000000,6.624993,1.000000,1.000000,1.000000,1.000000,0.000000,0.000000,0.375405,-0.185929,0.618674,5.663307,0.825173,0.550115,0.966667,-0.481098,7.675831,0.000000,True,True,True,,,,2575,28
0.000000,0.000000,29.000000,1.000000,0.000000,0.000000,1.000000,0.000000,3.000000,0.000000,7.034552,1.000000,1.000000,1.000000,1.000000,0.000000,0.000000,0.346685,-0.075146,0.642902,6.203304,0.833718,0.555812,0.966667,-0.539998,7.675831,0.000000,True,True,True,,,,2576,28
0.000000,0.000000,29.000000,1.000000,0.000000,0.000000,1.000000,0.000000,2.000000,0.000000,7.137106,1.000000,1.000000,1.000000,1.000000,0.000000,0.000000,0.411049,-0.138835,0.586436,6.655137,0.825995,0.550663,0.966667,-0.451832,7.675831,0.000000,True,True,True,,,,2577,28
0.000000,0.000000,29.000000,1.000000,0.000000,0.000000,1.000000,0.000000,0.000000,0.000000,8.084463,1.000000,1.000000,1.000000,1.000000,0.000000,0.000000,0.280173,-0.020779,0.702591,7.230425,0.817036,0.544691,0.966667,-0.575288,7.675831,0.000000,True,True,True,1.000000,1.000000,1.000000,2578,28
0.000000,0.000000,29.000000,1.000000,0.000000,0.000000,1.000000,0.000000,1.000000,0.000000,7.519394,1.000000,1.000000,1.000000,1.000000,0.000000,0.000000,0.181826,-0.095292,0.802024,7.859663,0.785464,0.523642,0.966667,-0.629239,7.675831,0.000000,True,True,True,1.000000,1.000000,1.000000,2579,28
0.000000,0.000000,29.000000,1.000000,0.000000,0.000000,1.000000,0.000000,3.000000,0.000000,6.997618,1.000000,1.000000,1.000000,1.000000,0.000000,0.000000,0.188573,-0.042209,0.798250,8.499054,0.762606,0.508404,0.966667,-0.639391,7.675831,0.000000,True,True,True,,,,2580,28
0.000000,0.000000,29.000000,1.000000,0.000000,0.000000,1.000000,0.000000,3.000000,0.000000,7.391762,1.000000,1.000000,1.000000,1.000000,0.000000,0.000000,0.203743,-0.272843,0.799502,9.104961,0.773918,0.515945,0.966667,-0.605907,7.675831,0.000000,True,True,True,1.000000,1.000000,1.000000,2581,28
0.000000,0.000000,29.000000,1.000000,0.000000,0.000000,1.000000,0.000000,3.000000,0.000000,7.168654,1.000000,1.000000,1.000000,1.000000,0.000000,0.000000,0.324202,-0.335628,0.674308,9.579476,0.780775,0.520517,0.966667,-0.474515,7.675831,0.000000,True,True,True,,,,2582,28
0.000000,0.000000,29.000000,1.000000,0.000000,0.000000,1.000000,0.000000,1.000000,0.000000,7.274421,1.000000,1.000000,1.000000,1.000000,0.000000,0.000000,0.304577,-0.321739,0.705507,10.109584,0.784738,0.523158,0.966667,-0.530108,7.675831,0.000000,True,True,True,,,,2583,28
0.000000,0.000000,29.000000,1.000000,0.000000,0.000000,1.000000,0.000000,1.000000,0.000000,7.805560,1.000000,1.000000,1.000000,1.000000,0.000000,0.000000,0.247694,-0.265463,0.782529,10.718737,0.765317,0.510211,0.966667,-0.609153,7.675831,0.000000,True,True,True,1.000000,1.000000,1.000000,2584,28
0.000000,0.000000,29.000000,1.000000,0.000000,0.000000,1.000000,0.000000,3.000000,0.000000,7.239938,1.000000,1.000000,1.000000,1.000000,0.000000,0.000000,0.172604,-0.143027,0.846603,11.408165,0.751381,0.500921,0.966667,-0.689428,7.675831,0.000000,True,True,True,1.000000,1.000000,1.000000,2585,28
0.000000,0.000000,29.000000,1.000000,0.000000,0.000000,1.000000,0.000000,2.000000,0.000000,7.315262,1.000000,1.000000,1.000000,1.000000,0.000000,0.000000,0.319916,-0.231757,0.677627,11.950975,0.761351,0.507567,0.966667,-0.542810,7.675831,0.000000,True,True,True,,,,2586,28
0.000000,0.000000,29.000000,1.000000,0.000000,0.000000,1.000000,0.000000,1.000000,0.000000,7.464833,1.000000,1.000000,1.000000,1.000000,0.000000,0.000000,0.269855,-0.213375,0.734060,12.548953,0.766628,0.511085,0.966667,-0.597978,7.675831,0.000000,True,True,True,1.000000,1.000000,1.000000,2587,28
0.000000,0.000000,29.000000,1.000000,0.000000,0.000000,1.000000,0.000000,2.000000,0.000000,7.627871,1.000000,1.000000,1.000000,1.000000,0.000000,0.000000,0.231797,-0.113246,0.761704,13.193663,0.756017,0.504011,0.966667,-0.644710,7.675831,0.000000,True,True,True,1.000000,1.000000,1.000000,2588,28
0.000000,0.000000,29.000000,1.000000,0.000000,0.000000,1.000000,0.000000,2.000000,0.000000,6.893414,1.000000,1.000000,1.000000,1.000000,0.000000,0.000000,0.259663,-0.131570,0.770556,13.856427,0.754625,0.503084,0.966667,-0.662765,7.675831,0.000000,True,True,True,,,,2589,28
0.000000,0.000000,29.000000,1.000000,0.000000,0.000000,1.000000,0.000000,2.000000,0.000000,6.600236,1.000000,1.000000,1.000000,1.000000,0.000000,0.000000,0.268739,-0.065040,0.763124,14.513557,0.756352,0.504235,0.966667,-0.657129,7.675831,0.000000,True,True,True,,,,2590,28
0.000000,0.000000,29.000000,1.000000,0.000000,0.000000,1.000000,0.000000,4.000000,0.000000,7.103607,1.000000,1.000000,1.000000,1.000000,0.000000,0.000000,0.363978,-0.118424,0.691515,15.091787,0.755424,0.503616,0.966667,-0.578230,7.675831,0.000000,True,True,True,,,,2591,28
0.000000,0.000000,29.000000,1.000000,0.000000,0.000000,1.000000,0.000000,5.000000,0.000000,6.763405,1.000000,1.000000,1.000000,1.000000,0.000000,0.000000,0.265942,-0.258841,0.744552,15.638259,0.775946,0.517298,0.966667,-0.546472,7.675831,0.000000,True,True,True,,,,2592,28
0.000000,0.000000,29.000000,1.000000,0.000000,0.000000,1.000000,0.000000,3.000000,0.000000,7.486723,1.000000,1.000000,1.000000,1.000000,0.000000,0.000000,0.526832,-0.255401,0.520417,16.077184,0.801467,0.534311,0.966667,-0.438925,7.675831,0.000000,True,True,True,,,,2593,28
0.000000,0.000000,29.000000,1.000000,0.000000,0.000000,1.000000,0.000000,3.000000,0.000000,6.526536,1.000000,1.000000,1.000000,1.000000,0.000000,0.000000,0.514942,-0.082683,0.474105,16.545812,0.796284,0.530856,0.966667,-0.468629,7.675831,0.000000,True,True,True,,,,2594,28
0.000000,0.000000,29.000000,1.000000,0.000000,0.000000,1.000000,0.000000,1.000000,0.000000,7.315635,1.000000,1.000000,1.000000,1.000000,0.000000,0.000000,0.427104,-0.329738,0.625861,17.041899,0.797372,0.531582,0.966667,-0.496087,7.675831,0.000000,True,True,True,,,,2595,28
0.000000,0.000000,29.000000,1.000000,0.000000,0.000000,1.000000,0.000000,2.000000,0.000000,7.419107,1.000000,1.000000,1.000000,1.000000,0.000000,0.000000,0.453682,0.034570,0.583386,17.602510,0.772720,0.515147,0.966667,-0.560611,7.675831,0.000000,True,True,True,,,,2596,28
0.000000,0.000000,29.000000,1.000000,0.000000,0.000000,1.000000,0.000000,2.000000,0.000000,7.195350,1.000000,1.000000,1.000000,1.000000,0.000000,0.000000,0.425711,-0.167560,0.621095,18.113079,0.762492,0.508328,0.966667,-0.510569,7.675831,0.000000,True,True,True,,,,2597,28
0.000000,0.000000,29.000000,1.000000,0.000000,0.000000,1.000000,0.000000,1.000000,0.000000,7.375571,1.000000,1.000000,1.000000,1.000000,0.000000,0.000000,0.345381,-0.115164,0.682483,18.654189,0.750992,0.500661,0.966667,-0.541110,7.675831,0.000000,True,True,True,,,,2598,28
0.000000,0.000000,29.000000,1.000000,0.000000,0.000000,1.000000,0.000000,3.000000,0.000000,7.493802,1.000000,1.000000,1.000000,1.000000,0.000000,0.000000,0.280975,-0.327158,0.765914,19.210654,0.734739,0.489826,0.966667,-0.556466,7.675831,0.000000,True,True,True,,,,2599,28
0.000000,0.000000,29.000000,1.000000,0.000000,0.000000,1.000000,0.000000,1.000000,0.000000,7.427539,1.000000,1.000000,1.000000,1.000000,0.000000,0.000000,0.368057,-0.280622,0.684648,19.733536,0.738877,0.492585,0.966667,-0.522882,7.675831,0.000000,True,True,True,,,,2600,28
0.000000,0.000000,29.000000,1.000000,0.000000,0.000000,1.000000,0.000000,3.000000,0.000000,7.494124,1.000000,1.000000,1.000000,1.000000,0.000000,0.000000,0.400935,-0.294807,0.631515,20.203938,0.722467,0.481645,0.966667,-0.470402,7.675831,0.000000,True,True,True,,,,2601,28
0.000000,0.000000,29.000000,1.000000,0.000000,0.000000,1.000000,0.000000,1.000000,0.000000,7.756576,1.000000,1.000000,1.000000,1.000000,0.000000,0.000000,0.514709,-0.245363,0.564781,20.630242,0.728820,0.485880,0.966667,-0.426303,7.675831,0.000000,True,True,True,,,,2602,28
0.000000,0.000000,29.000000,1.000000,0.000000,0.000000,1.000000,0.000000,2.000000,0.000000,6.931480,1.000000,1.000000,1.000000,1.000000,0.000000,0.000000,0.407265,-0.323534,0.617472,21.084269,0.710702,0.473801,0.966667,-0.454027,7.675831,0.000000,True,True,True,,,,2603,28
0.000000,0.000000,29.000000,1.000000,0.000000,0.000000,1.000000,0.000000,3.000000,0.000000,7.576387,1.000000,1.000000,1.000000,1.000000,0.000000,0.000000,0.463484,-0.330903,0.569929,21.481645,0.710554,0.473703,0.966667,-0.397376,7.675831,0.000000,True,True,True,,,,2604,28
0.000000,0.000000,29.000000,1.000000,0.000000,0.000000,1.000000,0.000000,2.000000,0.000000,6.587105,1.000000,1.000000,1.000000,1.000000,0.000000,0.000000,0.384277,-0.355721,0.651176,21.919195,0.717942,0.478628,0.966667,-0.437550,7.675831,0.000000,True,True,True,,,,2605,28
0.000000,0.000000,29.000000,1.000000,0.000000,0.000000,1.000000,0.000000,1.000000,0.000000,7.280053,1.000000,1.000000,1.000000,1.000000,0.000000,0.000000,0.595559,-0.269632,0.471031,22.348204,0.716268,0.477512,0.966667,-0.429009,7.675831,0.000000,True,True,True,,,,2606,28
0.000000,0.000000,29.000000,1.000000,0.000000,0.000000,1.000000,0.000000,2.000000,0.000000,6.280396,1.000000,1.000000,1.000000,1.000000,0.000000,0.000000,0.308054,-0.285916,0.728099,22.811512,0.703973,0.469316,0.966667,-0.463308,7.675831,0.000000,True,True,True,,,,2607,28
0.000000,0.000000,29.000000,1.000000,0.000000,0.000000,1.000000,0.000000,1.000000,0.000000,7.133839,1.000000,1.000000,1.000000,1.000000,0.000000,0.000000,0.467417,-0.472509,0.611200,23.285190,0.705027,0.470018,0.966667,-0.473678,7.675831,0.000000,True,True,True,,,,2608,28
0.000000,0.000000,29.000000,1.000000,0.000000,0.000000,1.000000,0.000000,3.000000,0.000000,7.750539,1.000000,1.000000,1.000000,1.000000,0.000000,0.000000,0.311372,-0.339987,0.749879,23.890196,0.693218,0.462145,0.966667,-0.605006,7.675831,0.000000,True,True,True,,,,2609,28
0.000000,0.000000,29.000000,1.000000,0.000000,0.000000,1.000000,0.000000,1.000000,0.000000,7.850475,1.000000,1.000000,1.000000,1.000000,0.000000,0.000000,0.528831,-0.468439,0.538424,24.303400,0.706448,0.470966,0.966667,-0.413204,7.675831,0.000000,True,True,True,,,,2610,28
0.000000,0.000000,29.000000,1.000000,0.000000,0.000000,1.000000,0.000000,1.000000,0.000000,7.774247,1.000000,1.000000,1.000000,1.000000,0.000000,0.000000,0.447624,-0.300543,0.622735,24.844722,0.692048,0.461365,0.966667,-0.541322,7.675831,0.000000,True,True,True,,,,2611,28
0.000000,0.000000,29.000000,1.000000,0.000000,0.000000,1.000000,0.000000,0.000000,0.000000,8.233832,1.000000,1.000000,1.000000,1.000000,0.000000,0.000000,0.434546,-0.464223,0.622860,25.291937,0.684145,0.456097,0.966667,-0.447216,7.675831,0.000000,True,True,True,,,,2612,28
0.000000,0.000000,29.000000,1.000000,0.000000,0.000000,1.000000,0.000000,2.000000,0.000000,7.819439,1.000000,1.000000,1.000000,1.000000,0.000000,0.000000,0.415682,-0.410858,0.649697,25.775394,0.662969,0.441979,0.966667,-0.483457,7.675831,0.000000,True,True,True,1.000000,1.000000,1.000000,2613,28
0.000000,0.000000,29.000000,1.000000,0.000000,0.000000,1.000000,0.000000,0.000000,0.000000,8.638131,1.000000,1.000000,1.000000,1.000000,0.000000,0.000000,0.544496,-0.527293,0.535973,26.118423,0.681837,0.454558,0.966667,-0.343029,7.675831,0.000000,True,True,True,,,,2614,28
0.000000,0.000000,29.000000,1.000000,0.000000,0.000000,1.000000,0.000000,0.000000,0.000000,8.166265,1.000000,1.000000,1.000000,1.000000,0.000000,0.000000,0.558175,-0.323037,0.478429,26.472226,0.654784,0.436523,0.966667,-0.353804,7.675831,0.000000,True,True,True,1.000000,1.000000,1.000000,2615,28
0.000000,0.000000,29.000000,1.000000,0.000000,0.000000,1.000000,0.000000,1.000000,0.000000,7.572610,1.000000,1.000000,1.000000,1.000000,0.000000,0.000000,0.612502,-0.266006,0.451790,26.835922,0.636193,0.424129,0.966667,-0.363696,7.675831,0.000000,True,True,True,1.000000,1.000000,1.000000,2616,28
0.000000,0.000000,29.000000,1.000000,0.000000,0.000000,1.000000,0.000000,0.000000,0.000000,8.352391,1.000000,1.000000,1.000000,1.000000,0.000000,0.000000,0.546151,-0.383657,0.533401,27.115301,0.632486,0.421657,0.966667,-0.279379,7.675831,0.000000,True,True,True,,,,2617,28
0.000000,0.000000,29.000000,1.000000,0.000000,0.000000,1.000000,0.000000,1.000000,0.000000,7.914717,1.000000,1.000000,1.000000,1.000000,0.000000,0.000000,0.595912,-0.303408,0.444319,27.372641,0.610614,0.407076,0.966667,-0.257340,7.675831,0.000000,True,True,True,1.000000,1.000000,1.000000,2618,28
0.000000,0.000000,29.000000,1.000000,0.000000,0.000000,1.000000,0.000000,0.000000,0.000000,8.022154,1.000000,1.000000,1.000000,1.000000,0.000000,0.000000,0.524419,-0.467973,0.519435,27.576020,0.607988,0.405325,0.966667,-0.203379,7.675831,0.000000,True,True,True,,,,2619,28
0.000000,0.000000,29.000000,1.000000,0.000000,0.000000,1.000000,0.000000,0.000000,0.000000,8.051787,1.000000,1.000000,1.000000,1.000000,0.000000,0.000000,0.617692,-0.381406,0.440445,27.774900,0.586475,0.390983,0.966667,-0.198880,7.675831,0.000000,True,True,True,1.000000,1.000000,1.000000,2620,28
0.000000,0.000000,29.000000,1.000000,0.000000,0.000000,1.000000,0.000000,2.000000,0.000000,7.748344,1.000000,1.000000,1.000000,1.000000,0.000000,0.000000,0.348835,-0.457052,0.677171,28.071363,0.570063,0.380042,0.966667,-0.296463,7.675831,0.000000,True,True,True,1.000000,1.000000,1.000000,2621,28
0.000000,0.000000,29.000000,1.000000,0.000000,0.000000,1.000000,0.000000,0.000000,0.000000,8.016761,1.000000,1.000000,1.000000,1.000000,0.000000,0.000000,0.587711,-0.403215,0.442051,28.218073,0.600808,0.400538,0.966667,-0.146710,7.675831,0.000000,True,True,True,,,,2622,28
0.000000,0.000000,29.000000,1.000000,0.000000,0.000000,1.000000,0.000000,0.000000,0.000000,8.044058,1.000000,1.000000,1.000000,1.000000,0.000000,0.000000,0.607290,-0.330020,0.430187,28.414420,0.577926,0.385284,0.966667,-0.196348,7.675831,0.000000,True,True,True,1.000000,1.000000,1.000000,2623,28
0.000000,0.000000,29.000000,1.000000,0.000000,0.000000,1.000000,0.000000,0.000000,0.000000,8.187943,1.000000,1.000000,1.000000,1.000000,0.000000,0.000000,0.554793,-0.073690,0.469264,28.478857,0.562701,0.375134,0.966667,-0.064437,7.675831,0.000000,True,True,True,1.000000,1.000000,1.000000,2624,28
0.000000,0.000000,29.000000,1.000000,0.000000,0.000000,1.000000,0.000000,0.000000,0.000000,8.103254,1.000000,1.000000,1.000000,1.000000,0.000000,0.000000,0.411014,0.101163,0.653629,28.206564,0.547549,0.365033,0.966667,0.272293,7.675831,0.000000,True,True,True,1.000000,1.000000,1.000000,2625,28
0.000000,0.000000,29.000000,1.000000,0.000000,0.000000,1.000000,0.000000,0.000000,0.000000,8.003950,1.000000,1.000000,1.000000,1.000000,0.000000,0.000000,0.312347,0.224407,0.753201,27.864916,0.532720,0.355147,0.966667,0.341648,7.675831,0.000000,True,True,True,1.000000,1.000000,1.000000,2626,28
0.000000,0.000000,29.000000,1.000000,0.000000,0.000000,1.000000,0.000000,1.000000,0.000000,7.942543,1.000000,1.000000,1.000000,1.000000,0.000000,0.000000,0.329006,0.295943,0.743609,27.455553,0.518298,0.345532,0.966667,0.409364,7.675831,0.000000,True,True,True,1.000000,1.000000,1.000000,2627,28
0.000000,0.000000,29.000000,1.000000,0.000000,0.000000,1.000000,0.000000,1.000000,0.000000,7.680773,1.000000,1.000000,1.000000,1.000000,0.000000,0.000000,0.398975,0.299453,0.676423,27.054605,0.538303,0.358869,0.966667,0.400948,7.675831,0.000000,True,True,True,1.000000,1.000000,1.000000,2628,28
0.000000,0.000000,29.000000,1.000000,0.000000,0.000000,1.000000,0.000000,1.000000,0.000000,7.674483,1.000000,1.000000,1.000000,1.000000,0.000000,0.000000,0.386956,0.378622,0.680766,26.591640,0.550614,0.367076,0.966667,0.462965,7.675831,0.000000,True,True,True,1.000000,1.000000,1.000000,2629,28
0.000000,0.000000,29.000000,1.000000,0.000000,0.000000,1.000000,0.000000,0.000000,0.000000,8.179929,1.000000,1.000000,1.000000,1.000000,0.000000,0.000000,0.348487,0.475826,0.710193,26.071382,0.562557,0.375038,0.966667,0.520258,7.675831,0.000000,True,True,True,1.000000,1.000000,1.000000,2630,28
0.000000,0.000000,29.000000,1.000000,0.000000,0.000000,1.000000,0.000000,1.000000,0.000000,7.642175,1.000000,1.000000,1.000000,1.000000,0.000000,0.000000,0.253026,0.521067,0.799127,25.544472,0.545138,0.363425,0.966667,0.526910,7.675831,0.000000,True,True,True,1.000000,1.000000,1.000000,2631,28
0.000000,0.000000,29.000000,1.000000,0.000000,0.000000,1.000000,0.000000,0.000000,0.000000,8.280593,1.000000,1.000000,1.000000,1.000000,0.000000,0.000000,0.325619,0.498543,0.717200,25.075376,0.545396,0.363597,0.966667,0.469097,7.675831,0.000000,True,True,True,,,,2632,28
0.000000,0.000000,29.000000,1.000000,0.000000,0.000000,1.000000,0.000000,0.000000,0.000000,8.017396,1.000000,1.000000,1.000000,1.000000,0.000000,0.000000,0.258385,0.567459,0.790902,24.555404,0.531588,0.354392,0.966667,0.519972,7.675831,0.000000,True,True,True,1.000000,1.000000,1.000000,2633,28
0.000000,0.000000,29.000000,1.000000,0.000000,0.000000,1.000000,0.000000,2.000000,0.000000,7.873231,1.000000,1.000000,1.000000,1.000000,0.000000,0.000000,0.249138,0.569999,0.800841,24.045278,0.516521,0.344347,0.966667,0.510126,7.675831,0.000000,True,True,True,1.000000,1.000000,1.000000,2634,28
0.000000,0.000000,29.000000,1.000000,0.000000,0.000000,1.000000,0.000000,1.000000,0.000000,7.914681,1.000000,1.000000,1.000000,1.000000,0.000000,0.000000,0.379038,0.438721,0.643259,23.650598,0.533360,0.355573,0.966667,0.394680,7.675831,0.000000,True,True,True,,,,2635,28
0.000000,0.000000,29.000000,1.000000,0.000000,0.000000,1.000000,0.000000,1.000000,0.000000,7.080698,1.000000,1.000000,1.000000,1.000000,0.000000,0.000000,0.337248,0.496154,0.688155,23.200434,0.555233,0.370155,0.966667,0.450164,7.675831,0.000000,True,True,True,1.000000,1.000000,1.000000,2636,28
0.000000,0.000000,29.000000,1.000000,0.000000,0.000000,1.000000,0.000000,0.000000,0.000000,8.355440,1.000000,1.000000,1.000000,1.000000,0.000000,0.000000,0.322433,0.483980,0.702264,22.705981,0.574365,0.382910,0.966667,0.494453,7.675831,0.000000,True,True,True,1.000000,1.000000,1.000000,2637,28
0.000000,0.000000,29.000000,1.000000,0.000000,0.000000,1.000000,0.000000,0.000000,0.000000,8.076693,1.000000,1.000000,1.000000,1.000000,0.000000,0.000000,0.263262,0.579997,0.785675,22.170773,0.567376,0.378251,0.966667,0.535208,7.675831,0.000000,True,True,True,1.000000,1.000000,1.000000,2638,28
0.000000,0.000000,29.000000,1.000000,0.000000,0.000000,1.000000,0.000000,1.000000,0.000000,7.782929,1.000000,1.000000,1.000000,1.000000,0.000000,0.000000,0.261135,0.520334,0.785281,21.643734,0.548564,0.365709,0.966667,0.527039,7.675831,0.000000,True,True,True,1.000000,1.000000,1.000000,2639,28
0.000000,0.000000,29.000000,1.000000,0.000000,0.000000,1.000000,0.000000,1.000000,0.000000,7.286437,1.000000,1.000000,1.000000,1.000000,0.000000,0.000000,0.262795,0.498068,0.762725,21.179425,0.545743,0.363828,0.966667,0.464309,7.675831,0.000000,True,True,True,,,,2640,28
0.000000,0.000000,29.000000,1.000000,0.000000,0.000000,1.000000,0.000000,1.000000,0.000000,7.822220,1.000000,1.000000,1.000000,1.000000,0.000000,0.000000,0.291969,0.440788,0.714948,20.736849,0.560613,0.373742,0.966667,0.442576,7.675831,0.000000,True,True,True,1.000000,1.000000,1.000000,2641,28
0.000000,0.000000,29.000000,1.000000,0.000000,0.000000,1.000000,0.000000,2.000000,0.000000,7.577058,1.000000,1.000000,1.000000,1.000000,0.000000,0.000000,0.283111,0.475767,0.733427,20.253781,0.579331,0.386221,0.966667,0.483067,7.675831,0.000000,True,True,True,1.000000,1.000000,1.000000,2642,28
0.000000,0.000000,29.000000,1.000000,0.000000,0.000000,1.000000,0.000000,0.000000,0.000000,8.268118,1.000000,1.000000,1.000000,1.000000,0.000000,0.000000,0.257136,0.444811,0.742000,19.777159,0.614156,0.409437,0.966667,0.476622,7.675831,0.000000,True,True,True,,,,2643,28
0.000000,0.000000,29.000000,1.000000,0.000000,0.000000,1.000000,0.000000,1.000000,0.000000,7.992590,1.000000,1.000000,1.000000,1.000000,0.000000,0.000000,0.136649,0.556214,0.883974,19.189993,0.602773,0.401849,0.966667,0.587166,7.675831,0.000000,True,True,True,1.000000,1.000000,1.000000,2644,28
0.000000,0.000000,29.000000,1.000000,0.000000,0.000000,1.000000,0.000000,2.000000,0.000000,7.714037,1.000000,1.000000,1.000000,1.000000,0.000000,0.000000,0.208901,0.526325,0.809089,18.679796,0.596343,0.397562,0.966667,0.510198,7.675831,0.000000,True,True,True,,,,2645,28
0.000000,0.000000,29.000000,1.000000,0.000000,0.000000,1.000000,0.000000,0.000000,0.000000,8.050789,1.000000,1.000000,1.000000,1.000000,0.000000,0.000000,0.269689,0.414922,0.715661,18.219677,0.619654,0.413103,0.966667,0.460119,7.675831,0.000000,True,True,True,,,,2646,28
0.000000,0.000000,29.000000,1.000000,0.000000,0.000000,1.000000,0.000000,0.000000,0.000000,8.193953,1.000000,1.000000,1.000000,1.000000,0.000000,0.000000,0.142052,0.520695,0.883089,17.643349,0.606968,0.404646,0.966667,0.576328,7.675831,0.000000,True,True,True,1.000000,1.000000,1.000000,2647,28
0.000000,0.000000,29.000000,1.000000,0.000000,0.000000,1.000000,0.000000,1.000000,0.000000,7.752486,1.000000,1.000000,1.000000,1.000000,0.000000,0.000000,0.149611,0.555647,0.880208,17.084976,0.585989,0.390659,0.966667,0.558373,7.675831,0.000000,True,True,True,1.000000,1.000000,1.000000,2648,28
0.000000,0.000000,29.000000,1.000000,0.000000,0.000000,1.000000,0.000000,2.000000,0.000000,7.929199,1.000000,1.000000,1.000000,1.000000,0.000000,0.000000,0.141624,0.500168,0.883854,16.526551,0.580412,0.386942,0.966667,0.558426,7.675831,0.000000,True,True,True,,,,2649,28
0.000000,0.000000,29.000000,1.000000,0.000000,0.000000,1.000000,0.000000,3.000000,0.000000,7.212999,1.000000,1.000000,1.000000,1.000000,0.000000,0.000000,0.202004,0.452602,0.809914,16.022275,0.588650,0.392433,0.966667,0.504276,7.675831,0.000000,True,True,True,,,,2650,28
0.000000,0.000000,29.000000,1.000000,0.000000,0.000000,1.000000,0.000000,1.000000,0.000000,7.340363,1.000000,1.000000,1.000000,1.000000,0.000000,0.000000,0.231605,0.394742,0.767201,15.522980,0.626384,0.417589,0.966667,0.499294,7.675831,0.000000,True,True,True,,,,2651,28
0.000000,0.000000,29.000000,1.000000,0.000000,0.000000,1.000000,0.000000,3.000000,0.000000,7.814276,1.000000,1.000000,1.000000,1.000000,0.000000,0.000000,0.138677,0.449468,0.834239,14.988593,0.637524,0.425016,0.966667,0.534387,7.675831,0.000000,True,True,True,1.000000,1.000000,1.000000,2652,28
0.000000,0.000000,29.000000,1.000000,0.000000,0.000000,1.000000,0.000000,0.000000,0.000000,8.007496,1.000000,1.000000,1.000000,1.000000,0.000000,0.000000,0.228258,0.348871,0.717444,14.496986,0.671970,0.447980,0.966667,0.491607,7.675831,0.000000,True,True,True,,,,2653,28
0.000000,0.000000,29.000000,1.000000,0.000000,0.000000,1.000000,0.000000,1.000000,0.000000,7.982337,1.000000,1.000000,1.000000,1.000000,0.000000,0.000000,0.100027,0.565787,0.893429,13.874591,0.661753,0.441169,0.966667,0.622395,7.675831,0.000000,True,True,True,1.000000,1.000000,1.000000,2654,28
0.000000,0.000000,29.000000,1.000000,0.000000,0.000000,1.000000,0.000000,1.000000,0.000000,7.915832,1.000000,1.000000,1.000000,1.000000,0.000000,0.000000,0.097051,0.502537,0.899750,13.268602,0.649059,0.432706,0.966667,0.605989,7.675831,0.000000,True,True,True,,,,2655,28
0.000000,0.000000,29.000000,1.000000,0.000000,0.000000,1.000000,0.000000,0.000000,0.000000,8.103122,1.000000,1.000000,1.000000,1.000000,0.000000,0.000000,0.093706,0.450426,0.905098,12.679479,0.648171,0.432114,0.966667,0.589123,7.675831,0.000000,True,True,True,1.000000,1.000000,1.000000,2656,28
0.000000,0.000000,29.000000,1.000000,0.000000,0.000000,1.000000,0.000000,1.000000,0.000000,7.831097,1.000000,1.000000,1.000000,1.000000,0.000000,0.000000,0.053916,0.467328,0.942428,12.074739,0.621910,0.414606,0.966667,0.604740,7.675831,0.000000,True,True,True,1.000000,1.000000,1.000000,2657,28
0.000000,0.000000,29.000000,1.000000,0.000000,0.000000,1.000000,0.000000,1.000000,0.000000,7.720160,1.000000,1.000000,1.000000,1.000000,0.000000,0.000000,0.114844,0.371027,0.859602,11.528971,0.623065,0.415376,0.966667,0.545768,7.675831,0.000000,True,True,True,1.000000,1.000000,1.000000,2658,28
0.000000,0.000000,29.000000,1.000000,0.000000,0.000000,1.000000,0.000000,2.000000,0.000000,7.131648,1.000000,1.000000,1.000000,1.000000,0.000000,0.000000,0.132051,0.442194,0.846886,10.978518,0.628874,0.419249,0.966667,0.550453,7.675831,0.000000,True,True,True,1.000000,1.000000,1.000000,2659,28
0.000000,0.000000,29.000000,1.000000,0.000000,0.000000,1.000000,0.000000,1.000000,0.000000,7.889093,1.000000,1.000000,1.000000,1.000000,0.000000,0.000000,0.162975,0.335700,0.808979,10.463572,0.648685,0.432456,0.966667,0.514945,7.675831,0.000000,True,True,True,,,,2660,28
0.000000,0.000000,29.000000,1.000000,0.000000,0.000000,1.000000,0.000000,0.000000,0.000000,8.026479,1.000000,1.000000,1.000000,1.000000,0.000000,0.000000,0.104479,0.412872,0.890189,9.876758,0.642652,0.428435,0.966667,0.586814,7.675831,0.000000,True,True,True,,,,2661,28
0.000000,0.000000,29.000000,1.000000,0.000000,0.000000,1.000000,0.000000,2.000000,0.000000,7.447751,1.000000,1.000000,1.000000,1.000000,0.000000,0.000000,0.070249,0.439509,0.926544,9.271368,0.620626,0.413751,0.966667,0.605390,7.675831,0.000000,True,True,True,1.000000,1.000000,1.000000,2662,28
0.000000,0.000000,29.000000,1.000000,0.000000,0.000000,1.000000,0.000000,2.000000,0.000000,7.567067,1.000000,1.000000,1.000000,1.000000,0.000000,0.000000,0.108648,0.320453,0.875239,8.728087,0.620887,0.413925,0.966667,0.543280,7.675831,0.000000,True,True,True,,,,2663,28
0.000000,0.000000,29.000000,1.000000,0.000000,0.000000,1.000000,0.000000,1.000000,0.000000,7.339124,1.000000,1.000000,1.000000,1.000000,0.000000,0.000000,0.110393,0.324885,0.886104,8.150579,0.653855,0.435903,0.966667,0.577508,7.675831,0.000000,True,True,True,1.000000,1.000000,1.000000,2664,28
0.000000,0.000000,29.000000,1.000000,0.000000,0.000000,1.000000,0.000000,2.000000,0.000000,7.853169,1.000000,1.000000,1.000000,1.000000,0.000000,0.000000,0.062343,0.353702,0.929763,7.533743,0.645151,0.430101,0.966667,0.616835,7.675831,0.000000,True,True,True,,,,2665,28
0.000000,0.000000,29.000000,1.000000,0.000000,0.000000,1.000000,0.000000,3.000000,0.000000,7.247971,1.000000,1.000000,1.000000,1.000000,0.000000,0.000000,0.084461,0.325032,0.904269,6.941607,0.646746,0.431164,0.966667,0.592136,7.675831,0.000000,True,True,True,,,,2666,28
0.000000,0.000000,29.000000,1.000000,0.000000,0.000000,1.000000,0.000000,3.000000,0.000000,7.657651,1.000000,1.000000,1.000000,1.000000,0.000000,0.000000,0.103344,0.252627,0.894901,6.342914,0.672037,0.448025,0.966667,0.598693,7.675831,0.000000,True,True,True,,,,2667,28
0.000000,0.000000,29.000000,1.000000,0.000000,0.000000,1.000000,0.000000,3.000000,0.000000,7.566439,1.000000,1.000000,1.000000,1.000000,0.000000,0.000000,0.149178,0.177476,0.819621,5.778088,0.692344,0.461563,0.966667,0.564826,7.675831,0.000000,True,True,True,,,,2668,28
0.000000,0.000000,29.000000,1.000000,0.000000,0.000000,1.000000,0.000000,3.000000,0.000000,7.077687,1.000000,1.000000,1.000000,1.000000,0.000000,0.000000,0.160683,0.168711,0.820157,5.228372,0.733100,0.488733,0.966667,0.549717,7.675831,0.000000,True,True,True,1.000000,1.000000,1.000000,2669,28
0.000000,0.000000,29.000000,1.000000,0.000000,0.000000,1.000000,0.000000,3.000000,0.000000,7.189809,1.000000,1.000000,1.000000,1.000000,0.000000,0.000000,0.236541,0.154607,0.732815,4.728541,0.745680,0.497120,0.966667,0.499830,7.675831,0.000000,True,True,True,,,,2670,28
0.000000,0.000000,29.000000,1.000000,0.000000,0.000000,1.000000,0.000000,3.000000,0.000000,6.896585,1.000000,1.000000,1.000000,1.000000,0.000000,0.000000,0.132182,0.174818,0.845160,4.155591,0.753030,0.502020,0.966667,0.572951,7.675831,0.000000,True,True,True,,,,2671,28
0.000000,0.000000,29.000000,1.000000,0.000000,0.000000,1.000000,0.000000,2.000000,0.000000,7.420875,1.000000,1.000000,1.000000,1.000000,0.000000,0.000000,0.191710,0.081430,0.785627,3.668076,0.758480,0.505653,0.966667,0.487515,7.675831,0.000000,True,True,True,,,,2672,28
0.000000,0.000000,29.000000,1.000000,0.000000,0.000000,1.000000,0.000000,2.000000,0.000000,7.008934,1.000000,1.000000,1.000000,1.000000,0.000000,0.000000,0.099144,0.186866,0.900908,3.128281,0.745450,0.496967,0.966667,0.539794,7.675831,0.000000,True,True,True,,,,2673,28
0.000000,0.000000,29.000000,1.000000,0.000000,0.000000,1.000000,0.000000,2.000000,0.000000,7.729304,1.000000,1.000000,1.000000,1.000000,0.000000,0.000000,0.168892,0.138176,0.816610,2.691248,0.733819,0.489213,0.966667,0.437033,7.675831,0.000000,True,True,True,,,,2674,28
0.000000,0.000000,29.000000,1.000000,0.000000,0.000000,1.000000,0.000000,1.000000,0.000000,7.080050,1.000000,1.000000,1.000000,1.000000,0.000000,0.000000,0.163293,0.123057,0.822352,2.315484,0.732163,0.488109,0.966667,0.375764,7.675831,0.000000,True,True,True,,,,2675,28
0.000000,0.000000,29.000000,1.000000,0.000000,0.000000,1.000000,0.000000,2.000000,0.000000,7.968111,1.000000,1.000000,1.000000,1.000000,0.000000,0.000000,0.143941,0.076689,0.835020,2.074165,0.712386,0.474924,0.966667,0.241319,7.675831,0.000000,True,True,True,,,,2676,28
0.000000,0.000000,29.000000,1.000000,0.000000,0.000000,1.000000,0.000000,1.000000,0.000000,7.817510,1.000000,1.000000,1.000000,1.000000,0.000000,0.000000,0.288465,-0.033897,0.670860,1.984615,0.710493,0.473662,0.966667,0.089551,7.675831,0.000000,True,True,True,1.000000,1.000000,1.000000,2677,28
0.000000,0.000000,29.000000,1.000000,0.000000,0.000000,1.000000,0.000000,2.000000,0.000000,7.138944,1.000000,1.000000,1.000000,1.000000,0.000000,0.000000,0.208613,0.060075,0.766035,2.039515,0.703357,0.468905,0.966667,-0.054900,7.675831,0.000000,True,True,True,1.000000,1.000000,1.000000,2678,28
0.000000,0.000000,29.000000,1.000000,0.000000,0.000000,1.000000,0.000000,1.000000,0.000000,7.878057,1.000000,1.000000,1.000000,1.000000,0.000000,0.000000,0.232118,-0.029711,0.741509,2.228866,0.714596,0.476398,0.966667,-0.189351,7.675831,0.000000,True,True,True,1.000000,1.000000,1.000000,2679,28
0.000000,0.000000,29.000000,1.000000,0.000000,0.000000,1.000000,0.000000,2.000000,0.000000,7.072901,1.000000,1.000000,1.000000,1.000000,0.000000,0.000000,0.148911,-0.074687,0.830926,2.556182,0.706904,0.471269,0.966667,-0.327316,7.675831,0.000000,True,True,True,1.000000,1.000000,1.000000,2680,28
0.000000,0.000000,29.000000,1.000000,0.000000,0.000000,1.000000,0.000000,3.000000,0.000000,6.866175,1.000000,1.000000,1.000000,1.000000,0.000000,0.000000,0.245731,0.057457,0.728172,2.889659,0.707481,0.471654,0.966667,-0.333477,7.675831,0.000000,True,True,True,,,,2681,28
0.000000,0.000000,29.000000,1.000000,0.000000,0.000000,1.000000,0.000000,1.000000,0.000000,7.620432,1.000000,1.000000,1.000000,1.000000,0.000000,0.000000,0.222983,-0.137015,0.770491,3.341129,0.726288,0.484192,0.966667,-0.451470,7.675831,0.000000,True,True,True,,,,2682,28
0.000000,0.000000,29.000000,1.000000,0.000000,0.000000,1.000000,0.000000,2.000000,0.000000,7.501964,1.000000,1.000000,1.000000,1.000000,0.000000,0.000000,0.157618,0.048021,0.813624,3.837495,0.705750,0.470500,0.966667,-0.496366,7.675831,0.000000,True,True,True,,,,2683,28
0.000000,0.000000,29.000000,1.000000,0.000000,0.000000,1.000000,0.000000,2.000000,0.000000,6.969357,1.000000,1.000000,1.000000,1.000000,0.000000,0.000000,0.184230,-0.111235,0.795664,4.372634,0.705198,0.470132,0.966667,-0.535139,7.675831,0.000000,True,True,True,,,,2684,28
0.000000,0.000000,29.000000,1.000000,0.000000,0.000000,1.000000,0.000000,2.000000,0.000000,7.540500,1.000000,1.000000,1.000000,1.000000,0.000000,0.000000,0.227181,-0.092807,0.737139,4.896640,0.705003,0.470002,0.966667,-0.524005,7.675831,0.000000,True,True,True,,,,2685,28
0.000000,0.000000,29.000000,1.000000,0.000000,0.000000,1.000000,0.000000,0.000000,0.000000,8.032680,1.000000,1.000000,1.000000,1.000000,0.000000,0.000000,0.372009,-0.141603,0.589471,5.298714,0.705241,0.470161,0.966667,-0.402074,7.675831,0.000000,True,True,True,,,,2686,28
0.000000,0.000000,29.000000,1.000000,0.000000,0.000000,1.000000,0.000000,2.000000,0.000000,7.544052,1.000000,1.000000,1.000000,1.000000,0.000000,0.000000,0.149120,0.070807,0.840209,5.822390,0.672547,0.448365,0.966667,-0.523676,7.675831,0.000000,True,True,True,1.000000,1.000000,1.000000,2687,28
0.000000,0.000000,29.000000,1.000000,0.000000,0.000000,1.000000,0.000000,2.000000,0.000000,6.589837,1.000000,1.000000,1.000000,1.000000,0.000000,0.000000,0.257097,-0.039608,0.721228,6.290690,0.664768,0.443178,0.966667,-0.468301,7.675831,0.000000,True,True,True,,,,2688,28
0.000000,0.000000,29.000000,1.000000,0.000000,0.000000,1.000000,0.000000,3.000000,0.000000,7.276286,1.000000,1.000000,1.000000,1.000000,0.000000,0.000000,0.251284,-0.095800,0.757413,6.770468,0.683672,0.455781,0.966667,-0.479777,7.675831,0.000000,True,True,True,1.000000,1.000000,1.000000,2689,28
0.000000,0.000000,29.000000,1.000000,0.000000,0.000000,1.000000,0.000000,1.000000,0.000000,7.629329,1.000000,1.000000,1.000000,1.000000,0.000000,0.000000,0.254512,-0.225720,0.744781,7.226294,0.695737,0.463824,0.966667,-0.455826,7.675831,0.000000,True,True,True,,,,2690,28
0.000000,0.000000,29.000000,1.000000,0.000000,0.000000,1.000000,0.000000,2.000000,0.000000,7.235883,1.000000,1.000000,1.000000,1.000000,0.000000,0.000000,0.192271,-0.067144,0.789386,7.755915,0.685042,0.456695,0.966667,-0.529622,7.675831,0.000000,True,True,True,1.000000,1.000000,1.000000,2691,28
0.000000,0.000000,29.000000,1.000000,0.000000,0.000000,1.000000,0.000000,1.000000,0.000000,7.407560,1.000000,1.000000,1.000000,1.000000,0.000000,0.000000,0.260193,-0.107135,0.738545,8.224407,0.686450,0.457633,0.966667,-0.468492,7.675831,0.000000,True,True,True,,,,2692,28
0.000000,0.000000,29.000000,1.000000,0.000000,0.000000,1.000000,0.000000,2.000000,0.000000,7.311763,1.000000,1.000000,1.000000,1.000000,0.000000,0.000000,0.204815,-0.078033,0.778815,8.734532,0.674560,0.449707,0.966667,-0.510125,7.675831,0.000000,True,True,True,1.000000,1.000000,1.000000,2693,28
0.000000,0.000000,29.000000,1.000000,0.000000,0.000000,1.000000,0.000000,1.000000,0.000000,7.373346,1.000000,1.000000,1.000000,1.000000,0.000000,0.000000,0.208206,-0.206260,0.806641,9.227948,0.676839,0.451226,0.966667,-0.493416,7.675831,0.000000,True,True,True,,,,2694,28
0.000000,0.000000,29.000000,1.000000,0.000000,0.000000,1.000000,0.000000,2.000000,0.000000,7.571236,1.000000,1.000000,1.000000,1.000000,0.000000,0.000000,0.175938,-0.143737,0.838029,9.763529,0.664237,0.442825,0.966667,-0.535581,7.675831,0.000000,True,True,True,1.000000,1.000000,1.000000,2695,28
0.000000,0.000000,29.000000,1.000000,0.000000,0.000000,1.000000,0.000000,1.000000,0.000000,7.307493,1.000000,1.000000,1.000000,1.000000,0.000000,0.000000,0.245620,-0.301695,0.774170,10.240706,0.668571,0.445714,0.966667,-0.477178,7.675831,0.000000,True,True,True,,,,2696,28
0.000000,0.000000,29.000000,1.000000,0.000000,0.000000,1.000000,0.000000,2.000000,0.000000,7.600388,1.000000,1.000000,1.000000,1.000000,0.000000,0.000000,0.205853,-0.145745,0.794314,10.754558,0.659440,0.439626,0.966667,-0.513851,7.675831,0.000000,True,True,True,1.000000,1.000000,1.000000,2697,28
0.000000,0.000000,29.000000,1.000000,0.000000,0.000000,1.000000,0.000000,2.000000,0.000000,7.214351,1.000000,1.000000,1.000000,1.000000,0.000000,0.000000,0.254418,-0.463368,0.775882,11.219086,0.676961,0.451307,0.966667,-0.464529,7.675831,0.000000,True,True,True,1.000000,1.000000,1.000000,2698,28
0.000000,0.000000,29.000000,1.000000,0.000000,0.000000,1.000000,0.000000,1.000000,0.000000,7.596237,1.000000,1.000000,1.000000,1.000000,0.000000,0.000000,0.273593,-0.228155,0.722920,11.688301,0.675499,0.450332,0.966667,-0.469215,7.675831,0.000000,True,True,True,,,,2699,28
0.000000,0.000000,29.000000,1.000000,0.000000,0.000000,1.000000,0.000000,3.000000,0.000000,7.474844,1.000000,1.000000,1.000000,1.000000,0.000000,0.000000,0.233928,-0.362546,0.746498,12.197406,0.667255,0.444837,0.966667,-0.509105,7.675831,0.000000,True,True,True,1.000000,1.000000,1.000000,2700,28
0.000000,0.000000,29.000000,1.000000,0.000000,0.000000,1.000000,0.000000,2.000000,0.000000,6.704115,1.000000,1.000000,1.000000,1.000000,0.000000,0.000000,0.291239,-0.229802,0.712882,12.667495,0.706131,0.470754,0.966667,-0.470090,7.675831,0.000000,True,True,True,1.000000,1.000000,1.000000,2701,28
0.000000,0.000000,29.000000,1.000000,0.000000,0.000000,1.000000,0.000000,1.000000,0.000000,7.730842,1.000000,1.000000,1.000000,1.000000,0.000000,0.000000,0.257846,-0.373971,0.751751,13.179364,0.705506,0.470337,0.966667,-0.511869,7.675831,0.000000,True,True,True,,,,2702,28
0.000000,0.000000,29.000000,1.000000,0.000000,0.000000,1.000000,0.000000,2.000000,0.000000,7.322481,1.000000,1.000000,1.000000,1.000000,0.000000,0.000000,0.244305,-0.204313,0.737915,13.693560,0.683471,0.455648,0.966667,-0.514196,7.675831,0.000000,True,True,True,,,,2703,28
0.000000,0.000000,29.000000,1.000000,0.000000,0.000000,1.000000,0.000000,3.000000,0.000000,7.163446,1.000000,1.000000,1.000000,1.000000,0.000000,0.000000,0.336366,-0.290372,0.678096,14.212675,0.699042,0.466028,0.966667,-0.519115,7.675831,0.000000,True,True,True,1.000000,1.000000,1.000000,2704,28
0.000000,0.000000,29.000000,1.000000,0.000000,0.000000,1.000000,0.000000,1.000000,0.000000,7.399832,1.000000,1.000000,1.000000,1.000000,0.000000,0.000000,0.414211,-0.376436,0.645817,14.679399,0.718028,0.478685,0.966667,-0.466725,7.675831,0.000000,True,True,True,,,,2705,28
0.000000,0.000000,29.000000,1.000000,0.000000,0.000000,1.000000,0.000000,2.000000,0.000000,7.329593,1.000000,1.000000,1.000000,1.000000,0.000000,0.000000,0.363678,-0.257913,0.662363,15.211865,0.700587,0.467058,0.966667,-0.532465,7.675831,0.000000,True,True,True,1.000000,1.000000,1.000000,2706,28
0.000000,0.000000,29.000000,1.000000,0.000000,0.000000,1.000000,0.000000,2.000000,0.000000,7.574671,1.000000,1.000000,1.000000,1.000000,0.000000,0.000000,0.317522,-0.457119,0.738892,15.729150,0.701557,0.467705,0.966667,-0.517285,7.675831,0.000000,True,True,True,,,,2707,28
0.000000,0.000000,29.000000,1.000000,0.000000,0.000000,1.000000,0.000000,0.000000,0.000000,8.064932,1.000000,1.000000,1.000000,1.000000,0.000000,0.000000,0.379833,-0.338339,0.658853,16.224107,0.688121,0.458747,0.966667,-0.494957,7.675831,0.000000,True,True,True,,,,2708,28
0.000000,0.000000,29.000000,1.000000,0.000000,0.000000,1.000000,0.000000,0.000000,0.000000,8.174291,1.000000,1.000000,1.000000,1.000000,0.000000,0.000000,0.228812,-0.271048,0.804464,16.804872,0.661292,0.440861,0.966667,-0.580765,7.675831,0.000000,True,True,True,1.000000,1.000000,1.000000,2709,28
0.000000,0.000000,29.000000,1.000000,0.000000,0.000000,1.000000,0.000000,1.000000,0.000000,7.581232,1.000000,1.000000,1.000000,1.000000,0.000000,0.000000,0.266563,-0.223621,0.772355,17.364236,0.638842,0.425894,0.966667,-0.559363,7.675831,0.000000,True,True,True,1.000000,1.000000,1.000000,2710,28
0.000000,0.000000,29.000000,1.000000,0.000000,0.000000,1.000000,0.000000,1.000000,0.000000,7.370326,1.000000,1.000000,1.000000,1.000000,0.000000,0.000000,0.382562,-0.269336,0.643588,17.811538,0.630388,0.420258,0.966667,-0.447303,7.675831,0.000000,True,True,True,,,,2711,28
0.000000,0.000000,29.000000,1.000000,0.000000,0.000000,1.000000,0.000000,1.000000,0.000000,7.901860,1.000000,1.000000,1.000000,1.000000,0.000000,0.000000,0.332045,-0.281954,0.730574,18.285318,0.634461,0.422974,0.966667,-0.473780,7.675831,0.000000,True,True,True,1.000000,1.000000,1.000000,2712,28
0.000000,0.000000,29.000000,1.000000,0.000000,0.000000,1.000000,0.000000,0.000000,0.000000,8.209255,1.000000,1.000000,1.000000,1.000000,0.000000,0.000000,0.391973,-0.519193,0.661058,18.690620,0.631899,0.421266,0.966667,-0.405301,7.675831,0.000000,True,True,True,1.000000,1.000000,1.000000,2713,28
0.000000,0.000000,29.000000,1.000000,0.000000,0.000000,1.000000,0.000000,0.000000,0.000000,8.432038,1.000000,1.000000,1.000000,1.000000,0.000000,0.000000,0.314917,-0.208675,0.719063,19.183397,0.605315,0.403543,0.966667,-0.492777,7.675831,0.000000,True,True,True,1.000000,1.000000,1.000000,2714,28
0.000000,0.000000,29.000000,1.000000,0.000000,0.000000,1.000000,0.000000,0.000000,0.000000,8.205168,1.000000,1.000000,1.000000,1.000000,0.000000,0.000000,0.296200,-0.305912,0.731490,19.654653,0.584153,0.389435,0.966667,-0.471256,7.675831,0.000000,True,True,True,1.000000,1.000000,1.000000,2715,28
0.000000,0.000000,29.000000,1.000000,0.000000,0.000000,1.000000,0.000000,0.000000,0.000000,8.123674,1.000000,1.000000,1.000000,1.000000,0.000000,0.000000,0.335405,-0.197588,0.706729,20.096990,0.564374,0.376250,0.966667,-0.442338,7.675831,0.000000,True,True,True,1.000000,1.000000,1.000000,2716,28
0.000000,0.000000,29.000000,1.000000,0.000000,0.000000,1.000000,0.000000,0.000000,0.000000,8.009189,1.000000,1.000000,1.000000,1.000000,0.000000,0.000000,0.340602,-0.320962,0.688358,20.520786,0.545456,0.363638,0.966667,-0.423795,7.675831,0.000000,True,True,True,1.000000,1.000000,1.000000,2717,28
0.000000,0.000000,29.000000,1.000000,0.000000,0.000000,1.000000,0.000000,1.000000,0.000000,7.924404,1.000000,1.000000,1.000000,1.000000,0.000000,0.000000,0.379343,-0.135064,0.672207,20.909998,0.527237,0.351491,0.966667,-0.389212,7.675831,0.000000,True,True,True,1.000000,1.000000,1.000000,2718,28
0.000000,0.000000,29.000000,1.000000,0.000000,0.000000,1.000000,0.000000,0.000000,0.000000,8.802796,1.000000,1.000000,1.000000,1.000000,0.000000,0.000000,0.405375,-0.473889,0.654617,21.228674,0.543139,0.362093,0.966667,-0.318676,7.675831,0.000000,True,True,True,1.000000,1.000000,1.000000,2719,28
0.000000,0.000000,29.000000,1.000000,0.000000,0.000000,1.000000,0.000000,0.000000,0.000000,8.458710,1.000000,1.000000,1.000000,1.000000,0.000000,0.000000,0.405739,-0.174382,0.662784,21.590658,0.518574,0.345716,0.966667,-0.361984,7.675831,0.000000,True,True,True,1.000000,1.000000,1.000000,2720,28
0.000000,0.000000,29.000000,1.000000,0.000000,0.000000,1.000000,0.000000,0.000000,0.000000,8.021888,1.000000,1.000000,1.000000,1.000000,0.000000,0.000000,0.361446,-0.189633,0.673954,21.982610,0.501908,0.334605,0.966667,-0.391951,7.675831,0.000000,True,True,True,1.000000,1.000000,1.000000,2721,28
0.000000,0.000000,29.000000,1.000000,0.000000,0.000000,1.000000,0.000000,1.000000,0.000000,7.620906,1.000000,1.000000,1.000000,1.000000,0.000000,0.000000,0.350743,-0.191091,0.683571,22.382462,0.486642,0.324428,0.966667,-0.399852,7.675831,0.000000,True,True,True,1.000000,1.000000,1.000000,2722,28
0.000000,0.000000,29.000000,1.000000,0.000000,0.000000,1.000000,0.000000,0.000000,0.000000,8.225833,1.000000,1.000000,1.000000,1.000000,0.000000,0.000000,0.380609,-0.253195,0.672360,22.761485,0.489922,0.326615,0.966667,-0.379023,7.675831,0.000000,True,True,True,,,,2723,28
0.000000,0.000000,29.000000,1.000000,0.000000,0.000000,1.000000,0.000000,0.000000,0.000000,8.152825,1.000000,1.000000,1.000000,1.000000,0.000000,0.000000,0.320971,-0.201844,0.726223,23.166322,0.471300,0.314200,0.966667,-0.404838,7.675831,0.000000,True,True,True,1.000000,1.000000,1.000000,2724,28
0.000000,0.000000,29.000000,1.000000,0.000000,0.000000,1.000000,0.000000,1.000000,0.000000,7.808168,1.000000,1.000000,1.000000,1.000000,0.000000,0.000000,0.405949,-0.172439,0.631400,23.523105,0.457312,0.304875,0.966667,-0.356783,7.675831,0.000000,True,True,True,1.000000,1.000000,1.000000,2725,28
0.000000,0.000000,29.000000,1.000000,0.000000,0.000000,1.000000,0.000000,0.000000,0.000000,8.053267,1.000000,1.000000,1.000000,1.000000,0.000000,0.000000,0.521478,-0.050621,0.530295,23.797475,0.463160,0.308773,0.966667,-0.274370,7.675831,0.000000,True,True,True,,,,2726,28
0.000000,0.000000,29.000000,1.000000,0.000000,0.000000,1.000000,0.000000,2.000000,0.000000,7.940105,1.000000,1.000000,1.000000,1.000000,0.000000,0.000000,0.344844,-0.136836,0.691616,24.143691,0.445000,0.296666,0.966667,-0.346217,7.675831,0.000000,True,True,True,1.000000,1.000000,1.000000,2727,28
0.000000,0.000000,29.000000,1.000000,0.000000,0.000000,1.000000,0.000000,1.000000,0.000000,7.705691,1.000000,1.000000,1.000000,1.000000,0.000000,0.000000,0.464713,-0.193738,0.594764,24.376724,0.470289,0.313526,0.966667,-0.233033,7.675831,0.000000,True,True,True,,,,2728,28
0.000000,0.000000,29.000000,1.000000,0.000000,0.000000,1.000000,0.000000,1.000000,0.000000,7.664211,1.000000,1.000000,1.000000,1.000000,0.000000,0.000000,0.496104,-0.008387,0.551338,24.696076,0.483465,0.322310,0.966667,-0.319351,7.675831,0.000000,True,True,True,1.000000,1.000000,1.000000,2729,28
0.000000,0.000000,29.000000,1.000000,0.000000,0.000000,1.000000,0.000000,0.000000,0.000000,8.495571,1.000000,1.000000,1.000000,1.000000,0.000000,0.000000,0.427627,-0.134045,0.615203,25.011794,0.485489,0.323660,0.966667,-0.315718,7.675831,0.000000,True,True,True,,,,2730,28
0.000000,0.000000,29.000000,1.000000,0.000000,0.000000,1.000000,0.000000,0.000000,0.000000,8.180006,1.000000,1.000000,1.000000,1.000000,0.000000,0.000000,0.533571,0.137159,0.510301,25.278032,0.467247,0.311498,0.966667,-0.266239,7.675831,0.000000,True,True,True,1.000000,1.000000,1.000000,2731,28
0.000000,0.000000,29.000000,1.000000,0.000000,0.000000,1.000000,0.000000,1.000000,0.000000,7.830326,1.000000,1.000000,1.000000,1.000000,0.000000,0.000000,0.522960,0.104616,0.499269,25.486330,0.453401,0.302267,0.966667,-0.208297,7.675831,0.000000,True,True,True,1.000000,1.000000,1.000000,2732,28
0.000000,0.000000,29.000000,1.000000,0.000000,0.000000,1.000000,0.000000,0.000000,0.000000,8.049373,1.000000,1.000000,1.000000,1.000000,0.000000,0.000000,0.599930,0.091291,0.460922,25.683480,0.459282,0.306188,0.966667,-0.197151,7.675831,0.000000,True,True,True,,,,2733,28
0.000000,0.000000,29.000000,1.000000,0.000000,0.000000,1.000000,0.000000,2.000000,0.000000,7.962396,1.000000,1.000000,1.000000,1.000000,0.000000,0.000000,0.457549,0.029269,0.557927,25.862003,0.441352,0.294235,0.966667,-0.178523,7.675831,0.000000,True,True,True,1.000000,1.000000,1.000000,2734,28
0.000000,0.000000,29.000000,1.000000,0.000000,0.000000,1.000000,0.000000,1.000000,0.000000,7.681742,1.000000,1.000000,1.000000,1.000000,0.000000,0.000000,0.604359,0.016791,0.458880,26.092455,0.505319,0.336879,0.966667,-0.230451,7.675831,0.000000,True,True,True,1.000000,1.000000,1.000000,2735,28
0.000000,0.000000,29.000000,1.000000,0.000000,0.000000,1.000000,0.000000,2.000000,0.000000,7.590182,1.000000,1.000000,1.000000,1.000000,0.000000,0.000000,0.482604,0.015607,0.541817,26.339035,0.516913,0.344609,0.966667,-0.246580,7.675831,0.000000,True,True,True,1.000000,1.000000,1.000000,2736,28
0.000000,0.000000,29.000000,1.000000,0.000000,0.000000,1.000000,0.000000,0.000000,0.000000,8.009595,1.000000,1.000000,1.000000,1.000000,0.000000,0.000000,0.726882,0.075182,0.330083,26.575324,0.550075,0.366717,0.966667,-0.236289,7.675831,0.000000,True,True,True,,,,2737,28
0.000000,0.000000,29.000000,1.000000,0.000000,0.000000,1.000000,0.000000,0.000000,0.000000,8.096386,1.000000,1.000000,1.000000,1.000000,0.000000,0.000000,0.523444,-0.043906,0.485483,26.850974,0.537943,0.358629,0.966667,-0.275650,7.675831,0.000000,True,True,True,1.000000,1.000000,1.000000,2738,28
0.000000,0.000000,29.000000,1.000000,0.000000,0.000000,1.000000,0.000000,1.000000,0.000000,7.740093,1.000000,1.000000,1.000000,1.000000,0.000000,0.000000,0.835218,0.361010,0.248975,26.996666,0.522873,0.348582,0.966667,-0.145691,7.675831,0.000000,True,True,True,1.000000,1.000000,1.000000,2739,28
0.000000,0.000000,29.000000,1.000000,0.000000,0.000000,1.000000,0.000000,1.000000,0.000000,7.982721,1.000000,1.000000,1.000000,1.000000,0.000000,0.000000,0.692392,0.120733,0.336467,26.970273,0.525428,0.350285,0.966667,0.026392,7.675831,0.000000,True,True,True,,,,2740,28
0.000000,0.000000,29.000000,1.000000,0.000000,0.000000,1.000000,0.000000,1.000000,0.000000,7.679723,1.000000,1.000000,1.000000,1.000000,0.000000,0.000000,0.706149,0.392906,0.364036,26.813531,0.539560,0.359707,0.966667,0.156742,7.675831,0.000000,True,True,True,1.000000,1.000000,1.000000,2741,28
0.000000,0.000000,29.000000,1.000000,0.000000,0.000000,1.000000,0.000000,1.000000,0.000000,7.803409,1.000000,1.000000,1.000000,1.000000,0.000000,0.000000,0.407509,0.519318,0.655209,26.385809,0.546987,0.364658,0.966667,0.427723,7.675831,0.000000,True,True,True,1.000000,1.000000,1.000000,2742,28
0.000000,0.000000,29.000000,1.000000,0.000000,0.000000,1.000000,0.000000,0.000000,0.000000,8.288126,1.000000,1.000000,1.000000,1.000000,0.000000,0.000000,0.345294,0.438780,0.722747,25.893973,0.536694,0.357796,0.966667,0.491836,7.675831,0.000000,True,True,True,,,,2743,28
0.000000,0.000000,29.000000,1.000000,0.000000,0.000000,1.000000,0.000000,0.000000,0.000000,8.333311,1.000000,1.000000,1.000000,1.000000,0.000000,0.000000,0.308148,0.406478,0.751914,25.382862,0.517420,0.344947,0.966667,0.511111,7.675831,0.000000,True,True,True,1.000000,1.000000,1.000000,2744,28
0.000000,0.000000,29.000000,1.000000,0.000000,0.000000,1.000000,0.000000,0.000000,0.000000,8.104185,1.000000,1.000000,1.000000,1.000000,0.000000,0.000000,0.242971,0.455942,0.809085,24.889436,0.503048,0.335365,0.966667,0.493426,7.675831,0.000000,True,True,True,1.000000,1.000000,1.000000,2745,28
0.000000,0.000000,29.000000,1.000000,0.000000,0.000000,1.000000,0.000000,1.000000,0.000000,7.613074,1.000000,1.000000,1.000000,1.000000,0.000000,0.000000,0.238736,0.463048,0.816814,24.406351,0.488949,0.325966,0.966667,0.483084,7.675831,0.000000,True,True,True,1.000000,1.000000,1.000000,2746,28
0.000000,0.000000,29.000000,1.000000,0.000000,0.000000,1.000000,0.000000,0.000000,0.000000,8.113284,1.000000,1.000000,1.000000,1.000000,0.000000,0.000000,0.297227,0.385106,0.752160,23.974483,0.492733,0.328489,0.966667,0.431868,7.675831,0.000000,True,True,True,,,,2747,28
0.000000,0.000000,29.000000,1.000000,0.000000,0.000000,1.000000,0.000000,1.000000,0.000000,7.762359,1.000000,1.000000,1.000000,1.000000,0.000000,0.000000,0.245633,0.446274,0.809088,23.502675,0.479792,0.319862,0.966667,0.471808,7.675831,0.000000,True,True,True,1.000000,1.000000,1.000000,2748,28
0.000000,0.000000,29.000000,1.000000,0.000000,0.000000,1.000000,0.000000,1.000000,0.000000,7.645752,1.000000,1.000000,1.000000,1.000000,0.000000,0.000000,0.268897,0.404508,0.785127,23.051306,0.484041,0.322694,0.966667,0.451369,7.675831,0.000000,True,True,True,,,,2749,28
0.000000,0.000000,29.000000,1.000000,0.000000,0.000000,1.000000,0.000000,1.000000,0.000000,6.671994,1.000000,1.000000,1.000000,1.000000,0.000000,0.000000,0.258357,0.417246,0.797073,22.573310,0.488801,0.325867,0.966667,0.477996,7.675831,0.000000,True,True,True,,,,2750,28
0.000000,0.000000,29.000000,1.000000,0.000000,0.000000,1.000000,0.000000,2.000000,0.000000,7.438438,1.000000,1.000000,1.000000,1.000000,0.000000,0.000000,0.312629,0.366900,0.737982,22.154759,0.492219,0.328146,0.966667,0.418551,7.675831,0.000000,True,True,True,,,,2751,28
0.000000,0.000000,29.000000,1.000000,0.000000,0.000000,1.000000,0.000000,1.000000,0.000000,6.671244,1.000000,1.000000,1.000000,1.000000,0.000000,0.000000,0.224729,0.418336,0.816204,21.689312,0.513192,0.342128,0.966667,0.465447,7.675831,0.000000,True,True,True,,,,2752,28
0.000000,0.000000,29.000000,1.000000,0.000000,0.000000,1.000000,0.000000,2.000000,0.000000,7.393046,1.000000,1.000000,1.000000,1.000000,0.000000,0.000000,0.232409,0.388300,0.810606,21.229607,0.516449,0.344299,0.966667,0.459705,7.675831,0.000000,True,True,True,,,,2753,28
0.000000,0.000000,29.000000,1.000000,0.000000,0.000000,1.000000,0.000000,1.000000,0.000000,6.689677,1.000000,1.000000,1.000000,1.000000,0.000000,0.000000,0.221603,0.359634,0.818759,20.741958,0.533870,0.355914,0.966667,0.487649,7.675831,0.000000,True,True,True,,,,2754,28
0.000000,0.000000,29.000000,1.000000,0.000000,0.000000,1.000000,0.000000,2.000000,0.000000,7.396611,1.000000,1.000000,1.000000,1.000000,0.000000,0.000000,0.231634,0.342159,0.809765,20.258829,0.535004,0.356669,0.966667,0.483129,7.675831,0.000000,True,True,True,,,,2755,28
0.000000,0.000000,29.000000,1.000000,0.000000,0.000000,1.000000,0.000000,1.000000,0.000000,7.008369,1.000000,1.000000,1.000000,1.000000,0.000000,0.000000,0.221230,0.325600,0.815621,19.756128,0.550667,0.367112,0.966667,0.502701,7.675831,0.000000,True,True,True,,,,2756,28
0.000000,0.000000,29.000000,1.000000,0.000000,0.000000,1.000000,0.000000,2.000000,0.000000,7.571509,1.000000,1.000000,1.000000,1.000000,0.000000,0.000000,0.224591,0.309683,0.816358,19.248192,0.548916,0.365944,0.966667,0.507936,7.675831,0.000000,True,True,True,,,,2757,28
0.000000,0.000000,29.000000,1.000000,0.000000,0.000000,1.000000,0.000000,2.000000,0.000000,7.656951,1.000000,1.000000,1.000000,1.000000,0.000000,0.000000,0.286722,0.341971,0.765738,18.771061,0.561485,0.374324,0.966667,0.477131,7.675831,0.000000,True,True,True,,,,2758,28
0.000000,0.000000,29.000000,1.000000,0.000000,0.000000,1.000000,0.000000,0.000000,0.000000,8.102972,1.000000,1.000000,1.000000,1.000000,0.000000,0.000000,0.287582,0.223841,0.756092,18.293022,0.586560,0.391040,0.966667,0.478039,7.675831,0.000000,True,True,True,,,,2759,28
0.000000,0.000000,29.000000,1.000000,0.000000,0.000000,1.000000,0.000000,1.000000,0.000000,7.757444,1.000000,1.000000,1.000000,1.000000,0.000000,0.000000,0.248091,0.384963,0.806180,17.778233,0.565054,0.376703,0.966667,0.514789,7.675831,0.000000,True,True,True,1.000000,1.000000,1.000000,2760,28
0.000000,0.000000,29.000000,1.000000,0.000000,0.000000,1.000000,0.000000,0.000000,0.000000,8.078053,1.000000,1.000000,1.000000,1.000000,0.000000,0.000000,0.138578,0.399284,0.881928,17.243630,0.560920,0.373947,0.966667,0.534603,7.675831,0.000000,True,True,True,,,,2761,28
0.000000,0.000000,29.000000,1.000000,0.000000,0.000000,1.000000,0.000000,1.000000,0.000000,7.958494,1.000000,1.000000,1.000000,1.000000,0.000000,0.000000,0.161795,0.476826,0.869346,16.740706,0.540662,0.360441,0.966667,0.502924,7.675831,0.000000,True,True,True,1.000000,1.000000,1.000000,2762,28
0.000000,0.000000,29.000000,1.000000,0.000000,0.000000,1.000000,0.000000,1.000000,0.000000,7.727251,1.000000,1.000000,1.000000,1.000000,0.000000,0.000000,0.134332,0.406053,0.884165,16.229533,0.537905,0.358603,0.966667,0.511173,7.675831,0.000000,True,True,True,,,,2763,28
0.000000,0.000000,29.000000,1.000000,0.000000,0.000000,1.000000,0.000000,0.000000,0.000000,8.305888,1.000000,1.000000,1.000000,1.000000,0.000000,0.000000,0.171862,0.348453,0.846173,15.747486,0.548985,0.365990,0.966667,0.482047,7.675831,0.000000,True,True,True,1.000000,1.000000,1.000000,2764,28
0.000000,0.000000,29.000000,1.000000,0.000000,0.000000,1.000000,0.000000,0.000000,0.000000,8.534671,1.000000,1.000000,1.000000,1.000000,0.000000,0.000000,0.119854,0.411990,0.897274,15.231625,0.527985,0.351990,0.966667,0.515861,7.675831,0.000000,True,True,True,1.000000,1.000000,1.000000,2765,28
0.000000,0.000000,29.000000,1.000000,0.000000,0.000000,1.000000,0.000000,0.000000,0.000000,8.440246,1.000000,1.000000,1.000000,1.000000,0.000000,0.000000,0.112071,0.409661,0.904238,14.735579,0.508337,0.338891,0.966667,0.496047,7.675831,0.000000,True,True,True,1.000000,1.000000,1.000000,2766,28
0.000000,0.000000,29.000000,1.000000,0.000000,0.000000,1.000000,0.000000,0.000000,0.000000,8.097810,1.000000,1.000000,1.000000,1.000000,0.000000,0.000000,0.045957,0.477482,0.950703,14.261775,0.489070,0.326047,0.966667,0.473804,7.675831,0.000000,True,True,True,1.000000,1.000000,1.000000,2767,28
0.000000,0.000000,29.000000,1.000000,0.000000,0.000000,1.000000,0.000000,1.000000,0.000000,7.635801,1.000000,1.000000,1.000000,1.000000,0.000000,0.000000,0.047334,0.484121,0.949526,13.805611,0.470657,0.313771,0.966667,0.456165,7.675831,0.000000,True,True,True,1.000000,1.000000,1.000000,2768,28
0.000000,0.000000,29.000000,1.000000,0.000000,0.000000,1.000000,0.000000,0.000000,0.000000,8.196318,1.000000,1.000000,1.000000,1.000000,0.000000,0.000000,0.100828,0.406956,0.880822,13.399980,0.470932,0.313955,0.966667,0.405631,7.675831,0.000000,True,True,True,,,,2769,28
0.000000,0.000000,29.000000,1.000000,0.000000,0.000000,1.000000,0.000000,1.000000,0.000000,7.732073,1.000000,1.000000,1.000000,1.000000,0.000000,0.000000,0.061936,0.456491,0.928335,12.959690,0.456616,0.304411,0.966667,0.440290,7.675831,0.000000,True,True,True,1.000000,1.000000,1.000000,2770,28
0.000000,0.000000,29.000000,1.000000,0.000000,0.000000,1.000000,0.000000,0.000000,0.000000,8.237167,1.000000,1.000000,1.000000,1.000000,0.000000,0.000000,0.098873,0.348245,0.882964,12.562642,0.457055,0.304704,0.966667,0.397048,7.675831,0.000000,True,True,True,,,,2771,28
0.000000,0.000000,29.000000,1.000000,0.000000,0.000000,1.000000,0.000000,1.000000,0.000000,7.878375,1.000000,1.000000,1.000000,1.000000,0.000000,0.000000,0.080364,0.440934,0.904972,12.144353,0.443414,0.295609,0.966667,0.418288,7.675831,0.000000,True,True,True,1.000000,1.000000,1.000000,2772,28
0.000000,0.000000,29.000000,1.000000,0.000000,0.000000,1.000000,0.000000,1.000000,0.000000,7.305724,1.000000,1.000000,1.000000,1.000000,0.000000,0.000000,0.069259,0.307274,0.920076,11.724283,0.444740,0.296493,0.966667,0.420070,7.675831,0.000000,True,True,True,,,,2773,28
0.000000,0.000000,29.000000,1.000000,0.000000,0.000000,1.000000,0.000000,1.000000,0.000000,7.522805,1.000000,1.000000,1.000000,1.000000,0.000000,0.000000,0.103148,0.398606,0.875304,11.337579,0.450291,0.300194,0.966667,0.386704,7.675831,0.000000,True,True,True,,,,2774,28
0.000000,0.000000,29.000000,1.000000,0.000000,0.000000,1.000000,0.000000,1.000000,0.000000,7.101611,1.000000,1.000000,1.000000,1.000000,0.000000,0.000000,0.062990,0.310702,0.926807,10.909073,0.456261,0.304174,0.966667,0.428506,7.675831,0.000000,True,True,True,,,,2775,28
0.000000,0.000000,29.000000,1.000000,0.000000,0.000000,1.000000,0.000000,1.000000,0.000000,6.870766,1.000000,1.000000,1.000000,1.000000,0.000000,0.000000,0.068869,0.359219,0.917670,10.491389,0.460576,0.307050,0.966667,0.417684,7.675831,0.000000,True,True,True,,,,2776,28
0.000000,0.000000,29.000000,1.000000,0.000000,0.000000,1.000000,0.000000,1.000000,0.000000,7.036856,1.000000,1.000000,1.000000,1.000000,0.000000,0.000000,0.091622,0.302372,0.889492,10.082408,0.464752,0.309835,0.966667,0.408981,7.675831,0.000000,True,True,True,,,,2777,28
0.000000,0.000000,29.000000,1.000000,0.000000,0.000000,1.000000,0.000000,1.000000,0.000000,6.430936,1.000000,1.000000,1.000000,1.000000,0.000000,0.000000,0.061629,0.365394,0.928302,9.650120,0.469786,0.313190,0.966667,0.432287,7.675831,0.000000,True,True,True,,,,2778,28
0.000000,0.000000,29.000000,1.000000,0.000000,0.000000,1.000000,0.000000,1.000000,0.000000,5.732518,1.000000,1.000000,1.000000,1.000000,0.000000,0.000000,0.066359,0.331712,0.927063,9.209590,0.474063,0.316042,0.966667,0.440530,7.675831,0.000000,True,True,True,,,,2779,28
0.000000,0.000000,29.000000,1.000000,0.000000,0.000000,1.000000,0.000000,3.000000,0.000000,6.377289,1.000000,1.000000,1.000000,1.000000,0.000000,0.000000,0.099339,0.295404,0.878518,8.809313,0.477952,0.318635,0.966667,0.400278,7.675831,0.000000,True,True,True,,,,2780,28
0.000000,0.000000,29.000000,1.000000,0.000000,0.000000,1.000000,0.000000,1.000000,0.000000,5.404411,1.000000,1.000000,1.000000,1.000000,0.000000,0.000000,0.171270,0.198091,0.799063,8.435825,0.516240,0.344160,0.966667,0.373488,7.675831,0.000000,True,True,True,,,,2781,28
0.000000,0.000000,29.000000,1.000000,0.000000,0.000000,1.000000,0.000000,2.000000,0.000000,6.404373,1.000000,1.000000,1.000000,1.000000,0.000000,0.000000,0.118579,0.240346,0.848907,7.999079,0.523500,0.349000,0.966667,0.436746,7.675831,0.000000,True,True,True,,,,2782,28
0.000000,0.000000,29.000000,1.000000,0.000000,0.000000,1.000000,0.000000,4.000000,0.000000,7.102595,1.000000,1.000000,1.000000,1.000000,0.000000,0.000000,0.174292,0.172524,0.774095,7.608002,0.541021,0.360681,0.966667,0.391077,7.675831,0.000000,True,True,True,,,,2783,28
0.000000,0.000000,29.000000,1.000000,0.000000,0.000000,1.000000,0.000000,4.000000,0.000000,6.810317,1.000000,1.000000,1.000000,1.000000,0.000000,0.000000,0.192377,0.177646,0.783603,7.181405,0.590999,0.393999,0.966667,0.426598,7.675831,0.000000,True,True,True,,,,2784,28
0.000000,0.000000,29.000000,1.000000,0.000000,0.000000,1.000000,0.000000,4.000000,0.000000,7.258583,1.000000,1.000000,1.000000,1.000000,0.000000,0.000000,0.239779,0.081147,0.726266,6.736539,0.645760,0.430507,0.966667,0.444866,7.675831,0.000000,True,True,True,,,,2785,28
0.000000,0.000000,29.000000,1.000000,0.000000,0.000000,1.000000,0.000000,2.000000,0.000000,7.413361,1.000000,1.000000,1.000000,1.000000,0.000000,0.000000,0.231384,0.073048,0.733509,6.246864,0.675697,0.450465,0.966667,0.489675,7.675831,0.000000,True,True,True,,,,2786,28
0.000000,0.000000,29.000000,1.000000,0.000000,0.000000,1.000000,0.000000,2.000000,0.000000,7.423377,1.000000,1.000000,1.000000,1.000000,0.000000,0.000000,0.176951,0.133950,0.787098,5.721442,0.679228,0.452819,0.966667,0.525422,7.675831,0.000000,True,True,True,,,,2787,28
0.000000,0.000000,29.000000,1.000000,0.000000,0.000000,1.000000,0.000000,2.000000,0.000000,6.676741,1.000000,1.000000,1.000000,1.000000,0.000000,0.000000,0.141211,0.175723,0.834795,5.152189,0.687638,0.458426,0.966667,0.569253,7.675831,0.000000,True,True,True,,,,2788,28
0.000000,0.000000,29.000000,1.000000,0.000000,0.000000,1.000000,0.000000,3.000000,0.000000,7.045133,1.000000,1.000000,1.000000,1.000000,0.000000,0.000000,0.181609,0.047815,0.806554,4.612060,0.703641,0.469094,0.966667,0.540129,7.675831,0.000000,True,True,True,1.000000,1.000000,1.000000,2789,28
0.000000,0.000000,29.000000,1.000000,0.000000,0.000000,1.000000,0.000000,3.000000,0.000000,6.989615,1.000000,1.000000,1.000000,1.000000,0.000000,0.000000,0.233676,0.127648,0.753992,4.092190,0.714890,0.476594,0.966667,0.519870,7.675831,0.000000,True,True,True,,,,2790,28
0.000000,0.000000,29.000000,1.000000,0.000000,0.000000,1.000000,0.000000,2.000000,0.000000,7.688436,1.000000,1.000000,1.000000,1.000000,0.000000,0.000000,0.295055,-0.087926,0.692145,3.598717,0.741925,0.494617,0.966667,0.493474,7.675831,0.000000,True,True,True,1.000000,1.000000,1.000000,2791,28
0.000000,0.000000,29.000000,1.000000,0.000000,0.000000,1.000000,0.000000,2.000000,0.000000,7.649686,1.000000,1.000000,1.000000,1.000000,0.000000,0.000000,0.217180,0.064883,0.734755,3.062364,0.735071,0.490048,0.966667,0.536352,7.675831,0.000000,True,True,True,1.000000,1.000000,1.000000,2792,28
0.000000,0.000000,29.000000,1.000000,0.000000,0.000000,1.000000,0.000000,2.000000,0.000000,7.741300,1.000000,1.000000,1.000000,1.000000,0.000000,0.000000,0.307172,-0.035091,0.652416,2.594349,0.738075,0.492050,0.966667,0.468016,7.675831,0.000000,True,True,True,1.000000,1.000000,1.000000,2793,28
0.000000,0.000000,29.000000,1.000000,0.000000,0.000000,1.000000,0.000000,1.000000,0.000000,7.680191,1.000000,1.000000,1.000000,1.000000,0.000000,0.000000,0.208147,0.137393,0.770775,2.143587,0.730504,0.487003,0.966667,0.450761,7.675831,0.000000,True,True,True,1.000000,1.000000,1.000000,2794,28
0.000000,0.000000,29.000000,1.000000,0.000000,0.000000,1.000000,0.000000,1.000000,0.000000,7.929052,1.000000,1.000000,1.000000,1.000000,0.000000,0.000000,0.192072,0.139590,0.783509,1.724452,0.716326,0.477551,0.966667,0.419135,7.675831,0.000000,True,True,True,1.000000,1.000000,1.000000,2795,28
0.000000,0.000000,29.000000,1.000000,0.000000,0.000000,1.000000,0.000000,2.000000,0.000000,7.637049,1.000000,1.000000,1.000000,1.000000,0.000000,0.000000,0.170966,-0.047105,0.793905,1.398353,0.697689,0.465126,0.966667,0.326099,7.675831,0.000000,True,True,True,1.000000,1.000000,1.000000,2796,28
0.000000,0.000000,29.000000,1.000000,0.000000,0.000000,1.000000,0.000000,1.000000,0.000000,7.768864,1.000000,1.000000,1.000000,1.000000,0.000000,0.000000,0.214708,0.057047,0.780097,1.285926,0.697016,0.464678,0.966667,0.112427,7.675831,0.000000,True,True,True,1.000000,1.000000,1.000000,2797,28
0.000000,0.000000,29.000000,1.000000,0.000000,0.000000,1.000000,0.000000,2.000000,0.000000,7.587106,1.000000,1.000000,1.000000,1.000000,0.000000,0.000000,0.159423,0.014338,0.821616,1.403900,0.678864,0.452576,0.966667,-0.117974,7.675831,0.000000,True,True,True,,,,2798,28
0.000000,0.000000,29.000000,1.000000,0.000000,0.000000,1.000000,0.000000,2.000000,0.000000,7.467265,1.000000,1.000000,1.000000,1.000000,0.000000,0.000000,0.156357,-0.015470,0.834399,1.716067,0.681745,0.454497,0.966667,-0.312166,7.675831,0.000000,True,True,True,,,,2799,28
0.000000,0.000000,29.000000,1.000000,0.000000,0.000000,1.000000,0.000000,3.000000,0.000000,7.730238,1.000000,1.000000,1.000000,1.000000,0.000000,0.000000,0.194937,-0.023808,0.794892,2.113374,0.685600,0.457067,0.966667,-0.397308,7.675831,0.000000,True,True,True,,,,2800,28
0.000000,0.000000,29.000000,1.000000,0.000000,0.000000,1.000000,0.000000,3.000000,0.000000,7.473686,1.000000,1.000000,1.000000,1.000000,0.000000,0.000000,0.278006,-0.152514,0.732510,2.524815,0.710097,0.473398,0.966667,-0.411441,7.675831,0.000000,True,True,True,1.000000,1.000000,1.000000,2801,28
0.000000,0.000000,29.000000,1.000000,0.000000,0.000000,1.000000,0.000000,2.000000,0.000000,7.652177,1.000000,1.000000,1.000000,1.000000,0.000000,0.000000,0.288171,-0.015968,0.702352,2.977558,0.716851,0.477901,0.966667,-0.452743,7.675831,0.000000,True,True,True,,,,2802,28
0.000000,0.000000,29.000000,1.000000,0.000000,0.000000,1.000000,0.000000,3.000000,0.000000,7.358625,1.000000,1.000000,1.000000,1.000000,0.000000,0.000000,0.244654,-0.144843,0.757889,3.440287,0.722536,0.481691,0.966667,-0.462729,7.675831,0.000000,True,True,True,1.000000,1.000000,1.000000,2803,28
0.000000,0.000000,29.000000,1.000000,0.000000,0.000000,1.000000,0.000000,2.000000,0.000000,7.756920,1.000000,1.000000,1.000000,1.000000,0.000000,0.000000,0.200338,-0.068992,0.805821,3.974130,0.735644,0.490429,0.966667,-0.533843,7.675831,0.000000,True,True,True,,,,2804,28
0.000000,0.000000,29.000000,1.000000,0.000000,0.000000,1.000000,0.000000,2.000000,0.000000,7.079136,1.000000,1.000000,1.000000,1.000000,0.000000,0.000000,0.266650,-0.156691,0.726339,4.451667,0.733283,0.488855,0.966667,-0.477538,7.675831,0.000000,True,True,True,,,,2805,28
0.000000,0.000000,29.000000,1.000000,0.000000,0.000000,1.000000,0.000000,3.000000,0.000000,7.075716,1.000000,1.000000,1.000000,1.000000,0.000000,0.000000,0.176557,0.001902,0.804891,5.043074,0.727600,0.485067,0.966667,-0.591407,7.675831,0.000000,True,True,True,,,,2806,28
0.000000,0.000000,29.000000,1.000000,0.000000,0.000000,1.000000,0.000000,3.000000,0.000000,7.005697,1.000000,1.000000,1.000000,1.000000,0.000000,0.000000,0.246593,-0.176180,0.744859,5.555696,0.740474,0.493649,0.966667,-0.512621,7.675831,0.000000,True,True,True,,,,2807,28
0.000000,0.000000,29.000000,1.000000,0.000000,0.000000,1.000000,0.000000,2.000000,0.000000,7.180172,1.000000,1.000000,1.000000,1.000000,0.000000,0.000000,0.296172,0.022217,0.678468,6.062229,0.758713,0.505809,0.966667,-0.506534,7.675831,0.000000,True,True,True,,,,2808,28
0.000000,0.000000,29.000000,1.000000,0.000000,0.000000,1.000000,0.000000,3.000000,0.000000,7.323206,1.000000,1.000000,1.000000,1.000000,0.000000,0.000000,0.254036,-0.237784,0.742414,6.566803,0.746680,0.497787,0.966667,-0.504574,7.675831,0.000000,True,True,True,,,,2809,28
0.000000,0.000000,29.000000,1.000000,0.000000,0.000000,1.000000,0.000000,1.000000,0.000000,7.154068,1.000000,1.000000,1.000000,1.000000,0.000000,0.000000,0.287520,-0.075595,0.716099,7.092792,0.756895,0.504596,0.966667,-0.525988,7.675831,0.000000,True,True,True,,,,2810,28
0.000000,0.000000,29.000000,1.000000,0.000000,0.000000,1.000000,0.000000,2.000000,0.000000,7.517276,1.000000,1.000000,1.000000,1.000000,0.000000,0.000000,0.227810,-0.238119,0.791623,7.637860,0.746305,0.497537,0.966667,-0.545068,7.675831,0.000000,True,True,True,1.000000,1.000000,1.000000,2811,28
0.000000,0.000000,29.000000,1.000000,0.000000,0.000000,1.000000,0.000000,2.000000,0.000000,7.393047,1.000000,1.000000,1.000000,1.000000,0.000000,0.000000,0.293736,-0.115660,0.716992,8.149250,0.739218,0.492812,0.966667,-0.511390,7.675831,0.000000,True,True,True,,,,2812,28
0.000000,0.000000,29.000000,1.000000,0.000000,0.000000,1.000000,0.000000,2.000000,0.000000,7.367281,1.000000,1.000000,1.000000,1.000000,0.000000,0.000000,0.182782,-0.301020,0.830438,8.736307,0.740320,0.493547,0.966667,-0.587057,7.675831,0.000000,True,True,True,1.000000,1.000000,1.000000,2813,28
0.000000,0.000000,29.000000,1.000000,0.000000,0.000000,1.000000,0.000000,3.000000,0.000000,7.282040,1.000000,1.000000,1.000000,1.000000,0.000000,0.000000,0.284491,-0.145829,0.700480,9.259136,0.741437,0.494291,0.966667,-0.522829,7.675831,0.000000,True,True,True,,,,2814,28
0.000000,0.000000,29.000000,1.000000,0.000000,0.000000,1.000000,0.000000,2.000000,0.000000,7.336233,1.000000,1.000000,1.000000,1.000000,0.000000,0.000000,0.271333,-0.232667,0.749802,9.789714,0.749703,0.499802,0.966667,-0.530579,7.675831,0.000000,True,True,True,1.000000,1.000000,1.000000,2815,28
0.000000,0.000000,29.000000,1.000000,0.000000,0.000000,1.000000,0.000000,2.000000,0.000000,7.391390,1.000000,1.000000,1.000000,1.000000,0.000000,0.000000,0.330692,-0.084761,0.642130,10.286332,0.748546,0.499031,0.966667,-0.496618,7.675831,0.000000,True,True,True,,,,2816,28
0.000000,0.000000,29.000000,1.000000,0.000000,0.000000,1.000000,0.000000,2.000000,0.000000,6.498171,1.000000,1.000000,1.000000,1.000000,0.000000,0.000000,0.282315,-0.201661,0.720757,10.823581,0.754649,0.503099,0.966667,-0.537249,7.675831,0.000000,True,True,True,1.000000,1.000000,1.000000,2817,28
0.000000,0.000000,29.000000,1.000000,0.000000,0.000000,1.000000,0.000000,3.000000,0.000000,7.183590,1.000000,1.000000,1.000000,1.000000,0.000000,0.000000,0.370593,-0.147983,0.649139,11.292606,0.753063,0.502042,0.966667,-0.469025,7.675831,0.000000,True,True,True,,,,2818,28
0.000000,0.000000,29.000000,1.000000,0.000000,0.000000,1.000000,0.000000,3.000000,0.000000,6.762200,1.000000,1.000000,1.000000,1.000000,0.000000,0.000000,0.304676,-0.242231,0.688152,11.805138,0.766771,0.511181,0.966667,-0.512532,7.675831,0.000000,True,True,True,1.000000,1.000000,1.000000,2819,28
0.000000,0.000000,29.000000,1.000000,0.000000,0.000000,1.000000,0.000000,4.000000,0.000000,7.027101,1.000000,1.000000,1.000000,1.000000,0.000000,0.000000,0.348451,-0.338673,0.670770,12.289904,0.771246,0.514164,0.966667,-0.484766,7.675831,0.000000,True,True,True,,,,2820,28
0.000000,0.000000,29.000000,1.000000,0.000000,0.000000,1.000000,0.000000,4.000000,0.000000,7.127498,1.000000,1.000000,1.000000,1.000000,0.000000,0.000000,0.383528,-0.200081,0.609761,12.756683,0.783033,0.522022,0.966667,-0.466779,7.675831,0.000000,True,True,True,,,,2821,28
0.000000,0.000000,29.000000,1.000000,0.000000,0.000000,1.000000,0.000000,3.000000,0.000000,7.076276,1.000000,1.000000,1.000000,1.000000,0.000000,0.000000,0.466748,-0.468398,0.567038,13.080218,0.799783,0.533189,0.966667,-0.323535,7.675831,0.000000,True,True,True,,,,2822,28
0.000000,0.000000,29.000000,1.000000,0.000000,0.000000,1.000000,0.000000,3.000000,0.000000,7.224462,1.000000,1.000000,1.000000,1.000000,0.000000,0.000000,0.588835,0.102297,0.433421,13.423483,0.803419,0.535613,0.966667,-0.343265,7.675831,0.000000,True,True,True,1.000000,1.000000,1.000000,2823,28
0.000000,0.000000,29.000000,1.000000,0.000000,0.000000,1.000000,0.000000,3.000000,0.000000,7.628016,1.000000,1.000000,1.000000,1.000000,0.000000,0.000000,0.505556,-0.359074,0.531656,13.720185,0.803063,0.535376,0.966667,-0.296702,7.675831,0.000000,True,True,True,,,,2824,28
0.000000,0.000000,29.000000,1.000000,0.000000,0.000000,1.000000,0.000000,1.000000,0.000000,7.218935,1.000000,1.000000,1.000000,1.000000,0.000000,0.000000,0.489304,0.001200,0.552922,14.148428,0.802705,0.535136,0.966667,-0.428243,7.675831,0.000000,True,True,True,,,,2825,28
0.000000,0.000000,29.000000,1.000000,0.000000,0.000000,1.000000,0.000000,1.000000,0.000000,7.629958,1.000000,1.000000,1.000000,1.000000,0.000000,0.000000,0.218408,-0.330829,0.791997,14.716196,0.782534,0.521689,0.966667,-0.567768,7.675831,0.000000,True,True,True,,,,2826,28
0.000000,0.000000,29.000000,1.000000,0.000000,0.000000,1.000000,0.000000,2.000000,0.000000,7.588400,1.000000,1.000000,1.000000,1.000000,0.000000,0.000000,0.319177,-0.016049,0.707155,15.270781,0.763328,0.508885,0.966667,-0.554585,7.675831,0.000000,True,True,True,,,,2827,28
0.000000,0.000000,29.000000,1.000000,0.000000,0.000000,1.000000,0.000000,1.000000,0.000000,7.906875,1.000000,1.000000,1.000000,1.000000,0.000000,0.000000,0.226965,-0.405659,0.798396,15.837336,0.754606,0.503071,0.966667,-0.566555,7.675831,0.000000,True,True,True,,,,2828,28
0.000000,0.000000,29.000000,1.000000,0.000000,0.000000,1.000000,0.000000,3.000000,0.000000,7.768124,1.000000,1.000000,1.000000,1.000000,0.000000,0.000000,0.176032,-0.248850,0.835093,16.466436,0.739743,0.493162,0.966667,-0.629100,7.675831,0.000000,True,True,True,,,,2829,28
0.000000,0.000000,29.000000,1.000000,0.000000,0.000000,1.000000,0.000000,2.000000,0.000000,7.523324,1.000000,1.000000,1.000000,1.000000,0.000000,0.000000,0.198396,-0.424482,0.828545,17.059804,0.745755,0.497170,0.966667,-0.593368,7.675831,0.000000,True,True,True,,,,2830,28
0.000000,0.000000,29.000000,1.000000,0.000000,0.000000,1.000000,0.000000,1.000000,0.000000,7.921834,1.000000,1.000000,1.000000,1.000000,0.000000,0.000000,0.356249,-0.364573,0.699151,17.557918,0.749404,0.499603,0.966667,-0.498114,7.675831,0.000000,True,True,True,,,,2831,28
0.000000,0.000000,29.000000,1.000000,0.000000,0.000000,1.000000,0.000000,0.000000,0.000000,8.232496,1.000000,1.000000,1.000000,1.000000,0.000000,0.000000,0.319180,-0.329779,0.709065,18.107945,0.738603,0.492402,0.966667,-0.550026,7.675831,0.000000,True,True,True,1.000000,1.000000,1.000000,2832,28
0.000000,0.000000,29.000000,1.000000,0.000000,0.000000,1.000000,0.000000,2.000000,0.000000,7.852795,1.000000,1.000000,1.000000,1.000000,0.000000,0.000000,0.265210,-0.188647,0.741987,18.691578,0.722573,0.481716,0.966667,-0.583633,7.675831,0.000000,True,True,True,1.000000,1.000000,1.000000,2833,28
0.000000,0.000000,29.000000,1.000000,0.000000,0.000000,1.000000,0.000000,1.000000,0.000000,7.985267,1.000000,1.000000,1.000000,1.000000,0.000000,0.000000,0.297143,-0.418552,0.724601,19.237956,0.729407,0.486271,0.966667,-0.546378,7.675831,0.000000,True,True,True,,,,2834,28
0.000000,0.000000,29.000000,1.000000,0.000000,0.000000,1.000000,0.000000,0.000000,0.000000,8.134307,1.000000,1.000000,1.000000,1.000000,0.000000,0.000000,0.386189,-0.286661,0.637616,19.760329,0.731339,0.487559,0.966667,-0.522373,7.675831,0.000000,True,True,True,1.000000,1.000000,1.000000,2835,28
0.000000,0.000000,29.000000,1.000000,0.000000,0.000000,1.000000,0.000000,0.000000,0.000000,8.432623,1.000000,1.000000,1.000000,1.000000,0.000000,0.000000,0.361555,-0.332378,0.662363,20.282354,0.706975,0.471317,0.966667,-0.522025,7.675831,0.000000,True,True,True,1.000000,1.000000,1.000000,2836,28
0.000000,0.000000,29.000000,1.000000,0.000000,0.000000,1.000000,0.000000,0.000000,0.000000,8.466972,1.000000,1.000000,1.000000,1.000000,0.000000,0.000000,0.261493,-0.334418,0.777055,20.873706,0.685815,0.457210,0.966667,-0.591352,7.675831,0.000000,True,True,True,1.000000,1.000000,1.000000,2837,28
0.000000,0.000000,29.000000,1.000000,0.000000,0.000000,1.000000,0.000000,0.000000,0.000000,8.333306,1.000000,1.000000,1.000000,1.000000,0.000000,0.000000,0.280851,-0.429921,0.770045,21.412697,0.665362,0.443575,0.966667,-0.538991,7.675831,0.000000,True,True,True,1.000000,1.000000,1.000000,2838,28
0.000000,0.000000,29.000000,1.000000,0.000000,0.000000,1.000000,0.000000,0.000000,0.000000,8.123932,1.000000,1.000000,1.000000,1.000000,0.000000,0.000000,0.324153,-0.392330,0.710498,21.902264,0.645506,0.430338,0.966667,-0.489567,7.675831,0.000000,True,True,True,1.000000,1.000000,1.000000,2839,28
0.000000,0.000000,29.000000,1.000000,0.000000,0.000000,1.000000,0.000000,1.000000,0.000000,7.952900,1.000000,1.000000,1.000000,1.000000,0.000000,0.000000,0.287398,-0.423964,0.751065,22.389967,0.626363,0.417575,0.966667,-0.487703,7.675831,0.000000,True,True,True,1.000000,1.000000,1.000000,2840,28
0.000000,0.000000,29.000000,1.000000,0.000000,0.000000,1.000000,0.000000,1.000000,0.000000,7.643174,1.000000,1.000000,1.000000,1.000000,0.000000,0.000000,0.450153,-0.480719,0.622214,22.801092,0.621665,0.414443,0.966667,-0.411125,7.675831,0.000000,True,True,True,,,,2841,28
0.000000,0.000000,29.000000,1.000000,0.000000,0.000000,1.000000,0.000000,0.000000,0.000000,8.265733,1.000000,1.000000,1.000000,1.000000,0.000000,0.000000,0.418337,-0.392148,0.637792,23.192444,0.613741,0.409161,0.966667,-0.391352,7.675831,0.000000,True,True,True,,,,2842,28
0.000000,0.000000,29.000000,1.000000,0.000000,0.000000,1.000000,0.000000,0.000000,0.000000,8.046841,1.000000,1.000000,1.000000,1.000000,0.000000,0.000000,0.481756,-0.418482,0.579793,23.566759,0.591549,0.394366,0.966667,-0.374315,7.675831,0.000000,True,True,True,1.000000,1.000000,1.000000,2843,28
0.000000,0.000000,29.000000,1.000000,0.000000,0.000000,1.000000,0.000000,2.000000,0.000000,7.513542,1.000000,1.000000,1.000000,1.000000,0.000000,0.000000,0.366561,-0.291444,0.699996,23.960776,0.573468,0.382312,0.966667,-0.394017,7.675831,0.000000,True,True,True,1.000000,1.000000,1.000000,2844,28
0.000000,0.000000,29.000000,1.000000,0.000000,0.000000,1.000000,0.000000,1.000000,0.000000,7.745387,1.000000,1.000000,1.000000,1.000000,0.000000,0.000000,0.616736,-0.512679,0.470623,24.204834,0.587700,0.391800,0.966667,-0.244058,7.675831,0.000000,True,True,True,,,,2845,28
0.000000,0.000000,29.000000,1.000000,0.000000,0.000000,1.000000,0.000000,2.000000,0.000000,7.819926,1.000000,1.000000,1.000000,1.000000,0.000000,0.000000,0.448678,-0.418803,0.630028,24.569692,0.590850,0.393900,0.966667,-0.364859,7.675831,0.000000,True,True,True,1.000000,1.000000,1.000000,2846,28
0.000000,0.000000,29.000000,1.000000,0.000000,0.000000,1.000000,0.000000,1.000000,0.000000,7.587668,1.000000,1.000000,1.000000,1.000000,0.000000,0.000000,0.671321,-0.505662,0.439456,24.834788,0.591127,0.394085,0.966667,-0.265096,7.675831,0.000000,True,True,True,,,,2847,28
0.000000,0.000000,29.000000,1.000000,0.000000,0.000000,1.000000,0.000000,1.000000,0.000000,7.820106,1.000000,1.000000,1.000000,1.000000,0.000000,0.000000,0.461663,-0.327207,0.603794,25.071165,0.591939,0.394626,0.966667,-0.236377,7.675831,0.000000,True,True,True,1.000000,1.000000,1.000000,2848,28
0.000000,0.000000,29.000000,1.000000,0.000000,0.000000,1.000000,0.000000,1.000000,0.000000,7.886171,1.000000,1.000000,1.000000,1.000000,0.000000,0.000000,0.765308,-0.396300,0.318834,25.249356,0.579735,0.386490,0.966667,-0.178191,7.675831,0.000000,True,True,True,,,,2849,28
0.000000,0.000000,29.000000,1.000000,0.000000,0.000000,1.000000,0.000000,1.000000,0.000000,7.949432,1.000000,1.000000,1.000000,1.000000,0.000000,0.000000,0.489795,-0.367111,0.562733,25.393244,0.587039,0.391360,0.966667,-0.143888,7.675831,1.000000,True,True,True,1.000000,1.000000,1.000000,2850,28
0.000000,0.000000,29.000000,1.000000,0.000000,0.000000,1.000000,0.000000,1.000000,0.000000,7.878716,1.000000,1.000000,1.000000,1.000000,0.000000,0.000000,0.760154,-0.284917,0.313063,25.458086,0.575605,0.383736,0.966667,-0.064842,7.675831,0.000000,True,True,True,,,,2851,28
0.000000,0.000000,29.000000,1.000000,0.000000,0.000000,1.000000,0.000000,0.000000,0.000000,8.274263,1.000000,1.000000,1.000000,1.000000,0.000000,0.000000,0.586993,-0.170433,0.470877,25.388360,0.584342,0.389561,0.966667,0.069726,7.675831,1.000000,True,True,True,1.000000,1.000000,1.000000,2852,28
0.000000,0.000000,29.000000,1.000000,0.000000,0.000000,1.000000,0.000000,0.000000,0.000000,8.233543,1.000000,1.000000,1.000000,1.000000,0.000000,0.000000,0.475525,0.015072,0.589251,25.155806,0.559555,0.373037,0.966667,0.232554,7.675831,0.000000,True,True,True,1.000000,1.000000,1.000000,2853,28
0.000000,0.000000,29.000000,1.000000,0.000000,0.000000,1.000000,0.000000,0.000000,0.000000,8.109027,1.000000,1.000000,1.000000,1.000000,0.000000,0.000000,0.302746,0.269541,0.749885,24.716079,0.542790,0.361860,0.966667,0.439727,7.675831,0.000000,True,True,True,1.000000,1.000000,1.000000,2854,28
0.000000,0.000000,29.000000,1.000000,0.000000,0.000000,1.000000,0.000000,1.000000,0.000000,7.661747,1.000000,1.000000,1.000000,1.000000,0.000000,0.000000,0.262261,0.378797,0.786808,24.233641,0.526377,0.350918,0.966667,0.482438,7.675831,0.000000,True,True,True,1.000000,1.000000,1.000000,2855,28
0.000000,0.000000,29.000000,1.000000,0.000000,0.000000,1.000000,0.000000,0.000000,0.000000,8.063219,1.000000,1.000000,1.000000,1.000000,0.000000,0.000000,0.320661,0.359536,0.718926,23.797930,0.526893,0.351262,0.966667,0.435711,7.675831,0.000000,True,True,True,,,,2856,28
0.000000,0.000000,29.000000,1.000000,0.000000,0.000000,1.000000,0.000000,0.000000,0.000000,8.149541,1.000000,1.000000,1.000000,1.000000,0.000000,0.000000,0.252309,0.433562,0.789038,23.304587,0.511653,0.341102,0.966667,0.493343,7.675831,0.000000,True,True,True,1.000000,1.000000,1.000000,2857,28
0.000000,0.000000,29.000000,1.000000,0.000000,0.000000,1.000000,0.000000,1.000000,0.000000,7.879868,1.000000,1.000000,1.000000,1.000000,0.000000,0.000000,0.248145,0.443058,0.793235,22.824195,0.495315,0.330210,0.966667,0.480392,7.675831,0.000000,True,True,True,1.000000,1.000000,1.000000,2858,28
0.000000,0.000000,29.000000,1.000000,0.000000,0.000000,1.000000,0.000000,1.000000,0.000000,7.714224,1.000000,1.000000,1.000000,1.000000,0.000000,0.000000,0.254407,0.445726,0.783893,22.346333,0.497028,0.331352,0.966667,0.477862,7.675831,0.000000,True,True,True,,,,2859,28
0.000000,0.000000,29.000000,1.000000,0.000000,0.000000,1.000000,0.000000,2.000000,0.000000,7.087875,1.000000,1.000000,1.000000,1.000000,0.000000,0.000000,0.280614,0.403364,0.757929,21.895523,0.499797,0.333198,0.966667,0.450811,7.675831,0.000000,True,True,True,,,,2860,28
0.000000,0.000000,29.000000,1.000000,0.000000,0.000000,1.000000,0.000000,1.000000,0.000000,7.497083,1.000000,1.000000,1.000000,1.000000,0.000000,0.000000,0.326945,0.367239,0.696457,21.471418,0.518727,0.345818,0.966667,0.424105,7.675831,0.000000,True,True,True,,,,2861,28
0.000000,0.000000,29.000000,1.000000,0.000000,0.000000,1.000000,0.000000,1.000000,0.000000,7.361257,1.000000,1.000000,1.000000,1.000000,0.000000,0.000000,0.311673,0.375322,0.722012,21.022936,0.524367,0.349578,0.966667,0.448482,7.675831,0.000000,True,True,True,,,,2862,28
0.000000,0.000000,29.000000,1.000000,0.000000,0.000000,1.000000,0.000000,1.000000,0.000000,7.450528,1.000000,1.000000,1.000000,1.000000,0.000000,0.000000,0.255755,0.439415,0.787138,20.520197,0.524959,0.349972,0.966667,0.502739,7.675831,0.000000,True,True,True,,,,2863,28
0.000000,0.000000,29.000000,1.000000,0.000000,0.000000,1.000000,0.000000,1.000000,0.000000,7.189121,1.000000,1.000000,1.000000,1.000000,0.000000,0.000000,0.201086,0.522465,0.831954,20.011772,0.525973,0.350649,0.966667,0.508425,7.675831,0.000000,True,True,True,,,,2864,28
0.000000,0.000000,29.000000,1.000000,0.000000,0.000000,1.000000,0.000000,1.000000,0.000000,6.974637,1.000000,1.000000,1.000000,1.000000,0.000000,0.000000,0.119365,0.584171,0.893566,19.500107,0.525808,0.350539,0.966667,0.511665,7.675831,0.000000,True,True,True,,,,2865,28
0.000000,0.000000,29.000000,1.000000,0.000000,0.000000,1.000000,0.000000,1.000000,0.000000,6.625585,1.000000,1.000000,1.000000,1.000000,0.000000,0.000000,0.136439,0.594976,0.882372,18.987935,0.525178,0.350119,0.966667,0.512171,7.675831,0.000000,True,True,True,,,,2866,28
0.000000,0.000000,29.000000,1.000000,0.000000,0.000000,1.000000,0.000000,2.000000,0.000000,7.018513,1.000000,1.000000,1.000000,1.000000,0.000000,0.000000,0.077978,0.614026,0.926959,18.482011,0.524444,0.349629,0.966667,0.505924,7.675831,0.000000,True,True,True,,,,2867,28
0.000000,0.000000,29.000000,1.000000,0.000000,0.000000,1.000000,0.000000,1.000000,0.000000,6.040316,1.000000,1.000000,1.000000,1.000000,0.000000,0.000000,0.123369,0.593253,0.875913,18.003451,0.539680,0.359787,0.966667,0.478560,7.675831,0.000000,True,True,True,,,,2868,28
0.000000,0.000000,29.000000,1.000000,0.000000,0.000000,1.000000,0.000000,1.000000,0.000000,6.797719,1.000000,1.000000,1.000000,1.000000,0.000000,0.000000,0.074059,0.557970,0.928722,17.492747,0.537304,0.358203,0.966667,0.510704,7.675831,0.000000,True,True,True,,,,2869,28
0.000000,0.000000,29.000000,1.000000,0.000000,0.000000,1.000000,0.000000,1.000000,0.000000,6.959007,1.000000,1.000000,1.000000,1.000000,0.000000,0.000000,0.065652,0.571728,0.938664,16.970863,0.535454,0.356969,0.966667,0.521884,7.675831,0.000000,True,True,True,,,,2870,28
0.000000,0.000000,29.000000,1.000000,0.000000,0.000000,1.000000,0.000000,2.000000,0.000000,6.967184,1.000000,1.000000,1.000000,1.000000,0.000000,0.000000,0.061432,0.520191,0.940751,16.451958,0.533799,0.355866,0.966667,0.518905,7.675831,0.000000,True,True,True,,,,2871,28
0.000000,0.000000,29.000000,1.000000,0.000000,0.000000,1.000000,0.000000,2.000000,0.000000,7.061553,1.000000,1.000000,1.000000,1.000000,0.000000,0.000000,0.132908,0.449486,0.848645,15.984811,0.547014,0.364676,0.966667,0.467147,7.675831,0.000000,True,True,True,,,,2872,28
0.000000,0.000000,29.000000,1.000000,0.000000,0.000000,1.000000,0.000000,2.000000,0.000000,6.783408,1.000000,1.000000,1.000000,1.000000,0.000000,0.000000,0.142430,0.432751,0.842620,15.508173,0.577303,0.384868,0.966667,0.476638,7.675831,0.000000,True,True,True,,,,2873,28
0.000000,0.000000,29.000000,1.000000,0.000000,0.000000,1.000000,0.000000,1.000000,0.000000,7.097370,1.000000,1.000000,1.000000,1.000000,0.000000,0.000000,0.141842,0.433433,0.834605,15.004497,0.593486,0.395657,0.966667,0.503676,7.675831,0.000000,True,True,True,,,,2874,28
0.000000,0.000000,29.000000,1.000000,0.000000,0.000000,1.000000,0.000000,1.000000,0.000000,7.398280,1.000000,1.000000,1.000000,1.000000,0.000000,0.000000,0.076115,0.469256,0.919168,14.444625,0.588029,0.392019,0.966667,0.559872,7.675831,0.000000,True,True,True,,,,2875,28
0.000000,0.000000,29.000000,1.000000,0.000000,0.000000,1.000000,0.000000,2.000000,0.000000,7.622641,1.000000,1.000000,1.000000,1.000000,0.000000,0.000000,0.070730,0.486300,0.928141,13.885751,0.578257,0.385505,0.966667,0.558874,7.675831,0.000000,True,True,True,,,,2876,28
0.000000,0.000000,29.000000,1.000000,0.000000,0.000000,1.000000,0.000000,2.000000,0.000000,7.233681,1.000000,1.000000,1.000000,1.000000,0.000000,0.000000,0.153738,0.445946,0.832564,13.406328,0.583810,0.389207,0.966667,0.479423,7.675831,0.000000,True,True,True,,,,2877,28
0.000000,0.000000,29.000000,1.000000,0.000000,0.000000,1.000000,0.000000,2.000000,0.000000,7.628386,1.000000,1.000000,1.000000,1.000000,0.000000,0.000000,0.166843,0.402792,0.799954,12.908263,0.606150,0.404100,0.966667,0.498065,7.675831,0.000000,True,True,True,1.000000,1.000000,1.000000,2878,28
0.000000,0.000000,29.000000,1.000000,0.000000,0.000000,1.000000,0.000000,1.000000,0.000000,7.324677,1.000000,1.000000,1.000000,1.000000,0.000000,0.000000,0.193155,0.335109,0.782223,12.422872,0.636082,0.424055,0.966667,0.485391,7.675831,0.000000,True,True,True,,,,2879,28
0.000000,0.000000,29.000000,1.000000,0.000000,0.000000,1.000000,0.000000,1.000000,0.000000,7.893083,1.000000,1.000000,1.000000,1.000000,0.000000,0.000000,0.115369,0.383549,0.865995,11.858438,0.640857,0.427238,0.966667,0.564434,7.675831,0.000000,True,True,True,1.000000,1.000000,1.000000,2880,28
0.000000,0.000000,29.000000,1.000000,0.000000,0.000000,1.000000,0.000000,1.000000,0.000000,7.660090,1.000000,1.000000,1.000000,1.000000,0.000000,0.000000,0.122596,0.334448,0.856105,11.308321,0.634051,0.422701,0.966667,0.550116,7.675831,0.000000,True,True,True,,,,2881,28
0.000000,0.000000,29.000000,1.000000,0.000000,0.000000,1.000000,0.000000,2.000000,0.000000,7.388407,1.000000,1.000000,1.000000,1.000000,0.000000,0.000000,0.108325,0.399096,0.874430,10.737327,0.635637,0.423758,0.966667,0.570994,7.675831,0.000000,True,True,True,1.000000,1.000000,1.000000,2882,28
0.000000,0.000000,29.000000,1.000000,0.000000,0.000000,1.000000,0.000000,2.000000,0.000000,7.385690,1.000000,1.000000,1.000000,1.000000,0.000000,0.000000,0.128110,0.291357,0.835892,10.193928,0.641566,0.427711,0.966667,0.543400,7.675831,0.000000,True,True,True,,,,2883,28
0.000000,0.000000,29.000000,1.000000,0.000000,0.000000,1.000000,0.000000,1.000000,0.000000,7.109716,1.000000,1.000000,1.000000,1.000000,0.000000,0.000000,0.157307,0.284299,0.811998,9.634546,0.671822,0.447881,0.966667,0.559382,7.675831,0.000000,True,True,True,1.000000,1.000000,1.000000,2884,28
0.000000,0.000000,29.000000,1.000000,0.000000,0.000000,1.000000,0.000000,1.000000,0.000000,7.304254,1.000000,1.000000,1.000000,1.000000,0.000000,0.000000,0.160484,0.297790,0.806170,9.063695,0.681243,0.454162,0.966667,0.570851,7.675831,0.000000,True,True,True,1.000000,1.000000,1.000000,2885,28
0.000000,0.000000,29.000000,1.000000,0.000000,0.000000,1.000000,0.000000,1.000000,0.000000,7.757752,1.000000,1.000000,1.000000,1.000000,0.000000,0.000000,0.105554,0.331221,0.875085,8.448240,0.682400,0.454933,0.966667,0.615455,7.675831,0.000000,True,True,True,1.000000,1.000000,1.000000,2886,28
0.000000,0.000000,29.000000,1.000000,0.000000,0.000000,1.000000,0.000000,1.000000,0.000000,7.389457,1.000000,1.000000,1.000000,1.000000,0.000000,0.000000,0.128694,0.331345,0.854331,7.830837,0.681084,0.454056,0.966667,0.617403,7.675831,0.000000,True,True,True,1.000000,1.000000,1.000000,2887,28
0.000000,0.000000,29.000000,1.000000,0.000000,0.000000,1.000000,0.000000,2.000000,0.000000,7.534685,1.000000,1.000000,1.000000,1.000000,0.000000,0.000000,0.162851,0.316499,0.804903,7.261644,0.681059,0.454039,0.966667,0.569194,7.675831,0.000000,True,True,True,1.000000,1.000000,1.000000,2888,28
0.000000,0.000000,29.000000,1.000000,0.000000,0.000000,1.000000,0.000000,1.000000,0.000000,7.875239,1.000000,1.000000,1.000000,1.000000,0.000000,0.000000,0.203055,0.171997,0.757120,6.717233,0.701257,0.467505,0.966667,0.544411,7.675831,0.000000,True,True,True,1.000000,1.000000,1.000000,2889,28
0.000000,0.000000,29.000000,1.000000,0.000000,0.000000,1.000000,0.000000,2.000000,0.000000,7.749957,1.000000,1.000000,1.000000,1.000000,0.000000,0.000000,0.181451,0.227297,0.779774,6.179502,0.699121,0.466081,0.966667,0.537731,7.675831,0.000000,True,True,True,1.000000,1.000000,1.000000,2890,28
0.000000,0.000000,29.000000,1.000000,0.000000,0.000000,1.000000,0.000000,1.000000,0.000000,7.919284,1.000000,1.000000,1.000000,1.000000,0.000000,0.000000,0.182998,0.159174,0.790712,5.640418,0.714025,0.476017,0.966667,0.539083,7.675831,0.000000,True,True,True,1.000000,1.000000,1.000000,2891,28
0.000000,0.000000,29.000000,1.000000,0.000000,0.000000,1.000000,0.000000,0.000000,0.000000,8.129686,1.000000,1.000000,1.000000,1.000000,0.000000,0.000000,0.168819,0.225923,0.814466,5.063580,0.707855,0.471903,0.966667,0.576838,7.675831,0.000000,True,True,True,1.000000,1.000000,1.000000,2892,28
0.000000,0.000000,29.000000,1.000000,0.000000,0.000000,1.000000,0.000000,1.000000,0.000000,7.665516,1.000000,1.000000,1.000000,1.000000,0.000000,0.000000,0.086046,0.210450,0.912856,4.484289,0.681704,0.454469,0.966667,0.579291,7.675831,0.000000,True,True,True,1.000000,1.000000,1.000000,2893,28
0.000000,0.000000,29.000000,1.000000,0.000000,0.000000,1.000000,0.000000,1.000000,0.000000,7.179148,1.000000,1.000000,1.000000,1.000000,0.000000,0.000000,0.168632,0.262134,0.808541,3.928920,0.663848,0.442565,0.966667,0.555368,7.675831,0.000000,True,True,True,,,,2894,28
0.000000,0.000000,29.000000,1.000000,0.000000,0.000000,1.000000,0.000000,4.000000,0.000000,7.540662,1.000000,1.000000,1.000000,1.000000,0.000000,0.000000,0.206296,0.125622,0.762290,3.465017,0.660135,0.440090,0.966667,0.463903,7.675831,0.000000,True,True,True,1.000000,1.000000,1.000000,2895,28
0.000000,0.000000,29.000000,1.000000,0.000000,0.000000,1.000000,0.000000,2.000000,0.000000,7.753798,1.000000,1.000000,1.000000,1.000000,0.000000,0.000000,0.310881,0.169762,0.661574,3.046163,0.692333,0.461555,0.966667,0.418854,7.675831,0.000000,True,True,True,,,,2896,28
0.000000,0.000000,29.000000,1.000000,0.000000,0.000000,1.000000,0.000000,2.000000,0.000000,7.460021,1.000000,1.000000,1.000000,1.000000,0.000000,0.000000,0.311688,0.190615,0.646958,2.632058,0.711055,0.474037,0.966667,0.414105,7.675831,0.000000,True,True,True,1.000000,1.000000,1.000000,2897,28
0.000000,0.000000,29.000000,1.000000,0.000000,0.000000,1.000000,0.000000,1.000000,0.000000,7.476550,1.000000,1.000000,1.000000,1.000000,0.000000,0.000000,0.218030,0.161820,0.764735,2.184123,0.715075,0.476717,0.966667,0.447936,7.675831,0.000000,True,True,True,,,,2898,28
0.000000,0.000000,29.000000,1.000000,0.000000,0.000000,1.000000,0.000000,2.000000,0.000000,7.866958,1.000000,1.000000,1.000000,1.000000,0.000000,0.000000,0.150565,0.108913,0.857399,1.753219,0.706570,0.471046,0.966667,0.430903,7.675831,0.000000,True,True,True,1.000000,1.000000,1.000000,2899,28
0.000000,0.000000,29.000000,1.000000,0.000000,0.000000,1.000000,0.000000,2.000000,0.000000,7.673482,1.000000,1.000000,1.000000,1.000000,0.000000,0.000000,0.179595,0.121859,0.781283,1.472701,0.693975,0.462650,0.966667,0.280518,7.675831,0.000000,True,True,True,,,,2900,28
0.000000,0.000000,29.000000,1.000000,0.000000,0.000000,1.000000,0.000000,2.000000,0.000000,7.664091,1.000000,1.000000,1.000000,1.000000,0.000000,0.000000,0.242882,0.180211,0.738327,1.344358,0.706986,0.471324,0.966667,0.128343,7.675831,0.000000,True,True,True,1.000000,1.000000,1.000000,2901,28
0.000000,0.000000,29.000000,1.000000,0.000000,0.000000,1.000000,0.000000,3.000000,0.000000,7.215542,1.000000,1.000000,1.000000,1.000000,0.000000,0.000000,0.189794,-0.014126,0.801528,1.505787,0.708913,0.472608,0.966667,-0.161429,7.675831,0.000000,True,True,True,,,,2902,28
0.000000,0.000000,29.000000,1.000000,0.000000,0.000000,1.000000,0.000000,2.000000,0.000000,7.510552,1.000000,1.000000,1.000000,1.000000,0.000000,0.000000,0.333612,0.013335,0.667525,1.677611,0.728231,0.485488,0.966667,-0.171824,7.675831,0.000000,True,True,True,1.000000,1.000000,1.000000,2903,28
0.000000,0.000000,29.000000,1.000000,0.000000,0.000000,1.000000,0.000000,1.000000,0.000000,7.146371,1.000000,1.000000,1.000000,1.000000,0.000000,0.000000,0.241637,-0.058703,0.742863,2.054765,0.721178,0.480785,0.966667,-0.377154,7.675831,0.000000,True,True,True,,,,2904,28
0.000000,0.000000,29.000000,1.000000,0.000000,0.000000,1.000000,0.000000,2.000000,0.000000,7.820001,1.000000,1.000000,1.000000,1.000000,0.000000,0.000000,0.201441,0.135380,0.774162,2.486831,0.710735,0.473823,0.966667,-0.432066,7.675831,0.000000,True,True,True,1.000000,1.000000,1.000000,2905,28
0.000000,0.000000,29.000000,1.000000,0.000000,0.000000,1.000000,0.000000,4.000000,0.000000,7.374807,1.000000,1.000000,1.000000,1.000000,0.000000,0.000000,0.149901,-0.077443,0.837240,2.968265,0.710590,0.473726,0.966667,-0.481434,7.675831,0.000000,True,True,True,,,,2906,28
0.000000,0.000000,29.000000,1.000000,0.000000,0.000000,1.000000,0.000000,1.000000,0.000000,5.950993,1.000000,1.000000,1.000000,1.000000,0.000000,0.000000,0.327830,-0.014489,0.668926,3.378430,0.728673,0.485782,0.966667,-0.410166,7.675831,0.000000,True,True,True,,,,2907,28
0.000000,0.000000,29.000000,1.000000,0.000000,0.000000,1.000000,0.000000,3.000000,0.000000,7.681519,1.000000,1.000000,1.000000,1.000000,0.000000,0.000000,0.129294,-0.093197,0.868190,3.975130,0.714381,0.476254,0.966667,-0.596699,7.675831,0.000000,True,True,True,1.000000,1.000000,1.000000,2908,28
0.000000,0.000000,29.000000,1.000000,0.000000,0.000000,1.000000,0.000000,1.000000,0.000000,7.279059,1.000000,1.000000,1.000000,1.000000,0.000000,0.000000,0.305113,-0.116280,0.709437,4.424119,0.721475,0.480983,0.966667,-0.448990,7.675831,0.000000,True,True,True,,,,2909,28
0.000000,0.000000,29.000000,1.000000,0.000000,0.000000,1.000000,0.000000,1.000000,0.000000,7.661524,1.000000,1.000000,1.000000,1.000000,0.000000,0.000000,0.174117,-0.065914,0.825145,4.992949,0.708590,0.472393,0.966667,-0.568829,7.675831,0.000000,True,True,True,1.000000,1.000000,1.000000,2910,28
0.000000,0.000000,29.000000,1.000000,0.000000,0.000000,1.000000,0.000000,1.000000,0.000000,7.609957,1.000000,1.000000,1.000000,1.000000,0.000000,0.000000,0.163652,-0.068472,0.859272,5.564957,0.698119,0.465413,0.966667,-0.572008,7.675831,0.000000,True,True,True,1.000000,1.000000,1.000000,2911,28
0.000000,0.000000,29.000000,1.000000,0.000000,0.000000,1.000000,0.000000,1.000000,0.000000,7.320456,1.000000,1.000000,1.000000,1.000000,0.000000,0.000000,0.119441,-0.080848,0.869755,6.160357,0.674679,0.449786,0.966667,-0.595400,7.675831,0.000000,True,True,True,,,,2912,28
0.000000,0.000000,29.000000,1.000000,0.000000,0.000000,1.000000,0.000000,1.000000,0.000000,7.945122,1.000000,1.000000,1.000000,1.000000,0.000000,0.000000,0.176048,-0.025198,0.832239,6.721593,0.669005,0.446003,0.966667,-0.561236,7.675831,0.000000,True,True,True,1.000000,1.000000,1.000000,2913,28
0.000000,0.000000,29.000000,1.000000,0.000000,0.000000,1.000000,0.000000,2.000000,0.000000,7.410159,1.000000,1.000000,1.000000,1.000000,0.000000,0.000000,0.104364,-0.114643,0.888947,7.318670,0.651633,0.434422,0.966667,-0.597077,7.675831,0.000000,True,True,True,,,,2914,28
0.000000,0.000000,29.000000,1.000000,0.000000,0.000000,1.000000,0.000000,4.000000,0.000000,7.806837,1.000000,1.000000,1.000000,1.000000,0.000000,0.000000,0.140981,-0.093153,0.853651,7.900608,0.672876,0.448584,0.966667,-0.581938,7.675831,0.000000,True,True,True,1.000000,1.000000,1.000000,2915,28
0.000000,0.000000,29.000000,1.000000,0.000000,0.000000,1.000000,0.000000,2.000000,0.000000,7.414272,1.000000,1.000000,1.000000,1.000000,0.000000,0.000000,0.262461,-0.240178,0.702918,8.401542,0.702463,0.468309,0.966667,-0.500934,7.675831,0.000000,True,True,True,,,,2916,28
0.000000,0.000000,29.000000,1.000000,0.000000,0.000000,1.000000,0.000000,0.000000,0.000000,8.026422,1.000000,1.000000,1.000000,1.000000,0.000000,0.000000,0.257546,-0.136283,0.752404,8.932185,0.716574,0.477716,0.966667,-0.530643,7.675831,0.000000,True,True,True,1.000000,1.000000,1.000000,2917,28
0.000000,0.000000,29.000000,1.000000,0.000000,0.000000,1.000000,0.000000,3.000000,0.000000,7.477249,1.000000,1.000000,1.000000,1.000000,0.000000,0.000000,0.161315,-0.109091,0.846020,9.526928,0.683347,0.455565,0.966667,-0.594742,7.675831,0.000000,True,True,True,1.000000,1.000000,1.000000,2918,28
0.000000,0.000000,29.000000,1.000000,0.000000,0.000000,1.000000,0.000000,1.000000,0.000000,6.997620,1.000000,1.000000,1.000000,1.000000,0.000000,0.000000,0.299966,-0.210736,0.693209,9.985461,0.686953,0.457969,0.966667,-0.458533,7.675831,0.000000,True,True,True,,,,2919,28
0.000000,0.000000,29.000000,1.000000,0.000000,0.000000,1.000000,0.000000,1.000000,0.000000,7.374845,1.000000,1.000000,1.000000,1.000000,0.000000,0.000000,0.314217,-0.026947,0.661916,10.452933,0.681312,0.454208,0.966667,-0.467472,7.675831,0.000000,True,True,True,1.000000,1.000000,1.000000,2920,28
0.000000,0.000000,29.000000,1.000000,0.000000,0.000000,1.000000,0.000000,1.000000,0.000000,7.238108,1.000000,1.000000,1.000000,1.000000,0.000000,0.000000,0.310375,-0.103702,0.672211,10.906079,0.662452,0.441635,0.966667,-0.453146,7.675831,0.000000,True,True,True,,,,2921,28
0.000000,0.000000,29.000000,1.000000,0.000000,0.000000,1.000000,0.000000,1.000000,0.000000,7.462146,1.000000,1.000000,1.000000,1.000000,0.000000,0.000000,0.312357,-0.158796,0.694543,11.350624,0.658398,0.438932,0.966667,-0.444545,7.675831,0.000000,True,True,True,1.000000,1.000000,1.000000,2922,28
0.000000,0.000000,29.000000,1.000000,0.000000,0.000000,1.000000,0.000000,1.000000,0.000000,7.666093,1.000000,1.000000,1.000000,1.000000,0.000000,0.000000,0.232322,-0.084930,0.761199,11.858177,0.643927,0.429285,0.966667,-0.507553,7.675831,0.000000,True,True,True,,,,2923,28
0.000000,0.000000,29.000000,1.000000,0.000000,0.000000,1.000000,0.000000,1.000000,0.000000,6.769647,1.000000,1.000000,1.000000,1.000000,0.000000,0.000000,0.193583,-0.170742,0.813759,12.351935,0.634380,0.422920,0.966667,-0.493758,7.675831,0.000000,True,True,True,,,,2924,28
0.000000,0.000000,29.000000,1.000000,0.000000,0.000000,1.000000,0.000000,1.000000,0.000000,7.724853,1.000000,1.000000,1.000000,1.000000,0.000000,0.000000,0.271724,-0.147315,0.759311,12.848083,0.636241,0.424161,0.966667,-0.496148,7.675831,0.000000,True,True,True,1.000000,1.000000,1.000000,2925,28
0.000000,0.000000,29.000000,1.000000,0.000000,0.000000,1.000000,0.000000,0.000000,0.000000,8.101799,1.000000,1.000000,1.000000,1.000000,0.000000,0.000000,0.141932,-0.163782,0.882444,13.434327,0.622971,0.415314,0.966667,-0.586243,7.675831,0.000000,True,True,True,,,,2926,28
0.000000,0.000000,29.000000,1.000000,0.000000,0.000000,1.000000,0.000000,2.000000,0.000000,7.533548,1.000000,1.000000,1.000000,1.000000,0.000000,0.000000,0.165121,-0.137484,0.860845,13.984934,0.602517,0.401678,0.966667,-0.550607,7.675831,0.000000,True,True,True,1.000000,1.000000,1.000000,2927,28
0.000000,0.000000,29.000000,1.000000,0.000000,0.000000,1.000000,0.000000,1.000000,0.000000,6.961865,1.000000,1.000000,1.000000,1.000000,0.000000,0.000000,0.345750,-0.191079,0.698769,14.396168,0.608609,0.405739,0.966667,-0.411235,7.675831,0.000000,True,True,True,,,,2928,28
0.000000,0.000000,29.000000,1.000000,0.000000,0.000000,1.000000,0.000000,2.000000,0.000000,7.973593,1.000000,1.000000,1.000000,1.000000,0.000000,0.000000,0.263236,-0.226438,0.776830,14.883183,0.609787,0.406525,0.966667,-0.487014,7.675831,0.000000,True,True,True,1.000000,1.000000,1.000000,2929,28
0.000000,0.000000,29.000000,1.000000,0.000000,0.000000,1.000000,0.000000,0.000000,0.000000,8.080561,1.000000,1.000000,1.000000,1.000000,0.000000,0.000000,0.214971,-0.259456,0.802574,15.371315,0.623210,0.415473,0.966667,-0.488132,7.675831,0.000000,True,True,True,,,,2930,28
0.000000,0.000000,29.000000,1.000000,0.000000,0.000000,1.000000,0.000000,2.000000,0.000000,7.759025,1.000000,1.000000,1.000000,1.000000,0.000000,0.000000,0.233202,-0.195314,0.798362,15.893181,0.607595,0.405063,0.966667,-0.521867,7.675831,0.000000,True,True,True,1.000000,1.000000,1.000000,2931,28
0.000000,0.000000,29.000000,1.000000,0.000000,0.000000,1.000000,0.000000,2.000000,0.000000,7.680904,1.000000,1.000000,1.000000,1.000000,0.000000,0.000000,0.272631,-0.230293,0.753891,16.388800,0.627005,0.418003,0.966667,-0.495618,7.675831,0.000000,True,True,True,,,,2932,28
0.000000,0.000000,29.000000,1.000000,0.000000,0.000000,1.000000,0.000000,2.000000,0.000000,7.538711,1.000000,1.000000,1.000000,1.000000,0.000000,0.000000,0.275222,-0.339696,0.746331,16.897984,0.664008,0.442672,0.966667,-0.509185,7.675831,0.000000,True,True,True,1.000000,1.000000,1.000000,2933,28
0.000000,0.000000,29.000000,1.000000,0.000000,0.000000,1.000000,0.000000,0.000000,0.000000,8.131652,1.000000,1.000000,1.000000,1.000000,0.000000,0.000000,0.295696,-0.207459,0.719560,17.404782,0.676517,0.451011,0.966667,-0.506798,7.675831,0.000000,True,True,True,,,,2934,28
0.000000,0.000000,29.000000,1.000000,0.000000,0.000000,1.000000,0.000000,2.000000,0.000000,7.584417,1.000000,1.000000,1.000000,1.000000,0.000000,0.000000,0.321640,-0.326402,0.707212,17.941089,0.660516,0.440344,0.966667,-0.536307,7.675831,0.000000,True,True,True,1.000000,1.000000,1.000000,2935,28
0.000000,0.000000,29.000000,1.000000,0.000000,0.000000,1.000000,0.000000,0.000000,0.000000,8.108348,1.000000,1.000000,1.000000,1.000000,0.000000,0.000000,0.371552,-0.221315,0.650648,18.396643,0.673308,0.448872,0.966667,-0.455554,7.675831,0.000000,True,True,True,,,,2936,28
0.000000,0.000000,29.000000,1.000000,0.000000,0.000000,1.000000,0.000000,2.000000,0.000000,7.751147,1.000000,1.000000,1.000000,1.000000,0.000000,0.000000,0.364253,-0.319143,0.670305,18.899619,0.658441,0.438961,0.966667,-0.502976,7.675831,0.000000,True,True,True,1.000000,1.000000,1.000000,2937,28
0.000000,0.000000,29.000000,1.000000,0.000000,0.000000,1.000000,0.000000,1.000000,0.000000,7.650602,1.000000,1.000000,1.000000,1.000000,0.000000,0.000000,0.368146,-0.236462,0.657695,19.354327,0.660866,0.440577,0.966667,-0.454708,7.675831,0.000000,True,True,True,,,,2938,28
0.000000,0.000000,29.000000,1.000000,0.000000,0.000000,1.000000,0.000000,1.000000,0.000000,7.734235,1.000000,1.000000,1.000000,1.000000,0.000000,0.000000,0.393658,-0.429819,0.649852,19.826026,0.659665,0.439777,0.966667,-0.471699,7.675831,0.000000,True,True,True,1.000000,1.000000,1.000000,2939,28
0.000000,0.000000,29.000000,1.000000,0.000000,0.000000,1.000000,0.000000,0.000000,0.000000,8.168940,1.000000,1.000000,1.000000,1.000000,0.000000,0.000000,0.340983,-0.281642,0.691186,20.302850,0.644386,0.429590,0.966667,-0.476823,7.675831,0.000000,True,True,True,,,,2940,28
0.000000,0.000000,29.000000,1.000000,0.000000,0.000000,1.000000,0.000000,0.000000,0.000000,8.014806,1.000000,1.000000,1.000000,1.000000,0.000000,0.000000,0.374262,-0.234569,0.639568,20.778383,0.621157,0.414104,0.966667,-0.475533,7.675831,0.000000,True,True,True,1.000000,1.000000,1.000000,2941,28
0.000000,0.000000,29.000000,1.000000,0.000000,0.000000,1.000000,0.000000,2.000000,0.000000,7.669224,1.000000,1.000000,1.000000,1.000000,0.000000,0.000000,0.355521,-0.236550,0.638418,21.208190,0.600639,0.400426,0.966667,-0.429807,7.675831,0.000000,True,True,True,1.000000,1.000000,1.000000,2942,28
0.000000,0.000000,29.000000,1.000000,0.000000,0.000000,1.000000,0.000000,2.000000,0.000000,7.912070,1.000000,1.000000,1.000000,1.000000,0.000000,0.000000,0.615407,-0.320322,0.472483,21.471482,0.623776,0.415851,0.966667,-0.263292,7.675831,0.000000,True,True,True,,,,2943,28
0.000000,0.000000,29.000000,1.000000,0.000000,0.000000,1.000000,0.000000,0.000000,0.000000,8.070298,1.000000,1.000000,1.000000,1.000000,0.000000,0.000000,0.533051,-0.225620,0.548392,21.799665,0.629196,0.419464,0.966667,-0.328183,7.675831,0.000000,True,True,True,1.000000,1.000000,1.000000,2944,28
0.000000,0.000000,29.000000,1.000000,0.000000,0.000000,1.000000,0.000000,1.000000,0.000000,7.421307,1.000000,1.000000,1.000000,1.000000,0.000000,0.000000,0.473008,-0.207248,0.549064,22.173557,0.600135,0.400090,0.966667,-0.373892,7.675831,0.000000,True,True,True,1.000000,1.000000,1.000000,2945,28
0.000000,0.000000,29.000000,1.000000,0.000000,0.000000,1.000000,0.000000,0.000000,0.000000,8.258080,1.000000,1.000000,1.000000,1.000000,0.000000,0.000000,0.591567,-0.034957,0.481941,22.545422,0.594414,0.396276,0.966667,-0.371865,7.675831,0.000000,True,True,True,,,,2946,28
0.000000,0.000000,29.000000,1.000000,0.000000,0.000000,1.000000,0.000000,1.000000,0.000000,7.792652,1.000000,1.000000,1.000000,1.000000,0.000000,0.000000,0.422367,-0.150611,0.595437,22.973018,0.572603,0.381735,0.966667,-0.427596,7.675831,0.000000,True,True,True,1.000000,1.000000,1.000000,2947,28
0.000000,0.000000,29.000000,1.000000,0.000000,0.000000,1.000000,0.000000,1.000000,0.000000,7.969946,1.000000,1.000000,1.000000,1.000000,0.000000,0.000000,0.566928,-0.155211,0.501168,23.296311,0.570117,0.380078,0.966667,-0.323293,7.675831,0.000000,True,True,True,,,,2948,28
0.000000,0.000000,29.000000,1.000000,0.000000,0.000000,1.000000,0.000000,1.000000,0.000000,7.933756,1.000000,1.000000,1.000000,1.000000,0.000000,0.000000,0.614120,-0.024530,0.436707,23.546377,0.577779,0.385186,0.966667,-0.250066,7.675831,0.000000,True,True,True,1.000000,1.000000,1.000000,2949,28
0.000000,0.000000,29.000000,1.000000,0.000000,0.000000,1.000000,0.000000,1.000000,0.000000,7.807935,1.000000,1.000000,1.000000,1.000000,0.000000,0.000000,0.493220,-0.127524,0.561201,23.931578,0.582790,0.388527,0.966667,-0.385201,7.675831,0.000000,True,True,True,1.000000,1.000000,1.000000,2950,28
0.000000,0.000000,29.000000,1.000000,0.000000,0.000000,1.000000,0.000000,0.000000,0.000000,8.452094,1.000000,1.000000,1.000000,1.000000,0.000000,0.000000,0.578331,-0.012693,0.487448,24.264754,0.571859,0.381239,0.966667,-0.333176,7.675831,0.000000,True,True,True,,,,2951,28
0.000000,0.000000,29.000000,1.000000,0.000000,0.000000,1.000000,0.000000,0.000000,0.000000,8.350053,1.000000,1.000000,1.000000,1.000000,0.000000,0.000000,0.567979,0.120901,0.470149,24.632326,0.549858,0.366572,0.966667,-0.367572,7.675831,0.000000,True,True,True,1.000000,1.000000,1.000000,2952,28
0.000000,0.000000,29.000000,1.000000,0.000000,0.000000,1.000000,0.000000,0.000000,0.000000,8.075254,1.000000,1.000000,1.000000,1.000000,0.000000,0.000000,0.450635,-0.002635,0.586720,24.976473,0.534475,0.356316,0.966667,-0.344147,7.675831,0.000000,True,True,True,1.000000,1.000000,1.000000,2953,28
0.000000,0.000000,29.000000,1.000000,0.000000,0.000000,1.000000,0.000000,1.000000,0.000000,7.757277,1.000000,1.000000,1.000000,1.000000,0.000000,0.000000,0.473279,0.003415,0.590026,25.349203,0.520321,0.346881,0.966667,-0.372730,7.675831,0.000000,True,True,True,1.000000,1.000000,1.000000,2954,28
0.000000,0.000000,29.000000,1.000000,0.000000,0.000000,1.000000,0.000000,0.000000,0.000000,8.478062,1.000000,1.000000,1.000000,1.000000,0.000000,0.000000,0.430775,-0.217516,0.627931,25.675032,0.524062,0.349375,0.966667,-0.325829,7.675831,0.000000,True,True,True,,,,2955,28
0.000000,0.000000,29.000000,1.000000,0.000000,0.000000,1.000000,0.000000,0.000000,0.000000,8.246366,1.000000,1.000000,1.000000,1.000000,0.000000,0.000000,0.491838,-0.031841,0.560616,26.060809,0.504081,0.336054,0.966667,-0.385777,7.675831,0.000000,True,True,True,1.000000,1.000000,1.000000,2956,28
0.000000,0.000000,29.000000,1.000000,0.000000,0.000000,1.000000,0.000000,1.000000,0.000000,7.938615,1.000000,1.000000,1.000000,1.000000,0.000000,0.000000,0.368690,-0.328194,0.684854,26.485112,0.490171,0.326781,0.966667,-0.424303,7.675831,0.000000,True,True,True,1.000000,1.000000,1.000000,2957,28
0.000000,0.000000,29.000000,1.000000,0.000000,0.000000,1.000000,0.000000,1.000000,0.000000,7.816710,1.000000,1.000000,1.000000,1.000000,0.000000,0.000000,0.544180,-0.122055,0.535260,26.829790,0.495122,0.330081,0.966667,-0.344678,7.675831,0.000000,True,True,True,,,,2958,28
0.000000,0.000000,29.000000,1.000000,0.000000,0.000000,1.000000,0.000000,0.000000,0.000000,8.267023,1.000000,1.000000,1.000000,1.000000,0.000000,0.000000,0.495170,-0.407763,0.571518,27.160195,0.496315,0.330876,0.966667,-0.330404,7.675831,0.000000,True,True,True,,,,2959,28
0.000000,0.000000,29.000000,1.000000,0.000000,0.000000,1.000000,0.000000,0.000000,0.000000,8.058936,1.000000,1.000000,1.000000,1.000000,0.000000,0.000000,0.571765,-0.069950,0.456434,27.475406,0.475962,0.317308,0.966667,-0.315211,7.675831,0.000000,True,True,True,1.000000,1.000000,1.000000,2960,28
0.000000,0.000000,29.000000,1.000000,0.000000,0.000000,1.000000,0.000000,1.000000,0.000000,7.941143,1.000000,1.000000,1.000000,1.000000,0.000000,0.000000,0.550412,-0.391423,0.495476,27.749875,0.462578,0.308385,0.966667,-0.274469,7.675831,0.000000,True,True,True,1.000000,1.000000,1.000000,2961,28
0.000000,0.000000,29.000000,1.000000,0.000000,0.000000,1.000000,0.000000,2.000000,0.000000,7.367088,1.000000,1.000000,1.000000,1.000000,0.000000,0.000000,0.564458,-0.214035,0.498627,28.009097,0.469062,0.312708,0.966667,-0.259221,7.675831,0.000000,True,True,True,,,,2962,28
0.000000,0.000000,29.000000,1.000000,0.000000,0.000000,1.000000,0.000000,0.000000,0.000000,8.388045,1.000000,1.000000,1.000000,1.000000,0.000000,0.000000,0.674092,-0.501581,0.414769,28.157044,0.506896,0.337931,0.966667,-0.147947,7.675831,0.000000,True,True,True,,,,2963,28
0.000000,0.000000,29.000000,1.000000,0.000000,0.000000,1.000000,0.000000,1.000000,0.000000,7.884204,1.000000,1.000000,1.000000,1.000000,0.000000,0.000000,0.443812,-0.257483,0.621034,28.432977,0.476802,0.317868,0.966667,-0.275933,7.675831,0.000000,True,True,True,1.000000,1.000000,1.000000,2964,28
0.000000,0.000000,29.000000,1.000000,0.000000,0.000000,1.000000,0.000000,3.000000,0.000000,7.717383,1.000000,1.000000,1.000000,1.000000,0.000000,0.000000,0.782020,-0.350013,0.275109,28.558664,0.478992,0.319328,0.966667,-0.125687,7.675831,0.000000,True,True,True,,,,2965,28
0.000000,0.000000,29.000000,1.000000,0.000000,0.000000,1.000000,0.000000,1.000000,0.000000,7.969869,1.000000,1.000000,1.000000,1.000000,0.000000,0.000000,0.481435,-0.189153,0.547652,28.682521,0.531259,0.354172,0.966667,-0.123858,7.675831,1.000000,True,True,True,,,,2966,28
0.000000,0.000000,29.000000,1.000000,0.000000,0.000000,1.000000,0.000000,0.000000,0.000000,8.103935,1.000000,1.000000,1.000000,1.000000,0.000000,0.000000,0.971394,-0.347155,0.177355,28.676991,0.514210,0.342807,0.966667,0.005530,7.675831,0.000000,True,True,True,,,,2967,28
0.000000,0.000000,29.000000,1.000000,0.000000,0.000000,1.000000,0.000000,0.000000,0.000000,8.534079,1.000000,1.000000,1.000000,1.000000,0.000000,0.000000,0.367677,0.197110,0.646384,28.655747,0.494742,0.329828,0.966667,0.021244,7.675831,1.000000,True,True,True,1.000000,1.000000,1.000000,2968,28
0.000000,0.000000,29.000000,1.000000,0.000000,0.000000,1.000000,0.000000,0.000000,0.000000,8.089372,1.000000,1.000000,1.000000,1.000000,0.000000,0.000000,0.555986,0.065352,0.491281,28.389165,0.480161,0.320107,0.966667,0.266582,7.675831,0.000000,True,True,True,1.000000,1.000000,1.000000,2969,28
0.000000,0.000000,29.000000,1.000000,0.000000,0.000000,1.000000,0.000000,0.000000,0.000000,8.032546,1.000000,1.000000,1.000000,1.000000,0.000000,0.000000,0.338379,0.403073,0.726341,27.955994,0.466685,0.311123,0.966667,0.433171,7.675831,0.000000,True,True,True,1.000000,1.000000,1.000000,2970,28
0.000000,0.000000,29.000000,1.000000,0.000000,0.000000,1.000000,0.000000,0.000000,0.000000,8.133887,1.000000,1.000000,1.000000,1.000000,0.000000,0.000000,0.322093,0.387235,0.739491,27.518225,0.453780,0.302520,0.966667,0.437770,7.675831,0.000000,True,True,True,1.000000,1.000000,1.000000,2971,28
0.000000,0.000000,29.000000,1.000000,0.000000,0.000000,1.000000,0.000000,0.000000,0.000000,8.272516,1.000000,1.000000,1.000000,1.000000,0.000000,0.000000,0.319879,0.432984,0.741304,27.089942,0.441325,0.294217,0.966667,0.428282,7.675831,0.000000,True,True,True,1.000000,1.000000,1.000000,2972,28
0.000000,0.000000,29.000000,1.000000,0.000000,0.000000,1.000000,0.000000,0.000000,0.000000,8.334874,1.000000,1.000000,1.000000,1.000000,0.000000,0.000000,0.308144,0.419645,0.752988,26.670192,0.429391,0.286261,0.966667,0.419750,7.675831,0.000000,True,True,True,1.000000,1.000000,1.000000,2973,28
0.000000,0.000000,29.000000,1.000000,0.000000,0.000000,1.000000,0.000000,0.000000,0.000000,8.422637,1.000000,1.000000,1.000000,1.000000,0.000000,0.000000,0.306579,0.430867,0.754631,26.259727,0.418592,0.279061,0.966667,0.410465,7.675831,0.000000,True,True,True,1.000000,1.000000,1.000000,2974,28
0.000000,0.000000,29.000000,1.000000,0.000000,0.000000,1.000000,0.000000,0.000000,0.000000,8.490955,1.000000,1.000000,1.000000,1.000000,0.000000,0.000000,0.304769,0.410389,0.754448,25.859264,0.409184,0.272789,0.966667,0.400463,7.675831,0.000000,True,True,True,1.000000,1.000000,1.000000,2975,28
0.000000,0.000000,29.000000,1.000000,0.000000,0.000000,1.000000,0.000000,0.000000,0.000000,8.583358,1.000000,1.000000,1.000000,1.000000,0.000000,0.000000,0.306011,0.419997,0.754745,25.466804,0.401876,0.267917,0.966667,0.392460,7.675831,0.000000,True,True,True,1.000000,1.000000,1.000000,2976,28
0.000000,0.000000,29.000000,1.000000,0.000000,0.000000,1.000000,0.000000,0.000000,0.000000,8.443419,1.000000,1.000000,1.000000,1.000000,0.000000,0.000000,0.308777,0.383989,0.749023,25.080114,0.396751,0.264501,0.966667,0.386690,7.675831,0.000000,True,True,True,1.000000,1.000000,1.000000,2977,28
0.000000,0.000000,29.000000,1.000000,0.000000,0.000000,1.000000,0.000000,0.000000,0.000000,8.136676,1.000000,1.000000,1.000000,1.000000,0.000000,0.000000,0.305241,0.421832,0.757303,24.695536,0.393409,0.262273,0.966667,0.384578,7.675831,0.000000,True,True,True,1.000000,1.000000,1.000000,2978,28
0.000000,0.000000,29.000000,1.000000,0.000000,0.000000,1.000000,0.000000,1.000000,0.000000,7.853538,1.000000,1.000000,1.000000,1.000000,0.000000,0.000000,0.305225,0.378739,0.753354,24.315760,0.391178,0.260785,0.966667,0.379776,7.675831,0.000000,True,True,True,1.000000,1.000000,1.000000,2979,28
0.000000,0.000000,29.000000,1.000000,0.000000,0.000000,1.000000,0.000000,0.000000,0.000000,8.814275,1.000000,1.000000,1.000000,1.000000,0.000000,0.000000,0.346468,0.363481,0.714432,23.960284,0.409514,0.273009,0.966667,0.355476,7.675831,0.000000,True,True,True,,,,2980,28
0.000000,0.000000,29.000000,1.000000,0.000000,0.000000,1.000000,0.000000,0.000000,0.000000,8.575477,1.000000,1.000000,1.000000,1.000000,0.000000,0.000000,0.298840,0.371522,0.759326,23.572174,0.395615,0.263743,0.966667,0.388110,7.675831,0.000000,True,True,True,1.000000,1.000000,1.000000,2981,28
0.000000,0.000000,29.000000,1.000000,0.000000,0.000000,1.000000,0.000000,0.000000,0.000000,8.336710,1.000000,1.000000,1.000000,1.000000,0.000000,0.000000,0.301112,0.394113,0.757043,23.192955,0.389521,0.259680,0.966667,0.379219,7.675831,0.000000,True,True,True,1.000000,1.000000,1.000000,2982,28
0.000000,0.000000,29.000000,1.000000,0.000000,0.000000,1.000000,0.000000,0.000000,0.000000,8.118214,1.000000,1.000000,1.000000,1.000000,0.000000,0.000000,0.304403,0.360036,0.756172,22.811443,0.388341,0.258894,0.966667,0.381512,7.675831,0.000000,True,True,True,1.000000,1.000000,1.000000,2983,28
0.000000,0.000000,29.000000,1.000000,0.000000,0.000000,1.000000,0.000000,1.000000,0.000000,7.901335,1.000000,1.000000,1.000000,1.000000,0.000000,0.000000,0.293823,0.367582,0.765896,22.431706,0.387662,0.258441,0.966667,0.379737,7.675831,0.000000,True,True,True,1.000000,1.000000,1.000000,2984,28
0.000000,0.000000,29.000000,1.000000,0.000000,0.000000,1.000000,0.000000,0.000000,0.000000,8.513164,1.000000,1.000000,1.000000,1.000000,0.000000,0.000000,0.331728,0.340550,0.730600,22.061891,0.407258,0.271506,0.966667,0.369814,7.675831,0.000000,True,True,True,,,,2985,28
0.000000,0.000000,29.000000,1.000000,0.000000,0.000000,1.000000,0.000000,0.000000,0.000000,8.426168,1.000000,1.000000,1.000000,1.000000,0.000000,0.000000,0.295974,0.327911,0.762723,21.676834,0.392949,0.261966,0.966667,0.385057,7.675831,0.000000,True,True,True,1.000000,1.000000,1.000000,2986,28
0.000000,0.000000,29.000000,1.000000,0.000000,0.000000,1.000000,0.000000,0.000000,0.000000,8.393681,1.000000,1.000000,1.000000,1.000000,0.000000,0.000000,0.303259,0.370400,0.756115,21.299031,0.388156,0.258771,0.966667,0.377803,7.675831,0.000000,True,True,True,1.000000,1.000000,1.000000,2987,28
0.000000,0.000000,29.000000,1.000000,0.000000,0.000000,1.000000,0.000000,0.000000,0.000000,8.300039,1.000000,1.000000,1.000000,1.000000,0.000000,0.000000,0.298268,0.316050,0.762261,20.917437,0.387529,0.258352,0.966667,0.381593,7.675831,0.000000,True,True,True,1.000000,1.000000,1.000000,2988,28
0.000000,0.000000,29.000000,1.000000,0.000000,0.000000,1.000000,0.000000,0.000000,0.000000,8.147834,1.000000,1.000000,1.000000,1.000000,0.000000,0.000000,0.239013,0.422220,0.814547,20.539582,0.387178,0.258119,0.966667,0.377855,7.675831,0.000000,True,True,True,1.000000,1.000000,1.000000,2989,28
0.000000,0.000000,29.000000,1.000000,0.000000,0.000000,1.000000,0.000000,0.000000,0.000000,8.016533,1.000000,1.000000,1.000000,1.000000,0.000000,0.000000,0.238933,0.383254,0.811580,20.160706,0.386971,0.257981,0.966667,0.378876,7.675831,0.000000,True,True,True,1.000000,1.000000,1.000000,2990,28
0.000000,0.000000,29.000000,1.000000,0.000000,0.000000,1.000000,0.000000,1.000000,0.000000,7.886156,1.000000,1.000000,1.000000,1.000000,0.000000,0.000000,0.241589,0.412320,0.810844,19.787545,0.386848,0.257898,0.966667,0.373162,7.675831,0.000000,True,True,True,1.000000,1.000000,1.000000,2991,28
0.000000,0.000000,29.000000,1.000000,0.000000,0.000000,1.000000,0.000000,0.000000,0.000000,8.244390,1.000000,1.000000,1.000000,1.000000,0.000000,0.000000,0.198317,0.403734,0.839155,19.408222,0.406774,0.271183,0.966667,0.379323,7.675831,0.000000,True,True,True,,,,2992,28
0.000000,0.000000,29.000000,1.000000,0.000000,0.000000,1.000000,0.000000,0.000000,0.000000,8.157529,1.000000,1.000000,1.000000,1.000000,0.000000,0.000000,0.115401,0.504646,0.907722,19.026921,0.392531,0.261687,0.966667,0.381301,7.675831,0.000000,True,True,True,1.000000,1.000000,1.000000,2993,28
0.000000,0.000000,29.000000,1.000000,0.000000,0.000000,1.000000,0.000000,1.000000,0.000000,7.944716,1.000000,1.000000,1.000000,1.000000,0.000000,0.000000,0.129287,0.476477,0.893603,18.655338,0.387779,0.258520,0.966667,0.371582,7.675831,0.000000,True,True,True,1.000000,1.000000,1.000000,2994,28
0.000000,0.000000,29.000000,1.000000,0.000000,0.000000,1.000000,0.000000,0.000000,0.000000,8.271699,1.000000,1.000000,1.000000,1.000000,0.000000,0.000000,0.238811,0.344947,0.766539,18.345831,0.407248,0.271498,0.966667,0.309507,7.675831,0.000000,True,True,True,,,,2995,28
0.000000,0.000000,29.000000,1.000000,0.000000,0.000000,1.000000,0.000000,1.000000,0.000000,7.878825,1.000000,1.000000,1.000000,1.000000,0.000000,0.000000,0.167719,0.554148,0.857564,17.979438,0.397830,0.265220,0.966667,0.366393,7.675831,0.000000,True,True,True,1.000000,1.000000,1.000000,2996,28
0.000000,0.000000,29.000000,1.000000,0.000000,0.000000,1.000000,0.000000,1.000000,0.000000,7.994825,1.000000,1.000000,1.000000,1.000000,0.000000,0.000000,0.143504,0.399440,0.881453,17.608947,0.410406,0.273604,0.966667,0.370491,7.675831,0.000000,True,True,True,,,,2997,28
0.000000,0.000000,29.000000,1.000000,0.000000,0.000000,1.000000,0.000000,1.000000,0.000000,7.836116,1.000000,1.000000,1.000000,1.000000,0.000000,0.000000,0.229273,0.444276,0.783040,17.289852,0.417014,0.278009,0.966667,0.319095,7.675831,0.000000,True,True,True,,,,2998,28
0.000000,0.000000,29.000000,1.000000,0.000000,0.000000,1.000000,0.000000,1.000000,0.000000,7.998899,1.000000,1.000000,1.000000,1.000000,0.000000,0.000000,0.195638,0.361720,0.810551,16.924198,0.445766,0.297177,0.966667,0.365654,7.675831,0.000000,True,True,True,1.000000,1.000000,1.000000,2999,28
