round,order,heading_accuracy,mean_speed,normalized_mean_speed,minimum_distance,component_count,largest_component_fraction,swarm_radius,centroid_distance,arrived_fraction
0,-0.013469,,1.419786,0.946524,5.000000,1,1.000000,43.649229,978.694946,0.000000
1,-0.031940,0.522330,0.999939,0.666626,5.000000,1,1.000000,44.549613,978.691466,0.000000
2,-0.029368,0.172177,0.973984,0.649323,5.000000,1,1.000000,45.424215,978.755892,0.000000
3,-0.022672,0.086451,0.990738,0.660492,5.000000,1,1.000000,46.235492,978.850959,0.000000
4,-0.024975,0.059314,0.990390,0.660260,5.000000,1,1.000000,46.476406,978.953270,0.000000
5,-0.029402,0.061772,0.984604,0.656402,5.000000,1,1.000000,47.271632,979.007658,0.000000
6,-0.029129,0.414646,0.974190,0.649460,5.000000,1,1.000000,48.311090,979.020078,0.000000
7,-0.033729,0.845614,0.947576,0.631717,5.000000,1,1.000000,48.883197,978.992875,0.000000
8,-0.017280,0.922750,0.937569,0.625046,5.000000,1,1.000000,48.882085,978.847703,0.000000
9,-0.007360,0.950334,0.907495,0.604997,5.000000,1,1.000000,48.987595,978.653328,0.000000
10,-0.028660,0.807472,1.000000,0.666667,5.978238,1,1.000000,49.819131,978.591612,0.000000
11,-0.015672,0.269738,1.000000,0.666667,6.187639,1,1.000000,50.108766,978.680867,0.000000
12,0.017324,0.489157,1.000000,0.666667,6.471474,1,1.000000,49.874659,978.688463,0.000000
13,0.012753,0.554931,1.000000,0.666667,6.940800,1,1.000000,50.346193,978.651747,0.000000
14,0.023314,0.691164,1.000000,0.666667,7.942599,1,1.000000,51.367188,978.518156,0.000000
15,0.048587,0.811995,1.000000,0.666667,8.515322,1,1.000000,52.574928,978.282776,0.000000
16,0.049257,0.908784,1.000000,0.666667,8.242488,1,1.000000,53.694131,978.009861,0.000000
17,0.049867,0.899259,1.000000,0.666667,8.083050,1,1.000000,54.446224,977.738489,0.000000
18,0.068440,0.961271,1.000000,0.666667,8.898955,1,1.000000,54.512905,977.425397,0.000000
19,0.119976,0.919387,1.000000,0.666667,8.786861,1,1.000000,54.023220,977.051311,0.000000
20,0.147162,0.959049,1.000000,0.666667,8.927401,1,1.000000,53.734384,976.635737,0.000000
21,0.239750,0.987805,1.000000,0.666667,8.828470,1,1.000000,53.066722,976.121244,0.000000
22,0.233814,0.960884,1.000000,0.666667,8.959073,1,1.000000,52.218231,975.615815,0.000000
23,0.269330,0.998593,1.000000,0.666667,8.965794,1,1.000000,52.045287,975.073893,0.000000
24,0.278671,0.998886,1.000000,0.666667,9.157673,1,1.000000,51.476473,974.523700,0.000000
25,0.143021,0.952505,1.000000,0.666667,10.064723,1,1.000000,52.162037,974.114070,0.000000
26,0.150580,0.935608,1.000000,0.666667,9.454043,1,1.000000,53.283327,973.699733,0.000000
27,0.217428,0.882098,1.000000,0.666667,8.709310,1,1.000000,54.096186,973.239712,0.000000
28,0.297092,0.885270,1.000000,0.666667,8.291287,1,1.000000,54.281720,972.709923,0.000000
29,0.329757,0.842050,1.000000,0.666667,8.078026,1,1.000000,53.934929,972.188070,0.000000
30,0.333456,0.780785,1.000000,0.666667,7.988347,1,1.000000,53.494830,971.727538,0.000000
31,0.349707,0.786097,1.000000,0.666667,9.076403,1,1.000000,53.058071,971.250550,0.000000
32,0.419846,0.776063,1.000000,0.666667,8.587908,1,1.000000,52.652514,970.745091,0.000000
33,0.411111,0.757210,1.000000,0.666667,8.803237,1,1.000000,52.208176,970.270513,0.000000
34,0.452250,0.730171,1.000000,0.666667,8.782383,1,1.000000,51.812733,969.816482,0.000000
35,0.334779,0.739381,1.000000,0.666667,8.670326,1,1.000000,51.335546,969.408245,0.000000
36,0.372165,0.697449,1.000000,0.666667,9.550405,1,1.000000,50.922844,969.043664,0.000000
37,0.368227,0.701068,1.000000,0.666667,10.256402,1,1.000000,50.864193,968.675107,0.000000
38,0.473237,0.723652,1.000000,0.666667,9.439954,1,1.000000,50.489791,968.222236,0.000000
39,0.606711,0.767046,1.000000,0.666667,9.079230,1,1.000000,50.492142,967.636397,0.000000
40,0.487016,0.780720,1.000000,0.666667,8.709155,1,1.000000,50.050889,967.088197,0.000000
41,0.383933,0.815616,1.000000,0.666667,8.913632,1,1.000000,49.868801,966.555903,0.000000
42,0.354223,0.779295,1.000000,0.666667,9.259324,1,1.000000,49.355335,966.084379,0.000000
43,0.291650,0.795891,1.000000,0.666667,7.967283,1,1.000000,49.227229,965.634370,0.000000
44,0.243721,0.765004,1.000000,0.666667,7.937450,1,1.000000,49.221347,965.250741,0.000000
45,0.218643,0.751109,1.000000,0.666667,9.194217,1,1.000000,48.554005,964.899684,0.000000
46,0.179547,0.752413,1.000000,0.666667,8.821092,1,1.000000,47.797275,964.575570,0.000000
47,0.215256,0.747079,1.000000,0.666667,7.412029,1,1.000000,47.699439,964.231280,0.000000
48,0.169058,0.741392,1.000000,0.666667,7.150238,1,1.000000,48.168380,963.926168,0.000000
49,0.114828,0.736648,1.000000,0.666667,8.145736,1,1.000000,48.804679,963.668990,0.000000
50,0.120897,0.746892,1.000000,0.666667,8.334948,1,1.000000,49.327212,963.397594,0.000000
51,0.108249,0.700935,1.000000,0.666667,8.616915,1,1.000000,49.334185,963.178334,0.000000
52,0.156045,0.634511,1.000000,0.666667,8.061952,1,1.000000,48.601125,963.002251,0.000000
53,0.221669,0.624170,1.000000,0.666667,8.097327,1,1.000000,48.003624,962.812915,0.000000
54,0.242146,0.646587,1.000000,0.666667,8.318917,1,1.000000,48.279671,962.582992,0.000000
55,0.222699,0.661148,1.000000,0.666667,7.703029,1,1.000000,48.614150,962.341114,0.000000
56,0.203627,0.645488,1.000000,0.666667,7.283099,1,1.000000,49.410747,962.129290,0.000000
57,0.202640,0.658295,1.000000,0.666667,7.729837,1,1.000000,50.155058,961.900801,0.000000
58,0.218831,0.715495,1.000000,0.666667,7.812465,1,1.000000,50.213004,961.590725,0.000000
59,0.160832,0.763983,1.000000,0.666667,8.317011,1,1.000000,50.893559,961.270235,0.000000
60,0.185550,0.795970,1.000000,0.666667,8.976134,1,1.000000,52.092786,960.900545,0.000000
61,0.169602,0.806819,1.000000,0.666667,8.061952,1,1.000000,53.362802,960.535665,0.000000
62,0.167767,0.763584,1.000000,0.666667,7.704402,1,1.000000,54.305629,960.209908,0.000000
63,0.277449,0.746889,1.000000,0.666667,8.234106,1,1.000000,54.702083,959.825354,0.000000
64,0.262518,0.740705,1.000000,0.666667,8.952426,1,1.000000,54.679923,959.457617,0.000000
65,0.184040,0.761171,1.000000,0.666667,10.316454,1,1.000000,54.511169,959.121371,0.000000
66,0.337910,0.770514,1.000000,0.666667,9.917716,1,1.000000,54.337779,958.670596,0.000000
67,0.452348,0.792393,1.000000,0.666667,10.303346,1,1.000000,53.985817,958.125310,0.000000
68,0.352914,0.842816,1.000000,0.666667,10.032389,1,1.000000,53.332875,957.586422,0.000000
69,0.500882,0.840901,1.000000,0.666667,9.539466,1,1.000000,52.752233,956.954977,0.000000
70,0.558471,0.854507,1.000000,0.666667,9.320279,1,1.000000,52.230669,956.275546,0.000000
71,0.561984,0.869574,1.000000,0.666667,9.763034,1,1.000000,52.354903,955.579022,0.000000
72,0.655114,0.823936,1.000000,0.666667,9.119288,1,1.000000,52.594496,954.884207,0.000000
73,0.605990,0.802206,1.000000,0.666667,9.269966,1,1.000000,52.580897,954.244336,0.000000
74,0.602928,0.831406,1.000000,0.666667,10.334082,1,1.000000,52.172353,953.566846,0.000000
75,0.498701,0.854719,1.000000,0.666667,10.603731,1,1.000000,52.476470,952.922359,0.000000
76,0.509777,0.889055,1.000000,0.666667,9.603642,1,1.000000,52.647484,952.240602,0.000000
77,0.480934,0.878207,1.000000,0.666667,8.555534,1,1.000000,52.185537,951.585749,0.000000
78,0.377595,0.850042,1.000000,0.666667,8.911226,1,1.000000,51.106203,951.023316,0.000000
79,0.407515,0.841639,1.000000,0.666667,9.185627,1,1.000000,49.859195,950.448849,0.000000
80,0.501748,0.866863,1.000000,0.666667,8.407174,1,1.000000,48.608775,949.790898,0.000000
81,0.427264,0.902861,1.000000,0.666667,8.291645,1,1.000000,48.240745,949.153647,0.000000
82,0.393769,0.934119,1.000000,0.666667,7.648140,1,1.000000,48.127043,948.523960,0.000000
83,0.364208,0.971008,1.000000,0.666667,7.413117,1,1.000000,47.683636,947.905725,0.000000
84,0.394694,0.978767,1.000000,0.666667,8.303023,1,1.000000,47.128336,947.263052,0.000000
85,0.383927,0.977510,1.000000,0.666667,7.527016,1,1.000000,46.637772,946.628663,0.000000
86,0.233150,0.965954,1.000000,0.666667,7.585899,1,1.000000,46.766486,946.122932,0.000000
87,0.242418,0.955591,1.000000,0.666667,8.232938,1,1.000000,47.349242,945.610587,0.000000
88,0.308281,0.958569,1.000000,0.666667,8.548537,1,1.000000,48.328021,945.039833,0.000000
89,0.329981,0.970960,1.000000,0.666667,9.324474,1,1.000000,48.963775,944.448739,0.000000
90,0.269231,0.996998,1.000000,0.666667,8.039210,1,1.000000,48.847928,943.906923,0.000000
91,0.241305,0.993120,1.000000,0.666667,8.250845,1,1.000000,49.397620,943.390716,0.000000
92,0.188579,0.953935,1.000000,0.666667,9.223207,1,1.000000,50.433708,942.931211,0.000000
93,0.143829,0.958637,1.000000,0.666667,9.333368,1,1.000000,51.631484,942.519538,0.000000
94,0.129836,0.985942,1.000000,0.666667,9.191673,1,1.000000,52.735559,942.121376,0.000000
95,0.164391,0.997368,1.000000,0.666667,9.494062,1,1.000000,53.984763,941.682935,0.000000
96,0.222073,0.966851,1.000000,0.666667,10.464205,1,1.000000,54.864226,941.187632,0.000000
97,0.327536,0.955436,1.000000,0.666667,10.229918,1,1.000000,55.128450,940.601849,0.000000
98,0.381056,1.000000,1.000000,0.666667,10.441949,1,1.000000,54.851931,939.968061,0.000000
99,0.348571,0.980710,1.000000,0.666667,10.549725,1,1.000000,54.362542,939.360667,0.000000
100,0.262253,0.921565,1.000000,0.666667,10.327803,1,1.000000,53.862864,938.841257,0.000000
101,0.230834,0.875354,1.000000,0.666667,10.654092,1,1.000000,53.375844,938.373140,0.000000
102,0.270473,0.922211,1.000000,0.666667,10.167503,1,1.000000,52.880839,937.846317,0.000000
103,0.328483,0.957235,1.000000,0.666667,9.264116,1,1.000000,52.385299,937.259311,0.000000
104,0.340240,0.994395,1.000000,0.666667,9.443825,1,1.000000,51.896812,936.657547,0.000000
105,0.372220,0.990152,1.000000,0.666667,10.390671,1,1.000000,51.475914,936.030834,0.000000
106,0.364169,0.980879,1.000000,0.666667,10.253177,1,1.000000,51.027663,935.411176,0.000000
107,0.397024,0.985863,1.000000,0.666667,8.758213,1,1.000000,50.477417,934.765962,0.000000
108,0.452619,0.996266,1.000000,0.666667,8.472287,1,1.000000,49.948968,934.079814,0.000000
109,0.418600,0.995402,1.000000,0.666667,9.836253,1,1.000000,49.398523,933.418082,0.000000
110,0.383128,0.945822,1.000000,0.666667,10.230347,1,1.000000,48.773033,932.791891,0.000000
111,0.460563,0.944004,1.000000,0.666667,9.419944,1,1.000000,48.187823,932.110791,0.000000
112,0.398468,0.909422,1.000000,0.666667,8.839046,1,1.000000,48.012447,931.489859,0.000000
113,0.217875,0.921110,1.000000,0.666667,8.383684,1,1.000000,48.487217,931.011034,0.000000
114,0.209904,0.891174,1.000000,0.666667,8.451772,1,1.000000,48.237552,930.553105,0.000000
115,0.187755,0.922040,1.000000,0.666667,8.759642,1,1.000000,47.561471,930.103433,0.000000
116,0.193212,0.896339,1.000000,0.666667,9.070919,1,1.000000,46.794415,929.658926,0.000000
117,0.206946,0.938669,1.000000,0.666667,8.717920,1,1.000000,46.581991,929.184766,0.000000
118,0.185076,0.953613,1.000000,0.666667,8.446041,1,1.000000,47.068164,928.728952,0.000000
119,0.225227,0.996700,1.000000,0.666667,7.829395,1,1.000000,46.962328,928.227927,0.000000
120,0.189062,0.954515,1.000000,0.666667,8.176813,1,1.000000,46.416252,927.767804,0.000000
121,0.190669,0.962731,1.000000,0.666667,7.941772,1,1.000000,46.808890,927.304470,0.000000
122,0.113937,0.955160,1.000000,0.666667,7.399468,1,1.000000,47.059861,926.929443,0.000000
123,0.130617,0.985369,1.000000,0.666667,8.205920,1,1.000000,46.923725,926.530370,0.000000
124,0.146597,0.979321,1.000000,0.666667,9.467848,1,1.000000,46.556819,926.112869,0.000000
125,0.204047,0.998523,1.000000,0.666667,10.118874,1,1.000000,46.854149,925.632688,0.000000
126,0.209080,0.964643,1.000000,0.666667,8.808676,1,1.000000,46.571596,925.150451,0.000000
127,0.234119,0.961085,1.000000,0.666667,7.985936,1,1.000000,46.194483,924.644695,0.000000
128,0.217201,0.987189,1.000000,0.666667,6.273812,1,1.000000,45.942390,924.151846,0.000000
129,0.259029,0.986562,1.000000,0.666667,5.388136,1,1.000000,46.241339,923.619659,0.000000
130,0.239989,0.977550,1.000000,0.666667,5.643611,1,1.000000,46.788117,923.105844,0.000000
131,0.176187,0.941971,1.000000,0.666667,6.687243,1,1.000000,47.211524,922.662046,0.000000
132,0.201639,0.846898,1.000000,0.666667,8.275211,1,1.000000,47.140104,922.238469,0.000000
133,0.267829,0.811542,1.000000,0.666667,8.384389,1,1.000000,46.859771,921.789843,0.000000
134,0.346732,0.800863,1.000000,0.666667,8.795543,1,1.000000,46.531852,921.297696,0.000000
135,0.292462,0.813417,1.000000,0.666667,8.630561,1,1.000000,46.241986,920.829310,0.000000
136,0.321239,0.843237,1.000000,0.666667,8.170763,1,1.000000,45.841160,920.312556,0.000000
137,0.235187,0.901500,1.000000,0.666667,8.974217,1,1.000000,45.487347,919.826225,0.000000
138,0.286165,0.904616,1.000000,0.666667,9.303692,1,1.000000,45.729365,919.294280,0.000000
139,0.288928,0.885617,1.000000,0.666667,9.866007,1,1.000000,45.457185,918.770839,0.000000
140,0.307133,0.932991,1.000000,0.666667,9.938015,1,1.000000,45.725047,918.208863,0.000000
141,0.336854,0.960199,1.000000,0.666667,10.118121,1,1.000000,46.465825,917.614405,0.000000
142,0.381000,0.991011,1.000000,0.666667,9.685015,1,1.000000,47.047197,916.980913,0.000000
143,0.492674,0.965897,1.000000,0.666667,9.648660,1,1.000000,47.112140,916.271150,0.000000
144,0.461459,0.984308,1.000000,0.666667,9.230362,1,1.000000,46.803693,915.579596,0.000000
145,0.543831,0.999119,1.000000,0.666667,10.034894,1,1.000000,47.081120,914.831912,0.000000
146,0.494508,0.971615,1.000000,0.666667,9.575733,1,1.000000,47.256734,914.119658,0.000000
147,0.411542,0.957371,1.000000,0.666667,9.726192,1,1.000000,46.966446,913.468908,0.000000
148,0.442929,0.983832,1.000000,0.666667,9.518737,1,1.000000,47.180864,912.790447,0.000000
149,0.455322,0.984896,1.000000,0.666667,9.769070,1,1.000000,48.083613,912.103124,0.000000
150,0.468659,0.952980,1.000000,0.666667,9.643261,1,1.000000,48.766610,911.413311,0.000000
151,0.507478,0.946580,1.000000,0.666667,9.603617,1,1.000000,48.851776,910.699665,0.000000
152,0.457821,0.966807,1.000000,0.666667,10.123953,1,1.000000,48.557839,910.013559,0.000000
153,0.255302,0.982443,1.000000,0.666667,9.461643,1,1.000000,48.100594,909.485095,0.000000
154,0.286110,0.958251,1.000000,0.666667,10.134620,1,1.000000,48.502990,908.933181,0.000000
155,0.290213,0.975604,1.000000,0.666667,9.775627,1,1.000000,48.964571,908.374581,0.000000
156,0.248980,0.964741,1.000000,0.666667,9.987923,1,1.000000,49.390503,907.854324,0.000000
157,0.218898,0.930318,1.000000,0.666667,9.867824,1,1.000000,49.377476,907.371220,0.000000
158,0.242960,0.919936,1.000000,0.666667,10.022409,1,1.000000,49.847805,906.869631,0.000000
159,0.230758,0.952652,1.000000,0.666667,8.405300,1,1.000000,50.369414,906.368861,0.000000
160,0.213503,0.970121,1.000000,0.666667,7.379581,1,1.000000,50.824505,905.881403,0.000000
161,0.160740,0.978860,1.000000,0.666667,7.668434,1,1.000000,50.822271,905.447947,0.000000
162,0.272603,0.916851,1.000000,0.666667,8.606489,1,1.000000,51.187007,904.921581,0.000000
163,0.200899,0.874587,1.000000,0.666667,8.087421,1,1.000000,51.675450,904.481102,0.000000
164,0.149498,0.881103,1.000000,0.666667,7.741203,1,1.000000,52.164629,904.088447,0.000000
165,0.154917,0.914977,1.000000,0.666667,7.744519,1,1.000000,52.179384,903.675728,0.000000
166,0.125151,0.995376,1.000000,0.666667,8.095455,1,1.000000,52.721291,903.282943,0.000000
167,0.165274,0.954133,1.000000,0.666667,8.484989,1,1.000000,52.781842,902.848065,0.000000
168,0.229233,0.960199,1.000000,0.666667,8.547392,1,1.000000,53.243097,902.347103,0.000000
169,0.199611,0.931233,1.000000,0.666667,9.043994,1,1.000000,53.776437,901.882455,0.000000
170,0.152714,0.896315,1.000000,0.666667,8.142051,1,1.000000,54.350726,901.479424,0.000000
171,0.139406,0.853671,1.000000,0.666667,8.291133,1,1.000000,54.514069,901.111979,0.000000
172,0.198460,0.858052,1.000000,0.666667,7.716079,1,1.000000,54.206104,900.683833,0.000000
173,0.281666,0.888635,1.000000,0.666667,8.489400,1,1.000000,53.781261,900.164482,0.000000
174,0.232922,0.881819,1.000000,0.666667,9.267540,1,1.000000,53.398578,899.690685,0.000000
175,0.245492,0.867082,1.000000,0.666667,8.425826,1,1.000000,53.658933,899.215128,0.000000
176,0.282503,0.922325,1.000000,0.666667,9.332876,1,1.000000,54.156183,898.677965,0.000000
177,0.271302,0.947533,1.000000,0.666667,9.744849,1,1.000000,54.333683,898.141646,0.000000
178,0.245085,0.988395,1.000000,0.666667,10.194214,1,1.000000,54.567376,897.622136,0.000000
179,0.339357,0.969146,1.000000,0.666667,9.719717,1,1.000000,54.695800,897.023808,0.000000
180,0.320660,0.894776,1.000000,0.666667,9.911196,1,1.000000,54.708766,896.469590,0.000000
181,0.321800,0.856947,1.000000,0.666667,10.446688,1,1.000000,55.159340,895.940966,0.000000
182,0.351173,0.850046,1.000000,0.666667,10.700680,1,1.000000,55.537110,895.396857,0.000000
183,0.418782,0.850572,1.000000,0.666667,10.308557,1,1.000000,55.932879,894.806481,0.000000
184,0.471113,0.856321,1.000000,0.666667,9.407217,1,1.000000,55.919051,894.177346,0.000000
185,0.545228,0.883651,1.000000,0.666667,9.847836,1,1.000000,56.221321,893.478170,0.000000
186,0.460867,0.886985,1.000000,0.666667,10.042868,1,1.000000,56.486190,892.829315,0.000000
187,0.424055,0.892306,1.000000,0.666667,10.477637,1,1.000000,56.858211,892.201257,0.000000
188,0.504332,0.886045,1.000000,0.666667,9.377826,1,1.000000,56.841452,891.525276,0.000000
189,0.549878,0.890667,1.000000,0.666667,9.583930,1,1.000000,57.154059,890.817554,0.000000
190,0.478585,0.877303,1.000000,0.666667,9.662052,1,1.000000,57.407057,890.164942,0.000000
191,0.438867,0.880522,1.000000,0.666667,9.835752,1,1.000000,57.277287,889.535562,0.000000
192,0.568236,0.909456,1.000000,0.666667,9.998837,1,1.000000,57.501283,888.802907,0.000000
193,0.485950,0.913194,1.000000,0.666667,10.131211,1,1.000000,57.797415,888.119814,0.000000
194,0.509591,0.896478,1.000000,0.666667,10.144364,1,1.000000,58.067802,887.432584,0.000000
195,0.373766,0.862540,1.000000,0.666667,10.220640,1,1.000000,58.091633,886.862013,0.000000
196,0.306487,0.886246,1.000000,0.666667,10.318474,1,1.000000,58.542312,886.324150,0.000000
197,0.376643,0.917113,1.000000,0.666667,9.026246,1,1.000000,58.869911,885.714973,0.000000
198,0.402039,0.881765,1.000000,0.666667,7.766685,1,1.000000,59.257651,885.109649,0.000000
199,0.358876,0.848133,1.000000,0.666667,7.916048,1,1.000000,59.304758,884.561823,0.000000
200,0.422816,0.862754,1.000000,0.666667,6.778142,1,1.000000,59.058209,883.957758,0.000000
201,0.422282,0.865189,1.000000,0.666667,6.117132,1,1.000000,58.874970,883.351941,0.000000
202,0.383811,0.869760,1.000000,0.666667,7.117372,1,1.000000,58.798219,882.768508,0.000000
203,0.395778,0.884247,1.000000,0.666667,8.160569,1,1.000000,58.762348,882.165735,0.000000
204,0.467007,0.889798,1.000000,0.666667,8.374608,1,1.000000,59.085015,881.510759,0.000000
205,0.410827,0.900703,1.000000,0.666667,9.073412,1,1.000000,59.397965,880.886302,0.000000
206,0.444569,0.938764,1.000000,0.666667,9.373653,1,1.000000,59.698735,880.218344,0.000000
207,0.359491,0.922678,1.000000,0.666667,9.216922,1,1.000000,59.660838,879.619326,0.000000
208,0.418308,0.947634,1.000000,0.666667,8.657310,1,1.000000,59.976667,878.966665,0.000000
209,0.582997,0.993850,1.000000,0.666667,8.603825,1,1.000000,60.124835,878.194218,0.000000
210,0.509523,0.972524,1.000000,0.666667,9.089224,1,1.000000,60.029388,877.471745,0.000000
211,0.493403,0.958030,1.000000,0.666667,9.075547,1,1.000000,60.314428,876.763595,0.000000
212,0.400083,0.978795,1.000000,0.666667,9.059241,1,1.000000,60.550556,876.116895,0.000000
213,0.292889,0.940993,1.000000,0.666667,9.438651,1,1.000000,60.971178,875.563979,0.000000
214,0.195713,0.905586,1.000000,0.666667,9.400870,1,1.000000,61.139623,875.112844,0.000000
215,0.242599,0.904459,1.000000,0.666667,9.318275,1,1.000000,60.628901,874.618430,0.000000
216,0.298619,0.966950,1.000000,0.666667,9.335852,1,1.000000,59.884332,874.054036,0.000000
217,0.218773,0.997760,1.000000,0.666667,9.558311,1,1.000000,59.282488,873.559261,0.000000
218,0.253988,0.999813,1.000000,0.666667,8.716536,1,1.000000,58.624784,873.031194,0.000000
219,0.176038,0.933633,1.000000,0.666667,8.880938,1,1.000000,57.947782,872.589845,0.000000
220,0.171689,0.891849,1.000000,0.666667,7.832766,1,1.000000,57.682504,872.168924,0.000000
221,0.251356,0.850333,1.000000,0.666667,7.802524,1,1.000000,58.018867,871.700281,0.000000
222,0.288967,0.891668,1.000000,0.666667,8.584757,1,1.000000,58.548751,871.173166,0.000000
223,0.284682,0.930321,1.000000,0.666667,10.027786,1,1.000000,58.831887,870.630962,0.000000
224,0.213871,0.915350,1.000000,0.666667,10.039730,1,1.000000,59.400845,870.158202,0.000000
225,0.274917,0.901885,1.000000,0.666667,10.639659,1,1.000000,59.689012,869.637073,0.000000
226,0.310168,0.871544,1.000000,0.666667,10.445905,1,1.000000,59.926189,869.106208,0.000000
227,0.398388,0.854762,1.000000,0.666667,10.615459,1,1.000000,60.438486,868.525467,0.000000
228,0.434735,0.915679,1.000000,0.666667,9.946476,1,1.000000,60.681799,867.875460,0.000000
229,0.524402,0.933964,1.000000,0.666667,9.498046,1,1.000000,60.478389,867.156187,0.000000
230,0.509482,0.958704,1.000000,0.666667,8.583275,1,1.000000,60.729036,866.437133,0.000000
231,0.528740,0.960983,1.000000,0.666667,8.988562,1,1.000000,61.002647,865.704797,0.000000
232,0.582672,0.955637,1.000000,0.666667,10.498544,1,1.000000,61.211719,864.939892,0.000000
233,0.528259,0.951947,1.000000,0.666667,10.685564,1,1.000000,61.498403,864.210721,0.000000
234,0.562840,0.971142,1.000000,0.666667,10.381144,1,1.000000,61.704056,863.453962,0.000000
235,0.590864,0.940996,1.000000,0.666667,10.597795,1,1.000000,61.970444,862.689772,0.000000
236,0.548721,0.922000,1.000000,0.666667,10.484782,1,1.000000,62.233828,861.961341,0.000000
237,0.611730,0.906291,1.000000,0.666667,9.725953,1,1.000000,62.007762,861.204952,0.000000
238,0.543125,0.939613,1.000000,0.666667,10.451679,1,1.000000,62.254822,860.471116,0.000000
239,0.337758,0.965280,1.000000,0.666667,10.360059,1,1.000000,62.144138,859.874818,0.000000
240,0.444948,0.971109,1.000000,0.666667,9.482183,1,1.000000,61.645474,859.196846,0.000000
241,0.512613,0.959231,1.000000,0.666667,9.758270,1,1.000000,60.988370,858.475571,0.000000
242,0.457546,0.987992,1.000000,0.666667,9.891806,1,1.000000,60.306878,857.786403,0.000000
243,0.344914,0.973526,1.000000,0.666667,8.782957,1,1.000000,59.777306,857.182896,0.000000
244,0.336469,0.988227,1.000000,0.666667,8.513487,1,1.000000,59.398786,856.584484,0.000000
245,0.419190,0.993857,1.000000,0.666667,9.254959,1,1.000000,59.045736,855.922376,0.000000
246,0.505206,0.898190,1.000000,0.666667,10.269111,1,1.000000,58.651348,855.236691,0.000000
247,0.458749,0.874795,1.000000,0.666667,9.566233,1,1.000000,58.841383,854.598881,0.000000
248,0.450456,0.928979,1.000000,0.666667,10.051856,1,1.000000,58.598249,853.931168,0.000000
249,0.536474,0.959954,1.000000,0.666667,10.264716,1,1.000000,58.773991,853.194118,0.000000
250,0.611892,0.974906,1.000000,0.666667,9.571320,1,1.000000,58.942298,852.406110,0.000000
251,0.505528,0.969573,1.000000,0.666667,10.103494,1,1.000000,59.139266,851.686903,0.000000
252,0.552403,0.969779,1.000000,0.666667,10.641572,1,1.000000,58.846084,850.937084,0.000000
253,0.521928,0.968969,1.000000,0.666667,11.068032,1,1.000000,58.430681,850.207171,0.000000
254,0.518744,0.974834,1.000000,0.666667,10.204268,1,1.000000,58.990448,849.478163,0.000000
255,0.632734,0.971290,1.000000,0.666667,10.491460,1,1.000000,59.192704,848.678320,0.000000
256,0.590777,0.998837,1.000000,0.666667,10.139943,1,1.000000,58.988353,847.900882,0.000000
257,0.477774,0.968568,1.000000,0.666667,10.353324,1,1.000000,58.689702,847.200616,0.000000
258,0.547210,0.952713,1.000000,0.666667,10.644953,1,1.000000,58.437023,846.458999,0.000000
259,0.504322,0.925645,1.000000,0.666667,10.684567,1,1.000000,58.386486,845.756888,0.000000
260,0.383829,0.878203,1.000000,0.666667,10.203865,1,1.000000,58.842995,845.166941,0.000000
261,0.385891,0.857516,1.000000,0.666667,10.848905,1,1.000000,58.705199,844.592236,0.000000
262,0.423788,0.906695,1.000000,0.666667,10.672914,1,1.000000,58.429387,843.955025,0.000000
263,0.432899,0.910272,1.000000,0.666667,10.281607,1,1.000000,58.610185,843.309371,0.000000
264,0.447075,0.906770,1.000000,0.666667,9.326155,1,1.000000,58.356330,842.656124,0.000000
265,0.379749,0.882664,1.000000,0.666667,9.525904,1,1.000000,58.124146,842.065810,0.000000
266,0.378182,0.861137,1.000000,0.666667,10.297246,1,1.000000,58.501091,841.493329,0.000000
267,0.449179,0.877643,1.000000,0.666667,10.596491,1,1.000000,58.374861,840.859419,0.000000
268,0.362927,0.878924,1.000000,0.666667,10.595470,1,1.000000,57.932082,840.283879,0.000000
269,0.315880,0.861494,1.000000,0.666667,9.955340,1,1.000000,57.620353,839.756108,0.000000
270,0.526209,0.905648,1.000000,0.666667,9.719968,1,1.000000,57.808641,839.051979,0.000000
271,0.486769,0.906032,1.000000,0.666667,9.479157,1,1.000000,59.117963,838.372818,0.000000
272,0.354824,0.894641,1.000000,0.666667,9.925032,1,1.000000,60.672667,837.792635,0.000000
273,0.311128,0.850965,1.000000,0.666667,9.860068,1,1.000000,61.759652,837.276795,0.000000
274,0.318694,0.858474,1.000000,0.666667,9.652546,1,1.000000,62.199829,836.749267,0.000000
275,0.283341,0.820714,1.000000,0.666667,8.495136,1,1.000000,61.978392,836.280553,0.000000
276,0.303883,0.854172,1.000000,0.666667,6.931183,1,1.000000,61.630559,835.767576,0.000000
277,0.363242,0.883633,1.000000,0.666667,5.356883,1,1.000000,61.256708,835.188467,0.000000
278,0.325131,0.889444,1.000000,0.666667,5.370371,1,1.000000,61.241433,834.634050,0.000000
279,0.380652,0.889398,1.000000,0.666667,6.957561,1,1.000000,60.924014,834.038400,0.000000
280,0.471789,0.936970,1.000000,0.666667,8.754990,1,1.000000,60.629450,833.352491,0.000000
281,0.427098,0.927985,1.000000,0.666667,9.026130,1,1.000000,60.291993,832.701522,0.000000
282,0.357629,0.918898,1.000000,0.666667,7.356130,1,1.000000,60.062306,832.105720,0.000000
283,0.446439,0.951548,1.000000,0.666667,6.418889,1,1.000000,59.673834,831.431768,0.000000
284,0.449143,0.955273,1.000000,0.666667,5.777964,1,1.000000,59.835762,830.754758,0.000000
285,0.363509,0.914028,1.000000,0.666667,6.987752,1,1.000000,60.221424,830.156965,0.000000
286,0.439698,0.895502,1.000000,0.666667,8.120429,1,1.000000,60.414013,829.516060,0.000000
287,0.387394,0.855372,1.000000,0.666667,8.959791,1,1.000000,60.134337,828.942201,0.000000
288,0.349492,0.857430,1.000000,0.666667,9.532487,1,1.000000,60.421059,828.393014,0.000000
289,0.293046,0.887750,1.000000,0.666667,9.584418,1,1.000000,60.871229,827.864935,0.000000
290,0.292150,0.886596,1.000000,0.666667,9.753583,1,1.000000,61.018063,827.338285,0.000000
291,0.297033,0.900951,1.000000,0.666667,10.557470,1,1.000000,60.782259,826.799357,0.000000
292,0.322346,0.947924,1.000000,0.666667,9.710299,1,1.000000,61.053866,826.219883,0.000000
293,0.361501,0.928327,1.000000,0.666667,8.993570,1,1.000000,61.426939,825.616793,0.000000
294,0.501535,0.911701,1.000000,0.666667,9.209218,1,1.000000,61.577233,824.924461,0.000000
295,0.413725,0.882741,1.000000,0.666667,9.823497,1,1.000000,61.278737,824.310356,0.000000
296,0.385790,0.840170,1.000000,0.666667,9.801277,1,1.000000,62.053123,823.751588,0.000000
297,0.314282,0.822146,1.000000,0.666667,9.849345,1,1.000000,62.509614,823.259196,0.000000
298,0.332922,0.877337,1.000000,0.666667,8.693363,1,1.000000,62.397038,822.706919,0.000000
299,0.424610,0.927626,1.000000,0.666667,6.801730,1,1.000000,62.079765,822.057875,0.000000
300,0.460504,0.927635,1.000000,0.666667,5.744588,1,1.000000,61.956027,821.383932,0.000000
301,0.419486,0.874960,1.000000,0.666667,5.111129,1,1.000000,62.306630,820.771902,0.000000
302,0.611639,0.892870,1.000000,0.666667,5.371337,1,1.000000,62.362495,820.025893,0.000000
303,0.556752,0.933844,1.000000,0.666667,5.979663,1,1.000000,62.321490,819.286153,0.000000
304,0.620565,0.918020,1.000000,0.666667,5.586620,1,1.000000,62.526381,818.516627,0.000000
305,0.642585,0.920911,1.000000,0.666667,5.067727,1,1.000000,62.465346,817.732435,0.000000
306,0.625140,0.905031,1.000000,0.666667,5.101950,1,1.000000,62.672314,816.969158,0.000000
307,0.495835,0.904666,1.000000,0.666667,5.189410,1,1.000000,62.749083,816.285015,0.000000
308,0.529451,0.935832,1.000000,0.666667,6.413940,1,1.000000,63.010474,815.561620,0.000000
309,0.478912,0.990004,1.000000,0.666667,8.294982,1,1.000000,63.104740,814.857495,0.000000
310,0.427180,0.990748,1.000000,0.666667,8.770911,1,1.000000,63.447470,814.189739,0.000000
311,0.241781,0.981879,1.000000,0.666667,9.623090,1,1.000000,63.682676,813.673802,0.000000
312,0.375986,0.957521,1.000000,0.666667,10.339926,1,1.000000,64.053037,813.049489,0.000000
313,0.410081,0.940001,1.000000,0.666667,9.252977,1,1.000000,64.179430,812.405541,0.000000
314,0.339992,0.942102,1.000000,0.666667,8.882586,1,1.000000,63.988364,811.813802,0.000000
315,0.470009,0.912889,1.000000,0.666667,6.983980,1,1.000000,64.201201,811.141430,0.000000
316,0.373769,0.935529,1.000000,0.666667,5.729408,1,1.000000,64.540024,810.526056,0.000000
317,0.386532,0.937105,1.000000,0.666667,5.659975,1,1.000000,64.899743,809.900508,0.000000
318,0.395669,0.947282,1.000000,0.666667,6.803076,1,1.000000,65.122144,809.264488,0.000000
319,0.437476,0.924716,1.000000,0.666667,8.277313,1,1.000000,64.835942,808.607831,0.000000
320,0.365381,0.920858,1.000000,0.666667,8.969978,1,1.000000,64.560115,808.005215,0.000000
321,0.411073,0.924309,1.000000,0.666667,7.986789,1,1.000000,64.781112,807.367387,0.000000
322,0.385189,0.939168,1.000000,0.666667,7.781512,1,1.000000,65.129144,806.742042,0.000000
323,0.354657,0.906113,1.000000,0.666667,8.464558,1,1.000000,65.518821,806.155183,0.000000
324,0.336518,0.926594,1.000000,0.666667,8.983167,1,1.000000,65.811912,805.572165,0.000000
325,0.216419,0.966701,1.000000,0.666667,9.640715,1,1.000000,65.711649,805.082373,0.000000
326,0.211128,0.983003,1.000000,0.666667,9.553842,1,1.000000,66.120836,804.595805,0.000000
327,0.359653,0.958369,1.000000,0.666667,10.343740,1,1.000000,66.475818,803.983823,0.000000
328,0.401317,0.988955,1.000000,0.666667,9.613847,1,1.000000,66.725024,803.335158,0.000000
329,0.471785,0.948422,1.000000,0.666667,8.746343,1,1.000000,66.455796,802.644748,0.000000
330,0.404110,0.926219,1.000000,0.666667,8.771857,1,1.000000,66.125076,802.011015,0.000000
331,0.313210,0.896697,1.000000,0.666667,9.685630,1,1.000000,65.995078,801.461514,0.000000
332,0.417004,0.947238,1.000000,0.666667,8.532014,1,1.000000,66.251752,800.809927,0.000000
333,0.447535,0.930927,1.000000,0.666667,7.906318,1,1.000000,66.014584,800.143316,0.000000
334,0.505218,0.897892,1.000000,0.666667,8.268191,1,1.000000,66.243692,799.457833,0.000000
335,0.606121,0.895897,1.000000,0.666667,9.523832,1,1.000000,66.467399,798.712580,0.000000
336,0.587401,0.926971,1.000000,0.666667,10.198717,1,1.000000,66.624844,797.957536,0.000000
337,0.487995,0.901602,1.000000,0.666667,10.938566,1,1.000000,66.384543,797.280516,0.000000
338,0.696055,0.919057,1.000000,0.666667,10.817323,1,1.000000,66.486832,796.467163,0.000000
339,0.575282,0.959766,1.000000,0.666667,10.512001,1,1.000000,66.171241,795.705532,0.000000
340,0.480311,0.997100,1.000000,0.666667,10.236796,1,1.000000,66.386341,795.000130,0.000000
341,0.478172,0.959374,1.000000,0.666667,9.510461,1,1.000000,66.643555,794.301886,0.000000
342,0.487104,0.967014,1.000000,0.666667,10.232221,1,1.000000,66.857089,793.595621,0.000000
343,0.473570,0.999076,1.000000,0.666667,9.843359,1,1.000000,66.618403,792.894827,0.000000
344,0.400257,0.937249,1.000000,0.666667,9.619159,1,1.000000,66.404506,792.259107,0.000000
345,0.434932,0.960076,1.000000,0.666667,9.201478,1,1.000000,66.649457,791.590771,0.000000
346,0.351361,0.962550,1.000000,0.666667,10.122819,1,1.000000,67.010604,790.984267,0.000000
347,0.315576,0.989855,1.000000,0.666667,10.472621,1,1.000000,67.037855,790.402849,0.000000
348,0.297027,0.962467,1.000000,0.666667,10.171774,1,1.000000,67.451369,789.840686,0.000000
349,0.394214,0.904142,1.000000,0.666667,8.386741,1,1.000000,67.794431,789.225889,0.000000
350,0.387378,0.914767,1.000000,0.666667,7.598842,1,1.000000,68.128060,788.610036,0.000000
351,0.408449,0.915418,1.000000,0.666667,8.176671,1,1.000000,68.052588,787.978638,0.000000
352,0.370443,0.858864,1.000000,0.666667,8.554692,1,1.000000,68.439465,787.413449,0.000000
353,0.437557,0.890366,1.000000,0.666667,9.110253,1,1.000000,68.706334,786.777584,0.000000
354,0.359522,0.939961,1.000000,0.666667,9.674592,1,1.000000,68.754885,786.171374,0.000000
355,0.269264,0.964227,1.000000,0.666667,8.919353,1,1.000000,69.204388,785.632921,0.000000
356,0.253799,0.987844,1.000000,0.666667,8.417381,1,1.000000,69.529584,785.105411,0.000000
357,0.274729,0.964614,1.000000,0.666667,8.459436,1,1.000000,69.973290,784.562062,0.000000
358,0.223725,0.936042,1.000000,0.666667,9.019537,1,1.000000,70.147562,784.072506,0.000000
359,0.177446,0.908100,1.000000,0.666667,9.170766,1,1.000000,70.702705,783.638609,0.000000
360,0.165725,0.857581,1.000000,0.666667,8.520534,1,1.000000,71.149989,783.241965,0.000000
361,0.202519,0.823831,1.000000,0.666667,7.247844,1,1.000000,71.050808,782.834733,0.000000
362,0.237089,0.892064,1.000000,0.666667,7.428907,1,1.000000,70.705211,782.351523,0.000000
363,0.361352,0.898516,1.000000,0.666667,8.906645,1,1.000000,70.382099,781.764093,0.000000
364,0.413456,0.878639,1.000000,0.666667,8.093265,1,1.000000,70.106035,781.153273,0.000000
365,0.406862,0.924892,1.000000,0.666667,8.457194,1,1.000000,69.751230,780.518185,0.000000
366,0.353305,0.924851,1.000000,0.666667,8.500460,1,1.000000,69.535399,779.922896,0.000000
367,0.361070,0.889124,1.000000,0.666667,8.476839,1,1.000000,69.831632,779.341644,0.000000
368,0.285288,0.862389,1.000000,0.666667,9.088739,1,1.000000,69.709908,778.836783,0.000000
369,0.234964,0.908478,1.000000,0.666667,9.695181,1,1.000000,69.487388,778.347362,0.000000
370,0.242825,0.910487,1.000000,0.666667,10.347131,1,1.000000,69.206538,777.849937,0.000000
371,0.335762,0.914802,1.000000,0.666667,10.437079,1,1.000000,69.421767,777.272972,0.000000
372,0.355134,0.929494,1.000000,0.666667,10.370044,1,1.000000,69.810290,776.674253,0.000000
373,0.402478,0.987457,1.000000,0.666667,10.410186,1,1.000000,70.162746,776.024837,0.000000
374,0.454987,0.998267,1.000000,0.666667,10.197812,1,1.000000,70.268653,775.336985,0.000000
375,0.562906,0.996900,1.000000,0.666667,10.489598,1,1.000000,70.125654,774.577103,0.000000
376,0.602541,0.996318,1.000000,0.666667,11.065772,1,1.000000,70.325275,773.792433,0.000000
377,0.515545,0.974536,1.000000,0.666667,10.720359,1,1.000000,70.481382,773.065590,0.000000
378,0.546441,0.960464,1.000000,0.666667,10.484142,1,1.000000,70.708944,772.321985,0.000000
379,0.514218,0.956100,1.000000,0.666667,9.803050,1,1.000000,70.621952,771.600601,0.000000
380,0.446470,0.973655,1.000000,0.666667,10.513404,1,1.000000,70.925881,770.921082,0.000000
381,0.392845,0.973605,1.000000,0.666667,10.253156,1,1.000000,71.148511,770.280572,0.000000
382,0.454839,0.993037,1.000000,0.666667,10.173765,1,1.000000,71.448257,769.592979,0.000000
383,0.505270,0.978673,1.000000,0.666667,9.775209,1,1.000000,71.391444,768.872268,0.000000
384,0.583811,0.972102,1.000000,0.666667,10.380063,1,1.000000,70.716944,768.102132,0.000000
385,0.579439,0.958380,1.000000,0.666667,10.489347,1,1.000000,70.677634,767.338339,0.000000
386,0.515563,0.952162,1.000000,0.666667,11.220952,1,1.000000,70.943153,766.617365,0.000000
387,0.618468,0.955002,1.000000,0.666667,11.046728,1,1.000000,70.775266,765.830811,0.000000
388,0.674222,0.987957,1.000000,0.666667,10.954031,1,1.000000,70.929735,765.003706,0.000000
389,0.688786,0.993270,1.000000,0.666667,10.619641,1,1.000000,70.984244,764.167735,0.000000
390,0.756751,0.970372,1.000000,0.666667,9.815285,1,1.000000,71.098357,763.296954,0.000000
391,0.614720,0.938573,1.000000,0.666667,9.719418,1,1.000000,71.006686,762.519455,0.000000
392,0.635093,0.930767,1.000000,0.666667,10.577800,1,1.000000,70.282471,761.733868,0.000000
393,0.595138,0.917093,1.000000,0.666667,10.475362,1,1.000000,70.226712,760.980005,0.000000
394,0.630810,0.959047,1.000000,0.666667,9.759347,1,1.000000,70.401381,760.184681,0.000000
395,0.571181,0.981134,1.000000,0.666667,9.434773,1,1.000000,70.547092,759.420859,0.000000
396,0.517843,0.981871,1.000000,0.666667,9.389568,1,1.000000,70.790293,758.691348,0.000000
397,0.565276,0.980607,1.000000,0.666667,9.501564,1,1.000000,70.921533,757.931335,0.000000
398,0.638657,0.979168,1.000000,0.666667,9.877836,1,1.000000,70.858399,757.126400,0.000000
399,0.612276,0.991571,1.000000,0.666667,10.357438,1,1.000000,71.068026,756.335981,0.000000
400,0.554557,0.979600,1.000000,0.666667,10.776705,1,1.000000,71.106334,755.582939,0.000000
401,0.487168,0.958481,1.000000,0.666667,9.265131,1,1.000000,71.409015,754.878851,0.000000
402,0.409411,0.962214,1.000000,0.666667,8.828041,1,1.000000,71.513362,754.228402,0.000000
403,0.432187,0.956082,1.000000,0.666667,9.573383,1,1.000000,71.856985,753.563129,0.000000
404,0.453736,0.959282,1.000000,0.666667,9.172476,1,1.000000,71.965137,752.881754,0.000000
405,0.439969,0.993119,1.000000,0.666667,9.616961,1,1.000000,72.290538,752.204685,0.000000
406,0.382299,0.997607,1.000000,0.666667,9.821821,1,1.000000,72.441864,751.569968,0.000000
407,0.316141,0.981555,1.000000,0.666667,9.063535,1,1.000000,72.859133,750.988762,0.000000
408,0.188544,0.982756,1.000000,0.666667,8.173436,1,1.000000,73.142150,750.525123,0.000000
409,0.313168,0.972084,1.000000,0.666667,8.193029,1,1.000000,73.562201,749.947641,0.000000
410,0.296762,0.953864,1.000000,0.666667,8.583923,1,1.000000,73.781886,749.387705,0.000000
411,0.442588,0.946818,1.000000,0.666667,9.409324,1,1.000000,74.105716,748.718058,0.000000
412,0.379398,0.947614,1.000000,0.666667,9.634326,1,1.000000,74.222924,748.094075,0.000000
413,0.380269,0.963090,1.000000,0.666667,9.712106,1,1.000000,74.589974,747.465136,0.000000
414,0.362174,0.979736,1.000000,0.666667,9.347533,1,1.000000,74.755343,746.847168,0.000000
415,0.333970,0.950057,1.000000,0.666667,9.123978,1,1.000000,74.815991,746.257693,0.000000
416,0.344469,0.900862,1.000000,0.666667,9.294826,1,1.000000,75.219360,745.681544,0.000000
417,0.442976,0.913812,1.000000,0.666667,8.025487,1,1.000000,75.410369,745.026905,0.000000
418,0.429470,0.970761,1.000000,0.666667,6.984534,1,1.000000,75.736730,744.360033,0.000000
419,0.418261,0.945392,1.000000,0.666667,6.068886,1,1.000000,75.903611,743.708184,0.000000
420,0.505256,0.923442,1.000000,0.666667,5.843291,1,1.000000,76.188195,743.006634,0.000000
421,0.454121,0.877468,1.000000,0.666667,6.479134,1,1.000000,76.257992,742.369630,0.000000
422,0.438660,0.881822,1.000000,0.666667,7.919921,1,1.000000,76.615332,741.739374,0.000000
423,0.363529,0.882449,1.000000,0.666667,8.527581,1,1.000000,76.831680,741.160880,0.000000
424,0.406148,0.905253,1.000000,0.666667,8.746885,1,1.000000,77.197231,740.536912,0.000000
425,0.494532,0.936973,1.000000,0.666667,10.359147,1,1.000000,77.227353,739.835762,0.000000
426,0.468296,0.939838,1.000000,0.666667,10.015031,1,1.000000,77.255399,739.151014,0.000000
427,0.507699,0.946108,1.000000,0.666667,10.021266,1,1.000000,77.536649,738.437402,0.000000
428,0.448968,0.935110,1.000000,0.666667,9.814758,1,1.000000,77.672377,737.767925,0.000000
429,0.370945,0.932726,1.000000,0.666667,9.270514,1,1.000000,77.658579,737.155814,0.000000
430,0.333334,0.933857,1.000000,0.666667,8.939955,1,1.000000,78.046341,736.572345,0.000000
431,0.350257,0.944105,1.000000,0.666667,10.113969,1,1.000000,78.331703,735.971867,0.000000
432,0.475186,0.968367,1.000000,0.666667,10.811246,1,1.000000,78.605830,735.273416,0.000000
433,0.483610,0.915018,1.000000,0.666667,10.961738,1,1.000000,78.809143,734.590775,0.000000
434,0.507008,0.883941,1.000000,0.666667,11.111178,1,1.000000,79.098947,733.914798,0.000000
435,0.622727,0.886986,1.000000,0.666667,11.071148,1,1.000000,78.942800,733.167398,0.000000
436,0.613877,0.900250,1.000000,0.666667,10.740665,1,1.000000,79.155767,732.414239,0.000000
437,0.547008,0.900516,1.000000,0.666667,10.704409,1,1.000000,79.327295,731.700784,0.000000
438,0.472994,0.902962,1.000000,0.666667,9.786914,1,1.000000,79.376871,731.032648,0.000000
439,0.638937,0.902792,1.000000,0.666667,10.179506,1,1.000000,79.601687,730.263111,0.000000
440,0.572646,0.934129,1.000000,0.666667,9.702149,1,1.000000,79.651709,729.513351,0.000000
441,0.569870,0.955382,1.000000,0.666667,8.908566,1,1.000000,79.449081,728.756505,0.000000
442,0.412071,0.959401,1.000000,0.666667,9.388591,1,1.000000,79.757150,728.104822,0.000000
443,0.459133,0.929967,1.000000,0.666667,9.863700,1,1.000000,79.991937,727.430689,0.000000
444,0.426098,0.883747,1.000000,0.666667,9.230937,1,1.000000,80.323068,726.807404,0.000000
445,0.322264,0.912682,1.000000,0.666667,9.213615,1,1.000000,80.669629,726.242100,0.000000
446,0.425446,0.919794,1.000000,0.666667,8.857547,1,1.000000,80.979471,725.596355,0.000000
447,0.446807,0.948460,1.000000,0.666667,9.744877,1,1.000000,80.860789,724.923178,0.000000
448,0.387185,0.927411,1.000000,0.666667,10.381574,1,1.000000,81.196518,724.301248,0.000000
449,0.384484,0.942522,1.000000,0.666667,10.487759,1,1.000000,81.480304,723.675189,0.000000
450,0.428554,0.944435,1.000000,0.666667,10.439985,1,1.000000,81.562556,723.016317,0.000000
451,0.353249,0.985586,1.000000,0.666667,9.095901,1,1.000000,81.950130,722.404728,0.000000
452,0.454732,0.987729,1.000000,0.666667,9.113973,1,1.000000,82.049065,721.717556,0.000000
453,0.463486,0.987871,1.000000,0.666667,10.143513,1,1.000000,81.825052,721.024251,0.000000
454,0.428803,0.990540,1.000000,0.666667,9.264700,1,1.000000,82.085450,720.355336,0.000000
455,0.454371,0.948086,1.000000,0.666667,9.399088,1,1.000000,82.352336,719.677020,0.000000
456,0.382428,0.911598,1.000000,0.666667,10.447207,1,1.000000,82.664635,719.066491,0.000000
457,0.573642,0.897364,1.000000,0.666667,9.649552,1,1.000000,82.878877,718.339246,0.000000
458,0.545628,0.898730,1.000000,0.666667,9.823811,1,1.000000,83.087347,717.627939,0.000000
459,0.603510,0.919349,1.000000,0.666667,10.632411,1,1.000000,82.822272,716.867666,0.000000
460,0.527035,0.916970,1.000000,0.666667,10.258648,1,1.000000,83.044870,716.155814,0.000000
461,0.672378,0.928831,1.000000,0.666667,10.614185,1,1.000000,83.168901,715.349746,0.000000
462,0.698957,0.961523,1.000000,0.666667,10.176886,1,1.000000,83.087306,714.513867,0.000000
463,0.653971,0.984957,1.000000,0.666667,10.199536,1,1.000000,83.271562,713.698991,0.000000
464,0.733950,0.992550,1.000000,0.666667,9.280819,1,1.000000,83.185423,712.837358,0.000000
465,0.660339,0.969300,1.000000,0.666667,9.681455,1,1.000000,82.859314,712.021613,0.000000
466,0.615840,0.982601,1.000000,0.666667,10.839754,1,1.000000,83.007984,711.229924,0.000000
467,0.665316,0.989726,1.000000,0.666667,10.439081,1,1.000000,83.131020,710.407873,0.000000
468,0.673043,0.987703,1.000000,0.666667,9.370723,1,1.000000,83.049743,709.581481,0.000000
469,0.697513,0.971757,1.000000,0.666667,9.600006,1,1.000000,83.208924,708.743599,0.000000
470,0.659445,0.998573,1.000000,0.666667,10.857406,1,1.000000,83.176001,707.924586,0.000000
471,0.506211,0.986250,1.000000,0.666667,10.790652,1,1.000000,82.981901,707.202300,0.000000
472,0.604444,0.978851,1.000000,0.666667,10.598280,1,1.000000,83.147570,706.418138,0.000000
473,0.705844,0.931337,1.000000,0.666667,10.585010,1,1.000000,83.237971,705.591759,0.000000
474,0.615093,0.871643,1.000000,0.666667,10.504083,1,1.000000,83.440943,704.862832,0.000000
475,0.523978,0.857896,1.000000,0.666667,9.998192,1,1.000000,83.290068,704.200029,0.000000
476,0.684960,0.855412,1.000000,0.666667,9.958024,1,1.000000,83.468987,703.450557,0.000000
477,0.539881,0.850206,1.000000,0.666667,10.825074,1,1.000000,83.709580,702.786341,0.000000
478,0.574632,0.853641,1.000000,0.666667,10.251709,1,1.000000,83.770662,702.098614,0.000000
479,0.550130,0.856539,1.000000,0.666667,10.352868,1,1.000000,84.077486,701.421856,0.000000
480,0.658717,0.886318,1.000000,0.666667,9.640097,1,1.000000,84.056091,700.654859,0.000000
481,0.522895,0.932851,1.000000,0.666667,9.426381,1,1.000000,83.787087,699.937085,0.000000
482,0.603820,0.908709,1.000000,0.666667,9.926325,1,1.000000,83.944369,699.183625,0.000000
483,0.487525,0.867507,1.000000,0.666667,9.927102,1,1.000000,84.231260,698.533862,0.000000
484,0.423038,0.859145,1.000000,0.666667,10.080993,1,1.000000,84.381261,697.932826,0.000000
485,0.485762,0.857880,1.000000,0.666667,10.594827,1,1.000000,84.726614,697.293120,0.000000
486,0.504149,0.877099,1.000000,0.666667,10.761547,1,1.000000,84.806407,696.624608,0.000000
487,0.527328,0.888864,1.000000,0.666667,10.685701,1,1.000000,84.545571,695.932083,0.000000
488,0.477042,0.892426,1.000000,0.666667,9.527585,1,1.000000,84.787164,695.268632,0.000000
489,0.504065,0.901981,1.000000,0.666667,9.348260,1,1.000000,85.044938,694.581013,0.000000
490,0.497973,0.887634,1.000000,0.666667,9.705200,1,1.000000,85.275071,693.907777,0.000000
491,0.370982,0.901911,1.000000,0.666667,9.178896,1,1.000000,85.626743,693.311184,0.000000
492,0.455317,0.888125,1.000000,0.666667,9.927911,1,1.000000,85.883999,692.665114,0.000000
493,0.539926,0.885957,1.000000,0.666667,10.386643,1,1.000000,85.628647,691.967222,0.000000
494,0.389158,0.886951,1.000000,0.666667,10.335850,1,1.000000,85.938577,691.367185,0.000000
495,0.464286,0.936162,1.000000,0.666667,11.013547,1,1.000000,86.203726,690.686723,0.000000
496,0.488869,0.905313,1.000000,0.666667,10.860580,1,1.000000,86.288252,690.006659,0.000000
497,0.578228,0.924672,1.000000,0.666667,10.258020,1,1.000000,86.530486,689.258483,0.000000
498,0.597676,0.915513,1.000000,0.666667,10.687125,1,1.000000,86.518254,688.504107,0.000000
499,0.604545,0.923139,1.000000,0.666667,10.642903,1,1.000000,86.106305,687.740927,0.000000
500,0.610399,0.932805,1.000000,0.666667,10.665043,1,1.000000,86.203845,686.968886,0.000000
501,0.672937,0.933146,1.000000,0.666667,10.713576,1,1.000000,86.363563,686.160091,0.000000
502,0.687349,0.937685,1.000000,0.666667,10.617422,1,1.000000,86.307941,685.340701,0.000000
503,0.626606,0.919677,1.000000,0.666667,10.750943,1,1.000000,86.522151,684.566581,0.000000
504,0.631770,0.921608,1.000000,0.666667,10.643984,1,1.000000,86.489089,683.788244,0.000000
505,0.615480,0.900243,1.000000,0.666667,10.943123,1,1.000000,86.149301,683.034157,0.000000
506,0.659771,0.835518,1.000000,0.666667,10.645330,1,1.000000,86.318334,682.321782,0.000000
507,0.580015,0.804844,1.000000,0.666667,10.001436,1,1.000000,86.618275,681.691288,0.000000
508,0.606571,0.801552,1.000000,0.666667,10.676442,1,1.000000,86.720155,681.052025,0.000000
509,0.588604,0.838071,1.000000,0.666667,10.277703,1,1.000000,87.019978,680.374104,0.000000
510,0.558077,0.817797,1.000000,0.666667,10.550693,1,1.000000,87.114657,679.737782,0.000000
511,0.580010,0.805938,1.000000,0.666667,9.798945,1,1.000000,86.943566,679.105771,0.000000
512,0.578083,0.799431,1.000000,0.666667,10.170020,1,1.000000,86.735941,678.483882,0.000000
513,0.602394,0.817413,1.000000,0.666667,10.537793,1,1.000000,86.963997,677.824700,0.000000
514,0.566834,0.831462,1.000000,0.666667,10.607612,1,1.000000,87.238121,677.166575,0.000000
515,0.622498,0.856539,1.000000,0.666667,10.537453,1,1.000000,87.313089,676.449143,0.000000
516,0.695927,0.856854,1.000000,0.666667,10.695315,1,1.000000,87.532007,675.692313,0.000000
517,0.680910,0.889558,1.000000,0.666667,10.411805,1,1.000000,87.443887,674.910216,0.000000
518,0.555863,0.877125,1.000000,0.666667,10.206603,1,1.000000,87.127067,674.210320,0.000000
519,0.585967,0.854074,1.000000,0.666667,9.972686,1,1.000000,87.307084,673.515752,0.000000
520,0.661665,0.829325,1.000000,0.666667,10.681243,1,1.000000,87.544503,672.810416,0.000000
521,0.538193,0.808550,1.000000,0.666667,10.804026,1,1.000000,87.723164,672.196819,0.000000
522,0.495691,0.805016,1.000000,0.666667,10.861787,1,1.000000,88.110261,671.610966,0.000000
523,0.579894,0.829811,1.000000,0.666667,10.147307,1,1.000000,88.128925,670.947756,0.000000
524,0.721604,0.877124,1.000000,0.666667,10.488636,1,1.000000,87.625613,670.155672,0.000000
525,0.592145,0.882579,1.000000,0.666667,11.120035,1,1.000000,87.258195,669.429677,0.000000
526,0.463870,0.904835,1.000000,0.666667,10.553515,1,1.000000,87.467671,668.766359,0.000000
527,0.511792,0.906652,1.000000,0.666667,10.516987,1,1.000000,87.706549,668.070670,0.000000
528,0.510851,0.890579,1.000000,0.666667,10.071437,1,1.000000,87.935239,667.387048,0.000000
529,0.431190,0.860367,1.000000,0.666667,9.482898,1,1.000000,88.165480,666.779580,0.000000
530,0.360957,0.844515,1.000000,0.666667,9.840473,1,1.000000,88.587616,666.233552,0.000000
531,0.388478,0.876504,1.000000,0.666667,9.378369,1,1.000000,88.634322,665.641608,0.000000
532,0.338741,0.923438,1.000000,0.666667,9.901267,1,1.000000,89.029678,665.058232,0.000000
533,0.501081,0.966777,1.000000,0.666667,9.459737,1,1.000000,89.179769,664.342622,0.000000
534,0.484947,0.988759,1.000000,0.666667,9.764810,1,1.000000,89.454986,663.634462,0.000000
535,0.425425,0.961498,1.000000,0.666667,9.370552,1,1.000000,89.429351,662.972563,0.000000
536,0.498722,0.912637,1.000000,0.666667,8.707277,1,1.000000,89.709687,662.281470,0.000000
537,0.368553,0.917602,1.000000,0.666667,9.343202,1,1.000000,89.986493,661.678066,0.000000
538,0.398578,0.918574,1.000000,0.666667,8.879243,1,1.000000,90.232519,661.052088,0.000000
539,0.463692,0.914640,1.000000,0.666667,9.755441,1,1.000000,90.529891,660.382913,0.000000
540,0.434182,0.880693,1.000000,0.666667,9.633164,1,1.000000,90.504263,659.756511,0.000000
541,0.389113,0.861043,1.000000,0.666667,10.171117,1,1.000000,90.264003,659.176564,0.000000
542,0.480379,0.850280,1.000000,0.666667,10.286472,1,1.000000,90.487373,658.547619,0.000000
543,0.419732,0.822857,1.000000,0.666667,10.615773,1,1.000000,90.877077,657.984888,0.000000
544,0.445232,0.842216,1.000000,0.666667,10.788448,1,1.000000,91.128891,657.385797,0.000000
545,0.544499,0.829143,1.000000,0.666667,10.662287,1,1.000000,91.437153,656.742776,0.000000
546,0.612628,0.862079,1.000000,0.666667,10.746200,1,1.000000,91.568881,656.024869,0.000000
547,0.571067,0.886328,1.000000,0.666667,10.865258,1,1.000000,91.277761,655.307992,0.000000
548,0.647005,0.859369,1.000000,0.666667,10.278819,1,1.000000,91.433746,654.574186,0.000000
549,0.683699,0.903511,1.000000,0.666667,9.568888,1,1.000000,91.576920,653.778915,0.000000
550,0.519778,0.913195,1.000000,0.666667,10.225604,1,1.000000,91.723248,653.073962,0.000000
551,0.527868,0.905364,1.000000,0.666667,10.976369,1,1.000000,91.353914,652.368976,0.000000
552,0.403887,0.921127,1.000000,0.666667,11.156806,1,1.000000,90.954724,651.737872,0.000000
553,0.452483,0.904566,1.000000,0.666667,10.809051,1,1.000000,91.103266,651.082347,0.000000
554,0.452926,0.907062,1.000000,0.666667,10.329539,1,1.000000,91.433060,650.424955,0.000000
555,0.534750,0.911538,1.000000,0.666667,11.034975,1,1.000000,91.530410,649.711591,0.000000
556,0.332673,0.921727,1.000000,0.666667,10.422991,1,1.000000,91.216666,649.133747,0.000000
557,0.319244,0.939325,1.000000,0.666667,10.180468,1,1.000000,91.470169,648.559576,0.000000
558,0.282002,0.917310,1.000000,0.666667,9.990774,1,1.000000,91.926038,648.025005,0.000000
559,0.324596,0.891252,1.000000,0.666667,9.778284,1,1.000000,92.201729,647.469865,0.000000
560,0.334077,0.851561,1.000000,0.666667,8.608131,1,1.000000,92.656895,646.936656,0.000000
561,0.225752,0.868573,1.000000,0.666667,7.509252,2,0.700000,92.878791,646.477215,0.000000
562,0.265561,0.857072,1.000000,0.666667,7.424267,2,0.700000,93.381895,645.992003,0.000000
563,0.315722,0.834054,1.000000,0.666667,7.944359,2,0.700000,93.808524,645.487396,0.000000
564,0.280441,0.888798,1.000000,0.666667,9.561240,2,0.700000,94.229056,644.968949,0.000000
565,0.218381,0.921162,1.000000,0.666667,9.591046,2,0.700000,94.257216,644.489620,0.000000
566,0.158379,0.923102,1.000000,0.666667,9.012690,2,0.700000,94.780653,644.070371,0.000000
567,0.202290,0.946981,1.000000,0.666667,8.958475,2,0.700000,95.262335,643.598573,0.000000
568,0.308513,0.919219,1.000000,0.666667,9.902053,2,0.700000,95.644711,643.041185,0.000000
569,0.414010,0.892881,1.000000,0.666667,10.015991,2,0.700000,95.954745,642.419642,0.000000
570,0.402730,0.913467,1.000000,0.666667,8.893492,2,0.700000,95.818713,641.793386,0.000000
571,0.488705,0.944681,1.000000,0.666667,8.719106,2,0.700000,96.054028,641.092927,0.000000
572,0.533485,0.912071,1.000000,0.666667,9.910477,2,0.700000,96.276168,640.380017,0.000000
573,0.591294,0.914981,1.000000,0.666667,10.805925,2,0.700000,96.458593,639.629798,0.000000
574,0.399386,0.930474,1.000000,0.666667,10.887141,2,0.700000,96.322065,638.997553,0.000000
575,0.557211,0.885160,1.000000,0.666667,11.087740,2,0.700000,96.058245,638.289899,0.000000
576,0.556748,0.924712,1.000000,0.666667,10.376267,2,0.700000,96.238333,637.554931,0.000000
577,0.478426,0.962671,1.000000,0.666667,9.160653,2,0.700000,96.497168,636.855623,0.000000
578,0.548887,0.972457,1.000000,0.666667,9.502796,2,0.700000,96.687951,636.107481,0.000000
579,0.467515,0.998717,1.000000,0.666667,10.287672,2,0.700000,96.500358,635.410877,0.000000
580,0.357024,0.940121,1.000000,0.666667,10.178367,2,0.700000,96.262465,634.806531,0.000000
581,0.402641,0.952576,1.000000,0.666667,8.694788,2,0.700000,96.030799,634.163684,0.000000
582,0.418236,0.966286,1.000000,0.666667,8.285829,2,0.700000,96.276500,633.505852,0.000000
583,0.354847,0.968396,1.000000,0.666667,9.475052,2,0.700000,96.650339,632.895395,0.000000
584,0.274413,0.971333,1.000000,0.666667,9.026443,2,0.700000,97.080778,632.351165,0.000000
585,0.187063,0.931817,1.000000,0.666667,8.089052,2,0.700000,97.235733,631.898959,0.000000
586,0.226347,0.845056,1.000000,0.666667,7.995121,2,0.700000,97.275606,631.455108,0.000000
587,0.264507,0.826194,1.000000,0.666667,8.787140,2,0.700000,97.760805,630.995609,0.000000
588,0.249654,0.836309,1.000000,0.666667,8.060114,2,0.700000,98.265290,630.539255,0.000000
589,0.223033,0.802968,1.000000,0.666667,8.244577,2,0.700000,98.792860,630.132829,0.000000
590,0.238883,0.786188,1.000000,0.666667,9.307398,2,0.700000,98.862442,629.730365,0.000000
591,0.198642,0.806559,1.000000,0.666667,9.249064,2,0.700000,98.694234,629.340588,0.000000
592,0.205553,0.843486,1.000000,0.666667,9.989691,2,0.700000,99.069867,628.915914,0.000000
593,0.204215,0.843409,1.000000,0.666667,8.853664,2,0.700000,99.650891,628.492480,0.000000
594,0.227966,0.843490,1.000000,0.666667,8.111537,2,0.700000,100.193205,628.048417,0.000000
595,0.353705,0.887152,1.000000,0.666667,8.706348,2,0.700000,100.503522,627.473901,0.000000
596,0.431215,0.910732,1.000000,0.666667,10.367724,2,0.700000,100.233931,626.829135,0.000000
597,0.389644,0.899918,1.000000,0.666667,10.579743,2,0.700000,99.705197,626.220190,0.000000
598,0.525971,0.898755,1.000000,0.666667,9.967790,2,0.700000,99.056195,625.521016,0.000000
599,0.442482,0.903822,1.000000,0.666667,10.365299,2,0.700000,98.533996,624.872725,0.000000
600,0.438168,0.923972,1.000000,0.666667,10.506408,2,0.700000,98.614846,624.215953,0.000000
601,0.390692,0.977080,1.000000,0.666667,9.153000,2,0.700000,98.871748,623.576518,0.000000
602,0.433341,0.978054,1.000000,0.666667,9.055496,2,0.700000,98.608812,622.905634,0.000000
603,0.420796,0.911533,1.000000,0.666667,9.567795,2,0.700000,98.868602,622.267662,0.000000
604,0.413162,0.913036,1.000000,0.666667,9.846499,2,0.700000,99.211280,621.634217,0.000000
605,0.352013,0.864617,1.000000,0.666667,9.493373,2,0.700000,99.525354,621.077385,0.000000
606,0.284024,0.842887,1.000000,0.666667,10.290884,2,0.700000,100.011045,620.588681,0.000000
607,0.346398,0.839216,1.000000,0.666667,10.425795,2,0.700000,100.393040,620.057606,0.000000
608,0.306141,0.788288,1.000000,0.666667,10.294341,2,0.700000,100.387368,619.605996,0.000000
609,0.307582,0.783849,1.000000,0.666667,10.559590,2,0.700000,100.851106,619.158421,0.000000
610,0.274201,0.801839,1.000000,0.666667,10.438115,2,0.700000,100.857340,618.714562,0.000000
611,0.358031,0.747649,1.000000,0.666667,9.745661,2,0.700000,100.619568,618.282073,0.000000
612,0.491626,0.756793,1.000000,0.666667,10.565325,2,0.700000,100.875596,617.766962,0.000000
613,0.475240,0.747698,1.000000,0.666667,10.347909,2,0.700000,101.360241,617.274010,0.000000
614,0.574186,0.780025,1.000000,0.666667,8.888558,2,0.700000,101.667790,616.682748,0.000000
615,0.524657,0.803453,1.000000,0.666667,8.908505,2,0.700000,101.955136,616.083168,0.000000
616,0.486836,0.791738,1.000000,0.666667,10.391252,2,0.700000,101.793570,615.519727,0.000000
617,0.475407,0.826705,1.000000,0.666667,10.153080,2,0.700000,101.282392,614.919056,0.000000
618,0.527319,0.858727,1.000000,0.666667,9.740428,2,0.700000,101.324710,614.253435,0.000000
619,0.466004,0.889964,1.000000,0.666667,9.291675,2,0.700000,101.655528,613.598977,0.000000
620,0.483598,0.884716,1.000000,0.666667,9.501774,2,0.700000,101.961515,612.937154,0.000000
621,0.543808,0.865902,1.000000,0.666667,10.377599,2,0.700000,102.138201,612.254777,0.000000
622,0.484339,0.897331,1.000000,0.666667,10.530096,2,0.700000,101.818113,611.583070,0.000000
623,0.451806,0.891297,1.000000,0.666667,10.370833,2,0.700000,101.325000,610.936996,0.000000
624,0.443148,0.880083,1.000000,0.666667,9.445306,2,0.700000,101.441763,610.305103,0.000000
625,0.417832,0.838284,1.000000,0.666667,9.074913,2,0.700000,101.840627,609.727295,0.000000
626,0.265216,0.831337,1.000000,0.666667,9.188453,2,0.700000,102.344737,609.262797,0.000000
627,0.389365,0.897569,1.000000,0.666667,8.892676,2,0.700000,102.386073,608.655527,0.000000
628,0.452874,0.856614,1.000000,0.666667,9.651606,2,0.700000,102.253056,608.037546,0.000000
629,0.368056,0.886758,1.000000,0.666667,10.181858,2,0.700000,102.600822,607.452773,0.000000
630,0.436783,0.918131,1.000000,0.666667,9.892956,2,0.700000,102.875842,606.800001,0.000000
631,0.484426,0.983923,1.000000,0.666667,10.089611,2,0.700000,103.111347,606.092657,0.000000
632,0.435568,0.993347,1.000000,0.666667,10.100699,2,0.700000,102.953910,605.418725,0.000000
633,0.416486,0.980408,1.000000,0.666667,10.367047,2,0.700000,103.244289,604.759719,0.000000
634,0.490506,0.981001,1.000000,0.666667,9.293689,2,0.700000,103.467460,604.048603,0.000000
635,0.466021,0.980614,1.000000,0.666667,9.444404,2,0.700000,103.722208,603.354319,0.000000
636,0.528557,0.997568,1.000000,0.666667,10.455493,2,0.700000,103.507323,602.616593,0.000000
637,0.523238,0.992173,1.000000,0.666667,10.796964,2,0.700000,103.723160,601.882560,0.000000
638,0.602548,0.996752,1.000000,0.666667,10.548998,2,0.700000,103.470438,601.097874,0.000000
639,0.594562,0.974031,1.000000,0.666667,9.789641,2,0.700000,103.064240,600.320672,0.000000
640,0.544460,0.960503,1.000000,0.666667,8.133602,2,0.700000,103.206139,599.578322,0.000000
641,0.502723,0.958539,1.000000,0.666667,7.544167,2,0.700000,103.467692,598.863795,0.000000
642,0.480878,0.983639,1.000000,0.666667,8.287701,2,0.700000,103.649463,598.158906,0.000000
643,0.461420,0.992219,1.000000,0.666667,8.794270,2,0.700000,103.363211,597.466746,0.000000
644,0.397397,0.960574,1.000000,0.666667,9.063530,2,0.700000,103.079364,596.825561,0.000000
645,0.483375,0.935062,1.000000,0.666667,9.141678,2,0.700000,103.266742,596.132688,0.000000
646,0.484641,0.934635,1.000000,0.666667,10.037477,2,0.700000,103.556291,595.439162,0.000000
647,0.444102,0.944104,1.000000,0.666667,11.292632,2,0.700000,103.722400,594.769439,0.000000
648,0.481570,0.966436,1.000000,0.666667,11.097790,2,0.700000,104.014940,594.067063,0.000000
649,0.635774,0.949550,1.000000,0.666667,11.322387,2,0.700000,104.203570,593.272207,0.000000
650,0.565921,0.944789,1.000000,0.666667,11.131018,2,0.700000,104.332463,592.521790,0.000000
651,0.563782,0.957009,1.000000,0.666667,10.236257,2,0.700000,104.561818,591.768231,0.000000
652,0.420829,0.989042,1.000000,0.666667,9.478556,2,0.700000,104.776285,591.105198,0.000000
653,0.391133,0.999885,1.000000,0.666667,8.958347,2,0.700000,105.115423,590.463771,0.000000
654,0.349751,0.963969,1.000000,0.666667,8.180580,2,0.700000,105.140164,589.858219,0.000000
655,0.334617,0.971920,1.000000,0.666667,9.143957,2,0.700000,105.529287,589.263215,0.000000
656,0.419370,0.983974,1.000000,0.666667,10.909961,2,0.700000,105.751701,588.601691,0.000000
657,0.362311,0.948657,1.000000,0.666667,9.704628,2,0.700000,106.121318,587.990394,0.000000
658,0.476815,0.966012,1.000000,0.666667,9.801929,2,0.700000,106.044995,587.291361,0.000000
659,0.604593,0.946319,1.000000,0.666667,10.971939,2,0.700000,106.256044,586.516511,0.000000
660,0.520871,0.927203,1.000000,0.666667,10.409920,2,0.700000,106.455507,585.802870,0.000000
661,0.506628,0.923462,1.000000,0.666667,8.873834,2,0.700000,106.658408,585.100414,0.000000
662,0.511938,0.927919,1.000000,0.666667,8.370451,2,0.700000,106.939017,584.392167,0.000000
663,0.426980,0.923049,1.000000,0.666667,9.105568,2,0.700000,106.935936,583.743674,0.000000
664,0.416160,0.938601,1.000000,0.666667,10.269443,2,0.700000,107.266834,583.095885,0.000000
665,0.432680,0.972365,1.000000,0.666667,8.348003,2,0.700000,107.199635,582.426408,0.000000
666,0.552437,0.953592,1.000000,0.666667,7.195990,2,0.700000,107.436840,581.681158,0.000000
667,0.477326,0.908572,1.000000,0.666667,6.218648,2,0.700000,107.707221,581.006556,0.000000
668,0.382479,0.938118,1.000000,0.666667,6.040840,2,0.700000,107.997669,580.383630,0.000000
669,0.401009,0.984238,1.000000,0.666667,6.801670,2,0.700000,108.319242,579.735598,0.000000
670,0.305730,0.970168,1.000000,0.666667,8.348803,2,0.700000,108.326141,579.164639,0.000000
671,0.437036,0.994800,1.000000,0.666667,10.283820,2,0.700000,108.621124,578.489598,0.000000
672,0.557653,0.992374,1.000000,0.666667,8.598010,2,0.700000,108.453845,577.733244,0.000000
673,0.512097,0.979288,1.000000,0.666667,7.241732,2,0.700000,108.698698,577.007897,0.000000
674,0.675664,0.974539,1.000000,0.666667,7.115630,2,0.700000,108.780814,576.182004,0.000000
675,0.623627,0.993363,1.000000,0.666667,8.276685,2,0.700000,108.421550,575.384573,0.000000
676,0.614003,0.998689,1.000000,0.666667,9.435626,2,0.700000,107.933617,574.592829,0.000000
677,0.622426,0.973268,1.000000,0.666667,10.677051,2,0.700000,107.992346,573.798757,0.000000
678,0.481792,0.991871,1.000000,0.666667,10.634605,2,0.700000,108.276459,573.092541,0.000000
679,0.574459,0.962514,1.000000,0.666667,10.636708,2,0.700000,108.182278,572.330618,0.000000
680,0.671038,0.937058,1.000000,0.666667,10.232173,2,0.700000,107.798946,571.520853,0.000000
681,0.652600,0.933202,1.000000,0.666667,9.883974,2,0.700000,107.905883,570.723734,0.000000
682,0.511803,0.936199,1.000000,0.666667,10.405327,2,0.700000,108.145902,570.011576,0.000000
683,0.378011,0.921060,1.000000,0.666667,10.632142,2,0.700000,108.410261,569.399412,0.000000
684,0.435248,0.896878,1.000000,0.666667,10.593694,2,0.700000,108.734897,568.760576,0.000000
685,0.462866,0.908103,1.000000,0.666667,9.826893,2,0.700000,108.669455,568.095862,0.000000
686,0.569390,0.913901,1.000000,0.666667,9.880943,2,0.700000,108.897831,567.359574,0.000000
687,0.479084,0.970286,1.000000,0.666667,10.139236,2,0.700000,109.078205,566.658048,0.000000
688,0.480701,0.972079,1.000000,0.666667,9.534323,2,0.700000,108.806857,565.955058,0.000000
689,0.533464,0.945047,1.000000,0.666667,9.470132,2,0.700000,108.388051,565.225103,0.000000
690,0.466560,0.958482,1.000000,0.666667,9.340224,2,0.700000,108.551063,564.535061,0.000000
691,0.470774,0.944654,1.000000,0.666667,7.604597,2,0.700000,108.182103,563.846719,0.000000
692,0.524841,0.957178,1.000000,0.666667,7.058654,2,0.700000,107.673536,563.118045,0.000000
693,0.541143,0.954666,1.000000,0.666667,6.962712,2,0.700000,107.735644,562.379640,0.000000
694,0.539385,0.944617,1.000000,0.666667,6.979734,2,0.700000,108.005299,561.646063,0.000000
695,0.431637,0.978359,1.000000,0.666667,7.397730,2,0.700000,108.135538,560.976358,0.000000
696,0.368364,0.992414,1.000000,0.666667,8.494784,2,0.700000,107.866110,560.352501,0.000000
697,0.421854,0.971101,1.000000,0.666667,9.459507,2,0.700000,108.070527,559.691060,0.000000
698,0.316635,0.936744,1.000000,0.666667,9.234914,2,0.700000,108.481935,559.119921,0.000000
699,0.320812,0.920645,1.000000,0.666667,9.728232,2,0.700000,108.792587,558.551973,0.000000
700,0.354023,0.919057,1.000000,0.666667,10.324767,2,0.700000,109.189096,557.958833,0.000000
701,0.315172,0.940692,1.000000,0.666667,9.144853,2,0.700000,109.462621,557.387507,0.000000
702,0.347268,0.960340,1.000000,0.666667,8.766839,2,0.700000,109.849786,556.784737,0.000000
703,0.345322,0.982400,1.000000,0.666667,9.712185,2,0.700000,110.091539,556.179738,0.000000
704,0.235642,0.985315,1.000000,0.666667,10.408302,2,0.700000,109.894292,555.669282,0.000000
705,0.278159,0.959433,1.000000,0.666667,10.458301,2,0.700000,110.201323,555.123990,0.000000
706,0.268741,0.998248,1.000000,0.666667,10.851331,2,0.700000,110.648629,554.582596,0.000000
707,0.266324,0.978026,1.000000,0.666667,10.640211,2,0.700000,110.967653,554.044639,0.000000
708,0.260749,0.940293,1.000000,0.666667,11.344233,2,0.700000,110.866906,553.519781,0.000000
709,0.390290,0.903060,1.000000,0.666667,10.702807,2,0.700000,110.591303,552.908443,0.000000
710,0.503792,0.859089,1.000000,0.666667,10.257644,2,0.700000,110.819272,552.256550,0.000000
711,0.597503,0.844704,1.000000,0.666667,10.557083,2,0.700000,111.136435,551.566006,0.000000
712,0.564285,0.889960,1.000000,0.666667,9.788313,2,0.700000,111.274419,550.850161,0.000000
713,0.522409,0.899226,1.000000,0.666667,10.385193,2,0.700000,111.418300,550.152868,0.000000
714,0.381908,0.924474,1.000000,0.666667,11.402406,2,0.700000,111.805384,549.536185,0.000000
715,0.326686,0.909057,1.000000,0.666667,11.095089,2,0.700000,111.949539,548.969240,0.000000
716,0.498217,0.901076,1.000000,0.666667,10.533369,2,0.700000,112.277712,548.285976,0.000000
717,0.523232,0.868933,1.000000,0.666667,9.967130,2,0.700000,112.452858,547.613017,0.000000
718,0.408456,0.837867,1.000000,0.666667,10.583428,2,0.700000,112.898364,547.041637,0.000000
719,0.313434,0.767550,1.000000,0.666667,10.062178,2,0.700000,113.197110,546.609453,0.000000
720,0.332339,0.746969,1.000000,0.666667,10.469207,2,0.700000,113.322361,546.192249,0.000000
721,0.370679,0.789305,1.000000,0.666667,10.526871,2,0.700000,113.810386,545.698454,0.000000
722,0.290585,0.776181,1.000000,0.666667,10.442435,3,0.400000,113.942074,545.270729,0.000000
723,0.338518,0.842136,1.000000,0.666667,10.470304,3,0.400000,114.397752,544.742527,0.000000
724,0.414488,0.838420,1.000000,0.666667,11.164568,3,0.400000,114.786466,544.166713,0.000000
725,0.292536,0.811745,1.000000,0.666667,11.180033,3,0.400000,115.309560,543.699876,0.000000
726,0.300894,0.815237,1.000000,0.666667,11.236723,2,0.700000,115.414163,543.223659,0.000000
727,0.268993,0.861054,1.000000,0.666667,10.324951,3,0.400000,115.315667,542.732771,0.000000
728,0.360162,0.892809,1.000000,0.666667,9.715674,3,0.400000,115.644951,542.149775,0.000000
729,0.398976,0.926440,1.000000,0.666667,10.452342,3,0.400000,116.020671,541.519653,0.000000
730,0.339046,0.956241,1.000000,0.666667,11.249703,3,0.400000,116.325205,540.924418,0.000000
731,0.325406,0.961087,1.000000,0.666667,10.865922,3,0.400000,116.298273,540.338991,0.000000
732,0.438365,0.916049,1.000000,0.666667,10.582905,3,0.400000,116.637829,539.686259,0.000000
733,0.521467,0.916985,1.000000,0.666667,10.449518,3,0.400000,116.886446,538.977927,0.000000
734,0.485219,0.901776,1.000000,0.666667,10.684937,3,0.400000,117.212000,538.302577,0.000000
735,0.551358,0.937052,1.000000,0.666667,10.271429,3,0.400000,117.424230,537.564686,0.000000
736,0.428867,0.943490,1.000000,0.666667,10.826393,3,0.400000,117.752493,536.905935,0.000000
737,0.257371,0.904941,1.000000,0.666667,10.470081,3,0.400000,117.837191,536.398267,0.000000
738,0.264293,0.869044,1.000000,0.666667,10.700223,3,0.400000,118.352599,535.905650,0.000000
739,0.175344,0.894113,1.000000,0.666667,10.625044,3,0.400000,118.869431,535.479951,0.000000
740,0.124931,0.864599,1.000000,0.666667,9.872586,3,0.400000,119.509823,535.122354,0.000000
741,0.125169,0.894920,1.000000,0.666667,9.983686,3,0.400000,119.739796,534.750702,0.000000
742,0.108963,0.867733,1.000000,0.666667,10.549710,3,0.400000,120.400503,534.409992,0.000000
743,0.096631,0.910277,1.000000,0.666667,10.619196,3,0.400000,120.987383,534.068023,0.000000
744,0.117544,0.898940,1.000000,0.666667,10.541866,3,0.400000,121.619849,533.703815,0.000000
745,0.227531,0.886233,1.000000,0.666667,9.297070,3,0.400000,121.775315,533.232321,0.000000
746,0.177106,0.923167,1.000000,0.666667,9.111801,3,0.400000,122.337348,532.793165,0.000000
747,0.240689,0.976135,1.000000,0.666667,8.320351,3,0.400000,122.739423,532.278861,0.000000
748,0.247367,0.983998,1.000000,0.666667,7.674708,3,0.400000,123.194204,531.757548,0.000000
749,0.145773,0.976037,1.000000,0.666667,8.258259,3,0.400000,123.398996,531.341300,0.000000
750,0.152806,0.989249,1.000000,0.666667,8.877424,3,0.400000,124.617564,530.916047,0.000000
751,0.174526,0.972857,1.000000,0.666667,10.395275,3,0.400000,125.383748,530.468188,0.000000
752,0.222214,0.928881,1.000000,0.666667,9.640309,3,0.400000,125.578361,529.982422,0.000000
753,0.136630,0.900240,1.000000,0.666667,9.221728,3,0.400000,126.364739,529.595513,0.000000
754,0.124178,0.886197,1.000000,0.666667,10.192827,3,0.400000,127.618616,529.228632,0.000000
755,0.140122,0.878151,1.000000,0.666667,10.155976,3,0.400000,128.941083,528.847511,0.000000
756,0.148751,0.858898,1.000000,0.666667,9.724945,3,0.400000,130.205427,528.467295,0.000000
757,0.218420,0.946386,1.000000,0.666667,10.299185,3,0.400000,131.115739,527.979844,0.000000
758,0.140226,0.963636,1.000000,0.666667,10.800028,3,0.400000,131.279847,527.571565,0.000000
759,0.150466,0.993067,1.000000,0.666667,11.264380,3,0.400000,131.252756,527.148837,0.000000
760,0.127187,0.924866,1.000000,0.666667,11.060694,3,0.400000,131.216183,526.764467,0.000000
761,0.238417,0.892623,1.000000,0.666667,10.692477,3,0.400000,131.220014,526.279769,0.000000
762,0.171436,0.881701,1.000000,0.666667,10.143991,3,0.400000,131.834112,525.864047,0.000000
763,0.113515,0.842480,1.000000,0.666667,9.979661,3,0.400000,132.957698,525.531154,0.000000
764,0.113469,0.902445,1.000000,0.666667,10.904798,3,0.400000,134.326018,525.170585,0.000000
765,0.131262,0.892451,1.000000,0.666667,11.161580,3,0.400000,135.469118,524.792924,0.000000
766,0.122157,0.887004,1.000000,0.666667,10.763190,3,0.400000,136.844242,524.428044,0.000000
767,0.124525,0.934035,1.000000,0.666667,10.071657,3,0.400000,138.008582,524.044371,0.000000
768,0.187210,0.923710,1.000000,0.666667,10.349928,3,0.400000,138.658708,523.594663,0.000000
769,0.292343,0.917675,1.000000,0.666667,8.832184,3,0.400000,138.733799,523.051260,0.000000
770,0.218363,0.910517,1.000000,0.666667,8.101620,3,0.400000,138.592515,522.576262,0.000000
771,0.121612,0.893783,1.000000,0.666667,8.732607,3,0.400000,138.444497,522.209226,0.000000
772,0.163250,0.867061,1.000000,0.666667,9.036346,3,0.400000,139.007376,521.809576,0.000000
773,0.221341,0.861525,1.000000,0.666667,9.400830,3,0.400000,140.224960,521.358565,0.000000
774,0.253182,0.882370,1.000000,0.666667,9.221718,3,0.400000,141.726118,520.866800,0.000000
775,0.310167,0.903108,1.000000,0.666667,8.634201,3,0.400000,143.220723,520.316105,0.000000
776,0.321158,0.916402,1.000000,0.666667,9.520062,3,0.400000,144.738620,519.749855,0.000000
777,0.275570,0.938669,1.000000,0.666667,11.069694,3,0.400000,145.794432,519.212510,0.000000
778,0.250258,0.880649,1.000000,0.666667,10.779845,3,0.400000,146.138815,518.724282,0.000000
779,0.206813,0.887144,1.000000,0.666667,10.322555,3,0.400000,146.130730,518.271331,0.000000
780,0.276552,0.892202,1.000000,0.666667,9.790861,3,0.400000,146.126270,517.754112,0.000000
781,0.183383,0.831745,1.000000,0.666667,10.364478,3,0.400000,146.676251,517.357778,0.000000
782,0.196225,0.857571,1.000000,0.666667,9.570415,3,0.400000,146.588023,516.931982,0.000000
783,0.123752,0.880917,1.000000,0.666667,9.013269,3,0.400000,147.111384,516.567911,0.000000
784,0.135754,0.950325,1.000000,0.666667,9.211373,3,0.400000,148.270831,516.167175,0.000000
785,0.156195,0.973075,1.000000,0.666667,10.033370,3,0.400000,149.699177,515.739381,0.000000
786,0.088304,0.960784,1.000000,0.666667,9.963000,3,0.400000,150.961945,515.397471,0.000000
787,0.174409,0.991099,1.000000,0.666667,8.883853,3,0.400000,152.312026,514.948281,0.000000
788,0.146480,0.991711,1.000000,0.666667,8.519793,3,0.400000,153.699336,514.530176,0.000000
789,0.120317,0.908659,1.000000,0.666667,9.701208,3,0.400000,154.658825,514.159148,0.000000
790,0.182941,0.876864,1.000000,0.666667,9.879367,3,0.400000,155.019515,513.734547,0.000000
791,0.159848,0.849889,1.000000,0.666667,8.962140,3,0.400000,156.002051,513.348398,0.000000
792,0.027394,0.844954,1.000000,0.666667,7.230318,3,0.400000,157.192028,513.132259,0.000000
793,0.042129,0.777848,1.000000,0.666667,6.610612,3,0.400000,157.999777,512.923723,0.000000
794,0.060474,0.750005,1.000000,0.666667,7.655157,3,0.400000,158.162040,512.709441,0.000000
795,0.051813,0.771821,1.000000,0.666667,9.487295,3,0.400000,158.140752,512.491667,0.000000
796,0.034067,0.757806,1.000000,0.666667,9.993782,3,0.400000,157.980086,512.305205,0.000000
797,0.020849,0.807277,1.000000,0.666667,10.439567,3,0.400000,157.743412,512.115026,0.000000
798,0.013552,0.794064,1.000000,0.666667,9.369257,3,0.400000,158.174044,511.943071,0.000000
799,-0.001192,0.851352,1.000000,0.666667,9.590730,3,0.400000,159.155287,511.782883,0.000000
800,0.010037,0.832532,1.000000,0.666667,9.944305,3,0.400000,160.328246,511.603477,0.000000
801,0.032531,0.818678,1.000000,0.666667,10.596283,3,0.400000,161.244994,511.389130,0.000000
802,0.031608,0.803092,1.000000,0.666667,10.298907,3,0.400000,162.445352,511.183187,0.000000
803,0.044184,0.781723,1.000000,0.666667,10.634705,3,0.400000,163.476239,510.969732,0.000000
804,0.051591,0.833531,1.000000,0.666667,10.296264,3,0.400000,163.986978,510.719814,0.000000
805,0.022645,0.764376,1.000000,0.666667,10.469928,3,0.400000,164.981270,510.546289,0.000000
806,0.042277,0.719114,1.000000,0.666667,10.546083,3,0.400000,166.140779,510.373196,0.000000
807,0.072339,0.757816,1.000000,0.666667,9.044607,3,0.400000,167.218093,510.140414,0.000000
808,0.105939,0.798688,1.000000,0.666667,9.032984,3,0.400000,168.119847,509.843196,0.000000
809,0.076331,0.811673,1.000000,0.666667,9.671146,3,0.400000,169.367090,509.571503,0.000000
810,0.081508,0.710497,1.000000,0.666667,10.080919,3,0.400000,170.457264,509.365790,0.000000
811,0.065699,0.746936,1.000000,0.666667,10.589885,3,0.400000,171.651302,509.147821,0.000000
812,0.170116,0.767939,1.000000,0.666667,10.104779,3,0.400000,172.598102,508.816054,0.000000
813,0.134657,0.800007,1.000000,0.666667,10.819956,3,0.400000,173.905490,508.488865,0.000000
814,0.147830,0.834710,1.000000,0.666667,11.210070,3,0.400000,175.152541,508.124357,0.000000
815,0.166262,0.835377,1.000000,0.666667,10.281056,3,0.400000,175.910096,507.741407,0.000000
816,0.167511,0.835948,1.000000,0.666667,10.151340,3,0.400000,175.988698,507.356877,0.000000
817,0.119040,0.852016,1.000000,0.666667,10.759140,3,0.400000,176.713901,507.012500,0.000000
818,0.202551,0.872912,1.000000,0.666667,10.482167,3,0.400000,176.855670,506.571436,0.000000
819,0.135880,0.856138,1.000000,0.666667,10.076494,3,0.400000,177.608058,506.206338,0.000000
820,0.063510,0.967146,1.000000,0.666667,10.091949,3,0.400000,178.774274,505.900198,0.000000
821,0.059680,0.994571,1.000000,0.666667,10.198210,3,0.400000,179.889744,505.598540,0.000000
822,0.023765,0.950960,1.000000,0.666667,9.141567,3,0.400000,180.377253,505.364059,0.000000
823,0.013631,0.957170,1.000000,0.666667,9.184200,3,0.400000,180.252581,505.150345,0.000000
824,0.020308,0.964771,1.000000,0.666667,10.256744,3,0.400000,180.830209,504.921613,0.000000
825,0.033043,0.948858,1.000000,0.666667,10.429485,3,0.400000,181.955792,504.669412,0.000000
826,0.057335,0.941245,1.000000,0.666667,9.754897,3,0.400000,183.232881,504.376549,0.000000
827,0.062938,0.990097,1.000000,0.666667,10.131925,3,0.400000,184.174239,504.069820,0.000000
828,0.114003,0.966714,1.000000,0.666667,10.603533,3,0.400000,184.662900,503.693026,0.000000
829,0.098655,0.984783,1.000000,0.666667,9.683427,3,0.400000,185.750117,503.334688,0.000000
830,0.087612,0.846957,1.000000,0.666667,9.921997,3,0.400000,187.056858,503.030065,0.000000
831,0.112258,0.789778,1.000000,0.666667,10.311546,3,0.400000,188.161900,502.732578,0.000000
832,0.086054,0.731239,1.000000,0.666667,9.593603,3,0.400000,189.394283,502.505781,0.000000
833,0.134892,0.669713,1.000000,0.666667,10.141083,3,0.400000,190.336658,502.299999,0.000000
834,0.097444,0.655444,1.000000,0.666667,10.467978,3,0.400000,190.630266,502.132356,0.000000
835,0.046745,0.642443,1.000000,0.666667,9.489493,3,0.400000,191.488142,502.011040,0.000000
836,0.016505,0.713676,1.000000,0.666667,9.952044,3,0.400000,192.629102,501.872922,0.000000
837,0.001308,0.850877,1.000000,0.666667,10.190531,3,0.400000,193.597628,501.706953,0.000000
838,-0.001162,0.702230,1.000000,0.666667,9.999939,3,0.400000,193.940939,501.600427,0.000000
839,-0.027381,0.487172,1.000000,0.666667,10.243821,3,0.400000,194.746504,501.603758,0.000000
840,-0.024988,0.570851,1.000000,0.666667,9.839700,3,0.400000,195.769067,501.582601,0.000000
841,-0.015806,0.539374,1.000000,0.666667,10.089572,3,0.400000,196.513410,501.566005,0.000000
842,0.021673,0.616946,1.000000,0.666667,10.979640,3,0.400000,196.717402,501.482271,0.000000
843,0.045277,0.635098,1.000000,0.666667,10.071290,3,0.400000,197.567044,501.367864,0.000000
844,0.041708,0.618857,1.000000,0.666667,10.242497,3,0.400000,198.672417,501.268802,0.000000
845,0.040669,0.632963,1.000000,0.666667,9.932621,3,0.400000,199.593769,501.159400,0.000000
846,0.085940,0.657213,1.000000,0.666667,9.786243,3,0.400000,200.428184,500.997565,0.000000
847,0.095327,0.565481,1.000000,0.666667,9.429983,3,0.400000,201.505247,500.925087,0.000000
848,0.071635,0.615517,1.000000,0.666667,10.239033,3,0.400000,202.484320,500.811299,0.000000
849,0.108870,0.717552,1.000000,0.666667,9.531069,3,0.400000,203.049665,500.576143,0.000000
850,0.167872,0.766873,1.000000,0.666667,9.999046,3,0.400000,203.027496,500.247187,0.000000
851,0.198872,0.768566,1.000000,0.666667,10.255768,3,0.400000,203.718231,499.892242,0.000000
852,0.102786,0.777027,1.000000,0.666667,10.198046,3,0.400000,204.862694,499.613693,0.000000
853,0.172428,0.736038,1.000000,0.666667,9.511937,3,0.400000,205.504450,499.311516,0.000000
854,0.124389,0.760399,1.000000,0.666667,9.683860,3,0.400000,205.446256,499.025434,0.000000
855,0.084315,0.697927,1.000000,0.666667,10.186898,3,0.400000,205.435259,498.827961,0.000000
856,0.074510,0.680641,1.000000,0.666667,10.372590,3,0.400000,205.369069,498.653409,0.000000
857,0.150919,0.665223,1.000000,0.666667,10.791136,3,0.400000,206.023618,498.443266,0.000000
858,0.170123,0.711014,1.000000,0.666667,10.401566,3,0.400000,207.218594,498.169446,0.000000
859,0.168837,0.741756,1.000000,0.666667,10.364187,3,0.400000,207.969394,497.864084,0.000000
860,0.237175,0.814570,1.000000,0.666667,10.388169,3,0.400000,208.163881,497.436077,0.000000
861,0.230404,0.799973,1.000000,0.666667,9.620205,3,0.400000,207.918458,497.026634,0.000000
862,0.183057,0.865607,1.000000,0.666667,9.229825,3,0.400000,207.647857,496.608295,0.000000
863,0.202804,0.909969,1.000000,0.666667,9.323472,3,0.400000,207.449439,496.148374,0.000000
864,0.128642,0.925204,1.000000,0.666667,9.426396,3,0.400000,207.817361,495.762179,0.000000
865,0.081591,0.921817,1.000000,0.666667,8.291660,3,0.400000,208.773782,495.437256,0.000000
866,0.061992,0.907489,1.000000,0.666667,8.126320,3,0.400000,210.045553,495.144671,0.000000
867,0.141987,0.813176,1.000000,0.666667,9.035684,3,0.400000,211.009556,494.800716,0.000000
868,0.089529,0.726678,1.000000,0.666667,10.691446,3,0.400000,211.208830,494.574401,0.000000
869,0.036532,0.770064,1.000000,0.666667,10.474482,3,0.400000,212.029238,494.377802,0.000000
870,0.029539,0.790629,1.000000,0.666667,9.447593,3,0.400000,213.206358,494.180909,0.000000
871,0.022798,0.729756,1.000000,0.666667,9.780728,3,0.400000,214.239568,494.025399,0.000000
872,0.036685,0.732953,1.000000,0.666667,10.472298,3,0.400000,215.085655,493.850088,0.000000
873,0.039983,0.717536,1.000000,0.666667,9.557539,3,0.400000,216.247363,493.680629,0.000000
874,0.072162,0.785359,1.000000,0.666667,8.654311,3,0.400000,217.345375,493.429785,0.000000
875,0.047721,0.842708,1.000000,0.666667,8.936299,3,0.400000,217.966906,493.181596,0.000000
876,0.003520,0.865815,1.000000,0.666667,9.925788,3,0.400000,218.533802,493.006703,0.000000
877,-0.015075,0.754407,1.000000,0.666667,10.036625,3,0.400000,219.524697,492.908509,0.000000
878,0.007298,0.814082,1.000000,0.666667,10.293792,3,0.400000,220.665697,492.740846,0.000000
879,0.004668,0.716674,1.000000,0.666667,10.057078,3,0.400000,221.432481,492.618390,0.000000
880,-0.000516,0.581701,1.000000,0.666667,10.386607,3,0.400000,222.465001,492.572358,0.000000
881,-0.022193,0.558706,1.000000,0.666667,10.853281,3,0.400000,223.349428,492.552358,0.000000
882,-0.014242,0.565190,1.000000,0.666667,10.712725,3,0.400000,223.718767,492.523892,0.000000
883,0.008678,0.598647,1.000000,0.666667,10.855283,3,0.400000,223.570924,492.461560,0.000000
884,0.077339,0.664222,1.000000,0.666667,10.456689,3,0.400000,224.202584,492.299280,0.000000
885,0.072568,0.752928,1.000000,0.666667,10.126254,3,0.400000,225.359394,492.069680,0.000000
886,0.057485,0.785914,1.000000,0.666667,10.282403,3,0.400000,226.542673,491.836414,0.000000
887,0.101468,0.827120,1.000000,0.666667,10.933132,3,0.400000,227.780300,491.526027,0.000000
888,0.116179,0.840850,1.000000,0.666667,10.623276,3,0.400000,228.586717,491.191080,0.000000
889,0.101481,0.878196,1.000000,0.666667,10.577669,3,0.400000,229.851409,490.854746,0.000000
890,0.066003,0.922747,1.000000,0.666667,10.330860,3,0.400000,231.103224,490.552208,0.000000
891,0.069289,0.948788,1.000000,0.666667,10.508111,3,0.400000,232.051447,490.239573,0.000000
892,0.142607,0.952845,1.000000,0.666667,9.936665,3,0.400000,233.444287,489.830354,0.000000
893,0.110574,0.857117,1.000000,0.666667,10.056509,3,0.400000,234.651379,489.492962,0.000000
894,0.086253,0.886070,1.000000,0.666667,10.597606,3,0.400000,235.322225,489.172967,0.000000
895,0.132677,0.940686,1.000000,0.666667,9.783376,3,0.400000,235.494540,488.777940,0.000000
896,0.159808,0.905068,1.000000,0.666667,9.002542,3,0.400000,236.367245,488.363678,0.000000
897,0.222863,0.912804,1.000000,0.666667,8.793780,3,0.400000,237.769778,487.883491,0.000000
898,0.239012,0.919237,1.000000,0.666667,8.894491,3,0.400000,239.220248,487.385758,0.000000
899,0.234354,0.977140,1.000000,0.666667,9.008803,3,0.400000,240.295430,486.877291,0.000000
900,0.206097,0.984573,1.000000,0.666667,8.713736,3,0.400000,241.261657,486.395611,0.000000
901,0.236493,0.986936,1.000000,0.666667,9.907082,3,0.400000,242.707475,485.884238,0.000000
902,0.131740,0.986620,1.000000,0.666667,10.738318,3,0.400000,244.052657,485.483741,0.000000
903,0.148760,0.983067,1.000000,0.666667,10.160159,3,0.400000,244.987742,485.063462,0.000000
904,0.135135,0.998376,1.000000,0.666667,8.722715,3,0.400000,246.338883,484.658542,0.000000
905,0.150782,0.921048,1.000000,0.666667,8.457558,3,0.400000,247.681612,484.248293,0.000000
906,0.241010,0.889469,1.000000,0.666667,9.482420,3,0.400000,248.903866,483.763010,0.000000
907,0.238458,0.892207,1.000000,0.666667,11.335779,3,0.400000,250.387740,483.278496,0.000000
908,0.253912,0.889468,1.000000,0.666667,11.069705,3,0.400000,251.676890,482.781979,0.000000
909,0.242078,0.882643,1.000000,0.666667,10.400560,3,0.400000,252.376377,482.299637,0.000000
910,0.285888,0.905511,1.000000,0.666667,9.645331,3,0.400000,252.520591,481.767449,0.000000
911,0.289922,0.916023,1.000000,0.666667,9.137356,3,0.400000,252.689571,481.226811,0.000000
912,0.280940,0.969554,1.000000,0.666667,8.799414,3,0.400000,252.358914,480.677146,0.000000
913,0.362834,0.967405,1.000000,0.666667,10.119687,3,0.400000,251.976142,480.060652,0.000000
914,0.240262,0.985717,1.000000,0.666667,9.579570,3,0.400000,251.537157,479.545819,0.000000
915,0.286999,0.973127,1.000000,0.666667,9.153619,3,0.400000,251.200717,478.990339,0.000000
916,0.358070,0.930816,1.000000,0.666667,7.170017,3,0.400000,250.827122,478.388804,0.000000
917,0.379650,0.895996,1.000000,0.666667,5.736298,3,0.400000,250.513983,477.789520,0.000000
918,0.317486,0.914977,1.000000,0.666667,6.077409,3,0.400000,250.644112,477.226883,0.000000
919,0.321169,0.929373,1.000000,0.666667,7.849390,3,0.400000,250.381085,476.654897,0.000000
920,0.220998,0.895218,1.000000,0.666667,8.606577,3,0.400000,250.568048,476.184598,0.000000
921,0.184584,0.872246,1.000000,0.666667,9.366401,3,0.400000,251.393054,475.760954,0.000000
922,0.158624,0.886929,1.000000,0.666667,10.888303,3,0.400000,252.367642,475.355851,0.000000
923,0.148041,0.813617,1.000000,0.666667,10.541240,3,0.400000,252.627038,475.005721,0.000000
924,0.165676,0.760171,1.000000,0.666667,10.150414,3,0.400000,252.236697,474.684812,0.000000
925,0.276819,0.762426,1.000000,0.666667,9.951041,3,0.400000,252.549210,474.281928,0.000000
926,0.273132,0.802830,1.000000,0.666667,10.166128,3,0.400000,252.442538,473.837826,0.000000
927,0.199174,0.842895,1.000000,0.666667,9.602565,3,0.400000,252.981426,473.419237,0.000000
928,0.205693,0.785881,1.000000,0.666667,9.800764,3,0.400000,254.085811,473.042267,0.000000
929,0.177915,0.758024,1.000000,0.666667,10.542603,3,0.400000,255.193951,472.713786,0.000000
930,0.160293,0.870588,1.000000,0.666667,8.905713,3,0.400000,256.570662,472.315209,0.000000
931,0.117752,0.998306,1.000000,0.666667,7.088531,3,0.400000,257.825171,471.931599,0.000000
932,0.067293,0.940480,1.000000,0.666667,5.958521,3,0.400000,258.488642,471.623403,0.000000
933,0.034778,0.992669,1.000000,0.666667,5.667757,3,0.400000,258.502009,471.364720,0.000000
934,0.036042,0.937392,1.000000,0.666667,6.456588,3,0.400000,258.568612,471.108650,0.000000
935,-0.006676,0.969326,1.000000,0.666667,7.727938,3,0.400000,259.082418,470.945459,0.000000
936,0.038396,0.870814,1.000000,0.666667,8.819631,3,0.400000,260.199145,470.701585,0.000000
937,0.020294,0.923979,1.000000,0.666667,9.798444,3,0.400000,261.406003,470.478003,0.000000
938,0.014412,0.865833,1.000000,0.666667,9.802276,3,0.400000,262.477340,470.279619,0.000000
939,0.045973,0.648838,1.000000,0.666667,9.778287,3,0.400000,262.960651,470.153852,0.000000
940,0.042785,0.591174,1.000000,0.666667,9.324833,3,0.400000,263.913863,470.076563,0.000000
941,0.038093,0.636271,1.000000,0.666667,8.788202,3,0.400000,265.007995,469.966539,0.000000
942,0.071551,0.672334,1.000000,0.666667,9.404363,3,0.400000,266.049207,469.801470,0.000000
943,0.066596,0.754641,1.000000,0.666667,9.785976,3,0.400000,266.633144,469.577189,0.000000
944,0.043222,0.677277,1.000000,0.666667,10.240595,3,0.400000,267.654948,469.432262,0.000000
945,0.039352,0.691211,1.000000,0.666667,9.128429,3,0.400000,268.789202,469.281205,0.000000
946,0.127881,0.713341,1.000000,0.666667,9.336065,3,0.400000,269.669640,469.035014,0.000000
947,0.174929,0.672778,1.000000,0.666667,9.471398,3,0.400000,270.890540,468.802455,0.000000
948,0.097004,0.707823,1.000000,0.666667,9.645207,3,0.400000,271.983742,468.585790,0.000000
949,0.112253,0.666144,1.000000,0.666667,10.697264,3,0.400000,272.531274,468.397901,0.000000
950,0.102506,0.690675,1.000000,0.666667,10.668443,3,0.400000,273.614337,468.192625,0.000000
951,0.256263,0.773279,1.000000,0.666667,10.775255,3,0.400000,274.377839,467.791238,0.000000
952,0.308099,0.826825,1.000000,0.666667,10.717578,3,0.400000,274.549476,467.298762,0.000000
953,0.310021,0.829738,1.000000,0.666667,10.277437,3,0.400000,274.430670,466.802195,0.000000
954,0.264473,0.845900,1.000000,0.666667,10.287168,3,0.400000,274.249773,466.326326,0.000000
955,0.212021,0.882267,1.000000,0.666667,9.707579,3,0.400000,274.687129,465.871157,0.000000
956,0.334163,0.875855,1.000000,0.666667,10.150506,3,0.400000,275.870534,465.318974,0.000000
957,0.278716,0.857985,1.000000,0.666667,10.732750,3,0.400000,277.350172,464.822539,0.000000
958,0.356342,0.882085,1.000000,0.666667,11.207036,3,0.400000,278.555623,464.249526,0.000000
959,0.316095,0.915200,1.000000,0.666667,10.394331,3,0.400000,279.105373,463.687893,0.000000
960,0.494371,0.888408,1.000000,0.666667,9.817990,3,0.400000,279.126820,463.016318,0.000000
961,0.391070,0.910710,1.000000,0.666667,10.846815,3,0.400000,278.887250,462.399974,0.000000
962,0.457766,0.890546,1.000000,0.666667,10.534703,3,0.400000,278.725282,461.750485,0.000000
963,0.397029,0.905067,1.000000,0.666667,10.314724,3,0.400000,278.565356,461.133103,0.000000
964,0.472545,0.920377,1.000000,0.666667,9.113510,3,0.400000,278.415280,460.454768,0.000000
965,0.471145,0.906477,1.000000,0.666667,9.219236,3,0.400000,278.222146,459.785560,0.000000
966,0.506234,0.906939,1.000000,0.666667,10.582517,3,0.400000,278.032714,459.093216,0.000000
967,0.443596,0.960588,1.000000,0.666667,10.989751,3,0.400000,277.843749,458.418602,0.000000
968,0.398929,0.972958,1.000000,0.666667,10.169677,3,0.400000,277.502515,457.773658,0.000000
969,0.514965,0.933000,1.000000,0.666667,10.320921,3,0.400000,277.266459,457.060929,0.000000
970,0.648836,0.945596,1.000000,0.666667,9.969318,3,0.400000,278.644043,456.260014,0.000000
971,0.538730,0.953467,1.000000,0.666667,10.441453,3,0.400000,280.364813,455.523558,0.000000
972,0.565159,0.997219,1.000000,0.666667,10.277866,3,0.400000,281.800376,454.762237,0.000000
973,0.665876,0.969613,1.000000,0.666667,10.466649,3,0.400000,282.669570,453.943168,0.000000
974,0.681855,0.990507,1.000000,0.666667,11.005052,3,0.400000,282.897688,453.111396,0.000000
975,0.635829,0.982783,1.000000,0.666667,10.921721,3,0.400000,282.728136,452.307606,0.000000
976,0.661891,0.979773,1.000000,0.666667,10.622674,3,0.400000,282.549612,451.488795,0.000000
977,0.662664,0.997325,1.000000,0.666667,9.877019,3,0.400000,282.389917,450.667904,0.000000
978,0.640988,0.998214,1.000000,0.666667,10.313283,3,0.400000,282.243360,449.859861,0.000000
979,0.656899,0.983391,1.000000,0.666667,9.434641,3,0.400000,282.147279,449.043453,0.000000
980,0.571243,0.961382,1.000000,0.666667,9.833645,3,0.400000,281.986927,448.283866,0.000000
981,0.609455,0.956923,1.000000,0.666667,9.930009,3,0.400000,281.858034,447.502098,0.000000
982,0.662005,0.996976,1.000000,0.666667,10.683254,3,0.400000,281.770377,446.681603,0.000000
983,0.542261,0.984710,1.000000,0.666667,10.667259,3,0.400000,281.558566,445.935791,0.000000
984,0.649296,0.988005,1.000000,0.666667,9.676192,3,0.400000,281.424785,445.123356,0.000000
985,0.571836,0.973724,1.000000,0.666667,8.712671,3,0.400000,281.231550,444.360381,0.000000
986,0.658070,0.992137,1.000000,0.666667,8.870732,3,0.400000,281.099990,443.542420,0.000000
987,0.530562,0.971375,1.000000,0.666667,10.094248,3,0.400000,280.907007,442.806341,0.000000
988,0.560989,0.915473,1.000000,0.666667,10.531257,3,0.400000,281.171418,442.074192,0.000000
989,0.516217,0.898667,1.000000,0.666667,10.832038,3,0.400000,280.947019,441.381175,0.000000
990,0.545346,0.889536,1.000000,0.666667,10.864658,3,0.400000,280.715741,440.677066,0.000000
991,0.556050,0.880077,1.000000,0.666667,10.642626,3,0.400000,280.909452,439.974423,0.000000
992,0.592580,0.891533,1.000000,0.666667,11.032725,3,0.400000,280.815200,439.240549,0.000000
993,0.511266,0.871090,1.000000,0.666667,10.492999,3,0.400000,280.720985,438.572878,0.000000
994,0.545629,0.851105,1.000000,0.666667,9.767045,3,0.400000,280.408096,437.904342,0.000000
995,0.592605,0.838221,1.000000,0.666667,10.143702,3,0.400000,280.357071,437.224011,0.000000
996,0.457311,0.863269,1.000000,0.666667,10.401470,3,0.400000,280.851288,436.597063,0.000000
997,0.348970,0.882701,1.000000,0.666667,9.715519,3,0.400000,281.957144,436.029053,0.000000
998,0.287714,0.932344,1.000000,0.666667,10.064015,3,0.400000,282.367344,435.483512,0.000000
999,0.391196,0.898307,1.000000,0.666667,10.685810,3,0.400000,282.247069,434.874450,0.000000
1000,0.383534,0.816103,1.000000,0.666667,10.056605,3,0.400000,281.806712,434.341803,0.000000
1001,0.546383,0.805377,1.000000,0.666667,8.497433,3,0.400000,281.664342,433.728012,0.000000
1002,0.589217,0.799208,1.000000,0.666667,7.173865,3,0.400000,281.716888,433.100729,0.000000
1003,0.476084,0.823078,1.000000,0.666667,5.696929,3,0.400000,281.623878,432.503793,0.000000
1004,0.475246,0.821784,1.000000,0.666667,5.406705,3,0.400000,282.145902,431.908855,0.000000
1005,0.394066,0.848507,1.000000,0.666667,6.364637,3,0.400000,283.303597,431.336650,0.000000
1006,0.406155,0.841699,1.000000,0.666667,8.218658,3,0.400000,283.803204,430.762947,0.000000
1007,0.296551,0.851840,1.000000,0.666667,9.434330,3,0.400000,283.919405,430.257367,0.000000
1008,0.343315,0.887640,1.000000,0.666667,9.152309,3,0.400000,284.079305,429.690255,0.000000
1009,0.326868,0.876192,1.000000,0.666667,8.032463,3,0.400000,284.903925,429.143321,0.000000
1010,0.277875,0.844375,1.000000,0.666667,8.224067,3,0.400000,285.291376,428.658124,0.000000
1011,0.418429,0.796546,1.000000,0.666667,7.606130,3,0.400000,286.400867,428.126887,0.000000
1012,0.468575,0.827998,1.000000,0.666667,6.906833,3,0.400000,287.981290,427.528748,0.000000
1013,0.389878,0.769014,1.000000,0.666667,7.193879,3,0.400000,289.042407,427.049419,0.000000
1014,0.456968,0.819355,1.000000,0.666667,8.252391,3,0.400000,289.538426,426.468053,0.000000
1015,0.361105,0.869336,1.000000,0.666667,9.439500,3,0.400000,289.632502,425.900969,0.000000
1016,0.223178,0.899265,1.000000,0.666667,10.288686,3,0.400000,289.592297,425.426653,0.000000
1017,0.228475,0.871224,1.000000,0.666667,9.582595,3,0.400000,290.216483,424.963131,0.000000
1018,0.321977,0.899145,1.000000,0.666667,10.497207,3,0.400000,291.535715,424.405304,0.000000
1019,0.287935,0.883162,1.000000,0.666667,10.261515,3,0.400000,293.065638,423.884170,0.000000
1020,0.307717,0.897898,1.000000,0.666667,9.963865,3,0.400000,294.343726,423.338320,0.000000
1021,0.340661,0.840988,1.000000,0.666667,10.548343,3,0.400000,294.999323,422.809616,0.000000
1022,0.400940,0.788075,1.000000,0.666667,11.054088,3,0.400000,295.130437,422.299207,0.000000
1023,0.357339,0.749487,1.000000,0.666667,11.300004,3,0.400000,295.170950,421.864506,0.000000
1024,0.337972,0.771855,1.000000,0.666667,10.640712,3,0.400000,295.310654,421.411926,0.000000
1025,0.305193,0.770418,1.000000,0.666667,10.124227,3,0.400000,295.529082,420.981429,0.000000
1026,0.403034,0.772903,1.000000,0.666667,10.939759,3,0.400000,296.492194,420.489490,0.000000
1027,0.384005,0.776636,1.000000,0.666667,11.142315,3,0.400000,296.770656,420.003530,0.000000
1028,0.436554,0.758281,1.000000,0.666667,11.572502,3,0.400000,297.736046,419.513877,0.000000
1029,0.436593,0.763245,1.000000,0.666667,10.935979,3,0.400000,298.030558,419.017026,0.000000
1030,0.531111,0.769165,1.000000,0.666667,10.314593,3,0.400000,298.213683,418.463378,0.000000
1031,0.476232,0.797419,1.000000,0.666667,10.868878,3,0.400000,298.267430,417.898095,0.000000
1032,0.487504,0.791672,1.000000,0.666667,11.000115,3,0.400000,298.340825,417.334311,0.000000
1033,0.429965,0.806639,1.000000,0.666667,11.267637,3,0.400000,299.813143,416.783959,0.000000
1034,0.361054,0.762773,1.000000,0.666667,11.335739,3,0.400000,301.161845,416.329323,0.000000
1035,0.285734,0.761411,1.000000,0.666667,11.069221,3,0.400000,301.989256,415.921894,0.000000
1036,0.386969,0.815781,1.000000,0.666667,10.618702,3,0.400000,302.265855,415.387408,0.000000
1037,0.295117,0.814141,1.000000,0.666667,11.156329,3,0.400000,301.953019,414.916352,0.000000
1038,0.381966,0.759670,1.000000,0.666667,10.479555,3,0.400000,301.396234,414.454057,0.000000
1039,0.430749,0.765011,1.000000,0.666667,10.017767,3,0.400000,301.247813,413.957788,0.000000
1040,0.406705,0.785511,1.000000,0.666667,10.805685,3,0.400000,302.757946,413.447269,0.000000
1041,0.228283,0.753759,1.000000,0.666667,10.040962,3,0.400000,304.120415,413.086560,0.000000
1042,0.231068,0.719267,1.000000,0.666667,9.767301,3,0.400000,305.445518,412.764321,0.000000
1043,0.141786,0.760846,1.000000,0.666667,10.145967,3,0.400000,306.749815,412.462566,0.000000
1044,0.176079,0.714857,1.000000,0.666667,10.264777,3,0.400000,307.796157,412.180491,0.000000
1045,0.169036,0.656618,1.000000,0.666667,11.008081,3,0.400000,309.011602,411.970767,0.000000
1046,0.146089,0.651010,1.000000,0.666667,10.639414,3,0.400000,309.989023,411.779744,0.000000
1047,0.225283,0.646538,1.000000,0.666667,10.299187,3,0.400000,310.416123,411.556872,0.000000
1048,0.311493,0.638300,1.000000,0.666667,10.386000,3,0.400000,310.422925,411.313102,0.000000
1049,0.291629,0.662535,1.000000,0.666667,10.903998,3,0.400000,310.251605,411.038413,0.000000
1050,0.343435,0.696272,1.000000,0.666667,10.513000,3,0.400000,310.835704,410.688601,0.000000
1051,0.171059,0.701701,1.000000,0.666667,10.713072,3,0.400000,311.905684,410.424517,0.000000
1052,0.199873,0.739470,1.000000,0.666667,9.916827,3,0.400000,313.235220,410.099127,0.000000
1053,0.171582,0.738927,1.000000,0.666667,10.007135,3,0.400000,314.277085,409.794572,0.000000
1054,0.208507,0.830910,1.000000,0.666667,10.270383,3,0.400000,315.485543,409.376632,0.000000
1055,0.316296,0.905562,1.000000,0.666667,9.990135,3,0.400000,316.991627,408.819726,0.000000
1056,0.303538,0.934630,1.000000,0.666667,9.707672,3,0.400000,318.058477,408.260098,0.000000
1057,0.348526,0.942881,1.000000,0.666667,9.658027,3,0.400000,318.796647,407.661379,0.000000
1058,0.324772,0.956829,1.000000,0.666667,10.003985,3,0.400000,319.475399,407.077478,0.000000
1059,0.327831,0.922173,1.000000,0.666667,10.952605,3,0.400000,320.086108,406.503247,0.000000
1060,0.312542,0.877098,1.000000,0.666667,11.257272,3,0.400000,320.015621,405.966640,0.000000
1061,0.313991,0.920182,1.000000,0.666667,10.614177,3,0.400000,319.606014,405.404372,0.000000
1062,0.298267,0.939530,1.000000,0.666667,9.991029,3,0.400000,319.322164,404.847412,0.000000
1063,0.229820,0.974495,1.000000,0.666667,10.234999,3,0.400000,318.832437,404.343569,0.000000
1064,0.226502,0.955308,1.000000,0.666667,8.846618,3,0.400000,319.340496,403.846225,0.000000
1065,0.265786,0.981335,1.000000,0.666667,8.409726,3,0.400000,319.713122,403.308392,0.000000
1066,0.181113,0.976388,1.000000,0.666667,9.417659,3,0.400000,319.703812,402.853128,0.000000
1067,0.139436,0.941335,1.000000,0.666667,10.803435,3,0.400000,320.841273,402.450039,0.000000
1068,0.181457,0.990399,1.000000,0.666667,11.126259,3,0.400000,322.271822,401.993364,0.000000
1069,0.213516,0.953074,1.000000,0.666667,10.595893,3,0.400000,323.648642,401.509044,0.000000
1070,0.207078,0.965046,1.000000,0.666667,10.842967,3,0.400000,324.520540,401.028724,0.000000
1071,0.237128,0.914151,1.000000,0.666667,11.169755,3,0.400000,324.730922,400.534820,0.000000
1072,0.260073,0.923671,1.000000,0.666667,11.124844,3,0.400000,324.598416,400.016460,0.000000
1073,0.262021,0.930485,1.000000,0.666667,10.212465,3,0.400000,325.110780,399.493790,0.000000
1074,0.213316,0.996449,1.000000,0.666667,10.205428,3,0.400000,326.231306,399.004394,0.000000
1075,0.208008,0.997807,1.000000,0.666667,10.287138,3,0.400000,327.696985,398.520248,0.000000
1076,0.270004,0.969303,1.000000,0.666667,10.396906,3,0.400000,328.873484,397.980237,0.000000
1077,0.270064,0.938156,1.000000,0.666667,9.193282,3,0.400000,329.403822,397.447849,0.000000
1078,0.363799,0.929650,1.000000,0.666667,9.284677,3,0.400000,329.371055,396.842431,0.000000
1079,0.377747,0.943647,1.000000,0.666667,10.163480,3,0.400000,329.124096,396.221022,0.000000
1080,0.271664,0.923130,1.000000,0.666667,10.264819,3,0.400000,328.757499,395.692782,0.000000
1081,0.285140,0.899214,1.000000,0.666667,9.621941,3,0.400000,328.883492,395.164525,0.000000
1082,0.382655,0.824815,1.000000,0.666667,8.221795,3,0.400000,329.722620,394.623147,0.000000
1083,0.333608,0.802853,1.000000,0.666667,7.885451,3,0.400000,331.066460,394.137288,0.000000
1084,0.434406,0.857067,1.000000,0.666667,8.880538,3,0.400000,331.974882,393.530676,0.000000
1085,0.351517,0.926667,1.000000,0.666667,10.166058,3,0.400000,333.411523,392.935944,0.000000
1086,0.339095,0.989527,1.000000,0.666667,10.677380,3,0.400000,334.287798,392.335332,0.000000
1087,0.292008,0.956864,1.000000,0.666667,10.516150,3,0.400000,334.433864,391.778686,0.000000
1088,0.294332,0.978743,1.000000,0.666667,9.657080,3,0.400000,334.131475,391.216155,0.000000
1089,0.247431,0.996229,1.000000,0.666667,10.030146,3,0.400000,333.663485,390.694160,0.000000
1090,0.330332,0.954311,1.000000,0.666667,10.752044,3,0.400000,333.346114,390.106411,0.000000
1091,0.294435,0.960551,1.000000,0.666667,11.085511,3,0.400000,332.946807,389.546855,0.000000
1092,0.452350,0.950404,1.000000,0.666667,10.797188,3,0.400000,332.674804,388.869144,0.000000
1093,0.528482,0.954329,1.000000,0.666667,11.329108,3,0.400000,332.441761,388.139012,0.000000
1094,0.436336,0.964019,1.000000,0.666667,10.799861,3,0.400000,332.125863,387.468681,0.000000
1095,0.528339,0.951411,1.000000,0.666667,10.504165,3,0.400000,332.193391,386.739636,0.000000
1096,0.502703,0.961896,1.000000,0.666667,9.848032,3,0.400000,331.939002,386.024173,0.000000
1097,0.571978,0.997222,1.000000,0.666667,10.108185,3,0.400000,331.732038,385.258535,0.000000
1098,0.562108,0.993138,1.000000,0.666667,9.958143,3,0.400000,331.904159,384.499301,0.000000
1099,0.620167,0.993820,1.000000,0.666667,10.311147,3,0.400000,332.777418,383.703945,0.000000
1100,0.609997,0.999480,1.000000,0.666667,11.259222,3,0.400000,332.985010,382.914645,0.000000
1101,0.525930,0.985496,1.000000,0.666667,11.133876,3,0.400000,332.752479,382.179382,0.000000
1102,0.513934,0.987049,1.000000,0.666667,11.460432,3,0.400000,332.505113,381.451879,0.000000
1103,0.562241,0.971273,1.000000,0.666667,11.027231,3,0.400000,332.309705,380.695469,0.000000
1104,0.535574,0.967291,1.000000,0.666667,11.342755,3,0.400000,332.513846,379.957046,0.000000
1105,0.573885,0.958752,1.000000,0.666667,11.286664,3,0.400000,333.413146,379.196593,0.000000
1106,0.518285,0.959597,1.000000,0.666667,11.280973,3,0.400000,334.884373,378.471476,0.000000
1107,0.556100,0.961494,1.000000,0.666667,10.911220,3,0.400000,335.777212,377.721409,0.000000
1108,0.433380,0.931398,1.000000,0.666667,10.710337,3,0.400000,335.918589,377.064431,0.000000
1109,0.373419,0.915081,1.000000,0.666667,10.633517,3,0.400000,335.609785,376.458671,0.000000
1110,0.332140,0.912190,1.000000,0.666667,9.220249,3,0.400000,335.276274,375.885829,0.000000
1111,0.467924,0.914586,1.000000,0.666667,8.659702,3,0.400000,335.045122,375.213829,0.000000
1112,0.348537,0.956346,1.000000,0.666667,8.687647,3,0.400000,334.730110,374.611050,0.000000
1113,0.319545,0.991550,1.000000,0.666667,9.453416,3,0.400000,334.432903,374.026254,0.000000
1114,0.368338,0.991756,1.000000,0.666667,9.970239,3,0.400000,334.165067,373.402449,0.000000
1115,0.376821,0.999216,1.000000,0.666667,10.095926,3,0.400000,334.406934,372.771901,0.000000
1116,0.356500,0.990188,1.000000,0.666667,10.638212,3,0.400000,335.315856,372.157416,0.000000
1117,0.252265,0.996779,1.000000,0.666667,10.112758,3,0.400000,336.681754,371.630956,0.000000
1118,0.357456,0.994580,1.000000,0.666667,10.210430,3,0.400000,337.599441,371.015517,0.000000
1119,0.450173,0.934874,1.000000,0.666667,10.910777,3,0.400000,337.910232,370.345297,0.000000
1120,0.357509,0.906836,1.000000,0.666667,11.396413,3,0.400000,338.791827,369.755864,0.000000
1121,0.488423,0.917703,1.000000,0.666667,11.099381,3,0.400000,339.091556,369.068481,0.000000
1122,0.447073,0.911737,1.000000,0.666667,10.969117,3,0.400000,338.871296,368.412217,0.000000
1123,0.413759,0.885255,1.000000,0.666667,11.200749,3,0.400000,338.585540,367.796196,0.000000
1124,0.421760,0.918029,1.000000,0.666667,10.850245,3,0.400000,338.318436,367.153952,0.000000
1125,0.399370,0.897890,1.000000,0.666667,10.850736,3,0.400000,338.487674,366.539327,0.000000
1126,0.242425,0.892885,1.000000,0.666667,9.981422,3,0.400000,339.207197,366.050930,0.000000
1127,0.237451,0.868768,1.000000,0.666667,10.087772,3,0.400000,340.009308,365.581124,0.000000
1128,0.305718,0.869009,1.000000,0.666667,8.405277,3,0.400000,340.809881,365.055464,0.000000
1129,0.314890,0.864130,1.000000,0.666667,7.796207,3,0.400000,340.938955,364.526386,0.000000
1130,0.192188,0.825330,1.000000,0.666667,8.542220,3,0.400000,341.783726,364.126932,0.000000
1131,0.197941,0.944219,1.000000,0.666667,9.184477,3,0.400000,342.775658,363.660182,0.000000
1132,0.194532,0.955551,1.000000,0.666667,10.510886,3,0.400000,343.095802,363.194244,0.000000
1133,0.198292,0.980934,1.000000,0.666667,10.051448,3,0.400000,344.090402,362.720736,0.000000
1134,0.288017,0.920316,1.000000,0.666667,9.300634,3,0.400000,345.595412,362.179768,0.000000
1135,0.248000,0.865772,1.000000,0.666667,9.018329,3,0.400000,346.626343,361.702923,0.000000
1136,0.244368,0.830262,1.000000,0.666667,10.230804,3,0.400000,346.970151,361.255722,0.000000
1137,0.304728,0.899674,1.000000,0.666667,10.568319,3,0.400000,346.997147,360.711258,0.000000
1138,0.255961,0.940849,1.000000,0.666667,10.290347,3,0.400000,346.789200,360.190498,0.000000
1139,0.128877,0.978311,1.000000,0.666667,10.657671,3,0.400000,346.536750,359.794034,0.000000
1140,0.208040,0.992547,1.000000,0.666667,10.587436,3,0.400000,346.399063,359.309978,0.000000
1141,0.247316,0.985411,1.000000,0.666667,10.513384,3,0.400000,346.381947,358.788601,0.000000
1142,0.145949,0.909318,1.000000,0.666667,10.600967,3,0.400000,346.933967,358.387781,0.000000
1143,0.239364,0.939448,1.000000,0.666667,10.226284,3,0.400000,346.918618,357.882541,0.000000
1144,0.227089,0.997512,1.000000,0.666667,8.992280,3,0.400000,346.806499,357.379712,0.000000
1145,0.222536,0.981403,1.000000,0.666667,8.872852,3,0.400000,347.350862,356.882112,0.000000
1146,0.210517,0.999527,1.000000,0.666667,9.235099,3,0.400000,348.510496,356.395458,0.000000
1147,0.173854,0.974044,1.000000,0.666667,9.385839,3,0.400000,348.996920,355.948179,0.000000
1148,0.151966,0.986596,1.000000,0.666667,10.087682,3,0.400000,348.811252,355.524016,0.000000
1149,0.163846,0.958953,1.000000,0.666667,9.744628,3,0.400000,348.562040,355.089791,0.000000
1150,0.132329,0.956269,1.000000,0.666667,10.293010,3,0.400000,348.915268,354.692009,0.000000
1151,0.110683,0.973960,1.000000,0.666667,10.237650,3,0.400000,349.911874,354.318658,0.000000
1152,0.159871,0.921181,1.000000,0.666667,10.908475,3,0.400000,350.324131,353.898416,0.000000
1153,0.132483,0.947969,1.000000,0.666667,10.869750,3,0.400000,351.354150,353.502019,0.000000
1154,0.120843,0.901056,1.000000,0.666667,11.247906,3,0.400000,352.721421,353.133079,0.000000
1155,0.156015,0.919910,1.000000,0.666667,10.446463,3,0.400000,353.781109,352.717450,0.000000
1156,0.193023,0.948183,1.000000,0.666667,9.938994,3,0.400000,354.236515,352.254683,0.000000
1157,0.236149,0.926944,1.000000,0.666667,9.369998,3,0.400000,354.097190,351.756597,0.000000
1158,0.180014,0.958307,1.000000,0.666667,9.273536,3,0.400000,353.786435,351.305139,0.000000
1159,0.173631,0.983034,1.000000,0.666667,10.256600,3,0.400000,353.514923,350.857248,0.000000
1160,0.124449,0.990321,1.000000,0.666667,10.549061,3,0.400000,353.814711,350.465467,0.000000
1161,0.077059,0.931294,1.000000,0.666667,9.593224,3,0.400000,353.464597,350.144714,0.000000
1162,0.054459,0.921759,1.000000,0.666667,9.502288,3,0.400000,352.983031,349.860302,0.000000
1163,0.017088,0.923853,1.000000,0.666667,9.816479,3,0.400000,352.997232,349.643383,0.000000
1164,0.020959,0.853967,1.000000,0.666667,10.582992,3,0.400000,353.667674,349.435802,0.000000
1165,0.021019,0.860810,1.000000,0.666667,9.778236,3,0.400000,353.668526,349.225954,0.000000
1166,0.054131,0.951403,1.000000,0.666667,9.280809,3,0.400000,353.315826,348.936678,0.000000
1167,0.071950,0.910928,1.000000,0.666667,9.794951,3,0.400000,352.651364,348.628387,0.000000
1168,0.074836,0.906865,1.000000,0.666667,9.370440,3,0.400000,352.333683,348.317114,0.000000
1169,0.042028,0.953235,1.000000,0.666667,8.170027,3,0.400000,352.607542,348.048084,0.000000
1170,-0.007155,0.970357,1.000000,0.666667,8.210308,3,0.400000,353.415251,347.886257,0.000000
1171,-0.028826,0.922663,1.000000,0.666667,9.240707,3,0.400000,353.497219,347.814478,0.000000
1172,-0.027888,0.572894,1.000000,0.666667,9.100924,3,0.400000,354.184883,347.796345,0.000000
1173,-0.017372,0.760332,1.000000,0.666667,10.168909,3,0.400000,354.311014,347.702491,0.000000
1174,-0.008227,0.760879,1.000000,0.666667,10.356112,3,0.400000,353.820706,347.586039,0.000000
1175,-0.018272,0.670043,1.000000,0.666667,10.440754,3,0.400000,353.202035,347.522285,0.000000
1176,-0.026077,0.899598,1.000000,0.666667,8.850573,3,0.400000,352.935092,347.436590,0.000000
1177,-0.017336,0.944848,1.000000,0.666667,7.828146,3,0.400000,354.035698,347.309774,0.000000
1178,-0.011015,0.744379,1.000000,0.666667,8.101179,3,0.400000,354.751819,347.205153,0.000000
1179,-0.005928,0.746144,1.000000,0.666667,9.548209,3,0.400000,355.106396,347.089084,0.000000
1180,0.021107,0.774429,1.000000,0.666667,9.098343,3,0.400000,355.449159,346.913051,0.000000
1181,0.031570,0.799038,1.000000,0.666667,8.469168,3,0.400000,356.395868,346.709040,0.000000
1182,0.048912,0.773942,1.000000,0.666667,9.142478,3,0.400000,357.545714,346.493705,0.000000
1183,0.092632,0.710860,1.000000,0.666667,9.241295,3,0.400000,358.466363,346.277999,0.000000
1184,0.112028,0.627133,1.000000,0.666667,8.752644,3,0.400000,358.787495,346.131482,0.000000
1185,0.125228,0.608786,1.000000,0.666667,8.219105,3,0.400000,359.638372,345.999599,0.000000
1186,0.144809,0.667927,1.000000,0.666667,8.991038,3,0.400000,360.733166,345.789830,0.000000
1187,0.219475,0.688973,1.000000,0.666667,10.726317,3,0.400000,361.646855,345.512413,0.000000
1188,0.213247,0.692274,1.000000,0.666667,10.256642,3,0.400000,362.200980,345.234234,0.000000
1189,0.209754,0.648412,1.000000,0.666667,10.010740,3,0.400000,362.745883,345.015532,0.000000
1190,0.135043,0.650657,1.000000,0.666667,10.007411,3,0.400000,363.221055,344.830817,0.000000
1191,0.128989,0.657041,1.000000,0.666667,9.833754,3,0.400000,364.196779,344.642378,0.000000
1192,0.224104,0.694098,1.000000,0.666667,9.671959,3,0.400000,365.323236,344.355811,0.000000
1193,0.231518,0.695612,1.000000,0.666667,10.423579,3,0.400000,366.381057,344.063188,0.000000
1194,0.136666,0.686171,1.000000,0.666667,10.330012,3,0.400000,367.470946,343.838458,0.000000
1195,0.125666,0.799174,1.000000,0.666667,9.958313,3,0.400000,368.304017,343.520666,0.000000
1196,0.144665,0.811983,1.000000,0.666667,10.212604,3,0.400000,369.543610,343.174953,0.000000
1197,0.139682,0.776279,1.000000,0.666667,10.470564,3,0.400000,370.664552,342.861776,0.000000
1198,0.172274,0.781953,1.000000,0.666667,10.034499,3,0.400000,371.533190,342.515449,0.000000
1199,0.135965,0.795842,1.000000,0.666667,9.764738,3,0.400000,372.313775,342.190116,0.000000
1200,0.087390,0.748230,1.000000,0.666667,9.692476,3,0.400000,372.346747,341.948679,0.000000
1201,0.062623,0.779150,1.000000,0.666667,9.112764,3,0.400000,373.056586,341.713075,0.000000
1202,0.043099,0.881115,1.000000,0.666667,8.776674,3,0.400000,374.227650,341.458086,0.000000
1203,0.070327,0.936243,1.000000,0.666667,9.740951,3,0.400000,375.432256,341.146142,0.000000
1204,0.021998,0.853938,1.000000,0.666667,9.409552,3,0.400000,376.066244,340.936635,0.000000
1205,0.046762,0.822582,1.000000,0.666667,10.081609,3,0.400000,377.178555,340.698774,0.000000
1206,0.114829,0.781935,1.000000,0.666667,11.120367,3,0.400000,378.348273,340.404494,0.000000
1207,0.186190,0.877655,1.000000,0.666667,10.551914,3,0.400000,379.253321,339.976285,0.000000
1208,0.174965,0.893131,1.000000,0.666667,10.429098,3,0.400000,379.496212,339.551412,0.000000
1209,0.148394,0.954093,1.000000,0.666667,9.703881,3,0.400000,380.423110,339.135319,0.000000
1210,0.082365,0.991875,1.000000,0.666667,9.149593,3,0.400000,381.699773,338.799343,0.033333
1211,0.080586,0.921101,1.000000,0.666667,9.864683,3,0.400000,382.953582,338.476010,0.033333
1212,0.112880,0.889648,1.000000,0.666667,11.186222,3,0.400000,383.785636,338.121015,0.033333
1213,0.129905,0.881065,1.000000,0.666667,10.406575,3,0.400000,384.231487,337.749855,0.033333
1214,0.101955,0.884561,1.000000,0.666667,10.120444,3,0.400000,384.551571,337.410287,0.033333
1215,0.083996,0.865540,1.000000,0.666667,10.307651,3,0.400000,385.498338,337.101583,0.033333
1216,0.038485,0.848439,1.000000,0.666667,10.903548,3,0.400000,386.735961,336.865518,0.033333
1217,0.083789,0.955609,1.000000,0.666667,10.763563,3,0.400000,387.930195,336.530670,0.033333
1218,0.162449,0.889611,1.000000,0.666667,10.848978,3,0.400000,389.262521,336.120302,0.033333
1219,0.157567,0.919688,1.000000,0.666667,10.825360,3,0.400000,390.249944,335.703057,0.066667
1220,0.181975,0.911591,1.000000,0.666667,9.993343,3,0.400000,391.618765,335.263134,0.066667
1221,0.183413,0.934202,1.000000,0.666667,10.526366,3,0.400000,392.909485,334.813945,0.066667
1222,0.175467,0.983170,1.000000,0.666667,10.943081,3,0.400000,393.724824,334.364072,0.066667
1223,0.208469,0.998982,1.000000,0.666667,10.858453,3,0.400000,393.884987,333.879458,0.066667
1224,0.208882,0.975375,1.000000,0.666667,10.978720,3,0.400000,393.797164,333.395878,0.066667
1225,0.122951,0.984834,1.000000,0.666667,10.929797,3,0.400000,393.776697,333.006211,0.100000
1226,0.143140,0.937331,1.000000,0.666667,10.461505,3,0.400000,393.991781,332.599836,0.100000
1227,0.105359,0.923765,1.000000,0.666667,10.105449,3,0.400000,394.081233,332.242651,0.133333
1228,0.082357,0.908561,1.000000,0.666667,9.084111,3,0.400000,394.823546,331.920335,0.133333
1229,0.189074,0.859591,1.000000,0.666667,9.761620,3,0.400000,395.131891,331.499903,0.133333
1230,0.216179,0.901175,1.000000,0.666667,10.962555,3,0.400000,395.389785,331.031157,0.133333
1231,0.219601,0.895110,1.000000,0.666667,11.171863,3,0.400000,396.332359,330.562187,0.133333
1232,0.162338,0.888939,1.000000,0.666667,11.076503,3,0.400000,397.685497,330.152248,0.133333
1233,0.161710,0.889906,1.000000,0.666667,11.106569,3,0.400000,398.570781,329.742512,0.133333
1234,0.181102,0.935725,1.000000,0.666667,9.899512,3,0.400000,398.800748,329.295268,0.133333
1235,0.276235,0.985331,1.000000,0.666667,9.446901,3,0.400000,398.751147,328.747798,0.133333
1236,0.275223,0.999806,1.000000,0.666667,9.713130,3,0.400000,399.354483,328.200640,0.133333
1237,0.200250,0.943399,1.000000,0.666667,10.480041,3,0.400000,399.247699,327.731791,0.133333
1238,0.119623,0.956304,1.000000,0.666667,9.412859,3,0.400000,399.710253,327.349452,0.133333
1239,0.100819,0.947104,1.000000,0.666667,8.731064,3,0.400000,400.773301,326.992777,0.200000
1240,0.066860,0.981105,1.000000,0.666667,7.581347,3,0.400000,402.074713,326.680335,0.233333
1241,0.020143,0.971325,1.000000,0.666667,6.569193,3,0.400000,403.154515,326.451473,0.233333
1242,0.038712,0.814549,1.000000,0.666667,6.690605,3,0.400000,404.316939,326.229323,0.233333
1243,0.030092,0.758328,1.000000,0.666667,7.904891,3,0.400000,405.105057,326.048051,0.233333
1244,-0.003199,0.747822,1.000000,0.666667,8.958968,3,0.400000,405.213781,325.925907,0.233333
1245,0.027820,0.718490,1.000000,0.666667,9.819649,3,0.400000,404.689225,325.770320,0.233333
1246,0.014641,0.678018,1.000000,0.666667,10.358660,3,0.400000,403.938197,325.654651,0.233333
1247,0.020622,0.668942,1.000000,0.666667,9.648335,3,0.400000,402.998583,325.537765,0.233333
1248,-0.010591,0.806154,1.000000,0.666667,9.118365,3,0.400000,402.379105,325.413102,0.233333
1249,-0.006881,0.907003,1.000000,0.666667,9.247287,3,0.400000,401.519770,325.256675,0.233333
1250,0.026331,0.998285,1.000000,0.666667,10.060881,3,0.400000,400.919898,325.014220,0.233333
1251,0.024582,0.856340,1.000000,0.666667,10.118068,3,0.400000,400.210570,324.799180,0.233333
1252,0.063961,0.821278,1.000000,0.666667,9.844899,3,0.400000,399.535890,324.538016,0.233333
1253,0.065559,0.820471,1.000000,0.666667,10.621184,3,0.400000,398.825215,324.275160,0.300000
1254,0.073384,0.837597,1.000000,0.666667,9.569372,3,0.400000,398.101141,323.993336,0.300000
1255,0.129505,0.874787,1.000000,0.666667,9.707509,3,0.400000,397.475907,323.625561,0.300000
1256,0.175824,0.831992,1.000000,0.666667,9.149742,3,0.400000,396.847623,323.235957,0.300000
1257,0.252850,0.808065,1.000000,0.666667,9.401343,3,0.400000,396.247119,322.801736,0.300000
1258,0.235725,0.839648,1.000000,0.666667,8.398199,3,0.400000,395.692837,322.354053,0.300000
1259,0.241403,0.853035,1.000000,0.666667,8.624950,3,0.400000,395.138699,321.891623,0.300000
1260,0.226135,0.905511,1.000000,0.666667,9.523190,3,0.400000,394.611845,321.411615,0.300000
1261,0.355922,0.906957,1.000000,0.666667,10.096639,3,0.400000,394.604705,320.823302,0.300000
1262,0.481371,0.934177,1.000000,0.666667,9.059938,3,0.400000,394.291834,320.132156,0.300000
1263,0.611978,0.886120,1.000000,0.666667,7.405637,3,0.400000,394.431236,319.391576,0.300000
1264,0.694307,0.859806,1.000000,0.666667,6.641674,3,0.400000,394.127891,318.632133,0.300000
1265,0.652858,0.819788,1.000000,0.666667,6.740255,3,0.400000,393.736650,317.943891,0.300000
1266,0.591908,0.826084,1.000000,0.666667,7.542716,3,0.400000,393.332099,317.278775,0.300000
1267,0.489423,0.869055,1.000000,0.666667,9.334828,3,0.400000,393.385518,316.626372,0.300000
1268,0.379523,0.890336,1.000000,0.666667,8.696046,3,0.400000,392.964358,316.030856,0.300000
1269,0.411438,0.929507,1.000000,0.666667,8.078660,3,0.400000,392.568947,315.390308,0.300000
1270,0.431548,0.921619,1.000000,0.666667,8.666428,3,0.400000,392.269177,314.739322,0.300000
1271,0.432117,0.923650,1.000000,0.666667,10.168151,3,0.400000,391.881803,314.086909,0.300000
1272,0.445547,0.933970,1.000000,0.666667,10.677400,3,0.400000,391.545185,313.420285,0.300000
1273,0.567369,0.868062,1.000000,0.666667,10.371544,3,0.400000,391.200430,312.721973,0.300000
1274,0.512271,0.877034,1.000000,0.666667,9.671102,3,0.400000,391.277869,312.048429,0.300000
1275,0.479613,0.900696,1.000000,0.666667,9.953088,3,0.400000,390.930519,311.377429,0.300000
1276,0.416715,0.898400,0.966667,0.644444,10.636560,3,0.400000,390.528728,310.770735,0.300000
1277,0.337354,0.942870,0.966667,0.644444,10.226015,3,0.400000,390.113391,310.199873,0.300000
1278,0.444191,0.997962,0.966667,0.644444,9.255338,3,0.400000,390.246898,309.541873,0.300000
1279,0.360433,0.987091,0.966667,0.644444,9.084298,3,0.400000,390.989181,308.944524,0.300000
1280,0.479996,0.980508,0.966667,0.644444,9.900201,3,0.400000,391.135681,308.263681,0.300000
1281,0.349458,0.992308,0.966667,0.644444,10.260175,3,0.400000,390.761810,307.674352,0.300000
1282,0.358870,0.941246,0.966667,0.644444,10.882936,3,0.400000,390.361087,307.087808,0.300000
1283,0.367151,0.911879,0.966667,0.644444,9.674471,3,0.400000,389.939619,306.507832,0.300000
1284,0.418413,0.967355,0.966667,0.644444,9.759912,3,0.400000,389.669206,305.871091,0.300000
1285,0.304032,0.992888,0.966667,0.644444,10.438673,3,0.400000,389.217567,305.317581,0.300000
1286,0.276216,0.985302,0.966667,0.644444,9.235046,3,0.400000,388.854378,304.787645,0.300000
1287,0.354725,0.991078,0.966667,0.644444,8.316183,3,0.400000,389.076635,304.194361,0.300000
1288,0.455337,0.959057,0.966667,0.644444,9.139731,3,0.400000,390.031231,303.534237,0.300000
1289,0.351228,0.948784,0.966667,0.644444,10.111820,3,0.400000,391.435001,302.951001,0.300000
1290,0.181694,0.967898,0.966667,0.644444,9.306738,3,0.400000,392.837213,302.510359,0.300000
1291,0.109877,0.970771,0.966667,0.644444,8.926199,3,0.400000,393.836183,302.149454,0.300000
1292,0.187975,0.985085,0.933333,0.622222,9.324691,3,0.400000,394.273389,301.715178,0.300000
1293,0.202721,0.989457,0.933333,0.622222,10.248453,3,0.400000,394.078961,301.266651,0.300000
1294,0.150618,0.998447,0.933333,0.622222,9.402270,3,0.400000,393.481439,300.869629,0.300000
1295,0.167660,0.981108,0.933333,0.622222,7.977280,3,0.400000,392.995709,300.455696,0.300000
1296,0.173025,0.974809,0.933333,0.622222,7.355966,3,0.400000,393.027249,300.036947,0.300000
1297,0.286665,0.927104,0.933333,0.622222,7.428033,3,0.400000,392.610724,299.529087,0.300000
1298,0.303224,0.886893,0.933333,0.622222,8.119118,3,0.400000,392.066121,299.027806,0.300000
1299,0.241587,0.912573,0.933333,0.622222,9.228300,3,0.400000,391.601576,298.562130,0.300000
1300,0.142474,0.988624,0.933333,0.622222,10.194168,3,0.400000,391.143063,298.174061,0.300000
1301,0.141105,0.923349,0.933333,0.622222,9.686475,3,0.400000,390.736882,297.798376,0.300000
1302,0.176195,0.919817,0.933333,0.622222,9.290742,3,0.400000,390.279951,297.388494,0.300000
1303,0.159419,0.945485,0.900000,0.600000,8.357255,3,0.400000,390.038935,297.001364,0.300000
1304,0.257837,0.897662,0.900000,0.600000,7.940487,3,0.400000,390.497178,296.545215,0.300000
1305,0.251867,0.951174,0.900000,0.600000,8.313783,3,0.400000,391.618813,296.074919,0.300000
1306,0.272577,0.924171,0.900000,0.600000,8.653850,3,0.400000,393.036722,295.596252,0.300000
1307,0.242766,0.933725,0.900000,0.600000,8.186145,3,0.400000,394.140387,295.137996,0.300000
1308,0.217736,0.999081,0.900000,0.600000,7.818054,3,0.400000,394.637672,294.690970,0.300000
1309,0.172735,0.953808,0.900000,0.600000,8.126552,3,0.400000,394.453076,294.289357,0.300000
1310,0.105917,0.912921,0.900000,0.600000,8.265339,3,0.400000,393.819206,293.966239,0.300000
1311,0.117580,0.892442,0.900000,0.600000,8.270490,3,0.400000,393.171124,293.637071,0.300000
1312,0.079360,0.990642,0.900000,0.600000,8.606407,3,0.400000,392.471223,293.334051,0.300000
1313,0.101646,0.937129,0.900000,0.600000,9.673098,3,0.400000,392.123673,293.009891,0.300000
1314,0.086296,0.942771,0.900000,0.600000,9.930070,3,0.400000,391.441693,292.702967,0.300000
1315,0.104592,0.984259,0.900000,0.600000,10.496438,3,0.400000,390.768872,292.369336,0.300000
1316,0.091631,0.946482,0.900000,0.600000,10.548504,3,0.400000,390.189639,292.055276,0.300000
1317,0.019315,0.950827,0.900000,0.600000,9.465494,3,0.400000,390.045485,291.845514,0.300000
1318,0.087546,0.908169,0.900000,0.600000,8.647174,3,0.400000,389.497971,291.544951,0.300000
1319,0.202771,0.864146,0.900000,0.600000,8.596567,3,0.400000,388.929086,291.150032,0.300000
1320,0.201001,0.926619,0.900000,0.600000,9.241198,3,0.400000,388.580222,290.729267,0.300000
1321,0.230921,0.948039,0.900000,0.600000,9.242609,3,0.400000,388.794539,290.276964,0.300000
1322,0.204929,0.932189,0.900000,0.600000,9.101160,3,0.400000,389.411202,289.851088,0.300000
1323,0.237858,0.944262,0.900000,0.600000,8.725526,3,0.400000,389.382232,289.393925,0.300000
1324,0.161902,0.947359,0.900000,0.600000,7.681011,3,0.400000,388.819332,289.003983,0.300000
1325,0.165369,0.949323,0.900000,0.600000,6.882734,3,0.400000,388.175647,288.610287,0.300000
1326,0.138424,0.983740,0.900000,0.600000,7.430890,3,0.400000,387.527530,288.239326,0.300000
1327,0.170241,0.996534,0.900000,0.600000,9.074206,3,0.400000,388.600729,287.835881,0.300000
1328,0.176999,0.961951,0.900000,0.600000,10.310877,3,0.400000,389.600521,287.428852,0.300000
1329,0.202636,0.940384,0.900000,0.600000,8.965171,3,0.400000,389.972617,287.002770,0.300000
1330,0.210194,0.937112,0.900000,0.600000,9.243076,3,0.400000,389.725783,286.570925,0.300000
1331,0.193784,0.937320,0.900000,0.600000,10.009807,3,0.400000,389.305711,286.153519,0.300000
1332,0.173896,0.885977,0.900000,0.600000,10.186451,3,0.400000,388.854056,285.772330,0.300000
1333,0.322058,0.886582,0.900000,0.600000,9.969701,3,0.400000,388.394048,285.275290,0.300000
1334,0.191887,0.909070,0.900000,0.600000,8.972487,3,0.400000,388.161435,284.868565,0.300000
1335,0.105617,0.977310,0.900000,0.600000,8.349786,3,0.400000,387.503173,284.534183,0.300000
1336,0.181017,0.963999,0.900000,0.600000,8.961284,3,0.400000,387.030986,284.123068,0.300000
1337,0.187725,0.936327,0.900000,0.600000,10.557530,3,0.400000,386.895554,283.711401,0.300000
1338,0.253897,0.870267,0.900000,0.600000,10.642741,3,0.400000,386.911479,283.272919,0.300000
1339,0.290469,0.867324,0.900000,0.600000,10.038203,3,0.400000,386.900157,282.809688,0.300000
1340,0.348743,0.924946,0.900000,0.600000,9.054931,3,0.400000,386.918144,282.275303,0.300000
1341,0.412065,0.909647,0.900000,0.600000,9.075790,3,0.400000,386.812384,281.706176,0.300000
1342,0.329089,0.912289,0.900000,0.600000,9.969701,3,0.400000,386.642387,281.190904,0.300000
1343,0.293644,0.906098,0.900000,0.600000,10.164482,3,0.400000,386.092040,280.703889,0.300000
1344,0.213545,0.914822,0.900000,0.600000,9.530762,3,0.400000,387.080706,280.276288,0.300000
1345,0.259778,0.930195,0.900000,0.600000,9.522629,3,0.400000,387.751146,279.805506,0.300000
1346,0.237431,0.944860,0.900000,0.600000,10.192368,3,0.400000,388.979639,279.348545,0.300000
1347,0.206333,0.988543,0.900000,0.600000,10.510720,3,0.400000,389.646233,278.911861,0.300000
1348,0.176662,0.972537,0.900000,0.600000,10.293964,3,0.400000,389.600110,278.503753,0.300000
1349,0.158236,0.944618,0.900000,0.600000,10.784204,3,0.400000,390.205841,278.117964,0.300000
1350,0.179875,0.989936,0.900000,0.600000,9.225003,3,0.400000,390.506202,277.705493,0.300000
1351,0.165323,0.951102,0.900000,0.600000,9.169641,3,0.400000,390.280069,277.311494,0.300000
1352,0.174928,0.982203,0.900000,0.600000,9.154195,3,0.400000,389.912844,276.904155,0.300000
1353,0.195842,0.969168,0.900000,0.600000,9.175055,3,0.400000,389.525288,276.478656,0.300000
1354,0.107086,0.901972,0.900000,0.600000,10.267956,3,0.400000,388.973762,276.157551,0.300000
1355,0.176266,0.932075,0.900000,0.600000,9.721054,3,0.400000,388.437081,275.757567,0.300000
1356,0.186837,0.975646,0.900000,0.600000,9.095035,3,0.400000,388.335229,275.339587,0.300000
1357,0.205733,0.997670,0.900000,0.600000,8.957835,3,0.400000,388.917119,274.903168,0.300000
1358,0.380307,0.970154,0.900000,0.600000,10.120886,3,0.400000,390.238159,274.334150,0.300000
1359,0.381171,0.975744,0.900000,0.600000,10.203710,3,0.400000,391.799278,273.763693,0.300000
1360,0.366131,0.997640,0.900000,0.600000,9.771772,3,0.400000,393.100624,273.201942,0.300000
1361,0.303543,0.996182,0.900000,0.600000,9.898873,3,0.400000,393.764382,272.685487,0.300000
1362,0.212576,0.953707,0.900000,0.600000,8.417072,3,0.400000,393.697258,272.247648,0.300000
1363,0.329649,0.951310,0.900000,0.600000,7.676642,3,0.400000,393.457414,271.718050,0.300000
1364,0.384091,0.962316,0.900000,0.600000,8.248217,3,0.400000,393.218020,271.147961,0.300000
1365,0.290531,0.941088,0.900000,0.600000,9.571873,3,0.400000,392.914563,270.650025,0.300000
1366,0.310176,0.996331,0.900000,0.600000,9.251776,3,0.400000,393.178862,270.128583,0.300000
1367,0.290010,0.978486,0.900000,0.600000,9.343275,3,0.400000,394.097582,269.623567,0.300000
1368,0.212292,0.916740,0.900000,0.600000,9.087452,3,0.400000,394.240689,269.196333,0.300000
1369,0.183008,0.910332,0.900000,0.600000,7.244553,3,0.400000,393.960810,268.797063,0.300000
1370,0.206949,0.957934,0.900000,0.600000,6.608292,3,0.400000,393.698595,268.363356,0.300000
1371,0.227663,0.968292,0.900000,0.600000,6.507026,3,0.400000,393.353905,267.910004,0.300000
1372,0.302937,0.930868,0.900000,0.600000,7.803528,3,0.400000,392.997808,267.406069,0.300000
1373,0.335096,0.901958,0.900000,0.600000,9.368459,3,0.400000,392.645631,266.891631,0.300000
1374,0.334116,0.837628,0.900000,0.600000,8.903627,3,0.400000,392.294673,266.421047,0.300000
1375,0.279786,0.826486,0.900000,0.600000,8.009418,3,0.400000,392.010280,265.994901,0.300000
1376,0.250219,0.910770,0.900000,0.600000,7.693465,3,0.400000,391.786498,265.538869,0.300000
1377,0.168231,0.901593,0.900000,0.600000,8.167739,3,0.400000,391.468609,265.156355,0.300000
1378,0.173893,0.845860,0.900000,0.600000,9.121323,3,0.400000,390.991975,264.796095,0.300000
1379,0.194099,0.862375,0.900000,0.600000,10.046636,3,0.400000,390.556170,264.409319,0.300000
1380,0.137894,0.831772,0.900000,0.600000,10.052724,3,0.400000,390.653929,264.088969,0.300000
1381,0.154259,0.870245,0.900000,0.600000,10.694304,3,0.400000,390.290706,263.732979,0.300000
1382,0.182099,0.903315,0.900000,0.600000,10.132402,3,0.400000,389.993707,263.337163,0.300000
1383,0.103622,0.926603,0.900000,0.600000,9.889118,3,0.400000,390.287439,263.013059,0.300000
1384,0.141522,0.944200,0.900000,0.600000,10.291092,3,0.400000,391.269649,262.644110,0.300000
1385,0.070159,0.993408,0.900000,0.600000,9.910095,3,0.400000,392.532206,262.353099,0.300000
1386,0.049072,0.920680,0.900000,0.600000,10.217764,3,0.400000,393.443468,262.099864,0.300000
1387,0.087406,0.960571,0.900000,0.600000,10.127561,3,0.400000,393.763782,261.788930,0.300000
1388,0.048064,0.996392,0.900000,0.600000,10.197809,3,0.400000,394.665926,261.529158,0.300000
1389,-0.018999,0.850420,0.900000,0.600000,10.765769,3,0.400000,395.741163,261.419299,0.300000
1390,-0.005715,0.735265,0.900000,0.600000,10.709994,3,0.400000,396.463039,261.311614,0.300000
1391,0.039721,0.790262,0.900000,0.600000,10.475551,3,0.400000,396.620984,261.116319,0.300000
1392,0.039261,0.837828,0.900000,0.600000,10.859938,3,0.400000,396.208846,260.901344,0.300000
1393,0.023008,0.728698,0.900000,0.600000,10.961570,3,0.400000,395.863156,260.757159,0.300000
1394,0.069045,0.634080,0.900000,0.600000,10.450644,3,0.400000,396.144830,260.638623,0.300000
1395,0.135897,0.590552,0.900000,0.600000,9.739635,3,0.400000,396.949588,260.534883,0.300000
1396,0.064212,0.628556,0.900000,0.600000,9.733670,3,0.400000,397.227865,260.423542,0.300000
1397,0.007458,0.620723,0.900000,0.600000,9.381289,3,0.400000,397.084526,260.353413,0.300000
1398,0.000712,0.836919,0.900000,0.600000,9.191074,3,0.400000,396.995079,260.201043,0.300000
1399,-0.004290,0.839623,0.900000,0.600000,9.013762,3,0.400000,397.577796,260.058059,0.300000
1400,-0.013349,0.925243,0.900000,0.600000,9.187273,3,0.400000,398.645744,259.921944,0.300000
1401,-0.017185,0.842623,0.900000,0.600000,9.733007,3,0.400000,399.722517,259.808539,0.300000
1402,0.034129,0.943486,0.900000,0.600000,9.998824,3,0.400000,400.517951,259.574325,0.300000
1403,0.050764,0.945011,0.900000,0.600000,9.251814,3,0.400000,400.677645,259.314438,0.300000
1404,0.064730,0.853717,0.900000,0.600000,9.768415,3,0.400000,401.521865,259.060136,0.300000
1405,0.125911,0.810664,0.900000,0.600000,10.264259,3,0.400000,401.768424,258.763491,0.300000
1406,0.105516,0.849187,0.900000,0.600000,8.366690,3,0.400000,401.421966,258.465245,0.300000
1407,0.078225,0.916206,0.900000,0.600000,7.235671,3,0.400000,401.076835,258.173939,0.300000
1408,0.010084,0.869532,0.900000,0.600000,7.400846,3,0.400000,401.267686,257.995454,0.300000
1409,0.024041,0.807466,0.900000,0.600000,8.787316,3,0.400000,402.120922,257.813799,0.300000
1410,0.074540,0.826315,0.900000,0.600000,9.858024,3,0.400000,402.410537,257.559978,0.300000
1411,0.183426,0.820493,0.900000,0.600000,9.942213,3,0.400000,402.253642,257.208280,0.300000
1412,0.196385,0.764269,0.900000,0.600000,10.568905,3,0.400000,403.197840,256.892222,0.300000
1413,0.081146,0.701663,0.900000,0.600000,9.091125,3,0.400000,403.689263,256.711281,0.300000
1414,0.017003,0.701142,0.900000,0.600000,8.412083,3,0.400000,403.421397,256.588367,0.300000
1415,0.002359,0.778175,0.900000,0.600000,8.908444,3,0.400000,402.939741,256.451508,0.300000
1416,-0.015249,0.763804,0.900000,0.600000,9.393979,3,0.400000,402.345248,256.352310,0.300000
1417,-0.019228,0.856538,0.900000,0.600000,10.091805,3,0.400000,401.750516,256.242052,0.300000
1418,-0.025582,0.924477,0.900000,0.600000,9.844003,3,0.400000,401.752022,256.144631,0.300000
1419,-0.014358,0.966135,0.900000,0.600000,9.916974,3,0.400000,402.451989,256.008289,0.300000
1420,-0.036595,0.724796,0.900000,0.600000,10.270806,3,0.400000,403.448798,255.983526,0.300000
1421,-0.034484,0.445181,0.900000,0.600000,9.626330,3,0.400000,404.026003,255.993065,0.300000
1422,0.009286,0.628955,0.900000,0.600000,9.530602,3,0.400000,404.063833,255.916943,0.300000
1423,0.021654,0.755737,0.900000,0.600000,9.846990,3,0.400000,403.586662,255.761045,0.300000
1424,0.066586,0.726529,0.900000,0.600000,9.803793,3,0.400000,403.123826,255.574007,0.300000
1425,0.114467,0.635611,0.900000,0.600000,9.523879,3,0.400000,402.670207,255.431083,0.300000
1426,0.063652,0.588215,0.900000,0.600000,10.119681,3,0.400000,402.768987,255.353722,0.300000
1427,0.049856,0.553661,0.900000,0.600000,10.569447,3,0.400000,403.489361,255.309554,0.300000
1428,0.046142,0.550384,0.900000,0.600000,9.923311,3,0.400000,403.550679,255.268936,0.300000
1429,0.096818,0.511857,0.900000,0.600000,10.525526,3,0.400000,403.097038,255.256633,0.300000
1430,0.127649,0.574421,0.900000,0.600000,11.450725,3,0.400000,402.701394,255.173000,0.300000
1431,0.131826,0.633830,0.900000,0.600000,10.072287,3,0.400000,402.335007,255.024029,0.300000
1432,0.131707,0.641403,0.900000,0.600000,8.991950,3,0.400000,402.627495,254.867244,0.300000
1433,0.043708,0.704392,0.900000,0.600000,8.175546,3,0.400000,403.509293,254.715545,0.300000
1434,0.012233,0.717501,0.900000,0.600000,8.205902,3,0.400000,404.642871,254.589953,0.300000
1435,-0.017410,0.821407,0.900000,0.600000,8.546492,3,0.400000,405.705402,254.481449,0.300000
1436,-0.015668,0.961134,0.900000,0.600000,7.359403,3,0.400000,406.333195,254.349103,0.300000
1437,0.005085,0.947320,0.900000,0.600000,7.792047,3,0.400000,406.340683,254.167319,0.300000
1438,0.055068,0.807277,0.900000,0.600000,9.467884,3,0.400000,406.087158,253.945187,0.300000
1439,0.097070,0.730885,0.900000,0.600000,8.910596,3,0.400000,405.672365,253.729375,0.300000
1440,0.159134,0.706414,0.900000,0.600000,8.604892,3,0.400000,405.503027,253.492072,0.300000
1441,0.181850,0.722915,0.900000,0.600000,9.407152,3,0.400000,405.239519,253.224722,0.300000
1442,0.130546,0.706462,0.900000,0.600000,10.716711,3,0.400000,404.656617,253.005226,0.300000
1443,0.154851,0.777464,0.900000,0.600000,8.840049,3,0.400000,404.046337,252.707887,0.300000
1444,0.170404,0.745287,0.900000,0.600000,7.355481,3,0.400000,404.074215,252.426570,0.300000
1445,0.223135,0.808390,0.900000,0.600000,6.914119,3,0.400000,405.146358,252.054126,0.300000
1446,0.248277,0.856651,0.900000,0.600000,7.685211,3,0.400000,405.611596,251.628270,0.300000
1447,0.231609,0.869840,0.900000,0.600000,9.363837,3,0.400000,406.710265,251.207072,0.300000
1448,0.183584,0.866641,0.900000,0.600000,8.857634,3,0.400000,408.108893,250.826840,0.300000
1449,0.228189,0.810039,0.900000,0.600000,9.022714,3,0.400000,409.190110,250.449482,0.300000
1450,0.205045,0.781233,0.900000,0.600000,8.822537,3,0.400000,409.598244,250.112454,0.300000
1451,0.432066,0.792909,0.900000,0.600000,8.805236,3,0.400000,409.530274,249.630124,0.300000
1452,0.441689,0.713960,0.900000,0.600000,8.914616,3,0.400000,409.056772,249.248592,0.300000
1453,0.324141,0.711114,0.900000,0.600000,9.878265,3,0.400000,408.562651,248.920816,0.300000
1454,0.313227,0.687153,0.900000,0.600000,9.024702,3,0.400000,408.073429,248.629929,0.300000
1455,0.313030,0.658103,0.900000,0.600000,9.491031,3,0.400000,407.554715,248.379992,0.300000
1456,0.184885,0.688304,0.900000,0.600000,10.066654,3,0.400000,406.993435,248.146988,0.300000
1457,0.132990,0.702562,0.900000,0.600000,9.291342,3,0.400000,406.424307,247.929490,0.300000
1458,0.112607,0.712387,0.900000,0.600000,9.648605,3,0.400000,405.859652,247.716924,0.300000
1459,0.093814,0.730502,0.900000,0.600000,11.172171,3,0.400000,405.302757,247.504008,0.300000
1460,0.067752,0.760574,0.900000,0.600000,10.435694,3,0.400000,404.724441,247.293756,0.300000
1461,0.067371,0.744195,0.900000,0.600000,9.685476,3,0.400000,404.685932,247.094246,0.300000
1462,0.136150,0.750403,0.900000,0.600000,10.264367,3,0.400000,404.177770,246.832823,0.300000
1463,0.095815,0.742319,0.900000,0.600000,10.826516,3,0.400000,403.551114,246.609459,0.300000
1464,0.096853,0.776558,0.900000,0.600000,10.704660,3,0.400000,403.418049,246.361302,0.300000
1465,0.115991,0.862692,0.900000,0.600000,10.478196,3,0.400000,404.011062,246.045962,0.300000
1466,0.037423,0.792060,0.900000,0.600000,9.663082,3,0.400000,405.054536,245.852719,0.300000
1467,0.000621,0.591323,0.900000,0.600000,9.477024,3,0.400000,406.150684,245.803254,0.300000
1468,0.038592,0.483535,0.900000,0.600000,9.597776,3,0.400000,407.029356,245.815808,0.300000
1469,0.020561,0.593197,0.900000,0.600000,9.533024,4,0.300000,407.404050,245.753794,0.300000
1470,0.018374,0.713115,0.900000,0.600000,9.930089,4,0.300000,407.152070,245.623069,0.300000
1471,0.043727,0.761890,0.900000,0.600000,10.921152,4,0.300000,406.473952,245.437412,0.300000
1472,0.038675,0.813016,0.900000,0.600000,10.829727,4,0.300000,405.753581,245.233204,0.300000
1473,-0.010555,0.840153,0.900000,0.600000,11.006734,4,0.300000,404.964762,245.103872,0.300000
1474,0.001231,0.910603,0.900000,0.600000,10.850052,4,0.300000,404.213194,244.934806,0.300000
1475,0.061277,0.968757,0.900000,0.600000,10.000238,4,0.300000,403.574490,244.657228,0.300000
1476,0.089651,0.924558,0.900000,0.600000,10.803676,4,0.300000,403.448654,244.349940,0.300000
1477,0.122314,0.929656,0.900000,0.600000,10.811258,4,0.300000,404.044262,244.004415,0.300000
1478,0.104417,0.906309,0.900000,0.600000,10.312744,4,0.300000,403.929379,243.684918,0.300000
1479,0.109784,0.915167,0.900000,0.600000,9.186479,4,0.300000,403.325945,243.356861,0.300000
1480,0.106099,0.933540,0.900000,0.600000,9.306576,4,0.300000,403.232626,243.028350,0.300000
1481,0.102805,0.916565,0.900000,0.600000,8.955416,4,0.300000,403.920327,242.707728,0.300000
1482,0.181360,0.949220,0.900000,0.600000,7.402118,4,0.300000,404.942079,242.298898,0.300000
1483,0.215605,0.914163,0.900000,0.600000,6.853171,4,0.300000,405.480772,241.869792,0.300000
1484,0.180638,0.899201,0.900000,0.600000,7.520633,4,0.300000,405.312949,241.476915,0.300000
1485,0.147619,0.918740,0.900000,0.600000,9.143752,4,0.300000,404.697466,241.108267,0.300000
1486,0.106249,0.928027,0.900000,0.600000,10.541155,4,0.300000,404.013441,240.780839,0.300000
1487,0.079893,0.919748,0.900000,0.600000,10.313024,4,0.300000,403.298277,240.486596,0.300000
1488,0.162078,0.988647,0.900000,0.600000,9.184445,4,0.300000,403.073300,240.091347,0.300000
1489,0.162873,0.954544,0.900000,0.600000,9.300249,4,0.300000,403.481295,239.699090,0.300000
1490,0.104136,0.880858,0.900000,0.600000,10.177549,4,0.300000,404.426396,239.388644,0.300000
1491,0.126488,0.877720,0.900000,0.600000,10.574926,4,0.300000,404.762197,239.056056,0.300000
1492,0.168322,0.894519,0.900000,0.600000,10.173823,4,0.300000,404.493457,238.676259,0.300000
1493,0.220179,0.900265,0.900000,0.600000,10.312248,4,0.300000,403.895787,238.248932,0.300000
1494,0.186867,0.869724,0.900000,0.600000,9.744109,4,0.300000,403.295858,237.864265,0.300000
1495,0.166939,0.842204,0.900000,0.600000,9.814750,4,0.300000,402.651469,237.512107,0.300000
1496,0.216976,0.923523,0.900000,0.600000,10.584341,4,0.300000,402.124694,237.078539,0.300000
1497,0.302271,0.881506,0.900000,0.600000,10.134316,4,0.300000,402.092844,236.598245,0.300000
1498,0.430773,0.809149,0.900000,0.600000,10.245773,4,0.300000,402.720327,236.098541,0.300000
1499,0.397561,0.800467,0.900000,0.600000,10.832382,4,0.300000,402.642862,235.625989,0.300000
1500,0.442449,0.792372,0.900000,0.600000,10.253382,4,0.300000,402.235137,235.138973,0.300000
1501,0.477717,0.783729,0.900000,0.600000,10.408982,4,0.300000,401.874018,234.645021,0.300000
1502,0.431508,0.777016,0.900000,0.600000,10.364651,4,0.300000,401.456115,234.181823,0.300000
1503,0.330287,0.803726,0.900000,0.600000,9.755109,4,0.300000,400.799603,233.744077,0.300000
1504,0.295525,0.795818,0.900000,0.600000,8.791686,4,0.300000,400.351715,233.334932,0.300000
1505,0.401329,0.810675,0.900000,0.600000,8.280216,4,0.300000,400.569068,232.849589,0.300000
1506,0.500591,0.860542,0.900000,0.600000,8.547078,4,0.300000,401.576580,232.262240,0.300000
1507,0.373499,0.880045,0.900000,0.600000,9.416170,4,0.300000,401.873706,231.735065,0.300000
1508,0.378749,0.941418,0.900000,0.600000,10.101722,4,0.300000,401.635575,231.174215,0.300000
1509,0.316331,0.974709,0.900000,0.600000,10.146866,4,0.300000,401.135422,230.649812,0.300000
1510,0.269361,0.994039,0.900000,0.600000,10.727193,4,0.300000,400.714259,230.159896,0.300000
1511,0.277427,0.993216,0.900000,0.600000,10.781045,4,0.300000,400.301695,229.663629,0.300000
1512,0.316084,0.993561,0.900000,0.600000,9.383857,4,0.300000,399.918760,229.137860,0.300000
1513,0.400878,0.988240,0.900000,0.600000,9.173153,4,0.300000,399.582520,228.552865,0.300000
1514,0.381353,0.953931,0.900000,0.600000,10.004018,4,0.300000,399.242033,227.986596,0.300000
1515,0.268570,0.912800,0.900000,0.600000,10.407156,4,0.300000,398.762179,227.515434,0.300000
1516,0.298808,0.838954,0.900000,0.600000,10.575428,4,0.300000,398.248899,227.066651,0.300000
1517,0.353650,0.883406,0.900000,0.600000,9.138765,4,0.300000,397.859595,226.550218,0.300000
1518,0.497144,0.869971,0.900000,0.600000,8.744468,4,0.300000,397.479256,225.956903,0.300000
1519,0.533096,0.868444,0.900000,0.600000,9.539219,4,0.300000,397.104175,225.345268,0.300000
1520,0.515122,0.901300,0.900000,0.600000,10.486477,4,0.300000,397.243480,224.719405,0.300000
1521,0.446643,0.927957,0.900000,0.600000,10.564268,4,0.300000,398.054651,224.119923,0.300000
1522,0.382855,0.961760,0.900000,0.600000,10.619451,4,0.300000,398.172466,223.550784,0.300000
1523,0.436775,0.959893,0.900000,0.600000,9.048689,4,0.300000,397.873347,222.946759,0.300000
1524,0.497669,0.892939,0.900000,0.600000,8.539959,4,0.300000,397.549758,222.336221,0.300000
1525,0.626861,0.875808,0.900000,0.600000,9.312180,4,0.300000,397.684878,221.669808,0.300000
1526,0.409384,0.894741,0.900000,0.600000,9.781448,4,0.300000,398.358053,221.110713,0.300000
1527,0.324663,0.956932,0.900000,0.600000,10.009972,4,0.300000,399.594063,220.583365,0.300000
1528,0.309125,0.993307,0.900000,0.600000,9.230804,4,0.300000,400.191527,220.062791,0.300000
1529,0.286297,0.979291,0.900000,0.600000,9.123112,4,0.300000,400.117516,219.560552,0.300000
1530,0.166001,0.974889,0.900000,0.600000,9.586885,4,0.300000,399.533161,219.162442,0.300000
1531,0.258805,0.899063,0.900000,0.600000,9.748197,4,0.300000,398.943889,218.704871,0.300000
1532,0.246808,0.855377,0.900000,0.600000,8.860778,4,0.300000,398.323323,218.280919,0.300000
1533,0.210717,0.930056,0.900000,0.600000,8.347396,4,0.300000,397.823121,217.850637,0.300000
1534,0.245018,0.964076,0.900000,0.600000,9.075312,4,0.300000,397.294854,217.383394,0.300000
1535,0.313169,0.984771,0.900000,0.600000,10.014162,4,0.300000,397.209490,216.860282,0.300000
1536,0.288785,0.964167,0.900000,0.600000,10.638198,4,0.300000,397.756763,216.358247,0.300000
1537,0.371920,0.915363,0.900000,0.600000,9.774265,4,0.300000,397.671786,215.812307,0.300000
1538,0.570297,0.867996,0.900000,0.600000,10.241495,4,0.300000,397.258534,215.181457,0.300000
1539,0.620197,0.833226,0.900000,0.600000,10.880206,4,0.300000,396.886327,214.560542,0.300000
1540,0.429773,0.818551,0.900000,0.600000,10.317695,4,0.300000,396.519267,214.051514,0.333333
1541,0.445424,0.828824,0.900000,0.600000,10.074249,4,0.300000,396.750215,213.523642,0.333333
1542,0.414693,0.907892,0.900000,0.600000,9.967453,4,0.300000,396.477371,212.953766,0.333333
1543,0.399411,0.939616,0.900000,0.600000,9.321367,4,0.300000,396.055047,212.379807,0.333333
1544,0.341595,0.943438,0.900000,0.600000,8.497472,4,0.300000,395.591827,211.843892,0.333333
1545,0.392604,0.941867,0.900000,0.600000,8.319132,4,0.300000,395.222004,211.273655,0.333333
1546,0.354919,0.944701,0.900000,0.600000,8.904716,4,0.300000,394.768257,210.728042,0.333333
1547,0.317451,0.897641,0.900000,0.600000,9.886644,4,0.300000,394.312802,210.228096,0.333333
1548,0.368947,0.900384,0.900000,0.600000,10.767052,4,0.300000,393.986355,209.691686,0.333333
1549,0.411412,0.865896,0.900000,0.600000,10.317695,4,0.300000,394.893622,209.150975,0.366667
1550,0.357058,0.906686,0.900000,0.600000,10.074249,3,0.433333,395.567884,208.619177,0.366667
1551,0.343754,0.951362,0.900000,0.600000,10.590168,3,0.433333,395.594518,208.079511,0.366667
1552,0.274421,0.963515,0.900000,0.600000,10.405121,3,0.433333,395.761378,207.588733,0.366667
1553,0.294608,0.980964,0.900000,0.600000,9.740073,3,0.433333,396.542304,207.079942,0.366667
1554,0.207574,0.987736,0.900000,0.600000,10.147654,3,0.433333,396.575345,206.642193,0.366667
1555,0.240686,0.986489,0.900000,0.600000,10.388761,3,0.433333,396.144411,206.175991,0.400000
1556,0.229824,0.997209,0.900000,0.600000,10.524486,3,0.433333,395.594515,205.718556,0.400000
1557,0.143645,0.944066,0.900000,0.600000,10.734701,3,0.433333,394.978371,205.347463,0.400000
1558,0.118092,0.917128,0.900000,0.600000,10.684172,3,0.433333,394.489768,205.009775,0.400000
1559,0.098911,0.956572,0.900000,0.600000,10.343620,3,0.433333,394.527160,204.685473,0.400000
1560,0.097067,0.907546,0.900000,0.600000,10.459660,3,0.433333,395.247615,204.373936,0.400000
1561,0.103867,0.943101,0.900000,0.600000,10.762495,3,0.433333,396.475092,204.046046,0.400000
1562,0.178762,0.980821,0.900000,0.600000,10.274305,3,0.433333,397.281505,203.635167,0.400000
1563,0.196199,0.973733,0.900000,0.600000,10.084196,3,0.433333,397.425068,203.208794,0.433333
1564,0.221547,0.994162,0.900000,0.600000,10.963413,3,0.433333,397.033136,202.758529,0.433333
1565,0.254753,0.970509,0.900000,0.600000,10.524486,3,0.433333,396.494443,202.282341,0.433333
1566,0.181257,0.971119,0.900000,0.600000,10.734701,3,0.433333,395.900093,201.870060,0.433333
1567,0.111321,0.998839,0.900000,0.600000,10.873202,3,0.433333,395.248566,201.528257,0.433333
1568,0.121146,0.927301,0.900000,0.600000,10.240651,3,0.433333,394.606592,201.184567,0.433333
1569,0.104916,0.963543,0.900000,0.600000,9.187219,3,0.433333,394.244512,200.852338,0.433333
1570,0.138453,0.912620,0.900000,0.600000,9.059505,3,0.433333,394.546700,200.494747,0.433333
1571,0.116174,0.878548,0.900000,0.600000,10.212995,3,0.433333,394.196187,200.172383,0.433333
1572,0.089030,0.871508,0.900000,0.600000,10.048127,3,0.433333,393.551824,199.882344,0.433333
1573,0.027945,0.906033,0.900000,0.600000,9.515361,3,0.433333,393.243709,199.664588,0.433333
1574,0.015233,0.974281,0.900000,0.600000,10.033938,3,0.433333,392.530487,199.460605,0.433333
1575,0.054764,0.841828,0.900000,0.600000,10.849097,3,0.433333,392.309362,199.223517,0.433333
1576,0.043403,0.851097,0.900000,0.600000,11.086605,3,0.433333,392.764015,198.997938,0.433333
1577,0.078176,0.890297,0.900000,0.600000,10.608489,3,0.433333,393.841972,198.714024,0.433333
1578,0.098827,0.957889,0.900000,0.600000,11.029798,3,0.433333,394.412131,198.389641,0.433333
1579,0.128756,0.962962,0.900000,0.600000,10.693892,3,0.433333,394.352626,198.030929,0.433333
1580,0.278651,0.914278,0.900000,0.600000,9.783628,3,0.433333,393.943787,197.551470,0.433333
1581,0.312945,0.937469,0.900000,0.600000,9.083387,3,0.433333,393.489150,197.037971,0.433333
1582,0.191977,0.974473,0.900000,0.600000,8.480219,3,0.433333,392.918778,196.615370,0.433333
1583,0.113764,0.972991,0.900000,0.600000,8.987201,3,0.433333,392.251437,196.272027,0.433333
1584,0.053281,0.995459,0.900000,0.600000,8.571510,3,0.433333,391.761945,196.004549,0.433333
1585,0.027673,0.996174,0.900000,0.600000,7.992987,3,0.433333,391.835845,195.777443,0.433333
1586,0.032249,0.867345,0.900000,0.600000,8.658080,3,0.433333,392.586440,195.562671,0.433333
1587,0.015163,0.793051,0.900000,0.600000,9.605380,3,0.433333,393.717091,195.399837,0.433333
1588,-0.000821,0.766624,0.900000,0.600000,10.491980,3,0.433333,394.854127,195.272483,0.433333
1589,0.064488,0.682560,0.900000,0.600000,10.253340,3,0.433333,395.724379,195.118579,0.433333
1590,0.098526,0.646850,0.900000,0.600000,8.782414,3,0.433333,395.966247,194.972849,0.433333
1591,0.088433,0.746248,0.900000,0.600000,8.282480,3,0.433333,395.617544,194.752896,0.433333
1592,0.127218,0.824953,0.900000,0.600000,7.946025,3,0.433333,395.067840,194.446321,0.433333
1593,0.161431,0.920631,0.900000,0.600000,7.898468,3,0.433333,394.520830,194.063645,0.433333
1594,0.132151,0.927652,0.900000,0.600000,7.957855,3,0.433333,393.910601,193.708212,0.433333
1595,0.170086,0.836922,0.900000,0.600000,8.467825,3,0.433333,393.329386,193.356574,0.433333
1596,0.240439,0.808964,0.900000,0.600000,8.977506,3,0.433333,392.816380,192.971488,0.433333
1597,0.341703,0.810819,0.900000,0.600000,9.044410,3,0.433333,392.376126,192.520078,0.433333
1598,0.404169,0.828662,0.900000,0.600000,9.004796,3,0.433333,392.430642,192.015348,0.433333
1599,0.400058,0.817986,0.900000,0.600000,9.674307,3,0.433333,393.151395,191.523278,0.433333
1600,0.414603,0.833916,0.900000,0.600000,9.846785,3,0.433333,393.218803,191.007683,0.433333
1601,0.412285,0.859634,0.900000,0.600000,9.309333,3,0.433333,392.855155,190.471294,0.433333
1602,0.415078,0.904001,0.900000,0.600000,9.534804,3,0.433333,392.459438,189.903279,0.433333
1603,0.294648,0.950817,0.900000,0.600000,10.378707,3,0.433333,391.970925,189.399605,0.433333
1604,0.356210,0.930076,0.900000,0.600000,10.148417,3,0.433333,391.721487,188.858062,0.433333
1605,0.387216,0.905080,0.900000,0.600000,10.546188,3,0.433333,392.062532,188.307198,0.433333
1606,0.300802,0.913207,0.900000,0.600000,9.823780,3,0.433333,393.025399,187.811734,0.433333
1607,0.333111,0.946828,0.900000,0.600000,8.015021,3,0.433333,393.337065,187.280851,0.433333
1608,0.481111,0.944412,0.900000,0.600000,7.156444,3,0.433333,393.175137,186.653895,0.433333
1609,0.442427,0.932193,0.900000,0.600000,7.644153,3,0.433333,392.797467,186.055246,0.433333
1610,0.270184,0.925966,0.900000,0.600000,9.253677,3,0.433333,392.305736,185.577766,0.433333
1611,0.118504,0.855828,0.900000,0.600000,9.420270,3,0.433333,392.014304,185.263080,0.433333
1612,0.137247,0.835271,0.900000,0.600000,8.618942,3,0.433333,392.385246,184.941261,0.433333
1613,0.100736,0.840481,0.900000,0.600000,7.620191,3,0.433333,393.359542,184.652206,0.433333
1614,0.109514,0.843184,0.900000,0.600000,6.923117,3,0.433333,394.673960,184.352800,0.433333
1615,0.117445,0.817130,0.900000,0.600000,6.972548,3,0.433333,395.872728,184.059964,0.433333
1616,0.092009,0.869951,0.900000,0.600000,7.733471,3,0.433333,397.103608,183.767168,0.433333
1617,0.117211,0.794113,0.900000,0.600000,8.732925,3,0.433333,397.869138,183.488973,0.433333
1618,0.144634,0.766402,0.900000,0.600000,9.502002,3,0.433333,397.968489,183.208169,0.433333
1619,0.133553,0.704891,0.900000,0.600000,9.424987,3,0.433333,397.528029,182.988105,0.433333
1620,0.146387,0.759434,0.900000,0.600000,9.622730,3,0.433333,397.032889,182.711583,0.433333
1621,0.094448,0.722345,0.900000,0.600000,9.557500,3,0.433333,396.380720,182.504358,0.433333
1622,0.025075,0.668933,0.900000,0.600000,9.326118,3,0.433333,395.564249,182.391578,0.433333
1623,-0.002154,0.718535,0.900000,0.600000,9.285575,3,0.433333,396.315154,182.284861,0.433333
1624,-0.019009,0.623988,0.900000,0.600000,10.420046,3,0.433333,396.646834,182.238048,0.433333
1625,-0.022953,0.777059,0.900000,0.600000,10.240600,3,0.433333,396.602111,182.153942,0.433333
1626,0.021540,0.778012,0.900000,0.600000,9.744617,3,0.433333,396.533117,181.988064,0.433333
1627,0.042133,0.777338,0.900000,0.600000,9.541453,3,0.433333,396.322118,181.796148,0.433333
1628,0.062816,0.721503,0.900000,0.600000,9.551332,3,0.433333,395.637632,181.615843,0.433333
1629,0.003482,0.621726,0.900000,0.600000,9.489416,3,0.433333,395.309942,181.548270,0.433333
1630,-0.002059,0.649866,0.900000,0.600000,8.785458,3,0.433333,394.509718,181.471772,0.433333
1631,0.005979,0.728564,0.900000,0.600000,8.109503,3,0.433333,395.575547,181.349225,0.433333
1632,-0.000377,0.741353,0.900000,0.600000,7.802416,3,0.433333,396.536942,181.230664,0.433333
1633,0.067583,0.915642,0.900000,0.600000,8.753526,3,0.433333,397.114285,180.953087,0.433333
1634,0.123134,0.955835,0.900000,0.600000,9.959914,3,0.433333,397.077517,180.601465,0.433333
1635,0.213407,0.946944,0.900000,0.600000,9.609923,3,0.433333,396.913214,180.164357,0.433333
1636,0.148920,0.921795,0.900000,0.600000,9.248066,3,0.433333,397.937431,179.793508,0.433333
1637,0.068539,0.955299,0.900000,0.600000,9.457898,3,0.433333,398.616196,179.507453,0.433333
1638,-0.022467,0.922685,0.900000,0.600000,10.462968,3,0.433333,399.625907,179.399033,0.433333
1639,-0.036103,0.877534,0.900000,0.600000,10.808630,3,0.433333,400.638407,179.359277,0.433333
1640,-0.021956,0.062130,0.900000,0.600000,10.293350,3,0.433333,401.183198,179.470585,0.433333
1641,-0.031789,0.325662,0.900000,0.600000,10.025177,3,0.433333,401.813182,179.508142,0.433333
1642,-0.037635,0.281527,0.900000,0.600000,10.667965,3,0.433333,401.818234,179.524235,0.433333
1643,-0.037304,0.268433,0.900000,0.600000,10.061840,3,0.433333,401.394865,179.544215,0.433333
1644,-0.023413,0.169228,0.900000,0.600000,9.668937,3,0.433333,400.854656,179.637594,0.433333
1645,-0.027178,0.538434,0.900000,0.600000,10.163346,3,0.433333,400.460322,179.626270,0.433333
1646,-0.022843,0.357563,0.900000,0.600000,9.828475,3,0.433333,400.692803,179.674001,0.433333
1647,-0.034378,0.371773,0.900000,0.600000,9.959753,3,0.433333,401.536668,179.696117,0.433333
1648,-0.004521,0.333245,0.900000,0.600000,9.249298,3,0.433333,401.842332,179.777455,0.433333
1649,0.010794,0.383553,0.900000,0.600000,8.852921,3,0.433333,401.483685,179.847479,0.433333
1650,0.028449,0.307035,0.900000,0.600000,9.236347,3,0.433333,401.751903,179.977543,0.433333
1651,0.041874,0.334740,0.900000,0.600000,9.686446,3,0.433333,402.543455,180.101615,0.433333
1652,-0.009546,0.371504,0.900000,0.600000,9.575617,3,0.433333,403.486987,180.160554,0.433333
1653,-0.018871,0.249625,0.900000,0.600000,9.033736,3,0.433333,404.294139,180.248045,0.433333
1654,-0.000536,0.044432,0.900000,0.600000,9.209835,3,0.433333,404.499089,180.418363,0.433333
1655,-0.022357,0.003261,0.900000,0.600000,8.881472,3,0.433333,404.076252,180.530434,0.433333
1656,-0.017261,0.037581,0.900000,0.600000,8.365841,3,0.433333,403.467720,180.658133,0.433333
1657,-0.004857,0.009643,0.900000,0.600000,8.626914,3,0.433333,403.552148,180.819957,0.433333
1658,0.017131,0.087636,0.900000,0.600000,8.310384,3,0.433333,403.820873,181.020343,0.433333
1659,-0.011351,0.133332,0.900000,0.600000,7.510816,3,0.433333,404.559664,181.153178,0.433333
1660,-0.001345,0.215683,0.900000,0.600000,7.388049,3,0.433333,404.779061,181.285708,0.433333
1661,0.000228,0.349890,0.900000,0.600000,8.026898,3,0.433333,405.158815,181.364562,0.433333
1662,0.056679,0.381063,0.900000,0.600000,8.020424,3,0.433333,405.922660,181.463821,0.433333
1663,0.066125,0.407677,0.900000,0.600000,9.014459,3,0.433333,406.672932,181.545299,0.433333
1664,0.089366,0.440870,0.900000,0.600000,9.915151,3,0.433333,407.675821,181.603354,0.433333
1665,0.133325,0.474191,0.900000,0.600000,9.580840,3,0.433333,408.471084,181.632635,0.433333
1666,0.117689,0.493315,0.900000,0.600000,9.911594,3,0.433333,408.687226,181.639629,0.433333
1667,0.066233,0.493360,0.900000,0.600000,9.948091,3,0.433333,408.546806,181.645365,0.433333
1668,0.013932,0.611843,0.900000,0.600000,10.142930,3,0.433333,408.536745,181.575688,0.433333
1669,0.019685,0.645180,0.900000,0.600000,8.932648,3,0.433333,408.665376,181.481788,0.433333
1670,0.016549,0.468931,0.900000,0.600000,9.028549,3,0.433333,409.329271,181.501857,0.433333
1671,-0.027937,0.472935,0.900000,0.600000,10.086487,3,0.433333,410.324391,181.509530,0.433333
1672,-0.021357,0.957476,0.900000,0.600000,10.507302,3,0.433333,411.305049,181.395053,0.433333
1673,0.011706,0.774126,0.900000,0.600000,10.285269,3,0.433333,412.462427,181.244940,0.433333
1674,-0.008171,0.638745,0.900000,0.600000,8.888135,3,0.433333,413.197435,181.179989,0.433333
1675,-0.020330,0.687049,0.900000,0.600000,8.736420,3,0.433333,413.284914,181.114033,0.433333
1676,-0.000709,0.723792,0.900000,0.600000,9.041108,3,0.433333,413.190917,181.003035,0.433333
1677,-0.022683,0.559812,0.900000,0.600000,9.014407,3,0.433333,412.981894,180.982279,0.433333
1678,0.030077,0.394613,0.900000,0.600000,9.646625,3,0.433333,413.382229,181.057307,0.433333
1679,0.062016,0.455950,0.900000,0.600000,8.799270,3,0.433333,414.308687,181.095713,0.433333
1680,0.002901,0.614041,0.900000,0.600000,8.501792,3,0.433333,415.365893,181.032651,0.433333
1681,-0.003728,0.538161,0.900000,0.600000,9.664405,3,0.433333,416.327881,181.012892,0.433333
1682,-0.019443,0.523313,0.900000,0.600000,8.793556,3,0.433333,416.793934,181.003938,0.433333
1683,-0.015759,0.720264,0.900000,0.600000,8.263917,3,0.433333,416.774261,180.919002,0.433333
1684,-0.016499,0.831135,0.900000,0.600000,8.411375,3,0.433333,417.443367,180.806095,0.433333
1685,-0.031402,0.873823,0.900000,0.600000,8.139126,3,0.433333,418.473040,180.737640,0.433333
1686,-0.011708,0.998623,0.900000,0.600000,7.738377,3,0.433333,419.534325,180.593186,0.433333
1687,-0.032337,0.841159,0.900000,0.600000,8.130570,3,0.433333,420.557157,180.532494,0.433333
1688,-0.025586,0.397949,0.900000,0.600000,7.816115,3,0.433333,421.091684,180.564050,0.433333
1689,-0.006435,0.303115,0.900000,0.600000,7.875646,3,0.433333,421.535271,180.655650,0.433333
1690,0.013213,0.268140,0.900000,0.600000,8.733341,3,0.433333,421.760120,180.789233,0.433333
1691,0.052756,0.220786,0.900000,0.600000,8.538100,3,0.433333,422.447367,180.994257,0.433333
1692,0.030573,0.165761,0.900000,0.600000,8.413690,3,0.433333,423.253171,181.195510,0.433333
1693,0.006531,0.190487,0.900000,0.600000,9.040662,3,0.433333,423.765505,181.350259,0.433333
1694,0.031964,0.000524,0.900000,0.600000,8.795115,3,0.433333,424.520356,181.584635,0.433333
1695,0.076056,0.012680,0.900000,0.600000,8.636766,3,0.433333,425.089832,181.883268,0.433333
1696,0.116974,0.022487,0.900000,0.600000,9.179780,3,0.433333,425.736981,182.230593,0.433333
1697,0.116925,0.115000,0.900000,0.600000,8.284358,3,0.433333,426.083987,182.556217,0.433333
1698,0.139811,0.093280,0.900000,0.600000,7.309426,3,0.433333,426.735209,182.913186,0.433333
1699,0.134287,0.073568,0.900000,0.600000,6.428221,3,0.433333,427.319364,183.270481,0.433333
1700,0.111552,0.043350,0.900000,0.600000,6.162625,3,0.433333,427.946744,183.609376,0.433333
1701,0.148463,0.095413,0.900000,0.600000,6.705237,3,0.433333,428.528739,183.974154,0.433333
1702,0.101337,0.152449,0.900000,0.600000,6.719242,3,0.433333,429.218744,184.267154,0.433333
1703,0.079463,0.167705,0.900000,0.600000,6.201130,3,0.433333,429.523963,184.529247,0.433333
1704,0.076517,0.180012,0.900000,0.600000,6.494160,3,0.433333,430.255516,184.782023,0.433333
1705,0.129773,0.154235,0.900000,0.600000,7.387005,3,0.433333,430.890722,185.102494,0.433333
1706,0.129640,0.195234,0.900000,0.600000,8.356795,3,0.433333,431.096192,185.398478,0.433333
1707,0.205509,0.207594,0.900000,0.600000,8.990802,3,0.433333,431.725344,185.744990,0.433333
1708,0.256336,0.175421,0.900000,0.600000,9.125867,3,0.433333,432.319923,186.153349,0.433333
1709,0.149952,0.206248,0.900000,0.600000,9.619491,3,0.433333,432.594897,186.458865,0.433333
1710,0.120355,0.150887,0.900000,0.600000,10.875022,3,0.433333,432.463646,186.771949,0.433333
1711,0.254181,0.068596,0.900000,0.600000,11.191570,3,0.433333,432.772538,187.238637,0.433333
1712,0.366014,0.054307,0.900000,0.600000,10.067143,3,0.433333,433.243869,187.792144,0.433333
1713,0.368178,0.151965,0.900000,0.600000,8.867412,3,0.433333,433.779293,188.292181,0.433333
1714,0.305875,0.234310,0.900000,0.600000,9.119548,3,0.433333,434.442197,188.675928,0.433333
1715,0.403914,0.213722,0.900000,0.600000,8.486017,3,0.433333,435.028647,189.135479,0.433333
1716,0.329318,0.211195,0.900000,0.600000,8.509184,3,0.433333,435.571190,189.557164,0.433333
1717,0.349726,0.209255,0.900000,0.600000,9.210551,3,0.433333,435.607507,189.992444,0.433333
1718,0.217269,0.209678,0.900000,0.600000,9.805131,3,0.433333,435.031695,190.345424,0.433333
1719,0.202878,0.185609,0.900000,0.600000,9.258239,3,0.433333,435.124430,190.707451,0.433333
1720,0.165009,0.168204,0.900000,0.600000,9.473082,3,0.433333,435.721822,191.051388,0.433333
1721,0.083973,0.163304,0.900000,0.600000,8.093822,3,0.433333,435.891325,191.320572,0.433333
1722,0.006204,0.185781,0.900000,0.600000,7.796098,3,0.433333,435.482334,191.476297,0.433333
1723,-0.002557,0.261535,0.900000,0.600000,9.124764,3,0.433333,434.799862,191.590226,0.433333
1724,-0.030345,0.212105,0.900000,0.600000,9.822896,3,0.433333,433.977990,191.652766,0.433333
1725,-0.035885,0.386562,0.900000,0.600000,9.819007,3,0.433333,433.071199,191.668400,0.433333
1726,-0.021217,0.591659,0.900000,0.600000,9.747194,3,0.433333,432.717724,191.635431,0.433333
1727,-0.022760,0.696484,0.900000,0.600000,9.507882,3,0.433333,433.075224,191.571354,0.433333
1728,-0.009324,0.698523,0.900000,0.600000,9.575617,3,0.433333,432.781255,191.483270,0.433333
1729,0.013165,0.879848,0.900000,0.600000,9.304224,3,0.433333,432.092950,191.296713,0.433333
1730,0.032567,0.991772,0.900000,0.600000,9.525967,3,0.433333,431.503561,191.061414,0.433333
1731,0.022048,0.935481,0.900000,0.600000,9.900425,3,0.433333,432.142304,190.848606,0.433333
1732,-0.007333,0.689871,0.900000,0.600000,9.430995,3,0.433333,433.116904,190.761030,0.433333
1733,-0.015095,0.669445,0.900000,0.600000,9.095684,3,0.433333,433.603494,190.692475,0.433333
1734,-0.003021,0.811486,0.900000,0.600000,9.332224,3,0.433333,433.485543,190.554504,0.433333
1735,0.009384,0.782969,0.900000,0.600000,7.745981,3,0.433333,433.047114,190.404473,0.433333
1736,-0.005405,0.866023,0.900000,0.600000,7.091927,3,0.433333,432.520354,190.257901,0.433333
1737,-0.011173,0.896962,0.900000,0.600000,7.906770,3,0.433333,432.009214,190.119580,0.433333
1738,0.016700,0.911407,0.900000,0.600000,9.536580,3,0.433333,433.162849,189.920126,0.433333
1739,-0.010531,0.877650,0.900000,0.600000,9.882605,3,0.433333,434.241737,189.783287,0.433333
1740,0.000222,0.862991,0.900000,0.600000,10.726627,3,0.433333,435.352247,189.625413,0.433333
1741,0.050234,0.777252,0.900000,0.600000,9.576639,3,0.433333,436.495192,189.424128,0.433333
1742,0.019554,0.870245,0.900000,0.600000,7.852723,3,0.433333,437.305773,189.228814,0.433333
1743,0.004610,0.898460,0.900000,0.600000,7.437235,3,0.433333,437.459062,189.054760,0.433333
1744,0.036380,0.841721,0.900000,0.600000,7.426119,3,0.433333,436.996214,188.842373,0.433333
1745,0.032384,0.858583,0.900000,0.600000,7.426135,3,0.433333,436.195721,188.630092,0.433333
1746,0.080911,0.902833,0.900000,0.600000,7.679630,3,0.433333,435.533353,188.339037,0.433333
1747,0.079066,0.851504,0.900000,0.600000,8.635409,3,0.433333,434.973550,188.068568,0.433333
1748,0.038600,0.849143,0.900000,0.600000,8.301902,3,0.433333,434.467480,187.850387,0.433333
1749,-0.022295,0.979214,0.900000,0.600000,7.981017,3,0.433333,433.951333,187.738331,0.433333
1750,0.022267,0.913750,0.900000,0.600000,8.658159,3,0.433333,434.190897,187.528620,0.433333
1751,0.095351,0.893507,0.900000,0.600000,9.593390,3,0.433333,433.877272,187.223433,0.433333
1752,0.200755,0.904056,0.900000,0.600000,10.519515,3,0.433333,433.656437,186.810905,0.433333
1753,0.158224,0.880704,0.900000,0.600000,10.879405,3,0.433333,433.245720,186.446355,0.433333
1754,0.087219,0.888814,0.900000,0.600000,9.928687,3,0.433333,432.674878,186.152132,0.433333
1755,0.093234,0.802071,0.900000,0.600000,9.685367,3,0.433333,432.037776,185.891525,0.433333
1756,0.041977,0.785090,0.900000,0.600000,8.999616,3,0.433333,431.813264,185.695930,0.433333
1757,0.052230,0.804285,0.900000,0.600000,8.588934,3,0.433333,431.185860,185.478609,0.433333
1758,0.017168,0.895566,0.900000,0.600000,8.960698,3,0.433333,431.117209,185.281402,0.433333
1759,-0.010191,0.825231,0.900000,0.600000,9.874878,3,0.433333,431.660746,185.154716,0.433333
1760,-0.018995,0.927629,0.900000,0.600000,10.874708,3,0.433333,431.527147,185.034662,0.433333
1761,0.005429,0.798693,0.900000,0.600000,10.192756,3,0.433333,430.846381,184.885388,0.433333
1762,0.023535,0.751648,0.900000,0.600000,10.164425,3,0.433333,430.094484,184.729025,0.433333
1763,0.048425,0.699441,0.900000,0.600000,10.278784,3,0.433333,429.279250,184.576257,0.433333
1764,0.019649,0.603677,0.900000,0.600000,9.334593,3,0.433333,428.831142,184.508022,0.466667
1765,0.019871,0.433092,0.900000,0.600000,9.450168,3,0.433333,428.949408,184.552411,0.466667
1766,0.005503,0.261832,0.900000,0.600000,8.544003,3,0.433333,429.585055,184.678348,0.466667
1767,0.065019,0.265899,0.900000,0.600000,8.091197,3,0.433333,430.158974,184.868839,0.466667
1768,0.004413,0.177521,0.900000,0.600000,8.711080,3,0.433333,430.207767,185.023976,0.500000
1769,-0.021357,0.102279,0.900000,0.600000,8.877690,3,0.433333,429.633750,185.133568,0.500000
1770,-0.028777,0.216080,0.900000,0.600000,8.780878,3,0.433333,428.636841,185.201204,0.500000
1771,-0.029813,0.054842,0.900000,0.600000,7.799640,3,0.433333,427.609057,185.282119,0.500000
1772,0.019453,0.444125,0.900000,0.600000,8.397995,3,0.433333,427.614318,185.319118,0.500000
1773,0.017673,0.413860,0.900000,0.600000,8.045674,3,0.433333,427.887914,185.374946,0.500000
1774,0.024731,0.453896,0.900000,0.600000,7.092535,3,0.433333,427.506483,185.406860,0.500000
1775,0.026056,0.559322,0.900000,0.600000,6.170865,3,0.433333,427.032344,185.365164,0.500000
1776,0.019920,0.740377,0.900000,0.600000,5.812006,3,0.433333,426.608100,185.218835,0.500000
1777,0.010138,0.717116,0.900000,0.600000,5.913164,3,0.433333,426.031571,185.096033,0.500000
1778,0.007491,0.479054,0.900000,0.600000,6.716469,3,0.433333,425.262061,185.108385,0.500000
1779,0.015406,0.393859,0.900000,0.600000,7.711589,3,0.433333,424.488731,185.175375,0.500000
1780,0.008800,0.355313,0.900000,0.600000,8.445138,3,0.433333,423.858550,185.259593,0.500000
1781,0.007557,0.307689,0.900000,0.600000,9.025091,3,0.433333,423.377222,185.367154,0.500000
1782,0.027386,0.358893,0.900000,0.600000,8.088683,3,0.433333,423.090311,185.464247,0.500000
1783,0.047903,0.461724,0.900000,0.600000,8.625057,3,0.433333,422.299514,185.495203,0.500000
1784,0.040955,0.384035,0.900000,0.600000,8.511450,3,0.433333,421.634730,185.583738,0.500000
1785,0.071789,0.386000,0.900000,0.600000,8.815895,2,0.700000,421.721824,185.686329,0.500000
1786,0.106203,0.404112,0.900000,0.600000,8.540241,2,0.700000,421.155740,185.785720,0.500000
1787,0.072528,0.420196,0.900000,0.600000,7.767272,2,0.700000,420.189119,185.858498,0.500000
1788,0.231812,0.422532,0.900000,0.600000,7.686241,2,0.700000,419.239504,185.968607,0.533333
1789,0.260679,0.361815,0.900000,0.600000,8.095551,2,0.700000,418.620701,186.171264,0.533333
1790,0.187952,0.368738,0.900000,0.600000,8.857581,2,0.700000,418.103001,186.339291,0.533333
1791,0.228067,0.409761,0.900000,0.600000,9.966228,2,0.700000,417.644307,186.466312,0.533333
1792,0.258266,0.405445,0.900000,0.600000,9.404537,2,0.700000,417.202827,186.606562,0.533333
1793,0.137546,0.327703,0.900000,0.600000,9.492441,2,0.700000,416.626801,186.797199,0.533333
1794,0.050129,0.277279,0.900000,0.600000,9.041081,2,0.700000,416.006615,186.966376,0.533333
1795,0.043840,0.196112,0.900000,0.600000,8.799250,2,0.700000,415.326382,187.173101,0.533333
1796,0.092391,0.152833,0.900000,0.600000,9.327248,2,0.700000,414.700206,187.456396,0.533333
1797,0.097402,0.108759,0.900000,0.600000,9.118530,2,0.700000,414.129161,187.763082,0.533333
1798,0.080057,0.208635,0.900000,0.600000,8.757881,2,0.700000,413.604693,188.004031,0.533333
1799,0.105083,0.292688,0.900000,0.600000,7.926356,2,0.700000,412.602500,188.206689,0.533333
1800,0.113869,0.315987,0.900000,0.600000,6.929573,2,0.700000,411.953671,188.394821,0.500000
1801,0.072789,0.239189,0.900000,0.600000,6.261387,2,0.700000,411.869874,188.609964,0.466667
1802,0.069747,0.248926,0.900000,0.600000,6.364688,2,0.700000,411.818631,188.815975,0.466667
1803,0.046289,0.150357,0.866667,0.577778,6.364688,2,0.700000,411.071508,189.038244,0.466667
1804,0.047508,0.128838,0.866667,0.577778,6.364688,2,0.700000,409.903455,189.269302,0.466667
1805,0.111743,0.078270,0.866667,0.577778,6.364688,2,0.700000,409.054987,189.590374,0.500000
1806,0.123797,0.164904,0.866667,0.577778,6.364688,2,0.700000,408.166592,189.889109,0.466667
1807,0.122419,0.288394,0.866667,0.577778,6.364688,2,0.700000,407.772019,190.100198,0.466667
1808,0.128366,0.346424,0.866667,0.577778,6.364688,2,0.700000,407.389775,190.261737,0.466667
1809,0.119345,0.330525,0.866667,0.577778,6.364688,2,0.700000,407.424027,190.433718,0.466667
1810,0.162595,0.206952,0.866667,0.577778,6.364688,2,0.700000,406.764919,190.738055,0.466667
1811,0.196597,0.166091,0.866667,0.577778,6.364688,2,0.700000,406.733567,191.096306,0.466667
1812,0.106307,0.114214,0.866667,0.577778,6.364688,2,0.700000,406.061518,191.400634,0.466667
1813,0.060661,0.123856,0.866667,0.577778,6.364688,2,0.700000,406.127225,191.650080,0.466667
1814,0.018336,0.230843,0.866667,0.577778,6.364688,2,0.700000,405.696463,191.803640,0.500000
1815,0.021841,0.322640,0.866667,0.577778,6.364688,2,0.700000,405.826406,191.915312,0.466667
1816,0.032106,0.296296,0.866667,0.577778,6.364688,2,0.700000,405.336330,192.051498,0.466667
1817,0.009124,0.232561,0.866667,0.577778,6.364688,2,0.700000,405.519966,192.191739,0.466667
1818,-0.001076,0.015766,0.866667,0.577778,6.364688,2,0.700000,404.979875,192.359200,0.500000
1819,-0.018991,0.041671,0.866667,0.577778,6.364688,2,0.700000,405.167451,192.481326,0.500000
1820,-0.016155,0.069316,0.866667,0.577778,6.364688,2,0.700000,404.672934,192.609455,0.500000
1821,-0.017905,0.072059,0.866667,0.577778,6.364688,2,0.700000,404.869139,192.732552,0.500000
1822,-0.024993,0.276589,0.866667,0.577778,6.364688,2,0.700000,404.445063,192.799753,0.500000
1823,-0.013090,0.694326,0.866667,0.577778,6.364688,2,0.700000,403.659626,192.719799,0.533333
1824,0.020534,0.786359,0.866667,0.577778,6.364688,2,0.700000,403.473453,192.556018,0.533333
1825,-0.021477,0.880649,0.866667,0.577778,6.364688,2,0.700000,403.907157,192.448388,0.533333
1826,-0.026419,0.874478,0.866667,0.577778,6.364688,2,0.700000,404.849851,192.356946,0.533333
1827,-0.009806,0.897483,0.866667,0.577778,6.364688,2,0.700000,405.319650,192.216863,0.533333
1828,0.030969,0.942035,0.866667,0.577778,6.364688,2,0.700000,405.180198,191.994205,0.533333
1829,0.087430,0.868078,0.866667,0.577778,6.364688,2,0.700000,404.570801,191.716481,0.533333
1830,0.059701,0.884727,0.866667,0.577778,6.364688,2,0.700000,403.840638,191.465521,0.533333
1831,0.116598,0.993784,0.866667,0.577778,6.364688,2,0.700000,403.590767,191.129284,0.533333
1832,0.154229,0.942589,0.866667,0.577778,6.364688,2,0.700000,404.039540,190.760812,0.533333
1833,0.202609,0.906859,0.866667,0.577778,6.364688,2,0.700000,405.150511,190.359976,0.566667
1834,0.141758,0.884477,0.866667,0.577778,6.364688,2,0.700000,405.579510,190.021222,0.566667
1835,0.181091,0.891381,0.866667,0.577778,6.364688,2,0.700000,405.388864,189.644619,0.566667
1836,0.152239,0.913899,0.866667,0.577778,6.364688,2,0.700000,404.852767,189.285530,0.600000
1837,0.130486,0.890648,0.866667,0.577778,6.364688,2,0.700000,404.277611,188.955099,0.600000
1838,0.113396,0.981163,0.866667,0.577778,6.364688,2,0.700000,404.165509,188.622835,0.600000
1839,0.106829,0.921506,0.866667,0.577778,6.364688,2,0.700000,404.714196,188.307027,0.600000
1840,0.102678,0.941678,0.866667,0.577778,6.364688,2,0.700000,405.073727,187.991384,0.600000
1841,0.101877,0.979023,0.866667,0.577778,6.364688,2,0.700000,406.314840,187.671974,0.600000
1842,0.190657,0.981831,0.866667,0.577778,6.364688,2,0.700000,407.411457,187.264488,0.600000
1843,0.217200,0.892493,0.866667,0.577778,6.364688,2,0.700000,407.896435,186.857789,0.600000
1844,0.215756,0.955221,0.866667,0.577778,6.364688,2,0.700000,407.735593,186.432243,0.600000
1845,0.171666,0.930240,0.866667,0.577778,6.364688,2,0.700000,407.395067,186.050590,0.600000
1846,0.164503,0.898924,0.866667,0.577778,6.364688,2,0.700000,407.105614,185.685451,0.600000
1847,0.180824,0.926489,0.866667,0.577778,6.364688,2,0.700000,406.821966,185.296677,0.600000
1848,0.136660,0.889188,0.866667,0.577778,6.364688,2,0.700000,406.466496,184.960869,0.600000
1849,0.127004,0.849705,0.866667,0.577778,6.364688,2,0.700000,406.154179,184.651506,0.600000
1850,0.081440,0.780328,0.866667,0.577778,6.364688,2,0.700000,405.815807,184.423025,0.633333
1851,0.041290,0.702422,0.866667,0.577778,5.890946,2,0.700000,405.402897,184.279014,0.633333
1852,0.003153,0.716369,0.866667,0.577778,5.471101,2,0.700000,404.972365,184.167992,0.633333
1853,-0.014750,0.803436,0.866667,0.577778,6.181664,2,0.700000,404.493207,184.057874,0.633333
1854,0.006316,0.723265,0.866667,0.577778,6.364688,2,0.700000,404.685714,183.939800,0.633333
1855,0.065848,0.729641,0.866667,0.577778,6.364688,2,0.700000,404.299621,183.757071,0.633333
1856,0.037432,0.781898,0.866667,0.577778,6.364688,2,0.700000,404.566693,183.573903,0.633333
1857,0.089514,0.807501,0.866667,0.577778,6.364688,2,0.700000,404.728022,183.322224,0.666667
1858,0.143053,0.815150,0.866667,0.577778,6.364688,2,0.700000,405.438763,183.018122,0.666667
1859,0.165835,0.802714,0.866667,0.577778,6.364688,2,0.700000,405.479705,182.704137,0.666667
1860,0.133941,0.852938,0.866667,0.577778,6.364688,2,0.700000,405.043249,182.386793,0.666667
1861,0.239603,0.827012,0.866667,0.577778,6.364688,2,0.700000,405.274166,182.002016,0.666667
1862,0.123491,0.820395,0.866667,0.577778,6.364688,2,0.700000,406.082189,181.711564,0.666667
1863,0.067076,0.841842,0.866667,0.577778,6.364688,2,0.700000,406.169881,181.467055,0.666667
1864,0.071272,0.834881,0.866667,0.577778,6.364688,2,0.700000,405.680096,181.220810,0.666667
1865,0.060403,0.844764,0.866667,0.577778,6.364688,2,0.700000,405.069484,180.982876,0.666667
1866,0.037251,0.867328,0.866667,0.577778,6.364688,2,0.700000,404.968801,180.766868,0.666667
1867,0.032048,0.941677,0.866667,0.577778,6.364688,2,0.700000,404.341570,180.542570,0.666667
1868,0.039096,0.925041,0.866667,0.577778,6.364688,2,0.700000,404.259392,180.310150,0.666667
1869,0.064875,0.914271,0.866667,0.577778,6.364688,2,0.700000,404.896860,180.044843,0.666667
1870,0.116079,0.899758,0.866667,0.577778,6.364688,2,0.700000,404.908137,179.725580,0.666667
1871,0.048169,0.926651,0.866667,0.577778,6.364688,2,0.700000,404.307048,179.479897,0.666667
1872,-0.001281,0.906317,0.866667,0.577778,6.364688,2,0.700000,404.159286,179.319856,0.666667
1873,-0.011366,0.957461,0.866667,0.577778,6.364688,2,0.700000,404.678144,179.177332,0.700000
1874,0.000435,0.962001,0.866667,0.577778,6.364688,2,0.700000,405.730778,179.007658,0.700000
1875,0.020323,0.946759,0.866667,0.577778,6.364688,2,0.700000,406.316792,178.801841,0.700000
1876,0.049349,0.867779,0.866667,0.577778,6.364688,2,0.700000,406.251161,178.569387,0.700000
1877,0.034532,0.891451,0.866667,0.577778,6.364688,2,0.700000,405.718457,178.350720,0.700000
1878,0.042083,0.857363,0.866667,0.577778,6.364688,2,0.700000,405.269235,178.131249,0.700000
1879,0.078885,0.864372,0.866667,0.577778,6.364688,2,0.700000,405.502613,177.864386,0.700000
1880,0.026154,0.926723,0.866667,0.577778,6.364688,2,0.700000,405.046964,177.651564,0.700000
1881,-0.017778,0.792981,0.866667,0.577778,6.364688,2,0.700000,405.116262,177.550725,0.700000
1882,-0.010135,0.830777,0.866667,0.577778,6.364688,2,0.700000,405.863201,177.424115,0.700000
1883,-0.004787,0.814198,0.866667,0.577778,6.364688,2,0.700000,406.141061,177.291026,0.700000
1884,0.019774,0.676381,0.866667,0.577778,6.364688,2,0.700000,405.730661,177.181609,0.700000
1885,0.034373,0.698517,0.866667,0.577778,6.364688,2,0.700000,406.717968,177.046157,0.700000
1886,0.077777,0.607747,0.866667,0.577778,6.364688,2,0.700000,407.135384,176.949095,0.700000
1887,0.127572,0.634072,0.866667,0.577778,6.364688,2,0.700000,406.919043,176.806576,0.700000
1888,0.069648,0.626012,0.866667,0.577778,5.547724,2,0.700000,407.350137,176.697869,0.700000
1889,0.078729,0.488812,16.260541,10.840361,4.990495,2,0.700000,409.983333,176.646358,0.700000
1890,0.021759,0.954268,0.746591,0.497728,5.000000,2,0.700000,411.140896,176.486611,0.700000
1891,0.043060,0.992458,0.722522,0.481681,5.000000,2,0.700000,412.312805,176.311579,0.700000
1892,0.034289,0.951114,0.647852,0.431901,5.000000,2,0.700000,413.486791,176.131779,0.700000
1893,0.048736,0.843820,0.610037,0.406691,5.000000,2,0.700000,414.662694,175.942366,0.700000
1894,0.078520,0.684222,0.690084,0.460056,5.000000,2,0.700000,415.755826,175.804147,0.700000
1895,0.125316,0.700878,0.725717,0.483811,5.000000,2,0.700000,416.876464,175.602575,0.700000
1896,0.148780,0.702855,0.703726,0.469151,5.000000,2,0.700000,417.975196,175.399320,0.700000
1897,0.085231,0.874939,0.866667,0.577778,5.412185,2,0.700000,419.160200,175.121457,0.700000
1898,0.086665,0.925234,0.866667,0.577778,5.317502,2,0.700000,420.341058,174.827290,0.700000
1899,0.177974,0.428934,1.121356,0.747571,5.000000,2,0.700000,420.443725,174.947918,0.700000
1900,0.077596,0.750585,0.685510,0.457006,5.000000,2,0.700000,420.247867,174.772428,0.700000
1901,0.091736,0.835261,0.693265,0.462177,5.000000,2,0.700000,419.797275,174.572105,0.700000
1902,0.007257,0.815917,0.664585,0.443057,5.000000,2,0.700000,419.224104,174.437645,0.700000
1903,-0.035031,0.914229,0.691313,0.460875,5.000000,2,0.700000,418.541283,174.407249,0.700000
1904,-0.033900,0.219435,0.608379,0.405586,5.000000,2,0.700000,418.404294,174.445277,0.700000
1905,-0.015084,0.637817,0.866667,0.577778,5.421873,2,0.700000,419.090067,174.388952,0.700000
1906,0.067145,0.600753,0.866667,0.577778,6.369971,2,0.700000,419.164084,174.302165,0.700000
1907,0.054925,0.592387,0.866667,0.577778,6.493336,2,0.700000,418.589187,174.227051,0.700000
1908,0.137787,0.482465,0.866667,0.577778,6.493336,2,0.700000,418.562628,174.246413,0.700000
1909,0.150303,0.445070,0.866667,0.577778,6.493336,2,0.700000,419.140347,174.309690,0.700000
1910,0.092598,0.378922,0.866667,0.577778,6.493336,2,0.700000,420.016357,174.424346,0.700000
1911,0.050333,0.292063,0.866667,0.577778,6.493336,2,0.700000,420.861244,174.579467,0.700000
1912,-0.028820,0.212756,0.866667,0.577778,6.493336,2,0.700000,421.674276,174.649981,0.700000
1913,-0.035806,0.219512,0.866667,0.577778,6.493336,2,0.700000,422.630588,174.692439,0.700000
1914,-0.035216,0.947103,0.866667,0.577778,6.493336,2,0.700000,423.466283,174.634467,0.700000
1915,-0.003612,0.768601,0.866667,0.577778,6.493336,2,0.700000,423.783566,174.513304,0.700000
1916,0.067919,0.973039,0.866667,0.577778,6.493336,2,0.700000,423.581253,174.235123,0.700000
1917,0.164458,0.994000,0.866667,0.577778,6.006254,2,0.700000,423.100216,173.850920,0.700000
1918,0.137166,0.913688,0.866667,0.577778,5.750554,2,0.700000,423.107996,173.506258,0.700000
1919,0.095726,0.918538,0.866667,0.577778,6.309631,2,0.700000,422.548971,173.203348,0.700000
1920,0.079692,0.981666,0.866667,0.577778,6.351167,2,0.700000,422.506606,172.909821,0.700000
1921,0.055514,0.942831,0.866667,0.577778,5.865188,2,0.700000,423.115792,172.651394,0.700000
1922,0.059082,0.883075,0.866667,0.577778,6.201483,2,0.700000,423.035022,172.401708,0.700000
1923,0.082827,0.896766,0.866667,0.577778,6.493336,2,0.700000,422.459002,172.119369,0.700000
1924,0.114690,0.869734,0.866667,0.577778,6.493336,2,0.700000,421.774721,171.812672,0.700000
1925,0.072813,0.771730,0.866667,0.577778,6.493336,2,0.700000,421.016702,171.597435,0.700000
1926,0.055725,0.782827,0.866667,0.577778,6.493336,2,0.700000,420.224437,171.393280,0.700000
1927,0.143728,0.857273,0.866667,0.577778,6.493336,2,0.700000,419.785155,171.064947,0.700000
1928,0.217403,0.864345,0.866667,0.577778,6.493336,2,0.700000,420.003102,170.672256,0.700000
1929,0.201812,0.936417,0.866667,0.577778,6.493336,2,0.700000,420.912117,170.262643,0.700000
1930,0.166811,0.918778,0.866667,0.577778,6.493336,2,0.700000,422.228164,169.888652,0.700000
1931,0.175133,0.880742,0.866667,0.577778,6.493336,2,0.700000,423.099805,169.521760,0.700000
1932,0.158747,0.887143,0.866667,0.577778,6.493336,2,0.700000,423.288652,169.166407,0.700000
1933,0.106801,0.864452,0.866667,0.577778,6.493336,2,0.700000,422.827455,168.869821,0.700000
1934,0.052693,0.882081,0.866667,0.577778,6.493336,2,0.700000,422.905614,168.628610,0.700000
1935,0.053272,0.854309,0.866667,0.577778,6.493336,2,0.700000,423.651568,168.395742,0.700000
1936,-0.003023,0.840944,0.866667,0.577778,6.493336,2,0.700000,424.742039,168.252286,0.700000
1937,0.002042,0.973035,0.866667,0.577778,6.493336,2,0.700000,425.833859,168.078658,0.700000
1938,-0.013570,0.951037,0.866667,0.577778,6.493336,2,0.700000,426.421324,167.942128,0.700000
1939,0.011802,0.850303,0.866667,0.577778,6.493336,2,0.700000,426.363949,167.769679,0.700000
1940,0.045322,0.914981,0.866667,0.577778,6.493336,2,0.700000,425.801856,167.530232,0.700000
1941,0.037559,0.964060,0.866667,0.577778,6.493336,2,0.700000,425.038340,167.295062,0.700000
1942,0.055624,0.929295,0.866667,0.577778,6.493336,2,0.700000,424.295979,167.038712,0.700000
1943,0.060549,0.955089,0.866667,0.577778,6.493336,2,0.700000,423.577031,166.771907,0.700000
1944,0.130156,0.945822,0.866667,0.577778,6.493336,2,0.700000,422.933260,166.426405,0.700000
1945,0.141293,0.876468,0.866667,0.577778,6.493336,2,0.700000,422.277783,166.091409,0.700000
1946,0.119498,0.831172,0.866667,0.577778,6.493336,2,0.700000,421.608422,165.798550,0.700000
1947,0.025189,0.773546,0.866667,0.577778,6.493336,2,0.700000,420.803645,165.634141,0.700000
1948,0.052353,0.742255,0.866667,0.577778,6.493336,2,0.700000,419.992298,165.455913,0.700000
1949,0.088791,0.810106,0.866667,0.577778,6.493336,2,0.700000,419.258326,165.203520,0.700000
1950,0.092505,0.786156,0.866667,0.577778,6.493336,2,0.700000,418.537648,164.961280,0.700000
1951,0.209258,0.732413,0.866667,0.577778,6.493336,2,0.700000,417.875164,164.677987,0.700000
1952,0.312777,0.718862,0.866667,0.577778,6.493336,2,0.700000,417.253064,164.357171,0.700000
1953,0.325704,0.725054,0.866667,0.577778,6.493336,2,0.700000,416.655680,164.022872,0.700000
1954,0.262780,0.698056,0.866667,0.577778,6.493336,2,0.700000,416.002742,163.749883,0.700000
1955,0.205939,0.726334,0.866667,0.577778,6.493336,2,0.700000,415.361470,163.474520,0.700000
1956,0.138061,0.812588,0.866667,0.577778,6.493336,2,0.700000,414.716672,163.176172,0.700000
1957,0.088074,0.910077,0.866667,0.577778,6.493336,2,0.700000,414.023529,162.884070,0.700000
1958,0.011418,0.878050,0.866667,0.577778,6.493336,2,0.700000,413.207285,162.705319,0.700000
1959,-0.030645,0.835806,0.866667,0.577778,6.493336,2,0.700000,412.283503,162.633811,0.700000
1960,-0.022626,0.728305,0.866667,0.577778,6.493336,2,0.700000,411.368948,162.560159,0.700000
1961,0.010888,0.512062,0.866667,0.577778,6.493336,2,0.700000,410.368799,162.552783,0.700000
1962,0.031915,0.666345,0.866667,0.577778,6.493336,2,0.700000,409.469565,162.438913,0.700000
1963,0.058136,0.673504,0.866667,0.577778,6.493336,2,0.700000,408.592236,162.300720,0.700000
1964,0.068773,0.653014,0.866667,0.577778,6.493336,2,0.700000,407.707336,162.170925,0.700000
1965,0.026298,0.723870,0.866667,0.577778,6.493336,2,0.700000,406.839551,162.029319,0.700000
1966,0.044943,0.718650,0.866667,0.577778,6.493336,2,0.700000,405.986422,161.872136,0.700000
1967,0.079311,0.767609,0.866667,0.577778,6.493336,2,0.700000,405.199657,161.653291,0.700000
1968,0.184290,0.849773,0.866667,0.577778,6.493336,2,0.700000,404.547655,161.294709,0.700000
1969,0.208312,0.838537,0.866667,0.577778,6.493336,2,0.700000,404.171573,160.924420,0.700000
1970,0.225162,0.815958,0.866667,0.577778,6.493336,2,0.700000,404.399859,160.557760,0.700000
1971,0.242625,0.835904,0.866667,0.577778,6.493336,2,0.700000,404.047618,160.164528,0.700000
1972,0.200403,0.861965,0.866667,0.577778,6.493336,2,0.700000,403.566968,159.786319,0.700000
1973,0.122532,0.971128,0.866667,0.577778,6.493336,2,0.700000,403.598687,159.445111,0.700000
1974,0.092927,0.999013,0.866667,0.577778,6.493336,2,0.700000,404.286643,159.135269,0.700000
1975,0.080243,0.906231,0.866667,0.577778,6.493336,2,0.700000,405.459437,158.853250,0.700000
1976,0.093356,0.913542,0.866667,0.577778,6.493336,2,0.700000,406.740003,158.554263,0.700000
1977,0.069629,0.937845,0.866667,0.577778,6.493336,2,0.700000,407.630324,158.278217,0.700000
1978,0.028784,0.980014,0.866667,0.577778,6.493336,2,0.700000,407.813216,158.055771,0.700000
1979,-0.028336,0.961885,0.866667,0.577778,6.493336,2,0.700000,407.234844,157.964646,0.700000
1980,-0.030276,0.772725,0.866667,0.577778,6.493336,2,0.700000,406.340092,157.901302,0.700000
1981,-0.034093,0.882900,0.866667,0.577778,6.493336,2,0.700000,405.466228,157.840354,0.700000
1982,-0.034268,0.541335,0.866667,0.577778,6.493336,2,0.700000,404.593766,157.832009,0.700000
1983,-0.023220,0.412563,0.866667,0.577778,6.493336,2,0.700000,403.669343,157.861834,0.700000
1984,-0.038923,0.270095,0.866667,0.577778,6.493336,2,0.700000,402.710062,157.880274,0.700000
1985,-0.036992,0.539074,0.866667,0.577778,6.493336,2,0.700000,401.749898,157.874559,0.700000
1986,-0.019008,0.561724,0.866667,0.577778,6.493336,2,0.700000,400.795277,157.850786,0.700000
1987,-0.023050,0.577340,0.866667,0.577778,6.493336,2,0.700000,399.817117,157.824131,0.700000
1988,0.041788,0.442582,0.866667,0.577778,6.493336,2,0.700000,398.762199,157.867553,0.700000
1989,0.078098,0.393368,0.866667,0.577778,6.493336,2,0.700000,397.664493,157.963328,0.700000
1990,0.027048,0.444941,0.866667,0.577778,6.493336,2,0.700000,396.643262,158.001053,0.700000
1991,0.057330,0.430744,0.866667,0.577778,6.493336,2,0.700000,395.599528,158.058072,0.700000
1992,0.002301,0.406091,0.866667,0.577778,6.493336,2,0.700000,394.609509,158.108806,0.700000
1993,0.016070,0.403064,0.866667,0.577778,6.493336,2,0.700000,393.688974,158.169028,0.700000
1994,0.056643,0.334800,0.866667,0.577778,6.493336,2,0.700000,392.747029,158.299903,0.700000
1995,0.072181,0.349962,0.866667,0.577778,6.493336,2,0.700000,391.763829,158.428953,0.700000
1996,0.108234,0.360635,0.866667,0.577778,6.493336,2,0.700000,390.809800,158.567399,0.700000
1997,0.093544,0.448677,0.866667,0.577778,6.493336,2,0.700000,389.910480,158.616959,0.700000
1998,0.030431,0.478851,0.866667,0.577778,6.493336,2,0.700000,388.952281,158.631774,0.700000
1999,0.016114,0.460578,0.866667,0.577778,6.493336,2,0.700000,387.938115,158.656516,0.700000
2000,0.045646,0.376532,0.866667,0.577778,6.493336,2,0.700000,387.205442,158.750418,0.700000
2001,0.057286,0.356144,0.866667,0.577778,6.493336,2,0.700000,386.099668,158.865998,0.700000
2002,0.090360,0.377871,0.866667,0.577778,6.493336,2,0.700000,384.975981,158.980603,0.700000
2003,0.085126,0.411389,0.866667,0.577778,6.493336,2,0.700000,384.137067,159.062948,0.700000
2004,0.123104,0.538535,0.866667,0.577778,6.493336,2,0.700000,384.024064,159.021135,0.700000
2005,0.160849,0.530187,0.866667,0.577778,6.493336,2,0.700000,383.303421,158.984618,0.700000
2006,0.115871,0.519160,0.866667,0.577778,6.493336,2,0.700000,382.336917,158.964081,0.700000
2007,0.049980,0.433873,0.866667,0.577778,6.493336,2,0.700000,381.278543,159.016464,0.700000
2008,0.016654,0.397970,0.866667,0.577778,6.493336,2,0.700000,380.464754,159.080081,0.700000
2009,0.030188,0.397678,0.866667,0.577778,6.493336,2,0.700000,379.408646,159.151072,0.700000
2010,0.065945,0.436574,0.866667,0.577778,6.493336,2,0.700000,378.350423,159.205596,0.700000
2011,0.031181,0.446235,0.866667,0.577778,6.493336,2,0.700000,377.316191,159.243554,0.700000
2012,-0.011954,0.621164,0.866667,0.577778,6.493336,2,0.700000,376.683907,159.190623,0.700000
2013,-0.029600,0.441674,0.866667,0.577778,6.493336,2,0.700000,375.694544,159.206393,0.700000
2014,-0.023996,0.354151,0.866667,0.577778,6.493336,2,0.700000,374.646633,159.253918,0.700000
2015,-0.025098,0.337822,0.866667,0.577778,6.493336,2,0.700000,373.800903,159.304491,0.700000
2016,-0.026508,0.177684,0.866667,0.577778,6.493336,2,0.700000,373.501477,159.388212,0.700000
2017,-0.025002,0.231024,0.866667,0.577778,6.493336,2,0.700000,373.888391,159.466043,0.700000
2018,0.012186,0.360998,0.866667,0.577778,6.493336,2,0.700000,374.731705,159.548056,0.700000
2019,0.016777,0.520972,0.866667,0.577778,6.493336,2,0.700000,375.213873,159.534595,0.700000
2020,-0.008573,0.644304,0.866667,0.577778,6.493336,2,0.700000,375.074679,159.468555,0.700000
2021,-0.025582,0.732559,0.866667,0.577778,6.493336,2,0.700000,374.358168,159.400441,0.700000
2022,-0.020761,0.587900,0.866667,0.577778,6.493336,2,0.700000,373.408051,159.368262,0.700000
2023,-0.030100,0.590418,0.866667,0.577778,6.493336,2,0.700000,372.496725,159.344544,0.700000
2024,-0.022563,0.633148,0.866667,0.577778,6.493336,2,0.700000,371.608748,159.298926,0.700000
2025,0.002614,0.627551,0.866667,0.577778,6.493336,2,0.700000,370.712629,159.230412,0.700000
2026,0.072250,0.677734,0.866667,0.577778,6.493336,2,0.700000,369.962059,159.079380,0.700000
2027,0.169927,0.663875,0.866667,0.577778,6.493336,2,0.700000,369.740209,158.887295,0.700000
2028,0.105851,0.619225,0.866667,0.577778,6.493336,2,0.700000,370.128124,158.768266,0.700000
2029,0.028358,0.596467,0.866667,0.577778,6.493336,2,0.700000,369.781924,158.701812,0.700000
2030,0.032973,0.696674,0.866667,0.577778,6.493336,2,0.700000,369.015285,158.568711,0.700000
2031,0.047719,0.798393,0.866667,0.577778,6.493336,2,0.700000,368.252630,158.365761,0.700000
2032,0.099780,0.785459,0.866667,0.577778,6.493336,2,0.700000,367.925969,158.117385,0.700000
2033,0.123935,0.834693,0.866667,0.577778,6.493336,2,0.700000,367.285637,157.818570,0.700000
2034,0.096264,0.874773,0.866667,0.577778,6.493336,2,0.700000,366.593595,157.528782,0.700000
2035,0.072758,0.862323,0.866667,0.577778,6.493336,2,0.700000,365.869889,157.269646,0.700000
2036,0.010869,0.747536,0.866667,0.577778,6.493336,2,0.700000,365.032388,157.135106,0.700000
2037,0.024541,0.757432,0.866667,0.577778,6.493336,2,0.700000,364.227947,156.978849,0.700000
2038,0.036049,0.683870,0.866667,0.577778,6.493336,2,0.700000,363.408544,156.850754,0.700000
2039,0.086986,0.687059,0.866667,0.577778,6.493336,2,0.700000,362.615804,156.682651,0.700000
2040,0.134097,0.719688,0.866667,0.577778,6.493336,2,0.700000,361.875723,156.456654,0.700000
2041,0.155290,0.802858,0.866667,0.577778,6.493336,2,0.700000,361.583138,156.150700,0.700000
2042,0.205935,0.848582,0.866667,0.577778,6.493336,2,0.700000,360.990730,155.775923,0.700000
2043,0.194935,0.976742,0.866667,0.577778,6.493336,2,0.700000,360.421242,155.365103,0.700000
2044,0.178013,0.985888,0.866667,0.577778,6.493336,2,0.700000,360.189537,154.968687,0.700000
2045,0.129743,0.973612,0.866667,0.577778,6.493336,2,0.700000,359.611263,154.619755,0.700000
2046,0.097840,0.898291,0.866667,0.577778,6.493336,2,0.700000,358.979659,154.320176,0.700000
2047,0.057100,0.826718,0.866667,0.577778,6.493336,2,0.700000,358.733879,154.093578,0.700000
2048,0.059074,0.780817,0.866667,0.577778,6.493336,2,0.700000,359.146229,153.886939,0.700000
2049,0.149058,0.764109,0.866667,0.577778,6.493336,2,0.700000,358.944134,153.614129,0.700000
2050,0.125314,0.697521,0.866667,0.577778,6.493336,2,0.700000,358.307881,153.412956,0.700000
2051,0.129169,0.629892,0.866667,0.577778,6.493336,2,0.700000,357.570328,153.273910,0.700000
2052,0.121136,0.594442,0.866667,0.577778,6.493336,2,0.700000,357.323947,153.173825,0.700000
2053,0.131742,0.576368,0.866667,0.577778,6.493336,2,0.700000,356.610458,153.089755,0.700000
2054,0.172799,0.469968,0.866667,0.577778,6.493336,2,0.700000,356.360136,153.126190,0.700000
2055,0.108130,0.531374,0.866667,0.577778,6.306604,2,0.700000,355.628513,153.093658,0.700000
2056,0.051103,0.560876,0.866667,0.577778,6.493336,2,0.700000,355.519383,153.044693,0.700000
2057,0.016732,0.434612,4.530985,3.020657,5.000000,2,0.700000,353.503062,153.657828,0.700000
2058,0.006546,0.905544,0.733674,0.489116,5.000000,2,0.700000,353.401382,153.490735,0.700000
2059,0.017512,0.884002,0.699378,0.466252,5.000000,2,0.700000,353.995733,153.303805,0.700000
2060,0.051672,0.727972,0.746505,0.497670,5.000000,2,0.700000,355.009979,153.177798,0.700000
2061,0.129172,0.673205,0.866667,0.577778,5.264301,2,0.700000,356.156722,152.996554,0.700000
2062,-0.031838,0.354217,0.820451,0.546968,5.000000,2,0.700000,357.095250,153.018911,0.700000
2063,-0.010510,0.419224,0.662119,0.441413,5.000000,2,0.700000,358.048919,153.052007,0.700000
2064,-0.021440,0.291295,0.664312,0.442874,5.000000,2,0.700000,358.953825,153.134154,0.700000
2065,-0.038543,0.236548,0.681714,0.454476,5.000000,2,0.700000,359.863535,153.215787,0.700000
2066,-0.039044,0.048284,0.721083,0.480722,5.000000,2,0.700000,360.841816,153.229242,0.700000
2067,0.007100,0.881639,0.741604,0.494403,5.000000,2,0.700000,361.924101,153.140859,0.700000
2068,-0.013235,0.748360,0.712566,0.475044,5.000000,2,0.700000,362.979716,153.077699,0.700000
2069,-0.037034,0.750112,0.730637,0.487091,5.000000,2,0.700000,363.801434,153.004260,0.700000
2070,0.123825,0.759445,0.866667,0.577778,5.398124,2,0.700000,364.306796,152.753742,0.700000
2071,0.178308,0.814010,0.866667,0.577778,5.173119,2,0.700000,364.213466,152.422389,0.700000
2072,-0.007425,0.538424,1.058761,0.705840,5.000000,2,0.700000,363.161404,152.390342,0.700000
2073,0.007211,0.876231,0.707529,0.471686,5.000000,2,0.700000,362.341232,152.227959,0.700000
2074,0.036820,0.892703,0.648179,0.432119,5.000000,2,0.700000,361.814117,152.085796,0.700000
2075,0.000377,0.745556,0.648420,0.432280,5.000000,2,0.700000,361.880067,151.981419,0.700000
2076,-0.034810,0.753926,0.691062,0.460708,5.000000,2,0.700000,362.505250,151.962118,0.700000
2077,-0.032768,0.719126,0.708576,0.472384,5.000000,2,0.700000,362.476882,151.946244,0.700000
2078,-0.007310,0.593540,0.866667,0.577778,5.673485,2,0.700000,361.925641,151.901667,0.700000
2079,-0.007458,0.531618,0.866667,0.577778,6.493336,2,0.700000,361.064721,151.886387,0.700000
2080,0.056982,0.578744,0.866667,0.577778,6.493336,2,0.700000,360.771288,151.821365,0.700000
2081,0.135742,0.593244,0.866667,0.577778,6.493336,2,0.700000,361.197773,151.718105,0.700000
2082,0.059934,0.611274,0.866667,0.577778,6.493336,2,0.700000,360.935131,151.625881,0.700000
2083,0.005955,0.696325,0.866667,0.577778,6.493336,2,0.700000,360.167671,151.520435,0.700000
2084,-0.030833,0.777492,0.866667,0.577778,6.493336,2,0.700000,359.228757,151.458143,0.700000
2085,-0.004717,0.586575,0.866667,0.577778,6.493336,2,0.700000,358.265901,151.415181,0.700000
2086,0.032329,0.574996,0.866667,0.577778,6.493336,2,0.700000,357.511538,151.361666,0.700000
2087,0.051209,0.656552,0.866667,0.577778,6.493336,2,0.700000,357.402612,151.240294,0.700000
2088,0.040839,0.761553,0.866667,0.577778,6.493336,2,0.700000,356.779025,151.063262,0.700000
2089,0.094830,0.728285,0.866667,0.577778,6.493336,2,0.700000,355.977437,150.857978,0.700000
2090,0.174136,0.678829,0.866667,0.577778,6.493336,2,0.700000,355.177161,150.648115,0.700000
2091,0.144473,0.695388,0.866667,0.577778,6.493336,2,0.700000,354.382272,150.437574,0.700000
2092,0.088061,0.753928,0.866667,0.577778,6.493336,2,0.700000,353.595322,150.219742,0.700000
2093,0.119418,0.847148,0.866667,0.577778,6.493336,2,0.700000,352.917298,149.918720,0.700000
2094,0.159205,0.924317,0.866667,0.577778,6.493336,2,0.700000,352.320485,149.550062,0.700000
2095,0.140439,0.973728,0.866667,0.577778,6.493336,2,0.700000,352.115031,149.190293,0.700000
2096,0.054739,0.995552,0.866667,0.577778,6.493336,2,0.700000,352.477154,148.928742,0.700000
2097,-0.007209,0.999200,0.866667,0.577778,6.493336,2,0.700000,352.070781,148.774851,0.700000
2098,0.008381,0.708498,0.866667,0.577778,6.493336,2,0.700000,351.336913,148.660906,0.700000
2099,0.085565,0.683262,0.866667,0.577778,6.493336,2,0.700000,350.704816,148.496735,0.700000
2100,0.062552,0.681516,0.866667,0.577778,6.493336,2,0.700000,349.993794,148.349641,0.700000
2101,0.062183,0.727170,0.866667,0.577778,6.493336,2,0.700000,349.254069,148.171666,0.700000
2102,0.097401,0.782190,0.866667,0.577778,6.493336,2,0.700000,348.624798,147.927433,0.700000
2103,0.123763,0.755529,0.866667,0.577778,6.493336,2,0.700000,348.056960,147.679873,0.700000
2104,0.104395,0.637519,0.866667,0.577778,6.493336,2,0.700000,347.383419,147.544366,0.700000
2105,0.093348,0.537113,0.866667,0.577778,6.493336,2,0.700000,346.625487,147.507943,0.700000
2106,0.146504,0.592584,0.866667,0.577778,6.493336,2,0.700000,345.739618,147.402273,0.700000
2107,0.066953,0.589363,0.866667,0.577778,6.493336,2,0.700000,345.022844,147.325026,0.700000
2108,0.024900,0.491156,0.866667,0.577778,6.493336,2,0.700000,344.796317,147.330881,0.700000
2109,0.145677,0.379784,0.866667,0.577778,6.493336,2,0.700000,345.124458,147.465525,0.700000
2110,0.199761,0.374856,0.866667,0.577778,6.493336,2,0.700000,345.896098,147.624443,0.700000
2111,0.202128,0.365685,0.866667,0.577778,6.493336,2,0.700000,346.535165,147.795214,0.700000
2112,0.264067,0.404863,0.866667,0.577778,6.493336,2,0.700000,346.638282,147.932521,0.700000
2113,0.213167,0.407857,0.866667,0.577778,6.493336,2,0.700000,346.135846,148.054012,0.700000
2114,0.246421,0.367363,0.866667,0.577778,6.493336,2,0.700000,346.256603,148.237509,0.700000
2115,0.256792,0.393162,0.866667,0.577778,6.493336,2,0.700000,346.957708,148.389358,0.700000
2116,0.187988,0.354325,0.866667,0.577778,6.493336,2,0.700000,347.784634,148.568203,0.700000
2117,0.208735,0.298844,0.866667,0.577778,6.493336,2,0.700000,348.386159,148.818180,0.700000
2118,0.136138,0.350060,0.866667,0.577778,6.493336,2,0.700000,348.529877,148.979704,0.700000
2119,0.091448,0.487981,0.866667,0.577778,6.493336,2,0.700000,348.141923,148.991017,0.700000
2120,0.147310,0.430394,0.866667,0.577778,6.493336,2,0.700000,348.373035,149.070374,0.700000
2121,0.142905,0.454703,0.866667,0.577778,6.493336,2,0.700000,349.178253,149.121486,0.700000
2122,0.049312,0.419741,0.866667,0.577778,6.493336,2,0.700000,350.117982,149.184644,0.700000
2123,0.006678,0.379110,0.866667,0.577778,6.493336,2,0.700000,350.898941,149.252615,0.700000
2124,-0.024609,0.408473,0.866667,0.577778,6.493336,2,0.700000,351.171935,149.282481,0.700000
2125,-0.024684,0.550665,0.866667,0.577778,6.493336,2,0.700000,350.859724,149.265775,0.700000
2126,-0.017993,0.537869,0.866667,0.577778,6.493336,2,0.700000,351.232756,149.250760,0.700000
2127,-0.020022,0.431118,0.866667,0.577778,6.493336,2,0.700000,352.084347,149.276505,0.700000
2128,-0.010827,0.347447,0.866667,0.577778,6.493336,2,0.700000,353.005245,149.343382,0.700000
2129,0.030113,0.279494,0.866667,0.577778,6.493336,2,0.700000,353.741676,149.486995,0.700000
2130,0.013655,0.274797,0.866667,0.577778,6.493336,2,0.700000,353.976099,149.614861,0.700000
2131,0.017877,0.194992,0.866667,0.577778,6.493336,2,0.700000,353.487858,149.782088,0.700000
2132,0.080105,0.166791,0.866667,0.577778,6.493336,2,0.700000,353.599022,150.037021,0.700000
2133,0.020101,0.193314,0.866667,0.577778,6.493336,2,0.700000,354.308981,150.208060,0.700000
2134,-0.020052,0.444722,0.866667,0.577778,6.493336,2,0.700000,355.273862,150.228754,0.700000
2135,-0.032268,0.585186,0.866667,0.577778,6.493336,2,0.700000,356.172884,150.208975,0.700000
2136,-0.037819,0.627232,0.866667,0.577778,6.493336,2,0.700000,357.170636,150.193526,0.700000
2137,-0.028753,0.998558,0.866667,0.577778,6.493336,2,0.700000,358.137409,150.103399,0.700000
2138,-0.032802,0.950515,0.866667,0.577778,6.493336,2,0.700000,358.573225,150.032169,0.700000
2139,-0.035940,0.494039,0.866667,0.577778,6.493336,2,0.700000,359.452704,150.033173,0.700000
2140,-0.033206,0.170370,0.866667,0.577778,6.493336,2,0.700000,360.373766,150.093420,0.700000
2141,-0.037097,0.814988,0.866667,0.577778,6.493336,2,0.700000,361.034914,150.055146,0.700000
2142,-0.021456,0.862882,0.866667,0.577778,6.493336,2,0.700000,362.118655,149.949984,0.700000
2143,0.007985,0.867607,0.866667,0.577778,6.493336,2,0.700000,363.163727,149.779676,0.700000
2144,0.007504,0.766297,0.866667,0.577778,6.493336,2,0.700000,364.276992,149.642119,0.700000
2145,-0.000140,0.601852,0.866667,0.577778,6.493336,2,0.700000,364.949191,149.588664,0.700000
2146,0.029574,0.540374,0.866667,0.577778,6.493336,2,0.700000,364.947919,149.560143,0.700000
2147,0.014101,0.501349,0.866667,0.577778,6.493336,2,0.700000,364.283731,149.559175,0.700000
2148,-0.021907,0.368461,0.866667,0.577778,6.493336,2,0.700000,363.323899,149.605043,0.700000
2149,-0.033385,0.431819,0.866667,0.577778,6.493336,2,0.700000,362.877262,149.619721,0.700000
2150,-0.022759,0.427337,0.866667,0.577778,6.493336,2,0.700000,363.101569,149.644934,0.700000
2151,-0.024721,0.528362,0.866667,0.577778,6.493336,2,0.700000,363.923894,149.635550,0.700000
2152,0.027293,0.747487,0.866667,0.577778,6.493336,2,0.700000,365.062368,149.480818,0.700000
2153,0.036468,0.828536,0.866667,0.577778,6.493336,2,0.700000,365.928851,149.279044,0.700000
2154,0.047831,0.808084,0.866667,0.577778,6.493336,2,0.700000,366.167992,149.071524,0.700000
2155,0.088877,0.758163,0.866667,0.577778,6.493336,2,0.700000,365.768329,148.850186,0.700000
2156,0.056316,0.671293,0.866667,0.577778,6.493336,2,0.700000,364.989242,148.714835,0.700000
2157,0.123497,0.635756,0.866667,0.577778,6.493336,2,0.700000,364.700280,148.572355,0.700000
2158,0.142632,0.639750,0.866667,0.577778,6.493336,2,0.700000,365.106394,148.417614,0.700000
2159,0.103388,0.649377,0.866667,0.577778,6.493336,2,0.700000,366.064073,148.271802,0.700000
2160,0.099112,0.580189,0.866667,0.577778,6.493336,2,0.700000,366.398626,148.192474,0.700000
2161,0.093275,0.546172,0.866667,0.577778,6.493336,2,0.700000,366.018772,148.147312,0.700000
2162,0.038629,0.615200,0.866667,0.577778,6.493336,2,0.700000,365.193405,148.062770,0.700000
2163,0.003111,0.657467,0.866667,0.577778,6.493336,2,0.700000,364.350129,147.978915,0.700000
2164,0.078994,0.619123,0.866667,0.577778,6.493336,2,0.700000,363.606632,147.871497,0.700000
2165,0.051243,0.679550,0.866667,0.577778,6.493336,2,0.700000,362.911090,147.734094,0.700000
2166,0.123874,0.757999,0.866667,0.577778,6.493336,2,0.700000,362.884511,147.484606,0.700000
2167,0.061814,0.807560,0.866667,0.577778,6.493336,2,0.700000,363.518288,147.261422,0.700000
2168,0.046858,0.796204,0.866667,0.577778,6.493336,2,0.700000,364.617534,147.060488,0.700000
2169,0.083123,0.808997,0.866667,0.577778,6.493336,2,0.700000,365.857499,146.814288,0.700000
2170,0.074814,0.867651,0.866667,0.577778,6.493336,2,0.700000,366.885293,146.550816,0.700000
2171,0.099906,0.899681,0.866667,0.577778,6.493336,2,0.700000,367.363192,146.248566,0.700000
2172,0.104929,0.851771,0.866667,0.577778,6.493336,2,0.700000,367.153619,145.959416,0.700000
2173,0.081585,0.857489,0.866667,0.577778,6.493336,2,0.700000,366.578852,145.692236,0.700000
2174,0.052657,0.937284,0.866667,0.577778,6.493336,2,0.700000,365.996941,145.438546,0.700000
2175,0.019846,0.931438,0.866667,0.577778,6.493336,2,0.700000,365.359988,145.235443,0.700000
2176,0.082494,0.854809,0.866667,0.577778,6.493336,2,0.700000,364.716931,144.968357,0.700000
2177,0.082414,0.898548,0.866667,0.577778,6.493336,2,0.700000,364.004829,144.685964,0.700000
2178,0.188252,0.971361,0.866667,0.577778,6.493336,2,0.700000,363.416826,144.281586,0.700000
2179,0.153107,0.868626,0.866667,0.577778,6.493336,2,0.700000,362.864868,143.939414,0.700000
2180,0.155708,0.846101,0.866667,0.577778,6.493336,2,0.700000,362.367294,143.606443,0.700000
2181,0.184956,0.795756,0.866667,0.577778,6.493336,2,0.700000,362.416417,143.283334,0.700000
2182,0.108272,0.782930,0.866667,0.577778,6.493336,2,0.700000,363.081616,143.029134,0.700000
2183,0.056132,0.732920,0.866667,0.577778,6.493336,2,0.700000,364.154698,142.852943,0.700000
2184,0.047709,0.716634,0.866667,0.577778,6.493336,2,0.700000,364.727114,142.694438,0.700000
2185,0.060063,0.726868,0.866667,0.577778,6.493336,2,0.700000,364.636972,142.518507,0.700000
2186,0.083027,0.866247,0.866667,0.577778,6.493336,2,0.700000,364.086388,142.246304,0.700000
2187,0.054081,0.890823,0.866667,0.577778,6.493336,2,0.700000,363.335746,142.000794,0.700000
2188,0.036271,0.839495,0.866667,0.577778,6.493336,2,0.700000,362.546807,141.795258,0.700000
2189,-0.004277,0.777414,0.866667,0.577778,6.493336,2,0.700000,361.676686,141.672294,0.700000
2190,0.015552,0.737833,0.866667,0.577778,6.493336,2,0.700000,360.820626,141.536099,0.700000
2191,0.049339,0.673801,0.866667,0.577778,6.493336,2,0.700000,359.947138,141.404028,0.700000
2192,0.108817,0.685117,0.866667,0.577778,6.493336,2,0.700000,359.118080,141.223670,0.700000
2193,0.063186,0.718246,0.866667,0.577778,6.493336,2,0.700000,358.284665,141.050665,0.700000
2194,0.067530,0.869396,0.866667,0.577778,6.493336,2,0.700000,357.538851,140.795075,0.700000
2195,0.061437,0.964832,0.866667,0.577778,6.493336,2,0.700000,356.808994,140.526057,0.700000
2196,0.045638,0.896896,0.866667,0.577778,6.493336,2,0.700000,356.047711,140.290272,0.700000
2197,0.031525,0.941065,0.866667,0.577778,6.493336,2,0.700000,355.273756,140.066869,0.700000
2198,-0.010172,0.897038,0.866667,0.577778,6.493336,2,0.700000,354.420808,139.927698,0.700000
2199,-0.019271,0.800444,0.866667,0.577778,6.493336,2,0.700000,353.531875,139.828591,0.700000
