goal_drift,n_agents,informed_fraction,method,seed,success,completion_time,mission_progress,order,heading_accuracy,cluster_velocity_ratio,min_distance_mean,min_distance_overall,collisions,safety_breaches,swarm_radius,mean_pair_distance,fragmented_fraction,isolated_fraction,fragmented_at_end,election_time,unique_leader_fraction,post_arrival_breaches,single_leader_at_end,leader_changes,arrival_radius,runtime_s
0.0100,30,0.3000,cb-ele,0,True,1212.0000,0.9863,0.8815,0.9429,0.5444,8.5313,5.0000,0,0,81.2853,45.9714,0.1566,0.0000,False,89.0000,0.4386,0.0000,True,17.0000,60.0000,27.9475
0.0100,30,0.3000,cb-ele,1,True,1311.0000,0.9793,0.8679,0.9342,0.5155,8.7380,5.0000,0,0,54.6221,36.3569,0.1258,0.0000,False,71.0000,0.9154,0.0000,True,11.0000,60.0000,29.6154
0.0100,30,0.3000,cb-ele,2,True,1317.0000,0.9815,0.8972,0.9598,0.5007,8.2863,5.0000,0,0,42.2961,31.1561,0.0000,0.0000,False,74.0000,0.9158,0.0000,True,10.0000,60.0000,27.8883
0.0100,30,0.3000,cb-ele,3,True,1326.0000,0.9697,0.9147,0.9474,0.5009,8.1107,5.0000,0,0,40.6225,31.1803,0.0000,0.0000,False,92.0000,0.9013,0.0000,True,17.0000,60.0000,28.2904
0.0100,30,0.3000,cb-ele,4,True,1387.0000,0.9804,0.8610,0.9562,0.4754,9.3410,5.0000,0,0,50.0931,35.5399,0.0022,0.0000,False,175.0000,0.8429,0.0000,True,14.0000,60.0000,28.1261
0.0100,30,0.3000,cb-ele,5,True,1321.0000,0.9822,0.8932,0.9553,0.4997,8.5088,5.0000,0,0,54.7259,36.3626,0.0053,0.0000,False,85.0000,0.4455,0.0000,False,15.0000,60.0000,27.0566
0.0100,30,0.3000,cb-ele,6,True,1436.0000,0.9692,0.8455,0.9024,0.4863,9.1740,5.0000,0,0,74.1296,43.6103,0.2554,0.0000,False,726.0000,0.5003,0.0000,True,15.0000,60.0000,26.7432
0.0100,30,0.3000,cb-ele,7,True,1097.0000,0.9811,0.8713,0.9184,0.6135,8.8196,5.0000,0,0,79.9225,47.3347,0.2441,0.0000,False,89.0000,0.4608,0.0000,True,15.0000,60.0000,27.6956
0.0100,30,0.3000,cb-ele,8,True,1235.0000,0.9698,0.8839,0.9448,0.5294,8.9444,5.0000,0,0,41.7635,32.7837,0.0000,0.0000,False,69.0000,0.4951,0.0000,False,12.0000,60.0000,25.9472
0.0100,30,0.3000,cb-ele,9,True,1380.0000,0.9776,0.8595,0.9619,0.4708,9.2434,5.0000,0,0,41.0687,33.4207,0.0000,0.0000,False,81.0000,0.8921,0.0000,True,15.0000,60.0000,28.4972
0.0100,30,0.3000,cb-ele,10,True,1235.0000,0.9775,0.9007,0.9716,0.5200,8.0257,5.0000,0,0,39.2960,30.8128,0.0000,0.0000,False,57.0000,0.9078,0.0000,True,14.0000,60.0000,11.8253
0.0100,30,0.3000,cb-ele,11,False,,0.5367,0.4447,0.5810,0.5697,10.4881,5.0000,0,0,500.0278,382.6687,0.9080,0.0000,True,,0.0000,,False,11.0000,60.0000,10.5597
0.0100,30,0.3000,cb-ele,12,True,1281.0000,0.9769,0.8576,0.9185,0.5378,8.4856,5.0000,0,0,57.2868,36.1542,0.0000,0.0000,False,98.0000,0.9080,0.0000,True,17.0000,60.0000,11.3917
0.0100,30,0.3000,cb-ele,13,True,1349.0000,0.9730,0.8702,0.9117,0.5241,8.6327,5.0000,0,0,59.7758,38.5683,0.0000,0.0000,False,129.0000,0.8793,0.0000,True,19.0000,60.0000,10.5025
0.0100,30,0.3000,cb-ele,14,True,1419.0000,0.9880,0.8640,0.9477,0.4672,9.3664,5.0000,0,0,43.2373,34.8034,0.0000,0.0000,False,105.0000,0.9063,0.0000,True,17.0000,60.0000,11.7910
0.0100,30,0.3000,cb-ele,15,True,1364.0000,0.9833,0.8726,0.9341,0.4918,8.6164,5.0000,0,0,53.1666,36.1903,0.0000,0.0000,False,83.0000,0.9070,0.0000,True,13.0000,60.0000,11.6171
0.0100,30,0.3000,cb-ele,16,True,1280.0000,0.9743,0.9110,0.9599,0.5097,8.1753,5.0000,0,0,43.1496,32.6844,0.0000,0.0000,False,126.0000,0.8454,0.0000,True,10.0000,60.0000,12.4200
0.0100,30,0.3000,cb-ele,17,True,1319.0000,0.9765,0.8968,0.9500,0.5031,8.7339,5.0000,0,0,43.3971,32.2486,0.0000,0.0000,False,48.0000,0.9235,0.0000,True,15.0000,60.0000,11.8104
0.0100,30,0.3000,cb-ele,18,True,1277.0000,0.9796,0.9205,0.9589,0.5115,8.1160,5.0000,0,0,41.3089,31.1715,0.0000,0.0000,False,75.0000,0.9390,0.0000,True,15.0000,60.0000,12.4008
0.0100,30,0.3000,cb-ele,19,True,1384.0000,0.9787,0.8684,0.9506,0.4745,9.1934,5.0000,0,0,49.8859,37.1234,0.0000,0.0000,False,108.0000,0.8412,0.0000,True,13.0000,60.0000,11.4035
0.0100,30,0.3000,cb-ele,20,True,1318.0000,0.9728,0.9189,0.9400,0.5087,8.4165,5.0000,0,0,44.4587,33.3316,0.0000,0.0000,False,743.0000,0.4397,0.0000,True,12.0000,60.0000,11.8176
0.0100,30,0.3000,cb-ele,21,True,1372.0000,0.9753,0.8696,0.9173,0.5122,9.6082,5.0000,0,0,61.0743,42.9909,0.0000,0.0000,False,51.0000,0.6919,0.0000,True,12.0000,60.0000,12.0708
0.0100,30,0.3000,cb-ele,22,False,,0.9553,0.7323,0.6547,0.3511,10.2393,5.0000,0,0,60.9024,41.3078,0.0920,0.0000,False,85.0000,0.9587,,True,15.0000,60.0000,11.0988
0.0100,30,0.3000,cb-ele,23,True,1301.0000,0.9867,0.9022,0.9563,0.5078,8.6267,5.0000,0,0,46.9490,35.3065,0.0000,0.0000,False,93.0000,0.9032,0.0000,True,15.0000,60.0000,11.4981
0.0100,30,0.3000,cb-ele,24,True,1287.0000,0.9759,0.8998,0.9480,0.5072,8.2441,5.0000,0,0,44.6787,33.8913,0.0000,0.0000,False,85.0000,0.6017,0.0000,True,15.0000,60.0000,10.3010
0.0100,30,0.3000,cb-ele,25,True,1283.0000,0.9847,0.8805,0.9553,0.5096,8.8731,5.0000,0,0,58.9793,38.7914,0.0288,0.0000,False,79.0000,0.4377,0.0000,True,13.0000,60.0000,11.2941
0.0100,30,0.3000,cb-ele,26,False,,0.8657,0.5602,0.7279,0.3072,9.3491,5.0000,0,0,403.2485,183.0424,0.7593,0.0000,True,48.0000,0.9750,,True,17.0000,60.0000,10.0651
0.0100,30,0.3000,cb-ele,27,True,1369.0000,0.9731,0.8895,0.9456,0.4854,8.9570,5.0000,0,0,41.8282,34.3691,0.0000,0.0000,False,425.0000,0.6555,0.0000,True,20.0000,60.0000,10.9292
0.0100,30,0.3000,cb-ele,28,True,1374.0000,0.9829,0.7815,0.9299,0.4942,10.4298,5.0000,0,0,208.4039,96.4484,0.7287,0.0000,False,144.0000,0.8793,0.0000,True,21.0000,60.0000,11.2751
0.0100,30,0.3000,cb-ele,29,True,1417.0000,0.9708,0.8825,0.9300,0.4731,8.5335,5.0000,0,0,46.2980,33.0204,0.0000,0.0000,False,52.0000,0.9471,0.0000,True,13.0000,60.0000,10.5240
0.0100,30,0.3000,cb-ele,30,True,1276.0000,0.9784,0.8919,0.9315,0.5290,8.4703,5.0000,0,0,45.9570,32.8415,0.0000,0.0000,False,85.0000,0.8919,0.0000,True,16.0000,60.0000,12.2175
0.0100,30,0.3000,cb-ele,31,True,1392.0000,0.9846,0.8536,0.9465,0.4795,9.5579,5.0000,0,0,79.5275,45.8186,0.3173,0.0000,False,485.0000,0.1802,0.0000,True,12.0000,60.0000,11.8590
0.0100,30,0.3000,cb-ele,32,True,1376.0000,0.9817,0.8584,0.9288,0.4998,9.0316,5.0000,0,0,72.7666,44.3721,0.2556,0.0000,False,86.0000,0.4539,0.0000,True,18.0000,60.0000,12.1675
0.0100,30,0.3000,cb-ele,33,True,1363.0000,0.9871,0.8204,0.9230,0.5097,9.6215,5.0000,0,0,84.0938,46.7084,0.2383,0.0000,False,69.0000,0.4435,49.0000,True,18.0000,60.0000,11.4186
0.0100,30,0.3000,cb-ele,34,True,1245.0000,0.9815,0.8874,0.9628,0.5225,8.6013,5.0000,0,0,46.9909,33.9565,0.0000,0.0000,False,71.0000,0.9077,0.0000,True,18.0000,60.0000,11.2933
0.0100,30,0.3000,cb-ele,35,True,1277.0000,0.9703,0.9219,0.9583,0.5060,8.0506,5.0000,0,0,39.1455,30.7232,0.0000,0.0000,False,54.0000,0.9421,0.0000,True,13.0000,60.0000,12.0730
0.0100,30,0.3000,cb-ele,36,False,,0.9668,0.4688,0.7487,0.2883,9.4421,5.0000,0,0,283.1339,193.5350,0.5833,0.0000,False,95.0000,0.1790,,False,13.0000,60.0000,11.7313
0.0100,30,0.3000,cb-ele,37,True,1120.0000,0.9776,0.8852,0.9157,0.6196,8.3154,5.0000,0,0,74.4859,44.5312,0.0000,0.0000,False,51.0000,0.5656,0.0000,True,15.0000,60.0000,11.8039
0.0100,30,0.3000,cb-ele,38,True,1356.0000,0.9773,0.8764,0.9503,0.4809,8.5709,5.0000,0,0,47.8501,36.5210,0.0000,0.0000,False,111.0000,0.8769,0.0000,True,13.0000,60.0000,12.3592
0.0100,30,0.3000,cb-ele,39,True,1585.0000,0.9897,0.8242,0.9096,0.4352,9.1802,5.0000,0,0,73.6262,42.2356,0.2377,0.0000,False,80.0000,0.9161,0.0000,True,14.0000,60.0000,11.9060
0.0100,30,0.3000,cb-ele,40,True,1269.0000,0.9742,0.8996,0.9674,0.5111,8.2749,5.0000,0,0,45.1828,32.5777,0.0000,0.0000,False,44.0000,0.9512,0.0000,True,12.0000,60.0000,12.1951
0.0100,30,0.3000,cb-ele,41,True,1242.0000,0.9838,0.8208,0.9448,0.5332,9.2539,5.0000,0,0,83.7731,47.9331,0.2920,0.0000,False,88.0000,0.8850,0.0000,True,15.0000,60.0000,12.1412
0.0100,30,0.3000,cb-ele,42,False,,0.9614,0.7713,0.6974,0.3390,9.5150,5.0000,0,0,44.7926,34.9729,0.0000,0.0000,False,100.0000,0.9510,,True,16.0000,60.0000,11.5898
0.0100,30,0.3000,cb-ele,43,True,1395.0000,0.9798,0.8717,0.9370,0.4792,9.0726,5.0000,0,0,45.5541,35.4178,0.0000,0.0000,False,72.0000,0.9269,0.0000,True,12.0000,60.0000,11.0585
0.0100,30,0.3000,cb-ele,44,True,1331.0000,0.9828,0.9064,0.9355,0.5084,8.2210,5.0000,0,0,42.5538,32.2600,0.0000,0.0000,False,75.0000,0.9062,0.0000,True,19.0000,60.0000,11.3125
0.0100,30,0.3000,cb-ele,45,True,1447.0000,0.9867,0.8540,0.9295,0.4673,9.4008,5.0000,0,0,43.6579,34.1936,0.0000,0.0000,False,78.0000,0.9365,0.0000,True,16.0000,60.0000,10.5884
0.0100,30,0.3000,cb-ele,46,False,,0.9632,0.7099,0.6771,0.3564,9.8265,5.0000,0,0,78.2025,43.1681,0.4490,0.0000,True,82.0000,0.9657,,True,14.0000,60.0000,11.7561
0.0100,30,0.3000,cb-ele,47,True,1347.0000,0.9797,0.8667,0.9369,0.4923,8.8154,5.0000,0,0,49.7713,35.3520,0.0000,0.0000,False,58.0000,0.9318,0.0000,True,15.0000,60.0000,11.0324
0.0100,30,0.3000,cb-ele,48,True,1307.0000,0.9778,0.9085,0.9373,0.5068,8.3158,5.0000,0,0,46.1636,33.6968,0.0000,0.0000,False,105.0000,0.8960,0.0000,True,10.0000,60.0000,11.6104
0.0100,30,0.3000,cb-ele,49,True,1455.0000,0.9812,0.8147,0.8940,0.4813,9.3640,5.0000,0,0,71.4741,47.6709,0.2040,0.0000,False,91.0000,0.9066,0.0000,True,13.0000,60.0000,11.1762
0.0100,30,0.3000,couzin,0,True,1398.0000,0.9809,0.5425,0.9244,0.4736,9.8768,5.0000,0,0,63.1150,47.0023,0.0000,0.0000,False,,,0.0000,,,60.0000,19.7378
0.0100,30,0.3000,couzin,1,True,1369.0000,0.9813,0.5440,0.9274,0.4835,9.5875,5.0000,0,0,55.5917,42.1258,0.0000,0.0000,False,,,0.0000,,,60.0000,9.1698
0.0100,30,0.3000,couzin,2,True,1412.0000,0.9852,0.5295,0.9268,0.4728,9.6750,5.0000,0,0,62.7606,45.6173,0.0000,0.0000,False,,,64.0000,,,60.0000,10.2045
0.0100,30,0.3000,couzin,3,True,1398.0000,0.9810,0.5358,0.9267,0.4748,9.6125,5.0000,0,0,60.1243,43.5604,0.0000,0.0000,False,,,0.0000,,,60.0000,8.4846
0.0100,30,0.3000,couzin,4,True,1487.0000,0.9799,0.5079,0.8995,0.4492,9.7258,5.0000,0,0,64.1881,47.9019,0.0000,0.0000,False,,,30.0000,,,60.0000,8.8293
0.0100,30,0.3000,couzin,5,True,1417.0000,0.9754,0.5470,0.9001,0.4723,9.6598,5.0000,0,0,66.7509,50.2856,0.0000,0.0000,False,,,0.0000,,,60.0000,8.8415
0.0100,30,0.3000,couzin,6,True,1344.0000,0.9785,0.5716,0.9194,0.4957,9.7945,5.0000,0,0,64.6506,46.9321,0.0000,0.0000,False,,,20.0000,,,60.0000,8.4554
0.0100,30,0.3000,couzin,7,True,1460.0000,0.9796,0.5171,0.9101,0.4555,9.4029,5.0000,0,0,64.6724,48.4648,0.0000,0.0000,False,,,0.0000,,,60.0000,16.7120
0.0100,30,0.3000,couzin,8,True,1396.0000,0.9796,0.5558,0.9130,0.4730,9.8480,5.0000,0,0,63.6437,47.7441,0.0000,0.0000,False,,,0.0000,,,60.0000,13.8069
0.0100,30,0.3000,couzin,9,True,1435.0000,0.9784,0.5312,0.9045,0.4662,9.4364,5.0000,0,0,68.0499,49.8864,0.0000,0.0000,False,,,16.0000,,,60.0000,9.8571
0.0100,30,0.3000,couzin,10,True,1386.0000,0.9830,0.5425,0.9222,0.4822,9.6531,5.0000,0,0,62.6942,45.3584,0.0000,0.0000,False,,,11.0000,,,60.0000,3.7868
0.0100,30,0.3000,couzin,11,True,1328.0000,0.9759,0.5922,0.9261,0.4967,10.1199,5.0000,0,0,69.8059,53.0447,0.0000,0.0000,False,,,0.0000,,,60.0000,3.3285
0.0100,30,0.3000,couzin,12,True,1351.0000,0.9809,0.5635,0.9356,0.4879,10.0301,5.0000,0,0,68.2272,49.9871,0.0000,0.0000,False,,,8.0000,,,60.0000,3.5973
0.0100,30,0.3000,couzin,13,True,1390.0000,0.9804,0.5386,0.9292,0.4766,9.6323,5.0000,0,0,57.4907,43.1103,0.0000,0.0000,False,,,43.0000,,,60.0000,3.9027
0.0100,30,0.3000,couzin,14,True,1320.0000,0.9755,0.5758,0.9402,0.4944,9.7984,5.0000,0,0,67.8923,49.1422,0.0000,0.0000,False,,,0.0000,,,60.0000,9.4374
0.0100,30,0.3000,couzin,15,True,1421.0000,0.9751,0.5232,0.9232,0.4637,9.6649,5.0000,0,0,63.4319,46.4995,0.0000,0.0000,False,,,39.0000,,,60.0000,3.8751
0.0100,30,0.3000,couzin,16,True,1497.0000,0.9820,0.5107,0.8890,0.4527,9.4185,5.0000,0,0,69.7328,51.4197,0.0000,0.0000,False,,,23.0000,,,60.0000,3.6919
0.0100,30,0.3000,couzin,17,True,1302.0000,0.9811,0.6053,0.9356,0.5054,9.9238,5.0000,0,0,69.8032,51.8737,0.0000,0.0000,False,,,0.0000,,,60.0000,3.4552
0.0100,30,0.3000,couzin,18,True,1396.0000,0.9810,0.5477,0.9166,0.4772,9.8030,5.0000,0,0,65.6135,48.9313,0.0000,0.0000,False,,,49.0000,,,60.0000,3.5830
0.0100,30,0.3000,couzin,19,True,1362.0000,0.9799,0.5526,0.9266,0.4874,9.7678,5.0000,0,0,59.6861,43.7367,0.0000,0.0000,False,,,52.0000,,,60.0000,7.7730
0.0100,30,0.3000,couzin,20,True,1375.0000,0.9755,0.5551,0.9109,0.4906,9.7163,4.9987,0,0,66.7876,48.6640,0.0000,0.0000,False,,,12.0000,,,60.0000,3.7031
0.0100,30,0.3000,couzin,21,True,1443.0000,0.9788,0.5102,0.9194,0.4601,9.4723,5.0000,0,0,67.8459,49.5878,0.0000,0.0000,False,,,0.0000,,,60.0000,3.3614
0.0100,30,0.3000,couzin,22,True,1430.0000,0.9788,0.5414,0.8993,0.4673,9.7837,5.0000,0,0,66.4575,49.1242,0.0000,0.0000,False,,,10.0000,,,60.0000,3.9293
0.0100,30,0.3000,couzin,23,True,1455.0000,0.9760,0.5337,0.8946,0.4680,9.5135,5.0000,0,0,60.8874,45.0805,0.0000,0.0000,False,,,0.0000,,,60.0000,5.6189
0.0100,30,0.3000,couzin,24,True,1472.0000,0.9760,0.5243,0.8874,0.4591,9.4704,5.0000,0,0,61.3620,45.5189,0.0000,0.0000,False,,,0.0000,,,60.0000,9.8075
0.0100,30,0.3000,couzin,25,True,1679.0000,0.9784,0.4501,0.8546,0.4153,9.4647,5.0000,0,0,60.5928,44.6146,0.0000,0.0000,False,,,0.0000,,,60.0000,3.5273
0.0100,30,0.3000,couzin,26,True,1372.0000,0.9812,0.5527,0.9247,0.4841,9.8881,5.0000,0,0,66.5512,48.7007,0.0000,0.0000,False,,,0.0000,,,60.0000,8.8289
0.0100,30,0.3000,couzin,27,True,1370.0000,0.9753,0.5595,0.9161,0.4828,9.8877,5.0000,0,0,64.2597,48.7125,0.0000,0.0000,False,,,15.0000,,,60.0000,3.5641
0.0100,30,0.3000,couzin,28,True,1493.0000,0.9812,0.5090,0.8875,0.4552,9.6747,5.0000,0,0,61.4580,45.2841,0.0000,0.0000,False,,,0.0000,,,60.0000,4.7468
0.0100,30,0.3000,couzin,29,True,1422.0000,0.9845,0.5411,0.9171,0.4739,9.7556,4.9817,0,4,69.7473,50.1175,0.0000,0.0000,False,,,55.0000,,,60.0000,3.7344
0.0100,30,0.3000,couzin,30,True,1307.0000,0.9752,0.5874,0.9393,0.4981,9.9415,5.0000,0,0,66.6259,48.9774,0.0000,0.0000,False,,,16.0000,,,60.0000,3.6808
0.0100,30,0.3000,couzin,31,True,1509.0000,0.9829,0.4868,0.9101,0.4426,9.1813,5.0000,0,0,60.3332,45.0000,0.0000,0.0000,False,,,23.0000,,,60.0000,3.9578
0.0100,30,0.3000,couzin,32,True,1312.0000,0.9783,0.5950,0.9386,0.5004,10.0848,5.0000,0,0,70.8040,50.7850,0.0000,0.0000,False,,,0.0000,,,60.0000,9.7635
0.0100,30,0.3000,couzin,33,True,1362.0000,0.9755,0.5717,0.9134,0.4872,9.6010,5.0000,0,0,67.9315,50.9546,0.0000,0.0000,False,,,0.0000,,,60.0000,10.4785
0.0100,30,0.3000,couzin,34,True,1523.0000,0.9785,0.4949,0.8908,0.4404,9.4317,5.0000,0,0,65.3829,49.2167,0.0000,0.0000,False,,,17.0000,,,60.0000,3.5305
0.0100,30,0.3000,couzin,35,True,1423.0000,0.9779,0.5473,0.8972,0.4737,9.3799,5.0000,0,0,67.3116,49.2341,0.0000,0.0000,False,,,10.0000,,,60.0000,3.5569
0.0100,30,0.3000,couzin,36,True,1396.0000,0.9823,0.5442,0.9235,0.4767,9.6511,5.0000,0,0,64.3527,46.5456,0.0000,0.0000,False,,,15.0000,,,60.0000,4.4700
0.0100,30,0.3000,couzin,37,True,1370.0000,0.9764,0.5688,0.9140,0.4853,9.9616,5.0000,0,0,66.3466,48.3611,0.0000,0.0000,False,,,2.0000,,,60.0000,7.3812
0.0100,30,0.3000,couzin,38,True,1861.0000,0.9745,0.4082,0.8241,0.3781,8.9510,5.0000,0,0,61.1070,45.7584,0.0000,0.0000,False,,,0.0000,,,60.0000,8.8669
0.0100,30,0.3000,couzin,39,True,1419.0000,0.9815,0.5266,0.9199,0.4702,9.6859,5.0000,0,0,64.1046,46.1165,0.0000,0.0000,False,,,0.0000,,,60.0000,3.6531
0.0100,30,0.3000,couzin,40,True,1337.0000,0.9773,0.5706,0.9284,0.4928,9.7981,5.0000,0,0,68.3103,49.4871,0.0000,0.0000,False,,,30.0000,,,60.0000,8.1262
0.0100,30,0.3000,couzin,41,True,1460.0000,0.9750,0.5035,0.9053,0.4540,9.6107,5.0000,0,0,57.6991,44.6645,0.0000,0.0000,False,,,0.0000,,,60.0000,3.6811
0.0100,30,0.3000,couzin,42,True,1507.0000,0.9815,0.4882,0.9051,0.4462,9.3996,5.0000,0,0,59.7248,45.0516,0.0000,0.0000,False,,,36.0000,,,60.0000,3.9347
0.0100,30,0.3000,couzin,43,True,1335.0000,0.9770,0.5857,0.9267,0.4935,9.8374,5.0000,0,0,76.3678,54.5119,0.0000,0.0000,False,,,41.0000,,,60.0000,3.1143
0.0100,30,0.3000,couzin,44,True,1329.0000,0.9806,0.5953,0.9237,0.4998,9.9994,5.0000,0,0,71.2758,52.7837,0.0000,0.0000,False,,,0.0000,,,60.0000,7.2707
0.0100,30,0.3000,couzin,45,True,1370.0000,0.9790,0.5594,0.9196,0.4826,9.8637,5.0000,0,0,64.3940,47.5805,0.0000,0.0000,False,,,3.0000,,,60.0000,3.9543
0.0100,30,0.3000,couzin,46,True,1326.0000,0.9852,0.5965,0.9234,0.5036,10.0924,5.0000,0,0,68.0160,51.1039,0.0000,0.0000,False,,,33.0000,,,60.0000,3.9570
0.0100,30,0.3000,couzin,47,True,1475.0000,0.9800,0.5281,0.8896,0.4579,9.0929,5.0000,0,0,66.5285,50.3358,0.0000,0.0000,False,,,8.0000,,,60.0000,3.7154
0.0100,30,0.3000,couzin,48,True,1464.0000,0.9757,0.5251,0.8888,0.4566,9.7601,5.0000,0,0,66.4977,49.0463,0.0000,0.0000,False,,,0.0000,,,60.0000,3.2701
0.0100,30,0.3000,couzin,49,True,1423.0000,0.9814,0.5344,0.9111,0.4692,9.5892,5.0000,0,0,66.9011,49.4908,0.0000,0.0000,False,,,26.0000,,,60.0000,4.5171
0.0100,30,0.3000,pacnav,0,True,1933.0000,0.9772,0.6773,0.9083,0.3580,8.8711,5.0000,0,0,88.5582,52.0398,0.4886,0.0009,False,,,9.0000,,,60.0000,26.4806
0.0100,30,0.3000,pacnav,1,True,1891.0000,0.9840,0.6906,0.9167,0.3625,9.0319,4.9607,0,11,72.2952,45.0706,0.1971,0.0007,False,,,0.0000,,,60.0000,28.5958
0.0100,30,0.3000,pacnav,2,True,1876.0000,0.9894,0.7105,0.9470,0.3557,9.3998,4.9996,0,0,63.9273,43.6055,0.0453,0.0010,False,,,35.0000,,,60.0000,31.4384
0.0100,30,0.3000,pacnav,3,True,1818.0000,0.9749,0.7031,0.9427,0.3611,9.3820,5.0000,0,0,128.3281,67.1810,0.7686,0.0036,False,,,0.0000,,,60.0000,26.3757
0.0100,30,0.3000,pacnav,4,True,1799.0000,0.9819,0.6952,0.9405,0.3676,9.0680,5.0000,0,0,67.4782,41.3019,0.2500,0.0017,False,,,9.0000,,,60.0000,37.5432
0.0100,30,0.3000,pacnav,5,False,,0.8728,0.5849,0.7207,0.3273,8.2846,3.7633,0,96,106.1744,62.7310,0.5360,0.0000,True,,,,,,60.0000,26.1300
0.0100,30,0.3000,pacnav,6,True,2228.0000,0.9797,0.6368,0.8691,0.3288,8.9326,5.0000,0,0,106.7224,49.3017,0.5742,0.0008,False,,,0.0000,,,60.0000,26.4851
0.0100,30,0.3000,pacnav,7,True,1843.0000,0.9954,0.7453,0.9464,0.3635,9.0555,4.9999,0,0,91.0054,53.6267,0.0434,0.0013,False,,,93.0000,,,60.0000,29.1016
0.0100,30,0.3000,pacnav,8,True,1853.0000,0.9801,0.6511,0.9288,0.3655,8.3617,4.9967,0,0,115.7908,68.8214,0.5162,0.0059,False,,,0.0000,,,60.0000,28.6360
0.0100,30,0.3000,pacnav,9,True,1898.0000,0.9820,0.6982,0.9130,0.3603,9.3212,5.0000,0,0,82.3838,51.7855,0.1711,0.0004,False,,,62.0000,,,60.0000,31.3576
0.0100,30,0.3000,pacnav,10,True,2079.0000,0.9913,0.6472,0.9005,0.3409,8.9040,5.0000,0,0,111.3977,47.0625,0.7803,0.0012,False,,,0.0000,,,60.0000,13.7363
0.0100,30,0.3000,pacnav,11,True,1896.0000,0.9834,0.7211,0.9400,0.3493,9.6201,5.0000,0,0,64.7486,44.0838,0.0185,0.0006,False,,,32.0000,,,60.0000,14.9612
0.0100,30,0.3000,pacnav,12,True,1946.0000,0.9780,0.7425,0.9119,0.3609,9.4692,4.8829,0,11,85.0924,50.7087,0.3713,0.0004,False,,,131.0000,,,60.0000,12.4263
0.0100,30,0.3000,pacnav,13,False,1921.0000,0.9856,0.7084,0.9102,0.3567,9.1492,0.0000,6,29,94.9778,49.8022,0.6124,0.0007,False,,,18.0000,,,60.0000,13.0415
0.0100,30,0.3000,pacnav,14,True,1808.0000,0.9773,0.7500,0.9480,0.3616,9.4873,5.0000,0,0,54.1615,42.3270,0.0000,0.0000,False,,,33.0000,,,60.0000,15.7732
0.0100,30,0.3000,pacnav,15,False,2135.0000,0.9653,0.6911,0.8548,0.3525,8.9505,0.0000,153,153,98.7275,53.5425,0.5379,0.0000,False,,,198.0000,,,60.0000,15.0446
0.0100,30,0.3000,pacnav,16,True,1847.0000,0.9867,0.7762,0.9571,0.3575,9.5037,4.9999,0,0,83.5474,53.4681,0.2381,0.0008,False,,,57.0000,,,60.0000,14.1415
0.0100,30,0.3000,pacnav,17,True,1873.0000,0.9785,0.7248,0.9369,0.3629,9.4256,4.9765,0,7,69.2503,51.6280,0.3911,0.0000,False,,,33.0000,,,60.0000,14.9700
0.0100,30,0.3000,pacnav,18,True,2028.0000,0.9854,0.6119,0.8947,0.3492,8.6302,4.9889,0,3,90.0931,43.2105,0.3164,0.0012,False,,,15.0000,,,60.0000,18.0157
0.0100,30,0.3000,pacnav,19,True,1976.0000,0.9899,0.6620,0.9103,0.3580,8.7097,3.3194,0,17,83.1774,51.7024,0.1027,0.0000,False,,,104.0000,,,60.0000,13.6500
0.0100,30,0.3000,pacnav,20,True,1822.0000,0.9793,0.6542,0.9106,0.3769,8.7387,5.0000,0,0,62.0299,41.4213,0.0801,0.0013,False,,,9.0000,,,60.0000,16.0261
0.0100,30,0.3000,pacnav,21,True,2083.0000,0.9821,0.6430,0.8624,0.3574,8.4128,4.9995,0,0,132.3666,58.4447,0.7183,0.0004,False,,,70.0000,,,60.0000,15.5579
0.0100,30,0.3000,pacnav,22,True,2081.0000,0.9890,0.6370,0.8848,0.3524,8.5081,4.3507,0,24,107.7739,57.1674,0.6494,0.0007,False,,,73.0000,,,60.0000,12.0184
0.0100,30,0.3000,pacnav,23,True,1963.0000,0.9843,0.6913,0.9132,0.3563,9.0022,4.5766,0,13,86.2221,50.0529,0.2490,0.0001,False,,,72.0000,,,60.0000,13.1547
0.0100,30,0.3000,pacnav,24,True,1881.0000,0.9811,0.7486,0.9433,0.3539,9.6694,5.0000,0,0,79.5502,52.6877,0.2237,0.0010,False,,,2.0000,,,60.0000,14.9650
0.0100,30,0.3000,pacnav,25,True,1911.0000,0.9748,0.7043,0.8973,0.3629,9.2583,5.0000,0,0,77.1000,48.6220,0.1569,0.0021,False,,,11.0000,,,60.0000,13.4520
0.0100,30,0.3000,pacnav,26,True,1920.0000,0.9861,0.6643,0.9430,0.3442,9.1570,5.0000,0,0,74.9717,49.9481,0.3378,0.0000,False,,,47.0000,,,60.0000,12.7055
0.0100,30,0.3000,pacnav,27,True,2260.0000,0.9812,0.6352,0.8730,0.3210,8.4829,4.9995,0,0,63.0354,43.6830,0.0088,0.0003,False,,,0.0000,,,60.0000,12.0533
0.0100,30,0.3000,pacnav,28,True,1971.0000,0.9744,0.6876,0.8996,0.3465,8.8686,5.0000,0,0,90.4629,48.9356,0.3687,0.0006,False,,,0.0000,,,60.0000,16.0797
0.0100,30,0.3000,pacnav,29,True,1991.0000,0.9889,0.6407,0.8976,0.3444,8.7026,5.0000,0,0,88.0599,49.9182,0.2304,0.0009,False,,,0.0000,,,60.0000,17.3228
0.0100,30,0.3000,pacnav,30,True,1954.0000,0.9850,0.7167,0.9285,0.3485,9.5740,5.0000,0,0,72.9653,49.4397,0.4813,0.0006,False,,,13.0000,,,60.0000,14.6925
0.0100,30,0.3000,pacnav,31,True,1837.0000,0.9772,0.7360,0.9195,0.3737,9.3478,4.9999,0,0,76.8944,47.7146,0.1921,0.0023,False,,,63.0000,,,60.0000,13.7042
0.0100,30,0.3000,pacnav,32,True,1956.0000,0.9854,0.7010,0.9116,0.3513,9.0093,5.0000,0,0,81.6614,50.0315,0.2289,0.0000,False,,,8.0000,,,60.0000,15.8756
0.0100,30,0.3000,pacnav,33,True,2029.0000,0.9796,0.6626,0.9109,0.3426,9.0402,5.0000,0,0,104.9270,59.0710,0.3640,0.0000,False,,,274.0000,,,60.0000,13.7766
0.0100,30,0.3000,pacnav,34,True,1898.0000,0.9803,0.7170,0.9270,0.3597,9.3090,5.0000,0,0,86.2036,49.2002,0.4997,0.0014,False,,,11.0000,,,60.0000,13.7281
0.0100,30,0.3000,pacnav,35,True,2081.0000,0.9894,0.7148,0.9024,0.3367,9.4682,4.9992,0,0,107.3835,50.8554,0.6302,0.0003,False,,,12.0000,,,60.0000,15.6129
0.0100,30,0.3000,pacnav,36,True,2085.0000,0.9869,0.6772,0.8964,0.3391,8.8605,4.9986,0,0,148.8246,72.0371,0.8284,0.0007,False,,,25.0000,,,60.0000,12.9142
0.0100,30,0.3000,pacnav,37,True,1962.0000,0.9812,0.6834,0.9271,0.3457,9.3747,5.0000,0,0,80.8081,50.2599,0.1701,0.0005,False,,,12.0000,,,60.0000,16.7110
0.0100,30,0.3000,pacnav,38,True,1970.0000,0.9781,0.6752,0.8893,0.3536,8.9331,4.9999,0,0,98.4458,51.1775,0.3968,0.0012,False,,,21.0000,,,60.0000,13.2144
0.0100,30,0.3000,pacnav,39,True,2064.0000,0.9779,0.6551,0.8741,0.3461,8.8854,4.8231,0,6,119.8447,62.8880,0.6877,0.0001,False,,,0.0000,,,60.0000,13.6609
0.0100,30,0.3000,pacnav,40,True,1742.0000,0.9882,0.7243,0.9387,0.3871,8.8247,5.0000,0,0,64.0551,42.3820,0.0006,0.0000,False,,,60.0000,,,60.0000,14.6138
0.0100,30,0.3000,pacnav,41,False,,0.8844,0.5324,0.7364,0.3030,8.0285,3.7363,0,19,85.3049,50.5793,0.3750,0.0011,True,,,,,,60.0000,11.1975
0.0100,30,0.3000,pacnav,42,True,1992.0000,0.9790,0.6741,0.8885,0.3550,8.9600,5.0000,0,0,112.2771,55.6782,0.4962,0.0002,False,,,75.0000,,,60.0000,13.0749
0.0100,30,0.3000,pacnav,43,True,1781.0000,0.9802,0.7405,0.9540,0.3668,9.3478,5.0000,0,0,64.6572,45.9212,0.2082,0.0000,False,,,0.0000,,,60.0000,16.5976
0.0100,30,0.3000,pacnav,44,True,1877.0000,0.9743,0.7104,0.9214,0.3588,9.0194,5.0000,0,0,92.8844,59.4901,0.2982,0.0023,False,,,0.0000,,,60.0000,16.9853
0.0100,30,0.3000,pacnav,45,True,1821.0000,0.9822,0.7532,0.9516,0.3606,9.5539,5.0000,0,0,59.8049,43.9505,0.0384,0.0000,False,,,22.0000,,,60.0000,15.0111
0.0100,30,0.3000,pacnav,46,True,1904.0000,0.9768,0.7218,0.9322,0.3604,9.6537,4.4543,0,26,66.1059,45.3941,0.1323,0.0006,False,,,74.0000,,,60.0000,14.2589
0.0100,30,0.3000,pacnav,47,True,1950.0000,0.9766,0.6763,0.9203,0.3488,9.3327,4.9552,0,5,82.1061,52.0925,0.3188,0.0010,False,,,0.0000,,,60.0000,16.3863
0.0100,30,0.3000,pacnav,48,True,1921.0000,0.9772,0.7226,0.9365,0.3448,9.5304,5.0000,0,0,91.2018,55.5527,0.5312,0.0005,False,,,223.0000,,,60.0000,12.2268
0.0100,30,0.3000,pacnav,49,True,2270.0000,0.9801,0.6362,0.8320,0.3440,8.6218,3.5815,0,59,193.4169,62.3753,0.7318,0.0180,False,,,29.0000,,,60.0000,12.3700
0.0100,30,0.3000,petracek,0,False,,0.3786,-0.0095,0.6171,0.1108,10.7260,5.0000,0,0,562.7421,432.9968,0.9573,0.0000,True,,,,,,60.0000,6.7983
0.0100,30,0.3000,petracek,1,False,,0.4042,-0.0042,0.6096,0.1199,7.2808,5.0000,0,0,538.8768,447.7949,0.9697,0.0000,True,,,,,,60.0000,6.8938
0.0100,30,0.3000,petracek,2,False,,0.3547,-0.0123,0.6098,0.1186,10.6105,5.0000,0,0,595.9946,419.7710,0.9620,0.0000,True,,,,,,60.0000,6.7521
0.0100,30,0.3000,petracek,3,False,,0.4339,-0.0024,0.6131,0.1167,8.5460,5.0000,0,0,513.4864,456.4495,0.9683,0.0000,True,,,,,,60.0000,6.3442
0.0100,30,0.3000,petracek,4,False,,0.3533,-0.0104,0.6090,0.1013,9.4512,5.0000,0,0,583.9494,416.6495,0.9613,0.0000,True,,,,,,60.0000,5.9976
0.0100,30,0.3000,petracek,5,False,,0.3061,-0.0127,0.6065,0.1203,9.2851,5.0000,0,0,620.6124,399.2797,0.9673,0.0000,True,,,,,,60.0000,6.9925
0.0100,30,0.3000,petracek,6,False,,0.4146,-0.0032,0.6163,0.1277,9.1511,5.0000,0,0,538.1352,445.5937,0.9600,0.0000,True,,,,,,60.0000,6.6208
0.0100,30,0.3000,petracek,7,False,,0.4080,-0.0013,0.6095,0.1339,6.3472,5.0000,0,0,547.7495,449.0271,0.9693,0.0000,True,,,,,,60.0000,6.1153
0.0100,30,0.3000,petracek,8,False,,0.3374,-0.0075,0.6046,0.1284,8.4055,5.0000,0,0,597.3096,423.0968,0.9720,0.0000,True,,,,,,60.0000,6.2632
0.0100,30,0.3000,petracek,9,False,,0.3105,-0.0121,0.6045,0.1243,11.6694,5.0000,0,0,614.2652,402.4632,0.9640,0.0000,True,,,,,,60.0000,5.8330
0.0100,30,0.3000,petracek,10,False,,0.4464,0.0044,0.6183,0.1176,10.1907,5.0000,0,0,514.6815,455.2944,0.9590,0.0000,True,,,,,,60.0000,2.5943
0.0100,30,0.3000,petracek,11,False,,0.3402,-0.0124,0.6120,0.1114,10.2098,5.0000,0,0,596.5660,424.6781,0.9740,0.0000,True,,,,,,60.0000,2.2741
0.0100,30,0.3000,petracek,12,False,,0.3849,-0.0057,0.6105,0.1277,9.3431,5.0000,0,0,560.2056,434.7407,0.9457,0.0000,True,,,,,,60.0000,2.7055
0.0100,30,0.3000,petracek,13,False,,0.5105,0.0163,0.6202,0.1383,9.6080,5.0000,0,0,466.2987,457.9344,0.9630,0.0000,True,,,,,,60.0000,2.9142
0.0100,30,0.3000,petracek,14,False,,0.3135,-0.0154,0.6133,0.1090,9.8633,5.0000,0,0,625.5529,402.9109,0.9690,0.0000,True,,,,,,60.0000,2.6463
0.0100,30,0.3000,petracek,15,False,,0.4358,0.0054,0.6129,0.1460,9.6386,5.0000,0,0,516.9371,459.7471,0.9627,0.0000,True,,,,,,60.0000,2.3874
0.0100,30,0.3000,petracek,16,False,,0.3740,-0.0073,0.6174,0.1177,9.7944,5.0000,0,0,577.0411,439.6406,0.9563,0.0000,True,,,,,,60.0000,1.8215
0.0100,30,0.3000,petracek,17,False,,0.3327,-0.0104,0.6090,0.1166,9.9383,5.0000,0,0,602.8503,427.3044,0.9693,0.0000,True,,,,,,60.0000,2.6575
0.0100,30,0.3000,petracek,18,False,,0.4061,-0.0035,0.6102,0.1184,7.8406,5.0000,0,0,547.9495,452.1506,0.9707,0.0000,True,,,,,,60.0000,2.8345
0.0100,30,0.3000,petracek,19,False,,0.4427,0.0066,0.6152,0.1343,6.5009,5.0000,0,0,495.6721,454.6814,0.9610,0.0000,True,,,,,,60.0000,3.0796
0.0100,30,0.3000,petracek,20,False,,0.3826,-0.0043,0.6096,0.1248,9.1992,5.0000,0,0,558.7017,428.9667,0.9623,0.0000,True,,,,,,60.0000,2.3902
0.0100,30,0.3000,petracek,21,False,,0.5066,0.0210,0.6140,0.1671,8.6492,5.0000,0,0,460.2448,462.0875,0.9617,0.0000,True,,,,,,60.0000,3.2344
0.0100,30,0.3000,petracek,22,False,,0.3439,-0.0114,0.6104,0.1106,8.1901,5.0000,0,0,600.0910,425.7867,0.9693,0.0000,True,,,,,,60.0000,2.0685
0.0100,30,0.3000,petracek,23,False,,0.3396,-0.0062,0.6082,0.1421,9.6903,5.0000,0,0,599.7295,422.9909,0.9703,0.0000,True,,,,,,60.0000,2.7909
0.0100,30,0.3000,petracek,24,False,,0.3411,-0.0077,0.6102,0.1261,7.0079,5.0000,0,0,588.1422,419.7344,0.9677,0.0000,True,,,,,,60.0000,2.8249
0.0100,30,0.3000,petracek,25,False,,0.2846,-0.0207,0.6081,0.0847,12.4355,5.0000,0,0,636.8111,375.1270,0.9673,0.0000,True,,,,,,60.0000,3.0654
0.0100,30,0.3000,petracek,26,False,,0.4087,0.0018,0.6132,0.1236,5.5387,5.0000,0,0,525.2075,448.7723,0.9730,0.0000,True,,,,,,60.0000,12.3677
0.0100,30,0.3000,petracek,27,False,,0.2341,-0.0211,0.5975,0.0972,9.0767,5.0000,0,0,687.4599,318.9968,0.9693,0.0000,True,,,,,,60.0000,2.7493
0.0100,30,0.3000,petracek,28,False,,0.3599,-0.0102,0.6064,0.1152,6.7127,5.0000,0,0,577.1072,415.0241,0.9530,0.0000,True,,,,,,60.0000,2.6306
0.0100,30,0.3000,petracek,29,False,,0.4024,-0.0012,0.6127,0.1333,10.1220,5.0000,0,0,544.1582,452.0781,0.9700,0.0000,True,,,,,,60.0000,2.7830
0.0100,30,0.3000,petracek,30,False,,0.3721,-0.0100,0.6115,0.1140,6.5626,5.0000,0,0,555.6756,430.2957,0.9653,0.0000,True,,,,,,60.0000,2.5575
0.0100,30,0.3000,petracek,31,False,,0.3229,-0.0062,0.6025,0.1397,8.8650,5.0000,0,0,623.6027,402.9280,0.9657,0.0000,True,,,,,,60.0000,2.3139
0.0100,30,0.3000,petracek,32,False,,0.4143,-0.0017,0.6099,0.1262,9.7822,5.0000,0,0,536.5889,450.0636,0.9610,0.0000,True,,,,,,60.0000,2.7322
0.0100,30,0.3000,petracek,33,False,,0.2985,-0.0179,0.6052,0.0853,9.2932,5.0000,0,0,629.3555,402.6439,0.9793,0.0000,True,,,,,,60.0000,2.8041
0.0100,30,0.3000,petracek,34,False,,0.3385,-0.0112,0.6036,0.1084,10.6031,5.0000,0,0,595.2927,422.0450,0.9720,0.0000,True,,,,,,60.0000,2.6039
0.0100,30,0.3000,petracek,35,False,,0.4311,0.0022,0.6111,0.1303,6.4405,5.0000,0,0,518.4662,454.5075,0.9697,0.0000,True,,,,,,60.0000,3.3883
0.0100,30,0.3000,petracek,36,False,,0.3784,-0.0099,0.6115,0.1005,7.9370,5.0000,0,0,574.9650,436.3791,0.9723,0.0000,True,,,,,,60.0000,3.0904
0.0100,30,0.3000,petracek,37,False,,0.3104,-0.0135,0.6055,0.1123,11.7999,5.0000,0,0,616.2629,400.4946,0.9567,0.0000,True,,,,,,60.0000,2.6480
0.0100,30,0.3000,petracek,38,False,,0.3563,-0.0105,0.6127,0.0925,7.1005,5.0000,0,0,591.0874,417.4631,0.9633,0.0000,True,,,,,,60.0000,2.6482
0.0100,30,0.3000,petracek,39,False,,0.3246,-0.0140,0.6162,0.0971,13.1378,5.0000,0,0,619.3289,402.6683,0.9617,0.0000,True,,,,,,60.0000,2.6275
0.0100,30,0.3000,petracek,40,False,,0.3098,-0.0195,0.6118,0.0848,6.7073,5.0000,0,0,630.8836,412.3988,0.9750,0.0000,True,,,,,,60.0000,2.6525
0.0100,30,0.3000,petracek,41,False,,0.3997,-0.0041,0.6091,0.1234,6.8991,5.0000,0,0,540.9132,450.0455,0.9690,0.0000,True,,,,,,60.0000,2.2846
0.0100,30,0.3000,petracek,42,False,,0.3725,-0.0098,0.6135,0.1020,7.7708,5.0000,0,0,570.3182,442.9954,0.9707,0.0000,True,,,,,,60.0000,3.3003
0.0100,30,0.3000,petracek,43,False,,0.3060,-0.0156,0.6066,0.1136,11.0609,5.0000,0,0,629.7700,408.9688,0.9623,0.0000,True,,,,,,60.0000,2.5544
0.0100,30,0.3000,petracek,44,False,,0.3457,-0.0133,0.6137,0.1127,7.1756,5.0000,0,0,588.4356,423.0991,0.9663,0.0000,True,,,,,,60.0000,2.8549
0.0100,30,0.3000,petracek,45,False,,0.3702,-0.0091,0.6140,0.1005,7.4702,5.0000,0,0,566.1337,436.8793,0.9660,0.0000,True,,,,,,60.0000,2.6456
0.0100,30,0.3000,petracek,46,False,,0.3696,-0.0039,0.6142,0.1260,5.9287,5.0000,0,0,559.6883,435.6856,0.9723,0.0000,True,,,,,,60.0000,3.3872
0.0100,30,0.3000,petracek,47,False,,0.3059,-0.0163,0.6106,0.0990,7.1586,5.0000,0,0,619.3850,400.8372,0.9713,0.0000,True,,,,,,60.0000,2.9969
0.0100,30,0.3000,petracek,48,False,,0.3768,-0.0070,0.6091,0.0982,9.4505,5.0000,0,0,562.7191,427.1701,0.9630,0.0000,True,,,,,,60.0000,2.7871
0.0100,30,0.3000,petracek,49,False,,0.5000,0.0152,0.6117,0.1308,7.8479,5.0000,0,0,460.3400,455.8374,0.9593,0.0000,True,,,,,,60.0000,2.6768
0.0100,30,1.0000,cb-ele,0,True,1309.0000,0.9722,0.9063,0.9628,0.4938,8.2764,5.0000,0,0,43.2885,32.6782,0.0000,0.0000,False,95.0000,0.8855,0.0000,True,19.0000,60.0000,26.4734
0.0100,30,1.0000,cb-ele,1,True,1306.0000,0.9711,0.9164,0.9593,0.4934,8.8340,5.0000,0,0,43.9401,34.4234,0.0000,0.0000,False,103.0000,0.9044,0.0000,True,14.0000,60.0000,27.7080
0.0100,30,1.0000,cb-ele,2,True,1246.0000,0.9774,0.9134,0.9750,0.5177,8.3336,5.0000,0,0,39.4999,32.5836,0.0000,0.0000,False,81.0000,0.9134,0.0000,True,14.0000,60.0000,26.6907
0.0100,30,1.0000,cb-ele,3,True,1159.0000,0.9838,0.9108,0.9691,0.5617,8.6122,5.0000,0,0,57.4736,37.7624,0.0000,0.0000,False,111.0000,0.8810,0.0000,True,12.0000,60.0000,28.3560
0.0100,30,1.0000,cb-ele,4,True,1305.0000,0.9732,0.9005,0.9619,0.4927,9.0118,5.0000,0,0,47.9672,34.7133,0.0000,0.0000,False,59.0000,0.9234,0.0000,True,14.0000,60.0000,26.6023
0.0100,30,1.0000,cb-ele,5,True,1258.0000,0.9722,0.9237,0.9648,0.5122,8.0834,5.0000,0,0,37.7611,31.3545,0.0000,0.0000,False,83.0000,0.9206,0.0000,True,18.0000,60.0000,27.8052
0.0100,30,1.0000,cb-ele,6,True,1254.0000,0.9703,0.9184,0.9767,0.5080,8.5571,5.0000,0,0,45.9784,34.3943,0.0000,0.0000,False,86.0000,0.8964,0.0000,True,16.0000,60.0000,27.9315
0.0100,30,1.0000,cb-ele,7,True,1277.0000,0.9708,0.9057,0.9695,0.5009,8.6124,5.0000,0,0,42.9348,34.4050,0.0000,0.0000,False,104.0000,0.8834,0.0000,True,17.0000,60.0000,26.2526
0.0100,30,1.0000,cb-ele,8,True,1200.0000,0.9722,0.9056,0.9464,0.5448,9.1899,5.0000,0,0,40.9438,33.0877,0.0000,0.0000,False,79.0000,0.5012,0.0000,False,12.0000,60.0000,29.2951
0.0100,30,1.0000,cb-ele,9,True,1312.0000,0.9741,0.9003,0.9670,0.4947,8.9071,5.0000,0,0,41.9317,34.0123,0.0000,0.0000,False,71.0000,0.8979,0.0000,True,19.0000,60.0000,29.0027
0.0100,30,1.0000,cb-ele,10,True,1279.0000,0.9730,0.9032,0.9746,0.4996,8.9419,5.0000,0,0,44.3975,33.5705,0.0000,0.0000,False,72.0000,0.9328,0.0000,True,14.0000,60.0000,11.2490
0.0100,30,1.0000,cb-ele,11,True,1278.0000,0.9675,0.9156,0.9729,0.4986,8.4964,5.0000,0,0,38.9083,31.9190,0.0000,0.0000,False,87.0000,0.9054,0.0000,True,15.0000,60.0000,13.0149
0.0100,30,1.0000,cb-ele,12,True,1309.0000,0.9796,0.8791,0.9409,0.5132,8.7291,5.0000,0,0,65.9410,38.6142,0.1870,0.0000,False,77.0000,0.9107,0.0000,True,18.0000,60.0000,11.1306
0.0100,30,1.0000,cb-ele,13,True,1262.0000,0.9802,0.9124,0.9595,0.5154,8.4266,5.0000,0,0,39.1624,31.5279,0.0000,0.0000,False,42.0000,0.9105,0.0000,True,14.0000,60.0000,12.6788
0.0100,30,1.0000,cb-ele,14,True,1312.0000,0.9864,0.9154,0.9622,0.4989,8.9475,5.0000,0,0,43.2496,33.6241,0.0000,0.0000,False,86.0000,0.4402,0.0000,False,15.0000,60.0000,11.8347
0.0100,30,1.0000,cb-ele,15,True,1299.0000,0.9748,0.9157,0.9724,0.4934,8.5740,5.0000,0,0,43.1086,33.9910,0.0000,0.0000,False,104.0000,0.8685,0.0000,True,10.0000,60.0000,12.6577
0.0100,30,1.0000,cb-ele,16,True,1248.0000,0.9736,0.9104,0.9728,0.5145,8.5562,5.0000,0,0,53.0817,35.7878,0.0000,0.0000,False,122.0000,0.8687,0.0000,True,12.0000,60.0000,12.6049
0.0100,30,1.0000,cb-ele,17,True,1260.0000,0.9692,0.9308,0.9697,0.5078,8.2303,5.0000,0,0,39.7233,32.0563,0.0000,0.0000,False,67.0000,0.9064,0.0000,True,14.0000,60.0000,11.9538
0.0100,30,1.0000,cb-ele,18,True,1316.0000,0.9831,0.9074,0.9563,0.4963,8.9825,5.0000,0,0,41.0893,33.1395,0.0000,0.0000,False,9.0000,0.9226,0.0000,True,11.0000,60.0000,12.1925
0.0100,30,1.0000,cb-ele,19,True,1285.0000,0.9769,0.9063,0.9641,0.5027,8.1936,5.0000,0,0,44.1385,33.9425,0.0000,0.0000,False,92.0000,0.8958,0.0000,True,13.0000,60.0000,12.1326
0.0100,30,1.0000,cb-ele,20,True,1336.0000,0.9762,0.9020,0.9586,0.4910,9.0074,5.0000,0,0,41.9070,34.6570,0.0000,0.0000,False,106.0000,0.8938,0.0000,True,13.0000,60.0000,11.9280
0.0100,30,1.0000,cb-ele,21,True,1326.0000,0.9723,0.9092,0.9611,0.4938,8.7640,5.0000,0,0,40.3616,32.9565,0.0000,0.0000,False,106.0000,0.8870,0.0000,True,13.0000,60.0000,12.5813
0.0100,30,1.0000,cb-ele,22,True,1317.0000,0.9714,0.9158,0.9519,0.5003,8.8291,5.0000,0,0,40.0322,32.2488,0.0000,0.0000,False,82.0000,0.9393,0.0000,True,20.0000,60.0000,11.0272
0.0100,30,1.0000,cb-ele,23,True,1251.0000,0.9728,0.9178,0.9724,0.5134,8.0779,5.0000,0,0,41.9113,32.3299,0.0000,0.0000,False,122.0000,0.8898,0.0000,True,16.0000,60.0000,11.6387
0.0100,30,1.0000,cb-ele,24,True,1374.0000,0.9817,0.9099,0.9378,0.4926,8.5852,5.0000,0,0,43.1746,32.6131,0.0000,0.0000,False,85.0000,0.9185,0.0000,True,15.0000,60.0000,11.9218
0.0100,30,1.0000,cb-ele,25,True,1364.0000,0.9783,0.8804,0.9055,0.5129,8.4498,5.0000,0,0,55.8572,35.2724,0.0000,0.0000,False,57.0000,0.9509,0.0000,True,12.0000,60.0000,11.8410
0.0100,30,1.0000,cb-ele,26,True,1249.0000,0.9728,0.8831,0.9511,0.5233,8.2936,5.0000,0,0,66.4997,39.1397,0.2600,0.0000,False,83.0000,0.8960,0.0000,True,15.0000,60.0000,11.8853
0.0100,30,1.0000,cb-ele,27,True,1458.0000,0.9811,0.9013,0.9623,0.4485,9.0818,5.0000,0,0,71.7360,42.4318,0.1576,0.0000,False,98.0000,0.9123,0.0000,True,21.0000,60.0000,11.8437
0.0100,30,1.0000,cb-ele,28,True,1315.0000,0.9758,0.9031,0.9691,0.4915,8.7315,5.0000,0,0,43.2387,33.8005,0.0000,0.0000,False,154.0000,0.8503,0.0000,True,25.0000,60.0000,12.3389
0.0100,30,1.0000,cb-ele,29,True,1494.0000,0.9869,0.8316,0.9270,0.4479,10.0925,5.0000,0,0,68.6713,42.9100,0.2047,0.0000,False,116.0000,0.9124,0.0000,True,16.0000,60.0000,11.6639
0.0100,30,1.0000,cb-ele,30,True,1253.0000,0.9814,0.8962,0.9376,0.5368,8.8819,5.0000,0,0,53.1947,35.9201,0.0359,0.0000,False,88.0000,0.8995,0.0000,True,16.0000,60.0000,11.0081
0.0100,30,1.0000,cb-ele,31,True,1320.0000,0.9738,0.8893,0.9656,0.4908,9.3446,5.0000,0,0,46.3524,38.0008,0.0000,0.0000,False,90.0000,0.9107,0.0000,True,15.0000,60.0000,11.0379
0.0100,30,1.0000,cb-ele,32,True,1272.0000,0.9695,0.9182,0.9589,0.5133,8.0568,5.0000,0,0,40.5707,31.4592,0.0000,0.0000,False,65.0000,0.9026,0.0000,True,16.0000,60.0000,11.9022
0.0100,30,1.0000,cb-ele,33,True,1240.0000,0.9762,0.9185,0.9598,0.5361,8.2303,5.0000,0,0,40.2132,32.1737,0.0000,0.0000,False,71.0000,0.9154,0.0000,True,17.0000,60.0000,11.6127
0.0100,30,1.0000,cb-ele,34,True,1252.0000,0.9684,0.9227,0.9758,0.5081,8.1742,5.0000,0,0,40.9620,32.3311,0.0000,0.0000,False,85.0000,0.9074,0.0000,True,16.0000,60.0000,11.3772
0.0100,30,1.0000,cb-ele,35,True,1247.0000,0.9758,0.8975,0.9583,0.5191,8.1925,5.0000,0,0,59.0596,36.6518,0.1803,0.0000,False,111.0000,0.8782,0.0000,True,15.0000,60.0000,11.7108
0.0100,30,1.0000,cb-ele,36,True,1323.0000,0.9790,0.9145,0.9526,0.5012,8.6175,5.0000,0,0,41.2053,32.9187,0.0000,0.0000,False,319.0000,0.7379,0.0000,True,11.0000,60.0000,11.1635
0.0100,30,1.0000,cb-ele,37,True,1284.0000,0.9767,0.9154,0.9674,0.5078,8.4466,5.0000,0,0,41.7466,32.0950,0.0000,0.0000,False,52.0000,0.9455,0.0000,True,13.0000,60.0000,11.8028
0.0100,30,1.0000,cb-ele,38,True,1242.0000,0.9816,0.9060,0.9702,0.5218,8.6833,5.0000,0,0,51.9138,35.4234,0.0000,0.0000,False,115.0000,0.8665,0.0000,True,13.0000,60.0000,11.5648
0.0100,30,1.0000,cb-ele,39,True,1212.0000,0.9730,0.9336,0.9733,0.5282,8.1704,5.0000,0,0,46.2894,33.9581,0.0000,0.0000,False,684.0000,0.4509,0.0000,True,13.0000,60.0000,11.8807
0.0100,30,1.0000,cb-ele,40,True,1256.0000,0.9776,0.9155,0.9676,0.5171,8.3667,5.0000,0,0,40.6547,32.2237,0.0000,0.0000,False,65.0000,0.9228,0.0000,True,15.0000,60.0000,11.7073
0.0100,30,1.0000,cb-ele,41,True,1292.0000,0.9749,0.9151,0.9764,0.4951,8.5569,5.0000,0,0,42.3498,33.1552,0.0000,0.0000,False,112.0000,0.8910,0.0000,True,14.0000,60.0000,12.4897
0.0100,30,1.0000,cb-ele,42,True,1334.0000,0.9766,0.8875,0.9024,0.5255,8.7831,4.7090,0,13,58.8028,37.3963,0.0000,0.0000,False,102.0000,0.9064,0.0000,True,19.0000,60.0000,11.8522
0.0100,30,1.0000,cb-ele,43,False,,0.9753,0.6843,0.6962,0.3237,9.7009,5.0000,0,0,58.0389,40.0255,0.1967,0.0000,True,66.0000,0.9667,,True,16.0000,60.0000,12.2672
0.0100,30,1.0000,cb-ele,44,True,1306.0000,0.9744,0.9058,0.9618,0.4973,8.4176,5.0000,0,0,43.6359,32.6775,0.0000,0.0000,False,90.0000,0.8738,0.0000,True,19.0000,60.0000,11.5574
0.0100,30,1.0000,cb-ele,45,True,1302.0000,0.9753,0.9005,0.9604,0.4983,9.0818,5.0000,0,0,39.9219,32.5006,0.0000,0.0000,False,89.0000,0.9087,0.0000,True,17.0000,60.0000,11.9053
0.0100,30,1.0000,cb-ele,46,True,1345.0000,0.9796,0.8821,0.9125,0.5201,8.8538,5.0000,0,0,54.0707,36.4165,0.0000,0.0000,False,92.0000,0.9131,0.0000,True,16.0000,60.0000,11.7548
0.0100,30,1.0000,cb-ele,47,True,1273.0000,0.9668,0.9279,0.9704,0.5032,8.2184,5.0000,0,0,42.0165,32.2178,0.0000,0.0000,False,83.0000,0.9074,0.0000,True,17.0000,60.0000,11.8229
0.0100,30,1.0000,cb-ele,48,True,1287.0000,0.9758,0.9200,0.9587,0.5043,8.7696,5.0000,0,0,46.5434,36.0595,0.0000,0.0000,False,731.0000,0.4325,0.0000,True,8.0000,60.0000,11.7581
0.0100,30,1.0000,cb-ele,49,True,1274.0000,0.9666,0.9216,0.9570,0.5131,8.3364,5.0000,0,0,38.5267,31.6284,0.0000,0.0000,False,708.0000,0.4541,0.0000,True,15.0000,60.0000,12.4587
0.0100,30,1.0000,couzin,0,True,1136.0000,0.9762,0.7217,0.9667,0.5658,10.4490,5.0000,0,0,42.5566,36.2549,0.0000,0.0000,False,,,0.0000,,,60.0000,22.7633
0.0100,30,1.0000,couzin,1,True,1132.0000,0.9752,0.7229,0.9653,0.5677,10.3779,5.0000,0,0,42.5981,36.1094,0.0000,0.0000,False,,,0.0000,,,60.0000,18.4256
0.0100,30,1.0000,couzin,2,True,1138.0000,0.9799,0.7276,0.9646,0.5681,10.3799,5.0000,0,0,44.5204,36.6586,0.0000,0.0000,False,,,8.0000,,,60.0000,15.0814
0.0100,30,1.0000,couzin,3,True,1140.0000,0.9757,0.7185,0.9665,0.5642,10.3308,5.0000,0,0,41.7693,36.1588,0.0000,0.0000,False,,,1.0000,,,60.0000,11.5931
0.0100,30,1.0000,couzin,4,True,1130.0000,0.9752,0.7235,0.9675,0.5673,10.4407,5.0000,0,0,41.8321,35.7132,0.0000,0.0000,False,,,0.0000,,,60.0000,24.6940
0.0100,30,1.0000,couzin,5,True,1136.0000,0.9767,0.7237,0.9676,0.5659,10.3634,5.0000,0,0,43.8250,36.8489,0.0000,0.0000,False,,,0.0000,,,60.0000,24.2831
0.0100,30,1.0000,couzin,6,True,1124.0000,0.9724,0.7279,0.9719,0.5687,10.4101,5.0000,0,0,43.0491,36.5209,0.0000,0.0000,False,,,0.0000,,,60.0000,23.7276
0.0100,30,1.0000,couzin,7,True,1133.0000,0.9713,0.7180,0.9656,0.5648,10.2472,5.0000,0,0,44.0742,36.7084,0.0000,0.0000,False,,,0.0000,,,60.0000,11.8001
0.0100,30,1.0000,couzin,8,True,1152.0000,0.9774,0.7121,0.9645,0.5602,10.3242,5.0000,0,0,44.1587,36.4095,0.0000,0.0000,False,,,4.0000,,,60.0000,14.9913
0.0100,30,1.0000,couzin,9,True,1137.0000,0.9791,0.7200,0.9654,0.5663,10.4253,5.0000,0,0,42.1043,36.3494,0.0000,0.0000,False,,,0.0000,,,60.0000,23.8694
0.0100,30,1.0000,couzin,10,True,1166.0000,0.9816,0.6996,0.9653,0.5542,10.3093,5.0000,0,0,43.3378,36.4195,0.0000,0.0000,False,,,0.0000,,,60.0000,4.1668
0.0100,30,1.0000,couzin,11,True,1134.0000,0.9713,0.7210,0.9648,0.5649,10.3780,5.0000,0,0,43.8240,36.6529,0.0000,0.0000,False,,,23.0000,,,60.0000,4.4363
0.0100,30,1.0000,couzin,12,True,1128.0000,0.9732,0.7258,0.9671,0.5683,10.3958,5.0000,0,0,42.8327,36.5473,0.0000,0.0000,False,,,0.0000,,,60.0000,7.4598
0.0100,30,1.0000,couzin,13,True,1136.0000,0.9760,0.7233,0.9644,0.5663,10.3622,5.0000,0,0,42.7529,36.1094,0.0000,0.0000,False,,,3.0000,,,60.0000,8.9001
0.0100,30,1.0000,couzin,14,True,1126.0000,0.9756,0.7310,0.9661,0.5704,10.4862,5.0000,0,0,46.0772,36.9605,0.0000,0.0000,False,,,0.0000,,,60.0000,10.0101
0.0100,30,1.0000,couzin,15,True,1139.0000,0.9745,0.7142,0.9663,0.5630,10.3136,5.0000,0,0,42.7430,36.3063,0.0000,0.0000,False,,,0.0000,,,60.0000,10.5229
0.0100,30,1.0000,couzin,16,True,1134.0000,0.9778,0.7276,0.9661,0.5682,10.3975,5.0000,0,0,44.0589,36.5526,0.0000,0.0000,False,,,3.0000,,,60.0000,9.2478
0.0100,30,1.0000,couzin,17,True,1147.0000,0.9774,0.7183,0.9620,0.5632,10.3617,5.0000,0,0,44.1775,36.3811,0.0000,0.0000,False,,,0.0000,,,60.0000,9.8959
0.0100,30,1.0000,couzin,18,True,1128.0000,0.9777,0.7322,0.9684,0.5699,10.4636,5.0000,0,0,43.2140,36.9440,0.0000,0.0000,False,,,0.0000,,,60.0000,6.1024
0.0100,30,1.0000,couzin,19,True,1137.0000,0.9756,0.7223,0.9644,0.5656,10.3715,5.0000,0,0,43.0046,36.5911,0.0000,0.0000,False,,,0.0000,,,60.0000,6.5083
0.0100,30,1.0000,couzin,20,True,1137.0000,0.9743,0.7219,0.9683,0.5649,10.2340,5.0000,0,0,42.5047,36.1027,0.0000,0.0000,False,,,0.0000,,,60.0000,10.9884
0.0100,30,1.0000,couzin,21,True,1125.0000,0.9712,0.7259,0.9697,0.5677,10.3205,5.0000,0,0,42.7730,36.2269,0.0000,0.0000,False,,,0.0000,,,60.0000,10.6757
0.0100,30,1.0000,couzin,22,True,1133.0000,0.9749,0.7235,0.9687,0.5665,10.3944,5.0000,0,0,42.7854,36.3378,0.0000,0.0000,False,,,9.0000,,,60.0000,5.4407
0.0100,30,1.0000,couzin,23,True,1135.0000,0.9776,0.7278,0.9643,0.5683,10.3739,5.0000,0,0,44.0926,36.3678,0.0000,0.0000,False,,,11.0000,,,60.0000,10.0526
0.0100,30,1.0000,couzin,24,True,1135.0000,0.9771,0.7265,0.9655,0.5675,10.4385,5.0000,0,0,44.5778,36.7891,0.0000,0.0000,False,,,2.0000,,,60.0000,4.8579
0.0100,30,1.0000,couzin,25,True,1138.0000,0.9754,0.7212,0.9656,0.5657,10.2770,5.0000,0,0,43.8838,36.6739,0.0000,0.0000,False,,,0.0000,,,60.0000,5.1131
0.0100,30,1.0000,couzin,26,True,1120.0000,0.9733,0.7380,0.9684,0.5718,10.4544,5.0000,0,0,41.7382,35.9717,0.0000,0.0000,False,,,0.0000,,,60.0000,11.1328
0.0100,30,1.0000,couzin,27,True,1140.0000,0.9749,0.7181,0.9638,0.5639,10.3458,5.0000,0,0,45.0408,36.9162,0.0000,0.0000,False,,,0.0000,,,60.0000,10.2345
0.0100,30,1.0000,couzin,28,True,1128.0000,0.9740,0.7268,0.9683,0.5682,10.4166,5.0000,0,0,45.6820,36.8141,0.0000,0.0000,False,,,0.0000,,,60.0000,11.2669
0.0100,30,1.0000,couzin,29,True,1137.0000,0.9791,0.7267,0.9662,0.5674,10.4358,5.0000,0,0,42.8889,36.3317,0.0000,0.0000,False,,,0.0000,,,60.0000,10.9553
0.0100,30,1.0000,couzin,30,True,1162.0000,0.9806,0.7040,0.9663,0.5555,10.3113,5.0000,0,0,43.0070,36.3937,0.0000,0.0000,False,,,0.0000,,,60.0000,9.8880
0.0100,30,1.0000,couzin,31,True,1139.0000,0.9798,0.7238,0.9665,0.5666,10.4630,5.0000,0,0,41.9741,35.9996,0.0000,0.0000,False,,,0.0000,,,60.0000,10.2198
0.0100,30,1.0000,couzin,32,True,1134.0000,0.9724,0.7210,0.9685,0.5646,10.3818,5.0000,0,0,43.9021,36.4881,0.0000,0.0000,False,,,0.0000,,,60.0000,8.1329
0.0100,30,1.0000,couzin,33,True,1142.0000,0.9749,0.7136,0.9661,0.5634,10.3242,5.0000,0,0,43.3435,36.6526,0.0000,0.0000,False,,,0.0000,,,60.0000,4.5783
0.0100,30,1.0000,couzin,34,True,1135.0000,0.9710,0.7142,0.9670,0.5625,10.1616,5.0000,0,0,42.9901,36.4183,0.0000,0.0000,False,,,0.0000,,,60.0000,11.6195
0.0100,30,1.0000,couzin,35,True,1130.0000,0.9713,0.7240,0.9644,0.5671,10.3599,5.0000,0,0,40.8455,35.7346,0.0000,0.0000,False,,,0.0000,,,60.0000,11.6776
0.0100,30,1.0000,couzin,36,True,1135.0000,0.9740,0.7220,0.9666,0.5659,10.2791,5.0000,0,0,43.5447,36.7547,0.0000,0.0000,False,,,0.0000,,,60.0000,10.7031
0.0100,30,1.0000,couzin,37,True,1147.0000,0.9788,0.7191,0.9633,0.5640,10.3822,5.0000,0,0,43.1189,36.4743,0.0000,0.0000,False,,,0.0000,,,60.0000,8.7204
0.0100,30,1.0000,couzin,38,True,1122.0000,0.9730,0.7320,0.9723,0.5702,10.4301,5.0000,0,0,43.5734,36.5838,0.0000,0.0000,False,,,0.0000,,,60.0000,9.5308
0.0100,30,1.0000,couzin,39,True,1142.0000,0.9747,0.7143,0.9671,0.5622,10.1575,5.0000,0,0,43.7968,36.7338,0.0000,0.0000,False,,,0.0000,,,60.0000,11.3144
0.0100,30,1.0000,couzin,40,True,1147.0000,0.9798,0.7165,0.9685,0.5631,10.2696,5.0000,0,0,44.9358,36.7811,0.0000,0.0000,False,,,0.0000,,,60.0000,9.2895
0.0100,30,1.0000,couzin,41,True,1129.0000,0.9723,0.7236,0.9667,0.5666,10.3465,5.0000,0,0,44.5988,36.4166,0.0000,0.0000,False,,,0.0000,,,60.0000,10.7617
0.0100,30,1.0000,couzin,42,True,1138.0000,0.9742,0.7183,0.9693,0.5624,10.4156,5.0000,0,0,43.0882,35.9680,0.0000,0.0000,False,,,0.0000,,,60.0000,3.8080
0.0100,30,1.0000,couzin,43,True,1123.0000,0.9711,0.7274,0.9681,0.5692,10.4428,5.0000,0,0,43.2637,36.0468,0.0000,0.0000,False,,,3.0000,,,60.0000,4.9615
0.0100,30,1.0000,couzin,44,True,1142.0000,0.9773,0.7131,0.9710,0.5623,10.3314,5.0000,0,0,41.9701,36.1639,0.0000,0.0000,False,,,0.0000,,,60.0000,9.6389
0.0100,30,1.0000,couzin,45,True,1131.0000,0.9753,0.7249,0.9663,0.5679,10.4647,5.0000,0,0,42.4108,35.8219,0.0000,0.0000,False,,,0.0000,,,60.0000,4.3524
0.0100,30,1.0000,couzin,46,True,1123.0000,0.9740,0.7325,0.9672,0.5714,10.4731,5.0000,0,0,42.7015,35.9014,0.0000,0.0000,False,,,0.0000,,,60.0000,10.6535
0.0100,30,1.0000,couzin,47,True,1147.0000,0.9764,0.7099,0.9645,0.5603,10.2172,5.0000,0,0,44.1376,36.3860,0.0000,0.0000,False,,,0.0000,,,60.0000,11.2155
0.0100,30,1.0000,couzin,48,True,1150.0000,0.9792,0.7144,0.9620,0.5626,10.2116,5.0000,0,0,45.3116,37.0490,0.0000,0.0000,False,,,0.0000,,,60.0000,10.3399
0.0100,30,1.0000,couzin,49,True,1131.0000,0.9718,0.7225,0.9638,0.5664,10.3414,5.0000,0,0,43.6904,36.1924,0.0000,0.0000,False,,,0.0000,,,60.0000,11.0368
0.0100,30,1.0000,pacnav,0,True,2048.0000,0.9933,0.8566,0.9757,0.3187,8.9848,5.0000,0,0,109.6739,72.4213,0.0264,0.0000,False,,,0.0000,,,60.0000,21.9912
0.0100,30,1.0000,pacnav,1,True,1987.0000,0.9851,0.9149,0.9778,0.3263,9.3401,5.0000,0,0,98.9450,73.3075,0.0101,0.0001,False,,,0.0000,,,60.0000,22.6623
0.0100,30,1.0000,pacnav,2,True,2103.0000,0.9924,0.8604,0.9722,0.3108,8.9096,5.0000,0,0,112.0197,75.5851,0.1421,0.0000,False,,,0.0000,,,60.0000,20.2504
0.0100,30,1.0000,pacnav,3,True,1902.0000,0.9876,0.9479,0.9835,0.3420,9.8090,4.9997,0,0,93.1454,69.8274,0.0778,0.0000,False,,,0.0000,,,60.0000,20.3435
0.0100,30,1.0000,pacnav,4,True,2078.0000,0.9925,0.8850,0.9758,0.3144,9.5451,5.0000,0,0,111.4057,68.4436,0.0688,0.0000,False,,,0.0000,,,60.0000,21.6179
0.0100,30,1.0000,pacnav,5,True,2075.0000,0.9949,0.8899,0.9775,0.3150,7.5878,5.0000,0,0,271.3766,129.3625,0.7635,0.0001,False,,,17.0000,,,60.0000,20.0254
0.0100,30,1.0000,pacnav,6,True,2086.0000,0.9928,0.8562,0.9650,0.3161,6.0882,4.9995,0,0,244.6547,130.3132,0.6948,0.0010,False,,,0.0000,,,60.0000,21.3711
0.0100,30,1.0000,pacnav,7,True,2076.0000,0.9934,0.8641,0.9653,0.3157,9.5022,4.9996,0,0,101.5670,62.2039,0.0640,0.0000,False,,,0.0000,,,60.0000,21.5089
0.0100,30,1.0000,pacnav,8,True,1977.0000,0.9877,0.9328,0.9775,0.3299,9.4602,4.9999,0,0,184.0192,89.5551,0.8109,0.0000,False,,,0.0000,,,60.0000,18.3693
0.0100,30,1.0000,pacnav,9,True,2081.0000,0.9948,0.8577,0.9702,0.3143,9.1569,5.0000,0,0,114.6711,70.9339,0.0341,0.0000,False,,,0.0000,,,60.0000,19.5016
0.0100,30,1.0000,pacnav,10,True,2107.0000,0.9946,0.8591,0.9705,0.3113,8.9812,4.9988,0,0,126.3042,79.6433,0.0280,0.0001,False,,,0.0000,,,60.0000,9.3310
0.0100,30,1.0000,pacnav,11,True,2079.0000,0.9934,0.8712,0.9660,0.3154,9.0002,5.0000,0,0,113.0010,68.8499,0.4702,0.0000,False,,,0.0000,,,60.0000,8.3360
0.0100,30,1.0000,pacnav,12,True,2037.0000,0.9875,0.9020,0.9686,0.3221,9.6329,5.0000,0,0,110.9111,72.0461,0.0348,0.0000,False,,,0.0000,,,60.0000,8.6176
0.0100,30,1.0000,pacnav,13,True,2025.0000,0.9908,0.9283,0.9770,0.3224,7.8822,5.0000,0,0,152.8928,89.1059,0.5528,0.0011,False,,,16.0000,,,60.0000,8.3715
0.0100,30,1.0000,pacnav,14,True,1964.0000,0.9919,0.9249,0.9789,0.3320,9.0608,5.0000,0,0,116.0600,77.9518,0.3863,0.0001,False,,,12.0000,,,60.0000,7.9464
0.0100,30,1.0000,pacnav,15,True,2081.0000,0.9940,0.8485,0.9684,0.3135,7.2559,5.0000,0,0,178.0433,104.7422,0.6263,0.0000,False,,,0.0000,,,60.0000,10.5891
0.0100,30,1.0000,pacnav,16,True,2032.0000,0.9914,0.9208,0.9820,0.3203,9.5885,5.0000,0,0,116.2085,76.9865,0.3320,0.0000,False,,,12.0000,,,60.0000,7.8215
0.0100,30,1.0000,pacnav,17,True,2050.0000,0.9917,0.8647,0.9688,0.3185,9.2152,5.0000,0,0,109.7917,71.0446,0.2843,0.0000,False,,,0.0000,,,60.0000,10.2519
0.0100,30,1.0000,pacnav,18,True,2013.0000,0.9897,0.9204,0.9823,0.3224,5.7944,5.0000,0,0,271.2027,131.8881,0.7994,0.0000,False,,,11.0000,,,60.0000,14.0968
0.0100,30,1.0000,pacnav,19,True,2066.0000,0.9954,0.8421,0.9508,0.3235,8.9150,4.9831,0,5,102.0641,62.7381,0.1882,0.0001,False,,,0.0000,,,60.0000,9.7658
0.0100,30,1.0000,pacnav,20,True,2059.0000,0.9924,0.8949,0.9725,0.3175,9.0950,5.0000,0,0,96.8536,66.4857,0.1665,0.0000,False,,,0.0000,,,60.0000,9.8072
0.0100,30,1.0000,pacnav,21,True,2053.0000,0.9942,0.8926,0.9689,0.3195,9.4768,4.9998,0,0,105.2145,71.7138,0.0010,0.0000,False,,,14.0000,,,60.0000,8.2514
0.0100,30,1.0000,pacnav,22,True,2107.0000,0.9917,0.8999,0.9649,0.3157,8.8849,4.8068,0,11,114.3954,69.4861,0.2590,0.0000,False,,,0.0000,,,60.0000,9.0966
0.0100,30,1.0000,pacnav,23,True,2035.0000,0.9894,0.8960,0.9767,0.3200,9.4363,5.0000,0,0,93.8151,67.9454,0.0000,0.0000,False,,,0.0000,,,60.0000,9.7062
0.0100,30,1.0000,pacnav,24,True,2034.0000,0.9916,0.9156,0.9774,0.3230,9.4148,4.9982,0,0,101.4499,70.5304,0.0064,0.0001,False,,,0.0000,,,60.0000,8.5688
0.0100,30,1.0000,pacnav,25,True,2015.0000,0.9911,0.9202,0.9822,0.3236,9.3684,5.0000,0,0,84.7555,63.7807,0.1597,0.0000,False,,,0.0000,,,60.0000,9.6908
0.0100,30,1.0000,pacnav,26,True,2046.0000,0.9941,0.8597,0.9723,0.3197,7.8049,5.0000,0,0,247.6657,120.9298,0.7631,0.0000,False,,,0.0000,,,60.0000,9.6110
0.0100,30,1.0000,pacnav,27,True,2082.0000,0.9930,0.8554,0.9583,0.3168,9.3243,5.0000,0,0,99.0192,61.0069,0.2420,0.0000,False,,,0.0000,,,60.0000,9.4543
0.0100,30,1.0000,pacnav,28,True,2062.0000,0.9878,0.9099,0.9720,0.3161,9.3685,5.0000,0,0,90.4997,62.6678,0.0000,0.0000,False,,,0.0000,,,60.0000,9.8963
0.0100,30,1.0000,pacnav,29,True,2007.0000,0.9942,0.9122,0.9813,0.3250,9.6391,5.0000,0,0,92.2126,62.3637,0.1016,0.0001,False,,,0.0000,,,60.0000,9.8384
0.0100,30,1.0000,pacnav,30,True,2052.0000,0.9936,0.8780,0.9693,0.3188,9.1524,5.0000,0,0,115.3273,72.2718,0.2226,0.0000,False,,,0.0000,,,60.0000,9.8564
0.0100,30,1.0000,pacnav,31,True,2029.0000,0.9933,0.8898,0.9693,0.3224,9.3218,5.0000,0,0,94.5204,65.7216,0.0310,0.0000,False,,,0.0000,,,60.0000,9.1271
0.0100,30,1.0000,pacnav,32,True,2069.0000,0.9942,0.8753,0.9707,0.3161,9.0520,5.0000,0,0,116.2705,71.3265,0.2792,0.0000,False,,,0.0000,,,60.0000,9.1341
0.0100,30,1.0000,pacnav,33,True,2062.0000,0.9938,0.8737,0.9640,0.3190,9.3170,5.0000,0,0,135.4507,77.8434,0.6655,0.0000,False,,,0.0000,,,60.0000,9.4927
0.0100,30,1.0000,pacnav,34,True,2067.0000,0.9925,0.8496,0.9607,0.3171,8.7478,5.0000,0,0,107.6744,65.8934,0.2631,0.0000,False,,,0.0000,,,60.0000,10.2213
0.0100,30,1.0000,pacnav,35,True,2011.0000,0.9887,0.9289,0.9783,0.3239,9.3517,5.0000,0,0,91.0460,65.8029,0.0000,0.0000,False,,,0.0000,,,60.0000,9.9798
0.0100,30,1.0000,pacnav,36,True,2007.0000,0.9922,0.9054,0.9788,0.3283,9.5729,4.9977,0,0,102.7661,70.0026,0.0777,0.0001,False,,,9.0000,,,60.0000,9.8474
0.0100,30,1.0000,pacnav,37,True,2070.0000,0.9916,0.8947,0.9684,0.3165,7.3375,5.0000,0,0,261.0702,127.0356,0.7861,0.0005,False,,,0.0000,,,60.0000,9.5242
0.0100,30,1.0000,pacnav,38,True,2071.0000,0.9937,0.8750,0.9692,0.3190,9.2814,5.0000,0,0,111.7236,73.0296,0.0010,0.0000,False,,,0.0000,,,60.0000,9.2657
0.0100,30,1.0000,pacnav,39,True,1959.0000,0.9907,0.9127,0.9735,0.3357,9.3769,4.9996,0,0,116.8361,77.8788,0.1515,0.0000,False,,,9.0000,,,60.0000,9.1129
0.0100,30,1.0000,pacnav,40,True,2050.0000,0.9967,0.8854,0.9716,0.3225,9.4537,4.9982,0,0,109.6798,65.9109,0.1312,0.0000,False,,,0.0000,,,60.0000,9.8118
0.0100,30,1.0000,pacnav,41,True,1973.0000,0.9878,0.9281,0.9835,0.3281,9.7168,5.0000,0,0,96.6580,67.2261,0.0000,0.0000,False,,,0.0000,,,60.0000,8.9682
0.0100,30,1.0000,pacnav,42,True,2057.0000,0.9932,0.8814,0.9732,0.3175,9.5541,5.0000,0,0,102.2812,71.6931,0.0734,0.0003,False,,,0.0000,,,60.0000,9.8551
0.0100,30,1.0000,pacnav,43,True,2084.0000,0.9926,0.8851,0.9659,0.3153,9.0688,5.0000,0,0,103.4092,71.9934,0.1065,0.0000,False,,,0.0000,,,60.0000,8.6895
0.0100,30,1.0000,pacnav,44,True,2040.0000,0.9920,0.9106,0.9792,0.3189,9.4924,5.0000,0,0,194.1440,82.1426,0.5806,0.0001,False,,,25.0000,,,60.0000,9.6744
0.0100,30,1.0000,pacnav,45,True,1996.0000,0.9907,0.9096,0.9769,0.3270,9.6294,5.0000,0,0,100.3309,71.4666,0.0976,0.0000,True,,,0.0000,,,60.0000,8.8489
0.0100,30,1.0000,pacnav,46,True,2067.0000,0.9914,0.8952,0.9757,0.3156,9.5195,5.0000,0,0,116.4090,75.0271,0.0000,0.0000,False,,,0.0000,,,60.0000,8.9998
0.0100,30,1.0000,pacnav,47,True,2082.0000,0.9907,0.8815,0.9630,0.3148,9.2425,5.0000,0,0,105.9071,66.2923,0.1776,0.0002,False,,,0.0000,,,60.0000,9.0541
0.0100,30,1.0000,pacnav,48,True,2066.0000,0.9929,0.8738,0.9633,0.3178,9.2358,5.0000,0,0,100.2601,66.0971,0.1558,0.0000,True,,,0.0000,,,60.0000,10.6430
0.0100,30,1.0000,pacnav,49,True,2094.0000,0.9944,0.8845,0.9735,0.3130,9.5021,5.0000,0,0,108.9240,66.9115,0.1222,0.0000,False,,,0.0000,,,60.0000,9.5553
0.0100,30,1.0000,petracek,0,True,649.0000,0.9785,0.9694,0.9962,0.9840,5.3134,5.0000,0,0,64.8573,47.6365,0.0000,0.0000,False,,,0.0000,,,60.0000,27.5224
0.0100,30,1.0000,petracek,1,True,654.0000,0.9823,0.9618,0.9945,0.9811,5.1859,5.0000,0,0,59.2020,45.2747,0.0000,0.0000,False,,,0.0000,,,60.0000,28.7889
0.0100,30,1.0000,petracek,2,True,649.0000,0.9794,0.9732,0.9970,0.9864,6.4201,5.0000,0,0,73.2391,49.3783,0.0000,0.0000,False,,,0.0000,,,60.0000,28.2208
0.0100,30,1.0000,petracek,3,True,647.0000,0.9754,0.9752,0.9975,0.9851,5.3072,5.0000,0,0,62.5095,46.5763,0.0000,0.0000,False,,,0.0000,,,60.0000,27.5302
0.0100,30,1.0000,petracek,4,True,646.0000,0.9753,0.9746,0.9963,0.9844,5.3053,5.0000,0,0,62.3341,46.2724,0.0000,0.0000,False,,,0.0000,,,60.0000,27.8638
0.0100,30,1.0000,petracek,5,True,649.0000,0.9778,0.9636,0.9962,0.9837,5.1207,5.0000,0,0,56.5796,44.7306,0.0000,0.0000,False,,,0.0000,,,60.0000,27.1570
0.0100,30,1.0000,petracek,6,True,647.0000,0.9774,0.9787,0.9970,0.9870,5.5496,5.0000,0,0,76.1335,50.9154,0.0000,0.0000,False,,,0.0000,,,60.0000,26.1217
0.0100,30,1.0000,petracek,7,True,649.0000,0.9807,0.9769,0.9971,0.9863,5.6340,5.0000,0,0,65.3528,48.3274,0.0000,0.0000,False,,,0.0000,,,60.0000,26.5764
0.0100,30,1.0000,petracek,8,True,655.0000,0.9844,0.9715,0.9972,0.9826,5.6057,5.0000,0,0,71.9453,49.4959,0.0000,0.0000,False,,,2272.0000,,,60.0000,27.0406
0.0100,30,1.0000,petracek,9,True,644.0000,0.9771,0.9804,0.9975,0.9883,5.1734,5.0000,0,0,69.0339,46.7741,0.0000,0.0000,False,,,0.0000,,,60.0000,25.7519
0.0100,30,1.0000,petracek,10,True,650.0000,0.9810,0.9735,0.9975,0.9844,6.0042,5.0000,0,0,67.6114,48.6612,0.0000,0.0000,False,,,0.0000,,,60.0000,12.6754
0.0100,30,1.0000,petracek,11,True,646.0000,0.9753,0.9814,0.9963,0.9863,5.2918,5.0000,0,0,60.7134,44.5347,0.0000,0.0000,False,,,0.0000,,,60.0000,13.0939
0.0100,30,1.0000,petracek,12,True,647.0000,0.9762,0.9782,0.9968,0.9857,6.7271,5.0000,0,0,63.6131,47.0850,0.0000,0.0000,False,,,0.0000,,,60.0000,13.4118
0.0100,30,1.0000,petracek,13,True,646.0000,0.9776,0.9779,0.9962,0.9869,5.3247,5.0000,0,0,74.0333,48.3877,0.0000,0.0000,False,,,0.0000,,,60.0000,13.1166
0.0100,30,1.0000,petracek,14,True,648.0000,0.9799,0.9749,0.9974,0.9873,6.1182,5.0000,0,0,69.3213,49.1124,0.0000,0.0000,False,,,0.0000,,,60.0000,11.9094
0.0100,30,1.0000,petracek,15,True,645.0000,0.9774,0.9795,0.9959,0.9883,5.8530,5.0000,0,0,73.9303,49.3751,0.0000,0.0000,False,,,0.0000,,,60.0000,12.5901
0.0100,30,1.0000,petracek,16,True,649.0000,0.9797,0.9693,0.9974,0.9857,5.6213,5.0000,0,0,64.9350,47.6519,0.0000,0.0000,False,,,0.0000,,,60.0000,13.0251
0.0100,30,1.0000,petracek,17,True,652.0000,0.9814,0.9730,0.9970,0.9839,5.4845,5.0000,0,0,63.2543,46.0591,0.0000,0.0000,False,,,0.0000,,,60.0000,12.4086
0.0100,30,1.0000,petracek,18,True,647.0000,0.9775,0.9714,0.9970,0.9861,6.4740,5.0000,0,0,71.3499,49.7575,0.0000,0.0000,False,,,0.0000,,,60.0000,12.3494
0.0100,30,1.0000,petracek,19,True,647.0000,0.9764,0.9705,0.9970,0.9850,5.2051,5.0000,0,0,63.3551,46.2617,0.0000,0.0000,False,,,0.0000,,,60.0000,11.6525
0.0100,30,1.0000,petracek,20,True,655.0000,0.9819,0.9704,0.9963,0.9809,5.2946,5.0000,0,0,61.7055,45.7848,0.0000,0.0000,False,,,0.0000,,,60.0000,12.8135
0.0100,30,1.0000,petracek,21,True,650.0000,0.9777,0.9667,0.9957,0.9823,5.1977,5.0000,0,0,59.9114,46.0451,0.0000,0.0000,False,,,0.0000,,,60.0000,11.8585
0.0100,30,1.0000,petracek,22,True,645.0000,0.9779,0.9819,0.9983,0.9905,5.8541,5.0000,0,0,75.3963,48.1596,0.0000,0.0000,False,,,0.0000,,,60.0000,12.8168
0.0100,30,1.0000,petracek,23,True,646.0000,0.9772,0.9773,0.9969,0.9881,5.6089,5.0000,0,0,74.0980,50.2084,0.0000,0.0000,False,,,0.0000,,,60.0000,12.9401
0.0100,30,1.0000,petracek,24,True,651.0000,0.9794,0.9712,0.9964,0.9829,5.1429,5.0000,0,0,62.7520,46.2608,0.0000,0.0000,False,,,0.0000,,,60.0000,13.5758
0.0100,30,1.0000,petracek,25,True,648.0000,0.9778,0.9747,0.9971,0.9868,5.7260,5.0000,0,0,72.3426,50.2508,0.0000,0.0000,False,,,0.0000,,,60.0000,12.3191
0.0100,30,1.0000,petracek,26,True,651.0000,0.9808,0.9727,0.9965,0.9835,5.4897,5.0000,0,0,70.3631,49.3995,0.0000,0.0000,False,,,345.0000,,,60.0000,13.0080
0.0100,30,1.0000,petracek,27,True,645.0000,0.9734,0.9725,0.9956,0.9857,5.3278,5.0000,0,0,63.1418,47.1375,0.0000,0.0000,False,,,0.0000,,,60.0000,12.6049
0.0100,30,1.0000,petracek,28,True,653.0000,0.9822,0.9719,0.9948,0.9825,5.7158,5.0000,0,0,63.1974,47.0212,0.0000,0.0000,False,,,0.0000,,,60.0000,12.8250
0.0100,30,1.0000,petracek,29,True,649.0000,0.9774,0.9749,0.9969,0.9838,5.7809,5.0000,0,0,68.5292,49.1129,0.0000,0.0000,False,,,0.0000,,,60.0000,12.3335
0.0100,30,1.0000,petracek,30,True,646.0000,0.9770,0.9790,0.9977,0.9874,5.7008,5.0000,0,0,67.3691,47.8645,0.0000,0.0000,False,,,0.0000,,,60.0000,12.0616
0.0100,30,1.0000,petracek,31,True,646.0000,0.9766,0.9727,0.9968,0.9871,5.7869,5.0000,0,0,67.2348,48.4430,0.0000,0.0000,False,,,0.0000,,,60.0000,12.1133
0.0100,30,1.0000,petracek,32,True,642.0000,0.9729,0.9833,0.9961,0.9900,5.4474,5.0000,0,0,74.5605,46.4544,0.0000,0.0000,False,,,0.0000,,,60.0000,10.8960
0.0100,30,1.0000,petracek,33,True,646.0000,0.9754,0.9792,0.9965,0.9876,5.2514,5.0000,0,0,63.7655,44.9676,0.0000,0.0000,False,,,0.0000,,,60.0000,12.6939
0.0100,30,1.0000,petracek,34,True,646.0000,0.9776,0.9735,0.9969,0.9869,5.8519,5.0000,0,0,75.4239,49.2965,0.0000,0.0000,False,,,0.0000,,,60.0000,12.0520
0.0100,30,1.0000,petracek,35,True,649.0000,0.9796,0.9769,0.9961,0.9865,6.6369,5.0000,0,0,71.2018,48.6337,0.0000,0.0000,False,,,0.0000,,,60.0000,12.3639
0.0100,30,1.0000,petracek,36,True,648.0000,0.9775,0.9734,0.9971,0.9861,6.1915,5.0000,0,0,67.0911,46.6311,0.0000,0.0000,False,,,0.0000,,,60.0000,12.3566
0.0100,30,1.0000,petracek,37,True,647.0000,0.9766,0.9733,0.9971,0.9872,5.5494,5.0000,0,0,64.8405,46.6051,0.0000,0.0000,False,,,0.0000,,,60.0000,12.6049
0.0100,30,1.0000,petracek,38,True,654.0000,0.9791,0.9629,0.9933,0.9788,5.0707,5.0000,0,0,61.3546,45.9128,0.0000,0.0000,False,,,0.0000,,,60.0000,11.3915
0.0100,30,1.0000,petracek,39,True,645.0000,0.9761,0.9798,0.9972,0.9884,5.4716,5.0000,0,0,76.6727,49.5073,0.0000,0.0000,False,,,0.0000,,,60.0000,12.2136
0.0100,30,1.0000,petracek,40,True,650.0000,0.9790,0.9716,0.9943,0.9850,5.1624,5.0000,0,0,58.6730,44.2302,0.0000,0.0000,False,,,430.0000,,,60.0000,12.6867
0.0100,30,1.0000,petracek,41,True,642.0000,0.9761,0.9831,0.9979,0.9916,5.4878,5.0000,0,0,74.2681,48.4336,0.0000,0.0000,False,,,0.0000,,,60.0000,12.1429
0.0100,30,1.0000,petracek,42,True,648.0000,0.9792,0.9762,0.9963,0.9859,6.9801,5.0000,0,0,71.7202,47.3258,0.0000,0.0000,False,,,0.0000,,,60.0000,12.9747
0.0100,30,1.0000,petracek,43,True,651.0000,0.9815,0.9753,0.9946,0.9854,5.2444,5.0000,0,0,62.4879,44.1517,0.0000,0.0000,False,,,0.0000,,,60.0000,12.7967
0.0100,30,1.0000,petracek,44,True,648.0000,0.9824,0.9821,0.9971,0.9897,6.2062,5.0000,0,0,70.2360,45.5735,0.0000,0.0000,False,,,0.0000,,,60.0000,12.3132
0.0100,30,1.0000,petracek,45,True,646.0000,0.9757,0.9768,0.9963,0.9861,5.5753,5.0000,0,0,66.0023,47.0449,0.0000,0.0000,False,,,0.0000,,,60.0000,13.2150
0.0100,30,1.0000,petracek,46,True,646.0000,0.9753,0.9709,0.9939,0.9868,6.3178,5.0000,0,0,72.4281,48.0929,0.0000,0.0000,False,,,30.0000,,,60.0000,12.7713
0.0100,30,1.0000,petracek,47,True,649.0000,0.9820,0.9768,0.9971,0.9866,5.4266,5.0000,0,0,74.5761,49.9813,0.0000,0.0000,False,,,0.0000,,,60.0000,12.4526
0.0100,30,1.0000,petracek,48,True,651.0000,0.9776,0.9653,0.9950,0.9812,5.3740,5.0000,0,0,63.3572,47.5100,0.0000,0.0000,False,,,0.0000,,,60.0000,12.3172
0.0100,30,1.0000,petracek,49,True,646.0000,0.9804,0.9817,0.9981,0.9906,6.1750,5.0000,0,0,72.9700,50.6735,0.0000,0.0000,False,,,0.0000,,,60.0000,12.5687
0.0300,30,0.3000,cb-ele,0,True,1312.0000,0.9776,0.9060,0.9392,0.5107,7.9806,5.0000,0,0,41.1689,31.0719,0.0000,0.0000,False,89.0000,0.8957,0.0000,True,16.0000,60.0000,26.1109
0.0300,30,0.3000,cb-ele,1,True,1568.0000,0.9846,0.8522,0.8921,0.4504,9.3662,5.0000,0,0,57.8655,37.4295,0.0000,0.0000,False,71.0000,0.9082,0.0000,True,13.0000,60.0000,25.6282
0.0300,30,0.3000,cb-ele,2,True,1236.0000,0.9887,0.8720,0.9538,0.5349,8.6751,5.0000,0,0,60.7121,37.8827,0.0509,0.0000,False,91.0000,0.4543,0.0000,False,10.0000,60.0000,24.1222
0.0300,30,0.3000,cb-ele,3,True,1294.0000,0.9850,0.8910,0.9498,0.5122,8.3204,5.0000,0,0,49.5300,34.7208,0.0000,0.0000,False,92.0000,0.8911,0.0000,True,15.0000,60.0000,23.9113
0.0300,30,0.3000,cb-ele,4,False,,0.9567,0.8185,0.6940,0.3525,9.1655,5.0000,0,0,44.8416,34.0162,0.0000,0.0000,False,159.0000,0.9343,,True,11.0000,60.0000,24.0976
0.0300,30,0.3000,cb-ele,5,False,,0.9587,0.4365,0.7248,0.3464,10.2211,5.0000,0,0,194.7364,163.5904,0.4420,0.0000,False,85.0000,0.9587,,True,18.0000,60.0000,24.1170
0.0300,30,0.3000,cb-ele,6,True,1202.0000,0.9835,0.9068,0.9610,0.5448,8.4457,5.0000,0,0,53.9710,38.1837,0.0000,0.0000,False,667.0000,0.4472,0.0000,True,14.0000,60.0000,24.2769
0.0300,30,0.3000,cb-ele,7,True,1425.0000,0.9742,0.8283,0.8757,0.4958,8.3434,5.0000,0,0,134.6866,52.3976,0.5358,0.0000,False,89.0000,0.3626,0.0000,False,12.0000,60.0000,25.7745
0.0300,30,0.3000,cb-ele,8,True,1362.0000,0.9782,0.9074,0.9382,0.4895,8.5357,5.0000,0,0,44.1874,34.4820,0.0000,0.0000,False,69.0000,0.4996,0.0000,True,14.0000,60.0000,26.1022
0.0300,30,0.3000,cb-ele,9,True,1296.0000,0.9668,0.9202,0.9371,0.5080,8.0189,5.0000,0,0,35.9938,29.1988,0.0000,0.0000,False,78.0000,0.9121,0.0000,True,17.0000,60.0000,26.7367
0.0300,30,0.3000,cb-ele,10,True,1616.0000,0.9896,0.8400,0.8978,0.4417,8.9127,5.0000,0,0,53.7353,35.9162,0.1305,0.0000,False,57.0000,0.9382,0.0000,True,12.0000,60.0000,12.1338
0.0300,30,0.3000,cb-ele,11,True,1790.0000,0.9762,0.8334,0.8936,0.3945,9.2130,5.0000,0,0,74.1694,43.2505,0.1485,0.0000,False,86.0000,0.6013,0.0000,True,18.0000,60.0000,11.8599
0.0300,30,0.3000,cb-ele,12,True,1491.0000,0.9920,0.8529,0.9485,0.4447,9.0963,5.0000,0,0,84.6982,45.1389,0.2808,0.0000,False,96.0000,0.9122,0.0000,True,18.0000,60.0000,11.5720
0.0300,30,0.3000,cb-ele,13,True,1489.0000,0.9776,0.8654,0.9464,0.4400,9.8148,5.0000,0,0,54.2688,38.6661,0.0000,0.0000,False,116.0000,0.8993,0.0000,True,17.0000,60.0000,10.3008
0.0300,30,0.3000,cb-ele,14,True,1373.0000,0.9899,0.8902,0.9334,0.4952,8.3621,5.0000,0,0,39.6796,32.3169,0.0000,0.0000,False,105.0000,0.8937,0.0000,True,17.0000,60.0000,12.2577
0.0300,30,0.3000,cb-ele,15,True,1536.0000,0.9774,0.8965,0.9347,0.4327,8.8266,4.9995,0,0,39.6554,32.0483,0.0000,0.0000,False,83.0000,0.9219,0.0000,True,13.0000,60.0000,11.0332
0.0300,30,0.3000,cb-ele,16,True,1310.0000,0.9735,0.9133,0.9429,0.5035,8.1431,5.0000,0,0,37.8968,31.8386,0.0000,0.0000,False,126.0000,0.8741,0.0000,True,13.0000,60.0000,11.9798
0.0300,30,0.3000,cb-ele,17,True,1295.0000,0.9742,0.8462,0.9215,0.5291,8.3303,5.0000,0,0,64.0350,39.5184,0.2446,0.0000,False,48.0000,0.9259,0.0000,True,15.0000,60.0000,11.7755
0.0300,30,0.3000,cb-ele,18,True,1510.0000,0.9849,0.8638,0.8866,0.4764,8.3181,5.0000,0,0,40.8421,31.4547,0.0000,0.0000,False,75.0000,0.9212,0.0000,True,18.0000,60.0000,11.8406
0.0300,30,0.3000,cb-ele,19,True,1329.0000,0.9771,0.8615,0.9101,0.5278,8.4247,5.0000,0,0,65.3190,40.3621,0.0000,0.0000,False,122.0000,0.8850,0.0000,True,13.0000,60.0000,11.3644
0.0300,30,0.3000,cb-ele,20,True,1372.0000,0.9819,0.8443,0.9167,0.4898,9.7503,5.0000,0,0,62.4323,44.8817,0.0000,0.0000,False,713.0000,0.4836,0.0000,True,11.0000,60.0000,11.6357
0.0300,30,0.3000,cb-ele,21,True,1393.0000,0.9729,0.8643,0.9371,0.4761,10.0348,4.9885,0,2,52.0639,42.9871,0.0660,0.0000,False,51.0000,0.4957,0.0000,True,13.0000,60.0000,10.9088
0.0300,30,0.3000,cb-ele,22,True,1331.0000,0.9777,0.8543,0.9600,0.4916,9.0842,5.0000,0,0,149.1506,55.6172,0.6614,0.0000,False,85.0000,0.4047,0.0000,False,15.0000,60.0000,11.3021
0.0300,30,0.3000,cb-ele,23,True,1409.0000,0.9773,0.8751,0.9374,0.4730,8.7726,5.0000,0,0,51.2722,35.4544,0.0000,0.0000,False,93.0000,0.9043,0.0000,True,15.0000,60.0000,12.0238
0.0300,30,0.3000,cb-ele,24,True,1432.0000,0.9782,0.8353,0.9111,0.4865,8.8872,5.0000,0,0,69.4780,41.2432,0.1556,0.0000,False,85.0000,0.9225,0.0000,True,16.0000,60.0000,11.5625
0.0300,30,0.3000,cb-ele,25,True,1247.0000,0.9669,0.9203,0.9410,0.5203,8.1330,5.0000,0,0,40.0761,30.7027,0.0000,0.0000,False,79.0000,0.8942,0.0000,True,12.0000,60.0000,10.9116
0.0300,30,0.3000,cb-ele,26,True,1408.0000,0.9844,0.8474,0.9618,0.4626,9.9167,5.0000,0,0,45.0536,36.1487,0.0000,0.0000,False,50.0000,0.9446,0.0000,True,15.0000,60.0000,10.7476
0.0300,30,0.3000,cb-ele,27,True,1281.0000,0.9782,0.9265,0.9686,0.5061,8.1900,5.0000,0,0,40.6172,31.8559,0.0000,0.0000,False,701.0000,0.4548,0.0000,True,21.0000,60.0000,11.5844
0.0300,30,0.3000,cb-ele,28,True,1323.0000,0.9809,0.8415,0.9183,0.5106,9.3051,5.0000,0,0,111.8492,55.2268,0.5166,0.0000,False,198.0000,0.4011,0.0000,True,22.0000,60.0000,11.3616
0.0300,30,0.3000,cb-ele,29,True,1396.0000,0.9826,0.8417,0.8894,0.5621,9.1667,5.0000,0,0,61.0993,39.6919,0.1038,0.0000,False,52.0000,0.8067,0.0000,True,12.0000,60.0000,10.6977
0.0300,30,0.3000,cb-ele,30,True,1285.0000,0.9768,0.8825,0.9470,0.5172,8.1620,5.0000,0,0,70.6589,38.0905,0.2753,0.0000,False,85.0000,0.8989,0.0000,True,16.0000,60.0000,10.8527
0.0300,30,0.3000,cb-ele,31,True,1363.0000,0.9748,0.8711,0.9363,0.5000,8.6475,5.0000,0,0,43.9986,33.2689,0.0000,0.0000,False,65.0000,0.9494,0.0000,True,16.0000,60.0000,11.5563
0.0300,30,0.3000,cb-ele,32,True,1317.0000,0.9696,0.8999,0.9455,0.4932,9.0491,5.0000,0,0,39.2429,32.7526,0.0000,0.0000,False,86.0000,0.9173,0.0000,True,17.0000,60.0000,10.5341
0.0300,30,0.3000,cb-ele,33,True,1414.0000,0.9720,0.8760,0.9257,0.4744,9.3328,5.0000,0,0,46.3057,34.7522,0.0000,0.0000,False,69.0000,0.9322,0.0000,True,15.0000,60.0000,12.2200
0.0300,30,0.3000,cb-ele,34,True,1283.0000,0.9724,0.9102,0.9619,0.5036,8.4222,5.0000,0,0,40.2444,31.8052,0.0000,0.0000,False,71.0000,0.9143,0.0000,True,19.0000,60.0000,11.4858
0.0300,30,0.3000,cb-ele,35,True,1359.0000,0.9791,0.8625,0.9322,0.4961,9.1440,5.0000,0,0,60.3084,37.1000,0.1801,0.0000,False,97.0000,0.9029,0.0000,True,15.0000,60.0000,11.0332
0.0300,30,0.3000,cb-ele,36,False,,0.9540,0.4908,0.7432,0.2892,9.5533,5.0000,0,0,285.6897,136.4496,0.5050,0.0000,False,95.0000,0.1657,,False,13.0000,60.0000,10.8323
0.0300,30,0.3000,cb-ele,37,True,1319.0000,0.9769,0.8899,0.9497,0.4986,8.6082,5.0000,0,0,159.0725,55.8911,0.6629,0.0000,False,51.0000,0.4667,0.0000,False,14.0000,60.0000,12.1974
0.0300,30,0.3000,cb-ele,38,True,2079.0000,0.9832,0.6518,0.8356,0.3541,9.0595,5.0000,0,0,149.4952,92.9720,0.8212,0.0000,False,111.0000,0.9067,0.0000,True,13.0000,60.0000,11.0705
0.0300,30,0.3000,cb-ele,39,True,1593.0000,0.9879,0.7081,0.8003,0.5038,9.4948,5.0000,0,0,171.3307,91.7968,0.5358,0.0000,False,80.0000,0.6211,0.0000,True,11.0000,60.0000,11.9293
0.0300,30,0.3000,cb-ele,40,False,,0.9710,0.6620,0.6943,0.3340,9.3983,5.0000,0,0,59.0958,43.2819,0.0253,0.0000,False,44.0000,0.9823,,True,12.0000,60.0000,11.3066
0.0300,30,0.3000,cb-ele,41,True,1508.0000,0.9781,0.8537,0.9220,0.4455,9.1138,5.0000,0,0,59.1473,38.7587,0.0000,0.0000,False,70.0000,0.9185,0.0000,True,14.0000,60.0000,11.5374
0.0300,30,0.3000,cb-ele,42,False,,0.6685,0.5801,0.5991,0.5572,10.1032,5.0000,0,0,293.0370,155.1288,0.4833,0.0000,True,,0.0007,,False,16.0000,60.0000,11.1510
0.0300,30,0.3000,cb-ele,43,True,2089.0000,0.9862,0.5783,0.7256,0.4711,9.5014,5.0000,0,0,254.7923,169.8158,0.5124,0.0000,False,75.0000,0.9431,0.0000,True,11.0000,60.0000,11.2524
0.0300,30,0.3000,cb-ele,44,True,1406.0000,0.9827,0.8587,0.9154,0.4931,8.8449,5.0000,0,0,46.1423,34.1087,0.0000,0.0000,False,79.0000,0.9161,0.0000,True,13.0000,60.0000,12.0065
0.0300,30,0.3000,cb-ele,45,True,1403.0000,0.9787,0.8468,0.9017,0.5083,8.9359,5.0000,0,0,61.0820,37.9906,0.0000,0.0000,False,78.0000,0.9387,0.0000,True,15.0000,60.0000,13.1383
0.0300,30,0.3000,cb-ele,46,True,1294.0000,0.9752,0.8617,0.9484,0.5056,9.3155,5.0000,0,0,44.1355,34.9141,0.0000,0.0000,False,107.0000,0.4541,0.0000,False,14.0000,60.0000,11.0184
0.0300,30,0.3000,cb-ele,47,True,1333.0000,0.9845,0.8948,0.9526,0.4928,8.2935,5.0000,0,0,46.5181,33.4175,0.0000,0.0000,False,58.0000,0.9040,0.0000,True,12.0000,60.0000,11.6419
0.0300,30,0.3000,cb-ele,48,True,1284.0000,0.9812,0.9040,0.9535,0.5145,8.2894,5.0000,0,0,45.6950,34.4006,0.0000,0.0000,False,105.0000,0.8973,0.0000,True,13.0000,60.0000,11.7914
0.0300,30,0.3000,cb-ele,49,True,1403.0000,0.9895,0.8695,0.9223,0.4942,8.8272,5.0000,0,0,59.0079,37.4406,0.0000,0.0000,False,91.0000,0.9024,0.0000,True,14.0000,60.0000,11.6042
0.0300,30,0.3000,couzin,0,True,1506.0000,0.9805,0.5112,0.8927,0.4564,9.7381,5.0000,0,0,65.1951,46.5018,0.0000,0.0000,False,,,1.0000,,,60.0000,8.9296
0.0300,30,0.3000,couzin,1,True,1766.0000,0.9850,0.4220,0.8425,0.4085,9.2510,5.0000,0,0,58.3489,42.8558,0.0034,0.0000,False,,,55.0000,,,60.0000,8.2777
0.0300,30,0.3000,couzin,2,True,1797.0000,0.9791,0.4403,0.8312,0.4219,9.2991,5.0000,0,0,61.2617,44.1529,0.0000,0.0000,False,,,114.0000,,,60.0000,9.4242
0.0300,30,0.3000,couzin,3,True,1390.0000,0.9786,0.5509,0.9123,0.4837,9.7468,5.0000,0,0,66.9242,48.1396,0.0000,0.0000,False,,,422.0000,,,60.0000,9.1203
0.0300,30,0.3000,couzin,4,True,1371.0000,0.9717,0.5563,0.9120,0.4902,9.7736,5.0000,0,0,61.7711,46.6320,0.0000,0.0000,False,,,109.0000,,,60.0000,8.2832
0.0300,30,0.3000,couzin,5,True,2705.0000,0.9921,0.3191,0.7033,0.3465,7.6187,3.2865,0,33,75.3621,53.4957,0.3271,0.0001,False,,,44.0000,,,60.0000,8.6082
0.0300,30,0.3000,couzin,6,True,1513.0000,0.9885,0.5098,0.8780,0.4584,9.7713,5.0000,0,0,61.6178,44.9808,0.0000,0.0000,False,,,559.0000,,,60.0000,11.2881
0.0300,30,0.3000,couzin,7,True,1517.0000,0.9809,0.5063,0.8818,0.4476,9.8355,5.0000,0,0,61.6129,46.1631,0.0000,0.0000,False,,,13.0000,,,60.0000,8.3079
0.0300,30,0.3000,couzin,8,True,1488.0000,0.9826,0.5421,0.8763,0.4705,9.8406,5.0000,0,0,67.5161,49.4181,0.0000,0.0000,False,,,207.0000,,,60.0000,9.1718
0.0300,30,0.3000,couzin,9,True,1313.0000,0.9788,0.5769,0.9303,0.5020,9.9497,5.0000,0,0,60.8302,44.7290,0.0000,0.0000,False,,,107.0000,,,60.0000,9.0891
0.0300,30,0.3000,couzin,10,False,1653.0000,0.9784,0.4490,0.8648,0.4245,9.3773,0.0000,1,6,60.3295,44.7989,0.0000,0.0000,False,,,132.0000,,,60.0000,4.5830
0.0300,30,0.3000,couzin,11,True,2473.0000,0.9731,0.3129,0.7435,0.3165,8.1964,5.0000,0,0,67.9577,50.7518,0.1326,0.0000,False,,,41.0000,,,60.0000,3.6200
0.0300,30,0.3000,couzin,12,True,1737.0000,0.9730,0.4330,0.8459,0.4066,9.2747,4.9463,0,7,61.7150,45.9621,0.0000,0.0000,False,,,264.0000,,,60.0000,3.8606
0.0300,30,0.3000,couzin,13,True,1596.0000,0.9766,0.4831,0.8651,0.4444,9.5856,4.9998,0,0,61.4454,46.7632,0.0426,0.0014,True,,,373.0000,,,60.0000,4.9099
0.0300,30,0.3000,couzin,14,True,1293.0000,0.9789,0.6151,0.9273,0.5188,10.1601,4.8197,0,12,69.4215,51.5288,0.0000,0.0000,False,,,272.0000,,,60.0000,4.1874
0.0300,30,0.3000,couzin,15,False,1445.0000,0.9673,0.5369,0.8781,0.4743,9.8551,0.0000,1,7,62.9101,46.5661,0.0000,0.0000,False,,,298.0000,,,60.0000,4.3328
0.0300,30,0.3000,couzin,16,True,1466.0000,0.9700,0.5476,0.8757,0.4799,9.5887,4.8377,0,11,69.1939,49.6923,0.0061,0.0000,False,,,56.0000,,,60.0000,3.5238
0.0300,30,0.3000,couzin,17,True,1327.0000,0.9808,0.5895,0.9334,0.4976,10.0567,5.0000,0,0,65.1600,47.9032,0.0000,0.0000,False,,,17.0000,,,60.0000,3.0565
0.0300,30,0.3000,couzin,18,True,1606.0000,0.9765,0.4786,0.8582,0.4369,9.5464,5.0000,0,0,63.1299,46.3298,0.0224,0.0007,False,,,245.0000,,,60.0000,4.4540
0.0300,30,0.3000,couzin,19,False,1811.0000,0.9667,0.4143,0.8178,0.4087,9.1530,0.0000,1,54,59.2649,44.6484,0.0000,0.0000,False,,,435.0000,,,60.0000,5.5382
0.0300,30,0.3000,couzin,20,True,1774.0000,0.9744,0.4247,0.8449,0.3984,9.5019,5.0000,0,0,59.8657,45.6359,0.0000,0.0000,False,,,36.0000,,,60.0000,3.3800
0.0300,30,0.3000,couzin,21,True,1397.0000,0.9895,0.5465,0.9195,0.4829,9.7248,5.0000,0,0,64.0993,46.5779,0.0000,0.0000,False,,,12.0000,,,60.0000,3.5909
0.0300,30,0.3000,couzin,22,True,1698.0000,0.9846,0.4747,0.8410,0.4268,9.4963,5.0000,0,0,71.3654,52.1664,0.0018,0.0000,False,,,104.0000,,,60.0000,3.3251
0.0300,30,0.3000,couzin,23,True,1344.0000,0.9807,0.5689,0.9341,0.4926,9.8459,5.0000,0,0,62.3283,47.8142,0.0000,0.0000,False,,,447.0000,,,60.0000,4.3992
0.0300,30,0.3000,couzin,24,False,,0.9439,0.2798,0.6758,0.2952,7.3157,4.9933,0,0,69.5193,53.6058,0.2383,0.0000,True,,,,,,60.0000,3.5537
0.0300,30,0.3000,couzin,25,True,1922.0000,0.9865,0.4073,0.8185,0.3869,9.1054,5.0000,0,0,58.0501,44.2025,0.0000,0.0000,False,,,192.0000,,,60.0000,3.8320
0.0300,30,0.3000,couzin,26,True,1397.0000,0.9762,0.5601,0.8977,0.4867,9.7938,4.8150,0,11,63.7404,47.4973,0.0000,0.0000,False,,,95.0000,,,60.0000,3.4056
0.0300,30,0.3000,couzin,27,True,1580.0000,0.9833,0.4923,0.8753,0.4420,8.9413,5.0000,0,0,63.4573,47.8585,0.0000,0.0000,False,,,372.0000,,,60.0000,4.1930
0.0300,30,0.3000,couzin,28,True,1524.0000,0.9791,0.5003,0.8846,0.4581,9.4693,5.0000,0,0,63.2598,46.9662,0.0000,0.0000,False,,,0.0000,,,60.0000,3.2138
0.0300,30,0.3000,couzin,29,True,1306.0000,0.9847,0.6015,0.9387,0.5137,9.9423,4.8765,0,10,66.5168,49.0203,0.0000,0.0000,False,,,140.0000,,,60.0000,3.9910
0.0300,30,0.3000,couzin,30,True,1830.0000,0.9780,0.4233,0.8219,0.3938,8.7638,5.0000,0,0,60.9096,45.5987,0.0000,0.0000,False,,,0.0000,,,60.0000,3.5469
0.0300,30,0.3000,couzin,31,True,1556.0000,0.9834,0.4769,0.8910,0.4409,9.4402,5.0000,0,0,57.9190,44.0120,0.0000,0.0000,False,,,239.0000,,,60.0000,3.5322
0.0300,30,0.3000,couzin,32,True,1345.0000,0.9877,0.5812,0.9263,0.4970,10.0183,5.0000,0,0,72.3246,51.1975,0.0000,0.0000,False,,,53.0000,,,60.0000,3.9263
0.0300,30,0.3000,couzin,33,True,2395.0000,0.9712,0.3315,0.7428,0.3275,9.1040,5.0000,0,0,61.8043,45.7276,0.0000,0.0000,False,,,0.0000,,,60.0000,3.2982
0.0300,30,0.3000,couzin,34,True,1477.0000,0.9755,0.5043,0.8946,0.4565,9.7174,5.0000,0,0,62.7826,46.1685,0.0000,0.0000,False,,,30.0000,,,60.0000,3.8135
0.0300,30,0.3000,couzin,35,True,1430.0000,0.9718,0.5446,0.8886,0.4728,9.9036,5.0000,0,0,67.3392,49.2030,0.0000,0.0000,False,,,83.0000,,,60.0000,3.6467
0.0300,30,0.3000,couzin,36,True,1331.0000,0.9894,0.5872,0.9325,0.5011,10.0956,5.0000,0,0,71.5905,49.7637,0.0000,0.0000,False,,,46.0000,,,60.0000,4.3102
0.0300,30,0.3000,couzin,37,True,2563.0000,0.9807,0.3246,0.7242,0.3449,9.4108,4.9936,0,0,99.9002,66.9603,0.6049,0.0003,False,,,0.0000,,,60.0000,3.5575
0.0300,30,0.3000,couzin,38,True,1840.0000,0.9736,0.4227,0.8260,0.3869,9.4786,5.0000,0,0,65.6279,48.7377,0.0000,0.0000,False,,,14.0000,,,60.0000,6.2851
0.0300,30,0.3000,couzin,39,True,1490.0000,0.9733,0.4931,0.8923,0.4576,9.4179,4.9998,0,0,57.5990,43.3795,0.0000,0.0000,False,,,466.0000,,,60.0000,3.8289
0.0300,30,0.3000,couzin,40,True,1368.0000,0.9773,0.5658,0.9153,0.4993,9.6523,4.9894,0,2,62.6530,45.3196,0.0000,0.0000,False,,,257.0000,,,60.0000,4.4948
0.0300,30,0.3000,couzin,41,False,,0.8806,0.3046,0.6702,0.3224,9.4331,0.0000,15,15,131.1143,95.5323,0.4607,0.0000,True,,,,,,60.0000,3.2844
0.0300,30,0.3000,couzin,42,True,1342.0000,0.9881,0.5662,0.9334,0.4948,9.8954,5.0000,0,0,64.4031,47.5962,0.0000,0.0000,False,,,62.0000,,,60.0000,4.1611
0.0300,30,0.3000,couzin,43,True,1470.0000,0.9781,0.5282,0.8855,0.4577,9.3563,5.0000,0,0,70.9655,50.7106,0.0000,0.0000,False,,,316.0000,,,60.0000,4.0299
0.0300,30,0.3000,couzin,44,True,1509.0000,0.9891,0.5250,0.8828,0.4603,9.7903,5.0000,0,0,66.7927,49.4426,0.0000,0.0000,False,,,174.0000,,,60.0000,4.1591
0.0300,30,0.3000,couzin,45,False,,0.7574,0.2286,0.6647,0.3049,9.3049,0.0000,1,34,261.3671,218.2473,0.7707,0.0065,True,,,,,,60.0000,3.1634
0.0300,30,0.3000,couzin,46,True,1569.0000,0.9726,0.5192,0.8543,0.4576,9.8673,5.0000,0,0,69.8951,50.2015,0.0000,0.0000,False,,,43.0000,,,60.0000,3.5563
0.0300,30,0.3000,couzin,47,True,1410.0000,0.9703,0.5542,0.8857,0.4807,9.9501,5.0000,0,0,67.6199,48.2877,0.0000,0.0000,False,,,69.0000,,,60.0000,3.6911
0.0300,30,0.3000,couzin,48,True,1489.0000,0.9708,0.4977,0.9023,0.4447,9.6961,5.0000,0,0,66.1349,49.4317,0.0000,0.0000,False,,,0.0000,,,60.0000,3.2882
0.0300,30,0.3000,couzin,49,True,1437.0000,0.9856,0.5414,0.8999,0.4764,9.8685,4.7709,0,8,63.6195,47.4650,0.0000,0.0000,False,,,318.0000,,,60.0000,5.6016
0.0300,30,0.3000,pacnav,0,True,2079.0000,0.9726,0.6325,0.8701,0.3406,8.5674,5.0000,0,0,125.8832,57.5038,0.5938,0.0015,False,,,0.0000,,,60.0000,28.9897
0.0300,30,0.3000,pacnav,1,True,1934.0000,0.9800,0.6351,0.9143,0.3489,9.1017,5.0000,0,0,113.4067,60.8384,0.5809,0.0058,False,,,31.0000,,,60.0000,28.6828
0.0300,30,0.3000,pacnav,2,True,2064.0000,0.9742,0.6651,0.8732,0.3403,9.1378,4.6312,0,15,102.7946,51.5405,0.4581,0.0000,False,,,125.0000,,,60.0000,30.4307
0.0300,30,0.3000,pacnav,3,True,1914.0000,0.9847,0.7411,0.9222,0.3489,9.5611,5.0000,0,0,102.4701,63.1448,0.5415,0.0010,False,,,32.0000,,,60.0000,27.4459
0.0300,30,0.3000,pacnav,4,False,1902.0000,0.9749,0.7104,0.9154,0.3608,9.2828,0.0000,3,24,87.2439,48.2996,0.5008,0.0000,False,,,233.0000,,,60.0000,27.4647
0.0300,30,0.3000,pacnav,5,False,,0.5733,0.3444,0.6227,0.2659,7.8064,3.7344,0,18,263.3712,168.8536,0.8373,0.0037,True,,,,,,60.0000,25.5844
0.0300,30,0.3000,pacnav,6,True,2032.0000,0.9768,0.6470,0.8887,0.3452,9.1313,5.0000,0,0,101.4507,53.4040,0.5150,0.0001,False,,,0.0000,,,60.0000,24.6885
0.0300,30,0.3000,pacnav,7,True,1784.0000,0.9899,0.7171,0.9478,0.3711,9.0754,5.0000,0,0,85.6967,47.6857,0.4034,0.0018,False,,,32.0000,,,60.0000,27.0253
0.0300,30,0.3000,pacnav,8,True,2110.0000,0.9716,0.6429,0.8821,0.3291,8.9371,4.9999,0,0,111.6734,49.0414,0.7949,0.0006,True,,,71.0000,,,60.0000,27.9668
0.0300,30,0.3000,pacnav,9,True,1784.0000,0.9801,0.7209,0.9362,0.3746,8.9911,5.0000,0,0,74.5433,48.7120,0.1625,0.0000,False,,,24.0000,,,60.0000,28.2850
0.0300,30,0.3000,pacnav,10,False,2079.0000,0.9904,0.6544,0.8881,0.3481,8.9049,0.0000,22,152,104.5451,47.9579,0.5731,0.0001,False,,,0.0000,,,60.0000,12.1385
0.0300,30,0.3000,pacnav,11,True,1816.0000,0.9839,0.6657,0.9301,0.3698,8.8499,5.0000,0,0,80.5378,45.5018,0.3038,0.0028,False,,,0.0000,,,60.0000,12.9596
0.0300,30,0.3000,pacnav,12,True,1817.0000,0.9803,0.6624,0.9401,0.3638,8.8518,5.0000,0,0,62.4791,41.5580,0.0308,0.0009,False,,,18.0000,,,60.0000,10.4015
0.0300,30,0.3000,pacnav,13,True,1954.0000,0.9782,0.6381,0.9083,0.3503,8.9246,5.0000,0,0,111.3069,60.7633,0.7841,0.0017,False,,,89.0000,,,60.0000,11.2968
0.0300,30,0.3000,pacnav,14,True,1965.0000,0.9848,0.7197,0.9150,0.3506,9.6074,3.8064,0,25,71.8068,46.1490,0.0712,0.0003,True,,,552.0000,,,60.0000,11.9497
0.0300,30,0.3000,pacnav,15,True,1896.0000,0.9937,0.7306,0.9370,0.3602,9.7113,4.7043,0,12,83.6839,55.3668,0.2757,0.0000,False,,,22.0000,,,60.0000,11.4328
0.0300,30,0.3000,pacnav,16,True,1982.0000,0.9888,0.6696,0.9289,0.3427,9.3258,4.7126,0,12,89.4803,51.1841,0.4145,0.0010,False,,,160.0000,,,60.0000,11.7757
0.0300,30,0.3000,pacnav,17,True,1804.0000,0.9753,0.6971,0.9288,0.3659,9.4190,5.0000,0,0,65.7903,46.7048,0.0615,0.0022,False,,,18.0000,,,60.0000,12.0966
0.0300,30,0.3000,pacnav,18,True,2074.0000,0.9885,0.6183,0.8882,0.3460,8.8023,3.1264,0,16,104.9300,47.7426,0.7147,0.0006,False,,,138.0000,,,60.0000,11.7231
0.0300,30,0.3000,pacnav,19,False,,0.7417,0.4601,0.6887,0.3038,7.6674,3.5299,0,34,170.6720,97.1924,0.7680,0.0025,True,,,,,,60.0000,12.3267
0.0300,30,0.3000,pacnav,20,True,1841.0000,0.9784,0.6892,0.9367,0.3638,9.4319,4.9961,0,0,84.7565,51.2533,0.3078,0.0001,False,,,140.0000,,,60.0000,13.6967
0.0300,30,0.3000,pacnav,21,True,2251.0000,0.9868,0.6453,0.8786,0.3160,9.2468,5.0000,0,0,110.9988,67.9202,0.7464,0.0000,False,,,0.0000,,,60.0000,10.9454
0.0300,30,0.3000,pacnav,22,True,1858.0000,0.9881,0.6794,0.9283,0.3701,8.7726,4.4072,0,35,109.1169,46.7223,0.6928,0.0036,False,,,190.0000,,,60.0000,12.3958
0.0300,30,0.3000,pacnav,23,True,2050.0000,0.9778,0.6384,0.8886,0.3452,8.9465,5.0000,0,0,108.1214,51.4201,0.6041,0.0020,False,,,205.0000,,,60.0000,12.0208
0.0300,30,0.3000,pacnav,24,True,2404.0000,0.9709,0.5848,0.8581,0.3079,8.8201,5.0000,0,0,123.9383,83.1893,0.7667,0.0084,False,,,19.0000,,,60.0000,9.5166
0.0300,30,0.3000,pacnav,25,True,1878.0000,0.9663,0.7054,0.9258,0.3527,9.2173,5.0000,0,0,91.1287,55.4164,0.4433,0.0017,False,,,0.0000,,,60.0000,17.4933
0.0300,30,0.3000,pacnav,26,True,1993.0000,0.9838,0.7061,0.8987,0.3685,9.1593,3.7682,0,53,100.0792,51.1807,0.5065,0.0007,False,,,18965.0000,,,60.0000,14.5563
0.0300,30,0.3000,pacnav,27,True,1890.0000,0.9949,0.7545,0.9600,0.3487,9.4901,5.0000,0,0,70.4007,48.0253,0.2253,0.0010,False,,,59.0000,,,60.0000,11.5738
0.0300,30,0.3000,pacnav,28,False,,0.8800,0.4809,0.7246,0.2948,8.5241,3.4596,0,38,120.3461,67.3083,0.6413,0.0011,True,,,,,,60.0000,12.1134
0.0300,30,0.3000,pacnav,29,True,2125.0000,0.9929,0.6687,0.8708,0.3497,9.0210,3.0204,0,24,89.9008,49.0461,0.3862,0.0017,False,,,18.0000,,,60.0000,11.8418
0.0300,30,0.3000,pacnav,30,True,1865.0000,0.9759,0.6614,0.9176,0.3602,8.7278,5.0000,0,0,55.7701,40.3141,0.0230,0.0001,False,,,51.0000,,,60.0000,13.4609
0.0300,30,0.3000,pacnav,31,True,2380.0000,0.9776,0.5848,0.8254,0.3262,8.9097,5.0000,0,0,90.2872,54.4317,0.4519,0.0037,False,,,7578.0000,,,60.0000,12.7311
0.0300,30,0.3000,pacnav,32,True,1896.0000,0.9824,0.7315,0.9356,0.3519,9.6468,5.0000,0,0,71.3831,45.3138,0.3374,0.0012,False,,,17.0000,,,60.0000,11.7998
0.0300,30,0.3000,pacnav,33,True,1869.0000,0.9784,0.7312,0.9359,0.3551,9.2756,5.0000,0,0,87.4224,50.3279,0.4037,0.0000,False,,,22.0000,,,60.0000,12.9362
0.0300,30,0.3000,pacnav,34,True,1815.0000,0.9827,0.6864,0.9159,0.3736,8.9262,5.0000,0,0,237.0304,56.6648,0.8601,0.0277,False,,,63.0000,,,60.0000,11.9056
0.0300,30,0.3000,pacnav,35,True,2205.0000,0.9815,0.6036,0.8668,0.3267,8.9375,5.0000,0,0,101.5566,51.7495,0.4832,0.0025,False,,,0.0000,,,60.0000,12.5362
0.0300,30,0.3000,pacnav,36,True,1872.0000,0.9730,0.6660,0.9148,0.3597,8.9521,5.0000,0,0,153.0437,74.8017,0.8089,0.0035,False,,,987.0000,,,60.0000,11.0709
0.0300,30,0.3000,pacnav,37,True,2720.0000,0.9714,0.5405,0.7847,0.3013,8.7078,5.0000,0,0,99.6058,54.4816,0.5851,0.0006,False,,,0.0000,,,60.0000,11.5919
0.0300,30,0.3000,pacnav,38,True,2046.0000,0.9879,0.6761,0.9091,0.3333,9.3130,5.0000,0,0,86.2644,53.4216,0.5501,0.0006,False,,,0.0000,,,60.0000,10.9009
0.0300,30,0.3000,pacnav,39,True,2079.0000,0.9926,0.5894,0.8948,0.3347,8.4755,5.0000,0,0,109.3130,54.7725,0.7639,0.0042,False,,,1.0000,,,60.0000,11.3012
0.0300,30,0.3000,pacnav,40,True,1867.0000,0.9864,0.7473,0.9339,0.3590,9.4102,5.0000,0,0,72.2480,51.0033,0.0166,0.0006,False,,,179.0000,,,60.0000,11.7763
0.0300,30,0.3000,pacnav,41,True,1804.0000,0.9807,0.7143,0.9266,0.3724,9.1478,5.0000,0,0,86.5624,50.2279,0.3241,0.0053,False,,,0.0000,,,60.0000,12.5843
0.0300,30,0.3000,pacnav,42,False,2030.0000,0.9773,0.6723,0.8812,0.3546,9.1118,0.0000,1,18,111.6472,55.1951,0.5923,0.0019,False,,,96.0000,,,60.0000,11.9976
0.0300,30,0.3000,pacnav,43,True,1879.0000,0.9825,0.6919,0.9326,0.3556,9.2735,5.0000,0,0,73.7953,49.7866,0.1883,0.0007,False,,,83.0000,,,60.0000,12.4177
0.0300,30,0.3000,pacnav,44,False,,0.8821,0.5493,0.7197,0.3046,8.6358,4.8973,0,11,88.7154,56.1626,0.4517,0.0014,True,,,,,,60.0000,11.7812
0.0300,30,0.3000,pacnav,45,True,2244.0000,0.9750,0.6610,0.8689,0.3278,9.1043,5.0000,0,0,86.3078,55.4134,0.4379,0.0000,False,,,0.0000,,,60.0000,11.3206
0.0300,30,0.3000,pacnav,46,True,1821.0000,0.9952,0.7167,0.9494,0.3645,9.6291,5.0000,0,0,61.6123,43.8304,0.0033,0.0001,False,,,35.0000,,,60.0000,11.9917
0.0300,30,0.3000,pacnav,47,True,1825.0000,0.9730,0.7114,0.9353,0.3605,9.5092,5.0000,0,0,61.6171,41.7008,0.1161,0.0006,False,,,32.0000,,,60.0000,11.0999
0.0300,30,0.3000,pacnav,48,True,1845.0000,0.9686,0.7093,0.9331,0.3572,9.5395,5.0000,0,0,71.8084,49.2566,0.2996,0.0019,False,,,36.0000,,,60.0000,12.3632
0.0300,30,0.3000,pacnav,49,True,1917.0000,0.9955,0.6228,0.9381,0.3496,8.6354,5.0000,0,0,88.8664,46.5464,0.4609,0.0006,False,,,142.0000,,,60.0000,12.5427
0.0300,30,0.3000,petracek,0,False,,0.3750,-0.0100,0.6152,0.1128,7.8846,5.0000,0,0,565.2107,430.8937,0.9567,0.0000,True,,,,,,60.0000,5.5752
0.0300,30,0.3000,petracek,1,False,,0.4287,0.0001,0.6086,0.1197,13.2545,5.0000,0,0,525.7063,455.1235,0.9677,0.0000,True,,,,,,60.0000,6.6148
0.0300,30,0.3000,petracek,2,False,,0.4163,0.0002,0.6139,0.1360,13.5529,5.0000,0,0,549.9258,446.3515,0.9543,0.0000,True,,,,,,60.0000,6.5231
0.0300,30,0.3000,petracek,3,False,,0.4312,-0.0002,0.6157,0.1224,10.2911,5.0000,0,0,521.7979,455.6709,0.9683,0.0000,True,,,,,,60.0000,6.5834
0.0300,30,0.3000,petracek,4,False,,0.4148,-0.0006,0.6066,0.1371,10.2322,5.0000,0,0,548.7083,451.8298,0.9673,0.0000,True,,,,,,60.0000,6.7993
0.0300,30,0.3000,petracek,5,False,,0.3054,-0.0193,0.6064,0.0870,9.2853,5.0000,0,0,633.3823,398.8210,0.9673,0.0000,True,,,,,,60.0000,6.5121
0.0300,30,0.3000,petracek,6,False,,0.4150,0.0103,0.6149,0.1714,13.9624,5.0000,0,0,555.2872,449.4270,0.9600,0.0000,True,,,,,,60.0000,5.7547
0.0300,30,0.3000,petracek,7,False,,0.4059,-0.0077,0.6088,0.1058,11.8424,5.0000,0,0,551.3092,449.0717,0.9693,0.0000,True,,,,,,60.0000,6.0996
0.0300,30,0.3000,petracek,8,False,,0.3353,-0.0095,0.6062,0.1240,10.2179,5.0000,0,0,605.1780,423.5297,0.9720,0.0000,True,,,,,,60.0000,6.7314
0.0300,30,0.3000,petracek,9,False,,0.3121,-0.0169,0.6080,0.0934,9.2591,5.0000,0,0,622.0212,404.3978,0.9640,0.0000,True,,,,,,60.0000,6.3019
0.0300,30,0.3000,petracek,10,False,,0.4962,0.0126,0.6122,0.1341,11.1473,5.0000,0,0,470.2874,455.3753,0.9580,0.0000,True,,,,,,60.0000,2.4716
0.0300,30,0.3000,petracek,11,False,,0.3361,-0.0130,0.6107,0.1218,12.7505,5.0000,0,0,604.5693,421.1583,0.9740,0.0000,True,,,,,,60.0000,2.5299
0.0300,30,0.3000,petracek,12,False,,0.4671,0.0074,0.6105,0.1392,8.2426,5.0000,0,0,499.5563,459.2733,0.9557,0.0000,True,,,,,,60.0000,2.6295
0.0300,30,0.3000,petracek,13,False,,0.4708,0.0062,0.6095,0.1310,10.0640,5.0000,0,0,487.5996,462.3076,0.9720,0.0000,True,,,,,,60.0000,2.5569
0.0300,30,0.3000,petracek,14,False,,0.3116,-0.0154,0.6130,0.1107,8.6266,5.0000,0,0,631.7630,402.4217,0.9690,0.0000,True,,,,,,60.0000,2.6027
0.0300,30,0.3000,petracek,15,False,,0.4085,-0.0060,0.6141,0.1021,10.8421,5.0000,0,0,548.2187,449.7577,0.9630,0.0000,True,,,,,,60.0000,2.4534
0.0300,30,0.3000,petracek,16,False,,0.3741,-0.0013,0.6115,0.1328,13.1756,5.0000,0,0,587.0375,443.5364,0.9563,0.0000,True,,,,,,60.0000,2.3793
0.0300,30,0.3000,petracek,17,False,,0.3304,-0.0140,0.6073,0.0929,11.0282,5.0000,0,0,599.7995,425.3737,0.9693,0.0000,True,,,,,,60.0000,2.3587
0.0300,30,0.3000,petracek,18,False,,0.4054,-0.0029,0.6092,0.1273,14.0791,5.0000,0,0,556.8200,456.2013,0.9707,0.0000,True,,,,,,60.0000,2.5183
0.0300,30,0.3000,petracek,19,False,,0.4446,0.0023,0.6141,0.1128,6.9763,5.0000,0,0,523.6143,464.0796,0.9610,0.0000,True,,,,,,60.0000,2.4397
0.0300,30,0.3000,petracek,20,False,,0.4416,0.0048,0.6164,0.1341,10.7724,5.0000,0,0,524.1604,454.7224,0.9643,0.0000,True,,,,,,60.0000,2.5359
0.0300,30,0.3000,petracek,21,False,,0.4838,0.0193,0.6127,0.1748,9.9503,5.0000,0,0,482.0489,465.5041,0.9600,0.0000,True,,,,,,60.0000,2.6797
0.0300,30,0.3000,petracek,22,False,,0.3451,-0.0046,0.6133,0.1382,9.3016,5.0000,0,0,608.6673,426.0660,0.9700,0.0000,True,,,,,,60.0000,2.7486
0.0300,30,0.3000,petracek,23,False,,0.3407,-0.0141,0.6150,0.1097,13.5683,5.0000,0,0,609.9821,430.2500,0.9703,0.0000,True,,,,,,60.0000,2.6598
0.0300,30,0.3000,petracek,24,False,,0.3414,-0.0119,0.6111,0.1165,7.3077,5.0000,0,0,593.4113,419.1132,0.9690,0.0000,True,,,,,,60.0000,2.9929
0.0300,30,0.3000,petracek,25,False,,0.2826,-0.0203,0.6004,0.0941,8.7295,5.0000,0,0,633.5739,374.8635,0.9623,0.0000,True,,,,,,60.0000,2.7645
0.0300,30,0.3000,petracek,26,False,,0.4090,-0.0053,0.6112,0.1145,10.2464,5.0000,0,0,554.3454,459.0467,0.9730,0.0000,True,,,,,,60.0000,2.4603
0.0300,30,0.3000,petracek,27,False,,0.2323,-0.0187,0.5986,0.1087,9.1118,5.0000,0,0,688.2783,317.3799,0.9693,0.0000,True,,,,,,60.0000,2.9717
0.0300,30,0.3000,petracek,28,False,,0.3785,-0.0106,0.6097,0.1042,9.4118,5.0000,0,0,568.4281,435.7054,0.9653,0.0000,True,,,,,,60.0000,2.6075
0.0300,30,0.3000,petracek,29,False,,0.4013,-0.0074,0.6127,0.1142,14.2738,5.0000,0,0,551.4991,452.9109,0.9700,0.0000,True,,,,,,60.0000,2.5787
0.0300,30,0.3000,petracek,30,False,,0.3378,-0.0114,0.6093,0.1147,11.7262,5.0000,0,0,596.4934,414.6694,0.9707,0.0000,True,,,,,,60.0000,2.6975
0.0300,30,0.3000,petracek,31,False,,0.3221,-0.0144,0.6018,0.1074,14.5676,5.0000,0,0,630.6535,403.4254,0.9657,0.0000,True,,,,,,60.0000,2.6360
0.0300,30,0.3000,petracek,32,False,,0.4176,-0.0004,0.6133,0.1274,12.2473,5.0000,0,0,546.6244,453.0180,0.9610,0.0000,True,,,,,,60.0000,2.7960
0.0300,30,0.3000,petracek,33,False,,0.3023,-0.0184,0.6075,0.0892,7.7868,5.0000,0,0,628.4707,399.6142,0.9770,0.0000,True,,,,,,60.0000,2.8200
0.0300,30,0.3000,petracek,34,False,,0.3333,-0.0099,0.6011,0.1220,13.5076,5.0000,0,0,599.8986,421.2568,0.9720,0.0000,True,,,,,,60.0000,2.3859
0.0300,30,0.3000,petracek,35,False,,0.4213,0.0013,0.6132,0.1278,7.5630,5.0000,0,0,524.5148,458.0003,0.9767,0.0000,True,,,,,,60.0000,2.6716
0.0300,30,0.3000,petracek,36,False,,0.3812,0.0085,0.6081,0.1729,9.7884,5.0000,0,0,566.0202,437.3758,0.9653,0.0000,True,,,,,,60.0000,2.8291
0.0300,30,0.3000,petracek,37,False,,0.3096,-0.0165,0.6065,0.1030,9.7345,5.0000,0,0,625.0358,400.1509,0.9567,0.0000,True,,,,,,60.0000,2.5928
0.0300,30,0.3000,petracek,38,False,,0.3490,-0.0101,0.6064,0.1032,14.0103,5.0000,0,0,582.5202,415.8608,0.9640,0.0000,True,,,,,,60.0000,2.4228
0.0300,30,0.3000,petracek,39,False,,0.3224,-0.0193,0.6126,0.0851,11.3536,5.0000,0,0,619.0281,402.4338,0.9617,0.0000,True,,,,,,60.0000,2.3872
0.0300,30,0.3000,petracek,40,False,,0.3148,-0.0176,0.6132,0.1076,7.9145,5.0000,0,0,642.9722,413.0863,0.9757,0.0000,True,,,,,,60.0000,2.7778
0.0300,30,0.3000,petracek,41,False,,0.4001,-0.0079,0.6092,0.1040,10.9537,5.0000,0,0,546.6206,450.5180,0.9690,0.0000,True,,,,,,60.0000,2.3632
0.0300,30,0.3000,petracek,42,False,,0.3718,-0.0090,0.6125,0.1133,9.5203,5.0000,0,0,583.1380,443.1726,0.9707,0.0000,True,,,,,,60.0000,2.4335
0.0300,30,0.3000,petracek,43,False,,0.3356,-0.0164,0.6102,0.0982,10.1989,5.0000,0,0,618.1169,428.2268,0.9703,0.0000,True,,,,,,60.0000,2.4890
0.0300,30,0.3000,petracek,44,False,,0.3423,-0.0072,0.6093,0.1366,11.3254,5.0000,0,0,605.5235,424.6093,0.9617,0.0000,True,,,,,,60.0000,2.1461
0.0300,30,0.3000,petracek,45,False,,0.3667,-0.0042,0.6021,0.1264,9.7942,5.0000,0,0,577.1235,431.9692,0.9650,0.0000,True,,,,,,60.0000,2.4574
0.0300,30,0.3000,petracek,46,False,,0.3667,-0.0099,0.6118,0.1179,6.9275,5.0000,0,0,579.2192,443.1208,0.9723,0.0000,True,,,,,,60.0000,2.5114
0.0300,30,0.3000,petracek,47,False,,0.3072,-0.0187,0.6134,0.0909,7.1585,5.0000,0,0,624.3685,402.3867,0.9713,0.0000,True,,,,,,60.0000,2.7394
0.0300,30,0.3000,petracek,48,False,,0.3482,-0.0120,0.6132,0.0974,9.5562,5.0000,0,0,589.6376,414.2068,0.9580,0.0000,True,,,,,,60.0000,2.6075
0.0300,30,0.3000,petracek,49,False,,0.4134,0.0005,0.6109,0.1339,13.3582,5.0000,0,0,550.0883,447.6326,0.9600,0.0000,True,,,,,,60.0000,2.5815
0.0300,30,1.0000,cb-ele,0,True,1352.0000,0.9795,0.9060,0.9531,0.4827,8.5711,5.0000,0,0,41.1692,33.4596,0.0000,0.0000,False,95.0000,0.9047,0.0000,True,13.0000,60.0000,26.6695
0.0300,30,1.0000,cb-ele,1,True,1285.0000,0.9710,0.9234,0.9672,0.4989,8.3482,5.0000,0,0,42.0951,32.6878,0.0000,0.0000,False,99.0000,0.8942,0.0000,True,15.0000,60.0000,27.3540
0.0300,30,1.0000,cb-ele,2,True,1268.0000,0.9685,0.9220,0.9816,0.5021,8.1027,5.0000,0,0,43.9654,32.6332,0.0000,0.0000,False,81.0000,0.9094,0.0000,True,13.0000,60.0000,27.2834
0.0300,30,1.0000,cb-ele,3,True,1098.0000,0.9780,0.9015,0.9635,0.5918,9.3880,5.0000,0,0,83.1066,44.3491,0.3294,0.0000,False,110.0000,0.8653,0.0000,True,13.0000,60.0000,28.5218
0.0300,30,1.0000,cb-ele,4,True,1254.0000,0.9830,0.9154,0.9575,0.5235,8.3133,5.0000,0,0,39.7496,32.6377,0.0000,0.0000,False,59.0000,0.9291,0.0000,True,16.0000,60.0000,29.5705
0.0300,30,1.0000,cb-ele,5,True,2929.0000,0.9851,0.7199,0.7043,0.3330,8.9328,5.0000,0,0,51.4770,37.5712,0.0430,0.0000,False,83.0000,0.9608,0.0000,True,20.0000,60.0000,29.7207
0.0300,30,1.0000,cb-ele,6,True,1287.0000,0.9833,0.9083,0.9529,0.5125,8.2796,5.0000,0,0,46.1660,33.1680,0.0000,0.0000,False,88.0000,0.8936,0.0000,True,15.0000,60.0000,29.7727
0.0300,30,1.0000,cb-ele,7,True,1284.0000,0.9691,0.9082,0.9589,0.5008,8.6616,5.0000,0,0,41.9748,34.2684,0.0000,0.0000,False,104.0000,0.7619,0.0000,True,17.0000,60.0000,29.0028
0.0300,30,1.0000,cb-ele,8,True,1279.0000,0.9773,0.9228,0.9698,0.5063,8.1461,5.0000,0,0,42.4497,32.1504,0.0000,0.0000,False,77.0000,0.9016,0.0000,True,13.0000,60.0000,28.2115
0.0300,30,1.0000,cb-ele,9,True,1291.0000,0.9677,0.9232,0.9563,0.5026,8.2971,5.0000,0,0,41.4890,32.8266,0.0000,0.0000,False,71.0000,0.9094,0.0000,True,17.0000,60.0000,27.7574
0.0300,30,1.0000,cb-ele,10,True,1255.0000,0.9725,0.9196,0.9656,0.5142,8.1043,5.0000,0,0,42.0838,31.2348,0.0000,0.0000,False,72.0000,0.9204,0.0000,True,15.0000,60.0000,12.3112
0.0300,30,1.0000,cb-ele,11,True,1373.0000,0.9832,0.8931,0.9396,0.4852,9.4506,5.0000,0,0,43.1540,34.9888,0.0000,0.0000,False,87.0000,0.8763,0.0000,True,19.0000,60.0000,11.3893
0.0300,30,1.0000,cb-ele,12,True,1272.0000,0.9792,0.9020,0.9552,0.5180,8.3109,5.0000,0,0,41.7014,32.7608,0.0000,0.0000,False,75.0000,0.9427,0.0000,True,17.0000,60.0000,12.2934
0.0300,30,1.0000,cb-ele,13,True,1223.0000,0.9761,0.9128,0.9678,0.5255,8.2833,5.0000,0,0,42.6432,32.4429,0.0000,0.0000,False,42.0000,0.4975,0.0000,True,14.0000,60.0000,11.1889
0.0300,30,1.0000,cb-ele,14,True,1333.0000,0.9761,0.8995,0.9345,0.5116,8.6723,5.0000,0,0,46.5904,33.4498,0.0000,0.0000,False,86.0000,0.9100,0.0000,True,20.0000,60.0000,11.0760
0.0300,30,1.0000,cb-ele,15,True,1273.0000,0.9681,0.9284,0.9752,0.4993,8.2348,5.0000,0,0,40.5121,32.1553,0.0000,0.0000,False,104.0000,0.9066,0.0000,True,10.0000,60.0000,13.2232
0.0300,30,1.0000,cb-ele,16,True,1250.0000,0.9718,0.9229,0.9732,0.5133,8.2817,5.0000,0,0,47.1027,32.9408,0.0000,0.0000,False,122.0000,0.8745,0.0000,True,10.0000,60.0000,12.1267
0.0300,30,1.0000,cb-ele,17,True,1286.0000,0.9747,0.8880,0.9321,0.5345,8.4882,5.0000,0,0,50.0124,34.7449,0.0000,0.0000,False,67.0000,0.9153,0.0000,True,15.0000,60.0000,12.4234
0.0300,30,1.0000,cb-ele,18,True,1265.0000,0.9746,0.8901,0.9523,0.5142,8.5972,5.0000,0,0,48.0920,35.1480,0.0000,0.0000,False,9.0000,0.9107,0.0000,True,14.0000,60.0000,11.7532
0.0300,30,1.0000,cb-ele,19,True,1311.0000,0.9711,0.9033,0.9420,0.5035,8.3297,5.0000,0,0,42.5393,32.7411,0.0000,0.0000,False,92.0000,0.8910,0.0000,True,16.0000,60.0000,11.9402
0.0300,30,1.0000,cb-ele,20,True,1290.0000,0.9681,0.9182,0.9541,0.5009,8.3405,5.0000,0,0,40.1214,32.3420,0.0000,0.0000,False,106.0000,0.9024,0.0000,True,17.0000,60.0000,11.2585
0.0300,30,1.0000,cb-ele,21,True,1372.0000,0.9761,0.8983,0.9385,0.4929,9.1295,5.0000,0,0,39.4745,33.7478,0.0000,0.0000,False,72.0000,0.9141,0.0000,True,15.0000,60.0000,11.6238
0.0300,30,1.0000,cb-ele,22,True,1272.0000,0.9721,0.9220,0.9539,0.5112,8.3388,5.0000,0,0,42.6212,31.7939,0.0000,0.0000,False,82.0000,0.9419,0.0000,True,18.0000,60.0000,11.7593
0.0300,30,1.0000,cb-ele,23,True,1377.0000,0.9787,0.9017,0.9223,0.5007,8.1456,5.0000,0,0,39.8232,31.3726,0.0000,0.0000,False,119.0000,0.9209,0.0000,True,14.0000,60.0000,12.7125
0.0300,30,1.0000,cb-ele,24,True,1291.0000,0.9798,0.9140,0.9537,0.5145,8.4451,5.0000,0,0,47.5904,33.9792,0.0000,0.0000,False,85.0000,0.5921,0.0000,True,14.0000,60.0000,12.6831
0.0300,30,1.0000,cb-ele,25,True,1243.0000,0.9743,0.9254,0.9574,0.5233,8.0131,5.0000,0,0,38.3062,29.7252,0.0000,0.0000,False,57.0000,0.9317,0.0000,True,9.0000,60.0000,12.1108
0.0300,30,1.0000,cb-ele,26,True,1289.0000,0.9741,0.9041,0.9459,0.5110,8.5846,5.0000,0,0,58.2932,36.7025,0.1876,0.0000,False,119.0000,0.8992,0.0000,True,12.0000,60.0000,12.0863
0.0300,30,1.0000,cb-ele,27,True,1481.0000,0.9746,0.9226,0.9582,0.4416,9.3981,5.0000,0,0,60.7501,39.0100,0.0000,0.0000,False,98.0000,0.8961,0.0000,True,19.0000,60.0000,11.9518
0.0300,30,1.0000,cb-ele,28,True,1278.0000,0.9749,0.9109,0.9663,0.5079,8.6863,5.0000,0,0,44.5384,34.3209,0.0000,0.0000,False,161.0000,0.8405,0.0000,True,24.0000,60.0000,11.5349
0.0300,30,1.0000,cb-ele,29,True,1264.0000,0.9685,0.9139,0.9676,0.5060,8.4013,5.0000,0,0,45.7242,34.2078,0.0000,0.0000,False,114.0000,0.9115,0.0000,True,16.0000,60.0000,11.8990
0.0300,30,1.0000,cb-ele,30,True,1425.0000,0.9799,0.9335,0.9695,0.4531,9.0318,5.0000,0,0,50.5432,34.3085,0.0000,0.0000,False,88.0000,0.9257,0.0000,True,16.0000,60.0000,11.6203
0.0300,30,1.0000,cb-ele,31,True,1318.0000,0.9771,0.8996,0.9732,0.4884,9.4045,5.0000,0,0,45.7128,37.5600,0.0000,0.0000,False,90.0000,0.9196,0.0000,True,15.0000,60.0000,11.5573
0.0300,30,1.0000,cb-ele,32,True,1237.0000,0.9878,0.9139,0.9725,0.5262,8.0038,5.0000,0,0,43.1158,31.9153,0.0000,0.0000,False,65.0000,0.9289,0.0000,True,18.0000,60.0000,11.9225
0.0300,30,1.0000,cb-ele,33,True,1297.0000,0.9767,0.8922,0.9686,0.5004,9.3931,5.0000,0,0,42.3923,34.6144,0.0000,0.0000,False,71.0000,0.9076,0.0000,True,15.0000,60.0000,11.8242
0.0300,30,1.0000,cb-ele,34,True,1342.0000,0.9847,0.9042,0.9328,0.5074,8.3379,5.0000,0,0,46.4646,33.0527,0.0000,0.0000,False,95.0000,0.9017,0.0000,True,20.0000,60.0000,12.1896
0.0300,30,1.0000,cb-ele,35,True,1368.0000,0.9918,0.8675,0.9132,0.5080,8.3870,5.0000,0,0,62.3914,39.1185,0.0000,0.0000,False,88.0000,0.8042,0.0000,True,15.0000,60.0000,11.5991
0.0300,30,1.0000,cb-ele,36,True,1444.0000,0.9784,0.8732,0.9263,0.4652,9.3877,5.0000,0,0,50.6964,36.3973,0.0000,0.0000,False,322.0000,0.7529,0.0000,True,13.0000,60.0000,11.7688
0.0300,30,1.0000,cb-ele,37,True,1244.0000,0.9826,0.9058,0.9666,0.5270,8.3998,5.0000,0,0,57.1019,37.1430,0.0000,0.0000,False,52.0000,0.9486,0.0000,True,17.0000,60.0000,11.9407
0.0300,30,1.0000,cb-ele,38,True,1221.0000,0.9748,0.8681,0.9399,0.5524,9.2016,5.0000,0,0,64.1131,39.9592,0.0777,0.0000,False,118.0000,0.8674,0.0000,True,15.0000,60.0000,11.2024
0.0300,30,1.0000,cb-ele,39,True,1239.0000,0.9813,0.9325,0.9801,0.5191,8.4793,5.0000,0,0,49.4094,35.2279,0.0000,0.0000,False,659.0000,0.4831,0.0000,True,12.0000,60.0000,9.6041
0.0300,30,1.0000,cb-ele,40,True,1287.0000,0.9756,0.9030,0.9669,0.5021,8.6948,5.0000,0,0,42.5938,33.2077,0.0000,0.0000,False,65.0000,0.9099,0.0000,True,14.0000,60.0000,11.3463
0.0300,30,1.0000,cb-ele,41,False,,0.9656,0.8079,0.6976,0.3465,9.7293,5.0000,0,0,45.0927,34.9242,0.0000,0.0000,False,112.0000,0.9530,,True,15.0000,60.0000,12.0358
0.0300,30,1.0000,cb-ele,42,True,1284.0000,0.9793,0.9180,0.9680,0.5023,8.1555,5.0000,0,0,40.9707,32.0022,0.0000,0.0000,False,105.0000,0.6895,0.0000,True,16.0000,60.0000,11.5107
0.0300,30,1.0000,cb-ele,43,True,1033.0000,0.9744,0.8938,0.9679,0.6229,8.8262,5.0000,0,0,46.3236,34.6091,0.0000,0.0000,False,66.0000,0.5745,0.0000,False,15.0000,60.0000,9.7081
0.0300,30,1.0000,cb-ele,44,False,,0.9502,0.8412,0.7012,0.3534,8.8568,5.0000,0,0,46.1689,33.6687,0.0057,0.0000,False,92.0000,0.9547,,True,18.0000,60.0000,11.8679
0.0300,30,1.0000,cb-ele,45,True,1265.0000,0.9764,0.9029,0.9456,0.5206,8.5350,5.0000,0,0,47.1220,34.3690,0.0000,0.0000,False,89.0000,0.8712,0.0000,True,14.0000,60.0000,12.0875
0.0300,30,1.0000,cb-ele,46,True,1302.0000,0.9725,0.8972,0.9510,0.5159,8.3402,5.0000,0,0,46.1228,34.5518,0.0000,0.0000,False,92.0000,0.8926,0.0000,True,19.0000,60.0000,12.1803
0.0300,30,1.0000,cb-ele,47,True,1362.0000,0.9724,0.9132,0.9279,0.4986,8.3130,5.0000,0,0,41.8448,32.3195,0.0000,0.0000,False,83.0000,0.9178,0.0000,True,13.0000,60.0000,12.5696
0.0300,30,1.0000,cb-ele,48,True,1257.0000,0.9793,0.8921,0.9500,0.5271,8.9671,4.9741,0,3,63.2269,40.1819,0.1367,0.0000,False,702.0000,0.4507,0.0000,True,11.0000,60.0000,12.3616
0.0300,30,1.0000,cb-ele,49,True,1285.0000,0.9765,0.8921,0.9565,0.5113,9.4388,5.0000,0,0,47.5361,34.7883,0.0000,0.0000,False,75.0000,0.9044,0.0000,True,18.0000,60.0000,11.2134
0.0300,30,1.0000,couzin,0,True,1146.0000,0.9739,0.7128,0.9642,0.5603,10.4124,5.0000,0,0,44.0268,36.7360,0.0000,0.0000,False,,,0.0000,,,60.0000,9.1642
0.0300,30,1.0000,couzin,1,True,1135.0000,0.9763,0.7259,0.9640,0.5673,10.2919,5.0000,0,0,42.3580,36.2275,0.0000,0.0000,False,,,0.0000,,,60.0000,9.1034
0.0300,30,1.0000,couzin,2,True,1132.0000,0.9762,0.7258,0.9661,0.5687,10.4262,5.0000,0,0,42.3622,36.0408,0.0000,0.0000,False,,,15.0000,,,60.0000,11.4701
0.0300,30,1.0000,couzin,3,True,1143.0000,0.9732,0.7116,0.9647,0.5619,10.3337,5.0000,0,0,43.1177,36.4953,0.0000,0.0000,False,,,0.0000,,,60.0000,10.5332
0.0300,30,1.0000,couzin,4,True,1138.0000,0.9760,0.7206,0.9617,0.5652,10.3663,5.0000,0,0,41.6941,36.0857,0.0000,0.0000,False,,,48.0000,,,60.0000,12.3178
0.0300,30,1.0000,couzin,5,True,1162.0000,0.9783,0.7035,0.9632,0.5552,10.2884,5.0000,0,0,42.7114,36.3313,0.0000,0.0000,False,,,74.0000,,,60.0000,11.9544
0.0300,30,1.0000,couzin,6,True,1162.0000,0.9795,0.7026,0.9654,0.5561,10.2313,5.0000,0,0,44.7795,36.5386,0.0000,0.0000,False,,,11.0000,,,60.0000,8.7929
0.0300,30,1.0000,couzin,7,True,1167.0000,0.9794,0.7023,0.9572,0.5564,10.1860,5.0000,0,0,43.2960,36.3505,0.0000,0.0000,False,,,0.0000,,,60.0000,8.8946
0.0300,30,1.0000,couzin,8,True,1142.0000,0.9769,0.7211,0.9668,0.5649,10.3868,5.0000,0,0,43.9874,36.3753,0.0000,0.0000,False,,,29.0000,,,60.0000,15.5248
0.0300,30,1.0000,couzin,9,True,1136.0000,0.9827,0.7294,0.9667,0.5696,10.5574,5.0000,0,0,44.4691,36.8567,0.0000,0.0000,False,,,12.0000,,,60.0000,11.3077
0.0300,30,1.0000,couzin,10,True,1181.0000,0.9795,0.6904,0.9593,0.5477,10.2184,5.0000,0,0,43.4475,36.4020,0.0000,0.0000,False,,,14.0000,,,60.0000,4.2880
0.0300,30,1.0000,couzin,11,True,1160.0000,0.9725,0.6990,0.9627,0.5536,10.2058,5.0000,0,0,45.7253,37.2712,0.0000,0.0000,False,,,6.0000,,,60.0000,4.5570
0.0300,30,1.0000,couzin,12,True,1136.0000,0.9850,0.7326,0.9677,0.5711,10.5099,5.0000,0,0,44.2132,36.2771,0.0000,0.0000,False,,,19.0000,,,60.0000,5.2799
0.0300,30,1.0000,couzin,13,True,1135.0000,0.9805,0.7231,0.9656,0.5687,10.4537,5.0000,0,0,43.3521,36.5185,0.0000,0.0000,False,,,38.0000,,,60.0000,4.2483
0.0300,30,1.0000,couzin,14,True,1139.0000,0.9796,0.7266,0.9645,0.5700,10.5102,5.0000,0,0,43.8449,36.3176,0.0000,0.0000,False,,,18.0000,,,60.0000,6.1962
0.0300,30,1.0000,couzin,15,True,1133.0000,0.9753,0.7252,0.9640,0.5672,10.3154,5.0000,0,0,43.3461,36.5418,0.0000,0.0000,False,,,0.0000,,,60.0000,3.8045
0.0300,30,1.0000,couzin,16,True,1150.0000,0.9792,0.7117,0.9658,0.5613,10.3851,5.0000,0,0,44.1300,36.6169,0.0000,0.0000,False,,,30.0000,,,60.0000,7.6736
0.0300,30,1.0000,couzin,17,True,1138.0000,0.9732,0.7181,0.9648,0.5646,10.2003,5.0000,0,0,43.5435,36.3355,0.0000,0.0000,False,,,7.0000,,,60.0000,3.7276
0.0300,30,1.0000,couzin,18,True,1159.0000,0.9780,0.7063,0.9638,0.5572,10.2534,5.0000,0,0,42.7255,36.4301,0.0000,0.0000,False,,,0.0000,,,60.0000,3.8305
0.0300,30,1.0000,couzin,19,True,1156.0000,0.9804,0.7096,0.9666,0.5592,10.2318,5.0000,0,0,43.9632,36.8310,0.0000,0.0000,False,,,0.0000,,,60.0000,3.6630
0.0300,30,1.0000,couzin,20,True,1189.0000,0.9766,0.6807,0.9651,0.5421,9.9974,5.0000,0,0,42.9282,36.1896,0.0000,0.0000,False,,,0.0000,,,60.0000,10.7390
0.0300,30,1.0000,couzin,21,True,1135.0000,0.9728,0.7170,0.9661,0.5644,10.3896,5.0000,0,0,43.6589,36.5505,0.0000,0.0000,False,,,0.0000,,,60.0000,3.7954
0.0300,30,1.0000,couzin,22,True,1136.0000,0.9762,0.7236,0.9655,0.5666,10.2949,5.0000,0,0,42.5999,36.1152,0.0000,0.0000,False,,,0.0000,,,60.0000,4.2082
0.0300,30,1.0000,couzin,23,True,1160.0000,0.9781,0.7064,0.9645,0.5562,10.1718,5.0000,0,0,43.7466,36.9323,0.0000,0.0000,False,,,9.0000,,,60.0000,4.1768
0.0300,30,1.0000,couzin,24,True,1156.0000,0.9822,0.7159,0.9594,0.5623,10.4203,5.0000,0,0,42.8963,36.4935,0.0000,0.0000,False,,,3.0000,,,60.0000,3.9368
0.0300,30,1.0000,couzin,25,True,1164.0000,0.9748,0.7006,0.9620,0.5545,10.2542,5.0000,0,0,43.4345,36.5946,0.0000,0.0000,False,,,0.0000,,,60.0000,3.2814
0.0300,30,1.0000,couzin,26,True,1131.0000,0.9761,0.7312,0.9614,0.5697,10.5120,5.0000,0,0,43.2711,36.7654,0.0000,0.0000,False,,,12.0000,,,60.0000,3.7835
0.0300,30,1.0000,couzin,27,True,1137.0000,0.9794,0.7280,0.9674,0.5671,10.5013,5.0000,0,0,44.4679,36.7800,0.0000,0.0000,False,,,0.0000,,,60.0000,3.5255
0.0300,30,1.0000,couzin,28,True,1132.0000,0.9764,0.7270,0.9675,0.5679,10.4728,5.0000,0,0,41.9819,36.3548,0.0000,0.0000,False,,,0.0000,,,60.0000,3.5605
0.0300,30,1.0000,couzin,29,True,1220.0000,0.9760,0.6743,0.9471,0.5382,10.0348,5.0000,0,0,45.4040,36.7248,0.0000,0.0000,False,,,0.0000,,,60.0000,5.4678
0.0300,30,1.0000,couzin,30,True,1180.0000,0.9736,0.6838,0.9598,0.5447,10.2925,5.0000,0,0,43.6533,36.9660,0.0000,0.0000,False,,,0.0000,,,60.0000,3.8568
0.0300,30,1.0000,couzin,31,True,1145.0000,0.9788,0.7149,0.9639,0.5640,10.3728,5.0000,0,0,42.7290,36.3545,0.0000,0.0000,False,,,9.0000,,,60.0000,6.0116
0.0300,30,1.0000,couzin,32,True,1168.0000,0.9771,0.6966,0.9633,0.5524,10.2439,5.0000,0,0,42.2204,36.5248,0.0000,0.0000,False,,,16.0000,,,60.0000,6.0491
0.0300,30,1.0000,couzin,33,True,1164.0000,0.9779,0.7035,0.9597,0.5557,10.2573,5.0000,0,0,43.0628,36.2153,0.0000,0.0000,False,,,12.0000,,,60.0000,3.6132
0.0300,30,1.0000,couzin,34,True,1148.0000,0.9785,0.7107,0.9665,0.5607,10.2234,5.0000,0,0,43.0926,36.4918,0.0000,0.0000,False,,,0.0000,,,60.0000,3.1563
0.0300,30,1.0000,couzin,35,True,1199.0000,0.9764,0.6784,0.9552,0.5389,10.1338,5.0000,0,0,42.4337,36.2006,0.0000,0.0000,False,,,0.0000,,,60.0000,3.4810
0.0300,30,1.0000,couzin,36,True,1149.0000,0.9749,0.7070,0.9627,0.5606,10.2650,5.0000,0,0,43.2314,36.6931,0.0000,0.0000,False,,,0.0000,,,60.0000,4.0769
0.0300,30,1.0000,couzin,37,True,1247.0000,0.9756,0.6520,0.9425,0.5224,10.0940,5.0000,0,0,44.3552,37.2222,0.0000,0.0000,False,,,0.0000,,,60.0000,4.7766
0.0300,30,1.0000,couzin,38,True,1155.0000,0.9748,0.7078,0.9615,0.5593,10.3135,5.0000,0,0,46.3538,37.0298,0.0000,0.0000,False,,,11.0000,,,60.0000,6.4193
0.0300,30,1.0000,couzin,39,True,1149.0000,0.9709,0.7066,0.9632,0.5573,10.2425,5.0000,0,0,43.0451,36.7423,0.0000,0.0000,False,,,1.0000,,,60.0000,3.6546
0.0300,30,1.0000,couzin,40,True,1144.0000,0.9726,0.7166,0.9592,0.5633,10.3392,5.0000,0,0,43.4803,35.9451,0.0000,0.0000,False,,,0.0000,,,60.0000,4.7933
0.0300,30,1.0000,couzin,41,True,1147.0000,0.9822,0.7173,0.9648,0.5639,10.2573,5.0000,0,0,43.9786,36.9699,0.0000,0.0000,False,,,18.0000,,,60.0000,3.7279
0.0300,30,1.0000,couzin,42,True,1157.0000,0.9701,0.6999,0.9620,0.5528,10.2191,5.0000,0,0,44.0709,36.6803,0.0000,0.0000,False,,,0.0000,,,60.0000,3.6650
0.0300,30,1.0000,couzin,43,True,1147.0000,0.9741,0.7084,0.9646,0.5601,10.1939,5.0000,0,0,44.4520,36.6241,0.0000,0.0000,False,,,0.0000,,,60.0000,3.3433
0.0300,30,1.0000,couzin,44,True,1187.0000,0.9780,0.6906,0.9608,0.5442,10.1974,5.0000,0,0,45.2496,37.0060,0.0000,0.0000,False,,,3.0000,,,60.0000,3.4183
0.0300,30,1.0000,couzin,45,True,1163.0000,0.9764,0.6957,0.9645,0.5533,10.1350,5.0000,0,0,42.8921,36.1806,0.0000,0.0000,False,,,0.0000,,,60.0000,3.9283
0.0300,30,1.0000,couzin,46,True,1129.0000,0.9754,0.7290,0.9644,0.5702,10.4768,5.0000,0,0,42.3241,36.3430,0.0000,0.0000,False,,,18.0000,,,60.0000,5.2276
0.0300,30,1.0000,couzin,47,True,1208.0000,0.9840,0.6772,0.9519,0.5399,10.0134,5.0000,0,0,43.5898,36.5482,0.0000,0.0000,False,,,3.0000,,,60.0000,3.3447
0.0300,30,1.0000,couzin,48,True,1163.0000,0.9781,0.6985,0.9647,0.5557,10.2101,5.0000,0,0,45.6533,36.9777,0.0000,0.0000,False,,,0.0000,,,60.0000,10.0259
0.0300,30,1.0000,couzin,49,True,1149.0000,0.9723,0.7088,0.9622,0.5583,10.2911,5.0000,0,0,42.6867,36.7418,0.0000,0.0000,False,,,8.0000,,,60.0000,4.3427
0.0300,30,1.0000,pacnav,0,True,2056.0000,0.9893,0.9401,0.9692,0.3183,9.1008,5.0000,0,0,113.0776,73.9807,0.2110,0.0010,False,,,0.0000,,,60.0000,10.6786
0.0300,30,1.0000,pacnav,1,True,2051.0000,0.9903,0.9098,0.9776,0.3289,9.8762,4.9956,0,0,170.3131,80.6879,0.5975,0.0168,False,,,0.0000,,,60.0000,10.2285
0.0300,30,1.0000,pacnav,2,True,2052.0000,0.9960,0.9473,0.9810,0.3241,9.7510,5.0000,0,0,96.6607,65.6450,0.1383,0.0000,False,,,35.0000,,,60.0000,9.7312
0.0300,30,1.0000,pacnav,3,True,2101.0000,0.9870,0.9243,0.9768,0.3120,9.2724,5.0000,0,0,106.8916,67.5915,0.0676,0.0021,False,,,0.0000,,,60.0000,9.9891
0.0300,30,1.0000,pacnav,4,True,2080.0000,0.9973,0.9456,0.9788,0.3222,9.8628,4.9584,0,5,112.6832,67.9883,0.4330,0.0005,False,,,2.0000,,,60.0000,9.7092
0.0300,30,1.0000,pacnav,5,True,2073.0000,0.9975,0.9414,0.9768,0.3288,8.4937,4.9952,0,0,278.4310,132.4112,0.7821,0.0143,False,,,28.0000,,,60.0000,10.9756
0.0300,30,1.0000,pacnav,6,True,2084.0000,0.9886,0.9528,0.9828,0.3112,9.4005,5.0000,0,0,101.0091,70.0925,0.0000,0.0000,False,,,0.0000,,,60.0000,9.8510
0.0300,30,1.0000,pacnav,7,True,2059.0000,0.9852,0.9464,0.9804,0.3192,9.6260,5.0000,0,0,159.8605,84.9431,0.7393,0.0057,False,,,0.0000,,,60.0000,9.3626
0.0300,30,1.0000,pacnav,8,True,2081.0000,0.9980,0.9365,0.9743,0.3289,8.8525,4.7314,0,15,176.6419,101.9903,0.7402,0.0001,False,,,60.0000,,,60.0000,10.0257
0.0300,30,1.0000,pacnav,9,True,2078.0000,0.9957,0.9373,0.9679,0.3231,9.0399,4.9828,0,4,170.1729,96.1407,0.4959,0.0082,False,,,0.0000,,,60.0000,8.8029
0.0300,30,1.0000,pacnav,10,True,2121.0000,0.9948,0.9309,0.9745,0.3116,8.9704,5.0000,0,0,158.9684,95.5824,0.4840,0.0003,False,,,0.0000,,,60.0000,4.1424
0.0300,30,1.0000,pacnav,11,True,2049.0000,0.9913,0.9475,0.9722,0.3219,9.5253,5.0000,0,0,104.4707,68.6877,0.0083,0.0002,False,,,27.0000,,,60.0000,4.5173
0.0300,30,1.0000,pacnav,12,True,2040.0000,0.9953,0.9311,0.9694,0.3254,8.0755,5.0000,0,0,218.8337,161.4119,0.8334,0.0085,False,,,0.0000,,,60.0000,4.1704
0.0300,30,1.0000,pacnav,13,True,2071.0000,0.9928,0.9355,0.9680,0.3168,9.4936,5.0000,0,0,123.1398,78.4222,0.4759,0.0020,False,,,0.0000,,,60.0000,3.9716
0.0300,30,1.0000,pacnav,14,True,2053.0000,0.9992,0.8996,0.9782,0.3281,9.3534,4.9987,0,0,93.2565,61.7050,0.2760,0.0000,False,,,9.0000,,,60.0000,4.1524
0.0300,30,1.0000,pacnav,15,True,2053.0000,0.9906,0.9457,0.9605,0.3311,9.4613,4.8458,0,13,106.8939,70.0305,0.1529,0.0014,False,,,0.0000,,,60.0000,3.9630
0.0300,30,1.0000,pacnav,16,True,2047.0000,0.9939,0.9425,0.9660,0.3323,9.8869,4.9999,0,0,109.8985,76.2959,0.1958,0.0017,False,,,81.0000,,,60.0000,6.6001
0.0300,30,1.0000,pacnav,17,True,2049.0000,0.9886,0.9590,0.9859,0.3193,9.5666,5.0000,0,0,103.5254,75.2256,0.1376,0.0002,False,,,0.0000,,,60.0000,4.1645
0.0300,30,1.0000,pacnav,18,True,2029.0000,0.9923,0.9158,0.9806,0.3211,7.4440,5.0000,0,0,270.0073,133.2494,0.7966,0.0159,False,,,0.0000,,,60.0000,4.1055
0.0300,30,1.0000,pacnav,19,True,2018.0000,0.9927,0.9431,0.9713,0.3228,9.4187,5.0000,0,0,99.5855,72.8883,0.3200,0.0000,False,,,0.0000,,,60.0000,7.3614
0.0300,30,1.0000,pacnav,20,True,2062.0000,0.9826,0.8659,0.9798,0.3132,9.2993,5.0000,0,0,90.9688,64.7657,0.0848,0.0000,False,,,0.0000,,,60.0000,8.8359
0.0300,30,1.0000,pacnav,21,True,2014.0000,0.9940,0.9540,0.9819,0.3233,9.5621,5.0000,0,0,112.7299,78.0741,0.2734,0.0001,False,,,0.0000,,,60.0000,4.1422
0.0300,30,1.0000,pacnav,22,True,2104.0000,0.9984,0.9561,0.9787,0.3122,9.4905,5.0000,0,0,102.1568,70.2427,0.0865,0.0002,False,,,7.0000,,,60.0000,6.9409
0.0300,30,1.0000,pacnav,23,True,2042.0000,0.9982,0.9311,0.9783,0.3263,9.4826,4.9932,0,0,101.9001,71.6775,0.1194,0.0000,False,,,9.0000,,,60.0000,4.1548
0.0300,30,1.0000,pacnav,24,True,2067.0000,0.9915,0.9572,0.9772,0.3199,9.8749,4.9818,0,4,94.1477,67.4665,0.0068,0.0000,False,,,0.0000,,,60.0000,8.0462
0.0300,30,1.0000,pacnav,25,True,2090.0000,0.9847,0.8945,0.9763,0.3100,9.5678,5.0000,0,0,83.0694,60.1939,0.0067,0.0000,False,,,0.0000,,,60.0000,8.7215
0.0300,30,1.0000,pacnav,26,True,2048.0000,0.9955,0.9108,0.9671,0.3329,8.9466,4.9846,0,4,249.6636,119.6812,0.7535,0.0007,False,,,11.0000,,,60.0000,7.5629
0.0300,30,1.0000,pacnav,27,True,2082.0000,0.9930,0.9684,0.9862,0.3121,9.8562,5.0000,0,0,85.8605,63.0089,0.0096,0.0000,False,,,0.0000,,,60.0000,4.1207
0.0300,30,1.0000,pacnav,28,True,2081.0000,0.9915,0.9147,0.9770,0.3135,9.0041,5.0000,0,0,137.1381,81.1218,0.4404,0.0006,False,,,0.0000,,,60.0000,3.8842
0.0300,30,1.0000,pacnav,29,True,1991.0000,0.9871,0.9563,0.9795,0.3254,9.8160,5.0000,0,0,106.2747,69.1540,0.1616,0.0000,False,,,0.0000,,,60.0000,3.8135
0.0300,30,1.0000,pacnav,30,True,2033.0000,0.9823,0.9444,0.9787,0.3190,9.7393,5.0000,0,0,126.8239,77.8708,0.6450,0.0000,False,,,0.0000,,,60.0000,8.4755
0.0300,30,1.0000,pacnav,31,True,2072.0000,0.9920,0.9216,0.9725,0.3206,9.5385,4.9995,0,0,95.4770,65.0754,0.0651,0.0000,False,,,0.0000,,,60.0000,4.2467
0.0300,30,1.0000,pacnav,32,True,1903.0000,0.9888,0.9525,0.9793,0.3473,9.6587,5.0000,0,0,84.3248,61.7769,0.0037,0.0001,False,,,0.0000,,,60.0000,4.4290
0.0300,30,1.0000,pacnav,33,True,2067.0000,0.9899,0.9344,0.9804,0.3143,9.8020,5.0000,0,0,137.1409,83.5922,0.5779,0.0000,False,,,0.0000,,,60.0000,4.0574
0.0300,30,1.0000,pacnav,34,True,1991.0000,0.9852,0.9246,0.9764,0.3260,9.0481,5.0000,0,0,103.5124,74.1424,0.1094,0.0006,False,,,0.0000,,,60.0000,4.2717
0.0300,30,1.0000,pacnav,35,True,2007.0000,0.9823,0.9321,0.9726,0.3235,9.3290,5.0000,0,0,103.8112,71.6936,0.1708,0.0000,False,,,0.0000,,,60.0000,7.9889
0.0300,30,1.0000,pacnav,36,True,2097.0000,0.9883,0.8811,0.9777,0.3099,9.4509,5.0000,0,0,99.5022,70.4836,0.3570,0.0000,False,,,0.0000,,,60.0000,9.1472
0.0300,30,1.0000,pacnav,37,True,2081.0000,0.9943,0.9352,0.9750,0.3184,8.1763,5.0000,0,0,268.8002,128.5014,0.9039,0.0003,False,,,0.0000,,,60.0000,4.2907
0.0300,30,1.0000,pacnav,38,True,2023.0000,0.9876,0.9404,0.9651,0.3236,9.4940,5.0000,0,0,105.6667,73.0448,0.2604,0.0014,False,,,0.0000,,,60.0000,4.1423
0.0300,30,1.0000,pacnav,39,True,2027.0000,0.9880,0.9641,0.9790,0.3195,9.4883,5.0000,0,0,108.4314,80.6303,0.2318,0.0000,False,,,0.0000,,,60.0000,7.1554
0.0300,30,1.0000,pacnav,40,True,2038.0000,0.9891,0.9416,0.9790,0.3217,9.5701,4.9563,0,5,110.7525,71.6123,0.1677,0.0015,False,,,0.0000,,,60.0000,7.8211
0.0300,30,1.0000,pacnav,41,True,2048.0000,0.9977,0.9583,0.9789,0.3220,9.7519,5.0000,0,0,92.8571,68.0828,0.1113,0.0000,False,,,42.0000,,,60.0000,4.0623
0.0300,30,1.0000,pacnav,42,True,2105.0000,0.9890,0.9257,0.9709,0.3088,9.7246,5.0000,0,0,108.0869,70.6163,0.3120,0.0001,False,,,0.0000,,,60.0000,4.1487
0.0300,30,1.0000,pacnav,43,True,2001.0000,0.9845,0.9188,0.9802,0.3233,9.5072,5.0000,0,0,97.1305,69.0473,0.1034,0.0008,False,,,0.0000,,,60.0000,8.6125
0.0300,30,1.0000,pacnav,44,True,2029.0000,0.9882,0.9620,0.9825,0.3198,9.2200,5.0000,0,0,90.1057,65.2352,0.1916,0.0003,False,,,0.0000,,,60.0000,4.2610
0.0300,30,1.0000,pacnav,45,True,2080.0000,0.9833,0.9327,0.9786,0.3113,9.3637,5.0000,0,0,97.9570,75.4495,0.1336,0.0000,False,,,0.0000,,,60.0000,7.7800
0.0300,30,1.0000,pacnav,46,True,2080.0000,0.9930,0.9473,0.9552,0.3268,9.2203,4.9925,0,0,103.7936,67.3267,0.1821,0.0000,False,,,0.0000,,,60.0000,3.9494
0.0300,30,1.0000,pacnav,47,True,2057.0000,0.9939,0.9574,0.9808,0.3260,9.3850,5.0000,0,0,123.5423,78.4496,0.2464,0.0002,False,,,0.0000,,,60.0000,4.1548
0.0300,30,1.0000,pacnav,48,True,2082.0000,0.9865,0.9195,0.9680,0.3138,9.6278,4.9982,0,0,98.8186,68.8055,0.0687,0.0016,False,,,0.0000,,,60.0000,8.5184
0.0300,30,1.0000,pacnav,49,True,2069.0000,0.9887,0.9419,0.9823,0.3130,9.7610,5.0000,0,0,106.6348,72.8384,0.0188,0.0006,False,,,0.0000,,,60.0000,4.1355
0.0300,30,1.0000,petracek,0,True,651.0000,0.9761,0.9659,0.9930,0.9789,5.3859,5.0000,0,0,61.2048,45.6711,0.0000,0.0000,False,,,0.0000,,,60.0000,27.1542
0.0300,30,1.0000,petracek,1,True,658.0000,0.9807,0.9531,0.9931,0.9738,5.2461,5.0000,0,0,56.4705,45.1446,0.0000,0.0000,False,,,0.0000,,,60.0000,26.9512
0.0300,30,1.0000,petracek,2,True,655.0000,0.9798,0.9596,0.9947,0.9779,5.5784,5.0000,0,0,63.3409,46.0335,0.0000,0.0000,False,,,0.0000,,,60.0000,24.1518
0.0300,30,1.0000,petracek,3,True,653.0000,0.9758,0.9674,0.9946,0.9769,5.0450,5.0000,0,0,59.6132,44.2890,0.0000,0.0000,False,,,0.0000,,,60.0000,27.0443
0.0300,30,1.0000,petracek,4,True,655.0000,0.9790,0.9624,0.9937,0.9748,5.4433,5.0000,0,0,63.0315,45.9153,0.0000,0.0000,False,,,0.0000,,,60.0000,27.9067
0.0300,30,1.0000,petracek,5,True,653.0000,0.9782,0.9572,0.9960,0.9782,5.3103,5.0000,0,0,59.8593,45.8762,0.0000,0.0000,False,,,0.0000,,,60.0000,26.6027
0.0300,30,1.0000,petracek,6,True,651.0000,0.9752,0.9680,0.9959,0.9789,5.9919,5.0000,0,0,75.7774,50.9742,0.0000,0.0000,False,,,0.0000,,,60.0000,26.1395
0.0300,30,1.0000,petracek,7,True,652.0000,0.9760,0.9656,0.9947,0.9774,5.8780,5.0000,0,0,72.1092,48.8353,0.0000,0.0000,False,,,0.0000,,,60.0000,27.9623
0.0300,30,1.0000,petracek,8,True,654.0000,0.9779,0.9666,0.9961,0.9778,5.6632,5.0000,0,0,71.2342,49.2740,0.0000,0.0000,False,,,0.0000,,,60.0000,23.4063
0.0300,30,1.0000,petracek,9,True,647.0000,0.9760,0.9726,0.9964,0.9827,5.2169,5.0000,0,0,72.6798,49.3315,0.0000,0.0000,False,,,0.0000,,,60.0000,25.9371
0.0300,30,1.0000,petracek,10,True,654.0000,0.9793,0.9650,0.9956,0.9772,5.8813,5.0000,0,0,60.1837,45.3830,0.0000,0.0000,False,,,0.0000,,,60.0000,12.9466
0.0300,30,1.0000,petracek,11,True,653.0000,0.9763,0.9704,0.9924,0.9773,5.0458,5.0000,0,0,56.3927,42.7983,0.0000,0.0000,False,,,0.0000,,,60.0000,13.7734
0.0300,30,1.0000,petracek,12,True,648.0000,0.9740,0.9718,0.9956,0.9822,6.0144,5.0000,0,0,64.7158,47.1987,0.0000,0.0000,False,,,0.0000,,,60.0000,10.4623
0.0300,30,1.0000,petracek,13,True,655.0000,0.9833,0.9698,0.9915,0.9800,5.6451,5.0000,0,0,73.7053,48.3655,0.0000,0.0000,False,,,0.0000,,,60.0000,11.8385
0.0300,30,1.0000,petracek,14,True,661.0000,0.9863,0.9592,0.9966,0.9744,6.1707,5.0000,0,0,69.0988,49.0408,0.0000,0.0000,False,,,0.0000,,,60.0000,11.6731
0.0300,30,1.0000,petracek,15,True,649.0000,0.9779,0.9726,0.9924,0.9837,5.7535,5.0000,0,0,71.9902,48.8370,0.0000,0.0000,False,,,0.0000,,,60.0000,12.9371
0.0300,30,1.0000,petracek,16,True,648.0000,0.9787,0.9751,0.9965,0.9864,5.7063,5.0000,0,0,71.8380,49.3294,0.0000,0.0000,False,,,0.0000,,,60.0000,12.3123
0.0300,30,1.0000,petracek,17,True,653.0000,0.9767,0.9657,0.9950,0.9782,5.4077,5.0000,0,0,64.3007,45.9858,0.0000,0.0000,False,,,0.0000,,,60.0000,12.7923
0.0300,30,1.0000,petracek,18,True,651.0000,0.9769,0.9658,0.9952,0.9797,5.2560,5.0000,0,0,60.6740,45.7790,0.0000,0.0000,False,,,0.0000,,,60.0000,4.8211
0.0300,30,1.0000,petracek,19,True,662.0000,0.9842,0.9567,0.9936,0.9711,5.6977,5.0000,0,0,61.8570,45.5096,0.0000,0.0000,False,,,0.0000,,,60.0000,13.1722
0.0300,30,1.0000,petracek,20,True,656.0000,0.9773,0.9616,0.9959,0.9749,5.5053,5.0000,0,0,62.4344,46.2694,0.0000,0.0000,False,,,0.0000,,,60.0000,12.4668
0.0300,30,1.0000,petracek,21,True,651.0000,0.9761,0.9610,0.9945,0.9795,5.5205,5.0000,0,0,63.3710,46.6915,0.0000,0.0000,False,,,0.0000,,,60.0000,12.0144
0.0300,30,1.0000,petracek,22,True,646.0000,0.9754,0.9776,0.9981,0.9864,5.8491,5.0000,0,0,74.5197,48.0689,0.0000,0.0000,False,,,0.0000,,,60.0000,12.6229
0.0300,30,1.0000,petracek,23,True,646.0000,0.9754,0.9783,0.9968,0.9864,5.9149,5.0000,0,0,69.8164,47.8076,0.0000,0.0000,False,,,0.0000,,,60.0000,12.7598
0.0300,30,1.0000,petracek,24,True,659.0000,0.9822,0.9606,0.9916,0.9746,5.3463,5.0000,0,0,60.4342,45.8758,0.0000,0.0000,False,,,0.0000,,,60.0000,8.9220
0.0300,30,1.0000,petracek,25,True,654.0000,0.9769,0.9614,0.9959,0.9769,5.4940,5.0000,0,0,68.8111,48.4055,0.0000,0.0000,False,,,0.0000,,,60.0000,12.5377
0.0300,30,1.0000,petracek,26,True,653.0000,0.9806,0.9676,0.9940,0.9805,5.6196,5.0000,0,0,69.6738,49.0978,0.0000,0.0000,False,,,0.0000,,,60.0000,11.9841
0.0300,30,1.0000,petracek,27,True,648.0000,0.9720,0.9650,0.9938,0.9799,5.6534,5.0000,0,0,64.8953,48.0986,0.0000,0.0000,False,,,0.0000,,,60.0000,11.6940
0.0300,30,1.0000,petracek,28,True,654.0000,0.9784,0.9652,0.9932,0.9773,5.4500,5.0000,0,0,66.7267,47.0597,0.0000,0.0000,False,,,0.0000,,,60.0000,9.9902
0.0300,30,1.0000,petracek,29,True,653.0000,0.9757,0.9644,0.9941,0.9765,6.0239,5.0000,0,0,71.0015,49.7722,0.0000,0.0000,False,,,0.0000,,,60.0000,13.0057
0.0300,30,1.0000,petracek,30,True,656.0000,0.9765,0.9595,0.9952,0.9723,5.1860,5.0000,0,0,56.9398,43.9831,0.0000,0.0000,False,,,0.0000,,,60.0000,4.0182
0.0300,30,1.0000,petracek,31,True,657.0000,0.9783,0.9537,0.9941,0.9725,5.6404,5.0000,0,0,58.6809,45.8799,0.0000,0.0000,False,,,0.0000,,,60.0000,12.5246
0.0300,30,1.0000,petracek,32,True,648.0000,0.9737,0.9739,0.9951,0.9818,5.7397,5.0000,0,0,74.7934,47.0850,0.0000,0.0000,False,,,0.0000,,,60.0000,10.6731
0.0300,30,1.0000,petracek,33,True,648.0000,0.9720,0.9684,0.9951,0.9812,6.1021,5.0000,0,0,67.0866,45.7538,0.0000,0.0000,False,,,0.0000,,,60.0000,13.0683
0.0300,30,1.0000,petracek,34,True,647.0000,0.9740,0.9668,0.9963,0.9819,5.7820,5.0000,0,0,74.7089,48.9809,0.0000,0.0000,False,,,0.0000,,,60.0000,12.4782
0.0300,30,1.0000,petracek,35,True,650.0000,0.9757,0.9725,0.9907,0.9823,5.6484,5.0000,0,0,71.9841,48.7091,0.0000,0.0000,False,,,0.0000,,,60.0000,11.7700
0.0300,30,1.0000,petracek,36,True,657.0000,0.9786,0.9541,0.9948,0.9741,5.2912,5.0000,0,0,66.7516,47.9172,0.0000,0.0000,False,,,0.0000,,,60.0000,12.6689
0.0300,30,1.0000,petracek,37,True,670.0000,0.9845,0.9426,0.9925,0.9616,5.2153,5.0000,0,0,60.0071,45.3783,0.0000,0.0000,False,,,0.0000,,,60.0000,11.4332
0.0300,30,1.0000,petracek,38,True,655.0000,0.9774,0.9631,0.9871,0.9772,5.2805,5.0000,0,0,71.3294,47.7415,0.0000,0.0000,False,,,0.0000,,,60.0000,12.7529
0.0300,30,1.0000,petracek,39,True,649.0000,0.9745,0.9699,0.9941,0.9809,5.3979,5.0000,0,0,75.7889,50.1855,0.0000,0.0000,False,,,0.0000,,,60.0000,10.3856
0.0300,30,1.0000,petracek,40,True,654.0000,0.9794,0.9698,0.9897,0.9805,5.2073,5.0000,0,0,61.8141,44.4105,0.0000,0.0000,False,,,0.0000,,,60.0000,13.4629
0.0300,30,1.0000,petracek,41,True,641.0000,0.9719,0.9798,0.9963,0.9889,5.5092,5.0000,0,0,74.2939,48.4376,0.0000,0.0000,False,,,0.0000,,,60.0000,13.2296
0.0300,30,1.0000,petracek,42,True,649.0000,0.9738,0.9719,0.9908,0.9807,6.7250,5.0000,0,0,70.5361,47.1497,0.0000,0.0000,False,,,0.0000,,,60.0000,12.5397
0.0300,30,1.0000,petracek,43,True,655.0000,0.9753,0.9556,0.9891,0.9749,5.5425,5.0000,0,0,64.8814,46.7098,0.0000,0.0000,False,,,0.0000,,,60.0000,13.6150
0.0300,30,1.0000,petracek,44,True,648.0000,0.9753,0.9736,0.9967,0.9826,6.4255,5.0000,0,0,69.3418,45.6102,0.0000,0.0000,False,,,0.0000,,,60.0000,11.3146
0.0300,30,1.0000,petracek,45,True,647.0000,0.9719,0.9719,0.9933,0.9811,5.2703,5.0000,0,0,60.8913,45.8600,0.0000,0.0000,False,,,0.0000,,,60.0000,12.8919
0.0300,30,1.0000,petracek,46,True,659.0000,0.9829,0.9587,0.9886,0.9767,5.6866,5.0000,0,0,69.9326,47.1042,0.0000,0.0000,False,,,0.0000,,,60.0000,12.6094
0.0300,30,1.0000,petracek,47,True,656.0000,0.9811,0.9586,0.9962,0.9753,5.2756,5.0000,0,0,65.6716,47.4943,0.0000,0.0000,False,,,0.0000,,,60.0000,8.7634
0.0300,30,1.0000,petracek,48,True,652.0000,0.9731,0.9564,0.9924,0.9756,5.3560,5.0000,0,0,62.6711,47.0559,0.0000,0.0000,False,,,0.0000,,,60.0000,11.9191
0.0300,30,1.0000,petracek,49,True,645.0000,0.9735,0.9744,0.9974,0.9852,6.0905,5.0000,0,0,72.4365,50.5625,0.0000,0.0000,False,,,0.0000,,,60.0000,12.3791
0.0500,30,0.3000,cb-ele,0,True,1395.0000,0.9732,0.8684,0.9423,0.4677,8.8013,5.0000,0,0,43.9122,34.1451,0.0000,0.0000,False,89.0000,0.9112,0.0000,True,17.0000,60.0000,25.6162
0.0500,30,0.3000,cb-ele,1,False,,0.9677,0.6421,0.6876,0.3472,9.7522,5.0000,0,0,66.6800,45.5207,0.2223,0.0000,True,66.0000,0.9577,,True,11.0000,60.0000,25.2374
0.0500,30,0.3000,cb-ele,2,True,1508.0000,0.9913,0.8661,0.9090,0.4663,8.4384,5.0000,0,0,53.9008,38.3015,0.0000,0.0000,False,79.0000,0.9251,0.0000,True,10.0000,60.0000,26.6047
0.0500,30,0.3000,cb-ele,3,False,1527.0000,0.9557,0.8394,0.8860,0.4598,9.2365,0.0000,66,69,44.1774,35.1935,0.0000,0.0000,False,92.0000,0.9202,151.0000,True,17.0000,60.0000,26.6827
0.0500,30,0.3000,cb-ele,4,True,1310.0000,0.9816,0.9084,0.9392,0.5113,8.2262,5.0000,0,0,43.9077,31.8693,0.0000,0.0000,False,165.0000,0.8574,0.0000,True,12.0000,60.0000,27.2801
0.0500,30,0.3000,cb-ele,5,False,,0.9860,0.7728,0.6975,0.3428,9.5222,5.0000,0,0,49.8496,37.1099,0.0110,0.0000,False,85.0000,0.9603,,True,17.0000,60.0000,25.9086
0.0500,30,0.3000,cb-ele,6,True,1379.0000,0.9839,0.8748,0.9147,0.4953,9.1826,5.0000,0,0,53.8257,40.4180,0.0000,0.0000,False,669.0000,0.5167,0.0000,True,14.0000,60.0000,27.4591
0.0500,30,0.3000,cb-ele,7,False,1209.0000,0.9588,0.8148,0.8377,0.6018,8.8382,0.0000,78,87,79.6154,47.2732,0.0000,0.0000,False,89.0000,0.5107,232.0000,True,19.0000,60.0000,26.8359
0.0500,30,0.3000,cb-ele,8,True,1334.0000,0.9863,0.8989,0.9463,0.5046,8.2617,5.0000,0,0,42.9063,31.4788,0.0000,0.0000,False,357.0000,0.7116,0.0000,True,13.0000,60.0000,27.1639
0.0500,30,0.3000,cb-ele,9,True,1344.0000,0.9795,0.8828,0.9380,0.4964,8.5722,5.0000,0,0,40.1619,31.3746,0.0000,0.0000,False,78.0000,0.9182,0.0000,True,15.0000,60.0000,26.7224
0.0500,30,0.3000,cb-ele,10,True,1294.0000,0.9729,0.8796,0.9518,0.5052,8.0443,5.0000,0,0,63.3019,36.2526,0.1714,0.0000,False,57.0000,0.4656,0.0000,True,14.0000,60.0000,11.9835
0.0500,30,0.3000,cb-ele,11,True,1523.0000,0.9699,0.8626,0.9456,0.4284,9.2465,5.0000,0,0,74.5193,39.9494,0.1962,0.0000,False,86.0000,0.8622,0.0000,True,17.0000,60.0000,12.2835
0.0500,30,0.3000,cb-ele,12,True,1251.0000,0.9895,0.8048,0.8795,0.6193,9.0762,5.0000,0,0,125.6902,62.9387,0.5232,0.0000,False,1332.0000,0.0176,0.0000,True,17.0000,60.0000,11.2478
0.0500,30,0.3000,cb-ele,13,True,1343.0000,0.9851,0.8722,0.9469,0.4900,9.2684,5.0000,0,0,46.0805,36.3493,0.0000,0.0000,False,116.0000,0.8906,0.0000,True,17.0000,60.0000,11.9361
0.0500,30,0.3000,cb-ele,14,True,1359.0000,0.9704,0.8752,0.9524,0.4825,9.4202,5.0000,0,0,40.7506,34.4060,0.0000,0.0000,False,104.0000,0.8956,0.0000,False,21.0000,60.0000,11.5920
0.0500,30,0.3000,cb-ele,15,True,1355.0000,0.9762,0.9111,0.9456,0.4833,8.1755,5.0000,0,0,43.4632,31.7902,0.0000,0.0000,False,83.0000,0.9130,0.0000,True,11.0000,60.0000,11.1098
0.0500,30,0.3000,cb-ele,16,True,1331.0000,0.9781,0.9073,0.9557,0.4933,8.2395,5.0000,0,0,41.0694,32.3836,0.0000,0.0000,False,126.0000,0.8686,0.0000,True,9.0000,60.0000,12.3899
0.0500,30,0.3000,cb-ele,17,False,,0.9293,0.8362,0.6827,0.3762,8.4248,5.0000,0,0,53.8785,34.8917,0.0033,0.0000,True,48.0000,0.7673,,True,15.0000,60.0000,12.4767
0.0500,30,0.3000,cb-ele,18,False,,0.9662,0.5967,0.6969,0.3959,9.6556,5.0000,0,0,227.4978,169.1313,0.4797,0.0000,True,75.0000,0.9647,,True,16.0000,60.0000,11.8253
0.0500,30,0.3000,cb-ele,19,False,,0.9251,0.6676,0.6661,0.3530,10.1640,5.0000,0,0,153.2848,98.4847,0.5750,0.0000,False,1019.0000,0.6643,,True,9.0000,60.0000,11.5324
0.0500,30,0.3000,cb-ele,20,True,1467.0000,0.9871,0.8246,0.9342,0.4539,9.5779,5.0000,0,0,108.0257,49.2850,0.4837,0.0000,False,,0.0027,0.0000,False,8.0000,60.0000,12.4134
0.0500,30,0.3000,cb-ele,21,True,1288.0000,0.9781,0.8738,0.9249,0.5327,9.6407,5.0000,0,0,66.2330,46.7716,0.0543,0.0000,False,51.0000,0.6067,0.0000,True,14.0000,60.0000,12.0660
0.0500,30,0.3000,cb-ele,22,True,1401.0000,0.9729,0.8491,0.8904,0.5121,8.7032,5.0000,0,0,62.2994,40.4399,0.0000,0.0000,False,86.0000,0.9094,0.0000,True,17.0000,60.0000,12.2840
0.0500,30,0.3000,cb-ele,23,True,1378.0000,0.9809,0.8410,0.9340,0.4889,8.6885,5.0000,0,0,66.9370,41.0126,0.2045,0.0000,False,93.0000,0.8876,0.0000,True,12.0000,60.0000,10.6677
0.0500,30,0.3000,cb-ele,24,True,1413.0000,0.9743,0.8821,0.9057,0.4955,8.1279,5.0000,0,0,39.5572,31.9636,0.0000,0.0000,False,85.0000,0.9173,0.0000,True,14.0000,60.0000,11.7108
0.0500,30,0.3000,cb-ele,25,False,,0.9144,0.5659,0.6661,0.3686,9.1533,5.0000,0,0,217.9461,119.4813,0.4220,0.0000,True,79.0000,0.9523,,True,12.0000,60.0000,11.5408
0.0500,30,0.3000,cb-ele,26,True,1289.0000,0.9728,0.8990,0.9658,0.4979,8.8826,5.0000,0,0,40.5528,32.0477,0.0000,0.0000,False,50.0000,0.9403,0.0000,True,14.0000,60.0000,10.8750
0.0500,30,0.3000,cb-ele,27,True,1306.0000,0.9927,0.8346,0.9140,0.5338,9.3189,5.0000,0,0,68.2123,44.4644,0.0643,0.0000,False,71.0000,0.9220,0.0000,True,18.0000,60.0000,11.5767
0.0500,30,0.3000,cb-ele,28,False,,0.9248,0.6289,0.6792,0.3190,9.1779,5.0000,0,0,161.1187,95.1165,0.9393,0.0000,True,134.0000,0.7623,,True,22.0000,60.0000,11.9724
0.0500,30,0.3000,cb-ele,29,True,1300.0000,0.9727,0.9021,0.9459,0.5124,7.8935,5.0000,0,0,41.0199,30.3260,0.0000,0.0000,False,52.0000,0.8747,0.0000,True,12.0000,60.0000,11.8491
0.0500,30,0.3000,cb-ele,30,True,1393.0000,0.9813,0.8947,0.9280,0.4852,8.2333,5.0000,0,0,44.4581,33.0780,0.0000,0.0000,False,90.0000,0.9096,0.0000,True,14.0000,60.0000,12.3195
0.0500,30,0.3000,cb-ele,31,False,,0.9546,0.5403,0.6477,0.4183,9.8578,5.0000,0,0,88.4405,64.9293,0.4900,0.0000,True,667.0000,0.7820,,True,10.0000,60.0000,12.7179
0.0500,30,0.3000,cb-ele,32,False,,0.9431,0.8271,0.6795,0.3911,8.1171,5.0000,0,0,49.6835,32.0561,0.0000,0.0000,False,80.0000,0.9567,,True,18.0000,60.0000,13.8294
0.0500,30,0.3000,cb-ele,33,True,1464.0000,0.9673,0.8680,0.9153,0.4608,8.7002,5.0000,0,0,39.3041,32.3976,0.0000,0.0000,False,65.0000,0.9433,0.0000,True,18.0000,60.0000,12.4821
0.0500,30,0.3000,cb-ele,34,True,1403.0000,0.9867,0.8157,0.9166,0.4945,9.0378,5.0000,0,0,60.9403,39.5342,0.0584,0.0000,False,71.0000,0.7407,0.0000,True,20.0000,60.0000,12.4047
0.0500,30,0.3000,cb-ele,35,True,1813.0000,0.9784,0.8006,0.8295,0.4209,9.1655,5.0000,0,0,46.5434,36.7404,0.0000,0.0000,False,79.0000,0.9443,0.0000,True,15.0000,60.0000,11.2855
0.0500,30,0.3000,cb-ele,36,False,,0.5960,0.6160,0.4678,0.3158,10.2692,5.0000,0,0,173.6626,122.8952,0.5327,0.0000,True,102.0000,0.9573,,True,12.0000,60.0000,12.5925
0.0500,30,0.3000,cb-ele,37,True,1234.0000,0.9796,0.8405,0.9120,0.5628,8.8067,5.0000,0,0,77.5078,45.7261,0.3263,0.0000,False,51.0000,0.4510,64.0000,False,15.0000,60.0000,11.3830
0.0500,30,0.3000,cb-ele,38,True,1380.0000,0.9793,0.8740,0.9464,0.4759,8.7915,5.0000,0,0,53.1100,38.9406,0.0000,0.0000,False,123.0000,0.8407,0.0000,True,14.0000,60.0000,12.0796
0.0500,30,0.3000,cb-ele,39,False,,0.9446,0.6681,0.6865,0.3197,9.1899,5.0000,0,0,105.8400,57.9338,0.4143,0.0000,False,,0.0033,,False,11.0000,60.0000,11.8532
0.0500,30,0.3000,cb-ele,40,False,,0.9292,0.8250,0.6850,0.3683,8.4548,5.0000,0,0,44.2118,33.1228,0.0000,0.0000,False,44.0000,0.9797,,True,13.0000,60.0000,12.7432
0.0500,30,0.3000,cb-ele,41,True,1351.0000,0.9732,0.8975,0.9438,0.4812,8.7652,5.0000,0,0,45.4860,34.3771,0.0000,0.0000,False,70.0000,0.9327,0.0000,True,13.0000,60.0000,11.4930
0.0500,30,0.3000,cb-ele,42,True,1442.0000,0.9837,0.8467,0.9075,0.4726,9.2449,5.0000,0,0,48.3758,36.5422,0.0000,0.0000,False,90.0000,0.9037,0.0000,True,17.0000,60.0000,11.7448
0.0500,30,0.3000,cb-ele,43,True,1288.0000,0.9693,0.8980,0.9481,0.5115,8.0461,5.0000,0,0,43.2851,31.7720,0.0000,0.0000,False,73.0000,0.9294,0.0000,True,13.0000,60.0000,12.4041
0.0500,30,0.3000,cb-ele,44,True,1252.0000,0.9677,0.9158,0.9567,0.5165,8.1218,5.0000,0,0,41.4577,31.0971,0.0000,0.0000,False,76.0000,0.9090,0.0000,True,15.0000,60.0000,10.4745
0.0500,30,0.3000,cb-ele,45,True,1315.0000,0.9713,0.9259,0.9351,0.5035,7.9435,5.0000,0,0,36.2717,29.4142,0.0000,0.0000,False,54.0000,0.8526,0.0000,True,14.0000,60.0000,12.2583
0.0500,30,0.3000,cb-ele,46,False,,0.9635,0.6728,0.6894,0.3318,9.2545,5.0000,0,0,67.8574,44.9612,0.0410,0.0000,False,110.0000,0.9390,,True,15.0000,60.0000,11.5384
0.0500,30,0.3000,cb-ele,47,False,,0.9734,0.8330,0.6852,0.3509,9.4899,5.0000,0,0,48.0373,33.9762,0.0000,0.0000,False,70.0000,0.9713,,True,12.0000,60.0000,12.5984
0.0500,30,0.3000,cb-ele,48,True,1299.0000,0.9860,0.8882,0.9221,0.5424,8.4044,4.7809,0,11,51.1135,35.4155,0.0000,0.0000,False,105.0000,0.9077,838.0000,True,29.0000,60.0000,11.1719
0.0500,30,0.3000,cb-ele,49,True,1365.0000,0.9963,0.8861,0.9340,0.4949,8.7679,5.0000,0,0,42.7231,33.0032,0.0000,0.0000,False,91.0000,0.8917,0.0000,True,17.0000,60.0000,11.5400
0.0500,30,0.3000,couzin,0,False,,0.9545,0.3282,0.6741,0.3559,8.7634,0.0000,462,688,73.3268,48.1680,0.3183,0.0000,True,,,,,,60.0000,8.7819
0.0500,30,0.3000,couzin,1,True,1304.0000,0.9904,0.6027,0.9290,0.5170,9.9765,5.0000,0,0,59.8543,44.9665,0.0000,0.0000,False,,,113.0000,,,60.0000,8.8082
0.0500,30,0.3000,couzin,2,False,1664.0000,0.9728,0.4660,0.8362,0.4481,9.4024,0.0000,18,36,58.3793,43.8327,0.0150,0.0005,True,,,689.0000,,,60.0000,10.4922
0.0500,30,0.3000,couzin,3,False,,0.9652,0.3478,0.6726,0.3731,8.8744,0.0000,90,242,74.6607,52.9967,0.4473,0.0170,True,,,,,,60.0000,9.4370
0.0500,30,0.3000,couzin,4,False,,0.9388,0.3427,0.6702,0.3725,9.0196,0.0000,258,420,80.0021,59.3147,0.5007,0.0167,True,,,,,,60.0000,9.4133
0.0500,30,0.3000,couzin,5,False,,0.9683,0.3568,0.6675,0.3834,8.2594,0.0000,295,496,77.0366,54.5264,0.4277,0.0122,True,,,,,,60.0000,8.7395
0.0500,30,0.3000,couzin,6,False,,0.9913,0.3512,0.6563,0.3877,8.4819,0.0000,260,756,80.3656,47.7181,0.5227,0.0174,True,,,,,,60.0000,10.5333
0.0500,30,0.3000,couzin,7,False,,0.9875,0.3036,0.6859,0.3229,8.3077,0.0000,90,285,63.2664,46.4556,0.0053,0.0002,False,,,,,,60.0000,12.4801
0.0500,30,0.3000,couzin,8,False,,0.9894,0.3688,0.6760,0.3711,9.0537,0.0000,217,423,83.4981,52.2895,0.4130,0.0099,True,,,,,,60.0000,10.2171
0.0500,30,0.3000,couzin,9,False,,0.9727,0.3291,0.6625,0.3753,8.6912,0.0000,368,728,63.6676,44.0300,0.0970,0.0003,False,,,,,,60.0000,10.9116
0.0500,30,0.3000,couzin,10,False,,0.9405,0.2822,0.6831,0.2962,9.3098,5.0000,0,0,108.0134,89.3330,0.4843,0.0173,True,,,,,,60.0000,3.2286
0.0500,30,0.3000,couzin,11,False,,0.9432,0.3149,0.6797,0.3371,8.9675,0.0000,54,168,85.3178,56.0005,0.3943,0.0044,True,,,,,,60.0000,3.9031
0.0500,30,0.3000,couzin,12,False,,0.9916,0.3559,0.6834,0.3643,9.0535,0.0000,1,62,78.6420,51.6919,0.3253,0.0000,False,,,,,,60.0000,3.8703
0.0500,30,0.3000,couzin,13,False,,0.9599,0.3865,0.6751,0.4080,9.2001,0.0000,76,339,79.6240,51.5663,0.5440,0.0257,True,,,,,,60.0000,3.7503
0.0500,30,0.3000,couzin,14,False,1303.0000,0.9775,0.6146,0.9168,0.5240,10.1618,0.0000,6,16,71.7888,51.5206,0.0000,0.0000,False,,,424.0000,,,60.0000,4.4796
0.0500,30,0.3000,couzin,15,False,,0.9213,0.3798,0.6571,0.4066,8.6438,0.0000,157,706,75.1073,45.8680,0.2997,0.0100,True,,,,,,60.0000,3.8930
0.0500,30,0.3000,couzin,16,False,,0.9898,0.3255,0.6810,0.3442,8.4565,0.0000,69,325,75.6104,48.5221,0.4783,0.0000,False,,,,,,60.0000,5.1926
0.0500,30,0.3000,couzin,17,False,,0.9202,0.3469,0.6559,0.3697,8.8435,0.0000,197,491,77.2019,49.0665,0.1863,0.0061,True,,,,,,60.0000,4.5784
0.0500,30,0.3000,couzin,18,False,,0.9500,0.3882,0.6525,0.4189,8.5419,0.0000,250,760,70.8675,46.2444,0.4127,0.0024,True,,,,,,60.0000,4.5601
0.0500,30,0.3000,couzin,19,False,,0.8986,0.3341,0.6653,0.3647,8.8442,0.0000,60,178,80.4024,54.2986,0.3217,0.0052,True,,,,,,60.0000,3.9958
0.0500,30,0.3000,couzin,20,False,,0.8936,0.2919,0.6796,0.3210,9.1948,0.0000,45,76,118.9427,69.3488,0.5150,0.0000,True,,,,,,60.0000,3.4246
0.0500,30,0.3000,couzin,21,False,1594.0000,0.9853,0.5061,0.8653,0.4585,9.7632,0.0000,2,21,64.7126,47.6147,0.0295,0.0000,False,,,171.0000,,,60.0000,4.2875
0.0500,30,0.3000,couzin,22,False,,0.9495,0.3224,0.6588,0.3298,8.2079,0.0000,6,394,69.7595,46.3307,0.2130,0.0017,True,,,,,,60.0000,4.0881
0.0500,30,0.3000,couzin,23,True,1302.0000,0.9833,0.6078,0.9260,0.5199,10.1374,4.9733,0,6,65.6972,48.7122,0.0000,0.0000,False,,,1175.0000,,,60.0000,6.5813
0.0500,30,0.3000,couzin,24,False,,0.9238,0.2834,0.6576,0.3153,8.4962,0.0000,61,274,85.4509,47.2971,0.4483,0.0000,True,,,,,,60.0000,4.4943
0.0500,30,0.3000,couzin,25,False,,0.9845,0.3254,0.7047,0.3389,9.2070,4.5657,0,26,84.3037,60.7973,0.3157,0.0135,True,,,,,,60.0000,3.4067
0.0500,30,0.3000,couzin,26,False,,0.9810,0.3325,0.6497,0.3714,8.4425,0.0000,139,480,78.0248,46.8273,0.2920,0.0097,False,,,,,,60.0000,4.2416
0.0500,30,0.3000,couzin,27,False,,0.8885,0.3833,0.6333,0.4075,8.7961,0.0000,9,353,79.0325,50.5449,0.4430,0.0000,True,,,,,,60.0000,4.6859
0.0500,30,0.3000,couzin,28,False,,0.9925,0.3475,0.6936,0.3648,9.1212,0.0000,6,205,69.7194,48.7631,0.2280,0.0076,True,,,,,,60.0000,3.5449
0.0500,30,0.3000,couzin,29,False,2245.0000,0.9681,0.4112,0.7313,0.4170,9.3824,0.0000,153,252,77.7917,52.5013,0.4061,0.0112,True,,,224.0000,,,60.0000,4.3866
0.0500,30,0.3000,couzin,30,False,,0.9202,0.3110,0.6847,0.3196,9.0964,4.9972,0,0,67.9888,46.6540,0.0870,0.0006,False,,,,,,60.0000,3.5689
0.0500,30,0.3000,couzin,31,True,1423.0000,0.9761,0.5314,0.9035,0.4801,9.7585,5.0000,0,0,62.5793,46.7604,0.0000,0.0000,False,,,301.0000,,,60.0000,3.9716
0.0500,30,0.3000,couzin,32,False,1622.0000,0.9856,0.5296,0.8377,0.4716,9.8579,0.0000,1,19,65.9997,48.3430,0.0043,0.0001,False,,,344.0000,,,60.0000,4.2293
0.0500,30,0.3000,couzin,33,False,,0.9496,0.3295,0.6796,0.3487,9.2934,2.9744,0,30,81.2202,55.1078,0.3693,0.0034,True,,,,,,60.0000,3.6530
0.0500,30,0.3000,couzin,34,False,,0.9134,0.3921,0.6497,0.3960,9.0175,0.0000,211,378,77.3410,48.6582,0.3227,0.0082,True,,,,,,60.0000,3.5970
0.0500,30,0.3000,couzin,35,False,,0.9287,0.3437,0.6630,0.3565,9.0186,0.0000,157,217,84.2004,50.7366,0.3030,0.0066,True,,,,,,60.0000,3.8032
0.0500,30,0.3000,couzin,36,True,1351.0000,0.9833,0.5786,0.9179,0.5001,10.0903,4.9333,0,11,67.7618,48.3838,0.0000,0.0000,False,,,393.0000,,,60.0000,4.4607
0.0500,30,0.3000,couzin,37,False,,0.9631,0.3476,0.6722,0.3619,8.8702,0.0000,242,438,75.2101,49.8731,0.3327,0.0165,True,,,,,,60.0000,4.1705
0.0500,30,0.3000,couzin,38,False,,0.9783,0.3072,0.6866,0.3355,9.1045,0.0000,171,327,72.9513,56.2223,0.3440,0.0000,True,,,,,,60.0000,4.1982
0.0500,30,0.3000,couzin,39,False,,0.9520,0.3566,0.6666,0.3822,8.8009,0.0000,152,458,77.0545,52.9819,0.4790,0.0160,True,,,,,,60.0000,4.4457
0.0500,30,0.3000,couzin,40,False,,0.9728,0.3627,0.6609,0.4207,8.4146,0.0000,935,1555,70.2075,44.3165,0.2127,0.0070,False,,,,,,60.0000,4.5317
0.0500,30,0.3000,couzin,41,False,,0.9717,0.3473,0.6780,0.3688,8.4832,0.0000,179,317,74.0191,48.9650,0.4353,0.0153,True,,,,,,60.0000,4.9019
0.0500,30,0.3000,couzin,42,True,1479.0000,0.9853,0.5231,0.8843,0.4667,9.7760,5.0000,0,0,60.3168,45.9331,0.0000,0.0000,False,,,478.0000,,,60.0000,4.0279
0.0500,30,0.3000,couzin,43,False,1366.0000,0.9767,0.5876,0.8969,0.5017,10.0709,0.0000,1,1,69.8040,50.9405,0.0000,0.0000,False,,,53.0000,,,60.0000,3.9102
0.0500,30,0.3000,couzin,44,False,,0.9600,0.3361,0.6896,0.3625,9.1455,0.0000,302,357,97.7919,55.6382,0.3567,0.0059,True,,,,,,60.0000,3.6678
0.0500,30,0.3000,couzin,45,False,,0.9323,0.2853,0.7380,0.3255,9.0131,0.0000,42,42,103.6189,60.3378,0.5617,0.0004,True,,,,,,60.0000,3.9409
0.0500,30,0.3000,couzin,46,False,2783.0000,0.9734,0.4148,0.7009,0.4080,9.4296,0.0000,30,73,69.4485,46.7109,0.2672,0.0061,False,,,40.0000,,,60.0000,4.0756
0.0500,30,0.3000,couzin,47,False,,0.9736,0.3542,0.6633,0.3888,8.5807,0.0000,553,1027,75.0564,47.9787,0.2903,0.0000,False,,,,,,60.0000,4.3170
0.0500,30,0.3000,couzin,48,False,,0.8875,0.3381,0.6378,0.3750,8.6094,0.0000,110,572,69.8190,44.9877,0.1573,0.0000,True,,,,,,60.0000,4.5070
0.0500,30,0.3000,couzin,49,False,,0.9290,0.3596,0.6768,0.3743,8.8895,0.0000,42,114,85.6256,53.2432,0.2677,0.0088,True,,,,,,60.0000,4.6315
0.0500,30,0.3000,pacnav,0,False,2027.0000,0.9810,0.6244,0.8639,0.3648,8.5863,0.0000,7,25,88.1649,50.6235,0.5168,0.0083,True,,,73.0000,,,60.0000,26.0337
0.0500,30,0.3000,pacnav,1,False,,0.9247,0.5043,0.7367,0.2836,8.6585,5.0000,0,0,90.7356,63.4808,0.5373,0.0017,True,,,,,,60.0000,22.4385
0.0500,30,0.3000,pacnav,2,True,1864.0000,0.9825,0.7185,0.9391,0.3566,9.4131,5.0000,0,0,81.9377,52.1949,0.2236,0.0028,False,,,17382.0000,,,60.0000,31.3263
0.0500,30,0.3000,pacnav,3,False,1988.0000,0.9805,0.7102,0.9052,0.3480,9.5290,0.0000,6,26,106.4960,69.8714,0.6647,0.0019,True,,,56.0000,,,60.0000,22.9715
0.0500,30,0.3000,pacnav,4,False,2099.0000,0.9708,0.5795,0.8593,0.3514,8.2766,0.0000,37,57,128.8255,61.7875,0.8800,0.0253,True,,,296.0000,,,60.0000,29.8670
0.0500,30,0.3000,pacnav,5,False,,0.7662,0.4935,0.7006,0.2870,8.4452,5.0000,0,0,161.2140,98.9828,0.7280,0.0090,True,,,,,,60.0000,24.8197
0.0500,30,0.3000,pacnav,6,True,1799.0000,0.9799,0.7413,0.9317,0.3711,9.5914,5.0000,0,0,75.6911,53.5806,0.0794,0.0027,True,,,487.0000,,,60.0000,28.6805
0.0500,30,0.3000,pacnav,7,False,2557.0000,0.9701,0.5369,0.8161,0.3112,8.8015,0.0000,20,60,102.1960,53.6797,0.5438,0.0208,False,,,30.0000,,,60.0000,29.7993
0.0500,30,0.3000,pacnav,8,False,2142.0000,0.9816,0.6359,0.8607,0.3537,8.9838,0.0000,72,217,136.6177,65.5884,0.8488,0.0089,True,,,594.0000,,,60.0000,25.6996
0.0500,30,0.3000,pacnav,9,False,1999.0000,0.9756,0.6262,0.8658,0.3595,8.6078,0.0000,66,66,69.7242,45.2073,0.3635,0.0034,True,,,246.0000,,,60.0000,29.7439
0.0500,30,0.3000,pacnav,10,False,2040.0000,0.9917,0.6851,0.8879,0.3657,8.8510,0.0000,9,397,105.8224,51.0192,0.5801,0.0002,False,,,0.0000,,,60.0000,16.2624
0.0500,30,0.3000,pacnav,11,False,,0.9636,0.4605,0.7434,0.2967,8.2088,0.0000,102,135,81.5549,47.5291,0.6910,0.0170,True,,,,,,60.0000,13.0918
0.0500,30,0.3000,pacnav,12,False,2137.0000,0.9653,0.6041,0.8514,0.3350,8.9638,0.0000,1,1,90.6427,47.0300,0.3859,0.0097,True,,,187.0000,,,60.0000,12.5721
0.0500,30,0.3000,pacnav,13,True,1916.0000,0.9825,0.6853,0.9283,0.3456,9.7839,5.0000,0,0,68.3893,48.5062,0.3266,0.0000,False,,,309.0000,,,60.0000,11.5149
0.0500,30,0.3000,pacnav,14,False,2126.0000,0.9799,0.6047,0.8683,0.3494,8.7681,0.0000,23,64,119.6440,54.0285,0.6982,0.0078,True,,,441.0000,,,60.0000,13.0271
0.0500,30,0.3000,pacnav,15,False,2543.0000,0.9907,0.5580,0.8360,0.3146,9.0849,0.0000,10,80,93.1876,60.6197,0.7657,0.0091,True,,,125.0000,,,60.0000,10.6049
0.0500,30,0.3000,pacnav,16,False,,0.7222,0.4377,0.6959,0.2788,8.4011,4.0357,0,17,209.7813,152.4025,0.7447,0.0328,True,,,,,,60.0000,10.8819
0.0500,30,0.3000,pacnav,17,False,2091.0000,0.9731,0.6309,0.8665,0.3440,8.9358,0.0000,11,28,82.3875,47.8155,0.4756,0.0010,True,,,150.0000,,,60.0000,13.2029
0.0500,30,0.3000,pacnav,18,False,2101.0000,0.9840,0.6135,0.8698,0.3604,8.8954,0.0000,10,29,117.1085,58.8355,0.6751,0.0092,True,,,168.0000,,,60.0000,12.0602
0.0500,30,0.3000,pacnav,19,True,1912.0000,0.9824,0.6934,0.9076,0.3708,9.2377,3.1913,0,22,88.8254,46.9111,0.4391,0.0035,False,,,291.0000,,,60.0000,12.7410
0.0500,30,0.3000,pacnav,20,False,,0.9633,0.4926,0.7460,0.2959,7.8531,0.0000,2,2,95.1328,52.2711,0.6273,0.0083,True,,,,,,60.0000,12.3376
0.0500,30,0.3000,pacnav,21,False,2280.0000,0.9914,0.6446,0.8873,0.3128,9.3041,0.0000,16,32,69.3621,52.0154,0.2880,0.0007,False,,,74.0000,,,60.0000,10.7681
0.0500,30,0.3000,pacnav,22,True,2174.0000,0.9944,0.5854,0.8468,0.3553,8.4887,3.7643,0,49,87.2187,47.8766,0.6556,0.0093,False,,,20.0000,,,60.0000,12.0593
0.0500,30,0.3000,pacnav,23,False,1998.0000,0.9869,0.6788,0.9224,0.3398,9.3273,0.0000,1,1,106.5717,75.6546,0.6958,0.0065,True,,,603.0000,,,60.0000,10.3282
0.0500,30,0.3000,pacnav,24,False,,0.9521,0.4999,0.7584,0.2782,8.5045,0.0000,30,127,103.1165,54.6153,0.8743,0.0007,True,,,,,,60.0000,12.6579
0.0500,30,0.3000,pacnav,25,True,2105.0000,0.9701,0.6235,0.8887,0.3286,8.9799,5.0000,0,0,109.1580,61.3344,0.5959,0.0094,False,,,6.0000,,,60.0000,12.7863
0.0500,30,0.3000,pacnav,26,False,1977.0000,0.9829,0.7273,0.9130,0.3682,9.3751,0.0000,1,157,93.2227,50.0579,0.4899,0.0000,True,,,17.0000,,,60.0000,12.3561
0.0500,30,0.3000,pacnav,27,True,1894.0000,0.9783,0.6436,0.9269,0.3502,8.7829,5.0000,0,0,71.4289,43.5958,0.1905,0.0045,True,,,0.0000,,,60.0000,12.2848
0.0500,30,0.3000,pacnav,28,False,,0.9138,0.5127,0.7345,0.3036,7.8577,0.0000,12,240,99.1176,58.2529,0.6157,0.0027,True,,,,,,60.0000,12.1661
0.0500,30,0.3000,pacnav,29,True,1975.0000,0.9823,0.6883,0.9332,0.3409,9.9278,5.0000,0,0,67.1007,49.9028,0.2004,0.0013,False,,,1596.0000,,,60.0000,11.1085
0.0500,30,0.3000,pacnav,30,False,2908.0000,0.9767,0.4952,0.7725,0.3022,7.8714,0.0000,1,5,91.0874,50.3262,0.5538,0.0017,False,,,0.0000,,,60.0000,12.5949
0.0500,30,0.3000,pacnav,31,True,1884.0000,0.9948,0.6882,0.9252,0.3578,9.5660,5.0000,0,0,74.2430,50.9880,0.2934,0.0023,False,,,271.0000,,,60.0000,10.8816
0.0500,30,0.3000,pacnav,32,True,2164.0000,0.9797,0.6266,0.8697,0.3364,9.1569,5.0000,0,0,112.4665,59.0698,0.7178,0.0051,True,,,0.0000,,,60.0000,10.2584
0.0500,30,0.3000,pacnav,33,True,1960.0000,0.9753,0.6404,0.8814,0.3568,8.8762,4.2728,0,14,72.0142,44.2511,0.1673,0.0056,True,,,22.0000,,,60.0000,11.9671
0.0500,30,0.3000,pacnav,34,True,2666.0000,0.9759,0.5050,0.7730,0.3174,7.9300,3.3758,0,31,77.0080,45.9582,0.5932,0.0158,True,,,9.0000,,,60.0000,12.6878
0.0500,30,0.3000,pacnav,35,False,2581.0000,0.9645,0.5074,0.8116,0.3017,8.7525,0.0000,190,190,102.3557,51.0994,0.7719,0.0095,True,,,43.0000,,,60.0000,12.7367
0.0500,30,0.3000,pacnav,36,True,2107.0000,0.9787,0.6438,0.8822,0.3389,9.1488,4.7829,0,21,151.5684,72.1567,0.8790,0.0163,True,,,0.0000,,,60.0000,11.1196
0.0500,30,0.3000,pacnav,37,False,,0.9616,0.5011,0.7691,0.2841,8.1566,4.9133,0,6,76.5306,43.1431,0.4807,0.0096,True,,,,,,60.0000,12.6905
0.0500,30,0.3000,pacnav,38,False,2034.0000,0.9669,0.6325,0.8761,0.3544,8.6600,0.0000,31,49,103.8376,49.8879,0.7346,0.0127,True,,,233.0000,,,60.0000,12.9899
0.0500,30,0.3000,pacnav,39,True,2101.0000,0.9826,0.5687,0.8841,0.3371,8.3882,5.0000,0,0,120.4923,57.8231,0.8278,0.0127,False,,,346.0000,,,60.0000,12.5717
0.0500,30,0.3000,pacnav,40,True,1962.0000,0.9874,0.6749,0.9013,0.3653,9.2489,2.9723,0,25,63.3101,44.4273,0.1569,0.0041,False,,,689.0000,,,60.0000,12.3834
0.0500,30,0.3000,pacnav,41,True,1947.0000,0.9769,0.6603,0.9338,0.3392,9.4449,5.0000,0,0,76.6540,47.0015,0.4959,0.0063,True,,,0.0000,,,60.0000,11.9648
0.0500,30,0.3000,pacnav,42,False,2286.0000,0.9837,0.6005,0.8220,0.3531,8.9795,0.7626,5,29,108.0137,54.5087,0.5960,0.0087,False,,,242.0000,,,60.0000,11.0264
0.0500,30,0.3000,pacnav,43,False,1978.0000,0.9627,0.6357,0.8707,0.3564,8.6617,0.0000,28,31,69.8318,43.7816,0.2405,0.0060,True,,,181.0000,,,60.0000,11.5149
0.0500,30,0.3000,pacnav,44,False,,0.9348,0.4815,0.7361,0.2921,8.4102,3.9725,0,31,87.6636,54.2709,0.4307,0.0113,True,,,,,,60.0000,11.0579
0.0500,30,0.3000,pacnav,45,False,2368.0000,0.9847,0.6379,0.8287,0.3477,9.1721,0.0000,3,26,175.9654,69.9760,0.8328,0.0329,True,,,45.0000,,,60.0000,10.9248
0.0500,30,0.3000,pacnav,46,True,2474.0000,0.9806,0.5542,0.8028,0.3144,8.7692,4.2110,0,21,66.3671,48.7795,0.3915,0.0046,False,,,49.0000,,,60.0000,11.3738
0.0500,30,0.3000,pacnav,47,True,2271.0000,0.9748,0.5914,0.8536,0.3238,8.6814,5.0000,0,0,87.0687,46.4502,0.4665,0.0058,True,,,473.0000,,,60.0000,13.2441
0.0500,30,0.3000,pacnav,48,False,2705.0000,0.9765,0.5167,0.7874,0.2985,8.6109,0.0000,21,31,90.6242,59.7704,0.7546,0.0016,True,,,39.0000,,,60.0000,10.9346
0.0500,30,0.3000,pacnav,49,True,2039.0000,0.9726,0.6184,0.9104,0.3321,9.1589,5.0000,0,0,99.7836,64.3203,0.7020,0.0057,True,,,366.0000,,,60.0000,11.5613
0.0500,30,0.3000,petracek,0,False,,0.3713,0.0045,0.6060,0.1625,14.0577,5.0000,0,0,581.6150,431.1585,0.9547,0.0000,True,,,,,,60.0000,6.3387
0.0500,30,0.3000,petracek,1,False,,0.4312,0.0015,0.6122,0.1248,11.5760,5.0000,0,0,534.3497,456.0986,0.9677,0.0000,True,,,,,,60.0000,6.4224
0.0500,30,0.3000,petracek,2,False,,0.4201,0.0002,0.6184,0.1303,11.6737,5.0000,0,0,565.4655,451.6624,0.9543,0.0000,True,,,,,,60.0000,6.4155
0.0500,30,0.3000,petracek,3,False,,0.3735,-0.0045,0.6067,0.1127,10.3470,5.0000,0,0,602.6451,435.6561,0.9620,0.0000,True,,,,,,60.0000,6.0747
0.0500,30,0.3000,petracek,4,False,,0.4179,0.0056,0.6099,0.1568,12.1548,5.0000,0,0,563.6494,457.6332,0.9673,0.0000,True,,,,,,60.0000,6.2809
0.0500,30,0.3000,petracek,5,False,,0.3033,-0.0184,0.6084,0.0821,9.2856,5.0000,0,0,643.8318,397.9656,0.9673,0.0000,True,,,,,,60.0000,6.6255
0.0500,30,0.3000,petracek,6,False,,0.4181,0.0045,0.6175,0.1528,19.2418,5.0000,0,0,564.4873,453.5304,0.9600,0.0000,True,,,,,,60.0000,5.6386
0.0500,30,0.3000,petracek,7,False,,0.4058,-0.0006,0.6157,0.1288,14.3460,5.0000,0,0,552.8690,447.5723,0.9687,0.0000,True,,,,,,60.0000,6.2950
0.0500,30,0.3000,petracek,8,False,,0.3424,-0.0105,0.6181,0.1069,10.4333,5.0000,0,0,642.8928,428.0604,0.9720,0.0000,True,,,,,,60.0000,6.3505
0.0500,30,0.3000,petracek,9,False,,0.3103,-0.0175,0.6083,0.0864,14.8857,5.0000,0,0,624.6816,403.1278,0.9640,0.0000,True,,,,,,60.0000,6.0049
0.0500,30,0.3000,petracek,10,False,,0.4427,0.0072,0.6111,0.1410,7.1783,5.0000,0,0,544.1095,454.4835,0.9660,0.0000,True,,,,,,60.0000,2.5191
0.0500,30,0.3000,petracek,11,False,,0.2995,-0.0142,0.6001,0.1101,14.8958,5.0000,0,0,621.0034,395.1609,0.9750,0.0000,True,,,,,,60.0000,2.7551
0.0500,30,0.3000,petracek,12,False,,0.4647,0.0128,0.6096,0.1460,12.2485,5.0000,0,0,479.0182,451.4419,0.9490,0.0000,True,,,,,,60.0000,2.4945
0.0500,30,0.3000,petracek,13,False,,0.4681,0.0109,0.6097,0.1395,19.6485,5.0000,0,0,505.9985,464.0304,0.9713,0.0000,True,,,,,,60.0000,2.3866
0.0500,30,0.3000,petracek,14,False,,0.3757,-0.0017,0.6097,0.1421,13.6954,5.0000,0,0,599.2393,442.5638,0.9643,0.0000,True,,,,,,60.0000,2.6647
0.0500,30,0.3000,petracek,15,False,,0.4173,-0.0025,0.6254,0.1100,12.1390,5.0000,0,0,580.0884,466.0740,0.9690,0.0259,True,,,,,,60.0000,2.5280
0.0500,30,0.3000,petracek,16,False,,0.4023,-0.0011,0.6082,0.1292,12.7366,5.0000,0,0,577.0323,458.1800,0.9650,0.0000,True,,,,,,60.0000,2.4672
0.0500,30,0.3000,petracek,17,False,,0.3296,-0.0145,0.6066,0.0877,11.0315,5.0000,0,0,614.0702,425.8700,0.9693,0.0000,True,,,,,,60.0000,2.5987
0.0500,30,0.3000,petracek,18,False,,0.4032,-0.0023,0.6116,0.1224,11.2607,5.0000,0,0,567.8320,455.9997,0.9703,0.0000,True,,,,,,60.0000,2.4544
0.0500,30,0.3000,petracek,19,False,,0.4473,0.0014,0.6155,0.1199,7.9493,5.0000,0,0,533.0203,469.2199,0.9610,0.0000,True,,,,,,60.0000,2.4459
0.0500,30,0.3000,petracek,20,False,,0.3469,-0.0095,0.6113,0.1125,12.3316,5.0000,0,0,595.7794,413.3103,0.9567,0.0000,True,,,,,,60.0000,2.1948
0.0500,30,0.3000,petracek,21,False,,0.5517,0.0247,0.6169,0.1448,12.9800,5.0000,0,0,490.8126,467.2600,0.9637,0.0000,True,,,,,,60.0000,2.5383
0.0500,30,0.3000,petracek,22,False,,0.3471,-0.0139,0.6157,0.0989,9.9130,5.0000,0,0,626.4406,436.7306,0.9713,0.0000,True,,,,,,60.0000,2.4019
0.0500,30,0.3000,petracek,23,False,,0.3506,-0.0130,0.6226,0.0999,14.0470,5.0000,0,0,624.4148,437.6871,0.9703,0.0003,True,,,,,,60.0000,2.6816
0.0500,30,0.3000,petracek,24,False,,0.3387,-0.0119,0.6099,0.1045,6.8870,5.0000,0,0,603.4181,419.3298,0.9687,0.0000,True,,,,,,60.0000,2.6162
0.0500,30,0.3000,petracek,25,False,,0.2825,-0.0149,0.6019,0.1158,8.7531,5.0000,0,0,620.3166,369.4637,0.9620,0.0000,True,,,,,,60.0000,2.4090
0.0500,30,0.3000,petracek,26,False,,0.4129,-0.0022,0.6135,0.1278,10.3485,5.0000,0,0,567.7346,464.4785,0.9730,0.0000,True,,,,,,60.0000,2.5810
0.0500,30,0.3000,petracek,27,False,,0.3722,-0.0095,0.6203,0.0951,9.1201,5.0000,0,0,592.8530,413.1995,0.9693,0.0000,True,,,,,,60.0000,2.0111
0.0500,30,0.3000,petracek,28,False,,0.3521,-0.0023,0.6136,0.1436,9.6704,5.0000,0,0,616.7750,422.9908,0.9627,0.0000,True,,,,,,60.0000,2.0774
0.0500,30,0.3000,petracek,29,False,,0.4016,-0.0021,0.6138,0.1172,14.4920,5.0000,0,0,561.6036,454.6855,0.9700,0.0000,True,,,,,,60.0000,2.9678
0.0500,30,0.3000,petracek,30,False,,0.3352,-0.0123,0.6094,0.1023,11.5879,5.0000,0,0,584.7809,412.5191,0.9707,0.0000,True,,,,,,60.0000,2.6126
0.0500,30,0.3000,petracek,31,False,,0.3558,-0.0086,0.6051,0.0966,18.7096,5.0000,0,0,601.7540,428.1096,0.9650,0.0000,True,,,,,,60.0000,2.8932
0.0500,30,0.3000,petracek,32,False,,0.3892,-0.0020,0.6139,0.1404,14.1904,5.0000,0,0,584.4828,446.8027,0.9623,0.0253,True,,,,,,60.0000,2.6638
0.0500,30,0.3000,petracek,33,False,,0.2939,-0.0164,0.6029,0.1073,11.0530,5.0000,0,0,621.4224,397.7869,0.9740,0.0000,True,,,,,,60.0000,2.8874
0.0500,30,0.3000,petracek,34,False,,0.3332,-0.0077,0.6048,0.1165,10.7737,5.0000,0,0,648.7562,425.1604,0.9720,0.0000,True,,,,,,60.0000,2.8163
0.0500,30,0.3000,petracek,35,False,,0.4062,0.0012,0.5870,0.1146,13.8305,5.0000,0,0,522.9786,449.8454,0.9727,0.0000,True,,,,,,60.0000,3.0683
0.0500,30,0.3000,petracek,36,False,,0.4121,-0.0054,0.6183,0.1052,10.6958,5.0000,0,0,552.0887,456.3489,0.9660,0.0000,True,,,,,,60.0000,2.7219
0.0500,30,0.3000,petracek,37,False,,0.3052,-0.0115,0.6063,0.1150,12.7118,5.0000,0,0,616.9807,395.9517,0.9547,0.0000,True,,,,,,60.0000,2.3668
0.0500,30,0.3000,petracek,38,False,,0.3443,-0.0101,0.6065,0.0984,16.5670,5.0000,0,0,585.2437,413.1239,0.9637,0.0000,True,,,,,,60.0000,2.4584
0.0500,30,0.3000,petracek,39,False,,0.3304,-0.0112,0.6162,0.1183,17.7811,5.0000,0,0,649.8618,408.6238,0.9623,0.0000,True,,,,,,60.0000,2.3852
0.0500,30,0.3000,petracek,40,False,,0.3777,-0.0105,0.6141,0.1087,12.5861,5.0000,0,0,595.9422,450.5926,0.9700,0.0000,True,,,,,,60.0000,2.5175
0.0500,30,0.3000,petracek,41,False,,0.3968,-0.0024,0.6068,0.1145,13.3311,5.0000,0,0,546.0973,449.7274,0.9690,0.0000,True,,,,,,60.0000,2.6257
0.0500,30,0.3000,petracek,42,False,,0.3740,-0.0088,0.6179,0.1222,9.5203,5.0000,0,0,603.3847,448.2854,0.9707,0.0253,True,,,,,,60.0000,2.4461
0.0500,30,0.3000,petracek,43,False,,0.3357,-0.0125,0.6142,0.0889,10.2128,5.0000,0,0,620.1444,428.7845,0.9703,0.0000,True,,,,,,60.0000,2.3993
0.0500,30,0.3000,petracek,44,False,,0.3446,-0.0147,0.6171,0.0907,13.8908,5.0000,0,0,611.9811,428.7885,0.9617,0.0000,True,,,,,,60.0000,2.5221
0.0500,30,0.3000,petracek,45,False,,0.3961,-0.0044,0.6149,0.1096,11.7199,5.0000,0,0,571.1669,447.1687,0.9603,0.0000,True,,,,,,60.0000,2.6930
0.0500,30,0.3000,petracek,46,False,,0.3682,-0.0164,0.6150,0.0896,9.2709,5.0000,0,0,606.4914,451.7887,0.9723,0.0251,True,,,,,,60.0000,2.5880
0.0500,30,0.3000,petracek,47,False,,0.3028,-0.0146,0.6114,0.0990,7.1584,5.0000,0,0,632.5453,398.0942,0.9713,0.0000,True,,,,,,60.0000,2.7680
0.0500,30,0.3000,petracek,48,False,,0.4078,0.0008,0.6139,0.1196,16.5084,5.0000,0,0,536.6951,437.0335,0.9597,0.0000,True,,,,,,60.0000,2.8305
0.0500,30,0.3000,petracek,49,False,,0.4150,0.0052,0.6071,0.1442,18.8424,5.0000,0,0,559.3642,447.9594,0.9610,0.0000,True,,,,,,60.0000,2.6578
0.0500,30,1.0000,cb-ele,0,True,1282.0000,0.9743,0.9188,0.9626,0.5071,8.0223,5.0000,0,0,39.4055,31.4844,0.0000,0.0000,False,95.0000,0.8971,0.0000,True,17.0000,60.0000,27.5002
0.0500,30,1.0000,cb-ele,1,True,1392.0000,0.9684,0.9056,0.9053,0.5084,8.6972,5.0000,0,0,45.5411,33.6600,0.0000,0.0000,False,101.0000,0.9095,0.0000,True,16.0000,60.0000,27.0840
0.0500,30,1.0000,cb-ele,2,True,1281.0000,0.9671,0.9224,0.9575,0.5052,9.0402,5.0000,0,0,37.2527,32.1989,0.0000,0.0000,False,80.0000,0.9228,0.0000,True,12.0000,60.0000,28.7340
0.0500,30,1.0000,cb-ele,3,True,1761.0000,0.9830,0.7663,0.8152,0.4347,9.0728,5.0000,0,0,64.6297,40.9748,0.1714,0.0000,False,110.0000,0.9120,0.0000,True,13.0000,60.0000,27.8793
0.0500,30,1.0000,cb-ele,4,False,,0.9863,0.6471,0.7180,0.3300,9.2055,5.0000,0,0,51.9858,39.7823,0.0933,0.0000,False,62.0000,0.9573,,True,16.0000,60.0000,27.2499
0.0500,30,1.0000,cb-ele,5,True,1291.0000,0.9799,0.9263,0.9444,0.5090,8.5954,5.0000,0,0,40.5227,33.0735,0.0000,0.0000,False,692.0000,0.4807,0.0000,True,15.0000,60.0000,25.8306
0.0500,30,1.0000,cb-ele,6,True,1324.0000,0.9719,0.9143,0.9379,0.5070,8.6263,5.0000,0,0,41.9113,32.9021,0.0000,0.0000,False,94.0000,0.8974,0.0000,True,14.0000,60.0000,26.8691
0.0500,30,1.0000,cb-ele,7,False,1357.0000,0.9590,0.8807,0.9299,0.5012,8.5987,0.0000,28,44,42.3006,33.9158,0.0000,0.0000,False,104.0000,0.8866,60.0000,True,16.0000,60.0000,26.0726
0.0500,30,1.0000,cb-ele,8,True,1269.0000,0.9739,0.9124,0.9644,0.5117,8.1467,5.0000,0,0,43.1816,32.4001,0.0000,0.0000,False,78.0000,0.9118,0.0000,True,16.0000,60.0000,26.7930
0.0500,30,1.0000,cb-ele,9,True,1330.0000,0.9729,0.8925,0.9407,0.5094,8.7078,5.0000,0,0,46.5591,35.1333,0.0000,0.0000,False,71.0000,0.9113,0.0000,True,15.0000,60.0000,26.9654
0.0500,30,1.0000,cb-ele,10,True,1283.0000,0.9723,0.9268,0.9499,0.5130,8.0276,5.0000,0,0,40.0775,31.3553,0.0000,0.0000,False,75.0000,0.9237,0.0000,True,12.0000,60.0000,11.5184
0.0500,30,1.0000,cb-ele,11,True,1305.0000,0.9758,0.9045,0.9476,0.5051,8.9175,5.0000,0,0,45.3657,35.2955,0.0000,0.0000,False,87.0000,0.9089,0.0000,True,18.0000,60.0000,12.1558
0.0500,30,1.0000,cb-ele,12,True,1253.0000,0.9741,0.9059,0.9623,0.5185,8.5706,5.0000,0,0,46.4703,34.1732,0.0000,0.0000,False,75.0000,0.9394,0.0000,True,17.0000,60.0000,11.9585
0.0500,30,1.0000,cb-ele,13,True,1270.0000,0.9680,0.9150,0.9444,0.5197,8.4789,5.0000,0,0,42.6251,31.9017,0.0000,0.0000,False,42.0000,0.8954,0.0000,True,16.0000,60.0000,11.8320
0.0500,30,1.0000,cb-ele,14,True,1262.0000,0.9792,0.9200,0.9524,0.5184,7.9910,5.0000,0,0,40.6477,30.7944,0.0000,0.0000,False,86.0000,0.9050,0.0000,True,19.0000,60.0000,11.6041
0.0500,30,1.0000,cb-ele,15,True,1344.0000,0.9799,0.8886,0.9167,0.5175,8.5835,5.0000,0,0,59.6130,37.4454,0.0000,0.0000,False,104.0000,0.8833,0.0000,True,11.0000,60.0000,11.5905
0.0500,30,1.0000,cb-ele,16,True,1688.0000,0.9808,0.8374,0.8716,0.4320,9.3571,5.0000,0,0,67.4560,40.8620,0.1113,0.0000,False,122.0000,0.9053,0.0000,True,14.0000,60.0000,11.3207
0.0500,30,1.0000,cb-ele,17,True,1294.0000,0.9920,0.9096,0.9398,0.5170,8.6783,5.0000,0,0,41.0785,32.8996,0.0000,0.0000,False,67.0000,0.4734,0.0000,False,14.0000,60.0000,11.5985
0.0500,30,1.0000,cb-ele,18,True,1529.0000,0.9843,0.8243,0.8431,0.5756,8.7898,5.0000,0,0,69.6936,39.6262,0.2379,0.0000,False,9.0000,0.9275,0.0000,True,13.0000,60.0000,12.1475
0.0500,30,1.0000,cb-ele,19,True,1448.0000,0.9795,0.8604,0.8846,0.5030,8.6290,5.0000,0,0,57.4149,37.2441,0.0000,0.0000,False,92.0000,0.9006,0.0000,True,13.0000,60.0000,12.1919
0.0500,30,1.0000,cb-ele,20,True,1287.0000,0.9756,0.9117,0.9653,0.5024,8.3482,5.0000,0,0,40.7714,33.1721,0.0000,0.0000,False,106.0000,0.8975,0.0000,True,13.0000,60.0000,12.6843
0.0500,30,1.0000,cb-ele,21,True,1264.0000,0.9682,0.9221,0.9587,0.5111,8.3645,5.0000,0,0,38.1953,32.0666,0.0000,0.0000,False,72.0000,0.9020,0.0000,True,15.0000,60.0000,12.4646
0.0500,30,1.0000,cb-ele,22,True,1197.0000,0.9805,0.9036,0.9545,0.5459,9.1368,5.0000,0,0,43.9738,33.7097,0.0000,0.0000,False,82.0000,0.5334,0.0000,False,20.0000,60.0000,11.3390
0.0500,30,1.0000,cb-ele,23,True,1455.0000,0.9853,0.8129,0.8605,0.5885,8.9994,5.0000,0,0,76.0720,42.7651,0.2198,0.0000,False,120.0000,0.9073,0.0000,True,15.0000,60.0000,12.0641
0.0500,30,1.0000,cb-ele,24,True,1329.0000,0.9757,0.9157,0.9568,0.4920,8.6491,5.0000,0,0,46.5193,34.6493,0.0000,0.0000,False,85.0000,0.8850,0.0000,True,14.0000,60.0000,11.4028
0.0500,30,1.0000,cb-ele,25,True,1234.0000,0.9768,0.9192,0.9621,0.5268,7.9734,5.0000,0,0,42.4047,31.1049,0.0000,0.0000,False,57.0000,0.9182,0.0000,True,13.0000,60.0000,12.4250
0.0500,30,1.0000,cb-ele,26,True,1328.0000,0.9863,0.9237,0.9600,0.4911,8.0689,5.0000,0,0,40.3221,32.0615,0.0000,0.0000,False,710.0000,0.4703,0.0000,True,13.0000,60.0000,11.4561
0.0500,30,1.0000,cb-ele,27,False,,0.9783,0.7182,0.7010,0.3313,9.0539,5.0000,0,0,52.5996,37.9259,0.0230,0.0000,False,108.0000,0.9493,,True,21.0000,60.0000,11.8408
0.0500,30,1.0000,cb-ele,28,True,1399.0000,0.9794,0.8821,0.9114,0.5050,8.8608,5.0000,0,0,63.3570,38.3303,0.1493,0.0000,False,158.0000,0.8500,0.0000,True,22.0000,60.0000,11.6551
0.0500,30,1.0000,cb-ele,29,True,1512.0000,0.9784,0.8561,0.9267,0.4448,9.4962,5.0000,0,0,62.8079,39.4714,0.0542,0.0000,False,113.0000,0.9121,0.0000,True,16.0000,60.0000,12.2559
0.0500,30,1.0000,cb-ele,30,True,1258.0000,0.9721,0.9268,0.9682,0.5106,8.6195,5.0000,0,0,41.4387,32.3978,0.0000,0.0000,False,88.0000,0.9150,0.0000,True,18.0000,60.0000,11.5394
0.0500,30,1.0000,cb-ele,31,True,1331.0000,0.9772,0.8917,0.9303,0.5166,9.2469,5.0000,0,0,55.3628,38.8576,0.0000,0.0000,False,90.0000,0.9234,0.0000,True,15.0000,60.0000,12.0842
0.0500,30,1.0000,cb-ele,32,True,1314.0000,0.9826,0.8973,0.9578,0.5018,8.7052,5.0000,0,0,44.5797,33.5414,0.0000,0.0000,False,65.0000,0.9202,0.0000,True,15.0000,60.0000,11.3548
0.0500,30,1.0000,cb-ele,33,True,1348.0000,0.9721,0.8988,0.9300,0.5060,8.0019,5.0000,0,0,39.1014,30.9074,0.0000,0.0000,False,71.0000,0.9214,0.0000,True,15.0000,60.0000,12.3559
0.0500,30,1.0000,cb-ele,34,True,1309.0000,0.9745,0.9004,0.9744,0.4919,9.4974,5.0000,0,0,42.5223,34.6174,0.0000,0.0000,False,95.0000,0.8916,0.0000,True,17.0000,60.0000,11.3198
0.0500,30,1.0000,cb-ele,35,True,1365.0000,0.9758,0.9047,0.9224,0.5082,8.0341,5.0000,0,0,37.8853,30.7564,0.0000,0.0000,False,114.0000,0.8917,0.0000,True,12.0000,60.0000,12.0144
0.0500,30,1.0000,cb-ele,36,True,1320.0000,0.9739,0.9031,0.9680,0.4901,9.5066,5.0000,0,0,42.2329,34.6239,0.0000,0.0000,False,329.0000,0.7343,0.0000,True,13.0000,60.0000,11.4424
0.0500,30,1.0000,cb-ele,37,True,1377.0000,0.9861,0.8974,0.9268,0.4928,8.9285,5.0000,0,0,52.3456,35.6475,0.0000,0.0000,False,52.0000,0.9507,0.0000,True,15.0000,60.0000,11.2086
0.0500,30,1.0000,cb-ele,38,True,1294.0000,0.9713,0.9134,0.9718,0.4942,8.9828,5.0000,0,0,44.6241,34.2321,0.0000,0.0000,False,118.0000,0.8649,0.0000,True,15.0000,60.0000,12.3413
0.0500,30,1.0000,cb-ele,39,False,,0.9710,0.6443,0.6882,0.3333,8.9936,5.0000,0,0,53.0888,39.1675,0.0000,0.0000,False,656.0000,0.7873,,True,11.0000,60.0000,11.5456
0.0500,30,1.0000,cb-ele,40,False,,0.9488,0.7432,0.6962,0.3592,8.3483,5.0000,0,0,55.0258,35.9754,0.1370,0.0000,False,65.0000,0.9753,,True,11.0000,60.0000,12.1725
0.0500,30,1.0000,cb-ele,41,True,1390.0000,0.9812,0.8848,0.9545,0.4780,9.2559,5.0000,0,0,43.9161,35.3502,0.0000,0.0000,False,112.0000,0.8857,0.0000,True,16.0000,60.0000,11.6341
0.0500,30,1.0000,cb-ele,42,True,1344.0000,0.9680,0.9141,0.9314,0.5040,8.2892,5.0000,0,0,41.2357,31.9912,0.0000,0.0000,False,107.0000,0.8907,0.0000,True,20.0000,60.0000,12.2262
0.0500,30,1.0000,cb-ele,43,True,1360.0000,0.9853,0.9225,0.9468,0.4856,8.1604,5.0000,0,0,45.4645,32.7090,0.0000,0.0000,False,66.0000,0.9317,0.0000,True,12.0000,60.0000,11.6910
0.0500,30,1.0000,cb-ele,44,True,1354.0000,0.9777,0.9076,0.9431,0.4853,8.6149,5.0000,0,0,60.8167,38.4087,0.0000,0.0000,False,92.0000,0.4052,0.0000,False,15.0000,60.0000,12.7133
0.0500,30,1.0000,cb-ele,45,True,1272.0000,0.9715,0.9321,0.9565,0.5110,8.0173,5.0000,0,0,38.3496,30.4258,0.0000,0.0000,False,89.0000,0.9042,0.0000,True,14.0000,60.0000,12.0858
0.0500,30,1.0000,cb-ele,46,True,1269.0000,0.9721,0.9022,0.9622,0.5065,8.6276,5.0000,0,0,39.5485,32.5991,0.0000,0.0000,False,94.0000,0.9079,0.0000,True,16.0000,60.0000,12.0715
0.0500,30,1.0000,cb-ele,47,True,1328.0000,0.9916,0.8878,0.9245,0.5324,8.8977,5.0000,0,0,62.1759,40.5889,0.0000,0.0000,False,83.0000,0.9120,0.0000,True,15.0000,60.0000,12.2766
0.0500,30,1.0000,cb-ele,48,True,1291.0000,0.9662,0.9275,0.9404,0.5109,8.5283,5.0000,0,0,47.9245,35.3766,0.0000,0.0000,False,733.0000,0.4396,0.0000,True,11.0000,60.0000,12.2705
0.0500,30,1.0000,cb-ele,49,True,1323.0000,0.9730,0.9215,0.9436,0.5079,8.3337,5.0000,0,0,41.7386,32.2362,0.0000,0.0000,False,75.0000,0.9230,0.0000,True,19.0000,60.0000,12.4079
0.0500,30,1.0000,couzin,0,False,,0.9883,0.2738,0.6837,0.2638,9.2191,5.0000,0,0,77.5638,65.0045,0.5363,0.0168,True,,,,,,60.0000,8.7250
0.0500,30,1.0000,couzin,1,False,,0.9920,0.3047,0.6869,0.2663,7.2393,4.9717,0,4,71.8798,64.6261,0.5610,0.0000,True,,,,,,60.0000,9.1320
0.0500,30,1.0000,couzin,2,False,,0.9798,0.2715,0.6762,0.2610,9.8961,5.0000,0,0,75.4761,62.3310,0.6100,0.0006,True,,,,,,60.0000,9.2645
0.0500,30,1.0000,couzin,3,False,,0.9938,0.2946,0.7017,0.2729,9.4922,0.0000,3,3,85.4014,71.3729,0.5593,0.0008,True,,,,,,60.0000,9.4025
0.0500,30,1.0000,couzin,4,False,,0.9724,0.3495,0.6748,0.2827,10.2747,0.0000,1,15,82.3373,68.8080,0.5457,0.0183,True,,,,,,60.0000,9.5306
0.0500,30,1.0000,couzin,5,False,,0.9711,0.3174,0.6655,0.2803,7.9918,3.6799,0,32,67.3995,55.9554,0.1887,0.0077,True,,,,,,60.0000,9.3544
0.0500,30,1.0000,couzin,6,False,,0.9971,0.2700,0.6888,0.2582,10.3854,5.0000,0,0,65.2932,64.5423,0.5410,0.0000,True,,,,,,60.0000,9.8548
0.0500,30,1.0000,couzin,7,False,,0.9918,0.3257,0.6977,0.2761,9.5363,5.0000,0,0,82.3754,66.0353,0.5737,0.0329,True,,,,,,60.0000,9.3144
0.0500,30,1.0000,couzin,8,False,,0.9635,0.3300,0.6532,0.2747,9.4598,0.0000,6,20,175.8148,77.7800,0.4977,0.0000,True,,,,,,60.0000,10.4731
0.0500,30,1.0000,couzin,9,False,,0.9854,0.3113,0.6693,0.2749,9.7159,0.0000,1,28,70.4250,61.0674,0.4847,0.0000,True,,,,,,60.0000,12.1743
0.0500,30,1.0000,couzin,10,False,,0.9907,0.3199,0.6942,0.2791,8.3730,0.0000,8,15,69.9371,67.7342,0.5860,0.0015,True,,,,,,60.0000,3.9151
0.0500,30,1.0000,couzin,11,True,1250.0000,0.9724,0.6534,0.9226,0.5294,10.1653,4.9933,0,0,45.2528,37.5097,0.0000,0.0000,False,,,0.0000,,,60.0000,4.1145
0.0500,30,1.0000,couzin,12,False,,0.9752,0.2983,0.6810,0.2797,10.0118,0.0000,2,15,81.9563,64.4505,0.5287,0.0000,True,,,,,,60.0000,3.7464
0.0500,30,1.0000,couzin,13,True,1147.0000,0.9847,0.7230,0.9639,0.5659,10.4430,5.0000,0,0,42.7907,36.2009,0.0000,0.0000,False,,,11.0000,,,60.0000,3.7110
0.0500,30,1.0000,couzin,14,False,,0.9877,0.2880,0.6871,0.2727,9.4158,4.6773,0,30,112.2358,68.3769,0.4743,0.0002,True,,,,,,60.0000,3.8043
0.0500,30,1.0000,couzin,15,True,1147.0000,0.9724,0.7186,0.9558,0.5647,10.3050,5.0000,0,0,44.6328,36.5589,0.0000,0.0000,False,,,50.0000,,,60.0000,4.3387
0.0500,30,1.0000,couzin,16,True,1168.0000,0.9866,0.7115,0.9601,0.5616,10.2604,5.0000,0,0,43.5260,36.5418,0.0000,0.0000,False,,,107.0000,,,60.0000,8.1830
0.0500,30,1.0000,couzin,17,False,,0.9932,0.2733,0.6881,0.2681,9.2887,0.0000,2,9,68.2533,65.6987,0.5770,0.0000,True,,,,,,60.0000,3.8088
0.0500,30,1.0000,couzin,18,False,,0.9859,0.3275,0.6751,0.2743,8.7195,3.2889,0,38,74.4434,63.3676,0.3127,0.0106,True,,,,,,60.0000,5.7174
0.0500,30,1.0000,couzin,19,False,,0.9929,0.3151,0.6841,0.2862,8.7440,0.0000,12,41,89.5639,68.6918,0.5480,0.0265,True,,,,,,60.0000,4.7134
0.0500,30,1.0000,couzin,20,False,,0.9756,0.2756,0.6787,0.2620,6.9192,5.0000,0,0,53.2999,49.2595,0.0130,0.0000,False,,,,,,60.0000,11.2507
0.0500,30,1.0000,couzin,21,False,,0.9872,0.2798,0.6856,0.2694,9.4759,0.0000,3,3,71.0286,67.3089,0.5643,0.0009,True,,,,,,60.0000,3.8344
0.0500,30,1.0000,couzin,22,False,,0.9802,0.3171,0.6616,0.2864,8.6258,0.0000,24,135,71.2654,62.9495,0.2967,0.0016,True,,,,,,60.0000,6.1450
0.0500,30,1.0000,couzin,23,False,,0.9663,0.2813,0.6602,0.2627,9.5785,5.0000,0,0,71.3363,61.1652,0.6100,0.0257,True,,,,,,60.0000,3.9743
0.0500,30,1.0000,couzin,24,False,,0.9807,0.2968,0.6660,0.2739,7.4316,0.0000,13,47,58.8376,49.1418,0.0637,0.0001,False,,,,,,60.0000,5.7740
0.0500,30,1.0000,couzin,25,False,,0.9870,0.3808,0.6763,0.2671,9.9874,4.9462,0,7,76.7968,67.2001,0.5690,0.0003,True,,,,,,60.0000,3.7226
0.0500,30,1.0000,couzin,26,False,,0.9884,0.3324,0.6809,0.2996,8.6153,0.0000,33,79,73.6267,67.8874,0.5187,0.0000,True,,,,,,60.0000,3.9149
0.0500,30,1.0000,couzin,27,False,,0.9874,0.3534,0.6777,0.2608,9.2884,5.0000,0,0,67.8331,64.1225,0.5227,0.0000,True,,,,,,60.0000,4.2376
0.0500,30,1.0000,couzin,28,False,,0.9887,0.2561,0.6719,0.2568,9.6519,0.0000,6,14,110.7201,70.2353,0.5570,0.0000,True,,,,,,60.0000,3.5644
0.0500,30,1.0000,couzin,29,False,,0.9888,0.2983,0.6856,0.2612,9.3539,4.8130,0,14,79.0647,65.4913,0.5437,0.0000,True,,,,,,60.0000,3.8314
0.0500,30,1.0000,couzin,30,False,,0.9972,0.3631,0.6975,0.2816,9.8569,5.0000,0,0,78.8851,68.7437,0.5287,0.0041,True,,,,,,60.0000,3.4996
0.0500,30,1.0000,couzin,31,True,1209.0000,0.9771,0.6756,0.9456,0.5413,10.1801,5.0000,0,0,43.4883,36.6413,0.0000,0.0000,False,,,0.0000,,,60.0000,3.3748
0.0500,30,1.0000,couzin,32,False,,0.9957,0.3365,0.6918,0.2824,8.1760,0.0000,11,18,87.4921,69.1489,0.5703,0.0042,True,,,,,,60.0000,3.1666
0.0500,30,1.0000,couzin,33,True,1201.0000,0.9842,0.6773,0.9565,0.5428,10.2379,5.0000,0,0,43.1384,36.3077,0.0000,0.0000,False,,,4.0000,,,60.0000,4.1129
0.0500,30,1.0000,couzin,34,False,,0.9726,0.2721,0.6847,0.2541,7.4028,0.0000,10,15,59.0056,52.2137,0.2210,0.0000,False,,,,,,60.0000,9.9422
0.0500,30,1.0000,couzin,35,False,,0.9670,0.2726,0.6783,0.2564,6.9635,0.0000,5,12,61.3658,46.4846,0.5767,0.0000,True,,,,,,60.0000,4.4402
0.0500,30,1.0000,couzin,36,False,,0.9960,0.2863,0.6965,0.2722,9.7615,0.0000,7,54,83.3221,67.3267,0.5737,0.0054,True,,,,,,60.0000,3.9849
0.0500,30,1.0000,couzin,37,False,,0.9963,0.2999,0.6985,0.2795,8.3097,0.0000,32,49,76.9020,65.9579,0.5237,0.0000,True,,,,,,60.0000,3.5280
0.0500,30,1.0000,couzin,38,False,,0.9786,0.2810,0.6754,0.2671,9.1995,0.0000,6,18,74.9324,61.6240,0.5137,0.0155,True,,,,,,60.0000,4.1691
0.0500,30,1.0000,couzin,39,False,,0.9906,0.3217,0.6988,0.2867,9.9885,0.0000,32,71,78.1254,64.1538,0.4063,0.0073,True,,,,,,60.0000,4.2162
0.0500,30,1.0000,couzin,40,False,,0.9832,0.2862,0.6776,0.2716,7.2175,0.0000,9,93,54.6320,46.3518,0.0000,0.0000,False,,,,,,60.0000,8.0207
0.0500,30,1.0000,couzin,41,False,,0.9852,0.2876,0.6831,0.2696,9.4033,3.9660,0,76,77.6647,64.0566,0.5547,0.0042,True,,,,,,60.0000,3.8442
0.0500,30,1.0000,couzin,42,True,1189.0000,0.9821,0.6928,0.9551,0.5493,10.2347,5.0000,0,0,42.6831,36.4217,0.0000,0.0000,False,,,3.0000,,,60.0000,4.3297
0.0500,30,1.0000,couzin,43,True,1203.0000,0.9862,0.6817,0.9506,0.5462,10.2141,5.0000,0,0,44.8298,36.9937,0.0000,0.0000,False,,,0.0000,,,60.0000,3.2891
0.0500,30,1.0000,couzin,44,False,,0.9716,0.3405,0.6526,0.2553,8.1098,0.0000,3,3,124.4562,70.6849,0.4807,0.0102,True,,,,,,60.0000,3.4596
0.0500,30,1.0000,couzin,45,False,,0.9902,0.2656,0.6953,0.2693,9.4110,0.0000,1,1,74.0795,66.1428,0.5500,0.0158,True,,,,,,60.0000,3.8323
0.0500,30,1.0000,couzin,46,False,,0.9844,0.2801,0.6708,0.2642,7.1848,2.9419,0,96,55.3018,42.8150,0.0000,0.0000,False,,,,,,60.0000,3.9540
0.0500,30,1.0000,couzin,47,False,,0.9585,0.3583,0.6673,0.3049,8.5245,0.0000,43,51,132.2291,76.3688,0.5027,0.0067,True,,,,,,60.0000,3.7094
0.0500,30,1.0000,couzin,48,False,,0.9876,0.2997,0.6934,0.2746,9.4433,0.0000,51,70,84.1300,68.7275,0.5537,0.0199,True,,,,,,60.0000,3.9023
0.0500,30,1.0000,couzin,49,False,,0.9908,0.3205,0.6879,0.2725,8.7328,5.0000,0,0,73.3266,64.2280,0.5333,0.0000,True,,,,,,60.0000,3.5633
0.0500,30,1.0000,pacnav,0,False,,0.9900,0.9386,0.8287,0.2185,7.8419,5.0000,0,0,92.5694,71.6950,0.1560,0.0001,False,,,,,,60.0000,9.4424
0.0500,30,1.0000,pacnav,1,False,2091.0000,0.9824,0.9540,0.9711,0.3240,9.5637,0.0000,1,1,119.7707,81.6123,0.4637,0.0083,False,,,0.0000,,,60.0000,17.0557
0.0500,30,1.0000,pacnav,2,True,2115.0000,0.9986,0.9611,0.9830,0.3092,9.3161,5.0000,0,0,128.1299,87.0596,0.6139,0.0012,False,,,0.0000,,,60.0000,8.7080
0.0500,30,1.0000,pacnav,3,True,2103.0000,0.9874,0.9159,0.9704,0.3125,9.4065,5.0000,0,0,158.6172,76.7185,0.6692,0.0182,False,,,0.0000,,,60.0000,8.2973
0.0500,30,1.0000,pacnav,4,True,2080.0000,0.9915,0.9676,0.9818,0.3120,10.1255,5.0000,0,0,108.5793,73.0302,0.4282,0.0014,False,,,0.0000,,,60.0000,8.3754
0.0500,30,1.0000,pacnav,5,False,,0.9948,0.8971,0.8280,0.2240,7.8776,5.0000,0,0,214.3682,116.4710,0.6270,0.0119,False,,,,,,60.0000,8.8326
0.0500,30,1.0000,pacnav,6,True,2047.0000,0.9777,0.9641,0.9835,0.3187,9.7462,5.0000,0,0,97.9669,70.9271,0.2583,0.0002,False,,,0.0000,,,60.0000,16.2588
0.0500,30,1.0000,pacnav,7,True,2120.0000,0.9891,0.9610,0.9788,0.3071,9.6527,5.0000,0,0,132.6867,77.7055,0.5290,0.0128,False,,,0.0000,,,60.0000,8.6515
0.0500,30,1.0000,pacnav,8,True,2040.0000,0.9954,0.9565,0.9693,0.3316,9.3755,5.0000,0,0,234.0584,108.6091,0.8956,0.0138,False,,,0.0000,,,60.0000,8.7487
0.0500,30,1.0000,pacnav,9,False,,0.9928,0.9185,0.8129,0.2197,8.7207,5.0000,0,0,195.2040,107.8923,0.6070,0.0094,False,,,,,,60.0000,7.8468
0.0500,30,1.0000,pacnav,10,True,2121.0000,0.9811,0.9144,0.9796,0.3070,9.4905,5.0000,0,0,113.4708,81.9936,0.3935,0.0003,False,,,0.0000,,,60.0000,8.1449
0.0500,30,1.0000,pacnav,11,True,2003.0000,0.9857,0.9612,0.9719,0.3288,9.5537,5.0000,0,0,103.0585,70.0629,0.1996,0.0011,False,,,0.0000,,,60.0000,3.4514
0.0500,30,1.0000,pacnav,12,True,1963.0000,0.9894,0.9694,0.9742,0.3318,9.8351,5.0000,0,0,106.4538,73.0567,0.2581,0.0053,False,,,9.0000,,,60.0000,3.7261
0.0500,30,1.0000,pacnav,13,True,2147.0000,0.9882,0.9441,0.9299,0.3107,9.0271,5.0000,0,0,174.6268,86.6303,0.7360,0.0003,False,,,0.0000,,,60.0000,3.7907
0.0500,30,1.0000,pacnav,14,True,2078.0000,0.9863,0.9708,0.9787,0.3182,9.8807,5.0000,0,0,96.2061,71.3521,0.2155,0.0037,False,,,0.0000,,,60.0000,7.7219
0.0500,30,1.0000,pacnav,15,True,2027.0000,0.9872,0.9723,0.9696,0.3213,9.7562,5.0000,0,0,94.8992,70.7730,0.1326,0.0007,False,,,0.0000,,,60.0000,3.4629
0.0500,30,1.0000,pacnav,16,False,2218.0000,0.9941,0.9273,0.9133,0.3046,9.6266,0.0000,1,14,116.4878,83.4004,0.2542,0.0002,False,,,55.0000,,,60.0000,4.9749
0.0500,30,1.0000,pacnav,17,True,2095.0000,0.9942,0.9472,0.9787,0.3111,9.6130,5.0000,0,0,111.1222,81.6967,0.5115,0.0074,False,,,14.0000,,,60.0000,3.7219
0.0500,30,1.0000,pacnav,18,True,2069.0000,0.9835,0.9489,0.9784,0.3210,8.7306,4.9980,0,0,274.9807,133.6230,0.7763,0.0163,False,,,1.0000,,,60.0000,3.8995
0.0500,30,1.0000,pacnav,19,True,2118.0000,0.9856,0.8575,0.9668,0.3087,9.1625,5.0000,0,0,105.4176,71.0302,0.1010,0.0002,False,,,0.0000,,,60.0000,5.1160
0.0500,30,1.0000,pacnav,20,True,2065.0000,0.9863,0.9617,0.9844,0.3140,9.0127,5.0000,0,0,102.7123,72.2189,0.3166,0.0023,False,,,0.0000,,,60.0000,3.8103
0.0500,30,1.0000,pacnav,21,True,2094.0000,0.9963,0.9587,0.9808,0.3117,9.7495,5.0000,0,0,117.7284,81.3830,0.4248,0.0039,False,,,0.0000,,,60.0000,3.4443
0.0500,30,1.0000,pacnav,22,False,,0.9940,0.9298,0.8148,0.2204,9.1474,5.0000,0,0,81.2561,66.3010,0.0310,0.0002,False,,,,,,60.0000,3.8306
0.0500,30,1.0000,pacnav,23,False,,0.9897,0.9574,0.8038,0.2243,8.0283,5.0000,0,0,85.3514,69.3683,0.1680,0.0004,False,,,,,,60.0000,3.3997
0.0500,30,1.0000,pacnav,24,True,2085.0000,0.9825,0.9710,0.9594,0.3279,9.7085,5.0000,0,0,87.3394,66.6067,0.1016,0.0025,False,,,0.0000,,,60.0000,3.8358
0.0500,30,1.0000,pacnav,25,True,2099.0000,0.9918,0.9595,0.9788,0.3114,9.6559,5.0000,0,0,88.2731,65.4117,0.1252,0.0017,False,,,0.0000,,,60.0000,3.8762
0.0500,30,1.0000,pacnav,26,True,1989.0000,0.9905,0.9398,0.9501,0.3299,8.9994,5.0000,0,0,252.4200,125.3701,0.9231,0.0263,False,,,4.0000,,,60.0000,3.7636
0.0500,30,1.0000,pacnav,27,True,2098.0000,0.9819,0.8791,0.9817,0.3071,9.3104,5.0000,0,0,95.1314,67.5583,0.2620,0.0045,False,,,0.0000,,,60.0000,9.0032
0.0500,30,1.0000,pacnav,28,True,2127.0000,0.9917,0.9631,0.9806,0.3053,9.7535,5.0000,0,0,88.7773,66.6493,0.1255,0.0006,False,,,0.0000,,,60.0000,3.7810
0.0500,30,1.0000,pacnav,29,True,2111.0000,0.9895,0.9600,0.9762,0.3142,9.2547,5.0000,0,0,157.4378,76.6025,0.6056,0.0034,False,,,0.0000,,,60.0000,3.5869
0.0500,30,1.0000,pacnav,30,True,2085.0000,0.9860,0.9601,0.9770,0.3148,9.7143,5.0000,0,0,125.7266,83.3583,0.4377,0.0008,False,,,0.0000,,,60.0000,3.3560
0.0500,30,1.0000,pacnav,31,True,2070.0000,0.9897,0.9587,0.9780,0.3135,9.8512,5.0000,0,0,93.8410,66.6178,0.0087,0.0003,False,,,0.0000,,,60.0000,3.5109
0.0500,30,1.0000,pacnav,32,True,2013.0000,0.9886,0.9567,0.9709,0.3300,9.2655,5.0000,0,0,117.5681,69.5784,0.3734,0.0142,False,,,0.0000,,,60.0000,3.5670
0.0500,30,1.0000,pacnav,33,True,2050.0000,0.9912,0.9582,0.9776,0.3173,9.2658,5.0000,0,0,152.9429,86.9697,0.8776,0.0079,False,,,0.0000,,,60.0000,2.9916
0.0500,30,1.0000,pacnav,34,True,2097.0000,0.9781,0.8944,0.9639,0.3082,9.3235,5.0000,0,0,126.4630,72.9711,0.5038,0.0117,False,,,0.0000,,,60.0000,8.3592
0.0500,30,1.0000,pacnav,35,False,,0.9749,0.7528,0.8347,0.2210,8.1795,5.0000,0,0,93.0147,69.4104,0.2403,0.0042,False,,,,,,60.0000,4.9819
0.0500,30,1.0000,pacnav,36,True,2121.0000,0.9945,0.9641,0.9741,0.3084,9.8469,5.0000,0,0,99.9722,68.6262,0.0806,0.0005,False,,,18.0000,,,60.0000,7.0685
0.0500,30,1.0000,pacnav,37,False,,0.9916,0.8735,0.8372,0.2221,7.1280,5.0000,0,0,203.5853,111.3745,0.6013,0.0005,False,,,,,,60.0000,3.3565
0.0500,30,1.0000,pacnav,38,True,2261.0000,0.9749,0.8744,0.9354,0.2884,9.5064,5.0000,0,0,103.7255,75.2404,0.1910,0.0013,False,,,0.0000,,,60.0000,6.7365
0.0500,30,1.0000,pacnav,39,True,2081.0000,0.9854,0.9657,0.9792,0.3136,9.8383,4.9996,0,0,97.9319,72.1998,0.2085,0.0033,False,,,0.0000,,,60.0000,3.6680
0.0500,30,1.0000,pacnav,40,True,2076.0000,0.9927,0.9667,0.9725,0.3152,10.0006,5.0000,0,0,121.0911,75.7796,0.5855,0.0004,False,,,0.0000,,,60.0000,3.6972
0.0500,30,1.0000,pacnav,41,True,2004.0000,0.9920,0.9574,0.9622,0.3389,9.6258,4.9668,0,6,87.5458,65.7448,0.0758,0.0002,False,,,8.0000,,,60.0000,3.6167
0.0500,30,1.0000,pacnav,42,True,2138.0000,0.9828,0.9564,0.9664,0.3042,9.7552,5.0000,0,0,94.5154,66.6582,0.1608,0.0014,False,,,0.0000,,,60.0000,3.8556
0.0500,30,1.0000,pacnav,43,True,2075.0000,0.9789,0.8901,0.9708,0.3126,9.4507,5.0000,0,0,152.8595,77.3436,0.4908,0.0128,False,,,0.0000,,,60.0000,7.8775
0.0500,30,1.0000,pacnav,44,True,2067.0000,0.9855,0.9632,0.9850,0.3140,9.2878,5.0000,0,0,101.6124,75.6356,0.3743,0.0062,False,,,0.0000,,,60.0000,3.5681
0.0500,30,1.0000,pacnav,45,True,2092.0000,0.9817,0.9558,0.9739,0.3114,8.9730,4.9997,0,0,101.1506,76.7335,0.3899,0.0029,False,,,0.0000,,,60.0000,3.3124
0.0500,30,1.0000,pacnav,46,False,,0.9834,0.9146,0.7955,0.2247,8.9372,5.0000,0,0,94.5835,68.7570,0.1823,0.0023,False,,,,,,60.0000,3.8165
0.0500,30,1.0000,pacnav,47,True,2017.0000,0.9933,0.9583,0.9750,0.3248,9.2212,5.0000,0,0,118.4041,75.5864,0.5312,0.0083,False,,,0.0000,,,60.0000,3.9753
0.0500,30,1.0000,pacnav,48,False,2245.0000,0.9834,0.9127,0.9504,0.2940,9.1399,0.0000,2,10,110.4483,73.5668,0.4230,0.0058,True,,,0.0000,,,60.0000,6.9572
0.0500,30,1.0000,pacnav,49,False,,0.9916,0.9174,0.8355,0.2171,8.9018,5.0000,0,0,145.6141,80.9649,0.4743,0.0129,False,,,,,,60.0000,3.6264
0.0500,30,1.0000,petracek,0,False,,0.9820,0.1946,0.6126,0.2306,5.1769,5.0000,0,0,63.8116,51.6536,0.0000,0.0000,False,,,,,,60.0000,27.1927
0.0500,30,1.0000,petracek,1,False,,0.9821,0.2419,0.6153,0.2534,5.1283,5.0000,0,0,59.1277,52.7369,0.0000,0.0000,False,,,,,,60.0000,19.4421
0.0500,30,1.0000,petracek,2,False,,0.9896,0.2657,0.6122,0.2481,5.1465,4.8870,0,7,64.3097,48.8206,0.0000,0.0000,False,,,,,,60.0000,27.1299
0.0500,30,1.0000,petracek,3,False,,0.9806,0.2187,0.6146,0.2253,5.0699,5.0000,0,0,57.1054,51.7399,0.0000,0.0000,False,,,,,,60.0000,26.7860
0.0500,30,1.0000,petracek,4,False,,0.9876,0.1835,0.6149,0.2608,5.0406,5.0000,0,0,58.9492,50.3473,0.0000,0.0000,False,,,,,,60.0000,27.3439
0.0500,30,1.0000,petracek,5,False,,0.9845,0.2042,0.6132,0.2287,5.0351,5.0000,0,0,57.6071,47.8267,0.0000,0.0000,False,,,,,,60.0000,26.6977
0.0500,30,1.0000,petracek,6,False,,0.9780,0.2366,0.6091,0.2646,5.1543,5.0000,0,0,66.0931,51.8879,0.0000,0.0000,False,,,,,,60.0000,27.1185
0.0500,30,1.0000,petracek,7,False,,0.9807,0.1818,0.6110,0.2322,5.1662,5.0000,0,0,62.0325,51.2610,0.0000,0.0000,False,,,,,,60.0000,19.0759
0.0500,30,1.0000,petracek,8,False,,0.9838,0.2169,0.6159,0.2317,5.1440,5.0000,0,0,63.8174,50.3141,0.0000,0.0000,False,,,,,,60.0000,20.0002
0.0500,30,1.0000,petracek,9,True,662.0000,0.9809,0.9544,0.9931,0.9659,5.2254,5.0000,0,0,71.7670,49.0683,0.0000,0.0000,False,,,0.0000,,,60.0000,23.5309
0.0500,30,1.0000,petracek,10,False,,0.9951,0.1164,0.6206,0.2500,5.9857,5.0000,0,0,70.4934,61.3809,0.0000,0.0000,False,,,,,,60.0000,3.2817
0.0500,30,1.0000,petracek,11,False,,0.9834,0.2211,0.6131,0.2438,5.0759,5.0000,0,0,61.6647,49.2774,0.0000,0.0000,False,,,,,,60.0000,12.6764
0.0500,30,1.0000,petracek,12,False,,0.9857,0.2288,0.6131,0.2752,5.2030,5.0000,0,0,61.1007,48.2960,0.0000,0.0000,False,,,,,,60.0000,12.0329
0.0500,30,1.0000,petracek,13,False,,0.9835,0.2031,0.6081,0.2438,5.1591,5.0000,0,0,64.1882,49.8481,0.0000,0.0000,False,,,,,,60.0000,12.2496
0.0500,30,1.0000,petracek,14,False,,0.9860,0.1865,0.6158,0.2479,5.3057,5.0000,0,0,59.7652,52.0399,0.0000,0.0000,False,,,,,,60.0000,11.4298
0.0500,30,1.0000,petracek,15,True,658.0000,0.9805,0.9615,0.9896,0.9738,5.6576,5.0000,0,0,65.2887,48.8356,0.0000,0.0000,False,,,0.0000,,,60.0000,12.3009
0.0500,30,1.0000,petracek,16,True,663.0000,0.9845,0.9502,0.9950,0.9700,5.6727,5.0000,0,0,64.7635,47.6842,0.0000,0.0000,False,,,0.0000,,,60.0000,11.7213
0.0500,30,1.0000,petracek,17,False,,0.9793,0.2255,0.6205,0.2920,5.1020,5.0000,0,0,62.4223,54.3149,0.0000,0.0000,False,,,,,,60.0000,9.8921
0.0500,30,1.0000,petracek,18,False,,0.9841,0.2508,0.6143,0.2390,5.1194,0.0000,2,2,62.0030,52.6588,0.0000,0.0000,False,,,,,,60.0000,9.3295
0.0500,30,1.0000,petracek,19,True,703.0000,0.9857,0.8980,0.9819,0.9178,5.5554,5.0000,0,0,61.5731,45.8576,0.0000,0.0000,False,,,0.0000,,,60.0000,9.9856
0.0500,30,1.0000,petracek,20,False,,0.9788,0.1953,0.6182,0.2401,5.0600,5.0000,0,0,59.5082,51.1640,0.0000,0.0000,False,,,,,,60.0000,13.7722
0.0500,30,1.0000,petracek,21,False,,0.9833,0.2056,0.6130,0.2270,5.0697,5.0000,0,0,60.5514,51.1563,0.0000,0.0000,False,,,,,,60.0000,12.7964
0.0500,30,1.0000,petracek,22,False,,0.9860,0.1893,0.6160,0.2596,5.1761,5.0000,0,0,62.4573,51.3130,0.0000,0.0000,False,,,,,,60.0000,13.4089
0.0500,30,1.0000,petracek,23,True,711.0000,0.9901,0.8954,0.9805,0.9111,5.9334,5.0000,0,0,66.4982,46.9817,0.0000,0.0000,False,,,0.0000,,,60.0000,12.8625
0.0500,30,1.0000,petracek,24,False,,0.9817,0.2647,0.6089,0.2731,5.0938,5.0000,0,0,63.7379,49.3133,0.0000,0.0000,False,,,,,,60.0000,13.1611
0.0500,30,1.0000,petracek,25,False,,0.9905,0.1195,0.6186,0.2363,6.9127,5.0000,0,0,81.9555,69.7650,0.0000,0.0000,False,,,,,,60.0000,3.6070
0.0500,30,1.0000,petracek,26,False,,0.9844,0.2035,0.6131,0.2407,5.0644,5.0000,0,0,62.4846,50.1347,0.0000,0.0000,False,,,,,,60.0000,12.5247
0.0500,30,1.0000,petracek,27,False,,0.9822,0.2027,0.6156,0.2384,5.1541,4.9996,0,0,61.5886,53.1782,0.0000,0.0000,False,,,,,,60.0000,12.6611
0.0500,30,1.0000,petracek,28,False,,0.9832,0.2237,0.6158,0.2342,5.3165,5.0000,0,0,60.8032,52.6940,0.0000,0.0000,False,,,,,,60.0000,9.6092
0.0500,30,1.0000,petracek,29,False,,0.9922,0.0030,0.6179,0.2347,7.0651,5.0000,0,0,76.2883,66.3176,0.0000,0.0000,False,,,,,,60.0000,2.8479
0.0500,30,1.0000,petracek,30,False,,0.9757,0.2450,0.6095,0.2642,5.1782,5.0000,0,0,65.3969,55.2110,0.0000,0.0000,False,,,,,,60.0000,8.9080
0.0500,30,1.0000,petracek,31,False,,0.9919,0.0831,0.6191,0.2400,5.2975,5.0000,0,0,66.0901,60.6378,0.0000,0.0000,False,,,,,,60.0000,3.3732
0.0500,30,1.0000,petracek,32,False,,0.9799,0.2117,0.6092,0.2352,5.1613,5.0000,0,0,65.0498,52.9828,0.0000,0.0000,False,,,,,,60.0000,9.4687
0.0500,30,1.0000,petracek,33,False,,0.9919,0.6215,0.6232,0.2621,6.3739,5.0000,0,0,78.3371,64.1541,0.0000,0.0000,False,,,,,,60.0000,3.6412
0.0500,30,1.0000,petracek,34,False,,0.9779,0.2333,0.6136,0.2580,5.1800,5.0000,0,0,63.1111,53.3476,0.0000,0.0000,False,,,,,,60.0000,12.9329
0.0500,30,1.0000,petracek,35,False,,0.9735,0.1681,0.6079,0.2547,5.3035,5.0000,0,0,67.5949,51.8055,0.0000,0.0000,False,,,,,,60.0000,12.5778
0.0500,30,1.0000,petracek,36,False,,0.9869,0.1893,0.6107,0.2498,5.1927,5.0000,0,0,59.7571,50.8239,0.0000,0.0000,False,,,,,,60.0000,12.6656
0.0500,30,1.0000,petracek,37,False,,0.9789,0.2593,0.6146,0.2308,5.2596,5.0000,0,0,59.2635,52.2633,0.0000,0.0000,False,,,,,,60.0000,13.5322
0.0500,30,1.0000,petracek,38,False,,0.9781,0.1757,0.6097,0.2374,5.0428,4.9935,0,0,69.9411,49.0872,0.0000,0.0000,False,,,,,,60.0000,11.1809
0.0500,30,1.0000,petracek,39,False,,0.9791,0.2601,0.6135,0.2385,5.1090,5.0000,0,0,64.7681,53.4492,0.0000,0.0000,False,,,,,,60.0000,11.1665
0.0500,30,1.0000,petracek,40,False,,0.9853,0.2174,0.6122,0.2357,5.0195,5.0000,0,0,61.0125,48.6969,0.0000,0.0000,False,,,,,,60.0000,10.3778
0.0500,30,1.0000,petracek,41,True,662.0000,0.9823,0.9541,0.9945,0.9680,5.4966,5.0000,0,0,73.0072,48.1763,0.0000,0.0000,False,,,0.0000,,,60.0000,8.8086
0.0500,30,1.0000,petracek,42,False,,0.9772,0.1937,0.6092,0.2410,5.0847,5.0000,0,0,66.9075,49.4952,0.0000,0.0000,False,,,,,,60.0000,8.6637
0.0500,30,1.0000,petracek,43,False,,0.9919,0.5509,0.6157,0.2983,5.7858,5.0000,0,0,75.3871,64.7037,0.0000,0.0000,False,,,,,,60.0000,3.4434
0.0500,30,1.0000,petracek,44,False,,0.9809,0.2317,0.6150,0.2646,5.1451,5.0000,0,0,58.9207,51.4769,0.0000,0.0000,False,,,,,,60.0000,13.0167
0.0500,30,1.0000,petracek,45,False,,0.9894,0.0697,0.6174,0.2456,5.8071,5.0000,0,0,74.5912,62.1658,0.0000,0.0000,False,,,,,,60.0000,4.0397
0.0500,30,1.0000,petracek,46,False,,0.9829,0.2071,0.6098,0.2463,5.1467,5.0000,0,0,61.9229,45.5804,0.0000,0.0000,False,,,,,,60.0000,10.0771
0.0500,30,1.0000,petracek,47,False,,0.9810,0.1840,0.6115,0.2602,5.0923,5.0000,0,0,59.1108,51.2588,0.0000,0.0000,False,,,,,,60.0000,3.7513
0.0500,30,1.0000,petracek,48,False,,0.9796,0.2677,0.6133,0.2493,5.1286,5.0000,0,0,62.3377,52.8192,0.0000,0.0000,False,,,,,,60.0000,12.7194
0.0500,30,1.0000,petracek,49,False,,0.9822,0.2116,0.6137,0.2467,5.2251,4.9999,0,0,70.6307,51.5379,0.0000,0.0000,False,,,,,,60.0000,12.7189
