round,order,heading_accuracy,mean_speed,normalized_mean_speed,minimum_distance,component_count,largest_component_fraction,swarm_radius,centroid_distance,arrived_fraction
0,-0.026799,,1.594473,1.062982,5.000000,1,1.000000,43.749190,978.825627,0.000000
1,-0.025997,0.779146,1.352504,0.901669,5.000000,1,1.000000,43.694161,978.689575,0.000000
2,-0.028094,0.781014,1.367655,0.911770,5.051135,1,1.000000,44.139252,978.546600,0.000000
3,-0.017054,0.951036,1.386098,0.924066,5.634533,1,1.000000,45.174204,978.316493,0.000000
4,-0.006995,0.912661,1.292362,0.861575,5.760658,1,1.000000,46.211224,978.073746,0.000000
5,0.000691,0.949502,1.127706,0.751804,6.080790,1,1.000000,47.053143,977.875073,0.000000
6,-0.005855,0.991489,1.068255,0.712170,6.395563,1,1.000000,48.126328,977.627571,0.000000
7,-0.006354,0.994730,0.974354,0.649569,6.550900,1,1.000000,48.628050,977.434800,0.000000
8,0.002832,0.928672,0.860262,0.573508,6.347789,1,1.000000,49.342245,977.199260,0.000000
9,0.039671,0.902658,0.867604,0.578403,6.380403,1,1.000000,48.936286,976.934059,0.000000
10,0.035910,0.992194,0.781200,0.520800,7.079839,1,1.000000,48.546823,976.616669,0.000000
11,0.074929,0.888991,0.831348,0.554232,7.029459,1,1.000000,47.892911,976.316422,0.000000
12,0.147400,0.991965,0.727158,0.484772,6.917611,1,1.000000,47.708096,975.871586,0.000000
13,0.088361,0.985958,0.884026,0.589351,7.032869,1,1.000000,46.855548,975.488386,0.000000
14,0.329263,0.985290,0.778463,0.518975,7.170986,1,1.000000,46.139560,974.993534,0.000000
15,0.370079,0.954807,0.956570,0.637713,7.138087,1,1.000000,46.158045,974.392044,0.000000
16,0.431139,0.916153,0.885853,0.590569,6.876703,1,1.000000,46.465317,973.834086,0.000000
17,0.428737,0.975919,0.857469,0.571646,6.986941,1,1.000000,46.613225,973.235520,0.000000
18,0.451278,0.998513,0.906257,0.604171,7.004183,1,1.000000,46.759427,972.618420,0.000000
19,0.409567,0.993991,0.932777,0.621851,6.802767,1,1.000000,46.813089,971.974860,0.000000
20,0.452675,0.989528,0.985744,0.657163,6.802508,1,1.000000,46.961607,971.301782,0.000000
21,0.491101,0.990354,1.026345,0.684230,7.248535,1,1.000000,47.043371,970.554977,0.000000
22,0.626881,0.966566,0.831030,0.554020,7.827473,1,1.000000,47.163792,969.878581,0.000000
23,0.522873,0.963402,0.934203,0.622802,8.330216,1,1.000000,46.934380,969.161524,0.000000
24,0.556780,0.958263,0.933864,0.622576,7.699918,1,1.000000,46.954082,968.444544,0.000000
25,0.607494,0.955430,0.957528,0.638352,7.636296,1,1.000000,46.694093,967.688977,0.000000
26,0.642858,0.975157,0.964603,0.643068,7.894966,1,1.000000,46.537440,966.898306,0.000000
27,0.521813,0.975175,0.917868,0.611912,7.889707,1,1.000000,46.111157,966.205028,0.000000
28,0.527398,0.997974,0.970617,0.647078,7.512730,1,1.000000,45.801012,965.471586,0.000000
29,0.609963,0.996158,0.988648,0.659099,7.136473,1,1.000000,45.191584,964.726353,0.000000
30,0.646013,0.976626,1.035226,0.690151,7.170809,1,1.000000,44.835288,963.881582,0.000000
31,0.616062,0.996208,0.949784,0.633189,7.186855,1,1.000000,44.170386,963.128420,0.000000
32,0.589339,0.984904,1.090213,0.726809,6.372723,1,1.000000,43.892924,962.243091,0.000000
33,0.555624,0.988782,0.966647,0.644431,6.478376,1,1.000000,43.243991,961.441563,0.000000
34,0.554677,0.991001,0.999517,0.666345,6.510802,1,1.000000,42.996125,960.597453,0.000000
35,0.652801,0.995464,0.922763,0.615175,6.657727,1,1.000000,42.206630,959.816137,0.000000
36,0.593235,0.979256,1.079185,0.719457,6.465118,1,1.000000,42.030206,958.974124,0.000000
37,0.452675,0.993775,1.050976,0.700650,6.015353,1,1.000000,41.884611,958.233647,0.000000
38,0.481715,0.994670,0.991454,0.660970,6.254321,1,1.000000,41.863685,957.524014,0.000000
39,0.471199,0.997399,1.039596,0.693064,6.646972,1,1.000000,41.360591,956.758493,0.000000
40,0.345779,0.949050,1.022033,0.681355,6.777645,1,1.000000,40.993718,956.089759,0.000000
41,0.581157,0.915518,1.012005,0.674670,6.558911,1,1.000000,40.764208,955.326568,0.000000
42,0.599216,0.941203,0.990626,0.660418,6.211798,1,1.000000,40.636115,954.575702,0.000000
43,0.529257,0.961530,0.922410,0.614940,6.352453,1,1.000000,40.406172,953.865962,0.000000
44,0.565923,0.940571,0.924699,0.616466,5.892107,1,1.000000,40.466273,953.113265,0.000000
45,0.718789,0.958701,0.949934,0.633289,6.153043,1,1.000000,40.848778,952.272054,0.000000
46,0.599608,0.931052,1.011870,0.674580,6.149050,1,1.000000,40.935268,951.450604,0.000000
47,0.667916,0.966679,1.084054,0.722703,6.147809,1,1.000000,41.426669,950.565903,0.000000
48,0.755518,0.974343,0.948896,0.632598,6.022643,1,1.000000,41.502529,949.724167,0.000000
49,0.673015,0.998198,1.117575,0.745050,5.875479,1,1.000000,41.972936,948.790779,0.000000
50,0.612995,0.954665,1.067690,0.711793,7.062608,1,1.000000,41.729696,947.946862,0.000000
51,0.830634,0.991252,0.996198,0.664132,6.637020,1,1.000000,42.320127,947.052617,0.000000
52,0.801686,0.987579,0.824983,0.549989,6.514488,1,1.000000,42.245796,946.306990,0.000000
53,0.879548,0.995533,0.852116,0.568077,6.436557,1,1.000000,42.925474,945.517575,0.000000
54,0.791266,0.973794,0.906499,0.604332,6.537159,1,1.000000,42.727780,944.723589,0.000000
55,0.906060,0.999644,0.851763,0.567842,6.688845,1,1.000000,42.710792,943.911465,0.000000
56,0.892491,0.997988,0.910006,0.606670,6.674246,1,1.000000,43.062452,943.049241,0.000000
57,0.814164,0.985801,0.826241,0.550827,6.848129,1,1.000000,43.737345,942.299423,0.000000
58,0.745598,0.989603,0.803520,0.535680,6.969645,1,1.000000,43.505117,941.605192,0.000000
59,0.810991,0.978722,0.913270,0.608847,7.084122,1,1.000000,43.593447,940.769702,0.000000
60,0.866604,0.986063,0.819034,0.546022,7.450484,1,1.000000,44.258859,940.006654,0.000000
61,0.707138,0.976979,0.854640,0.569760,7.749119,1,1.000000,44.390583,939.292534,0.000000
62,0.736426,0.979359,0.926705,0.617804,7.701869,1,1.000000,44.343874,938.477275,0.000000
63,0.744001,0.978960,0.886895,0.591263,8.103047,1,1.000000,43.850471,937.694302,0.000000
64,0.724198,0.994296,0.770631,0.513754,8.347104,1,1.000000,43.535327,937.026839,0.000000
65,0.784829,0.983537,0.964826,0.643217,8.320879,1,1.000000,43.207794,936.153126,0.000000
66,0.693734,0.970114,0.802663,0.535109,8.343372,1,1.000000,42.621754,935.438253,0.000000
67,0.718285,0.979910,0.767489,0.511659,8.427354,1,1.000000,43.201416,934.778531,0.000000
68,0.700040,0.985584,0.791409,0.527606,8.750000,1,1.000000,43.240369,934.086395,0.000000
69,0.716549,0.961630,0.852602,0.568402,9.141337,1,1.000000,43.004502,933.323470,0.000000
70,0.575792,0.926789,0.777634,0.518423,8.575523,1,1.000000,42.250182,932.715188,0.000000
71,0.665880,0.964419,0.668995,0.445997,8.303563,1,1.000000,42.753599,932.134781,0.000000
72,0.592435,0.948993,0.694706,0.463137,8.576950,1,1.000000,42.857281,931.552857,0.000000
73,0.562768,0.989221,0.665675,0.443784,8.876414,1,1.000000,42.065706,930.986809,0.000000
74,0.372925,0.985708,0.582102,0.388068,9.199410,1,1.000000,42.439329,930.586582,0.000000
75,0.566239,0.993748,0.623865,0.415910,9.430649,1,1.000000,42.446684,930.083305,0.000000
76,0.530294,0.935366,0.700496,0.466997,9.198502,1,1.000000,41.922721,929.557684,0.000000
77,0.723053,0.996574,0.695870,0.463913,8.525915,1,1.000000,41.256521,928.961184,0.000000
78,0.722059,0.951338,0.681046,0.454031,9.253633,1,1.000000,41.821233,928.385426,0.000000
79,0.704566,0.981694,0.676186,0.450791,9.187282,1,1.000000,41.999126,927.790250,0.000000
80,0.696792,0.992718,0.700156,0.466771,9.112302,1,1.000000,41.825870,927.201468,0.000000
81,0.718522,0.987810,0.699242,0.466161,9.603865,1,1.000000,40.980992,926.589983,0.000000
82,0.697606,0.995605,0.681448,0.454299,9.426321,1,1.000000,41.521579,925.983324,0.000000
83,0.667226,0.981476,0.601024,0.400683,9.252579,1,1.000000,41.252307,925.497073,0.000000
84,0.787202,0.989783,0.713967,0.475978,9.422475,1,1.000000,40.943585,924.877362,0.000000
85,0.748408,0.981109,0.598920,0.399280,9.575470,1,1.000000,41.132376,924.339843,0.000000
86,0.540906,0.959823,0.556411,0.370941,9.705800,1,1.000000,41.154712,923.896809,0.000000
87,0.446430,0.991256,0.632068,0.421379,10.149194,1,1.000000,41.015339,923.459399,0.000000
88,0.740574,0.992083,0.685164,0.456776,9.956709,1,1.000000,41.039053,922.840457,0.000000
89,0.689193,0.983344,0.507379,0.338253,9.863235,1,1.000000,41.048968,922.382571,0.000000
90,0.701089,0.994154,0.630240,0.420160,9.765287,1,1.000000,41.056731,921.848261,0.000000
91,0.683442,0.990844,0.671520,0.447680,9.175319,1,1.000000,41.139576,921.302114,0.000000
92,0.521117,0.990474,0.663554,0.442369,8.706053,1,1.000000,41.352786,920.786609,0.000000
93,0.830040,0.950022,0.713964,0.475976,9.112728,1,1.000000,41.466629,920.128774,0.000000
94,0.859112,0.985717,0.568725,0.379150,8.879656,1,1.000000,41.640732,919.598619,0.000000
95,0.716774,0.962757,0.693645,0.462430,8.725223,1,1.000000,41.743570,919.015956,0.000000
96,0.757988,0.961017,0.593922,0.395948,8.629862,1,1.000000,41.894466,918.481449,0.000000
97,0.709773,0.900072,0.756025,0.504017,8.566035,1,1.000000,42.032452,917.873772,0.000000
98,0.812520,0.930273,0.762522,0.508348,8.174998,1,1.000000,42.081195,917.192864,0.000000
99,0.887218,0.943246,0.698733,0.465822,7.729756,1,1.000000,42.078739,916.540378,0.000000
100,0.818301,0.944304,0.702410,0.468273,7.530418,1,1.000000,42.076812,915.898288,0.000000
101,0.834121,0.905770,0.781935,0.521290,6.820912,1,1.000000,42.153356,915.221812,0.000000
102,0.836780,0.919264,0.784829,0.523219,7.010945,1,1.000000,42.352185,914.530557,0.000000
103,0.802928,0.934518,0.876087,0.584058,6.586387,1,1.000000,42.565838,913.765761,0.000000
104,0.858461,0.958408,0.826769,0.551180,6.308294,1,1.000000,42.715879,913.012803,0.000000
105,0.772841,0.923088,0.828202,0.552135,6.345093,1,1.000000,42.922742,912.294025,0.000000
106,0.752407,0.958713,0.875068,0.583378,6.552781,1,1.000000,43.064296,911.546490,0.000000
107,0.642888,0.931311,0.907500,0.605000,6.792093,1,1.000000,43.288922,910.790584,0.000000
108,0.681117,0.971660,0.904072,0.602715,5.898260,1,1.000000,43.407262,910.057063,0.000000
109,0.549921,0.920231,0.865674,0.577116,6.814610,1,1.000000,43.596164,909.395738,0.000000
110,0.779206,0.959353,0.902147,0.601432,8.158244,1,1.000000,43.763866,908.611010,0.000000
111,0.696095,0.928205,0.757304,0.504870,8.373179,1,1.000000,43.924285,907.988971,0.000000
112,0.811465,0.952975,0.828074,0.552049,8.334819,1,1.000000,44.098285,907.252562,0.000000
113,0.772213,0.930956,0.709076,0.472717,8.582941,1,1.000000,44.247197,906.646140,0.000000
114,0.588076,0.979274,0.839454,0.559636,8.829807,1,1.000000,44.319797,905.965645,0.000000
115,0.753817,0.961558,0.777138,0.518092,8.826386,1,1.000000,44.444590,905.294076,0.000000
116,0.549911,0.939786,0.737086,0.491390,7.924822,1,1.000000,44.547598,904.742638,0.000000
117,0.502165,0.975030,0.901107,0.600738,7.430681,1,1.000000,44.622167,904.131600,0.000000
118,0.436806,0.933905,0.755229,0.503486,7.278501,1,1.000000,44.734956,903.619414,0.000000
119,0.479973,0.874069,0.865240,0.576826,8.443291,1,1.000000,44.948715,903.082465,0.000000
120,0.346253,0.951692,0.709472,0.472982,8.727122,1,1.000000,45.001749,902.612927,0.000000
121,0.506714,0.918824,0.745647,0.497098,8.509267,1,1.000000,45.139478,902.067250,0.000000
122,0.482622,0.896186,0.755414,0.503609,8.342754,1,1.000000,45.299253,901.574084,0.000000
123,0.304097,0.871994,0.728404,0.485602,8.547863,1,1.000000,45.440885,901.165344,0.000000
124,0.262382,0.910361,0.801524,0.534349,8.428525,1,1.000000,45.534775,900.737619,0.000000
125,0.304732,0.986467,0.741429,0.494286,8.984587,1,1.000000,45.531791,900.279611,0.000000
126,0.156170,0.928967,0.720568,0.480379,8.550286,1,1.000000,45.582007,899.879623,0.000000
127,0.346976,0.903120,0.812567,0.541711,7.157000,1,1.000000,45.718200,899.396559,0.000000
128,0.250405,0.849177,0.791454,0.527636,7.235429,1,1.000000,45.849612,899.035867,0.000000
129,0.106889,0.897009,0.745523,0.497015,6.453244,1,1.000000,45.922026,898.682946,0.000000
130,0.307710,0.789139,0.910649,0.607099,6.757071,1,1.000000,46.217352,898.246689,0.000000
131,0.450761,0.867087,0.882672,0.588448,7.835425,1,1.000000,46.459789,897.686155,0.000000
132,0.305960,0.964863,0.905904,0.603936,8.910952,1,1.000000,46.513991,897.162341,0.000000
133,0.249753,0.984679,0.746714,0.497810,9.067637,1,1.000000,46.503239,896.756630,0.000000
134,0.281376,0.921507,0.796365,0.530910,8.954605,1,1.000000,46.617085,896.252590,0.000000
135,0.437254,0.981576,0.774128,0.516085,8.587068,1,1.000000,46.658064,895.717778,0.000000
136,0.257751,0.932971,0.705111,0.470074,8.588171,1,1.000000,46.687263,895.342398,0.000000
137,0.385439,0.996496,0.761639,0.507759,8.768182,1,1.000000,46.693634,894.825809,0.000000
138,0.398397,0.922391,0.762118,0.508078,8.710196,1,1.000000,46.806901,894.313148,0.000000
139,0.664263,0.965274,0.842898,0.561932,8.646605,1,1.000000,46.914867,893.641176,0.000000
140,0.400203,0.930409,0.827001,0.551334,8.525031,1,1.000000,47.008753,893.157997,0.000000
141,0.567399,0.941119,0.718764,0.479176,8.258355,1,1.000000,47.109464,892.618926,0.000000
142,0.540221,0.966425,0.884237,0.589491,8.262948,1,1.000000,47.080748,891.952864,0.000000
143,0.595640,0.900645,0.800091,0.533394,8.362364,1,1.000000,47.259377,891.386288,0.000000
144,0.607046,0.998295,0.894551,0.596367,8.276472,1,1.000000,47.297549,890.713571,0.000000
145,0.411257,0.968416,0.818725,0.545817,8.435136,1,1.000000,47.254492,890.133046,0.000000
146,0.586735,0.920261,0.846283,0.564189,8.613049,1,1.000000,47.441205,889.508339,0.000000
147,0.586943,0.943303,0.788177,0.525451,8.070206,1,1.000000,47.583618,888.869459,0.000000
148,0.665466,0.942499,0.862338,0.574892,7.610612,1,1.000000,47.743711,888.205279,0.000000
149,0.780180,0.850441,0.843533,0.562355,7.681516,1,1.000000,48.104473,887.541227,0.000000
150,0.808730,0.891419,0.732215,0.488143,7.937660,1,1.000000,48.347080,886.902315,0.000000
151,0.456255,0.890286,0.815125,0.543417,7.703327,1,1.000000,48.531858,886.364914,0.000000
152,0.592323,0.968590,0.835593,0.557062,8.028145,1,1.000000,48.662100,885.682584,0.000000
153,0.641616,0.877837,0.855872,0.570581,7.972791,1,1.000000,48.999770,884.977316,0.000000
154,0.709170,0.927704,0.585165,0.390110,7.918811,1,1.000000,49.103419,884.482187,0.000000
155,0.576338,0.908623,0.838609,0.559073,7.862585,1,1.000000,49.273022,883.908380,0.000000
156,0.693221,0.880865,0.807717,0.538478,8.170362,1,1.000000,49.575796,883.254627,0.000000
157,0.684913,0.969287,0.674923,0.449949,8.605259,1,1.000000,49.646309,882.691558,0.000000
158,0.625229,0.861635,0.840414,0.560276,8.619794,1,1.000000,49.933677,882.086547,0.000000
159,0.549171,0.953939,0.799161,0.532774,8.645384,1,1.000000,50.046991,881.486358,0.000000
160,0.770914,0.926492,0.783219,0.522146,8.433640,1,1.000000,50.240663,880.816685,0.000000
161,0.676956,0.983511,0.761563,0.507709,8.536576,1,1.000000,50.306772,880.206026,0.000000
162,0.617197,0.910930,0.764683,0.509788,8.035789,1,1.000000,50.501816,879.592829,0.000000
163,0.630726,0.889355,0.757459,0.504973,8.083151,1,1.000000,50.722605,879.010609,0.000000
164,0.672186,0.918047,0.820491,0.546994,7.629628,1,1.000000,50.919268,878.387523,0.000000
165,0.712119,0.909361,0.811610,0.541073,7.713985,1,1.000000,51.154065,877.720263,0.000000
166,0.823804,0.926349,0.857313,0.571542,6.949701,1,1.000000,51.392205,876.961584,0.000000
167,0.755142,0.895598,0.842376,0.561584,7.178425,1,1.000000,51.651395,876.294091,0.000000
168,0.718633,0.913446,0.893152,0.595435,6.433133,1,1.000000,51.930450,875.540555,0.000000
169,0.856378,0.899790,0.778317,0.518878,6.434642,1,1.000000,52.180368,874.861412,0.000000
170,0.781650,0.940555,0.788885,0.525923,6.252601,1,1.000000,52.355740,874.180429,0.000000
171,0.708133,0.892074,0.850836,0.567224,6.224650,1,1.000000,52.631864,873.501108,0.000000
172,0.831418,0.935304,0.964693,0.643128,6.235167,1,1.000000,52.921422,872.651140,0.000000
173,0.892015,0.908404,0.768353,0.512235,6.289565,1,1.000000,53.184109,871.955570,0.000000
174,0.864892,0.890504,0.852245,0.568164,6.155634,1,1.000000,53.514056,871.220777,0.000000
175,0.861502,0.917773,0.872111,0.581408,6.222819,1,1.000000,53.798765,870.443134,0.000000
176,0.838519,0.936113,0.992997,0.661998,6.479658,1,1.000000,54.093753,869.563826,0.000000
177,0.793082,0.918528,0.761718,0.507812,6.586939,1,1.000000,54.305912,868.906198,0.000000
178,0.770072,0.920930,0.866314,0.577543,6.679153,1,1.000000,54.573626,868.171225,0.000000
179,0.756063,0.909677,0.907617,0.605078,7.174565,1,1.000000,54.889126,867.398266,0.000000
180,0.823349,0.909012,0.822583,0.548389,7.315720,1,1.000000,55.168188,866.675393,0.000000
181,0.742708,0.838474,0.861545,0.574364,7.483791,1,1.000000,55.579290,866.003627,0.000000
182,0.742390,0.882759,0.969580,0.646387,7.750297,1,1.000000,55.974316,865.204609,0.000000
183,0.734594,0.878064,0.882638,0.588425,7.751961,1,1.000000,56.339832,864.465758,0.000000
184,0.765692,0.861111,0.810939,0.540626,7.953582,1,1.000000,56.675779,863.819169,0.000000
185,0.784807,0.854462,0.854415,0.569610,8.007188,1,1.000000,57.064170,863.122172,0.000000
186,0.827398,0.849541,0.814035,0.542690,8.266581,1,1.000000,57.453609,862.443773,0.000000
187,0.788542,0.882185,0.821829,0.547886,8.257420,1,1.000000,57.785456,861.744569,0.000000
188,0.757194,0.866996,0.793841,0.529227,8.305993,1,1.000000,58.076325,861.123196,0.000000
189,0.828577,0.870973,0.843107,0.562071,8.437323,1,1.000000,58.446855,860.411298,0.000000
190,0.835668,0.871653,0.732105,0.488070,8.508064,1,1.000000,58.732324,859.785840,0.000000
191,0.712030,0.883139,0.861612,0.574408,8.420599,1,1.000000,59.015753,859.136686,0.000000
192,0.673654,0.886714,0.846532,0.564355,8.383658,1,1.000000,59.267649,858.525076,0.000000
193,0.762477,0.864364,0.865724,0.577149,8.542793,1,1.000000,59.620102,857.846436,0.000000
194,0.782090,0.882420,0.774752,0.516501,8.373867,1,1.000000,59.890579,857.222926,0.000000
195,0.679496,0.866612,0.819210,0.546140,8.140643,1,1.000000,60.165746,856.614475,0.000000
196,0.788707,0.874985,0.750369,0.500246,8.409918,1,1.000000,60.446782,855.992818,0.000000
197,0.723468,0.870040,0.699206,0.466137,8.394115,1,1.000000,60.667796,855.467833,0.000000
198,0.601793,0.880805,0.752370,0.501580,8.596813,1,1.000000,60.855750,854.958663,0.000000
199,0.809557,0.886468,0.626721,0.417814,8.479763,1,1.000000,61.054330,854.435652,0.000000
200,0.695868,0.880895,0.697389,0.464926,8.793103,1,1.000000,61.253566,853.916279,0.000000
201,0.626593,0.891149,0.677055,0.451370,8.573118,1,1.000000,61.400960,853.428071,0.000000
202,0.623014,0.916571,0.662932,0.441954,8.277845,1,1.000000,61.510366,852.938837,0.000000
203,0.497882,0.755549,0.644575,0.429716,8.874134,1,1.000000,61.748915,852.587768,0.000000
204,0.405157,0.828702,0.672654,0.448436,8.523130,1,1.000000,61.892787,852.212644,0.000000
205,0.542139,0.858534,0.641581,0.427721,8.831025,1,1.000000,62.040284,851.779283,0.000000
206,0.544837,0.841863,0.657159,0.438106,8.578069,1,1.000000,62.234016,851.334179,0.000000
207,0.481444,0.937706,0.717464,0.478309,9.062365,1,1.000000,62.288577,850.872841,0.000000
208,0.573193,0.846518,0.696689,0.464459,8.610821,1,1.000000,62.502075,850.401585,0.000000
209,0.498056,0.892648,0.682989,0.455326,9.193508,1,1.000000,62.588706,849.999535,0.000000
210,0.546934,0.960358,0.721171,0.480781,9.193159,1,1.000000,62.622233,849.514888,0.000000
211,0.664591,0.961130,0.627969,0.418646,9.748055,1,1.000000,62.668111,849.033941,0.000000
212,0.660387,0.865503,0.596779,0.397853,9.821016,1,1.000000,62.834412,848.601310,0.000000
213,0.658333,0.986514,0.681569,0.454379,9.578731,1,1.000000,62.823189,848.067121,0.000000
214,0.541325,0.926828,0.804068,0.536045,9.498592,1,1.000000,62.952236,847.536562,0.000000
215,0.734668,0.966086,0.721481,0.480987,9.083093,1,1.000000,62.910891,846.973109,0.000000
216,0.751104,0.957790,0.687695,0.458463,9.053598,1,1.000000,62.862395,846.381662,0.000000
217,0.718332,0.989250,0.759148,0.506099,8.309423,1,1.000000,62.936611,845.749429,0.000000
218,0.711645,0.993814,0.626253,0.417502,8.596268,1,1.000000,62.927354,845.258099,0.000000
219,0.740787,0.999404,0.702316,0.468211,8.309943,1,1.000000,62.956132,844.677990,0.000000
220,0.711922,0.983000,0.729814,0.486543,8.060692,1,1.000000,63.030160,844.067846,0.000000
221,0.710110,0.979965,0.559903,0.373268,8.361946,1,1.000000,62.981548,843.592369,0.000000
222,0.725365,0.971776,0.719978,0.479986,8.089963,1,1.000000,63.069181,843.011669,0.000000
223,0.745776,0.992476,0.607483,0.404989,8.025659,1,1.000000,63.059026,842.516658,0.000000
224,0.818136,0.944299,0.699220,0.466147,7.912424,1,1.000000,63.187464,841.915977,0.000000
225,0.843066,0.994036,0.623674,0.415782,7.806207,1,1.000000,63.216248,841.350661,0.000000
226,0.639270,0.965906,0.641782,0.427855,7.774087,1,1.000000,63.161211,840.849170,0.000000
227,0.818029,0.999868,0.774862,0.516575,8.050871,1,1.000000,63.230125,840.162088,0.000000
228,0.745991,0.968316,0.680061,0.453374,8.306453,1,1.000000,63.306370,839.611250,0.000000
229,0.761391,0.921703,0.744996,0.496664,8.989350,1,1.000000,63.223343,839.000506,0.000000
230,0.709782,0.967918,0.660195,0.440130,8.799551,1,1.000000,63.288989,838.445745,0.000000
231,0.830269,0.987448,0.640857,0.427238,8.626554,1,1.000000,63.302872,837.871678,0.000000
232,0.803605,0.991563,0.732387,0.488258,8.979717,1,1.000000,63.340048,837.233582,0.000000
233,0.680777,0.910835,0.734120,0.489413,9.738142,1,1.000000,63.211772,836.683887,0.000000
234,0.804600,0.935947,0.731307,0.487538,9.683368,1,1.000000,63.141682,836.049944,0.000000
235,0.737300,0.939987,0.620489,0.413660,9.297334,1,1.000000,63.048569,835.563444,0.000000
236,0.789658,0.977066,0.612109,0.408072,9.320877,1,1.000000,63.100204,835.001734,0.000000
237,0.855197,0.951101,0.558293,0.372195,9.428551,1,1.000000,63.025964,834.499756,0.000000
238,0.867936,0.970308,0.683627,0.455751,9.619250,1,1.000000,63.134663,833.877122,0.000000
239,0.938174,0.969675,0.600707,0.400471,10.016270,1,1.000000,63.207184,833.301530,0.000000
240,0.857732,0.950139,0.667775,0.445183,10.224633,2,0.966667,63.153213,832.712104,0.000000
241,0.871749,0.956690,0.722548,0.481699,10.288697,1,1.000000,62.768205,832.051764,0.000000
242,0.917456,0.975342,0.514996,0.343331,10.295627,2,0.966667,62.801877,831.566253,0.000000
243,0.910841,0.990316,0.695764,0.463843,10.291153,2,0.966667,62.314001,830.915721,0.000000
244,0.921791,0.973197,0.587862,0.391908,10.392046,2,0.966667,61.869946,830.363985,0.000000
245,0.899078,0.978739,0.663955,0.442637,10.348716,2,0.966667,61.448760,829.740105,0.000000
246,0.917209,0.998645,0.559939,0.373293,10.502836,2,0.966667,60.971764,829.210903,0.000000
247,0.838389,0.979401,0.703388,0.468926,10.430149,2,0.966667,60.602144,828.579624,0.000000
248,0.875230,0.988629,0.632480,0.421654,10.641381,2,0.966667,60.216933,827.992833,0.000000
249,0.831395,0.952789,0.511091,0.340727,10.565438,1,1.000000,59.730249,827.538187,0.000000
250,0.723059,0.982731,0.664562,0.443042,10.836882,1,1.000000,59.795969,826.949748,0.000000
251,0.754270,0.990502,0.591938,0.394625,10.969456,2,0.966667,59.798035,826.445590,0.000000
252,0.753026,0.985816,0.563743,0.375828,10.819966,1,1.000000,59.417872,825.928827,0.000000
253,0.839441,0.990988,0.529254,0.352836,10.828522,1,1.000000,59.415867,825.429639,0.000000
254,0.833035,0.955345,0.591866,0.394577,10.696902,1,1.000000,59.353953,824.880003,0.000000
255,0.853685,0.954942,0.501647,0.334431,10.579886,1,1.000000,59.384818,824.424456,0.000000
256,0.802652,0.961454,0.510613,0.340409,10.654535,1,1.000000,59.410181,823.965031,0.000000
257,0.841804,0.967445,0.579612,0.386408,10.307503,1,1.000000,59.362016,823.435764,0.000000
258,0.819893,0.988620,0.502745,0.335163,10.288217,1,1.000000,59.340003,822.978333,0.000000
259,0.784094,0.987517,0.443508,0.295672,10.064164,1,1.000000,59.291730,822.609789,0.000000
260,0.816920,0.988414,0.679614,0.453076,9.838761,2,0.966667,59.332226,821.993621,0.000000
261,0.901561,0.996057,0.603219,0.402146,9.956365,1,1.000000,58.938171,821.427794,0.000000
262,0.895843,0.964514,0.512515,0.341677,9.806642,2,0.966667,58.862757,820.947379,0.000000
263,0.811597,0.990962,0.523107,0.348738,9.686649,1,1.000000,58.441379,820.470730,0.000000
264,0.821355,0.946225,0.522932,0.348621,9.889590,1,1.000000,58.342963,820.016956,0.000000
265,0.831614,0.987886,0.668164,0.445443,9.776773,1,1.000000,58.354688,819.412238,0.000000
266,0.900529,0.974294,0.514080,0.342720,9.751833,1,1.000000,58.304260,818.928319,0.000000
267,0.826182,0.974503,0.585152,0.390101,9.871750,1,1.000000,58.329473,818.402105,0.000000
268,0.771139,0.983853,0.519264,0.346176,9.968904,1,1.000000,58.290014,817.928776,0.000000
269,0.823177,0.945405,0.613271,0.408847,9.920948,1,1.000000,58.383141,817.377948,0.000000
270,0.677495,0.954922,0.567675,0.378450,10.367258,1,1.000000,58.411814,816.920588,0.000000
271,0.854953,0.953235,0.543223,0.362149,10.294503,1,1.000000,58.480210,816.405857,0.000000
272,0.671555,0.993990,0.507445,0.338296,10.543532,1,1.000000,58.437908,815.967477,0.000000
273,0.775707,0.912902,0.624303,0.416202,9.883329,1,1.000000,58.579806,815.424535,0.000000
274,0.813450,0.965771,0.547760,0.365173,9.479018,1,1.000000,58.615101,814.918580,0.000000
275,0.767594,0.925270,0.666260,0.444173,9.193866,1,1.000000,58.795599,814.306037,0.000000
276,0.856744,0.949501,0.611438,0.407625,8.786558,1,1.000000,58.888013,813.753657,0.000000
277,0.840824,0.929998,0.589774,0.393183,8.704304,1,1.000000,59.022004,813.194628,0.000000
278,0.875717,0.939313,0.753177,0.502118,8.536782,1,1.000000,59.188372,812.502289,0.000000
279,0.903591,0.976740,0.577035,0.384690,8.419486,1,1.000000,59.221077,811.950939,0.000000
280,0.900302,0.942581,0.708768,0.472512,8.363730,1,1.000000,59.373754,811.294771,0.000000
281,0.879419,0.929709,0.548705,0.365803,8.328984,1,1.000000,59.483369,810.784984,0.000000
282,0.820853,0.983636,0.682171,0.454780,8.253496,1,1.000000,59.526297,810.185118,0.000000
283,0.858687,0.937359,0.690794,0.460529,8.187907,1,1.000000,59.675313,809.560278,0.000000
284,0.886969,0.954645,0.708922,0.472615,8.187405,1,1.000000,59.804393,808.902861,0.000000
285,0.847187,0.972891,0.552123,0.368082,8.351092,1,1.000000,59.844513,808.388499,0.000000
286,0.863051,0.963065,0.770219,0.513479,8.670178,1,1.000000,59.972956,807.693711,0.000000
287,0.882591,0.961964,0.597099,0.398066,8.451279,1,1.000000,60.054418,807.139861,0.000000
288,0.914875,0.966337,0.672771,0.448514,8.439792,1,1.000000,60.152955,806.505172,0.000000
289,0.733486,0.935602,0.622753,0.415169,8.565473,1,1.000000,60.259496,805.970128,0.000000
290,0.843611,0.990514,0.675809,0.450539,8.410175,1,1.000000,60.271085,805.365703,0.000000
291,0.812787,0.945072,0.738775,0.492517,8.567366,1,1.000000,60.413453,804.702927,0.000000
292,0.693542,0.975343,0.631240,0.420827,8.659394,1,1.000000,60.374276,804.160339,0.000000
293,0.837863,0.942420,0.642115,0.428077,8.553983,1,1.000000,60.294451,803.569201,0.000000
294,0.888281,0.968079,0.735414,0.490276,8.642553,1,1.000000,60.282666,802.889930,0.000000
295,0.660892,0.988398,0.657599,0.438400,8.799588,1,1.000000,60.265488,802.355682,0.000000
296,0.765159,0.966245,0.668892,0.445928,8.812598,1,1.000000,60.223192,801.761118,0.000000
297,0.856083,0.923486,0.610375,0.406916,8.876471,1,1.000000,60.100657,801.217445,0.000000
298,0.673313,0.931327,0.599452,0.399634,9.042807,1,1.000000,59.991767,800.724036,0.000000
299,0.722236,0.908205,0.588613,0.392409,8.843638,1,1.000000,59.838595,800.247384,0.000000
300,0.667663,0.876805,0.674035,0.449357,9.095314,1,1.000000,59.641869,799.720586,0.000000
301,0.742135,0.895617,0.627803,0.418536,9.179925,1,1.000000,59.468323,799.205325,0.000000
302,0.705338,0.905631,0.627434,0.418289,9.256766,1,1.000000,59.330050,798.680381,0.000000
303,0.695501,0.891332,0.529245,0.352830,9.438695,1,1.000000,59.171866,798.243254,0.000000
304,0.684710,0.905351,0.573247,0.382165,9.206156,1,1.000000,59.009477,797.777451,0.000000
305,0.788363,0.912183,0.625645,0.417097,9.180090,1,1.000000,58.863339,797.232846,0.000000
306,0.790643,0.899608,0.548381,0.365588,9.229886,1,1.000000,58.709261,796.756697,0.000000
307,0.718733,0.932263,0.587022,0.391348,9.278708,1,1.000000,58.606731,796.259303,0.000000
308,0.727516,0.900710,0.565038,0.376692,9.926714,1,1.000000,58.447425,795.771976,0.000000
309,0.846346,0.925951,0.576261,0.384174,9.683348,1,1.000000,58.351450,795.247852,0.000000
310,0.751401,0.890304,0.547240,0.364827,9.685181,1,1.000000,58.189180,794.787762,0.000000
311,0.874094,0.879297,0.647285,0.431524,9.413680,1,1.000000,58.009145,794.228457,0.000000
312,0.793508,0.875556,0.479065,0.319377,9.835593,1,1.000000,57.805476,793.834283,0.000000
313,0.850219,0.910506,0.631075,0.420717,9.661909,1,1.000000,57.683017,793.277057,0.000000
314,0.783740,0.906056,0.550031,0.366687,10.054262,1,1.000000,57.538285,792.785008,0.000000
315,0.808865,0.906619,0.482378,0.321585,9.962433,1,1.000000,57.381074,792.361759,0.000000
316,0.791483,0.907519,0.545587,0.363725,10.170487,1,1.000000,57.267635,791.886294,0.000000
317,0.891546,0.917240,0.543161,0.362108,10.137165,1,1.000000,57.346903,791.387517,0.000000
318,0.877919,0.938141,0.446058,0.297372,10.116364,1,1.000000,57.332304,790.967952,0.000000
319,0.886951,0.926488,0.581158,0.387438,9.978948,1,1.000000,57.440300,790.439073,0.000000
320,0.845119,0.959490,0.511124,0.340750,9.895240,1,1.000000,57.484814,789.956081,0.000000
321,0.903902,0.942648,0.538584,0.359056,10.101351,1,1.000000,57.560759,789.454548,0.000000
322,0.892718,0.953635,0.565591,0.377060,10.015298,1,1.000000,57.664194,788.917132,0.000000
323,0.923027,0.933724,0.543941,0.362627,10.191949,1,1.000000,57.747108,788.407581,0.000000
324,0.876386,0.975824,0.493637,0.329091,10.182969,1,1.000000,57.775768,787.936522,0.000000
325,0.816329,0.932170,0.595491,0.396994,10.220414,1,1.000000,57.870095,787.415996,0.000000
326,0.865694,0.932025,0.511921,0.341281,9.956234,1,1.000000,57.912366,786.946648,0.000000
327,0.893311,0.925894,0.578377,0.385585,9.441389,1,1.000000,58.017911,786.417724,0.000000
328,0.816974,0.996211,0.532508,0.355006,9.478344,1,1.000000,58.055975,785.934753,0.000000
329,0.879433,0.936698,0.587984,0.391989,9.166324,1,1.000000,58.174542,785.387999,0.000000
330,0.908322,0.935042,0.499249,0.332833,9.152542,1,1.000000,58.220299,784.917505,0.000000
331,0.839785,0.919162,0.655305,0.436870,9.010985,1,1.000000,58.385060,784.337387,0.000000
332,0.839692,0.997420,0.487828,0.325219,8.876683,1,1.000000,58.384308,783.887581,0.000000
333,0.926402,0.990511,0.572517,0.381678,8.738868,1,1.000000,58.480928,783.338754,0.000000
334,0.942988,0.955108,0.597652,0.398435,8.695805,1,1.000000,58.626404,782.763080,0.000000
335,0.907360,0.974056,0.531346,0.354231,8.701763,1,1.000000,58.678035,782.266653,0.000000
336,0.900582,0.991841,0.510727,0.340484,8.801672,1,1.000000,58.715505,781.780751,0.000000
337,0.883187,0.941539,0.542109,0.361406,9.239962,1,1.000000,58.790410,781.277917,0.000000
338,0.778973,0.984776,0.565206,0.376804,8.901794,1,1.000000,58.832533,780.773468,0.000000
339,0.786254,0.963966,0.554029,0.369353,8.756021,1,1.000000,58.876644,780.287997,0.000000
340,0.781953,0.987915,0.645546,0.430364,8.654403,1,1.000000,59.005155,779.710704,0.000000
341,0.883192,0.940206,0.511008,0.340672,8.887163,1,1.000000,59.048457,779.239325,0.000000
342,0.528795,0.955250,0.562002,0.374668,8.830585,1,1.000000,59.021998,778.826370,0.000000
343,0.803987,0.942787,0.590940,0.393960,9.123218,1,1.000000,59.122957,778.297544,0.000000
344,0.841733,0.935935,0.463869,0.309246,9.125875,1,1.000000,59.121600,777.876134,0.000000
345,0.644722,0.945571,0.502937,0.335291,9.062383,1,1.000000,59.121426,777.440001,0.000000
346,0.838082,0.938948,0.584225,0.389483,8.941636,1,1.000000,59.239535,776.894006,0.000000
347,0.801205,0.920957,0.468931,0.312621,8.906046,1,1.000000,59.250633,776.461048,0.000000
348,0.695653,0.918129,0.603284,0.402189,8.736742,1,1.000000,59.355547,775.940397,0.000000
349,0.745153,0.899778,0.606247,0.404165,8.680413,1,1.000000,59.466267,775.419673,0.000000
350,0.536507,0.905860,0.613577,0.409052,8.934739,1,1.000000,59.536744,774.936422,0.000000
351,0.404610,0.854756,0.591604,0.394402,9.179574,1,1.000000,59.493854,774.580813,0.000000
352,0.512263,0.960658,0.639018,0.426012,9.110953,1,1.000000,59.545136,774.093565,0.000000
353,0.538195,0.854964,0.599925,0.399950,9.073000,1,1.000000,59.572488,773.672867,0.000000
354,0.688486,0.933050,0.577522,0.385015,8.861634,1,1.000000,59.643861,773.173960,0.000000
355,0.556604,0.907538,0.629473,0.419649,8.766764,1,1.000000,59.660584,772.742429,0.000000
356,0.453448,0.934749,0.549846,0.366564,8.714146,1,1.000000,59.635160,772.337980,0.000000
357,0.579739,0.980867,0.625066,0.416711,8.810504,1,1.000000,59.686301,771.839498,0.000000
358,0.640992,0.917449,0.565381,0.376920,8.619638,1,1.000000,59.706751,771.405121,0.000000
359,0.767662,0.930706,0.643709,0.429139,8.492366,1,1.000000,59.835617,770.856215,0.000000
360,0.688708,0.914192,0.625957,0.417305,8.205177,1,1.000000,59.956530,770.320645,0.000000
361,0.795029,0.929257,0.720350,0.480233,8.129042,1,1.000000,60.160187,769.702538,0.000000
362,0.747605,0.909291,0.607070,0.404714,7.893701,1,1.000000,60.230737,769.217029,0.000000
363,0.750290,0.928542,0.731684,0.487789,8.294332,1,1.000000,60.431938,768.597682,0.000000
364,0.830633,0.925418,0.656408,0.437605,8.240993,1,1.000000,60.584354,768.030459,0.000000
365,0.865277,0.954743,0.726264,0.484176,8.747095,1,1.000000,60.801912,767.381152,0.000000
366,0.799008,0.973919,0.673926,0.449284,9.359287,1,1.000000,60.929059,766.810920,0.000000
367,0.783131,0.960288,0.689867,0.459911,9.317685,1,1.000000,61.084451,766.218328,0.000000
368,0.828875,0.962332,0.637181,0.424787,9.205906,1,1.000000,61.221119,765.648099,0.000000
369,0.934231,0.947291,0.668467,0.445645,9.105247,1,1.000000,61.425440,765.015257,0.000000
370,0.891539,0.943717,0.602248,0.401499,9.006304,1,1.000000,61.556635,764.459556,0.000000
371,0.930919,0.930861,0.735248,0.490165,8.682248,1,1.000000,61.825831,763.774045,0.000000
372,0.810151,0.960478,0.530823,0.353882,8.198472,1,1.000000,61.881545,763.282662,0.000000
373,0.866343,0.962657,0.745294,0.496863,8.553342,1,1.000000,62.140497,762.587161,0.000000
374,0.890976,0.964539,0.624847,0.416564,8.184245,1,1.000000,62.294902,761.993665,0.000000
375,0.860095,0.993305,0.693712,0.462475,8.375611,1,1.000000,62.497443,761.335572,0.000000
376,0.874546,0.995134,0.697762,0.465175,8.379362,1,1.000000,62.683633,760.681915,0.000000
377,0.866914,0.987472,0.773984,0.515989,8.514670,1,1.000000,62.945486,759.961263,0.000000
378,0.907060,0.967590,0.818845,0.545897,8.616263,1,1.000000,63.263228,759.195776,0.000000
379,0.846969,0.977694,0.540809,0.360540,8.661119,1,1.000000,63.314206,758.675408,0.000000
380,0.906502,0.989488,0.820673,0.547115,8.554506,1,1.000000,63.607516,757.905263,0.000000
381,0.864067,0.926548,0.869285,0.579523,8.065110,1,1.000000,63.963189,757.135266,0.000000
382,0.894226,0.966310,0.697804,0.465203,8.194059,1,1.000000,64.180328,756.476990,0.000000
383,0.907457,0.977581,0.745673,0.497115,8.114836,1,1.000000,64.442082,755.766226,0.000000
384,0.864655,0.981373,0.626357,0.417572,7.947432,1,1.000000,64.574733,755.181348,0.000000
385,0.836782,0.934241,0.805615,0.537076,7.632018,1,1.000000,64.852788,754.486748,0.000000
386,0.748534,0.947450,0.786277,0.524185,7.267231,1,1.000000,65.128942,753.783079,0.000000
387,0.789948,0.966945,0.765269,0.510179,7.337064,1,1.000000,65.388489,753.080289,0.000000
388,0.761083,0.937120,0.729045,0.486030,7.507521,1,1.000000,65.626649,752.417247,0.000000
389,0.742943,0.994996,0.727671,0.485114,7.573894,1,1.000000,65.833859,751.750268,0.000000
390,0.731808,0.937189,0.687261,0.458174,7.511781,1,1.000000,66.039020,751.121491,0.000000
391,0.757890,0.932329,0.727843,0.485229,7.757620,1,1.000000,66.201973,750.535465,0.000000
392,0.829897,0.969347,0.796897,0.531264,8.838887,1,1.000000,66.457184,749.833114,0.000000
393,0.766583,0.960133,0.610377,0.406918,9.559040,1,1.000000,66.564951,749.288847,0.000000
394,0.880999,0.952554,0.731786,0.487858,9.710542,1,1.000000,66.804381,748.619020,0.000000
395,0.714774,0.932713,0.702016,0.468011,9.628432,1,1.000000,66.952820,748.051524,0.000000
396,0.886989,0.947085,0.802951,0.535301,9.104361,1,1.000000,67.270486,747.305773,0.000000
397,0.837976,0.899478,0.653236,0.435491,8.820211,1,1.000000,67.433372,746.740646,0.000000
398,0.895912,0.917681,0.794785,0.529856,8.329186,1,1.000000,67.762780,746.013030,0.000000
399,0.775008,0.958155,0.634944,0.423296,8.324355,1,1.000000,67.922212,745.418689,0.000000
400,0.808322,0.933240,0.810216,0.540144,8.003400,1,1.000000,68.205248,744.715762,0.000000
401,0.870433,0.974546,0.751510,0.501007,8.018143,1,1.000000,68.453467,744.022637,0.000000
402,0.859963,0.953781,0.749164,0.499442,7.844704,1,1.000000,68.717954,743.326905,0.000000
403,0.852326,0.960605,0.711216,0.474144,7.905851,1,1.000000,68.922829,742.684454,0.000000
404,0.847916,0.947968,0.805146,0.536764,7.894642,1,1.000000,69.226259,741.952433,0.000000
405,0.888429,0.966289,0.626359,0.417573,8.032401,1,1.000000,69.375734,741.364228,0.000000
406,0.917910,0.973652,0.750615,0.500410,8.121399,1,1.000000,69.633982,740.657022,0.000000
407,0.915267,0.941623,0.716189,0.477459,8.505821,1,1.000000,69.877546,739.986404,0.000000
408,0.894923,0.973126,0.787877,0.525251,8.564463,1,1.000000,70.159922,739.256386,0.000000
409,0.931544,0.962213,0.728933,0.485956,8.881545,1,1.000000,70.415016,738.562215,0.000000
410,0.939742,0.963368,0.792980,0.528653,8.904443,1,1.000000,70.738245,737.799931,0.000000
411,0.931051,0.923980,0.739778,0.493185,8.518728,1,1.000000,71.025205,737.104137,0.000000
412,0.943967,0.942737,0.753419,0.502279,8.409616,1,1.000000,71.313012,736.389339,0.000000
413,0.944085,0.952829,0.795553,0.530368,8.623485,1,1.000000,71.644729,735.623765,0.000000
414,0.965982,0.949300,0.764007,0.509338,8.657911,1,1.000000,71.951595,734.882945,0.000000
415,0.928635,0.960597,0.670909,0.447272,8.840864,1,1.000000,72.155404,734.243942,0.000000
416,0.944420,0.943602,0.794272,0.529515,8.746122,1,1.000000,72.485752,733.487286,0.000000
417,0.890096,0.991468,0.742336,0.494890,9.242465,1,1.000000,72.698440,732.809878,0.000000
418,0.925201,0.944146,0.749882,0.499921,9.288376,1,1.000000,72.975688,732.103744,0.000000
419,0.920929,0.973986,0.765856,0.510570,9.378855,1,1.000000,73.243559,731.383040,0.000000
420,0.926543,0.958675,0.845012,0.563341,9.264492,1,1.000000,73.604483,730.583741,0.000000
421,0.924255,0.976118,0.658064,0.438709,9.380870,1,1.000000,73.775670,729.965319,0.000000
422,0.879609,0.946776,0.735458,0.490305,8.864267,1,1.000000,74.022943,729.289971,0.000000
423,0.928319,0.996390,0.707880,0.471920,8.475281,1,1.000000,74.233830,728.617769,0.000000
424,0.904694,0.948674,0.809108,0.539405,8.209283,1,1.000000,74.563895,727.858689,0.000000
425,0.955650,0.983227,0.647911,0.431941,8.073406,2,0.966667,74.737908,727.226665,0.000000
426,0.916950,0.970957,0.711370,0.474247,7.806518,1,1.000000,73.970641,726.549098,0.000000
427,0.909331,0.964059,0.740987,0.493991,7.843720,2,0.966667,74.221023,725.858445,0.000000
428,0.908401,0.983466,0.836923,0.557948,8.026462,1,1.000000,73.551910,725.073243,0.000000
429,0.931472,0.987637,0.687479,0.458319,7.947954,1,1.000000,73.738709,724.411920,0.000000
430,0.942040,0.992024,0.740575,0.493717,8.433793,2,0.966667,73.991135,723.700182,0.000000
431,0.874410,0.999480,0.883001,0.588667,8.356912,1,1.000000,73.337546,722.884391,0.000000
432,0.918637,0.989425,0.683976,0.455984,7.986937,1,1.000000,73.529503,722.235821,0.000000
433,0.875600,0.987208,0.737555,0.491704,8.078710,1,1.000000,73.739085,721.548395,0.000000
434,0.842442,0.999430,0.743084,0.495390,8.651165,1,1.000000,73.932339,720.886896,0.000000
435,0.899793,0.993942,0.737015,0.491343,8.785173,2,0.966667,74.165410,720.190288,0.000000
436,0.803869,0.976958,0.641814,0.427876,8.869312,1,1.000000,73.321527,719.589677,0.000000
437,0.727390,0.992064,0.713299,0.475533,8.900361,1,1.000000,73.458613,718.991623,0.000000
438,0.808354,0.996721,0.648099,0.432066,8.940945,2,0.966667,73.587074,718.402241,0.000000
439,0.487513,0.970154,0.551130,0.367420,8.924973,1,1.000000,72.558885,717.962122,0.000000
440,0.629708,0.956291,0.651119,0.434080,9.236216,1,1.000000,72.677134,717.408508,0.000000
441,0.828429,0.958941,0.635597,0.423731,9.228143,1,1.000000,72.804970,716.847688,0.000000
442,0.848377,0.940170,0.739431,0.492954,8.930120,2,0.966667,73.027534,716.197169,0.000000
443,0.660854,0.968849,0.698461,0.465641,8.682762,1,1.000000,72.138966,715.605947,0.000000
444,0.626997,0.874038,0.788259,0.525506,8.778792,2,0.966667,72.330174,715.032370,0.000000
445,0.787508,0.987192,0.674847,0.449898,8.583231,1,1.000000,71.471812,714.437557,0.000000
446,0.767207,0.909112,0.695018,0.463345,8.744979,1,1.000000,71.614937,713.889799,0.000000
447,0.771167,0.982511,0.758453,0.505635,8.963821,1,1.000000,71.778221,713.249763,0.000000
448,0.854035,0.921535,0.713840,0.475893,8.878312,1,1.000000,71.985083,712.626036,0.000000
449,0.873072,0.933880,0.720951,0.480634,8.377091,2,0.966667,72.234205,711.962860,0.000000
450,0.688993,0.958608,0.666397,0.444265,8.091931,1,1.000000,71.431456,711.342671,0.000000
451,0.722500,0.993281,0.693854,0.462569,9.512555,1,1.000000,71.572551,710.733504,0.000000
452,0.818405,0.978989,0.733080,0.488720,9.751868,1,1.000000,71.777014,710.070607,0.000000
453,0.787776,0.984898,0.637071,0.424714,10.028210,2,0.966667,71.873576,709.504311,0.000000
454,0.751414,0.974346,0.697947,0.465298,10.164150,1,1.000000,71.071971,708.860439,0.000000
455,0.860023,0.981573,0.494906,0.329937,9.992922,2,0.966667,71.086621,708.397340,0.000000
456,0.725358,0.994394,0.685631,0.457087,9.931929,1,1.000000,70.214260,707.802103,0.000000
457,0.867948,0.973962,0.646379,0.430919,9.550114,1,1.000000,70.369913,707.206858,0.000000
458,0.801207,0.977208,0.634319,0.422880,9.770845,1,1.000000,70.502670,706.624318,0.000000
459,0.663312,0.977713,0.583683,0.389122,9.464517,1,1.000000,70.540204,706.141119,0.000000
460,0.851984,0.981458,0.637714,0.425142,9.214376,1,1.000000,70.645326,705.563999,0.000000
461,0.839974,0.960985,0.597547,0.398365,8.756275,1,1.000000,70.760902,705.014886,0.000000
462,0.845500,0.968402,0.670519,0.447013,8.619543,1,1.000000,70.877656,704.411358,0.000000
463,0.694023,0.966747,0.635749,0.423833,8.709146,1,1.000000,70.911754,703.899892,0.000000
464,0.860836,0.962192,0.766499,0.510999,8.391725,1,1.000000,71.168428,703.200316,0.000000
465,0.950221,0.997269,0.658034,0.438689,8.190149,1,1.000000,71.342050,702.561975,0.000000
466,0.783843,0.931737,0.623521,0.415681,8.266992,1,1.000000,71.388780,702.011509,0.000000
467,0.831002,0.986500,0.743788,0.495858,7.898591,1,1.000000,71.586297,701.354950,0.000000
468,0.775748,0.993974,0.686685,0.457790,7.660696,1,1.000000,71.752084,700.728444,0.000000
469,0.787939,0.990842,0.652507,0.435004,7.688221,1,1.000000,71.869249,700.144630,0.000000
470,0.838016,0.994427,0.752732,0.501821,7.361936,1,1.000000,72.111697,699.440902,0.000000
471,0.873191,0.991528,0.669417,0.446278,7.318365,1,1.000000,72.259728,698.823016,0.000000
472,0.853074,0.979230,0.712032,0.474688,7.084683,1,1.000000,72.423043,698.171377,0.000000
473,0.859285,0.974213,0.684693,0.456462,6.926667,1,1.000000,72.569317,697.548434,0.000000
474,0.797454,0.997787,0.773440,0.515627,7.083539,1,1.000000,72.819538,696.835976,0.000000
475,0.750748,0.947288,0.649360,0.432907,8.456759,1,1.000000,72.861470,696.306505,0.000000
476,0.823428,0.977014,0.747985,0.498657,8.985905,1,1.000000,73.064798,695.651046,0.000000
477,0.851405,0.959467,0.671145,0.447430,8.726034,1,1.000000,73.238915,695.041131,0.000000
478,0.937267,0.995708,0.641972,0.427981,8.581498,1,1.000000,73.402348,694.416121,0.000000
479,0.671555,0.989135,0.694304,0.462870,8.596907,1,1.000000,73.515987,693.831415,0.000000
480,0.786068,0.986546,0.690060,0.460040,8.810315,1,1.000000,73.675450,693.218792,0.000000
481,0.797177,0.997511,0.680862,0.453908,8.495656,1,1.000000,73.813458,692.614705,0.000000
482,0.679565,0.999520,0.753274,0.502183,7.928337,1,1.000000,73.974504,691.986715,0.000000
483,0.790728,0.971076,0.657932,0.438621,8.402205,1,1.000000,74.101856,691.413146,0.000000
484,0.655109,0.943731,0.716816,0.477877,9.382217,1,1.000000,74.251432,690.834389,0.000000
485,0.597262,0.988526,0.565997,0.377331,9.422631,1,1.000000,74.238995,690.393103,0.000000
486,0.521332,0.952716,0.744266,0.496178,9.357711,1,1.000000,74.269411,689.874255,0.000000
487,0.754530,0.899429,0.745379,0.496919,9.048268,1,1.000000,74.491759,689.255205,0.000000
488,0.652299,0.922230,0.586563,0.391042,9.001523,1,1.000000,74.520858,688.810991,0.000000
489,0.578907,0.969277,0.670080,0.446720,8.785226,1,1.000000,74.589437,688.298107,0.000000
490,0.648774,0.941966,0.633755,0.422503,8.603042,1,1.000000,74.588920,687.869593,0.000000
491,0.697215,0.917958,0.680442,0.453628,8.099383,1,1.000000,74.701956,687.344394,0.000000
492,0.717944,0.952120,0.516076,0.344050,8.038248,1,1.000000,74.725652,686.887819,0.000000
493,0.670407,0.956621,0.660187,0.440125,7.593540,1,1.000000,74.735616,686.401377,0.000000
494,0.679536,0.929610,0.635057,0.423371,7.641551,1,1.000000,74.831342,685.887911,0.000000
495,0.754921,0.985122,0.621166,0.414111,7.160216,1,1.000000,74.936492,685.330908,0.000000
496,0.704389,0.944237,0.561877,0.374584,7.159864,1,1.000000,74.995409,684.845496,0.000000
497,0.742262,0.980564,0.686329,0.457553,6.810042,1,1.000000,75.126985,684.261594,0.000000
498,0.752037,0.981473,0.654554,0.436369,7.006904,1,1.000000,75.226965,683.713056,0.000000
499,0.716266,0.994233,0.635434,0.423623,7.166773,1,1.000000,75.297956,683.176667,0.000000
500,0.544723,0.995144,0.762027,0.508018,7.711190,1,1.000000,75.399134,682.609187,0.000000
501,0.605761,0.951127,0.805086,0.536724,7.161170,1,1.000000,75.576664,682.000536,0.000000
502,0.640257,0.956247,0.773074,0.515383,6.967375,1,1.000000,75.731357,681.408010,0.000000
503,0.632156,0.963782,0.850478,0.566985,7.223919,1,1.000000,75.981436,680.721227,0.000000
504,0.645059,0.981633,0.745533,0.497022,7.163955,1,1.000000,76.126464,680.099187,0.000000
505,0.459596,0.996901,0.830766,0.553844,7.300200,1,1.000000,76.232085,679.528830,0.000000
506,0.603297,0.999897,0.850975,0.567317,7.817867,1,1.000000,76.449157,678.845320,0.000000
507,0.790100,0.988712,0.756279,0.504186,8.314876,1,1.000000,76.619745,678.201731,0.000000
508,0.737373,0.997125,0.857042,0.571362,8.321271,1,1.000000,76.882538,677.468370,0.000000
509,0.758223,0.980243,0.796261,0.530841,8.359611,1,1.000000,77.080509,676.785970,0.000000
510,0.871457,0.974553,0.799780,0.533187,8.513900,1,1.000000,77.337449,676.038695,0.000000
511,0.759015,0.994953,0.758930,0.505953,8.318036,1,1.000000,77.515083,675.397042,0.000000
512,0.841620,0.985660,0.767613,0.511742,8.460730,1,1.000000,77.774436,674.683869,0.000000
513,0.826679,0.962518,0.706612,0.471075,8.460389,1,1.000000,77.915591,674.052235,0.000000
514,0.856559,0.983977,0.711453,0.474302,8.942525,1,1.000000,78.129382,673.383750,0.000000
515,0.744921,0.998344,0.663460,0.442307,8.901767,1,1.000000,78.248780,672.806048,0.000000
516,0.772522,0.975398,0.692694,0.461796,9.405578,1,1.000000,78.389789,672.218058,0.000000
517,0.710311,0.998464,0.671743,0.447829,9.467349,1,1.000000,78.489569,671.660850,0.000000
518,0.732229,0.948993,0.698671,0.465781,9.709493,1,1.000000,78.671257,671.045272,0.000000
519,0.732659,0.978223,0.587894,0.391930,9.742438,1,1.000000,78.729424,670.542851,0.000000
520,0.819072,0.970255,0.664929,0.443286,9.268194,1,1.000000,78.904738,669.922432,0.000000
521,0.776567,0.994093,0.554893,0.369929,8.866851,1,1.000000,78.921649,669.442733,0.000000
522,0.636490,0.968102,0.685627,0.457084,8.668595,1,1.000000,79.057239,668.866701,0.000000
523,0.731527,0.953072,0.648402,0.432268,8.491714,1,1.000000,79.200802,668.291964,0.000000
524,0.854205,0.939577,0.580785,0.387190,8.283047,1,1.000000,79.303431,667.761250,0.000000
525,0.789649,0.996876,0.661503,0.441002,8.176435,1,1.000000,79.454341,667.148316,0.000000
526,0.732334,0.950917,0.639302,0.426201,8.901234,1,1.000000,79.575933,666.596664,0.000000
527,0.795868,0.964583,0.648838,0.432558,9.278464,1,1.000000,79.689342,666.043250,0.000000
528,0.817899,0.966259,0.696026,0.464018,8.637220,1,1.000000,79.876362,665.414753,0.000000
529,0.850316,0.952406,0.569906,0.379937,8.533907,1,1.000000,79.940351,664.916344,0.000000
530,0.760855,0.902186,0.685168,0.456779,8.394114,2,0.966667,80.121685,664.332617,0.000000
531,0.899764,0.979721,0.706117,0.470744,8.632743,1,1.000000,79.327935,663.669254,0.000000
532,0.815215,0.915495,0.593600,0.395734,9.045796,1,1.000000,79.423990,663.159512,0.000000
533,0.830974,0.933659,0.617815,0.411876,8.534188,1,1.000000,79.565792,662.595390,0.000000
534,0.847923,0.983974,0.665504,0.443669,8.139495,1,1.000000,79.722539,661.987183,0.000000
535,0.849837,0.924503,0.608242,0.405495,8.464894,2,0.966667,79.848266,661.443075,0.000000
536,0.782016,0.934909,0.653925,0.435950,8.613328,1,1.000000,79.018459,660.852623,0.000000
537,0.850000,0.979350,0.684705,0.456470,8.960101,1,1.000000,79.212952,660.207307,0.000000
538,0.862958,0.907406,0.562464,0.374976,9.208284,2,0.966667,79.307758,659.702052,0.000000
539,0.737192,0.977978,0.774955,0.516637,8.841389,2,0.966667,78.540963,659.029181,0.000000
540,0.811819,0.927214,0.736895,0.491263,8.946645,1,1.000000,77.783604,658.355873,0.000000
541,0.858203,0.935269,0.623507,0.415672,8.372580,1,1.000000,77.932391,657.786767,0.000000
542,0.796320,0.988852,0.790811,0.527207,8.664934,1,1.000000,78.178441,657.078830,0.000000
543,0.850127,0.926067,0.794445,0.529630,8.752519,2,0.966667,78.469128,656.372660,0.000000
544,0.820418,0.948515,0.689736,0.459824,8.550842,2,0.966667,77.669346,655.750513,0.000000
545,0.883506,0.953792,0.812116,0.541411,8.088871,2,0.966667,76.993984,655.000327,0.000000
546,0.786122,0.971951,0.814453,0.542969,7.297091,2,0.966667,76.275549,654.278865,0.000000
547,0.832882,0.943407,0.784059,0.522706,7.667719,1,1.000000,75.545790,653.588185,0.000000
548,0.780326,0.994452,0.863558,0.575705,7.753086,2,0.966667,75.818382,652.833237,0.000000
549,0.755130,0.990056,0.796162,0.530775,7.612740,2,0.966667,75.061059,652.140019,0.000000
550,0.790786,0.970654,0.817470,0.544980,7.629508,1,1.000000,74.303249,651.428280,0.000000
551,0.710869,0.985522,0.770512,0.513675,7.276899,1,1.000000,74.438565,650.813674,0.000000
552,0.783924,0.983715,0.861108,0.574072,7.292789,1,1.000000,74.736626,650.053821,0.000000
553,0.843928,0.989776,0.701479,0.467653,7.447119,2,0.966667,74.927764,649.403970,0.000000
554,0.916580,0.983923,0.795343,0.530228,7.963909,1,1.000000,74.213012,648.644712,0.000000
555,0.754050,0.971104,0.649118,0.432745,8.597778,1,1.000000,74.283540,648.093244,0.000000
556,0.799757,0.925398,0.741390,0.494260,8.518898,1,1.000000,74.416053,647.438901,0.000000
557,0.724739,0.953259,0.784511,0.523007,8.160037,1,1.000000,74.562253,646.789710,0.000000
558,0.681680,0.906392,0.684371,0.456247,7.976644,1,1.000000,74.571819,646.261153,0.000000
559,0.679516,0.939999,0.833208,0.555472,8.037903,1,1.000000,74.704403,645.616317,0.000000
560,0.735926,0.916031,0.748336,0.498891,7.702317,1,1.000000,74.809032,644.987014,0.000000
561,0.715999,0.877907,0.761853,0.507902,7.668779,1,1.000000,74.869252,644.378534,0.000000
562,0.745852,0.900546,0.765350,0.510233,7.791405,1,1.000000,74.954279,643.760490,0.000000
563,0.661275,0.894724,0.788845,0.525897,8.199209,1,1.000000,75.026035,643.154265,0.000000
564,0.716252,0.886013,0.881606,0.587737,8.376263,2,0.966667,75.173586,642.448932,0.000000
565,0.767090,0.904141,0.722862,0.481908,8.539073,1,1.000000,75.255048,641.844801,0.000000
566,0.731675,0.919483,0.814371,0.542914,8.352876,1,1.000000,75.387032,641.192553,0.000000
567,0.828867,0.948871,0.798664,0.532443,8.586511,1,1.000000,75.591079,640.482078,0.000000
568,0.894011,0.940620,0.704091,0.469394,8.790721,1,1.000000,75.741754,639.825128,0.000000
569,0.827573,0.962879,0.750736,0.500491,8.522972,1,1.000000,75.920867,639.159203,0.000000
570,0.860337,0.949900,0.787612,0.525075,8.289037,1,1.000000,76.131609,638.443717,0.000000
571,0.797076,0.984783,0.746352,0.497568,8.687874,2,0.966667,76.317116,637.781456,0.000000
572,0.927878,0.924281,0.666350,0.444233,8.472358,1,1.000000,76.430436,637.160626,0.000000
573,0.878483,0.940809,0.686986,0.457991,8.633056,1,1.000000,76.561801,636.526248,0.000000
574,0.864996,0.986290,0.683234,0.455489,8.622482,1,1.000000,76.722766,635.891426,0.000000
575,0.829042,0.995022,0.727043,0.484695,8.775330,1,1.000000,76.902902,635.243510,0.000000
576,0.828389,0.957727,0.574103,0.382735,8.725306,1,1.000000,76.950482,634.716553,0.000000
577,0.845280,0.948333,0.748300,0.498867,8.793044,1,1.000000,77.123745,634.040452,0.000000
578,0.915351,0.979665,0.516208,0.344138,8.851243,1,1.000000,77.151044,633.549219,0.000000
579,0.794905,0.960910,0.644807,0.429871,8.854319,1,1.000000,77.239579,632.978328,0.000000
580,0.802876,0.930354,0.568629,0.379086,8.971565,1,1.000000,77.242303,632.485826,0.000000
581,0.750689,0.965670,0.655193,0.436796,8.994811,1,1.000000,77.315956,631.930171,0.000000
582,0.776352,0.981925,0.606416,0.404277,9.018663,1,1.000000,77.381288,631.397165,0.000000
583,0.745965,0.958960,0.615596,0.410397,9.048420,1,1.000000,77.431892,630.868213,0.000000
584,0.847652,0.919920,0.627040,0.418027,9.051574,1,1.000000,77.487096,630.307014,0.000000
585,0.805332,0.877544,0.565966,0.377310,9.256798,1,1.000000,77.452635,629.833615,0.000000
586,0.809033,0.855871,0.605326,0.403550,9.370516,1,1.000000,77.430282,629.333022,0.000000
587,0.788396,0.906190,0.598593,0.399062,9.172166,1,1.000000,77.436832,628.826625,0.000000
588,0.747763,0.859797,0.608680,0.405786,9.217838,1,1.000000,77.394181,628.349698,0.000000
589,0.760173,0.911355,0.640560,0.427040,9.213288,1,1.000000,77.422953,627.817989,0.000000
590,0.732649,0.901911,0.578171,0.385447,9.226523,1,1.000000,77.402462,627.344836,0.000000
591,0.782495,0.915820,0.552511,0.368341,9.351484,1,1.000000,77.376033,626.879793,0.000000
592,0.750509,0.919832,0.634616,0.423077,9.762911,1,1.000000,77.404314,626.359885,0.000000
593,0.742903,0.905088,0.549238,0.366159,9.667761,1,1.000000,77.359940,625.913820,0.000000
594,0.774898,0.916336,0.614669,0.409780,9.450755,1,1.000000,77.383254,625.398047,0.000000
595,0.625636,0.896247,0.603547,0.402364,9.233228,1,1.000000,77.330104,624.962355,0.000000
596,0.787590,0.905878,0.619104,0.412736,9.149142,1,1.000000,77.346947,624.451706,0.000000
597,0.722123,0.918666,0.577416,0.384944,8.977227,1,1.000000,77.332138,623.987868,0.000000
598,0.881719,0.886405,0.595678,0.397119,8.847580,1,1.000000,77.338451,623.473730,0.000000
599,0.756095,0.996509,0.489446,0.326297,8.647672,1,1.000000,77.307987,623.050252,0.000000
600,0.682371,0.902157,0.664155,0.442770,8.431164,1,1.000000,77.325604,622.537500,0.000000
601,0.719371,0.922592,0.554959,0.369973,8.533332,1,1.000000,77.329582,622.050386,0.000000
602,0.778850,0.902567,0.634785,0.423190,8.460531,1,1.000000,77.366232,621.519299,0.000000
603,0.691097,0.926540,0.561826,0.374551,8.524973,1,1.000000,77.357641,621.047199,0.000000
604,0.886509,0.948098,0.659634,0.439756,8.571014,1,1.000000,77.485432,620.438547,0.000000
605,0.708642,0.939646,0.631720,0.421147,8.667235,1,1.000000,77.512489,619.931848,0.000000
606,0.811182,0.961702,0.679170,0.452780,9.178503,1,1.000000,77.667158,619.297402,0.000000
607,0.819772,0.935078,0.677183,0.451455,9.292759,1,1.000000,77.788639,618.689940,0.000000
608,0.868651,0.962994,0.692804,0.461869,9.402498,1,1.000000,77.967966,618.033615,0.000000
609,0.784763,0.997181,0.678300,0.452200,8.837866,1,1.000000,78.106835,617.437962,0.000000
610,0.848621,0.994561,0.871719,0.581146,8.245891,1,1.000000,78.436578,616.649012,0.000000
611,0.850126,0.983002,0.730878,0.487252,7.676470,1,1.000000,78.651864,615.980837,0.000000
612,0.809028,0.926060,0.659868,0.439912,7.050350,1,1.000000,78.805755,615.403159,0.000000
613,0.859902,0.951373,0.843790,0.562527,7.033727,1,1.000000,79.127913,614.648682,0.000000
614,0.827731,0.941829,0.665185,0.443457,6.714004,1,1.000000,79.283258,614.063464,0.000000
615,0.668888,0.882090,0.779610,0.519740,6.570526,1,1.000000,79.457922,613.488384,0.000000
616,0.750675,0.892216,0.835457,0.556972,6.830328,1,1.000000,79.717579,612.823892,0.000000
617,0.720212,0.911572,0.859757,0.573171,6.551670,1,1.000000,79.990408,612.143043,0.000000
618,0.704719,0.935398,0.797147,0.531431,6.720466,1,1.000000,80.200506,611.507854,0.000000
619,0.817409,0.879037,0.888162,0.592108,7.322242,1,1.000000,80.562618,610.756409,0.000000
620,0.700058,0.864897,0.748684,0.499123,7.607395,1,1.000000,80.770341,610.158808,0.000000
621,0.741369,0.921944,0.756069,0.504046,7.645696,1,1.000000,80.990775,609.518817,0.000000
622,0.585988,0.905849,0.856129,0.570753,7.339828,1,1.000000,81.171353,608.923270,0.000000
623,0.666502,0.817778,0.779140,0.519427,8.418924,1,1.000000,81.345816,608.383423,0.000000
624,0.662291,0.798609,0.583051,0.388700,8.546335,1,1.000000,81.360028,607.993145,0.000000
625,0.653312,0.895481,0.778111,0.518740,8.836001,1,1.000000,81.521292,607.421433,0.000000
626,0.736666,0.837770,0.698958,0.465972,8.896215,1,1.000000,81.661979,606.901264,0.000000
627,0.733103,0.848650,0.684443,0.456295,8.952367,1,1.000000,81.788230,606.389396,0.000000
628,0.692186,0.803147,0.709048,0.472699,9.033968,1,1.000000,81.891628,605.921271,0.000000
629,0.675552,0.872326,0.653894,0.435929,9.121690,1,1.000000,81.977207,605.436030,0.000000
630,0.585930,0.902963,0.630212,0.420141,9.073963,1,1.000000,81.985096,605.014740,0.000000
631,0.583250,0.895893,0.635946,0.423964,8.577118,1,1.000000,82.047117,604.545083,0.000000
632,0.515701,0.847971,0.564258,0.376172,8.478031,1,1.000000,82.009770,604.182829,0.000000
633,0.486063,0.928353,0.563086,0.375391,7.893475,1,1.000000,81.996530,603.768451,0.000000
634,0.535113,0.871132,0.592656,0.395104,7.736610,1,1.000000,81.994942,603.365145,0.000000
635,0.578672,0.927384,0.670474,0.446982,7.567417,1,1.000000,82.071820,602.866891,0.000000
636,0.576310,0.887156,0.566743,0.377829,7.547111,1,1.000000,82.094860,602.435028,0.000000
637,0.527924,0.984028,0.679847,0.453231,8.382939,1,1.000000,82.091987,601.992845,0.000000
638,0.599939,0.884959,0.741078,0.494052,8.454487,1,1.000000,82.211194,601.474685,0.000000
639,0.779893,0.882736,0.656021,0.437347,8.303598,1,1.000000,82.345071,600.940897,0.000000
640,0.691765,0.865869,0.617780,0.411853,8.409276,1,1.000000,82.420195,600.470625,0.000000
641,0.647173,0.941212,0.689499,0.459666,9.123744,1,1.000000,82.524283,599.937114,0.000000
642,0.709138,0.884680,0.593646,0.395764,9.726848,1,1.000000,82.604015,599.456300,0.000000
643,0.766213,0.905120,0.666773,0.444516,10.130529,1,1.000000,82.728306,598.924845,0.000000
644,0.759078,0.899463,0.540042,0.360028,10.168580,1,1.000000,82.743443,598.499157,0.000000
645,0.555888,0.860222,0.614478,0.409652,10.322577,1,1.000000,82.746260,598.099673,0.000000
646,0.672865,0.985553,0.563885,0.375923,10.449530,1,1.000000,82.727629,597.672406,0.000000
647,0.733441,0.910171,0.560153,0.373436,10.738795,1,1.000000,82.783367,597.207258,0.000000
648,0.543750,0.902868,0.575035,0.383357,10.508325,1,1.000000,82.760853,596.815882,0.000000
649,0.602542,0.987309,0.574533,0.383022,10.605898,1,1.000000,82.747201,596.378581,0.000000
650,0.588377,0.911516,0.591266,0.394177,10.510747,1,1.000000,82.768992,595.942338,0.000000
651,0.610641,0.966542,0.552482,0.368321,10.933692,1,1.000000,82.751913,595.515677,0.000000
652,0.717919,0.944425,0.535177,0.356784,10.717221,1,1.000000,82.762993,595.071154,0.000000
653,0.621071,0.915007,0.546928,0.364619,10.968597,1,1.000000,82.720211,594.691597,0.000000
654,0.625521,0.979677,0.709497,0.472998,10.919795,1,1.000000,82.797147,594.147005,0.000000
655,0.722339,0.922289,0.484392,0.322928,11.029130,1,1.000000,82.766820,593.755147,0.000000
656,0.672507,0.956991,0.587967,0.391978,10.708822,1,1.000000,82.783066,593.304204,0.000000
657,0.720412,0.999973,0.625802,0.417201,11.008186,1,1.000000,82.840608,592.794192,0.000000
658,0.749036,0.985138,0.509087,0.339391,11.022316,1,1.000000,82.809926,592.366191,0.000000
659,0.744688,0.985495,0.572166,0.381444,10.814608,1,1.000000,82.825778,591.900039,0.000000
660,0.700997,0.929894,0.576196,0.384131,11.005204,1,1.000000,82.787407,591.452450,0.000000
661,0.647624,0.998082,0.520316,0.346877,10.979215,1,1.000000,82.730255,591.057706,0.000000
662,0.849864,0.961322,0.591377,0.394251,10.737226,1,1.000000,82.770490,590.538040,0.000000
663,0.656520,0.994494,0.534338,0.356225,10.750492,2,0.966667,82.724411,590.134133,0.000000
664,0.760551,0.948433,0.579883,0.386588,10.631084,1,1.000000,82.727897,589.644320,0.000000
665,0.799458,0.995946,0.551753,0.367836,10.249346,1,1.000000,82.747920,589.167250,0.000000
666,0.768941,0.929237,0.645353,0.430235,9.894865,2,0.966667,82.777759,588.640634,0.000000
667,0.748749,0.989606,0.624389,0.416259,9.472448,1,1.000000,82.845138,588.104356,0.000000
668,0.745470,0.991012,0.593706,0.395804,9.141083,1,1.000000,82.919538,587.565682,0.000000
669,0.803770,0.986026,0.531439,0.354293,9.054217,2,0.966667,82.928032,587.094402,0.000000
670,0.699953,0.888994,0.694485,0.462990,9.020506,1,1.000000,82.942125,586.564065,0.000000
671,0.565678,0.959099,0.780441,0.520294,9.331107,2,0.966667,83.059582,586.006182,0.000000
672,0.649945,0.980839,0.786583,0.524389,9.749402,2,0.966667,83.231179,585.361211,0.000000
673,0.496130,0.959676,0.786891,0.524594,10.035338,1,1.000000,83.278081,584.837914,0.000000
674,0.436811,0.999387,0.735718,0.490478,10.227156,1,1.000000,83.293107,584.366302,0.000000
675,0.681370,0.986195,0.808099,0.538733,10.029531,1,1.000000,83.514893,583.684296,0.000000
676,0.714036,0.993261,0.662168,0.441445,9.449347,1,1.000000,83.589832,583.150861,0.000000
677,0.804623,0.972240,0.670047,0.446698,9.531677,1,1.000000,83.731440,582.564343,0.000000
678,0.805856,0.983587,0.667127,0.444752,9.267278,1,1.000000,83.837811,581.987776,0.000000
679,0.732612,0.948734,0.703344,0.468896,9.504870,1,1.000000,83.998350,581.393765,0.000000
680,0.785579,0.997934,0.705694,0.470463,9.274878,1,1.000000,84.160594,580.765968,0.000000
681,0.680614,0.974034,0.638845,0.425897,9.044634,1,1.000000,84.191517,580.265638,0.000000
682,0.556537,0.999144,0.788856,0.525904,9.335598,1,1.000000,84.289322,579.709163,0.000000
683,0.767807,0.959156,0.653382,0.435588,9.291199,1,1.000000,84.421729,579.139878,0.000000
684,0.727927,0.960145,0.689291,0.459527,9.887889,1,1.000000,84.512393,578.568879,0.000000
685,0.827678,0.958081,0.636448,0.424299,9.697767,1,1.000000,84.638592,578.004121,0.000000
686,0.717687,0.953902,0.719271,0.479514,9.833118,1,1.000000,84.732978,577.424661,0.000000
687,0.797401,0.941950,0.565800,0.377200,9.873645,1,1.000000,84.810248,576.920445,0.000000
688,0.719741,0.999606,0.657549,0.438366,10.242074,1,1.000000,84.907006,576.366778,0.000000
689,0.807679,0.998068,0.632122,0.421415,10.103805,1,1.000000,84.990738,575.823716,0.000000
690,0.733836,0.949181,0.689884,0.459923,9.587682,1,1.000000,85.112179,575.271258,0.000000
691,0.856668,0.965316,0.524997,0.349998,9.367576,1,1.000000,85.138642,574.802985,0.000000
692,0.824347,0.945967,0.670473,0.446982,8.901397,1,1.000000,85.297933,574.214743,0.000000
693,0.664754,0.973206,0.667831,0.445220,8.771056,1,1.000000,85.389513,573.675269,0.000000
694,0.787812,0.939990,0.642013,0.428009,8.459334,1,1.000000,85.481736,573.149897,0.000000
695,0.844051,0.886484,0.588119,0.392079,8.425148,1,1.000000,85.591872,572.639307,0.000000
696,0.733596,0.951764,0.698778,0.465852,8.163403,1,1.000000,85.737477,572.059129,0.000000
697,0.624130,0.958423,0.665640,0.443760,8.071909,1,1.000000,85.814429,571.544518,0.000000
698,0.709617,0.939169,0.691661,0.461108,8.049339,1,1.000000,85.949541,570.982370,0.000000
699,0.648229,0.867109,0.659060,0.439373,8.324962,1,1.000000,86.045412,570.494565,0.000000
700,0.809709,0.950398,0.703846,0.469231,8.307658,1,1.000000,86.243060,569.866745,0.000000
701,0.732899,0.932785,0.428105,0.285403,8.884835,1,1.000000,86.153826,569.525230,0.000000
702,0.554356,0.969869,0.788492,0.525661,9.265009,1,1.000000,86.317175,568.919453,0.000000
703,0.776276,0.922142,0.735542,0.490361,9.401850,1,1.000000,86.537397,568.282387,0.000000
704,0.773394,0.941151,0.457920,0.305280,9.853609,1,1.000000,86.527754,567.864442,0.000000
705,0.792349,0.976759,0.739423,0.492948,10.074070,1,1.000000,86.687188,567.225411,0.000000
706,0.526328,0.948474,0.750005,0.500003,10.000867,1,1.000000,86.789094,566.691148,0.000000
707,0.760686,0.971375,0.660233,0.440155,9.674447,1,1.000000,86.905499,566.128808,0.000000
708,0.733667,0.989240,0.648902,0.432601,9.601635,1,1.000000,87.016504,565.568354,0.000000
709,0.572909,0.959976,0.733039,0.488692,9.618538,1,1.000000,87.088135,565.015365,0.000000
710,0.673401,0.987975,0.650444,0.433629,10.129159,1,1.000000,87.155149,564.482439,0.000000
711,0.553119,0.968594,0.699705,0.466470,10.022327,1,1.000000,87.218096,563.937282,0.000000
712,0.795459,0.993143,0.698009,0.465339,10.240022,1,1.000000,87.352109,563.339220,0.000000
713,0.775710,0.966379,0.622221,0.414814,10.164287,1,1.000000,87.387796,562.830493,0.000000
714,0.849174,0.926564,0.667030,0.444686,10.201720,1,1.000000,87.545057,562.249745,0.000000
715,0.874797,0.918707,0.524591,0.349728,10.167696,1,1.000000,87.521398,561.781169,0.000000
716,0.812940,0.994875,0.700405,0.466937,10.202602,1,1.000000,87.658888,561.181452,0.000000
717,0.924280,0.995640,0.561539,0.374359,10.241569,1,1.000000,87.739416,560.640985,0.000000
718,0.902639,0.975840,0.566640,0.377760,10.296727,1,1.000000,87.798276,560.112802,0.000000
719,0.748403,0.983837,0.625067,0.416711,10.316244,1,1.000000,87.858326,559.586162,0.000000
720,0.780203,0.963994,0.613251,0.408834,9.952646,1,1.000000,87.908123,559.062890,0.000000
721,0.775773,0.926441,0.621493,0.414329,10.134643,1,1.000000,87.932149,558.545904,0.000000
722,0.801977,0.962525,0.563256,0.375504,10.157061,1,1.000000,87.962305,558.076203,0.000000
723,0.706562,0.987111,0.519607,0.346404,10.325884,1,1.000000,87.932146,557.649846,0.000000
724,0.841395,0.980362,0.583999,0.389333,9.959957,1,1.000000,87.986454,557.131758,0.000000
725,0.799808,0.948434,0.539548,0.359698,10.158691,1,1.000000,87.961159,556.683651,0.000000
726,0.695216,0.907175,0.530187,0.353458,10.179760,1,1.000000,87.951196,556.277455,0.000000
727,0.933386,0.997071,0.512973,0.341982,10.301660,1,1.000000,87.980144,555.790711,0.000000
728,0.716749,0.905592,0.600458,0.400305,9.966336,1,1.000000,87.935634,555.337947,0.000000
729,0.797731,0.945863,0.463258,0.308839,10.161194,1,1.000000,87.901581,554.936403,0.000000
730,0.850427,0.944656,0.537973,0.358649,10.205811,1,1.000000,87.953639,554.449981,0.000000
731,0.858115,0.902427,0.479019,0.319346,9.914816,1,1.000000,87.868706,554.040441,0.000000
732,0.676838,0.993146,0.623996,0.415998,10.070460,1,1.000000,87.910562,553.535845,0.000000
733,0.862289,0.943826,0.474851,0.316568,10.176843,1,1.000000,87.901413,553.109495,0.000000
734,0.869862,0.980197,0.561792,0.374528,10.284801,1,1.000000,87.969534,552.594233,0.000000
735,0.807641,0.991635,0.366058,0.244038,10.338037,1,1.000000,87.852279,552.262458,0.000000
736,0.847273,0.977652,0.677121,0.451414,9.987578,1,1.000000,87.987933,551.673590,0.000000
737,0.834828,0.935290,0.469652,0.313101,10.147702,1,1.000000,87.970382,551.260573,0.000000
738,0.772659,0.986283,0.512246,0.341498,10.152976,1,1.000000,87.932208,550.836174,0.000000
739,0.851579,0.968029,0.560530,0.373687,10.278687,1,1.000000,87.996542,550.330821,0.000000
740,0.782001,0.941709,0.505944,0.337296,10.224875,1,1.000000,87.989403,549.910304,0.000000
741,0.700078,0.981698,0.558178,0.372119,9.907330,1,1.000000,87.972222,549.468989,0.000000
742,0.646669,0.975528,0.550701,0.367134,10.052836,1,1.000000,87.899904,549.098514,0.000000
743,0.640201,0.957276,0.641193,0.427462,10.084003,1,1.000000,87.933883,548.628328,0.000000
744,0.817077,0.892592,0.506671,0.337780,10.159229,1,1.000000,87.942852,548.208803,0.000000
745,0.869250,0.952871,0.534827,0.356551,10.144300,1,1.000000,87.983867,547.734986,0.000000
746,0.556076,0.982579,0.642161,0.428107,10.227399,1,1.000000,87.925671,547.345414,0.000000
747,0.792698,0.929378,0.572503,0.381669,10.198696,1,1.000000,87.978659,546.868413,0.000000
748,0.721903,0.992627,0.571882,0.381254,9.832475,1,1.000000,87.962115,546.432916,0.000000
749,0.776700,0.952707,0.548121,0.365414,10.057523,1,1.000000,87.973592,545.986058,0.000000
750,0.736046,0.965740,0.640488,0.426992,10.054010,1,1.000000,88.076378,545.441630,0.000000
751,0.764237,0.966902,0.536971,0.357981,10.206790,1,1.000000,88.063261,545.015434,0.000000
752,0.758528,0.948811,0.622321,0.414880,10.166626,1,1.000000,88.147002,544.499475,0.000000
753,0.875184,0.978479,0.514947,0.343298,10.345713,1,1.000000,88.163578,544.035710,0.000000
754,0.774913,0.952552,0.588049,0.392033,10.269122,1,1.000000,88.221757,543.542224,0.000000
755,0.852305,0.978984,0.519089,0.346059,10.375958,1,1.000000,88.248046,543.070975,0.000000
756,0.657851,0.952446,0.714710,0.476473,9.908982,1,1.000000,88.337266,542.544537,0.000000
757,0.846316,0.944936,0.506110,0.337407,10.051366,1,1.000000,88.346656,542.105944,0.000000
758,0.840862,0.937665,0.663416,0.442277,10.020052,1,1.000000,88.499833,541.525299,0.000000
759,0.809374,0.967834,0.565300,0.376866,10.133049,1,1.000000,88.544479,541.038905,0.000000
760,0.823837,0.946055,0.689869,0.459913,10.062810,1,1.000000,88.704155,540.451298,0.000000
761,0.867179,0.982725,0.531270,0.354180,10.132321,1,1.000000,88.730547,539.975412,0.000000
762,0.772988,0.968695,0.626361,0.417574,10.056545,1,1.000000,88.802665,539.461186,0.000000
763,0.806657,0.970117,0.632914,0.421942,10.122267,1,1.000000,88.894971,538.923510,0.000000
764,0.880664,0.931793,0.643396,0.428931,10.034063,1,1.000000,89.046238,538.346680,0.000000
765,0.918043,0.974187,0.466432,0.310955,10.138005,1,1.000000,89.048517,537.900161,0.000000
766,0.790365,0.994106,0.600201,0.400134,10.102697,1,1.000000,89.098986,537.396363,0.000000
767,0.889927,0.946555,0.615371,0.410247,9.931226,1,1.000000,89.229614,536.832119,0.000000
768,0.567073,0.963918,0.675358,0.450239,10.148596,1,1.000000,89.198259,536.391945,0.000000
769,0.726856,0.987010,0.639508,0.426339,10.273256,1,1.000000,89.273723,535.859679,0.000000
770,0.765945,0.990416,0.617886,0.411924,10.194778,1,1.000000,89.316262,535.356495,0.000000
771,0.572375,0.957624,0.701952,0.467968,10.161865,1,1.000000,89.364340,534.870248,0.000000
772,0.815110,0.934685,0.629238,0.419492,9.959336,1,1.000000,89.403323,534.337501,0.000000
773,0.487186,0.968555,0.719619,0.479746,10.172364,1,1.000000,89.369385,533.907024,0.000000
774,0.677653,0.939051,0.600944,0.400629,10.230016,1,1.000000,89.435505,533.411162,0.000000
775,0.789473,0.995308,0.599899,0.399933,10.351918,1,1.000000,89.483901,532.905861,0.000000
776,0.683236,0.981986,0.677324,0.451549,10.359831,1,1.000000,89.592511,532.343619,0.000000
777,0.692474,0.998138,0.623411,0.415608,10.475485,1,1.000000,89.655668,531.823341,0.000000
778,0.688450,0.984613,0.664073,0.442715,10.085298,1,1.000000,89.728569,531.280041,0.000000
779,0.783689,0.944186,0.565487,0.376991,10.004003,1,1.000000,89.787814,530.791734,0.000000
780,0.698368,0.967714,0.646700,0.431133,9.742320,1,1.000000,89.892687,530.243374,0.000000
781,0.854635,0.973504,0.681936,0.454624,9.555175,1,1.000000,90.071015,529.617986,0.000000
782,0.824995,0.947562,0.587720,0.391813,9.689403,1,1.000000,90.109114,529.094366,0.000000
783,0.821363,0.999370,0.703872,0.469248,9.340098,1,1.000000,90.264041,528.477155,0.000000
784,0.866496,0.994755,0.726310,0.484207,9.321898,1,1.000000,90.473563,527.804699,0.000000
785,0.796386,0.989732,0.667388,0.444925,9.167772,1,1.000000,90.591431,527.222367,0.000000
786,0.862428,0.980462,0.640685,0.427123,9.488137,1,1.000000,90.692114,526.652282,0.000000
787,0.749858,0.999011,0.638956,0.425971,9.407575,1,1.000000,90.771429,526.111997,0.000000
788,0.940406,0.988126,0.649748,0.433165,9.612132,1,1.000000,90.944984,525.483573,0.000000
789,0.946696,0.980401,0.606028,0.404019,9.454252,1,1.000000,91.079581,524.899863,0.000000
790,0.903421,0.974717,0.549172,0.366115,9.570036,1,1.000000,91.147975,524.384363,0.000000
791,0.774272,0.913646,0.647879,0.431919,9.474094,1,1.000000,91.265893,523.850953,0.000000
792,0.838057,0.964186,0.696845,0.464564,9.362109,1,1.000000,91.408881,523.225689,0.000000
793,0.943104,0.967756,0.525599,0.350399,9.417717,1,1.000000,91.466533,522.723218,0.000000
794,0.886121,0.997327,0.669820,0.446547,9.313404,1,1.000000,91.617088,522.102638,0.000000
795,0.821108,0.994885,0.637957,0.425305,9.325185,1,1.000000,91.704114,521.558340,0.000000
796,0.778193,0.968764,0.622218,0.414812,9.328335,1,1.000000,91.800229,521.018577,0.000000
797,0.932845,0.954824,0.685907,0.457271,9.395374,1,1.000000,92.013742,520.365809,0.000000
798,0.876372,0.995043,0.478060,0.318706,9.374437,1,1.000000,92.004025,519.917117,0.000000
799,0.844042,0.971499,0.587382,0.391588,9.446204,1,1.000000,92.067798,519.406700,0.000000
800,0.812910,0.973651,0.718788,0.479192,9.477913,1,1.000000,92.256509,518.770979,0.000000
801,0.941354,0.956277,0.568471,0.378981,9.583107,1,1.000000,92.361695,518.226459,0.000000
802,0.808939,0.971787,0.648068,0.432046,9.965207,1,1.000000,92.488596,517.652583,0.000000
803,0.897044,0.991470,0.571608,0.381072,9.993576,1,1.000000,92.564709,517.114183,0.000000
804,0.761501,0.979053,0.722639,0.481760,9.709760,1,1.000000,92.700887,516.501115,0.000000
805,0.745604,0.969644,0.511528,0.341019,9.726119,1,1.000000,92.683671,516.073830,0.000000
806,0.780390,0.968993,0.696712,0.464474,9.628243,1,1.000000,92.831942,515.478838,0.000000
807,0.819403,0.946965,0.558737,0.372492,9.749536,1,1.000000,92.848873,514.981542,0.000000
808,0.642574,0.963187,0.713009,0.475339,9.772439,1,1.000000,92.938350,514.448722,0.000000
809,0.664318,0.983035,0.584596,0.389731,9.948688,1,1.000000,92.947440,513.977282,0.000000
810,0.790454,0.986278,0.677295,0.451530,10.144954,2,0.966667,93.088801,513.381690,0.000000
811,0.704006,0.921171,0.478689,0.319126,10.106149,1,1.000000,92.991853,513.000098,0.000000
812,0.591602,0.872253,0.707860,0.471907,10.173355,1,1.000000,93.113099,512.480969,0.000000
813,0.513071,0.871246,0.645522,0.430348,9.943715,1,1.000000,93.031176,512.052639,0.000000
814,0.574560,0.922528,0.626384,0.417589,10.417138,1,1.000000,93.091901,511.568937,0.000000
815,0.630970,0.998413,0.638163,0.425442,10.364202,1,1.000000,93.136623,511.067154,0.000000
816,0.795018,0.959791,0.603561,0.402374,10.027765,1,1.000000,93.210118,510.550848,0.000000
817,0.755912,0.995297,0.639957,0.426638,10.456036,1,1.000000,93.287363,510.015461,0.000000
818,0.623545,0.983275,0.593290,0.395526,10.734817,1,1.000000,93.296218,509.553258,0.000000
819,0.665817,0.980634,0.576508,0.384338,10.653379,1,1.000000,93.294632,509.092418,0.000000
820,0.765680,0.924717,0.617689,0.411793,11.121030,1,1.000000,93.389570,508.574820,0.000000
821,0.587008,0.982041,0.680704,0.453803,11.111832,2,0.966667,93.466454,508.029057,0.000000
822,0.693807,0.981326,0.555246,0.370164,11.460278,1,1.000000,93.507781,507.541656,0.000000
823,0.671101,0.962529,0.650016,0.433344,11.423006,1,1.000000,93.554529,507.018087,0.000000
824,0.603174,0.993906,0.535496,0.356997,11.268611,1,1.000000,93.528894,506.586362,0.000000
825,0.733051,0.998612,0.482390,0.321593,11.306369,1,1.000000,93.473731,506.186875,0.000000
826,0.584746,0.990488,0.598350,0.398900,11.235983,1,1.000000,93.470208,505.729030,0.000000
827,0.898736,0.969635,0.537340,0.358226,11.405607,2,0.966667,93.530090,505.227665,0.000000
828,0.761384,0.981169,0.543737,0.362491,11.419991,1,1.000000,93.539617,504.769106,0.000000
829,0.745889,0.965569,0.538724,0.359149,11.639366,1,1.000000,93.568709,504.297852,0.000000
830,0.848390,0.999154,0.510208,0.340139,11.251309,1,1.000000,93.585136,503.823871,0.000000
831,0.886136,0.960182,0.555312,0.370208,11.530578,1,1.000000,93.680875,503.292141,0.000000
832,0.727745,0.968809,0.502382,0.334922,11.439255,1,1.000000,93.647020,502.858719,0.000000
833,0.940828,0.965489,0.608416,0.405611,11.421610,1,1.000000,93.790372,502.274527,0.000000
834,0.891728,0.979193,0.382768,0.255179,11.417337,1,1.000000,93.714418,501.910061,0.000000
835,0.834498,0.903664,0.643802,0.429202,11.214255,1,1.000000,93.867283,501.345066,0.000000
836,0.896164,0.962939,0.548551,0.365701,11.260924,1,1.000000,93.937137,500.837814,0.000000
837,0.883361,0.981514,0.649213,0.432808,11.266622,1,1.000000,94.089984,500.233851,0.000000
838,0.901034,0.940690,0.472838,0.315225,10.986457,1,1.000000,94.095905,499.796332,0.000000
839,0.958655,0.941654,0.628533,0.419022,11.056923,1,1.000000,94.272455,499.190987,0.000000
840,0.897774,0.947646,0.450568,0.300378,11.086278,1,1.000000,94.259399,498.767701,0.000000
841,0.935393,0.933917,0.707904,0.471936,10.793505,1,1.000000,94.506605,498.096240,0.000000
842,0.931056,0.982811,0.406805,0.271203,10.932091,1,1.000000,94.447749,497.710177,0.000000
843,0.863012,0.952900,0.634313,0.422875,11.143097,1,1.000000,94.588782,497.134437,0.000000
844,0.865169,0.956049,0.563094,0.375396,11.143675,1,1.000000,94.682141,496.606377,0.000000
845,0.938686,0.955360,0.626399,0.417600,11.060820,1,1.000000,94.847550,496.005163,0.000000
846,0.916961,0.976084,0.481438,0.320958,10.962572,1,1.000000,94.855587,495.547868,0.000000
847,0.811173,0.969343,0.646098,0.430732,11.008780,1,1.000000,94.946300,494.977371,0.000000
848,0.879186,0.974774,0.516831,0.344554,11.257045,1,1.000000,94.977626,494.498899,0.000000
849,0.966044,0.967912,0.547085,0.364723,11.151015,1,1.000000,95.066793,493.961805,0.000000
850,0.869753,0.961407,0.486262,0.324174,11.053987,1,1.000000,95.091338,493.499477,0.000000
851,0.882924,0.979005,0.649538,0.433025,11.198794,1,1.000000,95.239215,492.904431,0.000000
852,0.914581,0.990645,0.508776,0.339184,10.902837,1,1.000000,95.264934,492.425440,0.000000
853,0.977262,0.965847,0.566378,0.377585,10.890850,1,1.000000,95.382965,491.868355,0.000000
854,0.886021,0.969532,0.432596,0.288397,10.945522,1,1.000000,95.355795,491.454364,0.000000
855,0.818151,0.990514,0.575081,0.383387,10.983617,1,1.000000,95.403188,490.945137,0.000000
856,0.946408,0.935567,0.586424,0.390950,10.673079,1,1.000000,95.538012,490.385915,0.000000
857,0.879152,0.961145,0.685857,0.457238,10.618288,1,1.000000,95.752019,489.732150,0.000000
858,0.968583,0.945526,0.410667,0.273778,10.705124,1,1.000000,95.716131,489.332879,0.000000
859,0.913644,0.990533,0.659820,0.439880,10.829695,1,1.000000,95.882476,488.706231,0.000000
860,0.863633,0.960186,0.486113,0.324075,10.571238,1,1.000000,95.893007,488.255980,0.000000
861,0.864938,0.953141,0.712952,0.475301,10.542068,1,1.000000,96.138177,487.574898,0.000000
862,0.920798,0.970048,0.423811,0.282541,10.355437,1,1.000000,96.088403,487.181120,0.000000
863,0.925463,0.951859,0.651638,0.434425,10.310577,1,1.000000,96.277042,486.557708,0.000000
864,0.900047,0.955499,0.516692,0.344461,10.257172,2,0.966667,96.323677,486.077925,0.000000
865,0.815221,0.990171,0.602526,0.401684,10.087260,1,1.000000,96.448483,485.497385,0.000000
866,0.822288,0.994934,0.448327,0.298885,10.277124,1,1.000000,96.384807,485.104503,0.000000
867,0.917238,0.984643,0.628625,0.419084,10.121850,1,1.000000,96.533005,484.499300,0.000000
868,0.809789,0.987312,0.437543,0.291695,9.760521,1,1.000000,96.485948,484.096478,0.000000
869,0.842590,0.985663,0.626458,0.417639,9.717024,1,1.000000,96.597767,483.530048,0.000000
870,0.902973,0.980708,0.557638,0.371759,10.736792,1,1.000000,96.651494,483.006343,0.000000
871,0.813026,0.944887,0.558054,0.372036,10.854994,1,1.000000,96.722544,482.500294,0.000000
872,0.855964,0.964787,0.446781,0.297854,10.862817,1,1.000000,96.703982,482.080568,0.000000
873,0.875151,0.994542,0.664695,0.443130,10.498361,1,1.000000,96.845521,481.478939,0.000000
874,0.868292,0.939976,0.574835,0.383224,10.508945,1,1.000000,96.916989,480.974957,0.000000
875,0.945432,0.986514,0.671193,0.447462,10.533713,2,0.966667,97.101677,480.331044,0.000000
876,0.921470,0.945499,0.510582,0.340388,10.379289,1,1.000000,97.148866,479.850828,0.000000
877,0.830042,0.969871,0.554864,0.369910,10.422207,1,1.000000,97.227962,479.325981,0.000000
878,0.908775,0.911779,0.580190,0.386793,10.602866,1,1.000000,97.328253,478.806589,0.000000
879,0.943392,0.947911,0.597945,0.398630,10.536592,2,0.966667,97.463776,478.236449,0.000000
880,0.952357,0.955953,0.553273,0.368849,10.555385,1,1.000000,97.559351,477.700765,0.000000
881,0.865069,0.941364,0.677612,0.451742,10.463227,1,1.000000,97.746064,477.079920,0.000000
882,0.936289,0.935789,0.564224,0.376149,10.285150,1,1.000000,97.849696,476.547346,0.000000
883,0.887057,0.984391,0.506138,0.337425,9.985574,2,0.966667,97.881807,476.062200,0.000000
884,0.921772,0.939599,0.674835,0.449890,9.778390,1,1.000000,98.076154,475.437468,0.000000
885,0.809633,0.929862,0.568866,0.379244,9.490118,1,1.000000,98.172559,474.914208,0.000000
886,0.942842,0.986724,0.639874,0.426583,9.121608,2,0.966667,98.332010,474.298343,0.000000
887,0.893792,0.972250,0.568013,0.378675,9.113951,2,0.966667,98.436782,473.747764,0.000000
888,0.863058,0.943436,0.670234,0.446823,8.717240,1,1.000000,98.622926,473.130856,0.000000
889,0.862621,0.939892,0.661776,0.441184,9.148604,1,1.000000,98.807503,472.518061,0.000000
890,0.876165,0.960657,0.626629,0.417753,9.333721,2,0.966667,98.958649,471.930167,0.000000
891,0.818550,0.941765,0.724945,0.483296,9.631103,1,1.000000,99.187417,471.273656,0.000000
892,0.895622,0.900378,0.607083,0.404722,9.517108,1,1.000000,99.315996,470.736239,0.000000
893,0.942211,0.980782,0.758967,0.505978,9.460302,2,0.966667,99.594132,470.002690,0.000000
894,0.891203,0.952336,0.477506,0.318337,9.553208,1,1.000000,99.609851,469.549689,0.000000
895,0.841347,0.945276,0.682691,0.455127,9.590604,1,1.000000,99.794483,468.933598,0.000000
896,0.883044,0.934603,0.516394,0.344263,9.710252,1,1.000000,99.846322,468.451611,0.000000
897,0.939737,0.977261,0.650363,0.433575,9.904282,1,1.000000,100.020109,467.828908,0.000000
898,0.957809,0.979362,0.449310,0.299540,10.061502,2,0.966667,100.010104,467.389748,0.000000
899,0.942183,0.955780,0.618020,0.412013,9.815426,1,1.000000,100.170751,466.792609,0.000000
900,0.867792,0.977148,0.543922,0.362614,9.456267,1,1.000000,100.197051,466.299031,0.000000
901,0.918431,0.947072,0.565467,0.376978,9.381096,1,1.000000,100.297107,465.768354,0.000000
902,0.879745,0.981248,0.504633,0.336422,9.168182,1,1.000000,100.323887,465.291159,0.000000
903,0.935483,0.959788,0.573067,0.382044,9.161827,1,1.000000,100.428181,464.746694,0.000000
904,0.818240,0.917336,0.556608,0.371072,9.648292,1,1.000000,100.487996,464.268130,0.000000
905,0.968570,0.984118,0.578453,0.385635,9.813176,1,1.000000,100.605685,463.697290,0.000000
906,0.853613,0.967797,0.505974,0.337316,9.581966,1,1.000000,100.621824,463.234894,0.000000
907,0.979808,0.985787,0.640852,0.427235,9.690227,1,1.000000,100.797499,462.601461,0.000000
908,0.863996,0.973371,0.431395,0.287596,9.585696,2,0.966667,100.713455,462.221719,0.000000
909,0.803068,0.946631,0.675502,0.450335,10.008415,1,1.000000,100.871528,461.630122,0.000000
910,0.942445,0.996365,0.499433,0.332955,10.154446,1,1.000000,100.895244,461.142271,0.000000
911,0.932303,0.972469,0.659768,0.439846,9.980966,1,1.000000,101.077161,460.510791,0.000000
912,0.943296,0.975256,0.436033,0.290688,10.057027,1,1.000000,101.057917,460.087663,0.000000
913,0.789147,0.985873,0.651418,0.434279,9.974001,1,1.000000,101.165359,459.508885,0.000000
914,0.871936,0.967703,0.451959,0.301306,9.836798,1,1.000000,101.131753,459.100950,0.000000
915,0.923455,0.951196,0.718634,0.479089,9.858447,1,1.000000,101.376618,458.419323,0.000000
916,0.934574,0.965153,0.392625,0.261750,9.906106,1,1.000000,101.313823,458.040616,0.000000
917,0.880236,0.951150,0.569474,0.379649,9.967531,1,1.000000,101.404023,457.515558,0.000000
918,0.879660,0.970420,0.547262,0.364842,9.778574,1,1.000000,101.472569,457.004025,0.000000
919,0.969015,0.980801,0.714499,0.476332,9.877919,1,1.000000,101.718889,456.301242,0.000000
920,0.889319,0.969468,0.456409,0.304272,9.895484,1,1.000000,101.700687,455.874594,0.000000
921,0.922857,0.970170,0.619210,0.412806,9.911272,1,1.000000,101.855132,455.273420,0.000000
922,0.924823,0.966644,0.498829,0.332553,9.807861,1,1.000000,101.898342,454.789018,0.000000
923,0.952808,0.960457,0.625780,0.417187,9.833261,1,1.000000,102.059787,454.185477,0.000000
924,0.915940,0.954887,0.562485,0.374990,9.687598,1,1.000000,102.160580,453.648005,0.000000
925,0.938049,0.980014,0.603066,0.402044,9.827538,1,1.000000,102.288386,453.065275,0.000000
926,0.928442,0.965162,0.468725,0.312483,9.731164,1,1.000000,102.301283,452.607737,0.000000
927,0.981527,0.987466,0.638018,0.425345,9.696923,1,1.000000,102.478752,451.976124,0.000000
928,0.912243,0.944879,0.489879,0.326586,9.740825,1,1.000000,102.516776,451.508305,0.000000
929,0.966137,0.968395,0.662912,0.441942,9.792469,1,1.000000,102.716197,450.859812,0.000000
930,0.964822,0.993357,0.521194,0.347463,9.599566,1,1.000000,102.761480,450.349370,0.000000
931,0.961982,0.981887,0.616861,0.411241,9.543851,1,1.000000,102.912406,449.745954,0.000000
932,0.972782,0.990349,0.508458,0.338972,9.575693,1,1.000000,102.962842,449.241917,0.000000
933,0.974763,0.985092,0.675459,0.450306,9.791103,1,1.000000,103.170374,448.574652,0.000000
934,0.926995,0.988998,0.488724,0.325816,9.676729,2,0.966667,103.198434,448.098160,0.000000
935,0.956084,0.992725,0.672796,0.448531,9.686606,1,1.000000,103.393512,447.438342,0.000000
936,0.900598,0.992419,0.589232,0.392821,9.615133,1,1.000000,103.469615,446.900420,0.000000
937,0.928132,0.964718,0.605012,0.403341,9.422566,2,0.966667,103.606067,446.318996,0.000000
938,0.927603,0.999352,0.675214,0.450143,9.275473,1,1.000000,103.798018,445.658016,0.000000
939,0.937680,0.991728,0.619634,0.413090,9.032119,1,1.000000,103.938084,445.059685,0.000000
940,0.818472,0.969359,0.575150,0.383433,9.011335,2,0.966667,103.986296,444.533246,0.000000
941,0.759529,0.953540,0.669981,0.446654,8.958647,1,1.000000,104.145164,443.939181,0.000000
942,0.918050,0.958538,0.605734,0.403823,8.988143,1,1.000000,104.283634,443.359176,0.000000
943,0.829747,0.943720,0.512337,0.341558,8.729824,1,1.000000,104.330062,442.883925,0.000000
944,0.832631,0.989548,0.609829,0.406552,8.486066,2,0.966667,104.397230,442.350750,0.000000
945,0.838472,0.953942,0.709181,0.472787,8.682484,2,0.966667,104.598330,441.714574,0.000000
946,0.752098,0.960886,0.593075,0.395383,8.851949,1,1.000000,104.696943,441.175345,0.000000
947,0.753134,0.990062,0.525638,0.350425,9.259445,1,1.000000,104.703868,440.712320,0.000000
948,0.723564,0.989268,0.654810,0.436540,9.050768,1,1.000000,104.792075,440.165646,0.000000
949,0.834127,0.951162,0.630358,0.420239,9.106435,2,0.966667,104.870270,439.601384,0.000000
950,0.659981,0.976498,0.675792,0.450528,9.177090,1,1.000000,104.960317,439.041037,0.000000
951,0.781812,0.963580,0.490121,0.326747,9.184502,1,1.000000,104.941860,438.590523,0.000000
952,0.789244,0.990593,0.677876,0.451917,9.133360,1,1.000000,105.076181,437.985210,0.000000
953,0.884632,0.943422,0.588330,0.392220,9.021275,1,1.000000,105.135268,437.436175,0.000000
954,0.890508,0.975164,0.575246,0.383497,8.881892,1,1.000000,105.208892,436.892355,0.000000
955,0.912556,0.993406,0.481969,0.321313,8.888710,1,1.000000,105.216059,436.425716,0.000000
956,0.766049,0.950407,0.663606,0.442404,9.101627,1,1.000000,105.292814,435.860121,0.000000
957,0.848830,0.987047,0.568121,0.378747,8.832780,1,1.000000,105.353683,435.344666,0.000000
958,0.877231,0.989984,0.602231,0.401487,9.017760,1,1.000000,105.459817,434.782197,0.000000
959,0.888304,0.994886,0.546317,0.364211,9.111102,1,1.000000,105.526297,434.260621,0.000000
960,0.916423,0.950519,0.511316,0.340877,9.174076,1,1.000000,105.583492,433.769810,0.000000
961,0.822699,0.982412,0.496667,0.331111,9.210658,1,1.000000,105.572510,433.329486,0.000000
962,0.831724,0.939135,0.622531,0.415020,9.277380,1,1.000000,105.686619,432.782724,0.000000
963,0.778643,0.924334,0.477834,0.318556,9.542121,1,1.000000,105.638120,432.406299,0.000000
964,0.822466,0.970187,0.585092,0.390062,9.318896,1,1.000000,105.696918,431.900396,0.000000
965,0.512052,0.964962,0.564371,0.376247,9.413718,1,1.000000,105.630440,431.524659,0.000000
966,0.661820,0.954864,0.628327,0.418884,9.425609,1,1.000000,105.633157,431.085655,0.000000
967,0.857257,0.923322,0.534410,0.356273,9.478175,1,1.000000,105.678952,430.613511,0.000000
968,0.761211,0.965791,0.583329,0.388886,9.589910,1,1.000000,105.749969,430.096085,0.000000
969,0.928484,0.923989,0.460072,0.306715,9.719392,1,1.000000,105.752901,429.668975,0.000000
970,0.797469,0.957516,0.566643,0.377762,9.718006,1,1.000000,105.804435,429.173338,0.000000
971,0.869380,0.958362,0.519976,0.346651,9.733258,1,1.000000,105.833915,428.703393,0.000000
972,0.873580,0.991588,0.516249,0.344166,9.771883,1,1.000000,105.865008,428.218676,0.000000
973,0.822225,0.963211,0.472422,0.314948,9.754104,1,1.000000,105.855778,427.784604,0.000000
974,0.848190,0.992813,0.557856,0.371904,9.850770,1,1.000000,105.907242,427.278714,0.000000
975,0.903757,0.938481,0.562833,0.375222,10.051257,1,1.000000,106.002069,426.760340,0.000000
976,0.804849,0.996368,0.512134,0.341423,9.927613,1,1.000000,105.986971,426.318718,0.000000
977,0.931731,0.974775,0.498601,0.332400,9.949646,1,1.000000,106.021956,425.838117,0.000000
978,0.893322,0.999147,0.592019,0.394679,9.837100,1,1.000000,106.105672,425.291072,0.000000
979,0.907709,0.922082,0.421119,0.280746,9.829627,1,1.000000,106.067982,424.904105,0.000000
980,0.857805,0.982471,0.586866,0.391244,9.947461,1,1.000000,106.132013,424.384877,0.000000
981,0.829029,0.957503,0.450000,0.300000,10.048375,1,1.000000,106.107235,423.967967,0.000000
982,0.861158,0.977624,0.589881,0.393254,9.950330,1,1.000000,106.190766,423.433753,0.000000
983,0.787093,0.951919,0.527315,0.351544,10.055252,1,1.000000,106.196923,422.996517,0.000000
984,0.892545,0.938722,0.551435,0.367623,10.165626,1,1.000000,106.285508,422.481845,0.000000
985,0.920999,0.937349,0.556247,0.370832,9.912827,1,1.000000,106.372896,421.960485,0.000000
986,0.731352,0.980896,0.491731,0.327821,10.123919,2,0.933333,106.321863,421.564612,0.000000
987,0.805955,0.962333,0.585269,0.390179,9.749629,2,0.933333,106.386937,421.056623,0.000000
988,0.853377,0.962882,0.556510,0.371007,9.960161,2,0.933333,106.448424,420.555056,0.000000
989,0.754721,0.931631,0.537398,0.358265,9.724749,2,0.933333,106.462199,420.115363,0.000000
990,0.847885,0.976450,0.583665,0.389110,9.790245,2,0.933333,106.524614,419.608450,0.000000
991,0.841823,0.931818,0.550143,0.366762,9.840045,2,0.933333,106.584846,419.119451,0.000000
992,0.778719,0.976255,0.525825,0.350550,9.838790,2,0.933333,106.610516,418.644098,0.000000
993,0.850223,0.959481,0.599439,0.399626,9.812487,2,0.933333,106.708899,418.106075,0.000000
994,0.904455,0.937697,0.567402,0.378268,9.885103,2,0.933333,106.805675,417.578645,0.000000
995,0.731435,0.936767,0.592296,0.394864,10.063507,2,0.933333,106.885945,417.067837,0.000000
996,0.871520,0.953654,0.624878,0.416586,9.776584,2,0.933333,107.019977,416.497480,0.000000
997,0.859740,0.980309,0.492783,0.328522,9.882464,2,0.933333,107.019852,416.049061,0.000000
998,0.725118,0.951270,0.575238,0.383492,9.824315,2,0.933333,107.072271,415.561761,0.000000
999,0.816721,0.918071,0.656389,0.437593,9.741086,2,0.933333,107.234680,414.983086,0.000000
1000,0.914892,0.987444,0.505617,0.337078,9.929126,2,0.933333,107.260798,414.503583,0.000000
1001,0.899318,0.974511,0.571347,0.380898,10.031084,2,0.933333,107.341671,413.971425,0.000000
1002,0.945196,0.978442,0.588415,0.392277,10.056856,2,0.933333,107.464670,413.395231,0.000000
1003,0.768209,0.955362,0.469408,0.312939,10.236392,2,0.933333,107.384929,413.001849,0.000000
1004,0.887782,0.964052,0.557996,0.371997,9.969604,2,0.933333,107.460949,412.481839,0.000000
1005,0.940577,0.973520,0.590242,0.393494,9.859152,2,0.933333,107.585036,411.911021,0.000000
1006,0.923274,0.962749,0.494487,0.329658,10.011153,2,0.933333,107.626131,411.427099,0.000000
1007,0.806192,0.978021,0.566494,0.377663,9.889808,2,0.933333,107.638001,410.944593,0.000000
1008,0.878895,0.956456,0.562997,0.375331,9.958300,2,0.933333,107.720328,410.425062,0.000000
1009,0.893598,0.991823,0.527679,0.351786,9.837661,2,0.933333,107.769464,409.917094,0.000000
1010,0.947335,0.988512,0.546691,0.364461,9.852358,2,0.933333,107.855352,409.380198,0.000000
1011,0.874640,0.997243,0.595689,0.397126,9.808410,2,0.933333,107.923532,408.845183,0.000000
1012,0.886210,0.951109,0.566395,0.377597,9.906978,2,0.933333,108.010364,408.318249,0.000000
1013,0.928672,0.992574,0.488957,0.325972,9.880919,2,0.933333,108.020351,407.844917,0.000000
1014,0.953442,0.975501,0.632950,0.421966,9.890444,2,0.933333,108.189839,407.231277,0.000000
1015,0.861753,0.955224,0.511290,0.340860,9.972112,2,0.933333,108.214792,406.767927,0.000000
1016,0.917760,0.994542,0.546075,0.364050,10.036460,2,0.933333,108.284981,406.236210,0.000000
1017,0.950528,0.979965,0.595688,0.397125,9.906400,2,0.933333,108.406379,405.659974,0.000000
1018,0.864379,0.992161,0.476220,0.317480,9.976642,2,0.933333,108.403197,405.209235,0.000000
1019,0.898078,0.968311,0.604050,0.402700,9.968280,2,0.933333,108.521056,404.644542,0.000000
1020,0.869900,0.989562,0.523552,0.349035,9.972731,2,0.933333,108.523568,404.176757,0.000000
1021,0.886280,0.980614,0.559007,0.372671,10.029273,2,0.933333,108.591419,403.660702,0.000000
1022,0.968699,0.984467,0.587468,0.391645,10.192073,2,0.933333,108.715249,403.080613,0.000000
1023,0.869966,0.947905,0.474732,0.316488,10.205559,2,0.933333,108.722786,402.638004,0.000000
1024,0.860446,0.982103,0.539615,0.359744,10.296150,2,0.933333,108.729362,402.161874,0.000000
1025,0.884400,0.991771,0.594306,0.396204,10.317983,2,0.933333,108.829566,401.604064,0.000000
1026,0.972557,0.970271,0.510676,0.340451,10.405748,2,0.933333,108.886060,401.100755,0.000000
1027,0.823810,0.950619,0.468671,0.312447,10.369993,2,0.933333,108.868574,400.680068,0.000000
1028,0.868798,0.998131,0.695749,0.463832,9.682726,2,0.933333,109.030685,400.053197,0.000000
1029,0.881353,0.979051,0.550021,0.366680,9.955838,2,0.933333,109.051846,399.561251,0.000000
1030,0.921232,0.968471,0.566322,0.377548,10.235452,2,0.933333,109.150981,399.018359,0.000000
1031,0.948801,0.970838,0.585019,0.390013,9.817368,2,0.933333,109.271865,398.451499,0.000000
1032,0.866906,0.971794,0.502254,0.334836,10.017490,2,0.933333,109.249598,398.005461,0.000000
1033,0.886265,0.976492,0.608839,0.405893,10.197799,2,0.933333,109.367292,397.436640,0.000000
1034,0.920538,0.946310,0.614427,0.409618,9.990789,2,0.933333,109.512284,396.856688,0.000000
1035,0.912953,0.993728,0.472200,0.314800,10.175890,2,0.933333,109.513379,396.400005,0.000000
1036,0.921185,0.963189,0.611247,0.407498,9.741010,2,0.933333,109.643097,395.824462,0.000000
1037,0.952968,0.980963,0.491319,0.327546,9.898324,2,0.933333,109.677762,395.340493,0.000000
1038,0.914582,0.966270,0.584684,0.389789,9.959298,2,0.933333,109.796107,394.779319,0.000000
1039,0.925202,0.960831,0.512797,0.341865,9.948734,2,0.933333,109.848116,394.284645,0.000000
1040,0.937482,0.996453,0.528195,0.352130,9.879397,2,0.933333,109.896831,393.774875,0.000000
1041,0.896971,0.956498,0.585196,0.390130,9.988176,2,0.933333,110.012819,393.221919,0.000000
1042,0.938914,0.974220,0.514618,0.343079,9.892217,2,0.933333,110.072086,392.720189,0.000000
1043,0.929522,0.990835,0.489271,0.326180,9.942845,2,0.933333,110.086434,392.250812,0.000000
1044,0.903561,0.960622,0.591739,0.394493,9.433507,2,0.933333,110.208005,391.690071,0.000000
1045,0.947079,0.989153,0.440017,0.293344,9.657844,2,0.933333,110.187955,391.257125,0.000000
1046,0.907603,0.988906,0.630111,0.420074,9.871495,2,0.933333,110.327201,390.660923,0.000000
1047,0.930770,0.969380,0.560910,0.373940,9.528670,2,0.933333,110.421657,390.118054,0.000000
1048,0.963547,0.982616,0.453783,0.302522,9.666892,2,0.933333,110.416973,389.670999,0.000000
1049,0.902930,0.989834,0.604571,0.403048,9.913634,2,0.933333,110.535642,389.093536,0.000000
1050,0.966887,0.979477,0.579406,0.386270,9.562758,2,0.933333,110.648594,388.526593,0.000000
1051,0.938228,0.971174,0.506239,0.337493,9.631520,2,0.933333,110.698079,388.034777,0.000000
1052,0.924260,0.997878,0.615482,0.410322,9.633861,2,0.933333,110.834724,387.442693,0.000000
1053,0.940070,0.992257,0.571910,0.381273,9.590843,2,0.933333,110.930542,386.886958,0.000000
1054,0.968556,0.982691,0.503254,0.335503,9.585916,2,0.933333,110.975053,386.390989,0.000000
1055,0.918627,0.985590,0.690205,0.460136,9.574375,2,0.933333,111.174572,385.730909,0.000000
1056,0.946634,0.982705,0.551338,0.367559,9.390136,2,0.933333,111.260135,385.192584,0.000000
1057,0.947553,0.999911,0.484471,0.322981,9.295953,2,0.933333,111.272532,384.719980,0.000000
1058,0.973125,0.989168,0.738865,0.492577,9.187354,2,0.933333,111.538176,383.992997,0.000000
1059,0.925907,0.963805,0.490279,0.326852,9.184260,2,0.933333,111.535432,383.522405,0.000000
1060,0.972377,0.967448,0.663344,0.442229,8.850752,2,0.933333,111.737674,382.871734,0.000000
1061,0.952791,0.976060,0.530737,0.353824,9.008581,2,0.933333,111.805145,382.352203,0.000000
1062,0.943203,0.995183,0.726517,0.484344,8.882284,2,0.933333,112.041020,381.648544,0.000000
1063,0.976755,0.976761,0.623816,0.415877,8.856438,2,0.933333,112.206168,381.034755,0.000000
1064,0.942526,0.970747,0.609927,0.406618,8.998157,2,0.933333,112.351565,380.439660,0.000000
1065,0.906857,0.958631,0.686317,0.457545,8.807775,2,0.933333,112.556940,379.792369,0.000000
1066,0.894374,0.995157,0.660756,0.440504,8.880816,2,0.933333,112.723191,379.159938,0.000000
1067,0.954731,0.959730,0.637560,0.425040,8.969154,2,0.933333,112.898788,378.542008,0.000000
1068,0.955460,0.955371,0.672086,0.448057,8.765565,2,0.933333,113.110080,377.889853,0.000000
1069,0.889372,0.997005,0.519952,0.346635,8.851928,2,0.933333,113.150142,377.389491,0.000000
1070,0.939164,0.970776,0.781445,0.520963,8.500290,2,0.933333,113.450272,376.638294,0.000000
1071,0.946717,0.959050,0.654733,0.436488,8.678701,2,0.933333,113.639288,376.006870,0.000000
1072,0.911365,0.981646,0.708112,0.472075,8.499183,2,0.933333,113.869609,375.323687,0.000000
1073,0.953552,0.969970,0.652052,0.434701,8.350868,2,0.933333,114.053882,374.688077,0.000000
1074,0.845597,0.960219,0.797462,0.531641,8.504142,2,0.933333,114.319151,373.982131,0.000000
1075,0.840708,0.956921,0.730703,0.487135,8.242586,2,0.933333,114.570983,373.292759,0.000000
1076,0.926874,0.965018,0.669570,0.446380,8.084781,2,0.933333,114.764151,372.649319,0.000000
1077,0.928306,0.960873,0.902921,0.601947,8.150038,2,0.933333,115.185044,371.783136,0.000000
1078,0.832635,0.993045,0.735983,0.490656,7.778228,2,0.933333,115.365256,371.132314,0.000000
1079,0.871059,0.990121,0.802929,0.535286,7.662788,2,0.933333,115.643552,370.387636,0.000000
1080,0.919859,0.983471,0.854378,0.569586,7.406418,2,0.933333,116.002733,369.565172,0.000000
1081,0.877159,0.988813,0.799997,0.533331,6.997606,2,0.933333,116.291862,368.810588,0.000000
1082,0.770211,0.987751,0.914837,0.609891,7.232440,2,0.933333,116.607682,368.032053,0.000000
1083,0.773512,0.970761,0.873742,0.582495,8.099785,2,0.933333,116.937041,367.248613,0.000000
1084,0.705085,0.996996,0.875850,0.583900,8.025006,2,0.933333,117.180753,366.532661,0.000000
1085,0.621929,0.988375,0.961416,0.640944,7.531075,2,0.933333,117.450612,365.780871,0.000000
1086,0.618917,0.963725,0.916647,0.611098,6.819034,2,0.933333,117.717992,365.020115,0.000000
1087,0.658102,0.993735,0.869651,0.579767,7.146406,2,0.933333,117.971026,364.292328,0.000000
1088,0.669422,0.971126,0.818936,0.545958,7.929797,2,0.933333,118.157454,363.617378,0.000000
1089,0.713501,0.964009,0.975086,0.650057,7.519598,2,0.933333,118.538738,362.788559,0.000000
1090,0.738667,0.958303,0.843208,0.562138,8.149267,2,0.933333,118.844254,362.043223,0.000000
1091,0.706123,0.942145,0.847915,0.565276,8.308644,2,0.933333,119.101780,361.353566,0.000000
1092,0.574783,0.979442,0.757695,0.505130,8.246613,2,0.933333,119.210449,360.790534,0.000000
1093,0.546733,0.940594,0.800574,0.533716,8.419966,2,0.933333,119.376982,360.193010,0.000000
1094,0.527054,0.952509,0.695111,0.463407,7.867034,2,0.933333,119.474845,359.653882,0.000000
1095,0.482895,0.963421,0.780962,0.520642,7.650447,2,0.933333,119.542295,359.145080,0.000000
1096,0.385110,0.971394,0.796352,0.530901,7.355775,2,0.933333,119.579765,358.660291,0.000000
1097,0.436352,0.986791,0.734814,0.489876,7.416965,2,0.933333,119.607750,358.178959,0.000000
1098,0.460039,0.982028,0.805521,0.537014,6.706734,2,0.933333,119.675480,357.658527,0.000000
1099,0.334013,0.987261,0.787177,0.524785,6.823101,2,0.933333,119.700169,357.177104,0.000000
1100,0.435694,0.929565,0.758178,0.505452,6.833406,2,0.933333,119.777930,356.672527,0.000000
1101,0.356513,0.969667,0.757348,0.504899,7.424509,2,0.933333,119.722018,356.283231,0.000000
1102,0.420219,0.946403,0.750782,0.500521,7.023671,2,0.933333,119.763658,355.801492,0.000000
1103,0.280145,0.961428,0.825620,0.550413,7.311772,2,0.933333,119.743602,355.378142,0.000000
1104,0.387561,0.971561,0.766460,0.510973,7.487117,2,0.933333,119.767611,354.883399,0.000000
1105,0.307667,0.964498,0.787529,0.525019,8.232005,2,0.933333,119.752298,354.424011,0.000000
1106,0.282202,0.959517,0.766168,0.510779,7.802091,2,0.933333,119.734416,353.969298,0.000000
1107,0.436677,0.997392,0.594540,0.396360,7.849060,2,0.933333,119.646417,353.602662,0.000000
1108,0.485068,0.931477,0.813256,0.542171,7.288338,2,0.933333,119.760295,352.991472,0.000000
1109,0.330099,0.903741,0.811922,0.541281,7.736666,2,0.933333,119.813812,352.426729,0.000000
1110,0.493769,0.998095,0.870112,0.580075,7.547176,2,0.933333,119.980550,351.797144,0.000000
1111,0.532317,0.992296,0.712553,0.475035,7.394065,2,0.933333,120.066807,351.247651,0.000000
1112,0.598754,0.990842,0.846030,0.564020,7.798761,2,0.933333,120.250138,350.592330,0.000000
1113,0.505398,0.997355,0.803083,0.535389,7.851297,2,0.933333,120.372142,350.003778,0.000000
1114,0.540576,0.998260,0.885315,0.590210,7.026020,2,0.933333,120.599680,349.309077,0.000000
1115,0.530452,0.970020,0.906059,0.604039,6.702639,2,0.933333,120.842359,348.614629,0.000000
1116,0.595552,0.990451,0.862576,0.575050,6.452960,2,0.933333,121.048974,347.946529,0.000000
1117,0.728787,0.972750,0.946042,0.630695,6.661102,2,0.933333,121.364957,347.180836,0.000000
1118,0.560104,0.981181,0.939910,0.626606,6.298537,2,0.933333,121.648163,346.438778,0.000000
1119,0.537215,0.982075,0.786233,0.524155,6.346671,2,0.933333,121.755041,345.861373,0.000000
1120,0.721150,0.987422,0.903738,0.602492,6.420298,2,0.933333,122.057475,345.098249,0.000000
1121,0.753823,0.971536,0.863876,0.575917,5.873546,2,0.933333,122.324292,344.381277,0.000000
1122,0.691947,0.998700,0.947955,0.631970,6.100416,2,0.933333,122.600429,343.636117,0.000000
1123,0.686879,0.957212,0.917504,0.611669,6.633325,2,0.933333,122.883170,342.912331,0.000000
1124,0.650268,0.972458,0.951360,0.634240,6.576630,2,0.933333,123.183690,342.160228,0.000000
1125,0.605207,0.963275,0.962081,0.641387,7.449653,2,0.933333,123.472450,341.425881,0.000000
1126,0.449435,0.939430,0.892732,0.595154,7.064620,3,0.900000,123.657306,340.810510,0.000000
1127,0.485272,0.993057,0.882565,0.588376,7.995970,3,0.900000,123.854044,340.142478,0.000000
1128,0.520795,0.933056,0.893674,0.595783,7.654442,3,0.900000,124.094998,339.475852,0.000000
1129,0.516051,0.945983,0.766213,0.510809,7.933433,2,0.933333,124.183223,338.950369,0.000000
1130,0.549539,0.884522,0.829526,0.553017,7.672903,2,0.933333,124.349530,338.381329,0.000000
1131,0.477978,0.922110,0.809710,0.539806,8.409847,3,0.900000,124.525149,337.785232,0.000000
1132,0.392319,0.874914,0.640594,0.427063,8.302531,2,0.933333,124.482337,337.416699,0.000000
1133,0.558763,0.906393,0.738670,0.492447,8.296955,3,0.900000,124.606170,336.874593,0.000000
1134,0.493409,0.941055,0.716749,0.477833,8.695927,2,0.933333,124.708821,336.339123,0.000000
1135,0.387814,0.955588,0.504399,0.336266,8.599732,2,0.933333,124.608492,336.000946,0.000000
1136,0.501027,0.910026,0.709536,0.473024,9.362381,2,0.933333,124.724094,335.469711,0.000000
1137,0.534335,0.928004,0.638658,0.425772,9.306507,2,0.933333,124.722254,335.042287,0.000000
1138,0.606989,0.914585,0.685812,0.457208,9.263531,2,0.933333,124.873518,334.469667,0.000000
1139,0.532325,0.898448,0.512864,0.341909,9.830998,2,0.933333,124.817894,334.103023,0.000000
1140,0.625596,0.979980,0.635304,0.423536,9.069816,3,0.900000,124.937433,333.526473,0.000000
1141,0.465282,0.969807,0.764460,0.509640,8.858970,2,0.933333,125.069113,332.946311,0.000000
1142,0.709922,0.999295,0.701750,0.467833,8.798365,2,0.933333,125.196105,332.350212,0.000000
1143,0.882072,0.949328,0.709157,0.472771,8.933400,2,0.933333,125.418555,331.690328,0.000000
1144,0.892668,0.986121,0.771420,0.514280,9.370206,2,0.933333,125.674494,330.970570,0.000000
1145,0.890793,0.985959,0.697118,0.464745,9.479463,3,0.900000,125.867092,330.318421,0.000000
1146,0.898743,0.955488,0.778709,0.519139,9.632022,2,0.933333,126.160211,329.583488,0.000000
1147,0.846151,0.980544,0.782274,0.521516,9.660122,2,0.933333,126.406795,328.855029,0.000000
1148,0.829142,0.946962,0.612354,0.408236,9.910380,2,0.933333,126.523398,328.303696,0.000000
1149,0.827788,0.990850,0.669227,0.446152,9.942566,2,0.933333,126.694772,327.671243,0.000000
1150,0.841968,0.993853,0.681469,0.454312,10.008463,2,0.933333,126.861407,327.032346,0.000000
1151,0.861056,0.989159,0.678103,0.452069,9.955920,3,0.900000,127.030194,326.403734,0.000000
1152,0.802768,0.996301,0.573377,0.382251,9.757935,2,0.933333,127.063767,325.913338,0.000000
1153,0.854517,0.973212,0.720732,0.480488,9.657766,2,0.933333,127.286330,325.241524,0.000000
1154,0.904627,0.945478,0.654580,0.436387,9.406320,3,0.900000,127.451798,324.638395,0.000000
1155,0.918718,0.948995,0.666540,0.444360,9.249056,2,0.933333,127.637051,324.015295,0.000000
1156,0.890689,0.992781,0.590297,0.393531,8.953331,2,0.933333,127.735812,323.462196,0.000000
1157,0.920412,0.907602,0.672871,0.448581,8.730978,3,0.900000,127.931190,322.853055,0.000000
1158,0.915253,0.958800,0.575176,0.383451,8.593967,2,0.933333,128.032613,322.307117,0.000000
1159,0.895404,0.943697,0.704241,0.469494,8.241221,2,0.933333,128.249830,321.656284,0.000000
1160,0.886353,0.942003,0.577197,0.384798,8.197995,2,0.933333,128.345080,321.127428,0.000000
1161,0.846462,0.930676,0.698280,0.465520,7.733745,3,0.900000,128.555430,320.491426,0.000000
1162,0.843089,0.908768,0.525186,0.350124,7.966758,2,0.933333,128.606191,320.017611,0.000000
1163,0.809016,0.957450,0.849691,0.566461,7.494101,2,0.933333,128.893712,319.286560,0.000000
1164,0.931465,0.931199,0.545716,0.363811,7.875110,3,0.900000,128.978822,318.771970,0.000000
1165,0.829108,0.934552,0.824200,0.549466,7.617859,2,0.933333,129.291979,318.031863,0.000000
1166,0.819819,0.951523,0.522048,0.348032,7.674453,2,0.933333,129.288003,317.597253,0.000000
1167,0.857947,0.952963,0.799779,0.533186,7.571274,2,0.933333,129.580280,316.865477,0.000000
1168,0.787706,0.981557,0.487706,0.325137,7.827095,2,0.933333,129.551495,316.442318,0.000000
1169,0.743343,0.946621,0.804385,0.536257,7.371360,3,0.900000,129.809436,315.749954,0.000000
1170,0.766285,0.993229,0.730079,0.486719,7.936141,2,0.933333,129.956465,315.131330,0.000000
1171,0.658597,0.942534,0.719069,0.479379,8.008481,2,0.933333,130.096810,314.557298,0.000000
1172,0.680802,0.992213,0.688041,0.458694,7.965144,3,0.900000,130.157530,314.027470,0.000000
1173,0.703559,0.977803,0.799270,0.532846,7.777854,2,0.933333,130.373682,313.356734,0.000000
1174,0.621291,0.933367,0.592798,0.395199,7.425744,2,0.933333,130.355093,312.891202,0.000000
1175,0.693176,0.986470,0.751801,0.501200,7.727361,2,0.933333,130.470560,312.303711,0.000000
1176,0.525362,0.971392,0.612414,0.408276,7.966828,2,0.933333,130.401040,311.905191,0.000000
1177,0.667873,0.957672,0.771666,0.514444,8.644889,2,0.933333,130.523367,311.296492,0.000000
1178,0.581594,0.992600,0.662301,0.441534,9.287900,2,0.933333,130.561145,310.803407,0.000000
1179,0.640471,0.960468,0.623255,0.415504,9.802902,2,0.933333,130.559148,310.326580,0.000000
1180,0.557479,0.961373,0.652166,0.434777,9.599414,2,0.933333,130.584026,309.825908,0.000000
1181,0.719694,0.982820,0.719516,0.479677,8.865139,3,0.900000,130.759293,309.191622,0.000000
1182,0.692689,0.996451,0.695711,0.463807,8.718291,2,0.933333,130.885018,308.601289,0.000000
1183,0.732753,0.999654,0.701199,0.467466,8.971084,2,0.933333,131.017553,308.002451,0.000000
1184,0.735571,0.965905,0.641764,0.427843,8.817421,3,0.900000,131.126627,307.446562,0.000000
1185,0.838319,0.985452,0.750879,0.500586,8.301197,2,0.933333,131.316066,306.781140,0.000000
1186,0.866758,0.987197,0.619158,0.412772,7.793640,2,0.933333,131.411584,306.216112,0.000000
1187,0.914061,0.984207,0.811278,0.540852,7.735918,3,0.900000,131.708589,305.456464,0.000000
1188,0.926917,0.991757,0.637685,0.425123,8.267214,2,0.933333,131.856902,304.846954,0.000000
1189,0.852001,0.941736,0.630943,0.420629,8.609945,2,0.933333,131.928177,304.283364,0.000000
1190,0.881702,0.976664,0.704500,0.469667,8.434602,3,0.900000,132.117541,303.637535,0.000000
1191,0.888297,0.968934,0.776771,0.517848,8.102064,2,0.933333,132.361634,302.904834,0.000000
1192,0.938355,0.983140,0.613299,0.408866,8.209414,2,0.933333,132.477864,302.315185,0.000000
1193,0.872830,0.972305,0.782847,0.521898,7.809550,2,0.933333,132.713533,301.595828,0.000000
1194,0.816246,0.990240,0.760006,0.506671,8.433994,2,0.933333,132.937390,300.900728,0.000000
1195,0.859043,0.976996,0.785799,0.523866,8.621441,2,0.933333,133.175079,300.183737,0.000000
1196,0.895836,0.964318,0.713807,0.475872,8.288795,3,0.900000,133.351590,299.518711,0.000000
1197,0.826633,0.966634,0.807537,0.538358,7.749900,2,0.933333,133.586154,298.794846,0.000000
1198,0.772877,0.974124,0.698036,0.465357,8.628887,2,0.933333,133.734380,298.166919,0.000000
1199,0.822393,0.986340,0.750484,0.500322,8.746338,2,0.933333,133.950113,297.475893,0.000000
1200,0.841913,0.994097,0.651411,0.434274,9.251839,2,0.933333,134.088744,296.878711,0.000000
1201,0.672908,0.960217,0.684895,0.456597,8.967094,2,0.933333,134.201768,296.282445,0.000000
1202,0.791876,0.990210,0.759341,0.506227,8.800940,2,0.933333,134.410750,295.604622,0.000000
1203,0.721159,0.978421,0.768804,0.512536,8.698658,2,0.933333,134.622188,294.912467,0.000000
1204,0.802617,0.964410,0.670893,0.447262,8.195456,2,0.933333,134.756471,294.294570,0.000000
1205,0.643655,0.951212,0.736254,0.490836,7.981630,2,0.933333,134.904629,293.654084,0.000000
1206,0.780460,0.973597,0.725526,0.483684,7.922733,2,0.933333,135.072252,293.008898,0.000000
1207,0.766961,0.951218,0.751498,0.500999,7.837186,2,0.933333,135.260899,292.325817,0.000000
1208,0.878206,0.938013,0.772091,0.514727,7.846080,2,0.933333,135.473679,291.610833,0.000000
1209,0.874626,0.938995,0.908705,0.605803,8.137647,2,0.933333,135.798066,290.773117,0.000000
1210,0.835140,0.885139,0.712134,0.474756,8.267861,2,0.933333,135.889753,290.160641,0.000000
1211,0.793380,0.953824,0.872403,0.581602,8.177286,2,0.933333,136.169772,289.384090,0.000000
1212,0.911943,0.924072,0.916693,0.611128,8.448324,2,0.933333,136.497079,288.535704,0.000000
1213,0.940680,0.932863,0.768039,0.512026,8.303701,2,0.933333,136.726656,287.801673,0.000000
1214,0.832440,0.935377,0.818823,0.545882,8.706246,2,0.933333,136.943772,287.081245,0.000000
1215,0.903829,0.937054,1.002461,0.668308,8.655571,2,0.933333,137.355108,286.152808,0.000000
1216,0.880229,0.947741,0.758105,0.505404,8.517135,2,0.933333,137.563870,285.454323,0.000000
1217,0.903816,0.967821,0.969996,0.646664,8.437534,2,0.933333,137.988825,284.538105,0.000000
1218,0.894650,0.944196,0.663594,0.442396,8.008252,2,0.933333,138.121584,283.920387,0.000000
1219,0.875380,0.938502,0.968896,0.645930,8.287704,2,0.933333,138.494710,283.039769,0.000000
1220,0.857233,0.964741,0.772377,0.514918,8.234095,2,0.933333,138.717697,282.335661,0.000000
1221,0.889430,0.979374,0.863389,0.575593,8.511123,2,0.933333,139.040531,281.535472,0.000000
1222,0.849965,0.969649,0.773321,0.515547,8.568458,2,0.933333,139.267789,280.829748,0.000000
1223,0.891357,0.993179,0.879430,0.586287,8.618419,2,0.933333,139.628448,279.999106,0.000000
1224,0.879107,0.943011,0.777131,0.518087,8.255572,2,0.933333,139.852802,279.284229,0.000000
1225,0.874544,0.948837,0.829720,0.553146,8.079125,2,0.933333,140.138838,278.505132,0.000000
1226,0.870352,0.953388,0.867462,0.578308,8.076985,2,0.933333,140.446729,277.709162,0.000000
1227,0.814632,0.939665,0.831655,0.554437,7.858625,2,0.933333,140.716370,276.945533,0.000000
1228,0.872153,0.950917,0.857093,0.571395,8.065928,2,0.933333,141.013215,276.156921,0.000000
1229,0.878125,0.957210,0.792644,0.528430,8.049148,2,0.933333,141.267528,275.418230,0.000000
1230,0.833138,0.947027,0.844706,0.563137,7.685458,2,0.933333,141.542845,274.654198,0.000000
1231,0.874977,0.924215,0.880491,0.586994,8.068136,2,0.933333,141.841465,273.853328,0.000000
1232,0.861785,0.984323,0.781947,0.521298,7.979706,2,0.933333,142.093326,273.132658,0.000000
1233,0.897074,0.951708,0.834855,0.556570,7.981921,2,0.933333,142.388452,272.350441,0.000000
1234,0.796794,0.943794,0.834629,0.556420,8.357338,2,0.933333,142.631983,271.619074,0.000000
1235,0.822000,0.944820,0.957437,0.638292,8.368374,2,0.933333,142.998123,270.760232,0.000000
1236,0.851779,0.969351,0.688253,0.458835,8.576514,2,0.933333,143.154870,270.134635,0.000000
1237,0.864905,0.905184,0.883268,0.588845,8.497904,2,0.933333,143.430877,269.351817,0.000000
1238,0.820548,0.967509,0.827934,0.551956,8.969979,2,0.933333,143.703260,268.605756,0.000000
1239,0.876528,0.946390,0.752726,0.501817,8.808893,2,0.933333,143.919179,267.907795,0.000000
1240,0.783571,0.921042,0.810732,0.540488,8.794120,2,0.933333,144.130160,267.204461,0.000000
1241,0.824903,0.957643,0.725295,0.483530,8.876332,2,0.933333,144.322427,266.537772,0.000000
1242,0.819267,0.943968,0.817804,0.545202,8.923337,2,0.933333,144.580145,265.796015,0.000000
1243,0.845487,0.934157,0.802530,0.535020,8.723657,2,0.933333,144.814382,265.074993,0.000000
1244,0.897890,0.956163,0.754213,0.502809,9.036832,2,0.933333,145.048077,264.364920,0.000000
1245,0.896354,0.936890,0.747400,0.498266,9.178537,2,0.933333,145.263833,263.665994,0.000000
1246,0.884055,0.959873,0.707788,0.471859,9.356806,2,0.933333,145.448313,263.010636,0.000000
1247,0.856424,0.955028,0.735144,0.490096,9.397907,2,0.933333,145.659920,262.324872,0.000000
1248,0.898635,0.961641,0.617286,0.411524,9.147201,2,0.933333,145.770130,261.746752,0.000000
1249,0.837526,0.942476,0.677970,0.451980,8.636138,2,0.933333,145.909624,261.131937,0.000000
1250,0.904666,0.954224,0.634216,0.422811,8.594490,2,0.933333,146.032399,260.538566,0.000000
1251,0.819156,0.956698,0.626822,0.417881,8.776689,2,0.933333,146.145366,259.957552,0.000000
1252,0.700215,0.940082,0.657433,0.438288,8.709910,2,0.933333,146.241667,259.386783,0.000000
1253,0.726110,0.925586,0.738342,0.492228,8.696931,2,0.933333,146.401537,258.743562,0.000000
1254,0.614496,0.914007,0.549464,0.366310,7.975216,2,0.933333,146.395488,258.274496,0.000000
1255,0.836464,0.938717,0.766019,0.510680,7.371200,2,0.933333,146.625692,257.562261,0.000000
1256,0.692071,0.932278,0.668267,0.445511,8.080509,2,0.933333,146.733491,256.978835,0.000000
1257,0.742145,0.932197,0.645568,0.430379,7.968298,2,0.933333,146.825934,256.412412,0.000000
1258,0.747127,0.900258,0.726306,0.484204,7.661158,2,0.933333,146.922490,255.830757,0.000000
1259,0.841745,0.940168,0.792022,0.528015,7.556625,2,0.933333,147.154435,255.120581,0.000000
1260,0.686895,0.915135,0.660071,0.440047,7.596559,2,0.933333,147.233703,254.561581,0.000000
1261,0.793027,0.978532,0.831154,0.554102,7.153117,2,0.933333,147.509748,253.820176,0.000000
1262,0.610304,0.917545,0.667183,0.444789,7.666482,2,0.933333,147.578384,253.274795,0.000000
1263,0.700302,0.920940,0.798819,0.532546,8.381594,2,0.933333,147.757626,252.617075,0.000000
1264,0.597743,0.962224,0.577887,0.385258,8.735500,2,0.933333,147.757862,252.154667,0.000000
1265,0.716174,0.967545,0.831711,0.554474,8.540754,2,0.933333,148.011042,251.434946,0.000000
1266,0.761241,0.965598,0.688922,0.459281,8.775543,2,0.933333,148.170436,250.810011,0.000000
1267,0.687146,0.956539,0.714802,0.476535,8.788247,2,0.933333,148.295449,250.217856,0.000000
1268,0.749823,0.950223,0.720499,0.480333,8.933446,2,0.933333,148.430009,249.613705,0.000000
1269,0.847853,0.988085,0.723496,0.482330,9.115785,2,0.933333,148.633092,248.952600,0.000000
1270,0.891683,0.996481,0.710754,0.473836,9.186585,2,0.933333,148.848420,248.281495,0.000000
1271,0.827288,0.989222,0.693740,0.462493,8.963377,2,0.933333,149.022183,247.649672,0.000000
1272,0.773856,0.971165,0.687675,0.458450,8.810742,2,0.933333,149.127879,247.082413,0.000000
1273,0.802259,0.985045,0.748133,0.498756,8.952475,2,0.933333,149.344467,246.415044,0.000000
1274,0.747948,0.916011,0.569374,0.379582,8.489002,2,0.933333,149.396833,245.928821,0.000000
1275,0.711186,0.989332,0.843352,0.562235,8.324942,2,0.933333,149.626438,245.247505,0.000000
1276,0.756597,0.945886,0.684652,0.456434,8.393964,2,0.933333,149.782600,244.651678,0.000000
1277,0.814252,0.963196,0.732898,0.488599,8.294409,2,0.933333,149.980945,244.009013,0.000000
1278,0.823624,0.908199,0.747715,0.498477,8.185596,2,0.933333,150.196726,243.365212,0.000000
1279,0.768334,0.919632,0.694661,0.463107,7.999096,2,0.933333,150.381436,242.748682,0.000000
1280,0.852344,0.940767,0.747512,0.498341,7.975300,2,0.933333,150.622037,242.070719,0.000000
1281,0.831662,0.872203,0.732573,0.488382,8.502062,2,0.933333,150.818642,241.457273,0.000000
1282,0.724038,0.912738,0.816566,0.544378,8.568251,2,0.933333,151.078628,240.770588,0.000000
1283,0.802988,0.868343,0.761148,0.507432,8.665448,2,0.933333,151.287628,240.150827,0.000000
1284,0.876813,0.910807,0.713222,0.475481,8.657838,2,0.933333,151.493250,239.517418,0.000000
1285,0.831412,0.900772,0.813158,0.542105,8.540873,3,0.866667,151.777040,238.813374,0.000000
1286,0.724673,0.915551,0.672985,0.448656,8.381640,3,0.866667,151.873152,238.286062,0.000000
1287,0.840997,0.892293,0.782644,0.521763,8.253118,3,0.866667,152.126907,237.614031,0.000000
1288,0.781465,0.938821,0.855248,0.570165,8.151662,3,0.866667,152.405972,236.898941,0.000000
1289,0.874190,0.923375,0.732230,0.488154,8.079449,3,0.866667,152.630579,236.243264,0.000000
1290,0.827022,0.966724,0.706703,0.471136,8.083057,3,0.866667,152.820337,235.610582,0.000000
1291,0.777119,0.958195,0.844146,0.562764,8.194194,3,0.866667,153.093989,234.894058,0.000000
1292,0.866368,0.929762,0.810206,0.540137,8.430780,3,0.866667,153.390692,234.165769,0.000000
1293,0.910209,0.961573,0.769633,0.513088,8.672822,3,0.866667,153.668612,233.444146,0.000000
1294,0.768658,0.978834,0.840519,0.560346,8.992199,3,0.866667,153.939140,232.722377,0.000000
1295,0.896385,0.963235,0.797407,0.531604,8.735998,3,0.866667,154.242439,231.975122,0.000000
1296,0.925862,0.964788,0.865439,0.576959,8.672793,3,0.866667,154.620581,231.153491,0.000000
1297,0.830071,0.995570,0.738918,0.492612,8.619582,3,0.866667,154.810466,230.508621,0.000000
1298,0.900446,0.964941,0.815388,0.543592,8.459545,3,0.866667,155.141288,229.735340,0.000000
1299,0.934112,0.965318,0.737602,0.491735,8.207350,3,0.866667,155.403068,229.029625,0.000000
1300,0.799492,0.957776,0.778131,0.518754,7.853781,3,0.866667,155.630371,228.359874,0.000000
1301,0.855383,0.941035,0.777310,0.518207,7.903486,3,0.866667,155.909324,227.646190,0.000000
1302,0.957784,0.945523,0.779917,0.519945,7.746564,3,0.866667,156.227994,226.892374,0.000000
1303,0.882965,0.963121,0.746871,0.497914,7.936351,3,0.866667,156.464382,226.212112,0.000000
1304,0.894019,0.941203,0.884008,0.589339,8.381428,3,0.866667,156.861747,225.381212,0.000000
1305,0.893858,0.974628,0.771406,0.514270,7.255969,3,0.866667,157.129542,224.664303,0.000000
1306,0.891810,0.956909,0.823085,0.548723,7.025360,3,0.866667,157.447940,223.905691,0.000000
1307,0.785544,0.939758,0.957452,0.638301,7.000353,3,0.866667,157.833472,223.086666,0.000000
1308,0.827286,0.982803,0.791935,0.527957,7.346065,3,0.866667,158.083838,222.383901,0.000000
1309,0.777413,0.992404,0.880434,0.586956,7.444636,3,0.866667,158.359698,221.645654,0.000000
1310,0.676954,0.996619,0.869146,0.579431,7.174915,3,0.866667,158.568626,220.976995,0.000000
1311,0.769993,0.951913,0.825557,0.550371,7.561272,3,0.866667,158.790371,220.279807,0.000000
1312,0.764873,0.933060,0.765621,0.510414,8.127827,2,0.866667,158.962553,219.625938,0.000000
1313,0.662295,0.982317,0.874114,0.582743,8.383219,2,0.866667,159.157206,218.968041,0.000000
1314,0.730359,0.917669,0.731694,0.487796,8.198289,2,0.866667,159.277421,218.364469,0.000000
1315,0.677904,0.933351,0.710290,0.473527,7.986657,2,0.866667,159.394003,217.771755,0.000000
1316,0.587524,0.863961,0.739102,0.492735,7.422397,2,0.866667,159.423215,217.247606,0.000000
1317,0.535232,0.943744,0.830874,0.553916,7.304918,2,0.866667,159.534092,216.664556,0.000000
1318,0.648914,0.915078,0.841962,0.561308,7.314022,2,0.866667,159.716372,215.997937,0.000000
1319,0.422572,0.876861,0.711162,0.474108,7.498402,2,0.866667,159.698150,215.533856,0.000000
1320,0.605797,0.922179,0.805405,0.536936,7.326458,2,0.866667,159.814058,214.939897,0.000000
1321,0.783428,0.913116,0.700877,0.467251,7.669256,2,0.866667,159.944689,214.327029,0.000000
1322,0.627731,0.952104,0.684961,0.456641,8.293736,2,0.866667,160.024071,213.779714,0.000000
1323,0.736766,0.922357,0.622656,0.415104,8.783951,2,0.866667,160.072768,213.256707,0.000000
1324,0.743820,0.952120,0.718560,0.479040,9.141199,2,0.866667,160.210067,212.651117,0.000000
1325,0.755207,0.925262,0.700274,0.466849,8.759149,2,0.866667,160.330712,212.054384,0.000000
1326,0.759855,0.985124,0.690560,0.460373,8.629464,2,0.866667,160.482586,211.442354,0.000000
1327,0.738634,0.980805,0.671600,0.447733,8.825354,2,0.866667,160.596162,210.868859,0.000000
1328,0.682130,0.990144,0.613758,0.409172,9.174245,2,0.866667,160.677452,210.336712,0.000000
1329,0.707422,0.970540,0.601801,0.401201,9.290632,2,0.866667,160.723279,209.829831,0.000000
1330,0.729889,0.995787,0.628167,0.418778,9.257416,2,0.866667,160.809635,209.288054,0.000000
1331,0.757733,0.974944,0.521202,0.347468,9.270288,2,0.866667,160.824979,208.824711,0.000000
1332,0.778293,0.996364,0.596959,0.397973,9.370574,2,0.866667,160.899786,208.293941,0.000000
1333,0.771432,0.990355,0.423931,0.282620,9.452391,2,0.866667,160.831465,207.912887,0.000000
1334,0.612613,0.970562,0.595077,0.396718,9.384187,2,0.866667,160.869034,207.415508,0.000000
1335,0.814853,0.993618,0.541233,0.360822,9.578849,2,0.866667,160.898104,206.932758,0.000000
1336,0.801953,0.996152,0.555935,0.370623,9.453078,2,0.866667,160.954005,206.426156,0.000000
1337,0.798311,0.968535,0.493276,0.328851,9.741461,2,0.866667,160.952064,205.982002,0.000000
1338,0.710746,0.956519,0.536116,0.357410,9.781604,2,0.866667,160.956186,205.515235,0.000000
1339,0.777740,0.992156,0.614941,0.409961,9.801291,2,0.866667,161.036241,204.982566,0.000000
1340,0.867223,0.958214,0.472002,0.314668,9.925580,2,0.866667,161.026955,204.546776,0.000000
1341,0.663523,0.943953,0.561138,0.374092,10.001421,2,0.866667,161.010766,204.097620,0.000000
1342,0.794539,0.977201,0.509090,0.339393,9.913326,2,0.866667,161.019932,203.630153,0.000000
1343,0.735970,0.991787,0.561799,0.374532,9.947539,2,0.866667,161.055235,203.143077,0.000000
1344,0.551358,0.950936,0.483611,0.322407,9.931589,2,0.866667,160.957305,202.780991,0.000000
1345,0.693039,0.986797,0.605154,0.403436,9.864606,2,0.866667,161.015849,202.265158,0.000000
1346,0.621099,0.974863,0.471879,0.314586,10.030583,2,0.866667,160.946444,201.877353,0.000000
1347,0.493374,0.982604,0.614586,0.409724,10.016982,2,0.866667,160.930332,201.436411,0.000000
1348,0.770049,0.969407,0.547262,0.364842,10.186295,2,0.866667,160.940694,200.965527,0.000000
1349,0.625821,0.969358,0.602561,0.401708,10.260262,2,0.866667,160.958875,200.486902,0.000000
1350,0.830222,0.972321,0.557261,0.371508,10.614440,2,0.866667,160.993276,199.992706,0.000000
1351,0.665398,0.962693,0.572507,0.381671,10.699119,2,0.866667,160.982121,199.545149,0.000000
1352,0.672150,0.981501,0.588779,0.392519,10.649277,2,0.866667,160.996738,199.081242,0.000000
1353,0.674445,0.953366,0.514615,0.343076,10.737352,2,0.866667,160.944366,198.673264,0.000000
1354,0.865713,0.968061,0.469764,0.313176,10.569752,2,0.866667,160.921377,198.237561,0.000000
1355,0.888091,0.969174,0.511924,0.341283,10.659975,2,0.866667,160.953943,197.747091,0.000000
1356,0.920031,0.974877,0.448286,0.298858,10.686509,2,0.866667,160.939977,197.312801,0.000000
1357,0.882992,0.967288,0.476331,0.317554,10.761501,2,0.866667,160.914766,196.879465,0.000000
1358,0.920622,0.974740,0.473572,0.315715,10.740344,2,0.866667,160.913045,196.424951,0.000000
1359,0.911358,0.978537,0.512010,0.341340,10.800467,2,0.866667,160.948323,195.940547,0.000000
1360,0.899722,0.999159,0.501402,0.334268,10.735082,2,0.866667,160.966022,195.470345,0.000000
1361,0.902457,0.996630,0.498281,0.332187,10.793609,2,0.866667,160.986297,194.997484,0.000000
1362,0.910119,0.983486,0.463620,0.309080,10.721713,2,0.866667,160.978910,194.557362,0.000000
1363,0.937617,0.998217,0.503136,0.335424,10.774229,2,0.866667,161.014114,194.069811,0.000000
1364,0.774586,0.938541,0.507053,0.338035,10.723133,2,0.866667,160.973929,193.646097,0.000000
1365,0.932364,0.993993,0.529726,0.353150,10.774979,2,0.866667,161.032211,193.133876,0.000000
1366,0.886739,0.972729,0.522223,0.348149,10.696642,2,0.866667,161.073627,192.643886,0.000000
1367,0.952290,0.978081,0.574900,0.383267,10.749192,2,0.866667,161.175210,192.085452,0.000000
1368,0.876735,0.975331,0.444089,0.296059,10.741919,2,0.866667,161.142477,191.661666,0.000000
1369,0.796436,0.957412,0.627540,0.418360,10.773896,2,0.866667,161.229864,191.111891,0.000000
1370,0.918642,0.991448,0.504895,0.336597,10.709612,2,0.866667,161.258784,190.631643,0.000000
1371,0.902621,0.976776,0.573510,0.382340,10.786253,2,0.866667,161.353193,190.089537,0.000000
1372,0.816041,0.968395,0.556540,0.371026,10.720103,2,0.866667,161.395698,189.586549,0.000000
1373,0.867762,0.981402,0.586886,0.391258,10.783816,2,0.866667,161.492102,189.032380,0.000000
1374,0.905943,0.942134,0.512934,0.341956,10.617301,2,0.866667,161.523939,188.558566,0.000000
1375,0.840431,0.958564,0.669999,0.446666,10.497425,2,0.866667,161.671704,187.946199,0.000000
1376,0.898031,0.986863,0.550579,0.367053,10.374877,2,0.866667,161.728678,187.434273,0.000000
1377,0.950026,0.993777,0.583439,0.388959,10.258431,2,0.866667,161.850110,186.862480,0.000000
1378,0.868944,0.989517,0.578109,0.385406,10.083310,2,0.866667,161.933643,186.323098,0.000000
1379,0.854595,0.975379,0.577857,0.385238,9.825997,2,0.866667,162.014748,185.784553,0.000000
1380,0.872837,0.961793,0.619377,0.412918,9.593731,2,0.866667,162.109388,185.228133,0.000000
1381,0.886315,0.947478,0.663047,0.442031,9.489723,2,0.866667,162.254123,184.616807,0.000000
1382,0.958704,0.993475,0.607025,0.404683,8.917567,2,0.866667,162.393808,184.021800,0.000000
1383,0.946435,0.983853,0.651644,0.434430,8.938100,2,0.866667,162.568585,183.389616,0.000000
1384,0.953265,0.997699,0.613261,0.408840,8.737523,2,0.866667,162.716643,182.788061,0.000000
1385,0.907185,0.959867,0.641153,0.427436,8.184703,2,0.866667,162.851467,182.191779,0.000000
1386,0.906066,0.985665,0.635873,0.423915,8.382449,2,0.866667,163.008259,181.584126,0.000000
1387,0.923873,0.950747,0.644244,0.429496,8.342665,2,0.866667,163.149193,180.979249,0.000000
1388,0.943315,0.989715,0.702464,0.468309,8.044274,2,0.866667,163.376060,180.301205,0.000000
1389,0.942529,0.986147,0.612264,0.408176,8.390212,2,0.866667,163.520083,179.706510,0.000000
1390,0.897731,0.955483,0.679552,0.453035,8.675516,2,0.866667,163.687929,179.074623,0.000000
1391,0.895002,0.987253,0.638076,0.425384,8.286340,2,0.866667,163.835610,178.470611,0.000000
1392,0.872559,0.946556,0.712511,0.475007,8.445871,2,0.866667,164.037679,177.801638,0.000000
1393,0.861429,0.991780,0.617074,0.411383,8.620323,2,0.866667,164.150464,177.233464,0.000000
1394,0.913664,0.944971,0.741551,0.494367,8.640831,2,0.866667,164.381939,176.534215,0.000000
1395,0.904829,0.958523,0.545572,0.363715,8.495849,2,0.866667,164.428301,176.027465,0.000000
1396,0.871735,0.921272,0.697294,0.464863,8.589245,2,0.866667,164.594052,175.390467,0.000000
1397,0.944028,0.934927,0.566884,0.377923,8.675221,2,0.866667,164.666259,174.852663,0.000000
1398,0.924792,0.974203,0.682803,0.455202,8.693693,2,0.866667,164.865839,174.193769,0.000000
1399,0.944594,0.977618,0.525401,0.350268,8.683621,2,0.866667,164.917989,173.684900,0.000000
1400,0.916462,0.973671,0.685804,0.457203,8.738686,2,0.866667,165.121922,173.022153,0.000000
1401,0.922605,0.997296,0.635580,0.423720,8.612909,2,0.866667,165.274712,172.415745,0.000000
1402,0.917762,0.966999,0.631912,0.421274,8.101955,2,0.866667,165.418534,171.812103,0.000000
1403,0.903101,0.956015,0.646267,0.430845,8.187683,2,0.866667,165.569549,171.199414,0.000000
1404,0.838801,0.998671,0.693807,0.462538,7.764146,2,0.866667,165.761351,170.554924,0.000000
1405,0.943160,0.944739,0.566706,0.377804,7.708609,2,0.866667,165.846485,170.008029,0.000000
1406,0.775115,0.976721,0.753073,0.502049,7.876793,2,0.866667,166.079773,169.316033,0.000000
1407,0.907181,0.959276,0.546167,0.364111,7.816872,2,0.866667,166.145025,168.791768,0.000000
1408,0.936488,0.963365,0.772310,0.514874,8.320734,2,0.866667,166.425962,168.049519,0.000000
1409,0.849965,0.944381,0.752766,0.501844,8.377377,2,0.866667,166.634004,167.376695,0.000000
1410,0.846756,0.963625,0.695515,0.463677,8.177989,2,0.866667,166.820805,166.729712,0.000000
1411,0.921294,0.979565,0.675286,0.450191,7.427772,2,0.866667,167.018363,166.076423,0.000000
1412,0.877042,0.958169,0.779332,0.519554,6.682148,2,0.866667,167.268244,165.364836,0.000000
1413,0.861059,0.967968,0.588255,0.392170,7.260907,2,0.866667,167.366183,164.809250,0.000000
1414,0.768723,0.939878,0.784451,0.522967,7.515576,2,0.866667,167.593903,164.116323,0.000000
1415,0.889311,0.951958,0.694042,0.462695,7.741378,2,0.866667,167.790174,163.458202,0.000000
1416,0.934271,0.969502,0.706748,0.471165,7.321328,2,0.866667,168.010985,162.779087,0.000000
1417,0.898033,0.973642,0.595119,0.396746,7.428235,2,0.866667,168.124848,162.209328,0.000000
1418,0.831743,0.943155,0.837432,0.558288,7.743370,2,0.866667,168.404675,161.465042,0.000000
1419,0.866205,0.978894,0.574891,0.383261,7.502790,2,0.866667,168.485280,160.930374,0.000000
1420,0.914164,0.952435,0.770475,0.513650,7.798174,2,0.866667,168.753933,160.199739,0.000000
1421,0.915963,0.952321,0.624301,0.416200,8.958238,2,0.866667,168.870744,159.623862,0.000000
1422,0.901346,0.944428,0.660880,0.440586,9.036972,2,0.866667,169.015900,159.018127,0.000000
1423,0.898018,0.918720,0.551862,0.367908,8.824015,2,0.866667,169.053671,158.519334,0.000000
1424,0.929615,0.918226,0.705015,0.470010,8.481751,2,0.866667,169.243403,157.865683,0.000000
1425,0.881488,0.921350,0.589881,0.393254,8.205538,2,0.866667,169.318133,157.329110,0.000000
1426,0.811482,0.916312,0.644397,0.429598,8.907942,2,0.866667,169.412224,156.772412,0.000000
1427,0.856126,0.943118,0.543112,0.362075,9.698596,2,0.866667,169.447599,156.279824,0.000000
1428,0.849618,0.918079,0.609835,0.406557,9.563741,2,0.866667,169.531101,155.734826,0.000000
1429,0.889000,0.953651,0.640504,0.427003,9.979445,2,0.866667,169.681966,155.126100,0.000000
1430,0.814033,0.931513,0.489442,0.326295,10.406978,2,0.866667,169.674049,154.676409,0.000000
1431,0.772223,0.942788,0.578368,0.385579,9.641718,2,0.866667,169.747400,154.145429,0.000000
1432,0.829221,0.936875,0.582528,0.388352,8.922266,2,0.866667,169.830757,153.603984,0.000000
1433,0.895142,0.943217,0.620948,0.413966,9.157617,2,0.866667,169.962277,153.014464,0.000000
1434,0.843037,0.925508,0.511962,0.341308,9.344994,2,0.866667,169.983287,152.535519,0.000000
1435,0.912747,0.946362,0.653971,0.435981,9.117371,2,0.866667,170.148288,151.913197,0.000000
1436,0.844432,0.945261,0.603921,0.402614,8.706033,2,0.866667,170.255653,151.349368,0.000000
1437,0.945092,0.960136,0.608472,0.405648,8.841950,2,0.866667,170.385027,150.764844,0.000000
1438,0.839126,0.933748,0.605348,0.403565,8.716866,2,0.866667,170.475565,150.216604,0.000000
1439,0.922430,0.973938,0.708075,0.472050,8.335862,2,0.866667,170.702024,149.535798,0.000000
1440,0.893953,0.990025,0.564267,0.376178,8.474495,2,0.866667,170.795072,148.992831,0.000000
1441,0.859127,0.979258,0.662122,0.441415,8.644797,2,0.866667,170.969350,148.369953,0.000000
1442,0.814293,0.965385,0.654333,0.436222,8.300029,2,0.866667,171.110879,147.773765,0.000000
1443,0.897409,0.985663,0.721709,0.481139,8.633515,2,0.866667,171.344020,147.091499,0.000000
1444,0.863973,0.950095,0.550287,0.366858,8.404382,2,0.866667,171.412147,146.577191,0.000000
1445,0.805217,0.975013,0.627364,0.418243,8.490444,2,0.866667,171.525308,146.015671,0.000000
1446,0.863999,0.959950,0.669865,0.446577,8.362575,2,0.866667,171.686893,145.407577,0.000000
1447,0.863911,0.955446,0.719274,0.479516,8.331545,2,0.866667,171.905595,144.743347,0.000000
1448,0.900728,0.939547,0.626456,0.417637,8.481211,2,0.866667,172.047340,144.157389,0.000000
1449,0.907258,0.968080,0.708992,0.472661,8.550665,2,0.866667,172.272941,143.484716,0.000000
1450,0.866130,0.952554,0.631917,0.421278,8.484168,2,0.866667,172.408239,142.903775,0.000000
1451,0.862924,0.956537,0.748523,0.499015,8.660468,2,0.866667,172.649802,142.217392,0.000000
1452,0.888471,0.945296,0.638047,0.425365,8.404715,2,0.866667,172.798564,141.624668,0.000000
1453,0.817837,0.973496,0.654856,0.436571,8.613133,2,0.866667,172.946486,141.029620,0.000000
1454,0.833824,0.956511,0.609967,0.406645,8.362942,2,0.866667,173.054221,140.475769,0.000000
1455,0.823320,0.954995,0.698260,0.465506,8.730127,2,0.866667,173.244039,139.841053,0.000000
1456,0.823937,0.978465,0.604629,0.403086,8.868290,2,0.866667,173.360402,139.275986,0.000000
1457,0.839494,0.955143,0.678362,0.452241,8.168917,2,0.866667,173.527249,138.664548,0.000000
1458,0.799686,0.922158,0.637569,0.425046,8.028560,2,0.866667,173.640712,138.110087,0.000000
1459,0.674377,0.899169,0.685110,0.456740,9.081880,2,0.866667,173.718367,137.593240,0.033333
1460,0.703575,0.868969,0.628189,0.418792,8.961710,2,0.866667,173.762939,137.112927,0.033333
1461,0.672832,0.870378,0.720549,0.480366,9.069762,2,0.866667,173.882197,136.560518,0.033333
1462,0.604130,0.860655,0.586912,0.391275,9.331573,2,0.866667,173.901847,136.107983,0.033333
1463,0.491874,0.850028,0.617409,0.411606,9.281133,2,0.866667,173.880267,135.695697,0.033333
1464,0.617728,0.889835,0.621835,0.414557,8.807459,2,0.866667,173.919124,135.220933,0.066667
1465,0.362514,0.767233,0.585055,0.390037,8.706675,2,0.866667,173.797833,134.915121,0.066667
1466,0.603999,0.925022,0.609536,0.406357,8.350549,2,0.866667,173.864409,134.408514,0.066667
1467,0.285612,0.767389,0.661727,0.441151,8.399540,2,0.866667,173.740632,134.106514,0.066667
1468,0.300519,0.814320,0.626594,0.417729,8.903446,2,0.866667,173.660261,133.757664,0.066667
1469,0.179410,0.884725,0.689173,0.459449,9.333747,2,0.866667,173.507709,133.470145,0.066667
1470,0.205901,0.873592,0.637711,0.425141,10.156125,2,0.866667,173.410389,133.130136,0.066667
1471,0.091297,0.827722,0.649326,0.432884,10.404449,2,0.866667,173.173591,132.928213,0.066667
1472,0.171812,0.923113,0.552231,0.368154,10.621378,2,0.866667,173.041307,132.617780,0.066667
1473,0.137858,0.877850,0.724503,0.483002,10.352675,2,0.866667,172.875863,132.344100,0.066667
1474,0.137266,0.981450,0.611085,0.407390,10.104808,2,0.866667,172.720052,132.051171,0.066667
1475,0.207416,0.827368,0.778252,0.518835,9.539218,2,0.866667,172.532871,131.802819,0.066667
1476,0.170128,0.998928,0.610452,0.406968,8.949960,2,0.866667,172.448145,131.435768,0.066667
1477,0.275751,0.972647,0.770871,0.513914,8.266276,2,0.866667,172.397825,131.031311,0.066667
1478,0.369779,0.963992,0.698690,0.465793,7.842108,2,0.866667,172.427007,130.543867,0.066667
1479,0.321806,0.971347,0.713051,0.475367,7.342549,2,0.866667,172.338563,130.177126,0.066667
1480,0.394377,0.949922,0.701323,0.467549,7.490032,2,0.866667,172.408037,129.646843,0.066667
1481,0.391410,0.977480,0.873513,0.582342,7.029182,2,0.866667,172.463774,129.135316,0.066667
1482,0.515577,0.971843,0.812449,0.541633,6.308310,2,0.866667,172.640340,128.499864,0.066667
1483,0.318694,0.994033,0.809166,0.539444,7.037348,2,0.866667,172.680930,128.006127,0.066667
1484,0.564591,0.987721,0.844025,0.562683,7.053320,2,0.866667,172.931401,127.305814,0.066667
1485,0.311068,0.961092,0.744404,0.496270,7.101608,2,0.866667,172.908651,126.881779,0.066667
1486,0.215069,0.946082,0.829788,0.553192,6.737657,2,0.866667,172.896392,126.450189,0.066667
1487,0.545296,0.963728,0.928210,0.618806,5.351965,2,0.866667,173.164904,125.736909,0.066667
1488,0.406920,0.958215,0.927676,0.618450,5.754159,2,0.866667,173.235868,125.220524,0.066667
1489,0.428442,0.991665,0.813837,0.542558,5.746555,2,0.866667,173.386762,124.619302,0.066667
1490,0.450639,0.984726,0.934702,0.623135,5.454331,2,0.866667,173.500398,124.050894,0.066667
1491,0.402424,0.985384,0.953111,0.635407,6.052313,2,0.866667,173.677228,123.417973,0.066667
1492,0.318784,0.985102,0.896461,0.597641,5.000000,2,0.866667,173.698675,122.942366,0.066667
1493,0.362688,0.983702,0.920529,0.613686,5.000000,2,0.866667,173.806259,122.379924,0.066667
1494,0.299410,0.955551,0.954882,0.636588,6.372386,2,0.866667,173.808447,121.919719,0.066667
1495,0.322936,0.966631,1.013012,0.675341,7.361718,2,0.866667,173.857862,121.413057,0.066667
1496,0.357935,0.950949,0.954901,0.636601,7.086255,2,0.866667,173.913294,120.897305,0.066667
1497,0.254354,0.938975,0.866111,0.577407,7.749569,2,0.866667,173.875171,120.475704,0.066667
1498,0.335593,0.965575,0.872204,0.581470,7.491784,2,0.866667,173.927223,119.965917,0.066667
1499,0.275755,0.903478,0.889728,0.593152,7.721465,2,0.866667,173.870093,119.559915,0.066667
1500,0.270634,0.986300,0.801126,0.534084,7.732479,2,0.866667,173.825365,119.151880,0.066667
1501,0.299099,0.846037,0.727237,0.484825,8.416856,2,0.866667,173.656782,118.855481,0.066667
1502,0.099722,0.877885,0.783804,0.522536,8.409468,2,0.866667,173.461555,118.589934,0.066667
1503,0.427077,0.819306,0.720107,0.480071,8.393604,2,0.866667,173.413713,118.162393,0.066667
1504,0.193080,0.902716,0.671480,0.447653,8.790524,2,0.866667,173.259608,117.857366,0.066667
1505,0.282550,0.836762,0.678753,0.452502,8.877290,2,0.866667,173.152893,117.495886,0.100000
1506,0.265627,0.886589,0.602358,0.401572,8.520030,2,0.866667,172.990353,117.198501,0.100000
1507,0.285106,0.739042,0.730354,0.486903,8.077729,2,0.866667,172.764540,116.953144,0.100000
1508,0.117100,0.862277,0.592868,0.395245,8.657738,2,0.866667,172.542500,116.716307,0.100000
1509,0.276226,0.821508,0.584636,0.389757,8.071372,2,0.866667,172.373796,116.420832,0.100000
1510,0.268559,0.793343,0.647687,0.431792,7.821703,2,0.866667,172.191926,116.136829,0.100000
1511,0.384965,0.792102,0.659406,0.439604,8.279974,2,0.866667,172.045242,115.816418,0.100000
1512,0.221216,0.753049,0.654024,0.436016,8.003980,2,0.866667,171.815547,115.581096,0.100000
1513,0.256012,0.765555,0.749994,0.499996,7.439076,2,0.866667,171.697777,115.230734,0.100000
1514,0.428220,0.816010,0.730814,0.487209,6.795908,2,0.866667,171.695209,114.766157,0.100000
1515,0.336428,0.776469,0.908352,0.605568,6.110532,3,0.800000,171.680391,114.311192,0.100000
1516,0.293240,0.755312,0.873996,0.582664,6.003761,3,0.800000,171.586382,113.938819,0.100000
1517,0.450288,0.830294,0.788950,0.525967,6.561743,3,0.800000,171.550279,113.514574,0.100000
1518,0.553809,0.809415,0.863685,0.575790,7.173298,3,0.800000,171.592651,113.010211,0.066667
1519,0.562203,0.817716,0.875041,0.583361,7.321422,3,0.800000,171.684258,112.457846,0.066667
1520,0.498155,0.797807,0.815326,0.543551,7.373653,3,0.800000,171.695086,111.988346,0.066667
1521,0.568152,0.768660,0.893355,0.595570,7.264825,3,0.800000,171.735339,111.489456,0.066667
1522,0.769804,0.791658,0.892717,0.595144,6.940784,3,0.800000,171.904267,110.864525,0.066667
1523,0.788820,0.764693,0.881623,0.587749,7.417997,3,0.800000,172.040302,110.276307,0.066667
1524,0.712754,0.790663,0.978884,0.652589,7.392303,3,0.800000,172.269710,109.598508,0.066667
1525,0.578828,0.770971,0.864949,0.576633,7.519424,3,0.800000,172.327373,109.095231,0.066667
1526,0.655296,0.762911,0.777092,0.518061,7.540201,3,0.800000,172.353354,108.626376,0.066667
1527,0.608047,0.824469,0.874911,0.583274,7.716644,3,0.800000,172.521142,108.016953,0.100000
1528,0.571097,0.765145,0.798304,0.532203,7.566356,3,0.800000,172.567185,107.533328,0.100000
1529,0.444858,0.787967,0.769398,0.512932,7.372832,3,0.800000,172.606736,107.056470,0.100000
1530,0.539516,0.806032,0.688711,0.459140,7.303982,3,0.800000,172.622810,106.602608,0.133333
1531,0.556128,0.794242,0.809603,0.539735,7.321882,3,0.800000,172.717579,106.075279,0.133333
1532,0.431709,0.781849,0.812384,0.541589,7.278724,3,0.800000,172.743958,105.617336,0.133333
1533,0.552822,0.817980,0.856676,0.571117,7.365158,3,0.800000,172.847144,105.082599,0.133333
1534,0.410182,0.725035,0.775659,0.517106,7.553641,3,0.800000,172.787069,104.718328,0.100000
1535,0.395499,0.742615,0.746671,0.497781,7.427007,3,0.800000,172.724910,104.355480,0.100000
1536,0.500082,0.726423,0.791268,0.527512,7.553641,3,0.800000,172.692979,103.969630,0.100000
1537,0.411185,0.705872,0.709374,0.472916,7.553641,3,0.800000,172.584222,103.660417,0.100000
1538,0.336316,0.744548,0.720256,0.480171,7.553641,3,0.800000,172.478681,103.344564,0.100000
1539,0.434545,0.767351,0.712000,0.474667,7.553641,3,0.800000,172.416340,102.984843,0.100000
1540,0.402565,0.771842,0.640037,0.426691,7.553641,3,0.800000,172.363019,102.617335,0.100000
1541,0.501426,0.780218,0.664045,0.442697,7.553641,3,0.800000,172.304733,102.254004,0.133333
1542,0.559331,0.810359,0.700061,0.466708,7.553641,3,0.800000,172.307400,101.829329,0.133333
1543,0.424350,0.763715,0.730766,0.487177,7.553641,3,0.800000,172.291352,101.433232,0.133333
1544,0.466352,0.758114,0.733050,0.488700,7.553641,3,0.800000,172.260970,101.052985,0.133333
1545,0.412332,0.787320,0.747912,0.498608,7.553641,3,0.800000,172.234312,100.664023,0.133333
1546,0.377428,0.826795,0.772461,0.514974,7.553641,3,0.800000,172.245877,100.231604,0.133333
1547,0.382487,0.831036,0.730212,0.486808,7.553641,3,0.800000,172.261618,99.796244,0.133333
1548,0.495446,0.793309,0.713438,0.475626,7.553641,3,0.800000,172.305974,99.343508,0.133333
1549,0.621804,0.788436,0.669847,0.446565,7.553641,3,0.800000,172.336968,98.906194,0.133333
1550,0.607803,0.831186,0.688866,0.459244,7.553641,3,0.800000,172.395299,98.434063,0.133333
1551,0.630071,0.814652,0.681360,0.454240,7.553641,3,0.800000,172.444106,97.974842,0.133333
1552,0.615051,0.852940,0.642742,0.428495,7.553641,3,0.800000,172.467298,97.530041,0.133333
1553,0.627785,0.863233,0.683356,0.455570,7.533427,3,0.800000,172.567465,97.010522,0.166667
1554,0.685384,0.870715,0.677189,0.451459,7.039248,3,0.800000,172.681761,96.476034,0.166667
1555,0.709055,0.884283,0.648280,0.432187,7.553641,3,0.800000,172.788215,95.945397,0.166667
1556,0.667934,0.893423,0.601509,0.401006,7.197136,3,0.800000,172.863043,95.442651,0.200000
1557,0.699210,0.935939,0.651142,0.434095,7.553641,3,0.800000,172.995960,94.871501,0.200000
1558,0.706924,0.916094,0.637424,0.424949,7.553641,3,0.800000,173.097620,94.338711,0.200000
1559,0.794726,0.914876,0.648021,0.432014,7.553641,3,0.800000,173.246539,93.759116,0.200000
1560,0.730527,0.914282,0.628682,0.419121,7.553641,3,0.800000,173.366547,93.207545,0.200000
1561,0.868241,0.928939,0.662020,0.441347,7.150074,3,0.800000,173.537054,92.601759,0.200000
1562,0.749916,0.921167,0.669944,0.446629,7.462724,3,0.800000,173.706362,91.999817,0.200000
1563,0.841714,0.933209,0.755354,0.503570,7.553641,3,0.800000,173.957285,91.315494,0.200000
1564,0.801429,0.936969,0.788421,0.525614,7.464636,3,0.800000,174.252027,90.587194,0.200000
1565,0.772864,0.916513,0.861970,0.574647,7.553641,2,0.866667,174.587527,89.827938,0.200000
1566,0.732138,0.906325,0.767187,0.511458,7.538297,2,0.866667,174.834659,89.157106,0.200000
1567,0.680724,0.928947,0.948452,0.632301,7.543829,2,0.866667,175.233976,88.328225,0.266667
1568,0.567652,0.917196,0.840104,0.560069,7.553641,2,0.866667,175.536148,87.600027,0.266667
1569,0.439948,0.908256,0.834338,0.556226,7.283645,2,0.866667,175.779115,86.934706,0.300000
1570,0.621957,0.926620,0.964706,0.643137,6.221210,2,0.866667,176.117358,86.167578,0.300000
1571,0.523788,0.941157,0.917265,0.611510,6.315110,2,0.866667,176.424049,85.425171,0.333333
1572,0.672095,0.897385,0.892026,0.594684,6.619407,2,0.866667,176.745315,84.689038,0.333333
1573,0.289803,0.910288,0.875590,0.583727,7.113885,2,0.866667,176.838426,84.167352,0.333333
1574,0.587565,0.940249,0.830935,0.553956,6.600786,2,0.866667,177.030837,83.537954,0.366667
1575,0.550136,0.944796,0.836747,0.557831,6.649584,2,0.866667,177.198873,82.929919,0.366667
1576,0.594031,0.984315,0.755476,0.503650,6.472032,2,0.866667,177.333125,82.339342,0.400000
1577,0.514911,0.956020,0.770974,0.513982,6.625065,2,0.866667,177.476950,81.715747,0.400000
1578,0.513821,0.962035,0.791976,0.527984,7.198011,2,0.866667,177.592832,81.124400,0.400000
1579,0.416189,0.957664,0.782439,0.521626,6.880021,2,0.866667,177.715018,80.524541,0.433333
1580,0.561642,0.943881,0.804949,0.536633,7.377696,2,0.866667,177.849591,79.907304,0.466667
1581,0.780353,0.978084,0.864442,0.576295,7.000421,2,0.866667,178.137473,79.144951,0.466667
1582,0.760701,0.976665,0.776632,0.517755,6.790323,2,0.866667,178.361512,78.447857,0.466667
1583,0.852059,0.982010,0.782555,0.521703,6.745572,2,0.866667,178.611181,77.726802,0.466667
1584,0.818912,0.986660,0.788533,0.525689,6.698094,2,0.866667,178.867480,77.002076,0.466667
1585,0.868984,0.938105,0.771854,0.514569,6.717956,2,0.866667,179.089100,76.291845,0.500000
1586,0.862979,0.984988,0.709687,0.473124,7.197858,2,0.866667,179.284279,75.632855,0.500000
1587,0.737728,0.952642,0.793415,0.528944,7.553641,2,0.866667,179.490563,74.945934,0.500000
1588,0.874792,0.991857,0.732481,0.488321,7.553641,2,0.866667,179.715722,74.263731,0.500000
1589,0.795768,0.992341,0.750758,0.500505,7.553641,2,0.866667,179.925114,73.589921,0.500000
1590,0.867806,0.993863,0.705676,0.470451,7.553641,2,0.866667,180.125625,72.926785,0.500000
1591,0.740228,0.995752,0.784375,0.522916,7.553641,2,0.866667,180.376953,72.217009,0.500000
1592,0.688274,0.954499,0.669941,0.446628,7.553641,2,0.866667,180.493760,71.626136,0.500000
1593,0.729620,0.967172,0.697761,0.465174,7.553641,2,0.866667,180.632567,71.016225,0.566667
1594,0.754769,0.990213,0.691045,0.460697,7.553641,2,0.866667,180.784085,70.401993,0.566667
1595,0.777930,0.960685,0.714615,0.476410,7.553641,2,0.866667,180.945403,69.767045,0.566667
1596,0.609125,0.943869,0.599477,0.399651,7.553641,2,0.866667,180.952111,69.288617,0.566667
1597,0.669397,0.981488,0.632418,0.421612,7.553641,2,0.866667,180.999111,68.779081,0.566667
1598,0.726104,0.976381,0.522572,0.348381,7.553641,2,0.866667,181.012994,68.302912,0.566667
1599,0.667086,0.982781,0.643893,0.429262,7.553641,2,0.866667,181.093828,67.759254,0.566667
1600,0.846335,0.986235,0.586880,0.391253,7.553641,2,0.866667,181.181435,67.210150,0.633333
1601,0.793698,0.980232,0.665210,0.443474,7.553641,2,0.866667,181.323937,66.603617,0.633333
1602,0.752715,0.992106,0.578871,0.385914,7.553641,2,0.866667,181.368178,66.104324,0.633333
1603,0.648911,0.983690,0.663781,0.442521,7.553641,2,0.866667,181.462356,65.557067,0.633333
1604,0.852798,0.985094,0.713670,0.475780,7.553641,2,0.866667,181.682475,64.872218,0.633333
1605,0.855817,0.987817,0.656161,0.437441,7.553641,2,0.866667,181.832490,64.260156,0.633333
1606,0.881287,0.987554,0.678521,0.452347,7.553641,2,0.866667,182.031168,63.606936,0.633333
1607,0.910156,0.995177,0.664433,0.442955,7.553641,2,0.866667,182.208354,62.969533,0.633333
1608,0.886327,0.997431,0.615733,0.410489,7.553641,2,0.866667,182.337009,62.382114,0.633333
1609,0.868523,0.968191,0.675026,0.450018,7.553641,2,0.866667,182.523403,61.747897,0.633333
1610,0.919440,0.987565,0.716396,0.477597,7.553641,2,0.866667,182.751443,61.056446,0.633333
1611,0.927562,0.980971,0.650037,0.433358,7.553641,2,0.866667,182.912362,60.431336,0.633333
1612,0.921325,0.998493,0.657850,0.438567,7.553641,2,0.866667,183.086202,59.798900,0.633333
1613,0.920496,0.995538,0.580870,0.387246,7.553641,2,0.866667,183.181472,59.245305,0.633333
1614,0.729817,0.969154,0.735562,0.490375,7.413061,2,0.866667,183.384945,58.593366,0.633333
1615,0.764367,0.991110,0.779566,0.519710,6.455283,2,0.866667,183.613734,57.903695,0.633333
1616,0.782283,0.989113,0.829107,0.552738,5.886211,2,0.866667,183.892511,57.169172,0.633333
1617,0.768614,0.973921,0.692234,0.461489,5.726966,2,0.866667,184.038925,56.573508,0.700000
1618,0.709907,0.984901,0.839698,0.559798,5.821058,2,0.866667,184.311749,55.846552,0.700000
1619,0.780547,0.999756,0.735769,0.490513,6.148657,2,0.866667,184.515952,55.183914,0.700000
1620,0.683072,0.997508,0.688046,0.458697,6.689597,2,0.866667,184.664120,54.578504,0.733333
1621,0.660305,0.976484,0.723723,0.482482,7.299665,2,0.866667,184.849748,53.942843,0.733333
1622,0.661420,0.976756,0.685631,0.457087,7.553641,2,0.866667,184.985431,53.356393,0.733333
1623,0.635167,0.991638,0.662337,0.441558,7.553641,2,0.866667,185.097239,52.789457,0.733333
1624,0.639571,0.978730,0.635480,0.423654,7.020837,2,0.866667,185.147453,52.276856,0.733333
1625,0.653718,0.984141,0.763897,0.509265,6.459100,2,0.866667,185.304428,51.657027,0.733333
1626,0.721992,0.997668,0.691468,0.460978,6.226299,2,0.866667,185.432580,51.072262,0.733333
1627,0.749661,0.973785,0.787720,0.525147,6.101092,2,0.866667,185.659593,50.377321,0.733333
1628,0.772711,0.987272,0.754679,0.503120,6.184847,2,0.866667,185.875123,49.699043,0.733333
1629,0.781490,0.949761,0.744665,0.496444,6.427734,2,0.866667,186.076186,49.023069,0.733333
1630,0.779504,0.972996,0.767920,0.511947,6.662471,2,0.866667,186.310037,48.321682,0.733333
1631,0.741904,0.983035,0.799635,0.533090,6.637349,2,0.866667,186.573048,47.594392,0.733333
1632,0.773652,0.994645,0.724815,0.483210,6.078900,2,0.866667,186.776367,46.935502,0.733333
1633,0.664553,0.981838,0.783444,0.522296,5.931820,2,0.866667,186.973554,46.275391,0.766667
1634,0.702788,0.940054,0.794704,0.529803,5.662185,2,0.866667,187.180880,45.591677,0.766667
1635,0.795879,0.943647,0.776484,0.517656,5.899751,2,0.866667,187.404405,44.893022,0.766667
1636,0.734568,0.985113,0.833187,0.555458,6.002194,2,0.866667,187.692738,44.142612,0.800000
1637,0.776204,0.969846,0.685776,0.457184,6.228414,2,0.866667,187.840329,43.530963,0.800000
1638,0.767785,0.945982,0.863013,0.575342,6.451587,2,0.866667,188.145549,42.750475,0.800000
1639,0.668797,0.963952,0.795788,0.530525,6.690303,2,0.866667,188.373747,42.055730,0.800000
1640,0.659093,0.975328,0.847633,0.565089,6.517909,2,0.866667,188.608098,41.358459,0.833333
1641,0.668719,0.986930,0.697437,0.464958,6.476700,2,0.866667,188.711749,40.797127,0.833333
1642,0.705936,0.978388,0.780477,0.520318,6.821648,2,0.866667,188.944162,40.114998,0.833333
1643,0.604253,0.973363,0.718289,0.478859,7.101070,2,0.866667,189.091420,39.506115,0.833333
1644,0.664015,0.930925,0.751908,0.501272,7.219076,2,0.866667,189.253152,38.906351,0.833333
1645,0.626181,0.999401,0.725441,0.483627,7.485790,2,0.866667,189.375565,38.329069,0.833333
1646,0.371273,0.896769,0.811125,0.540750,7.553641,2,0.866667,189.496913,37.777668,0.833333
1647,0.327942,0.973607,0.708610,0.472407,7.297164,2,0.866667,189.437087,37.388250,0.833333
1648,0.389384,0.848452,0.688258,0.458839,6.955268,2,0.866667,189.393730,37.005399,0.833333
1649,0.392095,0.891167,0.687320,0.458213,6.815130,2,0.866667,189.381313,36.585132,0.833333
1650,0.442494,0.867688,0.602361,0.401574,7.121138,2,0.866667,189.303467,36.232572,0.833333
1651,0.429181,0.925342,0.608974,0.405983,7.511949,2,0.866667,189.290160,35.806384,0.833333
1652,0.586386,0.894986,0.581975,0.387983,7.553641,2,0.866667,189.310724,35.354589,0.833333
1653,0.358500,0.950818,0.550608,0.367072,7.553641,2,0.866667,189.240039,34.979775,0.833333
1654,0.390391,0.891191,0.526811,0.351207,7.553641,2,0.866667,189.173470,34.612921,0.833333
1655,0.286519,0.865511,0.598902,0.399268,7.553641,2,0.866667,189.061997,34.294215,0.833333
1656,0.369511,0.841417,0.524692,0.349795,7.553641,2,0.866667,188.893107,34.034972,0.833333
1657,0.359558,0.804853,0.481238,0.320825,7.553641,2,0.866667,188.704194,33.799550,0.833333
1658,0.364432,0.833225,0.434353,0.289568,7.553641,2,0.866667,188.501913,33.572079,0.833333
1659,0.455975,0.792670,0.449054,0.299369,7.553641,2,0.866667,188.336768,33.319344,0.833333
1660,0.335757,0.762436,0.441983,0.294655,7.553641,2,0.866667,188.157436,33.086089,0.833333
1661,0.447328,0.851022,0.474762,0.316508,7.553641,2,0.866667,188.019614,32.797873,0.833333
1662,0.152430,0.851858,0.444611,0.296407,7.553641,2,0.866667,187.782029,32.601546,0.833333
1663,0.374841,0.848457,0.457537,0.305024,7.553641,2,0.866667,187.614936,32.342471,0.833333
1664,0.242026,0.881489,0.456944,0.304630,7.553641,2,0.866667,187.412680,32.108729,0.833333
1665,0.311817,0.895451,0.457466,0.304977,7.553641,2,0.866667,187.228418,31.856020,0.866667
1666,0.186942,0.975972,0.391545,0.261030,7.553641,2,0.866667,186.949239,31.684420,0.866667
1667,0.283849,0.980173,0.476846,0.317897,7.553641,2,0.866667,186.794246,31.386295,0.866667
1668,0.250111,0.872974,0.464881,0.309921,7.553641,2,0.866667,186.529702,31.177136,0.866667
1669,0.229548,0.946328,0.485416,0.323611,7.231404,2,0.866667,186.347076,30.913248,0.866667
1670,0.227416,0.943935,0.552137,0.368091,7.188323,2,0.866667,186.157592,30.636155,0.866667
1671,0.269604,0.916072,0.541804,0.361203,6.575427,2,0.866667,185.958063,30.364222,0.866667
1672,0.176949,0.814646,0.490946,0.327297,5.780027,2,0.866667,185.662266,30.181516,0.866667
1673,0.074611,0.696176,0.591038,0.394025,5.204031,2,0.866667,185.311711,30.038476,0.866667
1674,-0.023496,0.082768,3.222282,2.148188,4.999956,2,0.866667,182.260820,32.553116,0.866667
1675,0.037972,0.258390,0.737746,0.491831,5.000000,2,0.866667,181.740462,32.613439,0.866667
1676,0.055357,0.388709,0.734604,0.489736,5.000000,2,0.866667,181.188916,32.683182,0.866667
1677,-0.019194,0.394109,0.749409,0.499606,5.000000,2,0.866667,180.666892,32.732571,0.866667
1678,0.106543,0.420860,0.822736,0.548490,5.000000,2,0.866667,180.070624,32.823181,0.866667
1679,0.125435,0.416003,0.867575,0.578383,5.000000,2,0.866667,179.444929,32.938233,0.866667
1680,0.129234,0.471740,0.846518,0.564345,5.000000,2,0.866667,178.904495,32.974119,0.866667
1681,0.075748,0.447389,0.847067,0.564712,5.000000,2,0.866667,178.336844,33.044601,0.866667
1682,0.112451,0.523067,0.902994,0.601996,5.018677,2,0.866667,177.880028,33.013146,0.866667
1683,0.138418,0.491231,0.843300,0.562200,5.018677,2,0.866667,177.386260,33.022210,0.866667
1684,0.125836,0.489946,0.774993,0.516662,5.018677,2,0.866667,176.895858,33.033438,0.866667
1685,0.171562,0.486716,0.865579,0.577053,5.018677,2,0.866667,176.401654,33.051861,0.866667
1686,0.226892,0.503750,0.886744,0.591162,5.018677,2,0.866667,175.947838,33.041729,0.866667
1687,0.130841,0.535917,0.771691,0.514461,5.018677,2,0.866667,175.542279,32.992777,0.866667
1688,0.227756,0.513361,0.831171,0.554114,5.018677,2,0.866667,175.117960,32.969384,0.866667
1689,0.299677,0.505950,0.857425,0.571617,5.018677,2,0.866667,174.696087,32.954380,0.866667
1690,0.165695,0.492359,0.817550,0.545033,5.018677,2,0.866667,174.257274,32.962127,0.866667
1691,0.222201,0.412743,0.678595,0.452396,5.018677,2,0.866667,173.713616,33.081206,0.866667
1692,0.232076,0.437707,0.682827,0.455218,5.018677,2,0.866667,173.207809,33.172891,0.866667
1693,0.347936,0.424867,0.651510,0.434340,5.018677,2,0.866667,172.688936,33.287936,0.866667
1694,0.162008,0.426298,0.558489,0.372326,5.018677,2,0.866667,172.196978,33.367378,0.866667
1695,0.270704,0.441503,0.597573,0.398382,5.018677,2,0.866667,171.725882,33.430953,0.866667
1696,0.318025,0.518313,0.570334,0.380223,5.018677,2,0.866667,171.344443,33.408787,0.866667
1697,0.213483,0.548029,0.679338,0.452892,5.018677,2,0.866667,171.003547,33.351854,0.866667
1698,0.200732,0.468817,0.670403,0.446936,5.018677,2,0.866667,170.578929,33.387155,0.866667
1699,0.242039,0.507494,0.673340,0.448893,5.018677,2,0.866667,170.204478,33.376171,0.866667
1700,0.294867,0.545812,0.625223,0.416815,5.018677,2,0.866667,169.877063,33.321074,0.866667
1701,0.184211,0.484222,0.691023,0.460682,5.018677,2,0.866667,169.484553,33.337417,0.866667
1702,0.310905,0.473467,0.621267,0.414178,5.018677,2,0.866667,169.091476,33.369379,0.866667
1703,0.344137,0.541746,0.574133,0.382755,5.018677,2,0.866667,168.756918,33.325400,0.866667
1704,0.421847,0.438166,0.732688,0.488458,5.018677,2,0.866667,168.337768,33.427885,0.866667
1705,0.208414,0.466603,0.586894,0.391263,5.018677,2,0.866667,167.946072,33.464449,0.866667
1706,0.348762,0.516453,0.622487,0.414991,5.018677,2,0.866667,167.631275,33.440369,0.866667
1707,0.353854,0.506201,0.567579,0.378386,5.018677,2,0.866667,167.310348,33.429660,0.866667
1708,0.278142,0.491990,0.577599,0.385066,5.018677,2,0.866667,166.973389,33.437384,0.866667
1709,0.302769,0.542156,0.673758,0.449172,5.018677,2,0.866667,166.716307,33.376823,0.866667
1710,0.256838,0.512132,0.615169,0.410113,5.018677,2,0.866667,166.413091,33.359232,0.866667
1711,0.117298,0.490981,0.659504,0.439669,5.018677,2,0.866667,166.064774,33.366752,0.866667
1712,0.165336,0.610392,0.585234,0.390156,5.018677,2,0.866667,165.795384,33.271096,0.866667
1713,0.079129,0.607081,0.633014,0.422010,5.018677,2,0.866667,165.509853,33.187320,0.866667
1714,0.111116,0.588688,0.564444,0.376296,5.018677,2,0.866667,165.199375,33.123802,0.866667
1715,0.000160,0.555324,0.629488,0.419659,5.018677,2,0.866667,164.827230,33.098285,0.866667
1716,0.079165,0.766891,0.616697,0.411131,5.018677,2,0.866667,164.590009,32.931974,0.866667
1717,0.096999,0.775199,0.621875,0.414583,5.018677,2,0.866667,164.328801,32.781594,0.866667
1718,0.170059,0.836828,0.647241,0.431494,5.018677,2,0.866667,164.101942,32.586277,0.866667
1719,0.231191,0.914943,0.575232,0.383488,5.018677,2,0.866667,163.954442,32.292521,0.866667
1720,0.268785,0.830521,0.603213,0.402142,5.018677,2,0.866667,163.804799,32.031622,0.866667
1721,0.385120,0.918051,0.608275,0.405517,5.018677,2,0.866667,163.739986,31.656206,0.866667
1722,0.341528,0.723683,0.599448,0.399632,5.018677,2,0.866667,163.581276,31.446143,0.866667
1723,0.201798,0.801922,0.593319,0.395546,5.018677,2,0.866667,163.406963,31.217208,0.866667
1724,0.268589,0.838744,0.670172,0.446781,5.018677,2,0.866667,163.311693,30.905838,0.866667
1725,0.107328,0.883152,0.612412,0.408275,5.018677,2,0.866667,163.153037,30.634114,0.866667
1726,0.202105,0.924343,0.637646,0.425097,5.018677,2,0.866667,163.058389,30.282773,0.866667
1727,0.128806,0.974434,0.700768,0.467179,5.018677,2,0.866667,162.902571,29.971834,0.866667
1728,0.179843,0.952992,0.610749,0.407166,5.018677,2,0.866667,162.707655,29.671511,0.866667
1729,0.116721,0.988705,0.560768,0.373845,5.018677,2,0.866667,162.461260,29.444273,0.866667
1730,0.128183,0.899434,0.507867,0.338578,5.018677,2,0.866667,162.226709,29.239107,0.866667
1731,0.078857,0.894179,0.417632,0.278421,5.018677,2,0.866667,161.962057,29.063838,0.866667
1732,0.139304,0.953190,0.504176,0.336118,5.018677,2,0.866667,161.742571,28.826867,0.866667
1733,0.034031,0.928753,0.518498,0.345665,5.018677,2,0.866667,161.394543,28.725548,0.866667
1734,0.110012,0.957045,0.535902,0.357268,5.018677,2,0.866667,161.157669,28.505115,0.866667
1735,0.282481,0.927333,0.490883,0.327255,5.018677,2,0.866667,160.998634,28.216405,0.866667
1736,0.225155,0.843829,0.547516,0.365010,5.018677,2,0.866667,160.852969,27.948572,0.866667
1737,0.161438,0.707068,0.471804,0.314536,5.018677,2,0.866667,160.593819,27.819261,0.866667
1738,0.083260,0.645869,0.556449,0.370966,5.018677,2,0.866667,160.286345,27.740220,0.866667
1739,0.110239,0.775472,0.570581,0.380387,5.018677,2,0.866667,159.985730,27.623215,0.866667
1740,0.146947,0.844522,0.586961,0.391307,5.018677,2,0.866667,159.695343,27.482568,0.866667
1741,0.169391,0.879888,0.662375,0.441583,5.018677,2,0.866667,159.470129,27.272781,0.866667
1742,0.135786,0.918916,0.517767,0.345178,5.018677,2,0.866667,159.238327,27.058766,0.866667
1743,0.130232,0.937686,0.537822,0.358548,5.018677,2,0.866667,158.978611,26.823287,0.866667
1744,0.002942,0.996363,0.550912,0.367275,5.018677,2,0.866667,158.715479,26.614133,0.866667
1745,0.020884,0.745575,0.530028,0.353352,5.018677,2,0.866667,158.324355,26.482340,0.866667
1746,-0.030554,0.940665,0.544380,0.362920,5.018677,2,0.866667,157.959287,26.379351,0.866667
1747,-0.040219,0.946291,0.539459,0.359639,5.018677,2,0.866667,157.550888,26.337527,0.866667
1748,-0.019134,0.737938,0.528172,0.352115,5.018677,2,0.866667,157.189070,26.274005,0.866667
1749,-0.028356,0.682070,0.489911,0.326607,5.018677,2,0.866667,156.819949,26.223728,0.866667
1750,-0.031826,0.124097,0.535128,0.356752,5.018677,2,0.866667,156.349048,26.254193,0.866667
1751,0.026658,0.835756,0.620702,0.413801,5.018677,2,0.866667,155.980970,26.127462,0.866667
1752,0.054757,0.606328,0.525691,0.350460,5.018677,2,0.866667,155.514108,26.079040,0.866667
1753,0.118809,0.845516,0.474868,0.316579,5.018677,2,0.866667,155.157362,25.941074,0.866667
1754,0.033979,0.609164,0.554283,0.369522,5.018677,2,0.866667,154.690321,25.879808,0.866667
1755,0.108206,0.638424,0.534241,0.356161,5.018677,2,0.866667,154.241006,25.789058,0.866667
1756,-0.015659,0.582413,0.646869,0.431246,5.018677,2,0.866667,153.768068,25.753535,0.866667
1757,0.011511,0.559645,0.679716,0.453144,5.018677,2,0.866667,153.268067,25.711649,0.866667
1758,0.025181,0.315628,0.586855,0.391237,5.018677,2,0.866667,152.661646,25.813708,0.866667
1759,-0.018618,0.479368,0.575071,0.383381,5.018677,2,0.866667,152.150973,25.822037,0.866667
1760,-0.005232,0.170437,0.590774,0.393849,5.018677,2,0.866667,151.542070,25.960181,0.866667
1761,0.011644,0.621864,0.632219,0.421480,5.018677,2,0.866667,151.091399,25.932975,0.866667
1762,-0.039549,0.091313,0.595719,0.397146,5.018677,2,0.866667,150.636716,25.938151,0.866667
1763,-0.029061,0.015697,0.633889,0.422593,5.018677,2,0.866667,150.071733,26.066917,0.866667
1764,-0.040028,0.219925,0.605874,0.403916,5.018677,2,0.866667,149.577778,26.102691,0.866667
1765,-0.037012,0.206962,0.486321,0.324214,5.018677,2,0.866667,149.096957,26.152662,0.866667
1766,0.007435,0.835808,0.530816,0.353877,5.018677,2,0.866667,148.728962,26.081469,0.866667
1767,-0.028745,0.330584,0.549586,0.366391,5.018677,2,0.866667,148.260425,26.161064,0.866667
1768,0.023886,0.710403,0.502170,0.334780,5.018677,2,0.866667,147.886790,26.109032,0.866667
1769,0.027506,0.811928,0.488233,0.325489,5.018677,2,0.866667,147.530846,26.030199,0.866667
1770,-0.001660,0.654329,0.536667,0.357778,5.018677,2,0.866667,147.172788,25.975979,0.866667
1771,0.119141,0.942967,0.534037,0.356025,5.018677,2,0.866667,146.921041,25.775685,0.866667
1772,0.063520,0.860281,0.596180,0.397453,5.018677,2,0.866667,146.627981,25.633780,0.866667
1773,0.154671,0.862227,0.559900,0.373267,5.018677,2,0.866667,146.334832,25.491642,0.866667
1774,0.226586,0.846567,0.599244,0.399496,5.018677,2,0.866667,146.131350,25.273087,0.866667
1775,0.281349,0.881199,0.598159,0.398772,5.018677,2,0.866667,145.958230,25.015195,0.866667
1776,0.324863,0.867747,0.638121,0.425414,5.018677,2,0.866667,145.880915,24.676066,0.866667
1777,0.197281,0.847279,0.660760,0.440507,5.018677,2,0.866667,145.732495,24.410527,0.866667
1778,0.215297,0.825500,0.641442,0.427628,5.018677,2,0.866667,145.575915,24.159581,0.866667
1779,0.209327,0.800294,0.597286,0.398191,5.018677,2,0.866667,145.395494,23.938680,0.866667
1780,0.199256,0.840453,0.587686,0.391791,5.018677,2,0.866667,145.225495,23.694114,0.866667
1781,0.296756,0.958723,0.624508,0.416339,5.018677,2,0.866667,145.112494,23.341202,0.866667
1782,0.253621,0.876104,0.592043,0.394695,5.018677,2,0.866667,144.963808,23.061713,0.866667
1783,0.183097,0.721290,0.649533,0.433022,5.018677,2,0.866667,144.708092,22.927600,0.866667
1784,0.106573,0.727073,0.600057,0.400038,5.018677,2,0.866667,144.440635,22.799881,0.866667
1785,0.097356,0.758218,0.594902,0.396601,5.018677,2,0.866667,144.166297,22.668167,0.866667
1786,0.186660,0.801662,0.561386,0.374257,5.018677,2,0.866667,143.930683,22.493526,0.866667
1787,0.110082,0.633459,0.673129,0.448753,5.018677,2,0.866667,143.601163,22.432042,0.866667
1788,0.229212,0.725160,0.605526,0.403684,5.018677,2,0.866667,143.375691,22.277547,0.866667
1789,0.051943,0.534375,0.616111,0.410741,5.018677,2,0.866667,143.065201,22.251174,0.866667
1790,0.028543,0.652823,0.541295,0.360863,5.018677,2,0.866667,142.773611,22.164804,0.866667
1791,0.112414,0.659958,0.701223,0.467482,5.018677,2,0.866667,142.516282,22.057610,0.866667
1792,0.085225,0.619755,0.627370,0.418247,5.018677,2,0.866667,142.284404,21.957351,0.866667
1793,0.110195,0.694700,0.587078,0.391386,5.018677,2,0.866667,142.086815,21.801317,0.866667
1794,0.102166,0.626040,0.599598,0.399732,5.018677,2,0.866667,141.843624,21.704972,0.866667
1795,0.027956,0.535711,0.603163,0.402108,5.018677,2,0.866667,141.514165,21.683927,0.866667
1796,0.113725,0.495610,0.600622,0.400414,5.018677,2,0.866667,141.177995,21.685766,0.866667
1797,0.063238,0.585206,0.723385,0.482257,5.018677,2,0.866667,140.945039,21.610323,0.866667
1798,0.107119,0.503056,0.614016,0.409344,5.018677,2,0.866667,140.663803,21.605855,0.866667
1799,0.134099,0.506121,0.651844,0.434562,5.018677,2,0.866667,140.411612,21.597390,0.866667
1800,0.060322,0.594560,0.635946,0.423964,5.018677,2,0.866667,140.138670,21.533534,0.866667
1801,0.130198,0.603321,0.650465,0.433643,5.018677,2,0.866667,139.885187,21.458390,0.866667
1802,0.137601,0.670297,0.676209,0.450806,5.018677,2,0.866667,139.672867,21.329141,0.866667
1803,0.113525,0.729285,0.603608,0.402406,5.018677,2,0.866667,139.441828,21.183512,0.866667
1804,0.192272,0.714107,0.527897,0.351931,5.018677,2,0.866667,139.195355,21.054570,0.866667
1805,0.033004,0.937320,0.512564,0.341710,5.018677,2,0.866667,138.882194,20.903576,0.866667
1806,0.164248,0.688031,0.454669,0.303113,5.018677,2,0.866667,138.585079,20.815785,0.866667
1807,0.088182,0.939945,0.441782,0.294521,5.018677,2,0.866667,138.248563,20.689143,0.866667
1808,0.116487,0.624069,0.510749,0.340499,5.018677,2,0.866667,137.944903,20.627136,0.866667
1809,0.054055,0.975693,0.448726,0.299151,5.018677,2,0.866667,137.578814,20.509314,0.866667
1810,0.028785,0.862549,0.404230,0.269487,5.018677,2,0.866667,137.246687,20.399956,0.866667
1811,0.081923,0.984394,0.409236,0.272824,5.018677,2,0.866667,136.882481,20.292664,0.866667
1812,0.005457,0.905036,0.460170,0.306780,5.018677,2,0.866667,136.557219,20.164272,0.866667
1813,-0.033348,0.556683,0.392354,0.261569,5.018677,2,0.866667,136.136745,20.157887,0.866667
1814,-0.001323,0.923957,0.484496,0.322997,5.018677,2,0.866667,135.735146,20.080073,0.866667
1815,0.013788,0.559876,0.424167,0.282778,5.018677,2,0.866667,135.246600,20.064979,0.866667
1816,0.067461,0.833893,0.442398,0.294932,5.018677,2,0.866667,134.851149,19.926799,0.866667
1817,-0.026153,0.845186,0.498846,0.332564,5.018677,2,0.866667,134.433058,19.852381,0.866667
1818,0.000694,0.439914,0.506504,0.337669,5.018677,2,0.866667,133.890500,19.874750,0.866667
1819,-0.037714,0.379862,0.560303,0.373535,5.018677,2,0.866667,133.403050,19.891294,0.866667
1820,-0.041769,0.194831,0.558919,0.372612,5.018677,2,0.866667,132.951704,19.905988,0.866667
1821,-0.019739,0.085441,0.572319,0.381546,5.018677,2,0.866667,132.489827,19.919346,0.900000
1822,-0.009418,0.505447,0.614574,0.409716,5.018677,2,0.866667,132.068120,19.918598,0.900000
1823,-0.014095,0.891766,0.514758,0.343172,5.018677,2,0.866667,131.678283,19.858200,0.900000
1824,-0.018489,0.939950,0.556022,0.370681,5.018677,2,0.866667,131.318170,19.757483,0.900000
1825,0.127880,0.956139,0.510513,0.340342,5.018677,2,0.866667,131.013992,19.586935,0.900000
1826,0.225359,0.850415,0.556735,0.371157,5.018677,2,0.866667,130.830043,19.342880,0.900000
1827,-0.028507,0.175579,1.675728,1.117152,5.000000,2,0.866667,129.266653,20.291575,0.900000
1828,0.038905,0.355282,0.608348,0.405565,5.000000,2,0.866667,128.831913,20.315475,0.900000
1829,-0.011608,0.667660,0.630961,0.420640,5.000000,2,0.866667,128.379209,20.303616,0.900000
1830,0.003665,0.755435,0.674971,0.449981,5.000000,2,0.866667,127.944055,20.227538,0.900000
1831,-0.011781,0.418873,0.696904,0.464602,5.000000,2,0.866667,127.426648,20.249218,0.900000
1832,-0.025536,0.635375,0.686994,0.457996,5.000000,2,0.866667,126.959984,20.218936,0.900000
1833,-0.026968,0.424047,0.767910,0.511940,5.000000,2,0.866667,126.520296,20.222372,0.900000
1834,-0.035790,0.602263,0.770301,0.513534,5.000000,1,1.000000,126.053445,20.205738,0.900000
1835,0.029321,0.938521,1.059126,0.706084,5.063331,1,1.000000,125.780547,20.010337,0.900000
1836,-0.011197,0.353380,1.029539,0.686360,5.000000,1,1.000000,125.068416,20.138477,0.900000
1837,-0.034444,0.397704,0.839290,0.559527,5.000000,1,1.000000,124.439404,20.206268,0.900000
1838,0.067966,0.572999,0.757765,0.505177,5.000000,1,1.000000,123.901120,20.153878,0.900000
1839,0.101639,0.828807,0.891745,0.594497,5.160997,1,1.000000,123.564024,19.908179,0.900000
1840,0.045659,0.836710,0.904722,0.603148,5.645097,1,1.000000,123.188922,19.755458,0.900000
1841,-0.008926,0.789505,0.767308,0.511539,5.348204,1,1.000000,122.762182,19.695047,0.900000
1842,0.012479,0.757814,0.763090,0.508727,6.484101,1,1.000000,122.331238,19.631135,0.900000
1843,0.010987,0.643221,0.742696,0.495131,6.655507,1,1.000000,121.859820,19.569697,0.900000
1844,-0.024705,0.377315,0.755594,0.503730,6.235698,1,1.000000,121.303487,19.617566,0.900000
1845,0.039634,0.735171,0.868864,0.579242,6.610234,1,1.000000,120.874056,19.524472,0.900000
1846,-0.015565,0.237644,0.773028,0.515352,6.655507,1,1.000000,120.348928,19.581059,0.900000
1847,0.004097,0.934266,0.729318,0.486212,6.655507,1,1.000000,119.982319,19.464677,0.900000
1848,-0.032920,0.352286,0.709138,0.472758,6.465126,1,1.000000,119.508293,19.477307,0.900000
1849,-0.032289,0.737472,0.674482,0.449655,6.655507,1,1.000000,119.081192,19.384460,0.900000
1850,-0.021801,0.385549,0.769192,0.512795,6.655507,1,1.000000,118.649243,19.409468,0.900000
1851,-0.015080,0.766428,0.767115,0.511410,6.270329,1,1.000000,118.286878,19.344085,0.900000
1852,0.053049,0.507734,0.823459,0.548972,5.737763,1,1.000000,117.966266,19.337634,0.900000
1853,0.025634,0.596253,0.796231,0.530821,6.330810,1,1.000000,117.603385,19.304995,0.900000
1854,0.058033,0.518808,0.761244,0.507496,6.655507,1,1.000000,117.253303,19.295149,0.900000
1855,0.071326,0.576165,0.868775,0.579184,6.655507,1,1.000000,116.965796,19.243973,0.900000
1856,0.043424,0.505774,0.697302,0.464868,6.655507,1,1.000000,116.651286,19.238794,0.900000
1857,0.045263,0.535895,0.571742,0.381161,6.655507,1,1.000000,116.289884,19.224326,0.900000
1858,-0.001451,0.513016,0.604010,0.402673,6.655507,1,1.000000,115.908690,19.219810,0.900000
1859,-0.028099,0.619046,0.665120,0.443413,6.655507,1,1.000000,115.516153,19.195934,0.900000
1860,-0.034002,0.501830,0.658765,0.439177,6.270537,1,1.000000,115.090446,19.195679,0.900000
1861,-0.035968,0.084495,0.741424,0.494283,5.525726,1,1.000000,114.625852,19.213160,0.900000
1862,-0.000866,0.902999,0.750307,0.500205,5.141445,1,1.000000,114.287279,19.101732,0.900000
1863,-0.019986,0.878551,0.659198,0.439465,5.114272,1,1.000000,113.898633,18.990510,0.900000
1864,-0.023528,0.648790,0.732343,0.488229,5.481550,1,1.000000,113.419789,18.920073,0.900000
1865,0.031872,0.679224,0.733823,0.489216,5.661555,1,1.000000,112.954906,18.812654,0.900000
1866,0.010198,0.525896,0.819355,0.546237,5.173865,1,1.000000,112.382224,18.791992,0.900000
1867,-0.017183,0.543318,0.767757,0.511838,5.730770,1,1.000000,111.854813,18.767262,0.900000
1868,-0.007783,0.413897,0.834085,0.556056,5.595678,1,1.000000,111.207482,18.834224,0.900000
1869,-0.024961,0.566675,0.840864,0.560576,5.582591,1,1.000000,110.699216,18.800386,0.900000
1870,-0.034928,0.224214,0.842196,0.561464,5.518854,1,1.000000,110.097360,18.917644,0.900000
1871,-0.036488,0.002790,0.790647,0.527098,5.004563,1,1.000000,109.580848,18.999053,0.900000
1872,0.009287,0.134930,1.821278,1.214186,5.000000,1,1.000000,108.002501,20.035475,0.900000
1873,-0.031741,0.981993,0.859866,0.573244,5.181375,1,1.000000,107.570153,20.017800,0.900000
1874,-0.039226,0.093811,0.922214,0.614810,5.455694,1,1.000000,107.049059,20.090228,0.900000
1875,-0.030117,0.707524,0.914026,0.609351,5.676741,1,1.000000,106.618295,20.078840,0.900000
1876,-0.032761,0.399085,0.902997,0.601998,5.034294,1,1.000000,106.109004,20.103901,0.900000
1877,-0.030731,0.380568,1.025010,0.683340,5.167180,2,0.900000,105.590359,20.135753,0.900000
1878,-0.024986,0.700758,0.935860,0.623907,5.420520,2,0.900000,105.162030,20.123113,0.900000
1879,-0.031832,0.559912,0.933190,0.622126,5.599132,2,0.900000,104.704268,20.118435,0.900000
1880,-0.027399,0.253964,0.910570,0.607047,6.231432,2,0.900000,104.240988,20.168695,0.900000
1881,-0.025239,0.730006,0.892073,0.594715,5.530345,2,0.900000,103.855452,20.126733,0.900000
1882,-0.029030,0.072302,1.368997,0.912664,5.000000,2,0.900000,102.807469,20.747805,0.900000
1883,-0.033710,0.223007,0.967916,0.645277,5.000000,2,0.900000,102.319935,20.851625,0.900000
1884,-0.032407,0.167951,0.723083,0.482055,5.000000,2,0.900000,101.833229,20.924567,0.900000
1885,-0.025978,0.633603,0.874323,0.582882,5.019342,2,0.900000,101.450723,20.893490,0.900000
1886,0.029152,0.540069,0.955380,0.636920,5.732818,2,0.900000,101.089256,20.876430,0.900000
1887,0.054314,0.788266,0.903762,0.602508,5.872007,2,0.900000,100.842083,20.718683,0.900000
1888,0.015199,0.842333,0.909011,0.606007,5.872007,2,0.900000,100.561069,20.570002,0.900000
1889,0.125970,0.968168,0.831787,0.554525,5.872007,1,1.000000,100.377114,20.269954,0.900000
1890,0.103168,0.983996,0.747401,0.498267,5.872007,1,1.000000,100.174971,19.984077,0.900000
1891,0.185179,0.940270,0.791146,0.527431,5.872007,1,1.000000,100.043820,19.644408,0.900000
1892,0.026067,0.904602,0.740152,0.493434,5.872007,1,1.000000,99.777581,19.364701,0.900000
1893,0.164303,0.962020,0.777083,0.518056,5.872007,1,1.000000,99.582585,19.034047,0.933333
1894,0.052287,0.955115,0.727050,0.484700,5.240155,1,1.000000,99.403332,18.736706,0.933333
1895,0.244841,0.957303,0.747439,0.498293,5.540864,1,1.000000,99.351315,18.297315,0.933333
1896,0.231025,0.944384,0.711855,0.474570,5.385839,1,1.000000,99.325276,17.840816,0.933333
1897,0.474788,0.951384,0.705197,0.470132,5.522098,1,1.000000,99.292162,17.385934,0.933333
1898,0.254365,0.936720,0.725367,0.483578,5.872007,1,1.000000,99.227556,16.974887,0.933333
1899,0.434104,0.944061,0.790957,0.527305,5.872007,1,1.000000,99.257112,16.456877,0.933333
1900,0.307668,0.971324,0.652387,0.434925,5.872007,1,1.000000,99.141477,16.075097,0.933333
1901,0.390144,0.892290,0.727840,0.485226,5.872007,1,1.000000,99.120903,15.653309,0.933333
1902,0.145871,0.872398,0.559822,0.373215,5.872007,1,1.000000,98.940442,15.399392,0.933333
1903,0.237709,0.794355,0.701940,0.467960,5.872007,1,1.000000,98.864388,15.099906,0.933333
1904,0.010439,0.864584,0.690795,0.460530,5.872007,1,1.000000,98.538099,14.986566,0.933333
1905,0.038244,0.951619,0.632713,0.421809,5.872007,1,1.000000,98.275066,14.778694,0.933333
1906,-0.017583,0.865290,0.671038,0.447358,5.872007,1,1.000000,97.910265,14.699652,0.933333
1907,-0.031873,0.720486,0.630521,0.420347,5.872007,1,1.000000,97.469148,14.614108,0.933333
1908,-0.018612,0.894480,0.722418,0.481612,5.872007,1,1.000000,97.025518,14.605348,0.933333
1909,-0.025773,0.857307,0.715186,0.476791,5.872007,1,1.000000,96.583494,14.592021,0.933333
1910,-0.018881,0.236724,0.595963,0.397309,5.872007,1,1.000000,96.122795,14.643718,0.933333
1911,-0.031808,0.711154,0.600972,0.400648,5.872007,1,1.000000,95.674938,14.619492,0.933333
1912,-0.022440,0.148876,0.644473,0.429649,5.872007,1,1.000000,95.169645,14.735121,0.933333
1913,-0.003887,0.585547,0.686415,0.457610,5.872007,1,1.000000,94.755655,14.723317,0.933333
1914,-0.017390,0.018960,0.649977,0.433318,5.872007,1,1.000000,94.213503,14.846878,0.933333
1915,-0.022053,0.225589,0.640018,0.426679,5.872007,1,1.000000,93.754795,14.882972,0.933333
1916,-0.025826,0.019211,0.600092,0.400062,5.872007,1,1.000000,93.224876,14.980590,0.933333
1917,0.129392,0.388012,0.686926,0.457950,5.872007,1,1.000000,92.867807,15.075950,0.933333
1918,-0.020117,0.252399,0.617570,0.411714,5.872007,1,1.000000,92.409525,15.149607,0.933333
1919,0.025451,0.496615,0.613082,0.408721,5.872007,1,1.000000,92.077044,15.150448,0.933333
1920,0.032206,0.334840,0.728703,0.485802,5.872007,1,1.000000,91.705818,15.338014,0.933333
1921,0.078132,0.377134,0.659347,0.439564,5.872007,1,1.000000,91.361077,15.447246,0.933333
1922,0.007235,0.290468,0.633695,0.422464,5.872007,1,1.000000,90.942940,15.621430,0.933333
1923,0.064612,0.257383,0.657714,0.438476,5.872007,1,1.000000,90.501953,15.850219,0.933333
1924,0.079057,0.420518,0.663164,0.442109,5.872007,1,1.000000,90.170967,15.904091,0.933333
1925,0.133729,0.349467,0.577237,0.384825,5.872007,1,1.000000,89.839090,16.054378,0.933333
1926,0.027237,0.352948,0.560025,0.373350,5.872007,1,1.000000,89.458702,16.135650,0.933333
1927,0.090390,0.419216,0.524214,0.349476,5.872007,1,1.000000,89.150163,16.195195,0.933333
1928,0.134658,0.459060,0.570762,0.380508,5.872007,1,1.000000,88.904745,16.230546,0.933333
1929,0.109830,0.389631,0.534429,0.356286,5.872007,1,1.000000,88.616653,16.331142,0.933333
1930,0.297013,0.333871,0.532552,0.355035,5.872007,1,1.000000,88.303921,16.499284,0.933333
1931,0.121596,0.379343,0.597500,0.398333,5.872007,1,1.000000,87.980225,16.584714,0.933333
1932,0.120810,0.507997,0.593883,0.395922,5.872007,1,1.000000,87.688019,16.578944,0.933333
1933,0.110213,0.408247,0.616504,0.411002,5.872007,1,1.000000,87.396567,16.647080,0.933333
1934,0.106632,0.203889,0.637732,0.425155,5.872007,1,1.000000,86.962426,16.823621,0.933333
1935,0.198713,0.440010,0.533298,0.355532,5.872007,1,1.000000,86.709368,16.871520,0.933333
1936,0.018630,0.530745,0.658066,0.438711,5.872007,1,1.000000,86.393228,16.856785,0.933333
1937,0.025267,0.628658,0.596854,0.397903,5.872007,1,1.000000,86.049346,16.816417,0.933333
1938,0.125619,0.458145,0.548478,0.365652,5.872007,1,1.000000,85.778726,16.844301,0.933333
1939,0.136227,0.405553,0.558974,0.372650,5.872007,1,1.000000,85.518920,16.921173,0.933333
1940,0.093480,0.348771,0.594802,0.396535,5.872007,1,1.000000,85.230384,17.048598,0.966667
1941,0.188826,0.438296,0.590400,0.393600,5.872007,1,1.000000,85.001970,17.100237,0.966667
1942,0.319581,0.382995,0.630352,0.420235,5.872007,1,1.000000,84.827207,17.240357,0.966667
1943,0.328876,0.409724,0.649783,0.433189,5.872007,1,1.000000,84.662951,17.341100,0.966667
1944,0.250868,0.479859,0.717933,0.478622,5.872007,1,1.000000,84.570284,17.361546,0.966667
1945,0.270150,0.435326,0.712529,0.475019,5.872007,1,1.000000,84.439087,17.433446,0.966667
1946,0.368848,0.485065,0.702276,0.468184,5.872007,1,1.000000,84.374079,17.447954,0.966667
1947,0.249063,0.433875,0.594424,0.396283,5.872007,1,1.000000,84.179847,17.505955,0.966667
1948,0.282708,0.428251,0.655176,0.436784,5.872007,1,1.000000,84.030129,17.578503,0.966667
1949,0.277951,0.352749,0.599203,0.399469,5.872007,1,1.000000,83.823364,17.719812,0.966667
1950,0.302659,0.456278,0.662947,0.441965,5.872007,1,1.000000,83.741044,17.769145,0.966667
1951,0.162135,0.484794,0.659235,0.439490,5.872007,1,1.000000,83.603684,17.781566,0.966667
1952,0.262682,0.407043,0.631480,0.420987,5.872007,1,1.000000,83.438808,17.871619,0.966667
1953,0.231152,0.427142,0.726631,0.484421,5.872007,1,1.000000,83.336134,17.953369,0.966667
1954,0.236159,0.342173,0.717129,0.478086,5.872007,1,1.000000,83.150444,18.107488,0.966667
1955,0.141860,0.302217,0.695922,0.463948,5.872007,1,1.000000,82.902321,18.267052,0.966667
1956,0.182152,0.501528,0.675634,0.450423,5.872007,1,1.000000,82.792001,18.262422,0.966667
1957,0.110454,0.526618,0.638773,0.425849,5.872007,1,1.000000,82.624043,18.237799,0.966667
1958,0.180423,0.612913,0.593857,0.395905,5.872007,1,1.000000,82.458061,18.137628,0.966667
1959,0.136126,0.497438,0.648158,0.432105,5.872007,1,1.000000,82.345339,18.137304,0.966667
1960,0.215364,0.480809,0.664258,0.442839,5.872007,1,1.000000,82.223730,18.153784,0.966667
1961,0.417134,0.504038,0.588548,0.392365,5.872007,1,1.000000,82.152718,18.145340,0.966667
1962,0.443194,0.502436,0.653372,0.435581,5.872007,1,1.000000,82.162475,18.136403,0.966667
1963,0.502778,0.512303,0.610261,0.406841,5.872007,1,1.000000,82.205278,18.111120,0.966667
1964,0.163733,0.599719,0.622712,0.415141,5.872007,1,1.000000,82.030256,18.022572,0.966667
1965,0.313295,0.492656,0.610832,0.407221,5.814044,1,1.000000,81.979203,18.027351,0.966667
1966,0.260678,0.563637,0.698838,0.465892,5.651083,1,1.000000,81.942343,17.939728,0.966667
1967,0.204229,0.598127,0.701868,0.467912,5.872007,1,1.000000,81.823818,17.832837,0.966667
1968,0.140883,0.676691,0.766559,0.511039,5.872007,1,1.000000,81.611511,17.681979,0.966667
1969,0.277472,0.603178,0.709894,0.473263,5.872007,1,1.000000,81.560669,17.540870,0.966667
1970,0.197443,0.650718,0.721504,0.481003,5.872007,1,1.000000,81.438819,17.361534,0.966667
1971,0.179117,0.729466,0.832247,0.554831,5.872007,1,1.000000,81.289611,17.067676,0.966667
1972,0.209349,0.627224,0.732668,0.488445,5.872007,1,1.000000,81.140926,16.932283,0.966667
1973,0.134730,0.611815,0.779260,0.519506,5.872007,1,1.000000,80.926656,16.841158,0.966667
1974,0.154146,0.692122,0.634890,0.423260,5.872007,1,1.000000,80.711561,16.659116,0.966667
1975,0.105882,0.717125,0.694646,0.463097,5.872007,1,1.000000,80.434374,16.498714,0.966667
1976,0.158190,0.677754,0.668363,0.445575,5.820518,1,1.000000,80.213379,16.335072,0.966667
1977,0.062581,0.412778,5.461951,3.641300,4.904658,1,1.000000,75.093400,16.967028,0.966667
1978,-0.022668,0.524393,0.641438,0.427626,4.999483,1,1.000000,74.537277,16.957418,0.966667
1979,0.023770,0.347143,0.637426,0.424951,4.998580,1,1.000000,73.986586,17.013287,0.966667
1980,0.118124,0.291432,0.728527,0.485685,4.999210,1,1.000000,73.381155,17.133406,0.966667
1981,-0.032975,0.201991,0.584353,0.389569,5.000000,1,1.000000,72.809121,17.296587,0.966667
1982,0.030401,0.229315,0.685655,0.457103,5.000000,1,1.000000,72.188808,17.485601,0.966667
1983,0.008603,0.275520,0.729453,0.486302,5.000000,1,1.000000,71.522833,17.661179,0.966667
1984,0.047417,0.410502,0.794075,0.529384,5.000000,1,1.000000,70.832444,17.731120,0.966667
1985,0.059168,0.545759,0.781428,0.520952,5.000000,1,1.000000,70.013806,17.670227,0.966667
1986,0.028827,0.414063,0.755810,0.503873,5.000000,1,1.000000,69.289314,17.744959,0.966667
1987,0.042237,0.407659,0.777153,0.518102,5.000000,1,1.000000,68.583185,17.820263,0.966667
1988,0.056082,0.393379,0.708895,0.472597,5.000000,1,1.000000,67.942902,17.887802,0.966667
1989,0.014587,0.327256,0.746515,0.497677,5.000000,1,1.000000,67.265011,18.019521,0.966667
1990,0.036351,0.324729,0.802616,0.535077,5.000000,1,1.000000,66.558041,18.169433,0.966667
1991,0.053571,0.416388,0.802241,0.534827,5.000000,1,1.000000,65.833923,18.241790,0.966667
1992,0.023855,0.351456,0.774514,0.516342,5.000000,1,1.000000,65.146442,18.357524,0.966667
1993,0.009391,0.699491,1.176898,0.784599,5.009210,1,1.000000,64.928056,18.218708,0.966667
1994,0.011844,0.677133,1.074962,0.716642,5.278705,1,1.000000,64.800186,18.042885,0.966667
1995,0.029564,0.648043,1.124453,0.749635,5.436483,1,1.000000,64.634439,17.912776,0.966667
1996,0.098750,0.629932,0.973778,0.649185,5.606957,1,1.000000,64.549021,17.764588,0.966667
1997,0.014246,0.763673,1.076431,0.717621,5.696009,1,1.000000,64.322726,17.564751,0.966667
1998,0.056066,0.599159,0.960180,0.640120,5.687362,1,1.000000,64.231455,17.454836,0.966667
1999,-0.004687,0.734664,0.902314,0.601543,6.249668,1,1.000000,64.028962,17.260758,0.966667
2000,0.034398,0.714496,0.806139,0.537426,6.357703,1,1.000000,63.855952,17.065025,0.966667
2001,0.030453,0.778907,0.779853,0.519902,6.567958,1,1.000000,63.582674,16.888362,0.966667
2002,0.072401,0.680872,0.788606,0.525737,6.756302,1,1.000000,63.458684,16.694654,0.966667
2003,0.007882,0.772715,0.790484,0.526989,7.044351,1,1.000000,63.206150,16.500446,0.966667
2004,0.092108,0.712411,0.681209,0.454139,7.360355,1,1.000000,63.054952,16.283756,0.966667
2005,0.044763,0.739256,0.818673,0.545782,7.464593,1,1.000000,62.919647,16.008514,0.966667
2006,0.054065,0.670189,0.828663,0.552442,7.616213,1,1.000000,62.746474,15.852959,0.966667
2007,0.074438,0.707396,0.783483,0.522322,8.028767,1,1.000000,62.553760,15.669559,0.966667
2008,0.101083,0.784322,0.810731,0.540488,8.289302,1,1.000000,62.302725,15.434130,0.966667
2009,0.085523,0.661164,0.761404,0.507602,8.928685,1,1.000000,62.132646,15.282980,0.966667
2010,0.110713,0.717951,0.780545,0.520363,8.739517,1,1.000000,61.900844,15.110241,0.966667
2011,0.039836,0.794500,0.761056,0.507371,8.049132,1,1.000000,61.627068,14.876719,0.966667
2012,0.138671,0.783441,0.646416,0.430944,7.645620,1,1.000000,61.393446,14.600838,0.966667
2013,0.095637,0.964164,0.752339,0.501560,7.218165,1,1.000000,60.972584,14.275676,0.966667
2014,0.061433,0.848541,0.732772,0.488515,6.758075,1,1.000000,60.683393,13.947928,0.966667
2015,0.116239,0.987529,0.784762,0.523175,6.495134,1,1.000000,60.205997,13.559761,0.966667
2016,0.015462,0.984382,0.663915,0.442610,6.546371,1,1.000000,59.765778,13.252367,0.966667
2017,0.097528,0.967195,0.757177,0.504784,6.813261,1,1.000000,59.342392,12.893657,0.966667
2018,0.123618,0.929977,0.776865,0.517910,6.549326,1,1.000000,58.967268,12.494210,1.000000
2019,0.129174,0.883661,0.798652,0.532435,6.852890,1,1.000000,58.641885,12.135717,1.000000
2020,0.125192,0.923224,0.761571,0.507714,6.765871,1,1.000000,58.265911,11.760223,1.000000
2021,0.132477,0.881398,0.754782,0.503188,6.497331,1,1.000000,57.934275,11.408784,1.000000
2022,0.199660,0.816571,0.880193,0.586795,6.310851,1,1.000000,57.679521,11.069103,1.000000
2023,0.189256,0.834984,0.801609,0.534406,6.775268,1,1.000000,57.393451,10.735462,1.000000
2024,0.149794,0.857530,0.796039,0.530693,7.034021,1,1.000000,57.058466,10.450301,1.000000
2025,0.148819,0.866667,0.832621,0.555080,6.043779,1,1.000000,56.709353,10.174997,1.000000
2026,0.080983,0.859626,0.826758,0.551172,5.501855,1,1.000000,56.339347,9.961890,1.000000
2027,0.097115,0.838437,0.812710,0.541806,5.513202,1,1.000000,55.989820,9.738255,1.000000
2028,0.090924,0.784272,0.802330,0.534887,5.487073,1,1.000000,55.671653,9.543756,1.000000
2029,0.054591,0.850996,0.802410,0.534940,5.715275,1,1.000000,55.304584,9.320162,1.000000
2030,0.013264,0.739289,0.847460,0.564973,5.464033,1,1.000000,54.948415,9.219987,1.000000
2031,0.071878,0.834487,0.736618,0.491079,5.513358,1,1.000000,54.596593,8.989451,1.000000
2032,0.008271,0.842877,0.789810,0.526540,5.773391,1,1.000000,54.199956,8.862533,1.000000
2033,0.009763,0.742725,0.880477,0.586984,5.214239,1,1.000000,53.873403,8.723201,1.000000
2034,0.104202,0.367949,4.832193,3.221462,4.958828,1,1.000000,49.382564,9.527087,1.000000
2035,0.147755,0.516251,0.829292,0.552861,5.000000,1,1.000000,48.508817,9.493315,1.000000
2036,0.198964,0.500122,0.869931,0.579954,5.000000,1,1.000000,47.599315,9.480313,1.000000
2037,0.110639,0.559152,0.800488,0.533659,5.000000,1,1.000000,46.779800,9.387364,1.000000
2038,-0.008236,0.572090,0.849524,0.566349,5.000000,1,1.000000,46.054345,9.300991,1.000000
2039,0.016697,0.864764,1.123096,0.748731,5.000000,1,1.000000,45.615342,9.016225,1.000000
2040,0.190346,0.446227,1.092556,0.728371,5.000000,1,1.000000,44.620854,9.096032,1.000000
2041,0.083693,0.510061,0.834757,0.556505,5.000000,1,1.000000,43.797166,9.070076,1.000000
2042,0.009786,0.461552,0.751777,0.501185,5.000000,1,1.000000,43.055371,9.104281,1.000000
2043,0.070256,0.442029,0.878420,0.585614,5.000000,1,1.000000,42.274378,9.165059,1.000000
2044,0.003278,0.504232,0.787525,0.525016,5.000000,1,1.000000,41.816785,9.157903,1.000000
2045,0.018805,0.458607,0.798221,0.532147,5.000000,1,1.000000,40.943026,9.196236,1.000000
2046,-0.010324,0.380504,0.667479,0.444986,5.000000,1,1.000000,40.235405,9.280905,1.000000
2047,-0.011672,0.265361,0.762847,0.508565,5.000000,1,1.000000,39.842660,9.422542,1.000000
2048,-0.013576,0.282693,0.711216,0.474144,5.000000,1,1.000000,39.579370,9.514044,1.000000
2049,-0.012653,0.321978,0.702139,0.468093,5.000000,1,1.000000,39.588299,9.630575,1.000000
2050,-0.032842,0.375575,0.718200,0.478800,5.000000,1,1.000000,40.153215,9.713632,1.000000
2051,-0.035569,0.426739,0.638167,0.425445,5.000000,1,1.000000,40.419691,9.747114,1.000000
2052,-0.020036,0.374296,0.626839,0.417893,5.000000,1,1.000000,41.106032,9.820670,1.000000
2053,-0.024617,0.529456,0.584555,0.389703,5.000000,1,1.000000,41.435485,9.802821,1.000000
2054,-0.033511,0.517683,0.526877,0.351252,5.000000,1,1.000000,42.102209,9.795124,1.000000
2055,-0.037250,0.678937,0.545917,0.363945,5.000000,1,1.000000,42.419987,9.742771,1.000000
2056,-0.035924,0.571230,0.562405,0.374936,5.000000,1,1.000000,42.662070,9.729889,1.000000
2057,0.040553,0.634332,0.440475,0.293650,5.000000,1,1.000000,42.714486,9.679035,1.000000
2058,0.017162,0.548473,0.508310,0.338873,5.000000,1,1.000000,43.173966,9.657770,1.000000
2059,-0.003790,0.572158,0.529977,0.353318,5.000000,1,1.000000,44.236093,9.627271,1.000000
2060,0.006197,0.610806,0.480428,0.320285,5.000000,1,1.000000,45.058423,9.569685,1.000000
2061,0.116460,0.500844,0.549576,0.366384,5.000000,1,1.000000,45.847587,9.565271,1.000000
2062,0.068714,0.572158,0.578364,0.385576,5.000000,1,1.000000,46.521679,9.510391,1.000000
2063,0.172497,0.560721,0.480265,0.320177,5.000000,1,1.000000,46.721580,9.467520,1.000000
2064,0.091459,0.482445,0.544505,0.363003,5.000000,1,1.000000,46.394546,9.477729,1.000000
2065,0.061908,0.446228,0.445273,0.296848,5.000000,1,1.000000,46.336346,9.496806,1.000000
2066,-0.015800,0.347056,0.463445,0.308963,5.000000,1,1.000000,46.483553,9.573055,1.000000
2067,0.009069,0.229510,0.473254,0.315503,5.000000,1,1.000000,46.598350,9.693994,1.000000
2068,-0.024481,0.288342,0.528236,0.352157,5.000000,1,1.000000,46.750626,9.754754,1.000000
2069,0.018160,0.332284,0.497431,0.331621,5.000000,1,1.000000,46.917587,9.835226,1.000000
2070,-0.018424,0.354121,0.704440,0.469627,5.000000,1,1.000000,47.187714,9.925527,1.000000
2071,-0.023933,0.324407,0.629590,0.419727,5.000000,1,1.000000,47.079882,10.006773,1.000000
2072,-0.014577,0.404630,0.649159,0.432772,5.000000,1,1.000000,46.705680,10.046174,1.000000
2073,0.056372,0.354331,0.600532,0.400355,5.000000,1,1.000000,45.814533,10.163997,1.000000
2074,-0.009105,0.468881,0.585481,0.390320,5.000000,1,1.000000,45.331562,10.182789,1.000000
2075,0.024813,0.385531,0.629885,0.419923,5.000000,1,1.000000,44.356447,10.271454,1.000000
2076,0.113108,0.345029,0.658533,0.439022,5.000000,1,1.000000,43.559552,10.408939,1.000000
2077,0.139875,0.321528,0.722534,0.481689,5.000000,1,1.000000,42.945297,10.617651,1.000000
2078,0.029176,0.330481,0.746989,0.497993,5.000000,1,1.000000,42.623306,10.783891,1.000000
2079,0.359099,0.247839,0.741867,0.494578,5.000000,1,1.000000,42.449390,11.107558,1.000000
2080,0.145573,0.242460,0.686592,0.457728,5.000000,1,1.000000,42.235587,11.420151,1.000000
2081,0.203350,0.226275,0.658188,0.438792,5.000000,1,1.000000,42.138965,11.703798,1.000000
2082,0.248310,0.202836,0.662350,0.441567,5.000000,1,1.000000,41.769606,12.015069,1.000000
2083,0.186189,0.148788,0.622731,0.415154,5.000000,1,1.000000,41.522560,12.292189,1.000000
2084,0.269998,0.166770,0.623329,0.415553,5.000000,1,1.000000,40.968075,12.598632,1.000000
2085,0.201551,0.121134,0.548340,0.365560,5.000000,1,1.000000,40.531159,12.872742,1.000000
2086,0.116671,0.132689,0.615213,0.410142,5.000000,1,1.000000,39.924647,13.138945,1.000000
2087,0.154001,0.172043,0.616225,0.410817,5.000000,1,1.000000,39.345131,13.411189,1.000000
2088,-0.002701,0.281687,0.569450,0.379633,5.000000,1,1.000000,39.254837,13.538877,1.000000
2089,0.038613,0.257795,0.626332,0.417555,5.000000,1,1.000000,38.414593,13.660029,1.000000
2090,0.029014,0.388290,0.674497,0.449665,5.000000,1,1.000000,37.900903,13.696919,1.000000
2091,-0.023299,0.625901,0.713537,0.475691,5.000000,1,1.000000,39.157210,13.684276,1.000000
2092,-0.035991,0.946692,0.793643,0.529095,5.000000,1,1.000000,40.459044,13.630640,1.000000
2093,-0.033137,0.571819,0.798524,0.532350,5.000000,1,1.000000,41.027901,13.615965,1.000000
2094,-0.040994,0.062369,0.688814,0.459209,5.000000,1,1.000000,41.247582,13.662972,1.000000
2095,-0.010338,0.830439,0.730977,0.487318,5.000000,1,1.000000,41.215256,13.625269,1.000000
2096,-0.029052,0.804846,0.656701,0.437800,5.000000,1,1.000000,41.107490,13.574641,1.000000
2097,-0.035246,0.562784,0.774990,0.516660,5.000000,1,1.000000,41.004255,13.561643,1.000000
2098,-0.033071,0.696349,0.739984,0.493323,5.000000,1,1.000000,40.843368,13.455625,1.000000
2099,-0.000393,0.424628,0.716035,0.477356,5.000000,1,1.000000,40.878167,13.486207,1.000000
2100,-0.016071,0.306483,0.755620,0.503747,5.000000,1,1.000000,41.074709,13.547751,1.000000
2101,0.040628,0.263906,0.723580,0.482387,5.000000,1,1.000000,41.516150,13.663304,1.000000
2102,0.017838,0.166170,0.658514,0.439009,5.000000,1,1.000000,41.921258,13.799443,1.000000
2103,0.048221,0.133487,0.651845,0.434563,5.000000,1,1.000000,42.435840,14.021490,1.000000
2104,-0.007160,0.206468,0.557486,0.371657,5.000000,1,1.000000,42.662392,14.123100,1.000000
2105,0.020766,0.064177,0.565807,0.377205,5.000000,1,1.000000,43.084373,14.362499,1.000000
2106,-0.038410,0.090890,0.530274,0.353516,5.000000,1,1.000000,43.168503,14.492984,1.000000
2107,0.005391,0.101362,0.592065,0.394710,5.000000,1,1.000000,43.317676,14.758485,1.000000
2108,0.115957,0.081039,0.531686,0.354457,5.000000,1,1.000000,43.406559,15.008176,1.000000
2109,0.100563,0.005448,0.622499,0.414999,5.000000,1,1.000000,43.332880,15.309684,1.000000
2110,0.018798,0.062261,0.650398,0.433599,5.000000,1,1.000000,43.324728,15.571528,1.000000
2111,0.060162,0.095158,0.633325,0.422217,5.000000,1,1.000000,42.817784,15.830797,1.000000
2112,0.140655,0.383550,0.682634,0.455090,5.000000,1,1.000000,42.655739,15.942780,1.000000
2113,0.104942,0.282500,0.682091,0.454728,5.000000,1,1.000000,42.529974,16.171606,1.000000
2114,0.043122,0.319738,0.627884,0.418589,5.000000,1,1.000000,42.179963,16.332425,1.000000
2115,-0.006025,0.243213,0.577239,0.384826,5.000000,1,1.000000,41.406717,16.495076,1.000000
2116,0.122669,0.149099,0.572372,0.381581,5.000000,1,1.000000,40.872587,16.799879,1.000000
2117,0.225204,0.145856,0.568741,0.379160,5.000000,1,1.000000,40.319639,17.170556,1.000000
2118,0.165704,0.121539,0.570062,0.380041,5.000000,1,1.000000,40.797929,17.524411,1.000000
2119,0.154966,0.068032,0.573130,0.382087,5.000000,1,1.000000,41.398289,17.889955,1.000000
2120,0.024277,0.096986,0.578260,0.385507,5.000000,1,1.000000,41.952250,18.201733,1.000000
2121,0.018791,0.074602,0.623503,0.415669,5.000000,1,1.000000,42.506952,18.465268,1.000000
2122,0.215073,0.155723,0.573565,0.382377,5.000000,1,1.000000,43.043281,18.776703,1.000000
2123,0.105022,0.155596,0.557137,0.371424,5.000000,1,1.000000,43.496186,19.087024,1.000000
2124,0.254207,0.138341,0.508311,0.338874,5.000000,1,1.000000,44.056716,19.409918,1.000000
2125,0.006834,0.099250,0.500904,0.333936,5.000000,1,1.000000,44.393573,19.655670,1.000000
2126,-0.000318,0.115137,0.486874,0.324583,5.000000,1,1.000000,44.800552,19.849382,1.000000
2127,-0.034239,0.098677,0.533809,0.355873,5.000000,1,1.000000,45.123040,19.984597,1.000000
2128,-0.029644,0.001869,0.470492,0.313661,5.000000,1,1.000000,45.475046,20.156783,1.000000
2129,-0.039128,0.133885,0.452529,0.301686,5.000000,1,1.000000,45.763645,20.271073,1.000000
2130,-0.031896,0.061232,0.572477,0.381652,5.000000,1,1.000000,46.178692,20.433175,1.000000
2131,-0.017032,0.047106,0.631669,0.421113,5.000000,1,1.000000,46.341285,20.620273,1.000000
2132,0.082313,0.124594,0.568108,0.378739,5.000000,1,1.000000,46.604899,20.861954,1.000000
2133,0.040616,0.144578,0.576851,0.384567,5.000000,1,1.000000,46.820372,21.122736,1.000000
2134,-0.002149,0.262894,0.499249,0.332832,5.000000,1,1.000000,47.049899,21.282433,1.000000
2135,-0.027246,0.258299,0.550958,0.367305,5.000000,1,1.000000,47.179540,21.383280,1.000000
2136,-0.014575,0.146105,0.533188,0.355459,5.000000,1,1.000000,47.182475,21.487298,1.000000
2137,0.048236,0.169206,0.520095,0.346730,5.000000,1,1.000000,47.210681,21.627535,1.000000
2138,0.015759,0.109455,0.475351,0.316901,5.000000,1,1.000000,47.198567,21.762604,1.000000
2139,0.038898,0.211125,0.512778,0.341852,5.000000,1,1.000000,47.139550,21.912543,1.000000
2140,-0.000098,0.148167,0.524290,0.349527,5.000000,1,1.000000,46.956148,22.037211,1.000000
2141,0.061191,0.098164,0.596354,0.397570,5.000000,1,1.000000,46.857784,22.261612,0.966667
2142,-0.014659,0.061326,0.504414,0.336276,5.000000,1,1.000000,46.553686,22.390563,0.966667
2143,0.050346,0.080081,0.530472,0.353648,5.000000,1,1.000000,46.273862,22.559714,0.966667
2144,-0.022072,0.072036,0.515936,0.343957,5.000000,1,1.000000,45.732305,22.672390,0.966667
2145,-0.013066,0.070067,0.524802,0.349868,5.000000,1,1.000000,45.356116,22.868318,0.966667
2146,-0.030082,0.136406,0.519863,0.346575,5.000000,1,1.000000,44.600682,22.992350,0.966667
2147,-0.021030,0.149091,0.478695,0.319130,5.000000,1,1.000000,44.007689,23.120638,0.966667
2148,0.001124,0.094836,0.560629,0.373752,5.000000,1,1.000000,43.441762,23.239366,0.966667
2149,-0.027397,0.593601,0.557748,0.371832,5.000000,1,1.000000,42.808972,23.219425,0.966667
2150,-0.038030,0.957493,0.577085,0.384723,5.000000,1,1.000000,41.910631,23.147235,0.966667
2151,-0.009120,0.791165,0.582895,0.388596,5.000000,1,1.000000,40.805434,23.072388,0.966667
2152,-0.036234,0.584234,0.576047,0.384031,5.000000,1,1.000000,40.462176,23.053943,0.966667
2153,-0.031841,0.714060,0.596328,0.397552,5.000000,1,1.000000,40.446922,23.021431,0.966667
2154,-0.013398,0.887337,0.698785,0.465857,5.000000,1,1.000000,40.407068,22.932688,0.966667
2155,0.001859,0.954662,0.596904,0.397936,5.000000,1,1.000000,40.881281,22.857523,0.966667
2156,-0.016779,0.969979,0.625387,0.416925,5.000000,1,1.000000,41.169369,22.793697,0.966667
2157,-0.017994,0.739107,0.550129,0.366753,5.000000,1,1.000000,41.341503,22.756578,0.966667
2158,-0.000348,0.829495,0.544741,0.363160,5.000000,1,1.000000,41.278851,22.688689,0.966667
2159,-0.025218,0.901739,0.548961,0.365974,5.000000,1,1.000000,41.325036,22.612322,0.966667
2160,-0.043381,0.192766,0.546712,0.364474,5.000000,1,1.000000,41.085502,22.662144,0.966667
2161,-0.040684,0.215331,0.499816,0.333211,5.000000,1,1.000000,40.783337,22.704657,0.966667
2162,-0.043396,0.158983,0.422125,0.281417,5.000000,1,1.000000,40.548067,22.800933,0.966667
2163,0.097224,0.487506,0.371450,0.247633,5.000000,1,1.000000,40.524979,22.803309,0.966667
2164,0.023773,0.368366,0.519125,0.346083,5.000000,1,1.000000,40.525481,22.864709,0.966667
2165,0.086153,0.234214,0.540746,0.360498,5.000000,1,1.000000,40.644822,23.065272,0.966667
2166,0.169976,0.243920,0.525596,0.350397,5.000000,1,1.000000,40.931624,23.258054,0.966667
2167,0.285838,0.246134,0.629028,0.419352,5.000000,1,1.000000,41.379466,23.514376,0.966667
2168,0.257739,0.247375,0.643445,0.428964,5.000000,1,1.000000,41.614626,23.769222,0.966667
2169,0.162621,0.246520,0.600621,0.400414,5.000000,1,1.000000,41.812519,23.986598,0.966667
2170,0.084946,0.258379,0.581819,0.387879,5.000000,1,1.000000,41.964324,24.152183,0.966667
2171,0.083129,0.160485,0.537525,0.358350,5.000000,1,1.000000,42.204497,24.419028,0.966667
2172,0.031371,0.092399,0.646859,0.431239,5.000000,1,1.000000,42.411512,24.658703,0.966667
2173,0.061965,0.070828,0.633410,0.422273,5.000000,1,1.000000,42.656838,24.919131,0.966667
2174,-0.023517,0.255101,0.536085,0.357390,5.000000,1,1.000000,42.781357,25.057709,0.966667
2175,0.049762,0.270749,0.542729,0.361819,5.000000,1,1.000000,42.950080,25.242321,0.966667
2176,0.034699,0.154682,0.493585,0.329057,5.000000,1,1.000000,43.163406,25.424047,0.966667
2177,0.041590,0.108817,0.593866,0.395911,5.000000,1,1.000000,43.153169,25.658457,0.966667
2178,0.102613,0.310226,0.483063,0.322042,5.000000,1,1.000000,43.401402,25.798612,0.966667
2179,0.037386,0.362760,0.505983,0.337322,5.000000,1,1.000000,43.624206,25.901445,0.966667
2180,0.109196,0.410412,0.520663,0.347109,5.000000,1,1.000000,43.881715,25.982764,0.966667
2181,0.035691,0.268126,0.476050,0.317367,5.000000,1,1.000000,44.043711,26.118562,0.966667
2182,0.115613,0.393767,0.494689,0.329792,5.000000,1,1.000000,44.071178,26.195335,0.966667
2183,-0.032634,0.474810,0.433710,0.289140,5.000000,1,1.000000,44.036893,26.208294,1.000000
2184,-0.019250,0.669866,0.493142,0.328762,5.000000,1,1.000000,43.979472,26.168122,1.000000
2185,-0.043083,0.654758,0.455631,0.303754,4.999990,1,1.000000,43.919076,26.136202,1.000000
2186,0.046933,0.792498,0.455028,0.303352,5.000000,1,1.000000,43.771576,26.024558,0.966667
2187,-0.022533,0.609510,0.411993,0.274662,5.000000,1,1.000000,43.735067,26.004881,0.966667
2188,-0.039668,0.404676,0.414659,0.276439,5.000000,1,1.000000,43.728768,26.016418,0.966667
2189,-0.039937,0.404042,0.429051,0.286034,5.000000,1,1.000000,43.730904,26.036134,0.966667
2190,-0.035226,0.486227,0.352220,0.234813,5.000000,1,1.000000,43.806443,26.039911,0.966667
2191,-0.033864,0.511258,0.357082,0.238055,5.000000,1,1.000000,43.769374,26.039139,0.966667
2192,-0.027469,0.597503,0.301063,0.200709,5.000000,1,1.000000,43.820903,26.024041,0.966667
2193,-0.006384,0.950058,0.326474,0.217649,5.000000,1,1.000000,43.923849,25.980922,0.966667
2194,0.074548,0.929684,0.292435,0.194957,5.000000,1,1.000000,43.800911,25.874094,0.966667
2195,0.061362,0.598528,0.289149,0.192766,5.000000,1,1.000000,43.734125,25.856632,0.966667
2196,0.197306,0.634805,0.403951,0.269300,5.000000,1,1.000000,43.649437,25.794587,0.966667
2197,0.098375,0.668456,0.281481,0.187654,5.000000,1,1.000000,43.577623,25.755187,0.966667
2198,0.052631,0.927595,0.351801,0.234534,5.000000,1,1.000000,43.450448,25.656003,0.966667
2199,0.068536,0.209186,0.399388,0.266258,5.000000,1,1.000000,43.461297,25.756746,0.966667
