success,completion_time,mission_progress,order,heading_accuracy,cluster_velocity_ratio,min_distance_mean,min_distance_overall,collisions,safety_breaches,swarm_radius,mean_pair_distance,fragmented_fraction,isolated_fraction,fragmented_at_end,election_time,unique_leader_fraction,leader_changes,variant,informed,seed,precision,recall
True,1392.0,0.9762893956381221,0.891785074458981,0.9165270648646069,0.4866363890813407,8.096870307757348,4.9999999999999964,0,0,39.040089128326976,30.47000805516297,0.0,0.0,False,92.0,0.9152907394113424,12,v0.5,0.0,0,0.8258304858002037,0.5204756652778975
True,1661.0,0.9827832165033749,0.7935325435937657,0.8678250383906495,0.4339349914673562,8.813909469927937,4.999999999999988,0,0,50.94787301631638,35.01565639765151,0.10709987966305656,0.0,False,41.0,0.9326113116726835,13,v0.5,0.0,1,0.8665081998239036,0.6034374040190607
False,,0.8540846718604688,0.49843692118194105,0.6638504880001078,0.37969903559478496,9.886923045615102,4.995209159211967,0,0,673.9721835871535,220.24671112524936,0.9093333333333333,0.0,True,10.0,0.7206666666666667,7,v0.5,0.0,2,0.5005224307588915,0.3521607554917639
True,1343.0,0.9695049217442885,0.8762350005997874,0.9315537240661887,0.501932641046878,8.1959580901837,4.999999999999995,0,0,44.573830086517624,31.84580345557933,0.0,0.0,False,35.0,0.8973214285714286,13,v0.5,0.0,3,0.7973945705061756,0.42953959815721415
True,1368.0,0.9776458167821115,0.8744550946079542,0.9023754485907719,0.4959525272887479,8.021665570222051,4.99999998869231,0,0,36.2854832526583,30.316967706489685,0.0,0.0,False,118.0,0.870708546384222,13,v0.5,0.0,4,0.6947944702939898,0.43675378264027404
True,1334.0,0.976848904072515,0.8434303570789187,0.926564522625428,0.5013768839266978,9.001945299609563,4.999999999999994,0,0,88.41459127942143,44.33966706761213,0.43595505617977526,0.0,False,33.0,0.4786516853932584,11,v0.5,0.0,5,0.7939184226906207,0.5290347198540347
False,,0.7085480170164341,0.6316550294818618,0.5597794130240111,0.34253274820333907,9.820862100617196,4.999999999713369,0,0,145.09294865813274,122.13795228977007,0.5146666666666667,0.0,True,90.0,0.9733333333333334,16,v0.5,0.0,6,0.7344864834993774,0.48860930251180035
False,,0.8324430680100725,0.47606998363054875,0.6661642906018836,0.4353387182967594,10.46928632473708,4.999999999999993,0,0,284.40191611960086,231.21940556513954,0.9216666666666666,0.0,True,118.0,0.946,9,v0.5,0.0,7,0.5798049988520136,0.25252216291623497
True,1519.0,0.9766577769059576,0.8292303865197217,0.8666680347995566,0.463996045532896,9.063979202919647,4.999999999810933,0,0,53.61954665300563,37.228611151523374,0.0,0.0,False,11.0,0.9625,11,v0.5,0.0,8,0.7381489250162463,0.5206054023333064
True,1329.0,0.9784381245684521,0.8891564477654106,0.9316501889974463,0.5058917616471713,8.193884462776252,4.999999999999988,0,0,46.437392016410506,32.708397216405345,0.0,0.0,False,13.0,0.9533834586466166,13,v0.5,0.0,9,0.703611478334224,0.44086182347617925
False,,0.9394673053178294,0.45509403846075697,0.7871397947701516,0.27347235599877406,10.170362431027673,4.99999999999999,0,0,218.74222875199175,170.78410465998533,0.6206666666666667,0.0,True,113.0,0.9516666666666667,15,v0.5,0.0,10,0.7567849465908435,0.4257355834258372
False,,0.9786730625273172,0.6292941845394318,0.6895163597101869,0.32766817581871244,9.84394292334684,4.9999999999999805,0,0,68.11435972298736,48.87753379883516,0.514,0.0,True,82.0,0.9823333333333333,12,v0.5,0.0,11,0.7037086965822599,0.5241435669508414
True,1416.0,0.9897824283167085,0.921194053337835,0.9230265094526096,0.5004000858310653,7.999334054456793,4.999999999999997,0,0,44.18413034679801,32.00952169586306,0.0,0.0,False,25.0,0.9414255469301341,11,v0.5,0.0,12,0.8156962280465778,0.5857902945962045
True,1394.0,0.9665730704226837,0.8677785718586862,0.9205223669698104,0.47562834535659876,8.054318064269031,4.999999996509342,0,0,43.91099138217138,31.806563387109207,0.0,0.0,False,65.0,0.8845878136200717,14,v0.5,0.0,13,0.7286346647037537,0.48120035794769084
True,1400.0,0.9691467605580127,0.8619237372470118,0.9051187780744855,0.4953528154661381,7.974768473345922,4.99999999999995,0,0,40.85111959905958,30.94710168390439,0.0,0.0,False,49.0,0.9029264810849393,16,v0.5,0.0,14,0.7086212294357246,0.4640066258475051
True,2340.0,0.9929349471716633,0.4211933135804897,0.8716901089653476,0.31629638775425606,9.489524570836732,4.999999999999991,0,0,226.6530132352657,159.45132209746947,0.5877829987184964,0.0,False,30.0,0.9551473729175566,12,v0.5,0.0,15,0.8168880827332958,0.37312264393479616
False,,0.6619714355974804,0.7373300764257186,0.6081692053255887,0.42726465137081043,10.003020183806317,4.999999999999992,0,0,211.54400637928603,96.78368522691294,0.436,0.0,True,103.0,0.959,14,v0.5,0.0,16,0.7605854619523442,0.4376141080041458
False,,0.9379776598169959,0.6458885944069391,0.6763291360335311,0.3797134936522943,9.910216657353875,4.9999999999999964,0,0,69.41393080648668,47.786836806526885,0.423,0.0,True,42.0,0.9713333333333334,13,v0.5,0.0,17,0.7688539452524836,0.5333360508809132
False,,0.7115272305422018,0.5903623363311001,0.553591007533498,0.31541831845358753,10.039106755328145,4.999999999999991,0,0,143.19004470309358,110.64445298860281,0.5253333333333333,0.0,True,31.0,0.9526666666666667,13,v0.5,0.0,18,0.4916162902034976,0.4471571929529044
True,1401.0,0.9797149396692574,0.8416027927869345,0.9352220889233437,0.4701972893952188,8.492519802991248,4.999999999974973,0,0,47.28879147197021,34.20720421085762,0.0,0.0,False,78.0,0.9094151212553495,15,v0.5,0.0,19,0.6703758103405442,0.4443492003650667
True,1407.0,0.9973662920802777,0.8478346244202313,0.9173777468281863,0.4955782396145975,8.105665769201599,4.999999982529762,0,0,79.17843653943771,41.73723272582825,0.3203125,0.0,False,96.0,0.9431818181818182,9,v0.5,0.0,20,0.8086993090034231,0.4763608498592765
True,1331.0,0.9757822960328792,0.8913173030589897,0.9353262538895597,0.5011997464152426,8.139016379029679,4.999999999999995,0,0,40.71218528170085,31.55713362042346,0.0,0.0,False,112.0,0.9039039039039038,13,v0.5,0.0,21,0.754998838982473,0.3847421424996243
True,1555.0,0.9677699330078218,0.862472011358266,0.9453468326916241,0.4190725602247501,8.642953933374908,4.9999999996200275,0,0,42.77150703513801,32.46945178169538,0.0,0.0,False,24.0,0.9447300771208226,11,v0.5,0.0,22,0.8626123746032422,0.5711050236512099
False,,0.8178366863033828,0.41362089027973725,0.7495759120792208,0.26018424946901325,10.210262427615715,4.9999999999999964,0,0,285.9124648295611,263.63656374156506,0.8113333333333334,0.0,True,89.0,0.9786666666666667,10,v0.5,0.0,23,0.6980571351607859,0.44304279992285983
True,1338.0,0.9742225672599916,0.9316866979765183,0.9273065374018157,0.504617623144923,8.453155447137064,4.999999999999987,0,0,40.38166234548431,30.787920050580993,0.0,0.0,False,82.0,0.9208364451082898,15,v0.5,0.0,24,0.777087884090193,0.4685985541282457
True,1296.0,0.9873092502958839,0.8896627679258821,0.9353132682193531,0.5198721946320878,8.276542792669181,4.999999999999986,0,0,41.76761833431778,32.078334819324134,0.0,0.0,False,58.0,0.9167309175019275,9,v0.5,0.0,25,0.898872678028466,0.5872204878885615
True,1371.0,0.9869665160832822,0.921571499127217,0.9219091558581293,0.5028740801321796,8.21998781519028,4.999999999968926,0,0,40.84817984661429,30.77998692782016,0.0,0.0,False,89.0,0.9169096209912536,11,v0.5,0.0,26,0.8110354051832467,0.6202973499855443
True,1551.0,0.9791555910325301,0.8508648861501374,0.9378792494392321,0.43130779806409797,8.776804165902544,4.999999999999993,0,0,41.614187414531024,32.23302649918167,0.0,0.0,False,125.0,0.9181701030927835,16,v0.5,0.0,27,0.8833405477176242,0.5992618622954371
True,1464.0,0.9803218400502166,0.8560314431064979,0.9363246491626777,0.4572274475702343,8.592705628347614,4.999999999999989,0,0,42.68431625130034,33.91928261607529,0.0,0.0,False,200.0,0.8006825938566553,20,v0.5,0.0,28,0.6880525376612494,0.5039607598814446
True,1331.0,0.9801631766707664,0.8843699855734033,0.9421561763112517,0.5031020212143958,8.02255160682272,4.999999999998498,0,0,41.63762611611195,31.415963384259612,0.0,0.0,False,149.0,0.8536036036036037,15,v0.5,0.0,29,0.77950118086013,0.46542870709488976
True,2572.0,0.9829798042896305,0.4177836173767379,0.71216382545026,0.3538793686378853,10.310653542395743,4.999999999999996,0,0,349.20509963885047,286.6741026135899,0.8542557326078507,0.0,False,39.0,0.9790128254955305,11,v0.5,0.0,30,0.7842613487855267,0.5898164932911468
False,,0.3620412005115192,0.7312425128255202,0.3993807877401322,0.377268989599918,10.846022301745466,4.999999999999994,0,0,238.8041989330714,91.02205163334825,0.7436666666666667,0.0,True,104.0,0.19766666666666666,12,v0.5,0.0,31,0.8687021680125192,0.3214608874681969
True,1321.0,0.9820141080463894,0.8581683852255161,0.9328081591230957,0.5064449151521648,8.491994292893091,4.999999999999977,0,0,41.93581212633684,32.939084900271126,0.0,0.0,False,87.0,0.9341906202723147,14,v0.5,0.0,32,0.8307617188381065,0.46116197040214135
True,1324.0,0.9757615612376963,0.8885765754579011,0.9379913360539419,0.5043268504123887,8.47768206037057,4.999999999999994,0,0,39.67504383413392,32.59975154373405,0.0,0.0,False,94.0,0.8920754716981132,16,v0.5,0.0,33,0.6669030088785773,0.3979615224552309
True,1348.0,0.9796284830383101,0.911715541973985,0.937626881650284,0.4932775787053761,8.104140122848053,4.9997322980304375,0,0,37.8111683810392,30.535455240728886,0.0,0.0,False,105.0,0.911045218680504,14,v0.5,0.0,34,0.7417475314765081,0.5617156661636499
False,,0.9691658064825092,0.6110745405391443,0.6802494149259761,0.31483858623150024,10.060720888536936,4.999999982641878,0,0,60.96543071130312,46.58933767454217,0.35333333333333333,0.0,False,529.0,0.8073333333333333,17,v0.5,0.0,35,0.8309280505725967,0.4619666847153107
True,1726.0,0.9758927637057284,0.8002497123960282,0.9159104315158417,0.3912446613901469,9.633988430548868,4.9999999999999964,0,0,56.67335101813444,39.01215689333297,0.0,0.0,False,15.0,0.9143022582513028,11,v0.5,0.0,36,0.871764638352465,0.5868971563982589
True,1469.0,0.9821159009401249,0.7940797386356893,0.8920881019552619,0.4860309677517999,9.30068904465735,4.999999999999995,0,0,61.85963018532164,41.77109492667353,0.0,0.0,False,45.0,0.9340136054421768,11,v0.5,0.0,37,0.8737867155804684,0.5209958703196235
True,1374.0,0.9752756806641579,0.8841572729616521,0.9290594057600698,0.5038466565449704,8.095877136305173,4.9999999999999964,0,0,41.43720775486132,30.9530512791979,0.0,0.0,False,52.0,0.9374545454545454,11,v0.5,0.0,38,0.8606336966488377,0.56365943020853
True,1351.0,0.9693379876378495,0.9140597068223032,0.9335940894692831,0.49157987333280284,8.083723450967874,4.9999999999999964,0,0,38.02001606760157,29.703565619056203,0.0,0.0,False,115.0,0.8942307692307693,11,v0.5,0.0,39,0.7324703405614995,0.5120955329592415
True,1334.0,0.975044535020522,0.8824627371326135,0.9259087217541165,0.5069495591646086,8.383051625412763,4.999999957532476,0,0,51.05217097934226,34.63842357281063,0.0,0.0,False,49.0,0.9265917602996254,13,v0.5,0.0,40,0.5904614869687091,0.4149144796828732
False,1563.0,0.9792543997104709,0.8937916397947057,0.875862795016099,0.4831605310423944,8.083936888397654,0.0,10,41,37.4598501554322,30.662861738488804,0.0,0.0,False,259.0,0.7960358056265985,17,v0.5,0.0,41,0.7799475027407344,0.6372753055879099
True,1273.0,0.9817876676579836,0.8993258175548979,0.9607302745775101,0.5104937380168169,8.240363097247204,4.999999999999817,0,0,46.972633359690796,32.33901619405502,0.0,0.0,False,45.0,0.8956043956043956,13,v0.5,0.0,42,0.7034185193470207,0.365936150126817
True,1325.0,0.9832658532961875,0.895341956261748,0.9325157552727352,0.5069354294510973,8.130496893531006,4.999999999989678,0,0,38.37158335835516,30.503605281671526,0.0,0.0,False,5.0,0.9102564102564102,13,v0.5,0.0,43,0.8075796051480735,0.4954607975942455
True,1447.0,0.9848605647612861,0.7856515089522207,0.917736703690243,0.4741613645704256,9.679017570336388,4.999999999999991,0,0,110.1138025056482,57.92616783272079,0.35911602209944754,0.0,False,118.0,0.4551104972375691,9,v0.5,0.0,44,0.83343052996007,0.4109181401878837
True,1306.0,0.9771464771582902,0.9071014050959757,0.936957745772567,0.5109426739074389,8.083959745222426,4.9999999999997495,0,0,37.412081731453476,30.221733009987155,0.0,0.0,False,126.0,0.8768171384850804,12,v0.5,0.0,45,0.7390387467164913,0.41353108947697437
True,1387.0,0.981252766510831,0.8806581410717262,0.9207553251177117,0.48858819033167084,8.036530308823586,4.999999999999476,0,0,41.15964127916723,30.58610583106249,0.0,0.0,False,62.0,0.9077809798270894,7,v0.5,0.0,46,0.8185594592072823,0.4442709308374798
False,1639.0,0.9836615843085909,0.7951168176001789,0.878897225728708,0.45416464307486054,8.541808826176423,0.0,5,31,73.48845687779657,42.31692024340366,0.18170731707317073,0.0,False,251.0,0.425,15,v0.5,0.0,47,0.785155515287215,0.6386714690829519
True,1412.0,0.978425436906934,0.8734853560942208,0.905424444628106,0.49552509396083383,8.439741935523866,4.999999999999993,0,0,45.39372744180191,33.61214949094094,0.0,0.0,False,113.0,0.8492569002123143,12,v0.5,0.0,48,0.6588676573942016,0.48635432919053856
False,,0.7125964055983158,0.4398579424125385,0.6658876018468042,0.3035034394157586,10.450209198549954,4.9999999999999964,0,0,415.8608701180705,322.12291069051264,0.7326666666666667,0.0,True,150.0,0.9316666666666666,19,v0.5,0.0,49,0.7203151035939974,0.5693720529923205
True,1539.0,0.9792049388934774,0.84044142941504,0.9414556135358764,0.43111567988841865,9.275186346816698,4.999999996705731,0,0,57.009784783861065,36.67047668076722,0.0,0.0,False,78.0,0.9331168831168831,13,v0.5,0.0,50,0.873092048133639,0.43112563762939315
True,1539.0,0.9854020346439354,0.8234939175776697,0.8569918118000863,0.4901373029873783,8.378128399421994,4.999999999999993,0,0,44.34485444723233,32.98398228767735,0.0,0.0,False,89.0,0.912987012987013,13,v0.5,0.0,51,0.8015548720276198,0.5524438914436299
True,1495.0,0.9782126668940532,0.8114267786767,0.9004434535814902,0.46200547947328,9.29842063484627,4.999999999999995,0,0,55.91921678702375,37.844955995462406,0.0,0.0,False,89.0,0.9351604278074866,8,v0.5,0.0,52,0.8644821987002551,0.33257766267313954
True,1538.0,0.973946561544068,0.8714938463060087,0.9554208642243888,0.4251571159038204,9.037998785413317,4.999999999999986,0,0,41.423570768311,32.23331767802656,0.0,0.0,False,111.0,0.898635477582846,17,v0.5,0.0,53,0.8333770208668558,0.43274813766120374
True,1620.0,0.9729427184337703,0.8509857818968978,0.9404657677455057,0.40565518742773016,9.335589578529236,4.999999999999993,0,0,50.39097413736474,34.62024965571006,0.0,0.0,False,118.0,0.8926588525601481,17,v0.5,0.0,54,0.9289588896983694,0.6228310588075818
True,1319.0,0.9704181119983954,0.9110716829989105,0.9410826281104097,0.49619494320494245,8.24158382686427,4.999999999999993,0,0,41.47101044072734,32.49283344078517,0.0,0.0,False,62.0,0.9037878787878788,16,v0.5,0.0,55,0.7216451954863704,0.45819132132521406
True,1471.0,0.9848743351038283,0.8372482117102306,0.8936327081107444,0.47847627073945254,8.296803129319185,3.6749058024903434,0,33,75.62812267763168,41.3501970394529,0.23845108695652173,0.0,False,19.0,0.8722826086956522,14,v0.5,0.0,56,0.7379680629857935,0.5131776822241689
True,1338.0,0.9724645177122788,0.8934168972436798,0.9217617013480732,0.49873601026487097,7.973184777537281,4.9999999999999805,0,0,35.883326450521935,29.071114733869674,0.0,0.0,False,54.0,0.8932038834951457,16,v0.5,0.0,57,0.7553213067241297,0.5004842617151489
True,1396.0,0.9738659639715439,0.8882334085063596,0.9162598266181708,0.490597465868589,8.005764392845817,4.999999999999994,0,0,36.682349101788105,30.175678243637616,0.0,0.0,False,97.0,0.9262705798138869,13,v0.5,0.0,58,0.8097749435826045,0.5516095706762862
True,1544.0,0.9806978559623687,0.7961684445700996,0.9160807388977606,0.4384984700135297,9.739199200339911,4.991191366305017,0,0,125.40673290551574,58.70815250630376,0.47508090614886733,0.0,False,139.0,0.5048543689320388,14,v0.5,0.0,59,0.8955364056513082,0.6281952569553263
True,1549.0,0.9698920117887561,0.8211419317030778,0.916361203772943,0.4421647491963207,9.035797465654024,4.9999999999999964,0,0,48.948543236522845,34.14199403377636,0.0,0.0,False,126.0,0.8935483870967742,18,v0.5,0.0,60,0.8875592948749563,0.5610603213587121
True,1366.0,0.9793016771698655,0.8899825346993127,0.9551559614339887,0.47582400809065767,8.543095293076544,4.999999999999996,0,0,40.93237457425387,31.973183797817914,0.0,0.0,False,101.0,0.9173372348207754,18,v0.5,0.0,61,0.8868151849443169,0.5583824714983948
True,1314.0,0.9739086846054831,0.902988987207857,0.948110517715115,0.5007673953328763,8.077572554221693,4.9999999999999964,0,0,39.350761804884556,30.686216816730234,0.0,0.0,False,84.0,0.8699619771863117,13,v0.5,0.0,62,0.8129810185651819,0.5019269863087455
True,1367.0,0.9827374968811766,0.9164340825930413,0.9252842937895778,0.5052958750951972,8.12785795049417,4.999999999999986,0,0,39.83028021658881,30.651570051201524,0.0,0.0,False,77.0,0.9261695906432749,16,v0.5,0.0,63,0.8412126060014311,0.5105990717711785
True,1304.0,0.9830019384801091,0.8797384464392823,0.9527532216706747,0.5026019588571111,8.354367841137597,4.9999999999999964,0,0,52.37643609127426,34.782746045762366,0.0,0.0,False,112.0,0.8697318007662835,14,v0.5,0.0,64,0.8734566165755274,0.5689335635783284
True,1294.0,0.9852549442729887,0.8891724445377713,0.9341558587033109,0.5266074428381762,8.27931328367111,4.999999985454617,0,0,60.93816890790481,36.46248449250039,0.0,0.0,False,131.0,0.8586872586872587,11,v0.5,0.0,65,0.7715876222944196,0.48258095930564077
True,1285.0,0.9683752889442113,0.9266258928699483,0.9590698478747047,0.504029458291868,8.092803066004235,4.999999999999995,0,0,38.141435866483874,30.51362160783691,0.0,0.0,False,674.0,0.484447900466563,13,v0.5,0.0,66,0.8717718474322382,0.4889740003496634
False,,0.21738233034425292,0.7154730765433989,0.5360899769268195,0.4245203206376278,9.870095186332918,4.9999999999977875,0,0,176.84239600812876,89.64493466906659,0.24133333333333334,0.0,True,120.0,0.9386666666666666,16,v0.5,0.0,67,0.5642233087858829,0.4623635198837848
False,,-0.030263036159049017,0.5770867467211971,0.5033234454252831,0.6281197310630552,10.116093967641083,4.999999999999996,0,0,288.3044853622597,144.00233184619444,0.6153333333333333,0.0,False,11.0,0.014666666666666666,5,v0.5,0.0,68,0.050164075581902876,0.46423222289461336
False,,0.5372637653941201,0.5663387944560763,0.5905551445764885,0.46031874154563446,9.81749834863712,4.999999999989558,0,0,271.4605991090816,253.02277388125634,0.5383333333333333,0.0,True,156.0,0.9206666666666666,7,v0.5,0.0,69,0.6636784315725756,0.4941936578806511
True,2684.0,0.9791145229542471,0.43601180687708824,0.8238324802898789,0.29761167092919216,9.81905217065688,4.9999999999999964,0,0,221.7035426737572,198.63889201283334,0.6726256983240223,0.0,False,109.0,0.44990689013035384,10,v0.5,0.0,70,0.794356623820386,0.5782581127304987
False,,0.961634402070455,0.7149758735145996,0.6747199859689264,0.3383589529268596,9.965531591389658,4.999999999999994,0,0,55.00131633040193,39.31516183793978,0.2,0.0,False,30.0,0.9613333333333334,10,v0.5,0.0,71,0.7428462933241443,0.4784299199464451
True,1414.0,0.9676110363249748,0.8792614000176873,0.8896822122448593,0.49549710013990067,8.036855259815594,4.999999999999974,0,0,38.79823024753269,30.500551073585413,0.0,0.0,False,111.0,0.9003533568904594,20,v0.5,0.0,72,0.6891149704642152,0.5126891099764074
True,1329.0,0.9832011133348245,0.9150558870979111,0.9592031484742338,0.5007572086285342,8.154441572933148,4.999999999999996,0,0,41.865515161146206,31.30894170184299,0.0,0.0,False,105.0,0.91203007518797,18,v0.5,0.0,73,0.8623773532234554,0.5751602206889899
True,1752.0,0.9782148309766635,0.6855431833543751,0.8227914297781722,0.4405747637441248,9.569109823469576,4.9999999999999645,0,0,401.25502040694744,117.14717210076304,0.8710781517398745,0.0,False,35.0,0.6491728465487735,13,v0.5,0.0,74,0.7207460730220315,0.4436419819112021
True,1394.0,0.9764057557098097,0.8768620966914409,0.9133544120382624,0.48919582835673686,8.33885533471219,4.303447478894952,0,30,46.90185123428727,33.173665379149625,0.0,0.0,False,67.0,0.8881720430107527,15,v0.5,0.0,75,0.7384231886558712,0.5063230241689101
False,,0.8156106859638674,0.5351201895467304,0.6968856455388869,0.2883756961536849,9.91232236506635,4.999999999999996,0,0,445.0066773796913,228.23236555596714,0.7306666666666667,0.0,True,26.0,0.9703333333333334,10,v0.5,0.0,76,0.7755634932648997,0.5170850904868219
True,1381.0,0.973935020438877,0.8932699098844689,0.9531491279844825,0.47002455810320054,8.47723974749373,4.999999999999995,0,0,39.94605856564072,31.22980034794105,0.0,0.0,False,106.0,0.8936324167872648,15,v0.5,0.0,77,0.8130585565090941,0.5238528548796373
True,1598.0,0.9870014386111968,0.8403362411643389,0.8742678349704249,0.45504201155566154,9.08939412606764,4.999999999999482,0,0,52.15625336201454,36.01742157985277,0.0,0.0,False,127.0,0.8886804252657912,11,v0.5,0.0,78,0.8218197050217716,0.42578232030904195
False,,0.7571190153053938,0.4059570976239125,0.6122648019301313,0.43710653198054605,10.380703162349853,4.999999999999996,0,0,286.3520563097358,221.4050517527719,0.853,0.0,True,126.0,0.9553333333333334,11,v0.5,0.0,79,0.6038022415418908,0.381000521538201
True,1474.0,0.9661763219161791,0.8589700230501427,0.9379147276631649,0.4439702082916216,8.66394174354323,4.99999999999946,0,0,41.46717112973067,32.16554584389312,0.0,0.0,False,133.0,0.8637288135593221,14,v0.5,0.0,80,0.755294351376962,0.5519616557066996
True,1376.0,0.9842216070274399,0.8840122166748128,0.9219605438399937,0.497133896507827,8.13699387726235,4.99999999999585,0,0,43.08466053176868,32.69837630870419,0.0,0.0,False,141.0,0.8852578068264343,10,v0.5,0.0,81,0.7100662521775283,0.4530687029227613
True,1457.0,0.9730428748496792,0.860400999334204,0.9308950321638294,0.4564002592522509,8.748778418917087,4.999999985700629,0,0,43.38420301099206,33.32172284420122,0.0,0.0,False,40.0,0.9526748971193416,8,v0.5,0.0,82,0.8553076233416631,0.574287881182769
False,,0.9307163954407764,0.735317063539297,0.6721365020359737,0.363702784337429,10.064188602678911,4.999999996422673,0,0,63.43121042133282,37.45176808428525,0.47333333333333333,0.0,True,91.0,0.9583333333333334,12,v0.5,0.0,83,0.6980141687524241,0.47018723564714926
True,1523.0,0.9815936775529829,0.8204880939146433,0.8220880445776059,0.4863089514395368,9.496381199068503,4.999999999999986,0,0,64.2761562037922,43.03276202579415,0.0,0.0,False,42.0,0.9566929133858267,12,v0.5,0.0,84,0.6725031986198414,0.32167534337079257
False,,0.9775467196053205,0.654455709386508,0.6706484639130688,0.36874999403906633,9.84674988443371,4.9999999999999885,0,0,80.53491540674109,48.49622206598113,0.528,0.0,True,46.0,0.9606666666666667,14,v0.5,0.0,85,0.6981768358029666,0.6127353865317382
True,1353.0,0.9798058010334418,0.8367835596017363,0.9290718203390241,0.49945299856051,8.34117161581759,4.999999999999996,0,0,73.26153409195528,42.18607130839133,0.21639586410635156,0.0,False,133.0,0.45420974889217136,14,v0.5,0.0,86,0.8628118391219424,0.5705204067155174
True,1305.0,0.9803216381156351,0.880085476991536,0.9348625137294726,0.5055944086982874,8.356796506434508,4.999999999999995,0,0,57.421331505103396,37.00899658872079,0.04134762633996937,0.0,False,118.0,0.4663093415007657,13,v0.5,0.0,87,0.7781242407539348,0.5756456162909875
True,1392.0,0.9756438964644796,0.8411244123259488,0.8772085516104854,0.50427507745555,8.41780987826587,4.9999999999999565,0,0,44.50061417029985,32.62456028862629,0.0,0.0,False,43.0,0.9066762383345298,12,v0.5,0.0,88,0.7088551101652873,0.41731189119622064
False,,0.7633593404463952,0.444751640414179,0.6339844886043442,0.4180588257175231,10.050003805579967,0.0,64,91,456.30499238761973,288.50981248832414,0.8543333333333333,0.0,True,19.0,0.24333333333333335,11,v0.5,0.0,89,0.2901654679617108,0.7632588197156551
True,1338.0,0.9735739808517692,0.9157183105670167,0.9140057183650124,0.502682355075477,8.043547637382932,4.999999999999987,0,0,39.44016765610038,30.93918599659261,0.0,0.0,False,21.0,0.9290515309932785,12,v0.5,0.0,90,0.8034093755580127,0.555025173175824
False,,0.7242390155260131,0.553987969458791,0.5719585270538102,0.41478802909689294,10.065814808146452,4.997138526022276,0,0,124.82046585918773,97.59311796245468,0.599,0.0,True,204.0,0.9153333333333333,11,v0.5,0.0,91,0.615961226375028,0.38037335206663353
True,1359.0,0.9696496652193136,0.8689355291502427,0.9136592645315513,0.4929628799411667,7.971425174273621,4.999999744962709,0,0,38.37860288463591,30.130957729554463,0.0,0.0,False,71.0,0.9029411764705882,10,v0.5,0.0,92,0.8453062343287231,0.5115709317108823
False,,0.907109097707923,0.7615516707751028,0.6711733659461668,0.4062050425070837,10.472436792432008,4.999999999999958,0,0,72.30757963256725,41.49642037738873,0.3526666666666667,0.0,True,162.0,0.9436666666666667,10,v0.5,0.0,93,0.6429200949059785,0.3863209683452215
True,1281.0,0.9745158891613854,0.8873154469999517,0.9493991447118661,0.5078584091492823,8.11342175944862,4.999999913560481,0,0,38.87054877258826,30.851332327940067,0.0,0.0,False,74.0,0.9009360374414976,12,v0.5,0.0,94,0.7667350380172714,0.3988774859075592
False,,0.41563043614751594,0.7265553645895707,0.4831707773359232,0.3509367699200863,10.317132365981077,4.999999999998326,0,0,154.3614174107397,74.23406710760602,0.274,0.0,True,41.0,0.9603333333333334,14,v0.5,0.0,95,0.7081488824316661,0.46328044908819216
False,,0.5258881493319087,0.7575047145931206,0.49878188103701343,0.34280727093051255,10.002975174102243,4.999999999999994,0,0,134.30644876563707,53.763964861054674,0.33466666666666667,0.0,True,46.0,0.9563333333333334,16,v0.5,0.0,96,0.7751122080423996,0.4662197263587831
True,1354.0,0.9726676532380537,0.9101544539658988,0.930270997586154,0.4985849026856863,8.025211851359629,4.999999999999989,0,0,36.200448329502414,29.680161556437533,0.0,0.0,False,98.0,0.8833948339483395,15,v0.5,0.0,97,0.796696295732786,0.48516852421678647
True,1338.0,0.9737245653477459,0.8889097287884608,0.9186420925803814,0.5053444801773873,8.204907979838,4.9999999999974385,0,0,41.0184925374501,32.10768749704332,0.0,0.0,False,126.0,0.8805078416728902,18,v0.5,0.0,98,0.6450836433254459,0.40626636552905004
True,2034.0,0.977195487351797,0.8127245951047066,0.7345127972254815,0.6944218581873549,9.490722976559843,4.99999999999934,0,0,49.71875762815989,35.70390022050159,0.0,0.0,False,119.0,0.2987714987714988,14,v0.5,0.0,99,0.533929401586792,0.961976488082797
True,1317.0,0.9683015576282277,0.8896797274518876,0.9345225219708876,0.505648334551593,8.022218117756575,4.9999999999999964,0,0,40.27700067541869,30.97437171055464,0.0,0.0,False,86.0,0.8831562974203339,15,v0.6,0.0,0,0.9061308460074051,0.939089596872609
False,,0.9697139575880573,0.6820028832375605,0.7063744320064429,0.3224406157895515,10.531028366238045,4.999999999999988,0,0,83.7120143122485,51.156404935912654,0.3426666666666667,0.0,False,44.0,0.6946666666666667,9,v0.6,0.0,1,0.8839569922069146,0.7303327736287911
True,1542.0,0.9818563402232954,0.8090548838538402,0.8495570802648696,0.4902563271221384,8.765781783207503,4.9848849433715685,0,2,57.851044371517354,36.35635755473049,0.22164614387556708,0.0,False,10.0,0.9591704471808166,10,v0.6,0.0,2,0.891083400351141,0.919352335890893
False,,0.6820402848022248,0.7774888663193633,0.5602988604871862,0.5054075149334673,10.020094785190372,4.999999999999995,0,0,185.61418139664661,65.9490349941965,0.2946666666666667,0.0,True,101.0,0.22233333333333333,12,v0.6,0.0,3,0.45405469176897423,0.7663964748205137
True,1321.0,0.9871231517397346,0.87477085380529,0.9503246634533535,0.5014160201026462,8.718540756800728,4.9999999999999885,0,0,45.537203822572145,34.215575381208154,0.0,0.0,False,116.0,0.9296520423600605,12,v0.6,0.0,4,0.8926879714637487,0.8345125958445092
True,1348.0,0.9818828669428381,0.8565802720737814,0.9265787469576987,0.5059629607035959,8.342882818064611,4.999999999999994,0,0,41.062319177051364,32.01536000664852,0.0,0.0,False,84.0,0.9088213491475167,14,v0.6,0.0,5,0.8612330217910905,0.8781384008132982
True,1333.0,0.9740212764407198,0.9178681295569584,0.9398331778538278,0.5007831340429988,8.107844210431324,4.999999999713369,0,0,38.89261571186595,30.52921730018133,0.0,0.0,False,101.0,0.8665667166416792,16,v0.6,0.0,6,0.8827197113461952,0.9438070711007136
True,1345.0,0.9694299176142932,0.9073080194746925,0.9482218571809423,0.48934419075185565,8.188299270737698,4.999999999999993,0,0,35.435997022778395,30.08704582650754,0.0,0.0,False,123.0,0.8722139673105498,13,v0.6,0.0,7,0.8490218199873637,0.9008424192540562
True,1503.0,0.9860816321029208,0.8241387642541911,0.8894662860826784,0.46350287836584625,8.80252263045777,4.999999999810933,0,0,49.66507512736609,34.36714895836648,0.0019946808510638296,0.0,False,113.0,0.9082446808510638,15,v0.6,0.0,8,0.8940534612471441,0.9183797999947042
True,1425.0,0.9818363253932311,0.8531080965958426,0.9061335069858417,0.48693879052901473,8.271271320179327,4.999999999999988,0,0,45.815807331901446,33.903556945724105,0.0,0.0,False,13.0,0.8934081346423562,15,v0.6,0.0,9,0.8504805546983973,0.9197690282929775
True,1324.0,0.9848287009080178,0.8879537344621277,0.9444752890041921,0.49955572165910106,8.279878049984761,4.99999999999999,0,0,42.75174616011467,32.028190375577296,0.0,0.0,False,128.0,0.8950943396226415,13,v0.6,0.0,10,0.9103272674122415,0.9318296090413524
False,,0.9604464968152269,0.5960058992115976,0.6895009515668965,0.36083002823706006,9.99598247015155,4.9999999999999805,0,0,66.29542623051458,51.260040528125714,0.5156666666666667,0.0,True,87.0,0.9566666666666667,14,v0.6,0.0,11,0.7981898706629236,0.8876688574240879
True,1565.0,0.9806111279396018,0.8542534242195403,0.9431430490422706,0.42308486221105623,9.33411169166072,4.999999999999997,0,0,48.3156406469802,33.88090019200451,0.0,0.0,False,25.0,0.9712643678160919,11,v0.6,0.0,12,0.8708457518724381,0.8592540222871583
True,1480.0,0.9724857645707884,0.8349925199507645,0.9017779024703453,0.4674349450763592,8.82541834026465,4.999999996509342,0,0,47.20325667466583,34.50367242409442,0.0,0.0,False,82.0,0.900067521944632,16,v0.6,0.0,13,0.8983452040609416,0.86855845241307
True,1851.0,0.9896655906298728,0.7849745117804681,0.7950830641298077,0.5367621621524425,10.099230956494786,4.99999999999995,0,0,81.46078705469823,55.35995255513709,0.2985961123110151,0.0,False,1141.0,0.4006479481641469,18,v0.6,0.0,14,0.797314399198572,0.8338383290941901
True,1575.0,0.9847739073810948,0.7508714833029358,0.8804417284038263,0.45451116359660587,9.223995213982738,4.999999999999991,0,0,191.65285159747341,81.60240192767293,0.5076142131979695,0.0,False,30.0,0.5019035532994924,10,v0.6,0.0,15,0.8892009468784685,0.8717847368059153
True,1692.0,0.9889253839900866,0.8185177987648963,0.8690397359935245,0.4296524989355577,9.29964095863593,4.999999999999992,0,0,50.935405001741685,35.160659775185124,0.0,0.0,False,73.0,0.896042528056704,15,v0.6,0.0,16,0.7684948946001002,0.8938951380896408
False,,0.9146052944570339,0.5774450196193336,0.7025314950841308,0.2849966675323944,10.026489126444224,4.9999999999999964,0,0,688.4719995411609,167.11649671417536,0.9223333333333333,0.0,True,42.0,0.9766666666666667,13,v0.6,0.0,17,0.9101371696050883,0.8598201712748719
True,1396.0,0.9809875091889692,0.9009279021936973,0.9322442238888292,0.4853831018528298,8.0180199849122,4.999999999999991,0,0,39.21284208111751,30.4250022749829,0.0,0.0,False,108.0,0.8926270579813886,14,v0.6,0.0,18,0.8224224344602757,0.9546942060822022
True,1722.0,0.9713363435344876,0.8382989376777518,0.9439996604203178,0.38162617721755765,9.23435174504784,4.999999999974973,0,0,44.62909232212283,33.68392183980601,0.0,0.0,False,122.0,0.9199071387115496,14,v0.6,0.0,19,0.9489133418185752,0.8763932916401627
True,1373.0,0.9870602369647472,0.8600353835541255,0.9383176201882587,0.4930724340811361,8.680926507137547,4.999999982529762,0,0,43.50016781786778,33.380742289504596,0.0,0.0,False,117.0,0.8879184861717613,11,v0.6,0.0,20,0.8506193973512501,0.9067145952412368
False,,0.8691798173186724,0.8064849668021379,0.6322299105509008,0.7301178989455598,9.830217530027587,4.999999999624023,0,0,63.417766772471495,40.82869957065945,0.034333333333333334,0.0,True,36.0,0.21966666666666668,11,v0.6,0.0,21,0.44913267476072943,0.9179271993636625
True,1344.0,0.9800372115709439,0.860803572216779,0.9375325174592998,0.4977248409165503,8.059840097602905,4.9999999996200275,0,0,42.53573044316075,31.187384898723785,0.0,0.0,False,53.0,0.9159851301115242,14,v0.6,0.0,22,0.923685969666709,0.9184599911767213
True,1326.0,0.9736552404853618,0.8723717643971504,0.9320248549858348,0.5020560155409468,8.04043193532863,4.9999999999999885,0,0,39.238549931384775,30.377893621843498,0.0,0.0,False,19.0,0.920120572720422,11,v0.6,0.0,23,0.930173169148242,0.941024008589299
True,1394.0,0.9861790039147404,0.8762313088181846,0.9344019630398512,0.49143387624601287,7.9991246917826,4.999999999999987,0,0,43.97375762881414,32.454726904678104,0.0,0.0,False,87.0,0.9182795698924732,16,v0.6,0.0,24,0.925957637393246,0.946532275282143
True,1437.0,0.9810579570785608,0.8721795792121685,0.9248813480664334,0.4773732611670071,8.865826692585106,4.999999999999986,0,0,44.12235874087283,33.54061079745735,0.0,0.0,False,72.0,0.933240611961057,13,v0.6,0.0,25,0.9289914413846146,0.9293320053027528
True,1747.0,0.9823593307535883,0.790826479198422,0.8772350981513596,0.41951395813711667,9.473240682128708,4.999999999968926,0,0,62.40725869967447,38.88534586393465,0.10183066361556065,0.0,False,40.0,0.9296338672768879,17,v0.6,0.0,26,0.8229317647002786,0.8891864189784152
False,,0.6075607918646535,0.5142856769253906,0.5545234296090602,0.29602819660267105,10.695348734913868,4.999999999999993,0,0,257.65045492274606,194.7845112821556,0.9233333333333333,0.0,True,130.0,0.7286666666666667,13,v0.6,0.0,27,0.8185498240950704,0.8448886833032073
True,1475.0,0.9830729221956964,0.8278980931490122,0.9078727673310041,0.4712526751627346,8.64426121384495,4.999999999999989,0,0,45.17918138542953,33.353112314246395,0.0,0.0,False,45.0,0.8746612466124661,16,v0.6,0.0,28,0.8750170714099077,0.9339710387689452
False,,0.9636724221456491,0.5053019064454097,0.6646107658559536,0.4193906117528966,10.069692724954367,4.999999999998498,0,0,264.7398753093861,196.56070915888807,0.7473333333333333,0.0,False,2296.0,0.24033333333333334,13,v0.6,0.0,29,0.5136746031746031,0.9354268359459518
True,1343.0,0.9840220039276593,0.8769371484954914,0.9460304800202305,0.5005488920873908,8.3245732849679,4.999999999999996,0,0,42.17836988970085,32.36285727229866,0.0,0.0,False,107.0,0.9092261904761905,15,v0.6,0.0,30,0.9348041537187644,0.8964466726142345
True,1361.0,0.9892969707238509,0.8796639623205562,0.9546315080889902,0.486540365012625,8.603657344834101,4.999999999999994,0,0,41.6541771344906,31.916887998424468,0.0,0.0,False,91.0,0.9140969162995595,14,v0.6,0.0,31,0.9555924648521462,0.8647587235340157
True,1331.0,0.9807942937827955,0.8788378168760951,0.947113745863076,0.4967003345016489,8.175725789495063,4.999999999999977,0,0,39.671125684026634,31.412677782288785,0.0,0.0,False,58.0,0.9166666666666666,13,v0.6,0.0,32,0.9201675740828227,0.9207529331095509
True,1468.0,0.9675106571656934,0.8588586963324844,0.9438804208553876,0.44405587613983843,8.741574344533053,4.999999999999994,0,0,40.79291884194946,32.29644743499569,0.0,0.0,False,107.0,0.9360108917631041,15,v0.6,0.0,33,0.9419409197626568,0.8921476260476162
True,1363.0,0.964710291947304,0.8999724422140047,0.9240554197343447,0.493989820445429,8.109824028255504,4.999999999999994,0,0,39.901292153724704,31.075976478401966,0.0,0.0,False,87.0,0.8049853372434017,21,v0.6,0.0,34,0.8389773350191558,0.902055939875074
False,,0.9570808518801787,0.5687295226561424,0.7205417311114239,0.3135131639381841,9.725114525241572,4.999999982641878,0,0,171.7096770897686,127.37913634541755,0.41133333333333333,0.0,False,117.0,0.95,10,v0.6,0.0,35,0.8731854247284616,0.9556676600219478
True,1406.0,0.9796008258635044,0.8748465987884407,0.9349000760606971,0.4715404943335845,8.346000093563362,4.9999999999999964,0,0,44.27575638273031,33.06204168415779,0.0,0.0,False,15.0,0.738450604122246,12,v0.6,0.0,36,0.9407840854864877,0.9424179668155691
True,1338.0,0.9695981009149531,0.8834162255148016,0.9508694502170405,0.4856166667517364,8.544887267348615,4.999999999999995,0,0,41.323147009126465,31.97727096283996,0.0,0.0,False,97.0,0.90739357729649,11,v0.6,0.0,37,0.9156068150101964,0.8853234850914568
True,1453.0,0.9854678428548259,0.841835837641584,0.9213397051335742,0.4701554180591011,8.900941993743345,4.9999999999999964,0,0,46.80253763354416,33.76731479239046,0.0,0.0,False,80.0,0.9105914718019257,11,v0.6,0.0,38,0.8875163914341067,0.9110415169492506
True,1318.0,0.9673981345185039,0.8806077296291426,0.9573181348354992,0.49096615718330733,8.121235845055644,4.9999999999999964,0,0,40.01556085231892,31.49012440976633,0.0,0.0,False,139.0,0.8931008339651251,12,v0.6,0.0,39,0.9376014421566552,0.9432922765880937
True,1347.0,0.9890332404806403,0.858569380587468,0.944888068704804,0.4954101610445175,8.474277303911272,4.999999957532476,0,0,41.64332420698777,32.16134375037757,0.0,0.0,False,111.0,0.8931750741839762,13,v0.6,0.0,40,0.9148100532632354,0.917561452044219
True,1381.0,0.975798366827924,0.8869273184783034,0.9407442873830694,0.4902481368345965,8.612914621311127,4.999999999999456,0,0,40.92642535517305,32.2617502422093,0.0,0.0,False,82.0,0.9182344428364689,15,v0.6,0.0,41,0.9226221836255398,0.877809565330575
True,1603.0,0.9762601879384702,0.7459220244298358,0.9201662103024172,0.4167565531129667,10.189082917213604,4.999999999999817,0,0,237.64679228161856,77.3822630468083,0.6982543640897756,0.0,False,55.0,0.5211970074812967,11,v0.6,0.0,42,0.8809475067940233,0.8009285978799522
True,1401.0,0.972356389639851,0.8317182525365142,0.9063244723890562,0.4999030652135894,8.625697816190673,4.999999999989678,0,0,55.27643850043088,36.52292925033522,0.062054208273894434,0.0,False,5.0,0.8972895863052782,11,v0.6,0.0,43,0.8854827888320069,0.9216919591756889
False,,0.817368680921655,0.6353382955212638,0.6904670083565437,0.3176056933453585,9.981220785390292,4.999999999999991,0,0,187.35607279545576,110.57442356669497,0.4796666666666667,0.0,True,124.0,0.946,17,v0.6,0.0,44,0.910497720017262,0.9289367130625187
False,,0.7664414852183564,0.619062741430468,0.6525442684342607,0.3046673056610954,9.844511108259471,4.9999999999997495,0,0,156.83726797163823,113.7049103794462,0.4826666666666667,0.0,True,113.0,0.9526666666666667,10,v0.6,0.0,45,0.9244941528924875,0.8918017503456529
True,1791.0,0.9776325642250125,0.8126978085585579,0.9278084922687823,0.37773308920999044,9.148714840135568,4.999999999999476,0,0,45.73096399509263,33.19958456515066,0.0,0.0,False,202.0,0.8822544642857143,15,v0.6,0.0,46,0.9085671098565841,0.85708480054667
True,1515.0,0.979664601231961,0.8358563936642994,0.8814985638568864,0.4608369071239296,8.97051820047512,4.999999999999996,0,0,50.59241572804667,35.51874589672347,0.05343007915567282,0.0,False,100.0,0.9050131926121372,10,v0.6,0.0,47,0.8777471859755047,0.9118202537174618
True,1367.0,0.9906862619010406,0.8819414716254877,0.945745614364168,0.4899783915021411,8.390510746664742,4.999999999999993,0,0,45.56150302157351,33.213183572313056,0.0,0.0,False,115.0,0.8720760233918129,13,v0.6,0.0,48,0.921066541545722,0.8975458073516103
True,1439.0,0.9843159044845391,0.8408916833448744,0.8925677927969461,0.4984762536725783,8.773086727036496,4.9999999999999964,0,0,49.45118224546793,35.09316508875674,0.0,0.0,False,121.0,0.8618055555555556,19,v0.6,0.0,49,0.825948647965241,0.9162520182224436
False,,0.9552484315734671,0.6238585120471882,0.7049867619904922,0.31002409807176207,10.45769591766919,4.999999996705731,0,0,62.441271568195155,41.86598946602348,0.12966666666666668,0.0,False,793.0,0.7436666666666667,12,v0.6,0.0,50,0.86988889615979,0.8574202266144397
False,,0.7863598377900141,0.6254744738263873,0.6232205926078458,0.317656523491523,9.80489448158178,4.999999999999993,0,0,148.09219665800973,108.5969540389548,0.4663333333333333,0.0,True,71.0,0.9683333333333334,15,v0.6,0.0,51,0.8306863190158263,0.8920381418102635
True,1417.0,0.9803238442027732,0.859672615199171,0.9226249167767692,0.48284500935224073,8.7137375376946,4.999999999999995,0,0,46.59312228499002,33.50345048021252,0.0,0.0,False,117.0,0.918194640338505,11,v0.6,0.0,52,0.9061213097365912,0.9235534739967034
True,1295.0,0.9802977262625664,0.8919477254122472,0.9467995382476064,0.5045298916702374,8.701159858492966,4.999999999999986,0,0,43.10373046837069,32.76371029788114,0.0,0.0,False,107.0,0.9066358024691358,16,v0.6,0.0,53,0.9444697237322762,0.8887538317939523
False,,0.8617773760601677,0.5979600728911547,0.6405667898152871,0.34832139054645767,10.095606724959767,4.999999999999993,0,0,69.9691367301015,56.76676566461291,0.507,0.0,True,100.0,0.952,17,v0.6,0.0,54,0.8043649715772845,0.8407408239214214
True,1481.0,0.9773649934254836,0.8280792983852775,0.9149509008720074,0.455422549145816,9.000668547066768,4.999999999999993,0,0,52.34246711323159,35.43793765642383,0.0,0.0,False,101.0,0.9014844804318488,17,v0.6,0.0,55,0.926452135223687,0.8979519954956615
True,1462.0,0.9792071961164884,0.8643856036776585,0.8984793702677146,0.4797712595292506,8.268339182057284,4.999999999994831,0,0,44.40185412499237,33.21285916360136,0.0,0.0,False,19.0,0.9535201640464799,8,v0.6,0.0,56,0.8948692771715046,0.8840943652231393
False,,0.9732701516293187,0.6616431504584929,0.6794683895923554,0.3350084685122656,9.842838318818906,4.9999999999999805,0,0,74.77934203411498,46.354605653923706,0.5453333333333333,0.0,True,109.0,0.9586666666666667,11,v0.6,0.0,57,0.9326426496389096,0.9523003994109108
True,1516.0,0.9737872575651876,0.8431945358546279,0.9040941427812635,0.45280105004699445,9.160397427479932,4.999999999999994,0,0,48.08933441228976,34.75869355295798,0.0,0.0,False,56.0,0.9301252471984179,13,v0.6,0.0,58,0.9000395741426193,0.8863303713293875
True,1379.0,0.973003625496506,0.8460150865862209,0.9165737437885051,0.4875528724516506,8.040468710982573,4.999998804271065,0,0,40.85546720933802,31.098732793817256,0.0,0.0,False,177.0,0.8442028985507246,16,v0.6,0.0,59,0.9064415334620338,0.9076223052584723
False,,0.013296366570215046,0.7941627872362946,0.6442786462634701,0.5275696701433302,10.343597828605743,4.9999999999999964,0,0,59.292520332660175,40.1321108770657,0.17333333333333334,0.0,False,95.0,0.2836666666666667,15,v0.6,0.0,60,0.5856853399290942,0.7163752942345507
True,1338.0,0.9841050962008301,0.8714244612924859,0.9442719615375542,0.49081247519167914,8.248806443690762,4.999999999999996,0,0,45.476418255723985,33.13227083594252,0.0,0.0,False,162.0,0.8454070201643017,17,v0.6,0.0,61,0.8551246708705375,0.9344864531035568
True,1433.0,0.9868979663215269,0.8616294256411448,0.9011592418344541,0.4929731327680149,8.74014099339632,4.9999999999999964,0,0,46.14620114952529,34.79935772128355,0.0,0.0,False,84.0,0.9107391910739191,13,v0.6,0.0,62,0.884333142178033,0.9177631623119537
False,,0.2101247347365025,0.5270404939440546,0.50717531915046,0.560697237746589,10.467820961761529,4.999999999999986,0,0,236.73562708890339,185.42009326852835,0.6006666666666667,0.0,True,,0.0,8,v0.6,0.0,63,0.08646551005601584,0.6886727150499325
True,1536.0,0.9815710197267973,0.8541752039229996,0.9355850891833485,0.4317338014947327,9.303812307339602,4.9999999999999964,0,0,44.70080235432381,34.915004529596246,0.0,0.0,False,99.0,0.9069616135328562,14,v0.6,0.0,64,0.9255862859261554,0.8607701179560725
False,,0.9112420578099392,0.506825274413226,0.7183718031789948,0.2778224181760777,10.012245020231585,4.999999985454617,0,0,461.7224763914223,237.75536426236155,0.7446666666666667,0.0,True,115.0,0.749,13,v0.6,0.0,65,0.926871889308523,0.9011513377906898
True,1119.0,0.9795918186479734,0.8467846080191629,0.9440163701988264,0.596165977459369,9.170069973925589,4.999999999999995,0,0,48.23773191748495,35.04412880402686,0.0,0.0,False,,0.00625,17,v0.6,0.0,66,0.6701483554072357,0.732322718655173
True,1335.0,0.9822303838945866,0.874287836129339,0.9357237000607755,0.5020402635775518,8.262123841278749,4.9999999999977875,0,0,37.407772810452634,30.56750425266232,0.0,0.0,False,117.0,0.875748502994012,15,v0.6,0.0,67,0.909525403547476,0.9213413545724797
True,1706.0,0.9729175622173625,0.808828642193296,0.9035743157194551,0.40337844151806196,9.50939083602075,4.999999999999996,0,0,56.60008992259992,37.569280969896234,0.0,0.0,False,115.0,0.9197422378441711,13,v0.6,0.0,68,0.9260900341321966,0.910349191219023
True,1398.0,0.9724330528852095,0.8548767258287951,0.9229007958098974,0.4757080510750498,8.006996079239455,4.999999999989558,0,0,41.35226478614929,30.66955901709755,0.0,0.0,False,151.0,0.8741958541815582,12,v0.6,0.0,69,0.890279053646635,0.9092949640801624
True,1646.0,0.9874599430498322,0.8020055975608723,0.8955869128518567,0.42022882277575735,9.385389950134677,4.9999999999999964,0,0,65.07883082571112,39.76198378863488,0.1621129326047359,0.0,False,83.0,0.9271402550091075,15,v0.6,0.0,70,0.880781258982224,0.8095837941141046
True,1388.0,0.9793070554218749,0.8589065394577523,0.912432496945566,0.49667213291519957,8.412505122596064,4.999999999999994,0,0,42.27811946722707,33.305302346991425,0.0,0.0,False,106.0,0.9049676025917927,13,v0.6,0.0,71,0.8848840451637826,0.9283823683821623
True,1675.0,0.9730442275066529,0.8642609395146228,0.9175632295076682,0.4024788095410835,9.333233958174095,4.999999999999994,0,0,42.87117390489572,33.12470888532311,0.0,0.0,False,110.0,0.915871121718377,16,v0.6,0.0,72,0.8989588171746506,0.8919241508257644
True,1376.0,0.9751462611697393,0.8547498976667559,0.9447287017776486,0.47776425069655504,8.797615303069913,4.999999999999996,0,0,44.487231709572235,33.57394029670585,0.0,0.0,False,64.0,0.9310094408133623,15,v0.6,0.0,73,0.9098683759520394,0.8642427224041499
True,1594.0,0.9863433683988871,0.7932900038103706,0.8714123940993898,0.45837593808631105,9.623706853275317,4.9999999999999645,0,0,93.12045273829436,50.74677553969386,0.3849529780564263,0.0,False,68.0,0.5717868338557994,14,v0.6,0.0,74,0.8953495130786338,0.7697213144683313
False,,0.9246567930826214,0.7250294850743739,0.679430334155728,0.34774229192609557,10.162082297418484,4.999999999981279,0,0,71.57369220479622,40.82836169686173,0.4103333333333333,0.0,True,79.0,0.954,13,v0.6,0.0,75,0.876361869225619,0.8935209589070781
True,1353.0,0.9770605913469408,0.8687425015950054,0.9352149588421326,0.49190114768093723,8.542302866809539,4.999999999999996,0,0,41.24318998242394,32.690653972156824,0.0,0.0,False,26.0,0.8906942392909897,11,v0.6,0.0,76,0.8794907512157594,0.885143106123604
True,1456.0,0.9789980507301191,0.8387759825633948,0.9048665883844034,0.47030789478722645,9.070975911564918,4.999999999999995,0,0,50.85081489237326,35.792048290444335,0.0,0.0,False,97.0,0.8894989704873026,15,v0.6,0.0,77,0.7995589322940455,0.8662509822875994
False,,0.953742273362356,0.7034555277171656,0.7092509666451859,0.3230127076023982,10.452861201080154,4.999999999999482,0,0,110.74928578700408,50.99523194847919,0.2836666666666667,0.0,False,101.0,0.7623333333333333,11,v0.6,0.0,78,0.8695187529501684,0.8241439053123194
True,1669.0,0.9782381399133063,0.8413121800618896,0.9445338340892134,0.40079990460329595,9.835131676188015,4.999999999999996,0,0,59.55643413193389,37.85313625923802,0.0,0.0,False,109.0,0.5568862275449101,11,v0.6,0.0,79,0.8210211485831552,0.7524637783139766
False,,0.7957133061954131,0.6105905233752769,0.6772799481152842,0.3012751121498117,9.944761869544113,4.99999999999946,0,0,143.00804250910568,104.32900949069594,0.4756666666666667,0.0,True,130.0,0.95,14,v0.6,0.0,80,0.943103027305921,0.9261301792627356
False,,0.9291567844086016,0.667785061163899,0.6963458458496907,0.3261673689754343,9.929770774162556,4.99999999999585,0,0,275.4475814162106,129.16919480357916,0.455,0.0,True,122.0,0.9426666666666667,11,v0.6,0.0,81,0.8867128635229662,0.8906664255264463
True,1476.0,0.9911553734924536,0.8424243896304284,0.9108437275042315,0.47933819919878967,8.55157918113106,4.999999985700629,0,0,41.71020210276027,32.725247440462255,0.0,0.0,False,66.0,0.913337846987136,10,v0.6,0.0,82,0.930170234693893,0.9094333608888457
True,1451.0,0.9845857983965222,0.8599474170678341,0.9184036128907042,0.4732349016530171,8.520001498391089,4.999999996422673,0,0,43.13885031510519,32.72784558348678,0.0,0.0,False,108.0,0.8877410468319559,15,v0.6,0.0,83,0.9139583123181351,0.8901046430585168
True,1355.0,0.9858047110964132,0.8617541799022633,0.9295112832483414,0.49449502747182744,8.447290281395844,4.999999999999986,0,0,42.98175861812025,32.50408531122965,0.0,0.0,False,76.0,0.9432153392330384,12,v0.6,0.0,84,0.8094404207743444,0.9216934947039871
True,1424.0,0.9819559200515768,0.8733584241855612,0.9140180760715013,0.4911257608170164,8.169176375433855,4.9999999999999885,0,0,37.21710303959785,30.02786179020357,0.0,0.0,False,84.0,0.9052631578947369,13,v0.6,0.0,85,0.9337538192751933,0.9206693436046224
True,1285.0,0.986108484456626,0.79477513107553,0.8933470463454574,0.5380172326221311,9.205052365605205,4.999999999999996,0,0,85.15944909508137,52.381185391292036,0.017884914463452566,0.0,False,114.0,0.7791601866251944,12,v0.6,0.0,86,0.8789253473152824,0.9212061265647021
False,,0.9636502308387132,0.662790522533879,0.690483409689246,0.3283925720548875,10.35793584985908,4.999999999999995,0,0,343.08846541323686,102.15655909734966,0.8036666666666666,0.0,False,115.0,0.762,12,v0.6,0.0,87,0.8863213222858892,0.8715664604599697
True,1657.0,0.9841376818307696,0.7358404159355078,0.8650448431014962,0.43767280782846646,8.999145828294107,4.9999999999999565,0,0,100.76011055339856,50.26889921283519,0.43486127864897467,0.0,False,43.0,0.9191797346200241,15,v0.6,0.0,88,0.8250569493224064,0.8414587980040225
True,1393.0,0.9823004065366051,0.8594231918623871,0.9407987813654678,0.4804356095912147,8.79671952951053,4.999999999999987,0,0,44.11944483280342,33.72873671766224,0.0,0.0,False,19.0,0.9139167862266858,13,v0.6,0.0,89,0.8960374024525986,0.8768694371498761
True,1359.0,0.9877671379116733,0.8763503620497558,0.946316545083331,0.4871015240757272,8.590915271442363,4.999999999999987,0,0,104.11377989158994,49.64567432469977,0.5338235294117647,0.0,False,21.0,0.04779411764705882,6,v0.6,0.0,90,0.9529611219681982,0.8706028995625682
True,1509.0,0.9832524547985487,0.8269207923078823,0.934433694704533,0.44107577122111846,9.09874500436571,4.999999999999993,0,0,156.21284473600693,57.93852164092317,0.5668874172185431,0.0,False,68.0,0.5086092715231788,8,v0.6,0.0,91,0.9100080214280178,0.8991670109833031
True,1398.0,0.9834211201841354,0.8396380378100892,0.9360330239317527,0.48131412552487557,9.045931910644507,4.9999999999999964,0,0,79.36363661199479,43.70997279350396,0.42387419585418157,0.0,False,144.0,0.4624731951393853,9,v0.6,0.0,92,0.8903461613526918,0.8122015977213606
True,1546.0,0.9966182537918382,0.7684453755957106,0.8805514214776505,0.4706559549504161,9.339687866706777,4.999999999999958,0,0,66.78158394922914,43.227243490355306,0.0,0.0,False,69.0,0.9372979961215255,13,v0.6,0.0,93,0.7665886059752809,0.8928462316458017
True,1326.0,0.9695701426191768,0.8930783055949659,0.9396457441071,0.49383737004292566,8.463082173138437,4.999999913560481,0,0,41.099730068211635,32.035294806364604,0.0,0.0,False,84.0,0.8967596081386586,15,v0.6,0.0,94,0.8922455420400266,0.8683719952522698
True,1590.0,0.9842224102236653,0.7730566534546885,0.8855812684214525,0.4515719104198116,9.848336077355698,4.999999999998326,0,0,68.61825578626353,42.59069035744327,0.09805153991200503,0.0,False,130.0,0.912005028284098,10,v0.6,0.0,95,0.8171545811602351,0.7654500295317873
True,1346.0,0.9836997411170061,0.8930013579914899,0.9237116910727116,0.5029305449023633,8.115442671283855,4.999999999999994,0,0,37.603114791360824,30.231157538754626,0.0,0.0,False,103.0,0.896807720861173,16,v0.6,0.0,96,0.9050849780499786,0.9508974002717843
True,1488.0,0.9805941209725371,0.8022387675028013,0.9430769501672714,0.44427667424928474,8.816480315109343,4.999999999999989,0,0,184.03676667892165,61.248328218140045,0.6292813969106783,0.0,False,18.0,0.48757555406312963,10,v0.6,0.0,97,0.9117014887018883,0.8799138628199854
True,1360.0,0.9834506633609941,0.8830921928274726,0.9585231514094488,0.4827508222722877,8.698122332379935,4.9999999999974385,0,0,39.9143486102864,31.597695599557465,0.0,0.0,False,122.0,0.8890521675238795,16,v0.6,0.0,98,0.9231592970598972,0.8382434790122154
True,1510.0,0.981394131834209,0.7758869507835155,0.8900728296392566,0.45473714647931224,9.875568207196338,4.99999999999934,0,0,93.28881206375185,49.45097982518234,0.35804103242885504,0.0,False,124.0,0.5241561879549967,12,v0.6,0.0,99,0.8192779184108722,0.8052129366951948
True,1397.0,0.9840592284173011,0.8500251815521283,0.9077998399428765,0.5001574616890623,8.572300579710753,4.9999999999999964,0,0,47.94900501269471,33.57333948540641,0.0,0.0,False,106.0,0.9206008583690987,16,v0.5,0.3,0,0.8584358964051585,0.6856959143196716
False,,0.6749498108088938,0.6250420373467301,0.6182274017190099,0.5450345638276111,9.060894152100222,4.999999999999988,0,0,181.11810609343624,140.3423735484166,0.4746666666666667,0.0,True,44.0,0.23233333333333334,13,v0.5,0.3,1,0.5126161227285607,0.8593527536096336
True,1330.0,0.9688363116093015,0.9136284683068623,0.928283650290025,0.49635747723233653,8.076867772870818,4.999999999999994,0,0,39.45650358649362,31.146331674589078,0.0,0.0,False,77.0,0.9616829451540195,8,v0.5,0.3,2,0.7657541735279331,0.6521756537443126
True,1404.0,0.9870283802155616,0.8986674753743032,0.8982983563498788,0.4938093048090946,8.175643804554534,4.999999999999995,0,0,50.38425954202627,33.19535381496559,0.0,0.0,False,120.0,0.8861209964412812,15,v0.5,0.3,3,0.6715105855134887,0.5444385194092161
True,1416.0,0.9770912940687695,0.9087091492898618,0.9281280477312914,0.481205314303315,8.671875337931233,4.9999999999999885,0,0,41.52213486101909,32.883779804272834,0.0,0.0,False,129.0,0.8856739590684545,16,v0.5,0.3,4,0.7404595374799525,0.6125962089905125
True,1619.0,0.978881406713624,0.8591077234428893,0.9606854878515605,0.403622735019903,9.271501298625644,4.999999999999994,0,0,79.20833485286819,40.92389857074637,0.29444444444444445,0.0,False,122.0,0.9098765432098765,14,v0.5,0.3,5,0.9067655381551011,0.5888743413952107
True,1377.0,0.988663654314032,0.858741725532688,0.952634232078071,0.4778917299928441,9.721491030372773,4.999999999713369,0,0,62.53513591475457,43.20629506936584,0.01451378809869376,0.0,False,134.0,0.8889695210449927,13,v0.5,0.3,6,0.7656674156731376,0.5662424882541075
True,1281.0,0.9730861099090369,0.9033371258233267,0.9682508410465818,0.5003979324853465,8.063506761923236,4.999999999999993,0,0,39.23378829755982,31.648646167954407,0.0,0.0,False,104.0,0.8884555382215289,11,v0.5,0.3,7,0.774311913588523,0.6310463754137094
True,1208.0,0.9816146409251579,0.8467159781199219,0.91721140334924,0.5769306779910022,9.407061079412212,4.999999999810933,0,0,65.5798124067761,45.9503506681102,0.11910669975186104,0.0,False,49.0,0.9205955334987593,11,v0.5,0.3,8,0.8099921083812588,0.6101572043436229
True,1328.0,0.9849627553017011,0.7883833124710584,0.8884050777486452,0.5212055934624416,9.453534045960039,4.999999999999988,0,0,71.83225785955713,47.118122249362,0.0,0.0,False,122.0,0.9066967644845748,12,v0.5,0.3,9,0.7399394001011457,0.5645914840757603
True,1323.0,0.991289569121269,0.8638736150919185,0.9481311008534563,0.4989314452537165,8.660603924623286,4.99999999999999,0,0,84.51515589073647,46.2279775963968,0.3527190332326284,0.0,False,124.0,0.41918429003021146,15,v0.5,0.3,10,0.8202076612038873,0.6280524031960789
True,1337.0,0.9879132772469412,0.757895947889657,0.8491814851445615,0.5450139117928763,9.521422201017279,4.9999999999999805,0,0,104.65222722695015,70.75541632186585,0.24588938714499253,0.0,False,135.0,0.5298953662182362,14,v0.5,0.3,11,0.7141510171039077,0.4024800955536203
True,1261.0,0.9739831933078622,0.8564209691508988,0.9231453102617759,0.5501855327684606,8.960509018279009,4.999999999999997,0,0,66.18248945162574,40.33064208370522,0.0,0.0,False,41.0,0.45562599049128366,16,v0.5,0.3,12,0.7815515094048308,0.5239347978537257
True,1370.0,0.982536089400187,0.9109432177595599,0.9335243683625623,0.4887954240885593,8.289410041333964,4.999999996509342,0,0,43.4799122468771,32.816532846465954,0.0,0.0,False,316.0,0.7592997811816192,17,v0.5,0.3,13,0.6971784707143899,0.6218403842793304
True,1303.0,0.9883437361165411,0.8050929823032666,0.9175012317319993,0.5275604936898156,9.182989883667053,4.99999999999995,0,0,86.58234857975033,49.92857207182031,0.19401840490797545,0.0,False,93.0,0.870398773006135,12,v0.5,0.3,14,0.7953031423375713,0.6391678265329751
True,1320.0,0.9748360763464692,0.8964929528667022,0.9500864911312537,0.49972735794624673,8.024933345619248,4.999999999999991,0,0,39.86556846990209,31.173056838267474,0.0,0.0,False,36.0,0.8940196820590461,11,v0.5,0.3,15,0.7529398685019613,0.5909832311301644
True,1405.0,0.9758526794155351,0.902858410530191,0.9395634078137169,0.48609990851993756,8.4636472880011,4.999999999999992,0,0,42.28225700537659,32.52389366386113,0.0,0.0,False,50.0,0.9068278805120911,15,v0.5,0.3,16,0.8301426162763781,0.6441405606301693
False,,0.9719001390997611,0.6037567316056449,0.666902029615392,0.3247670717667326,9.021726547812614,4.9999999999999964,0,0,64.11500139447136,46.27901468044721,0.37166666666666665,0.0,True,45.0,0.9776666666666667,10,v0.5,0.3,17,0.5789691738979089,0.3628054050659239
True,1333.0,0.9676923826505938,0.9037684067306645,0.9462234463614333,0.49110853174813063,8.257324598564898,4.999999999999991,0,0,41.83192144046635,31.657954839248998,0.0,0.0,False,111.0,0.8905547226386806,9,v0.5,0.3,18,0.8543216513969273,0.7743710514543405
True,1333.0,0.9819506845456889,0.8374063583723879,0.8597255876011755,0.5465903556062758,8.56718860598827,4.999999999974973,0,0,85.24206309605066,49.46380814844064,0.004497751124437781,0.0,False,121.0,0.49325337331334335,16,v0.5,0.3,19,0.8129986842175576,0.7046575607828036
True,1311.0,0.9805739540703641,0.8973773391857145,0.9426808218259689,0.5124538435055622,8.47139177106065,4.999999982529762,0,0,50.34195912274544,32.877260735804725,0.09984756097560976,0.0,False,95.0,0.9001524390243902,12,v0.5,0.3,20,0.7953981728894828,0.6788570875073936
True,1365.0,0.9816442541620317,0.8896510839898665,0.9226725442528517,0.49885934116238634,8.36105194693065,4.999999999999995,0,0,44.064611848345855,33.61980042229883,0.0,0.0,False,90.0,0.8740849194729137,15,v0.5,0.3,21,0.814825687687935,0.6624213073593843
True,1298.0,0.9804320838695897,0.8696652185892316,0.9486167352533849,0.5052444085804673,8.497269327801773,4.9999999996200275,0,0,165.75806582582288,66.04166895591538,0.6889915319476521,0.0,False,75.0,0.43956889915319475,9,v0.5,0.3,22,0.7738079902622231,0.5927262299217011
True,1302.0,0.9731844204729592,0.9300658056737531,0.9617340061729077,0.49981095670947745,8.198045183413845,4.9999999999999964,0,0,38.13998687300732,30.39152323968805,0.0,0.0,False,99.0,0.8940905602455871,15,v0.5,0.3,23,0.8279922962792131,0.6567867245522279
True,1460.0,0.9836377394151746,0.822007066115509,0.87860254004144,0.49828363181048935,8.603707304762063,4.999999999999987,0,0,75.15871420985191,43.797989070438916,0.270362765229295,0.0,False,761.0,0.49623545516769335,16,v0.5,0.3,24,0.7582561377489656,0.7062193643338509
True,1336.0,0.9803548804743436,0.904243089694475,0.9464473468798428,0.5017937638442214,8.136778935185248,4.999999999999986,0,0,48.64548767977612,33.01046174533669,0.0,0.0,False,108.0,0.8399401645474944,13,v0.5,0.3,25,0.800727212515655,0.7440077231502952
True,1281.0,0.9825125362231202,0.895113836434414,0.9431248580402124,0.5171037364156543,8.245948818821887,4.999999999968926,0,0,36.61852696024147,30.85930607614599,0.0,0.0,False,62.0,0.9492979719188768,13,v0.5,0.3,26,0.819079299332509,0.5762807614556347
True,1522.0,0.9795156365192635,0.8352763545269462,0.8792891617635274,0.4643646619180942,8.97805973177478,4.999999999999993,0,0,81.40106828687082,45.109403354307624,0.3066316480630335,0.0,False,746.0,0.5134602757715037,17,v0.5,0.3,27,0.6761674987974248,0.5520343647674523
True,1461.0,0.9779730316318442,0.8414730011035262,0.8872861142404138,0.48519241535507124,8.552958498981548,4.999999999999989,0,0,56.35582096288413,35.009344936374525,0.0,0.0,False,62.0,0.8782489740082079,22,v0.5,0.3,28,0.8284449051069142,0.6763667457622217
False,,0.917771492796855,0.6229920987284068,0.6834126990698487,0.3460006576120015,9.038580932721148,4.999999999998498,0,0,384.46436242078414,175.8331505805003,0.717,0.0,True,47.0,0.965,8,v0.5,0.3,29,0.6337847315487527,0.5878356066482893
True,1352.0,0.9797915878703166,0.8292001674565164,0.8871512983792681,0.5360341850865137,8.346823244307958,4.999999999999996,0,0,70.14032668866813,40.804820863872926,0.13821138211382114,0.0,False,55.0,0.9120473022912047,15,v0.5,0.3,30,0.667518537775811,0.5717083600115063
True,1411.0,0.9737230898299943,0.8761408025245455,0.9358209874837686,0.4654431860566223,8.493130611489498,4.999999999999994,0,0,44.89921619503512,32.595797145714194,0.0,0.0,False,130.0,0.8604815864022662,13,v0.5,0.3,31,0.7294754747337349,0.6765621915745362
True,2506.0,0.990021236274136,0.6089735132771813,0.7563334426495283,0.350727224463153,8.981304932560588,4.999999999999977,0,0,275.82803783451897,128.12566562879346,0.6900678101316314,0.0,False,144.0,0.9337854008775429,16,v0.5,0.3,32,0.8826252702341095,0.6334140431387004
True,1644.0,0.9784971433272744,0.8554617357333713,0.8399487029678909,0.4807376919799599,8.204572752276379,4.999999999999994,0,0,49.66044303489738,34.03817462126066,0.0662613981762918,0.0,False,91.0,0.9270516717325228,11,v0.5,0.3,33,0.7770078750317941,0.6374233679493345
True,1395.0,0.9889791662962488,0.9167691685382366,0.9430495516520219,0.4951141931646393,8.041089456934312,4.999999999999994,0,0,43.95481543292366,31.91045301128428,0.0,0.0,False,105.0,0.8925501432664756,20,v0.5,0.3,34,0.8676828804739666,0.6918489824809766
True,1297.0,0.9884405896218534,0.843478926033274,0.9540908158808524,0.5082761492465224,9.468025898321011,4.999999982641878,0,0,92.0844253986503,54.01886881470853,0.4391371340523883,0.0,False,108.0,0.4530046224961479,11,v0.5,0.3,35,0.7669969753761051,0.535403115236357
True,1528.0,0.9799480308879539,0.8321469250568296,0.8788966594757536,0.47009815621734746,8.933623849130182,4.9999999999999964,0,0,54.08870422674609,36.82951275605646,0.0,0.0,False,47.0,0.9032047089601046,11,v0.5,0.3,36,0.7222420242005086,0.6366748862212683
True,1311.0,0.9845784864482305,0.8396515391062546,0.900573529519779,0.5616126673722005,8.76714541142523,4.999999999999995,0,0,66.57549900786718,41.455167703102234,0.1638719512195122,0.0,False,78.0,0.868140243902439,14,v0.5,0.3,37,0.7483793943944514,0.6530168970022989
True,1405.0,0.9836063448417147,0.8399621229135504,0.8882628998251365,0.5212183103693034,8.492426407048027,4.9999999999999964,0,0,61.07303914389666,38.23168847851088,0.0,0.0,False,80.0,0.9103840682788051,15,v0.5,0.3,38,0.6970517174679547,0.6267785617323867
True,1256.0,0.9772158474958608,0.8603421180648477,0.9432839103180167,0.5196717060627075,8.121600618634607,4.9999999999999964,0,0,62.32501363076091,35.229166868872525,0.23707239459029436,0.0,False,104.0,0.8822593476531424,13,v0.5,0.3,39,0.7566865816100824,0.6509538123412111
True,1633.0,0.9804825405401869,0.8493192565378186,0.9440743928874474,0.4110730125357964,9.353620619612002,4.999999957532476,0,0,46.11201535708528,35.689191872263,0.0,0.0,False,37.0,0.9626682986536108,10,v0.5,0.3,40,0.8777103974668059,0.5655729265702347
True,1355.0,0.9872411958207028,0.891454559327799,0.9201289195243432,0.5048033634628997,8.183130983361306,4.999999999999456,0,0,43.6979181622596,32.14979382356475,0.0,0.0,False,37.0,0.9026548672566371,15,v0.5,0.3,41,0.7769218138205427,0.6459415230992255
True,1248.0,0.9855953449613961,0.8688466366500327,0.9461285548217205,0.5299840942031404,8.46616922794359,4.999999999999817,0,0,77.97717148280971,42.45992435280782,0.2658126501200961,0.0,False,85.0,0.9015212169735789,13,v0.5,0.3,42,0.7815047759712059,0.5624543843954036
True,1333.0,0.9775668385453773,0.9070374679013455,0.9239760926843192,0.5113689332873069,8.004649288255258,4.999999999989678,0,0,39.34887472243407,30.513133782098148,0.0,0.0,False,5.0,0.9340329835082459,13,v0.5,0.3,43,0.8515459841157444,0.79302968903919
True,1419.0,0.970088986852345,0.895498059278971,0.9458971423473355,0.45560114918109934,8.521273363807223,4.999999999999991,0,0,41.72940516458157,32.719728377293244,0.0,0.0,False,109.0,0.8753521126760564,12,v0.5,0.3,44,0.8002029304291381,0.7010337030234501
True,1591.0,0.9816846415286232,0.7632570843529828,0.8915110984611985,0.4386435163541227,8.8610391185071,4.9999999999997495,0,0,219.37649805162084,73.55245996297326,0.6231155778894473,0.0,False,37.0,0.48743718592964824,13,v0.5,0.3,45,0.8444173551093443,0.8682210992231477
True,1409.0,0.9790876326755774,0.8142187956433351,0.9045246726952342,0.48643879926849926,8.01815812168126,4.999999999999476,0,0,47.84996743523933,36.48301610199644,0.07943262411347518,0.0,False,24.0,0.900709219858156,9,v0.5,0.3,46,0.6651632325736295,0.5775339365357413
True,1331.0,0.975017702921506,0.8822230733095737,0.9204269048766749,0.4959414658053639,8.153182721169312,4.999999999999996,0,0,61.52285820174893,35.54227360536657,0.19444444444444445,0.0,False,87.0,0.8783783783783784,9,v0.5,0.3,47,0.8472292565266566,0.7471340010571458
True,1292.0,0.979937969719782,0.9085698266502185,0.9463163080279141,0.5111307051571057,8.085188333358104,4.999999999999993,0,0,40.965632731852295,32.079609893441194,0.0,0.0,False,93.0,0.88553750966744,11,v0.5,0.3,48,0.8224648124553731,0.6501633301596118
True,1300.0,0.9685513873656119,0.8954097448571262,0.9391925287005006,0.5005802322017138,8.020430903497408,4.9999999999999964,0,0,38.949992548089156,31.158559871059456,0.0,0.0,False,90.0,0.8862413528055342,20,v0.5,0.3,49,0.8616358433677395,0.7246696925146452
True,1495.0,0.9812803887053704,0.8417556224922318,0.8759900406802775,0.4879802611883368,8.738085317340595,4.999999996705731,0,0,66.86789711565474,41.24342887354079,0.0,0.0,False,36.0,0.8763368983957219,15,v0.5,0.3,50,0.6963286126272199,0.6391950844885088
True,1425.0,0.9878533836271777,0.9224815680298901,0.9256901743751349,0.49404804791964574,8.099954821507078,4.999999999999993,0,0,41.84447427491249,31.018917743010316,0.0,0.0,False,47.0,0.9116409537166901,13,v0.5,0.3,51,0.8449871122464415,0.6578879172143876
True,1268.0,0.9848139621238065,0.8363394042542542,0.9189423399482783,0.5300244632105201,9.195048302922267,4.999999999999995,0,0,75.38020732177387,47.39295540443697,0.2789598108747045,0.0,False,14.0,0.9085894405043341,10,v0.5,0.3,52,0.8015546349114551,0.6060016594083442
True,1369.0,0.9875183160936685,0.8525744059003847,0.9491164716568495,0.48143793915081184,9.891550789856511,4.999999999999986,0,0,77.17943598675033,49.90293804658705,0.2846715328467153,0.0,False,103.0,0.9102189781021898,14,v0.5,0.3,53,0.8354884466530463,0.7136591082477306
True,1299.0,0.9709729315364535,0.9110363809502972,0.9615258894164218,0.49580730144492124,8.072122839732467,4.999999999999993,0,0,41.3351696565842,31.647828337423473,0.0,0.0,False,89.0,0.8807692307692307,16,v0.5,0.3,54,0.8465827501931094,0.6318482516610328
True,1314.0,0.9847682157104017,0.884976042463317,0.9313391503262644,0.5173013030144409,8.600052380146789,4.999999999999993,0,0,43.49507280996767,33.760612247652716,0.0,0.0,False,63.0,0.9186311787072243,14,v0.5,0.3,55,0.7975682767594294,0.566615389318936
True,1308.0,0.9755606794579663,0.8811417540002089,0.9360102420874947,0.509264464563411,8.181132094209476,4.999999999994831,0,0,51.176546515043945,33.11856222758225,0.0,0.0,False,19.0,0.946524064171123,6,v0.5,0.3,56,0.8598894098160857,0.5858218587309866
True,1445.0,0.9863694039942098,0.889355018303116,0.9461685858112807,0.46055495806530444,8.937547255199268,4.9999999999999805,0,0,51.51338163432644,34.755422810768515,0.0,0.0,False,23.0,0.9059474412171508,8,v0.5,0.3,57,0.8419870916670306,0.7462158669797669
True,1319.0,0.9867071428447568,0.8948307508846979,0.9331045943896833,0.5127134423041887,8.184087805877798,4.999999999999994,0,0,41.185570945095215,31.750188201477872,0.0,0.0,False,125.0,0.8992424242424243,11,v0.5,0.3,58,0.753736170965216,0.4476981563766933
True,1413.0,0.9771437495791268,0.8225246456563886,0.9048852089190736,0.4825940592002454,9.52905688331999,4.999999999999992,0,0,57.981180766113894,41.934238492660455,0.0,0.0,False,104.0,0.9101838755304101,13,v0.5,0.3,59,0.8957165978432843,0.6258845973135445
True,1358.0,0.9931595648695202,0.8264652655565857,0.9120732019752578,0.4991162656104609,8.926505692586105,4.9999999999999964,0,0,88.30457096723946,52.31784823928151,0.11626195732155997,0.0,False,71.0,0.5224429727740986,16,v0.5,0.3,60,0.7753751253456026,0.5466462316366189
True,1338.0,0.9868953860425866,0.914412229394826,0.9342555123655814,0.5008300123978409,8.097852695249863,4.999999999999996,0,0,41.963317356626504,32.43469378476355,0.0,0.0,False,107.0,0.9223300970873787,17,v0.5,0.3,61,0.7800064860843879,0.6409433761790176
True,1248.0,0.9786493520245122,0.8656387583398688,0.9457716560323645,0.5309926936427974,8.595952769515375,4.9999999999999964,0,0,62.80634911809198,38.64051916901196,0.17293835068054444,0.0,False,43.0,0.9415532425940752,13,v0.5,0.3,62,0.8622519226266587,0.6651543289901426
True,1537.0,0.9888334168945931,0.8323872146084179,0.8940156413314906,0.4679026509030559,8.882682345251995,4.999999999999986,0,0,70.78597292494473,41.171773895675216,0.0,0.0,False,103.0,0.8992197659297789,13,v0.5,0.3,63,0.7872849183363309,0.6233834092888468
True,1224.0,0.9908715303919033,0.8412601159184664,0.9362564208527837,0.5471001443855891,9.340672383221452,4.9999999999999964,0,0,88.4805181320413,52.806189194457886,0.12489795918367347,0.0,False,130.0,0.38448979591836735,13,v0.5,0.3,64,0.7782733408236461,0.5899367261649142
True,1375.0,0.9840448722081112,0.88051318542623,0.9062920209743878,0.5027554774853066,8.339551376207256,4.999999498199003,0,0,48.4351730687946,33.905551241623584,0.0,0.0,False,50.0,0.9069767441860465,11,v0.5,0.3,65,0.8074681494113063,0.6667564267009586
True,1332.0,0.9719960611011724,0.9150970907344764,0.9313592178134533,0.4998388985046719,8.026456155474719,4.999999999999995,0,0,43.038866991350176,31.54650675334841,0.0,0.0,False,608.0,0.5138784696174044,15,v0.5,0.3,66,0.7945938924946137,0.5915168930141116
True,1357.0,0.9782619408551686,0.9085874448677917,0.9187722179905514,0.4975787860972754,8.133865174630456,4.9999999999977875,0,0,42.39057851173276,32.28332637081533,0.0,0.0,False,171.0,0.8608247422680413,14,v0.5,0.3,67,0.8217659383639534,0.6717369879466643
True,1256.0,0.9974915098372416,0.8676577724771222,0.9502048335889022,0.5312863841180414,9.14836673796474,4.999999999999996,0,0,70.50550923623715,45.16882496769443,0.3229912490055688,0.0,False,11.0,0.48687350835322196,8,v0.5,0.3,68,0.742300380679365,0.5215474764708478
True,1395.0,0.9873101045079378,0.9096678741162567,0.9174837381147805,0.5047384391907901,8.033135070202873,4.999999999989558,0,0,38.796222493986754,30.36195900131244,0.0,0.0,False,36.0,0.9126074498567335,11,v0.5,0.3,69,0.8087827842053025,0.6892819197912436
True,1308.0,0.9798513160617002,0.8774205881631097,0.9412507087995042,0.5091297022164349,8.338835682926426,4.9999999999999964,0,0,47.579303501627074,34.31964884278843,0.0,0.0,False,124.0,0.907563025210084,16,v0.5,0.3,70,0.819133198293247,0.6347207234486075
True,1468.0,0.9835665471985313,0.811966813489117,0.8428886387263477,0.5787230508796009,8.892706757410771,4.999999999999994,0,0,70.08022408819158,42.34312576922296,0.1749489448604493,0.0,False,76.0,0.9278420694349898,9,v0.5,0.3,71,0.6736992623766596,0.5257538941063984
True,1332.0,0.9810438094208487,0.9095950042192579,0.9364581766341109,0.4980843272531531,8.33362589251092,4.999999999999994,0,0,44.984332927055306,36.12729044660663,0.0,0.0,False,59.0,0.9302325581395349,13,v0.5,0.3,72,0.8257884331702449,0.6013479195504543
True,1320.0,0.9889523529684898,0.8941384046162811,0.9267647596374214,0.5072247763686836,8.805328638298462,4.999999999999996,0,0,41.54273945842178,34.616945026791434,0.0,0.0,False,126.0,0.9144587433762301,18,v0.5,0.3,73,0.7661146825673388,0.5537243546828747
False,,0.9791708738104311,0.5907077523410179,0.6536386518486906,0.40133967255153347,8.86576955300791,4.9999999999999645,0,0,86.3268818054727,62.31806728040064,0.604,0.0,True,59.0,0.9583333333333334,14,v0.5,0.3,74,0.754686718247923,0.6309780783648131
True,1268.0,0.9853866148768075,0.8872369184431694,0.9365806178411985,0.5248579398417459,8.73940394452176,4.999999999981279,0,0,56.44799102092493,42.92504635696035,0.22458628841607564,0.0,False,125.0,0.8684003152088259,16,v0.5,0.3,75,0.7894449800030133,0.5496450866722137
True,1344.0,0.9825819013370576,0.9177499875973409,0.9517223039046903,0.5001046494015127,8.078611509086409,4.999999999999996,0,0,45.79362553166175,31.74602026574827,0.0,0.0,False,101.0,0.9100371747211896,9,v0.5,0.3,76,0.7868379858669674,0.5984798716598038
True,1291.0,0.9754295168049253,0.9026010632026021,0.9599369769456895,0.5003353281226444,8.168562233195491,4.999999999999995,0,0,41.55985389049546,32.36441717244163,0.0,0.0,False,46.0,0.9287925696594427,12,v0.5,0.3,77,0.8505423168687156,0.7496493901136987
True,1427.0,0.9895715146815345,0.8628750397780812,0.9306675858668316,0.4735050321143098,8.741799482352484,4.999999999999482,0,0,48.15741942152712,35.070098036357585,0.0,0.0,False,100.0,0.9005602240896359,10,v0.5,0.3,78,0.785588703278929,0.7905374360097702
True,1212.0,0.9923129943002695,0.8757023518062976,0.9333748622390173,0.552105951877087,8.424413001094488,4.999999999999996,0,0,124.75796615862016,56.5266603062713,0.651277823577906,0.0,False,427.0,0.12448474855729597,11,v0.5,0.3,79,0.809463810637246,0.6433437392427941
True,1411.0,0.9895714064193661,0.8889408919938246,0.9503495264106316,0.4704770213313437,8.679716826389303,4.99999999999946,0,0,65.99891341912053,41.213546899848424,0.0,0.0,False,21.0,0.5007082152974505,9,v0.5,0.3,80,0.8917670609997393,0.7091709624796018
True,1329.0,0.9738329508652039,0.9084218086218404,0.9425645410597732,0.49665661707734815,8.270359690737978,4.99999999999585,0,0,39.243690747835174,32.6024226456708,0.0,0.0,False,90.0,0.9090225563909774,13,v0.5,0.3,81,0.7140003468851197,0.5134201610365998
True,1306.0,0.9670244949881643,0.922305665418834,0.9597488810063908,0.4965562557381341,8.156682305953495,4.999999985700629,0,0,35.99856318873138,30.31507848181427,0.0,0.0,False,117.0,0.909716908951798,16,v0.5,0.3,82,0.8367434969465714,0.6890558187090945
False,,0.6974234589866644,0.6038833799527384,0.6145825345308883,0.5453529140241332,9.0731808681093,4.999999996422673,0,0,177.6072752882181,113.50864976798694,0.3913333333333333,0.0,True,100.0,0.20033333333333334,14,v0.5,0.3,83,0.3434344591127324,0.9205242306785705
True,1253.0,0.9855924833608712,0.8691208077588496,0.9473819291121359,0.5243895175684534,8.989629754020944,4.999999999999986,0,0,73.01105078890191,42.64351189871483,0.046251993620414676,0.0,False,78.0,0.45614035087719296,12,v0.5,0.3,84,0.8659214507085938,0.5971878279089835
True,1329.0,0.9727593266652421,0.889093190853472,0.937090705335029,0.49357367997665325,8.21045036163755,4.9999999999999885,0,0,38.670322161669596,31.32495633347713,0.0,0.0,False,123.0,0.8751879699248121,13,v0.5,0.3,85,0.805305514494613,0.6698159620933294
True,1500.0,0.9907656417581618,0.8428220382615567,0.8787880738504283,0.48969506246293454,8.644480001044103,4.999999999999996,0,0,48.77261485532201,33.55381865001702,0.0,0.0,False,42.0,0.9087275149900067,12,v0.5,0.3,86,0.8148916285859893,0.6401457206299602
True,1396.0,0.9856764357526219,0.8885695563037378,0.9169337562044182,0.4934858283421544,8.216895637098398,4.999999999999995,0,0,53.408783170975845,34.5981879977715,0.0,0.0,False,129.0,0.9148174659985684,14,v0.5,0.3,87,0.83592029558532,0.739180446372502
True,1342.0,0.9837228314324361,0.8536629690804171,0.9116900914757778,0.5095050644233042,8.513125823134795,4.999999999999996,0,0,47.29035813213563,34.775531826119725,0.0,0.0,False,20.0,0.9389426656738645,11,v0.5,0.3,88,0.8330576168198885,0.6181208324188454
True,1272.0,0.9699069154029357,0.8866698594087868,0.9511374318580429,0.5091648376567087,8.151918185447329,4.999999999999987,0,0,39.210925090082874,31.535090255980283,0.0,0.0,False,32.0,0.8994501178318932,15,v0.5,0.3,89,0.8523100856027414,0.6954878343927345
True,1652.0,0.9888860702285334,0.8568230950605992,0.9377042524979324,0.4078403240639087,9.110433173598139,4.999999999999987,0,0,60.63853139472831,42.58230901501618,0.0,0.0,False,228.0,0.8433151845130067,12,v0.5,0.3,90,0.8460534456676752,0.6478052369283976
True,1295.0,0.9708979453470274,0.9189206047599485,0.9369690481854271,0.5106515721386271,8.064334342827095,4.999999999999993,0,0,36.13210426614519,30.418022299372932,0.0,0.0,False,124.0,0.9004629629629629,14,v0.5,0.3,91,0.9175492487039698,0.805360180616925
True,1351.0,0.9802794546142529,0.877129677616175,0.9092556315359444,0.5202803894086069,8.335727091377434,4.9999999999999964,0,0,57.72507927844945,36.769507263117426,0.07544378698224852,0.0,False,91.0,0.9097633136094675,15,v0.5,0.3,92,0.7129941454286709,0.5364040667172187
True,1270.0,0.9670423242627605,0.9193247822815362,0.9630076716523326,0.5075845664010542,8.045665382064582,4.999999999999958,0,0,39.52562392941289,29.939366777562995,0.0,0.0,False,83.0,0.923682140047207,14,v0.5,0.3,93,0.8970568465037271,0.7324338557314136
True,1281.0,0.9725708992242681,0.8929447061750528,0.9495985920410349,0.5060174675080422,8.04234326290689,4.999999913560481,0,0,43.12372854890663,32.16363861707805,0.0,0.0,False,91.0,0.8876755070202809,8,v0.5,0.3,94,0.7975499012877443,0.6767580627607911
True,1360.0,0.9823213664317028,0.8470687620642913,0.9613414486402141,0.47864765076212745,9.329966318624809,4.999999999998326,0,0,83.8507056174964,43.129871495424844,0.33798677443056574,0.0,False,47.0,0.4908155767817781,13,v0.5,0.3,95,0.8271672642418993,0.5676768612877505
True,1361.0,0.9805611581007313,0.8665108755667571,0.931115514754989,0.4866098326141032,8.396856295749092,4.999999999999994,0,0,56.0922186325944,36.169163387325845,0.14757709251101322,0.0,False,118.0,0.8641703377386197,11,v0.5,0.3,96,0.7191512344383477,0.5998874268000702
True,1299.0,0.9700043885149285,0.9009350374981059,0.951729425378391,0.49688805343025344,8.220485740505307,4.999999999999989,0,0,40.0102726633923,31.541514246628108,0.0,0.0,False,88.0,0.9107692307692308,12,v0.5,0.3,97,0.7377467281804589,0.5630377497685788
True,1175.0,0.9839835002143467,0.8091161814242551,0.9142651538374241,0.5788321706491879,9.665614336635125,4.9999999999974385,0,0,103.19795679835413,65.25660897711366,0.039965986394557826,0.0,False,609.0,0.48299319727891155,13,v0.5,0.3,98,0.6399178400559098,0.4522860090960624
True,1333.0,0.9804537273301588,0.9275465113160389,0.9299386593788829,0.5043438584137481,8.050231647542219,4.99999999999934,0,0,39.131957837796364,30.217381414440315,0.0,0.0,False,61.0,0.9250374812593704,11,v0.5,0.3,99,0.8839455318525745,0.6906190115755281
True,1305.0,0.9776252986507454,0.8964622223040748,0.9636279828628277,0.4966222104198725,8.39363421326592,4.9999999999999964,0,0,39.483379073176465,31.64966806588906,0.0,0.0,False,86.0,0.9096477794793262,12,v0.6,0.3,0,0.9188800043982879,0.9063925066705146
True,1786.0,0.9748735568666156,0.7956250249226997,0.8591809522734506,0.41066164662208754,9.618448135013239,4.999999999999988,0,0,82.18210825172868,44.96896463029289,0.23614997202014548,0.0,False,96.0,0.8970341354224958,12,v0.6,0.3,1,0.7890510976788396,0.8132058101518193
True,1294.0,0.9748964866969776,0.8946462663033304,0.9537104100552011,0.5025806977775765,8.262753431705853,4.999999999999994,0,0,43.70198912080323,31.901001176540802,0.0,0.0,False,81.0,0.9158301158301159,11,v0.6,0.3,2,0.9364973867964413,0.9471169057945513
True,1360.0,0.9911913910662455,0.8356150680483615,0.88670566287416,0.5519398484451826,8.739758151421226,4.999999999999995,0,0,58.107657852827735,37.30454285391978,0.020573108008817047,0.0,False,57.0,0.9287288758265981,9,v0.6,0.3,3,0.8070037098536178,0.9552713831147134
True,1341.0,0.9784096135285024,0.8909876992028092,0.9476278263726373,0.4863543604524814,8.83129359199937,4.9999999999999885,0,0,39.55373398343522,33.08810873560977,0.0,0.0,False,189.0,0.8509687034277198,14,v0.6,0.3,4,0.8911398507763223,0.8725643542440008
True,1642.0,0.9737452394466546,0.8456979599343026,0.9056860344349775,0.4202777836262003,9.475466781247201,4.999999999999994,0,0,58.12061117961885,38.51091434446308,0.00852099817407182,0.0,False,128.0,0.9147900182592819,14,v0.6,0.3,5,0.8872198620022345,0.8739012421486247
True,1457.0,0.9742891989673036,0.882278560092513,0.9685159411658322,0.44162889176592485,8.759859610311322,4.999999999713369,0,0,42.77095287593754,33.98835706990756,0.0,0.0,False,760.0,0.48559670781893005,13,v0.6,0.3,6,0.9484638069675174,0.8945634308944035
True,1491.0,0.9796146614794764,0.7938640663096916,0.8077718093092173,0.5567157930479874,9.08731204014529,4.999999999999993,0,0,157.55779973042027,95.30684581000011,0.45777479892761397,0.0,False,1222.0,0.19436997319034852,8,v0.6,0.3,7,0.7756923242271228,0.8648888603004732
True,1249.0,0.9727280226068596,0.9140792593073109,0.951289221862828,0.517249574361227,8.330227859459276,4.999999999810933,0,0,40.73500071547911,31.602539292039967,0.0,0.0,False,11.0,0.9168,11,v0.6,0.3,8,0.8978264660224337,0.9246040590685628
True,1329.0,0.9890536520222788,0.8632228959323286,0.9610631415227433,0.49259516504049145,9.234680801094482,4.999999999999988,0,0,52.73353348005207,37.87886053922522,0.0,0.0,False,137.0,0.8864661654135338,14,v0.6,0.3,9,0.8460033906236991,0.8380735071819215
True,1259.0,0.9741516000343398,0.8940283308852165,0.9526434683270143,0.5152028318285136,8.27802520097868,4.99999999999999,0,0,41.85493236803064,31.423184116608315,0.0,0.0,False,302.0,0.7277777777777777,14,v0.6,0.3,10,0.9147307241666977,0.9444430073361202
True,1325.0,0.9724674013659019,0.8663286587168852,0.959079016496665,0.49311924303930776,8.252517003436617,4.9999999999999805,0,0,178.86223793629685,60.35921146980613,0.7413273001508296,0.0,False,131.0,0.41025641025641024,15,v0.6,0.3,11,0.8937848187550487,0.8689469588364129
True,1267.0,0.9864534376932043,0.9012745854225368,0.9501756720352169,0.5249602401760103,8.35693568609736,4.999999999999997,0,0,51.225140259323034,34.45212887060623,0.0,0.0,False,40.0,0.7705047318611987,18,v0.6,0.3,12,0.9347822346538849,0.944039016114767
True,1366.0,0.98394147270443,0.8724759946042774,0.9419500178266937,0.4846727929344989,8.539743603219057,4.999999996509342,0,0,45.471220554374504,33.413102449237186,0.0,0.0,False,68.0,0.8866130212143379,17,v0.6,0.3,13,0.9147448855471677,0.9119108425045005
True,1321.0,0.9858454607228875,0.8639604008930606,0.9581370654210751,0.493381948019186,9.462336184592727,4.99999999999995,0,0,58.99251777761281,40.51572534832292,0.0,0.0,False,105.0,0.5030257186081695,16,v0.6,0.3,14,0.8852224489691011,0.8291381588597817
True,1467.0,0.9797701415134052,0.8132158804240578,0.8666595536450932,0.5083268361469336,8.910249619509793,4.999999999999991,0,0,66.96443409173376,42.07023735178908,0.0,0.0,False,82.0,0.9380108991825613,12,v0.6,0.3,15,0.8348895328241184,0.9020276540311197
True,1388.0,0.9737312542749734,0.8501330957420756,0.9118601674332232,0.4978607052442176,8.251340676012425,4.999999999999992,0,0,199.01920118594407,63.29831097417118,0.7537796976241901,0.0,False,34.0,0.47516198704103674,13,v0.6,0.3,16,0.9054067106868995,0.9471863227828485
True,1655.0,0.9873189313640396,0.8016958669336646,0.8905953762626584,0.41992067708698483,9.40798161392814,4.967695173143241,0,4,67.23133097916183,41.81942100753101,0.20108695652173914,0.0,False,45.0,0.9269323671497585,15,v0.6,0.3,17,0.868327143375452,0.8289393573278241
True,1340.0,0.9721054420690521,0.8762979755196213,0.947145768662281,0.4861992642218282,8.221576870976152,4.999999999999991,0,0,40.513065640020315,32.00057213137491,0.0,0.0,False,109.0,0.8702460850111857,15,v0.6,0.3,18,0.8758513690959229,0.9179515548934059
True,1291.0,0.9875835461289545,0.8984970344700315,0.9532618063840195,0.508178746924141,8.499709136320584,4.999999999974973,0,0,40.514816314179846,31.41148018299326,0.0,0.0,False,117.0,0.8746130030959752,15,v0.6,0.3,19,0.8740538911562452,0.8833893988419783
True,1339.0,0.9832029697225197,0.8980819489488291,0.9607238258259094,0.48733220643372355,8.234437242140098,4.999999982529762,0,0,39.577847437084785,31.306915421732114,0.0,0.0,False,113.0,0.8791044776119403,15,v0.6,0.3,20,0.8430774121277669,0.8551178914093096
True,1358.0,0.9860628627686701,0.8715771579841601,0.9647243685238488,0.48000788970534314,9.011401291563182,4.999999999999995,0,0,89.84053454518259,45.106837198703445,0.48859455481972036,0.0,False,22.0,0.4974245768947756,11,v0.6,0.3,21,0.9078464325841593,0.865532855746876
True,1298.0,0.9867233575823299,0.8291580299920407,0.9034145292487695,0.541553221342587,8.649094615038322,4.9999999996200275,0,0,70.8298673987137,40.48701459777053,0.1886066204772902,0.0,False,98.0,0.8906851424172441,13,v0.6,0.3,22,0.881759973408773,0.9356764910924648
True,1638.0,0.9754540030925651,0.8710096732866164,0.9668804632996231,0.39459385117651746,9.376905138913433,4.9999999999999964,0,0,45.55410501193229,34.14083713273702,0.0,0.0,False,105.0,0.912751677852349,14,v0.6,0.3,23,0.8802006213655517,0.8119043659830798
True,1389.0,0.9731047609892831,0.8869031495109849,0.9101227162011581,0.4927021297666645,8.10231116925335,4.999999999999987,0,0,40.18299154272855,30.294408115035388,0.0,0.0,False,112.0,0.9151079136690647,14,v0.6,0.3,24,0.8994018214515629,0.9180770781341904
True,1303.0,0.9783345836076839,0.8926526499859865,0.9644588813313881,0.49590980327364714,8.63782295434163,4.999999999999986,0,0,45.790831737751155,33.862468539095524,0.0,0.0,False,75.0,0.9279141104294478,9,v0.6,0.3,25,0.9307173936624031,0.8408117411973517
True,1557.0,0.9857849858636824,0.792056261594351,0.8499824024911508,0.5361289750794677,9.151604602178397,4.999999999968926,0,0,64.73486785907205,39.193195112214106,0.17458279845956354,0.0,False,101.0,0.87997432605905,18,v0.6,0.3,26,0.7809673449737874,0.8359961922254241
True,1392.0,0.9794353933021932,0.8577257011310494,0.9241931268894955,0.48123832530734695,9.088937154926745,4.999999999999993,0,0,50.90624767074556,34.514890766703346,0.07681263460157932,0.0,False,878.0,0.40272792534099067,19,v0.6,0.3,27,0.7116944042593156,0.957171553993511
True,1337.0,0.9675458651673557,0.8760544509426752,0.9479719410171618,0.48305430670191485,8.301350137872415,4.999999999999989,0,0,38.28838065923283,31.55738060362179,0.0,0.0,False,84.0,0.8721973094170403,19,v0.6,0.3,28,0.869008919925429,0.9269767006940535
True,1233.0,0.9813272736363062,0.8135683717480081,0.9389654497181943,0.5351389926326141,9.104461270562073,4.999999999998498,0,0,77.84518776780976,48.5781194604108,0.0,0.0,False,60.0,0.8873581847649918,13,v0.6,0.3,29,0.8737972830336163,0.9364385546310126
True,1238.0,0.9787269434756464,0.8897822289194213,0.9427853947624204,0.5316425001669672,8.476415012526088,4.999999999999996,0,0,39.692977878725024,31.676903406606097,0.0,0.0,False,103.0,0.5012106537530266,16,v0.6,0.3,30,0.3541671501521427,0.5708422637236024
True,1247.0,0.9646923646419625,0.8890265259981566,0.967933548990102,0.5114433700265215,8.20236056879964,4.999999999999994,0,0,39.5512213300962,31.071842172719006,0.0,0.0,False,151.0,0.8309294871794872,12,v0.6,0.3,31,0.8998228042288402,0.914184202440357
True,1314.0,0.9841660435039655,0.8922260169105137,0.9521125469515296,0.5019871990135967,8.561989666024964,4.999999999999977,0,0,47.412207899842876,33.449996478887,0.0,0.0,False,37.0,0.8904942965779468,15,v0.6,0.3,32,0.8777076845085535,0.8892294622246424
True,1263.0,0.9833812688576969,0.8521923073470054,0.9532519484868843,0.5201416998881765,8.628035348441388,4.999999999999994,0,0,83.687969439556,49.926993377985056,0.18117088607594936,0.0,False,96.0,0.47943037974683544,15,v0.6,0.3,33,0.9143306639843621,0.914983973269474
False,,0.8925444840508185,0.6649559100522661,0.6485320994327385,0.5623674760172467,9.272631239793592,4.999999999999994,0,0,413.03090777939536,111.97487344185392,0.536,0.0,True,95.0,0.22233333333333333,15,v0.6,0.3,34,0.3673377941661823,0.7256058862096638
True,1275.0,0.990944803190025,0.8382896720011151,0.9407172815502713,0.5247937612141348,9.746397489571917,4.999999982641878,0,0,68.52263407109622,46.491203406905306,0.047021943573667714,0.0,False,44.0,0.9490595611285266,11,v0.6,0.3,35,0.8577222648268952,0.8875617730675095
True,1399.0,0.9860348710789479,0.8367531054326863,0.9489595000000474,0.47051305496395324,9.112421774340907,4.9999999999999964,0,0,180.87491803496258,68.60658783420814,0.5228571428571429,0.0,False,101.0,0.47214285714285714,9,v0.6,0.3,36,0.877165747290004,0.9448390684768934
True,1341.0,0.9744750640937966,0.8925776307317491,0.9478018816539151,0.4853495008201745,8.537082189534905,4.999999999999988,0,0,44.21254754638252,33.04381072653984,0.0,0.0,False,89.0,0.8882265275707899,10,v0.6,0.3,37,0.8897254593664827,0.9045121875057208
True,1297.0,0.9775870881208367,0.8782980830499578,0.9445194303999946,0.5069405088331008,8.288897194094748,4.9999999999999964,0,0,40.76940673381541,31.887171846501868,0.0,0.0,False,109.0,0.8852080123266564,12,v0.6,0.3,38,0.8983611966020514,0.9494494869600186
True,1310.0,0.9712388765188028,0.8920941847910523,0.9597456686745238,0.4950268944981882,8.07979224390762,4.9999999999999964,0,0,39.91726271334762,31.53930793030245,0.0,0.0,False,159.0,0.8665141113653699,15,v0.6,0.3,39,0.9275449303509311,0.9616623343195233
True,1311.0,0.972544918983266,0.9085154241456438,0.9740973812072634,0.48905404161156707,8.125458475284702,4.999999957532476,0,0,38.44775594596645,30.726831165410562,0.0,0.0,False,63.0,0.926829268292683,12,v0.6,0.3,40,0.9276974401365219,0.9420758536101419
True,1313.0,0.9781226315267055,0.8949184123566655,0.9577122052749402,0.4931067487231753,8.371111000362216,4.999999999999456,0,0,45.25273562039295,33.333174255413844,0.0,0.0,False,756.0,0.4284627092846271,11,v0.6,0.3,41,0.9107514299841529,0.9060382452584789
True,1248.0,0.9788360336314893,0.8695080319568137,0.9565952703598731,0.5187803432860045,8.164987954252648,4.999999999999817,0,0,74.49319113572794,39.850926978565376,0.2898318654923939,0.0,False,87.0,0.899119295436349,13,v0.6,0.3,42,0.9198528448855533,0.9592098133782301
True,1344.0,0.9791396146084401,0.8321328106940629,0.9102857309861078,0.5317659773639759,8.775376840472289,4.999999999989678,0,0,60.90203398498026,37.336681119398996,0.0,0.0,False,5.0,0.929368029739777,13,v0.6,0.3,43,0.8043808645475169,0.9421051327117974
True,1473.0,0.9868528818736126,0.8341749108531636,0.9337230988153441,0.45365315088264924,9.70840154892841,4.999999999999991,0,0,70.8603437297283,45.5142194812604,0.015603799185888738,0.0,False,112.0,0.5298507462686567,12,v0.6,0.3,44,0.8921189834094183,0.8098393611544712
True,1310.0,0.9691903681151924,0.8932512432205538,0.95382312621329,0.495058924139384,8.309581809937702,4.9999999999997495,0,0,38.55969631260856,31.343801131366444,0.0,0.0,False,32.0,0.9115179252479023,11,v0.6,0.3,45,0.8894211586811127,0.8910609622378325
True,1392.0,0.985517788212734,0.839291533069883,0.9440855552247165,0.47701654700488544,9.517318366156076,4.999999999999476,0,0,58.34725130891083,41.80948839902363,0.0,0.0,False,24.0,0.9253409906676239,9,v0.6,0.3,46,0.8793463164919794,0.8336205434806455
True,1511.0,0.9837238018460478,0.8174139783816268,0.8628187778675298,0.478923759295138,8.960159949602353,4.999999999999996,0,0,60.09079245816122,38.51302286356549,0.0,0.0,False,90.0,0.9113756613756614,11,v0.6,0.3,47,0.785163901555385,0.9195193212225667
True,1905.0,0.9783578729289967,0.5515578417068209,0.7619478245377043,0.4682400189430595,8.835439712681993,4.999999999999993,0,0,274.44262655451206,190.85087423379167,0.6479538300104932,0.0,False,90.0,0.7266526757607555,11,v0.6,0.3,48,0.762323062262899,0.8307535819074604
True,1303.0,0.9849616313685358,0.8784492392838784,0.948799015601835,0.5048074309163855,8.212936931363435,4.9999999999999964,0,0,43.15380211682283,32.5461452185567,0.0,0.0,False,80.0,0.8773006134969326,19,v0.6,0.3,49,0.9218865069733697,0.9377012618988481
True,1405.0,0.9812962990046614,0.8282584367805709,0.9021915427848034,0.5083459778213442,8.965022714878245,4.999999996705731,0,0,61.13147198241311,38.94312607805436,0.0021337126600284497,0.0,False,75.0,0.903271692745377,16,v0.6,0.3,50,0.778375540815232,0.9313533741675083
True,1310.0,0.9799430332687273,0.8949004432210144,0.9546265337907949,0.49691552280218654,8.101504497196604,4.999999999999993,0,0,43.254147709473955,32.160109192970346,0.0,0.0,False,28.0,0.9206712433257056,12,v0.6,0.3,51,0.8930217146365144,0.936864507518955
True,1397.0,0.9740761955675541,0.8653470162393291,0.9292941802607384,0.4784493261884688,8.87055434918039,4.999999999999995,0,0,71.38539646574091,42.34741064409533,0.382689556509299,0.0,False,14.0,0.43204577968526464,11,v0.6,0.3,52,0.7439732009286788,0.7499707552304338
True,1260.0,0.9760256585793533,0.8583161009103367,0.9574429079998936,0.5119774369369279,8.649002098216112,4.999999999999986,0,0,83.43524562623462,40.36081669899633,0.3576526566217288,0.0,False,106.0,0.8842188739095955,16,v0.6,0.3,53,0.9288899117342639,0.8826082481611199
True,2666.0,0.9723607398891724,0.7508388335474714,0.7057542073695211,0.3780934193204267,8.843375001599762,4.999999999999993,0,0,75.43365588874458,47.391902678390636,0.21222347206599176,0.0,False,95.0,0.756655418072741,15,v0.6,0.3,54,0.8189054362780023,0.7770826255441715
True,1520.0,0.9756331432650188,0.7936915349507733,0.8560993288008665,0.522420615564151,9.163628487704365,4.999999999999993,0,0,64.26706235408363,42.55193708321008,0.013806706114398421,0.0,False,119.0,0.9026955950032873,16,v0.6,0.3,55,0.7217820679146605,0.8971608826232129
True,1378.0,0.9865681142973572,0.8361052571454963,0.9383469688007747,0.48317624058720754,9.388774866601404,4.999999999994831,0,0,92.0299081887397,49.007964293342454,0.47280638143582304,0.0,False,19.0,0.5286439448875997,10,v0.6,0.3,56,0.8948985366602659,0.8525133373485991
True,1315.0,0.9759698894559115,0.8973845857326397,0.9498780075428616,0.4969458961574602,8.226661036989407,4.9999999999999805,0,0,41.35456977053127,32.10954566360372,0.0,0.0,False,23.0,0.8837386018237082,8,v0.6,0.3,57,0.860375012474484,0.9311800214613049
True,1462.0,0.9842395873922553,0.8763309824951515,0.9146406836213685,0.4726646694293722,8.506514814494901,4.999999999999994,0,0,39.138200424812936,31.142093269193534,0.0,0.0,False,22.0,0.922077922077922,14,v0.6,0.3,58,0.855703273053847,0.8464792875213127
True,1465.0,0.9867275768754173,0.8518993350141495,0.9218397804917519,0.4760378490856993,8.142456717944263,4.999999999999992,0,0,39.893637716296254,31.463278522406384,0.0,0.0,False,137.0,0.8867667121418826,13,v0.6,0.3,59,0.8694383145421212,0.8984826976762513
True,1696.0,0.9779419449434237,0.8588289696313819,0.8979908722737573,0.4092389663633738,9.503012695105237,4.9999999999999964,0,0,57.85043245992059,37.48198068698999,0.0,0.0,False,102.0,0.9027695934001179,18,v0.6,0.3,60,0.79942862629417,0.8353403002924076
True,1463.0,0.9728513104468282,0.8015343002801925,0.8613837588802125,0.5115278970626158,8.67110404683982,4.999999999999996,0,0,70.45814928828588,43.82687039140631,0.0,0.0,False,145.0,0.8770491803278688,15,v0.6,0.3,61,0.780121127492838,0.8898612807177378
True,1470.0,0.984683923475816,0.8869431331240724,0.9451241316000272,0.45693964844606166,8.591985116092966,4.9999999999999964,0,0,42.80792902283262,32.528968513211574,0.0,0.0,False,60.0,0.9564921821889871,13,v0.6,0.3,62,0.9459662674174911,0.9676494405479669
True,1229.0,0.9820162619651037,0.832887495981795,0.9441499704160395,0.5406808144764487,9.261993537931682,4.999999999999986,0,0,70.55481813815787,44.98215303169534,0.0,0.0,False,116.0,0.8813008130081301,12,v0.6,0.3,63,0.8998551905223128,0.9342590677734399
True,1227.0,0.986967070380234,0.8275476753859393,0.9330246213585635,0.5392227840570151,9.131988627249363,4.9999999999999964,0,0,94.07487697634315,51.05666698953991,0.499185667752443,0.0,False,110.0,0.42833876221498374,13,v0.6,0.3,64,0.8673717102286511,0.8807352324582035
True,1472.0,0.9807132353659621,0.874114636736266,0.9127100636020506,0.481478742985109,8.813871908584838,4.999999985454617,0,0,41.46772144220708,32.815379760120095,0.0,0.0,False,140.0,0.8886625933469111,11,v0.6,0.3,65,0.916675413498455,0.8632908050303139
True,1338.0,0.9765003939614485,0.8962059604084859,0.9683728368707386,0.48194874335716037,8.656535873734807,4.999999999999995,0,0,44.19268890022513,33.04734402542189,0.0,0.0,False,102.0,0.8857356235997013,14,v0.6,0.3,66,0.8699753974249398,0.8717050473107945
True,1323.0,0.9839963178792154,0.839083271851937,0.9256703561288546,0.50895188408535,9.29946787609226,4.9999999999977875,0,0,80.19064742300812,49.2802546189279,0.10347432024169184,0.0,False,108.0,0.4826283987915408,13,v0.6,0.3,67,0.8109930118814606,0.833690976907701
True,1423.0,0.9834257659824803,0.8543830062589681,0.9604350229990214,0.46253563405363707,9.178805094044067,4.999999999999996,0,0,150.74262379917374,57.22949056390525,0.5617977528089888,0.0,False,54.0,0.4922752808988764,9,v0.6,0.3,68,0.8934032878199797,0.8934481196561896
True,1311.0,0.9852258435132509,0.8888962481939494,0.9438711249544125,0.5010655495865867,8.385725563878973,4.999999999989558,0,0,37.759126171536,31.026334428638652,0.0,0.0,False,90.0,0.9100609756097561,6,v0.6,0.3,69,0.9048493005465524,0.9089519110996537
True,1358.0,0.9730368363792475,0.9025528566875373,0.9481833636344987,0.480103316012257,8.40949147390877,4.9999999999999964,0,0,38.2479740493115,31.123309386641235,0.0,0.0,False,121.0,0.9109639440765268,13,v0.6,0.3,70,0.9034589023950599,0.9226868905353683
True,1316.0,0.987281382705126,0.8485183635050946,0.9092993934514737,0.5314994603171548,8.879855450240807,4.999999999999994,0,0,56.853461225164004,37.7827818033237,0.0,0.0,False,10.0,0.8959757023538345,10,v0.6,0.3,71,0.7869602624161,0.9431734493693332
True,1347.0,0.9864694671364348,0.8441420042300567,0.9468941171376906,0.49064846880066953,9.585138102223485,4.999999999999994,0,0,67.31034083112412,43.16357824944906,0.0,0.0,False,115.0,0.5081602373887241,19,v0.6,0.3,72,0.8862870900921772,0.8041401291496162
True,1335.0,0.9698350974449699,0.896891526665309,0.9565478193812184,0.4830345341369433,8.457872810300715,4.999999999999996,0,0,37.24562788859761,31.07813059876659,0.0,0.0,False,140.0,0.8682634730538922,15,v0.6,0.3,73,0.8702258587516045,0.8819085762142009
True,1372.0,0.9754961696331113,0.8825466062051234,0.9260347040661625,0.4969074927122852,8.276123655072787,4.9999999999999645,0,0,40.71079680850544,31.745273861840552,0.0,0.0,False,93.0,0.9002184996358339,16,v0.6,0.3,74,0.904767609769702,0.913537563655933
True,1394.0,0.9901078890915607,0.8636863915598126,0.9324325600164981,0.4837630608479163,9.248190471569629,4.999999999981279,0,0,84.96993231843948,50.64415872886516,0.43799283154121865,0.0,False,120.0,0.4824372759856631,15,v0.6,0.3,75,0.8815258578678382,0.8959053675238853
True,1160.0,0.9883220292086432,0.826320559848671,0.9292166282669766,0.5782515155691497,9.128220319932584,4.999999999999996,0,0,90.52120930914195,52.72836656831052,0.0,0.0,False,90.0,0.9061154177433247,15,v0.6,0.3,76,0.8196391253593849,0.8647344713199547
True,1332.0,0.9751010668811918,0.9100469208039921,0.9482508366240658,0.4946500484502969,8.370289515993898,4.999999999999995,0,0,37.831300177079875,31.61266979732166,0.0,0.0,False,267.0,0.7824456114028507,14,v0.6,0.3,77,0.884799562153315,0.8952699461722701
True,1475.0,0.9798097468131296,0.8562860564485884,0.8924675725117454,0.46951690988455214,8.870990022274716,4.999999999999482,0,0,52.420953025550304,34.75251946282726,0.007452574525745257,0.0,False,93.0,0.8983739837398373,10,v0.6,0.3,78,0.8176772114374712,0.8896922337952968
True,1084.0,0.9753729907296083,0.8683025921467812,0.9543370345300618,0.6012067619253176,8.648775228480178,4.999999999999996,0,0,78.95411442172212,40.57938473368014,0.17880184331797236,0.0,False,,0.0,13,v0.6,0.3,79,0.48537736132981363,0.7184602027813173
True,1579.0,0.9754812786354011,0.8494637026591403,0.8939738632645419,0.44227465888968126,8.789252921430291,4.99999999999946,0,0,50.513602269131304,34.29592152014282,0.07531645569620253,0.0,False,21.0,0.9291139240506329,9,v0.6,0.3,80,0.8472181118903925,0.9228325505377017
True,1428.0,0.9876632891468784,0.8830416121081079,0.9332516421023718,0.4732574751347593,8.591071663253718,4.99999999999585,0,0,47.50859345063746,36.605882552393936,0.0,0.0,False,50.0,0.8817354793561931,10,v0.6,0.3,81,0.8643437907413036,0.8737095319956159
False,,0.9630652324957136,0.6186053507156772,0.6816071768676573,0.3922373284542883,8.592300954977173,4.999999985700629,0,0,242.53402477915523,161.41514144199587,0.5173333333333333,0.0,True,137.0,0.9403333333333334,13,v0.6,0.3,82,0.8258457155557194,0.9681644399384662
True,1372.0,0.9749278556451645,0.8903151695253463,0.9442485493728502,0.47482862429138717,8.44399293675132,4.999999996422673,0,0,42.20995184810978,32.98846219456049,0.0,0.0,False,124.0,0.8776402039329935,13,v0.6,0.3,83,0.895241342552638,0.8709154745319312
True,1085.0,0.9935991556711703,0.7949084395539394,0.9259712803904648,0.6188825839636036,9.809479663661962,4.999999999999986,0,0,115.10462132031195,63.42539824108601,0.45119705340699817,0.0,False,84.0,0.9014732965009208,12,v0.6,0.3,84,0.9094809308330338,0.9052731713206044
False,,0.9219858724513851,0.6727953317518193,0.6869140031581595,0.3571205734806269,8.226473995965971,4.9999999999999885,0,0,693.7346720000733,167.72219561412214,0.929,0.0,True,141.0,0.9366666666666666,10,v0.6,0.3,85,0.9193348645156145,0.941791436797162
True,1394.0,0.9730458887540007,0.8787186465256558,0.9177871817130523,0.48854727308163126,7.974621624686194,4.999999999999996,0,0,39.24663864300818,30.275854452854695,0.0,0.0,False,86.0,0.850179211469534,13,v0.6,0.3,86,0.9101037521411048,0.917042248997503
True,1301.0,0.9730868842711997,0.8839614422583817,0.9512109917237578,0.5006706003960752,8.1860123431568,4.999999999999995,0,0,51.368831338082764,33.52103771762131,0.0,0.0,False,32.0,0.9101382488479263,13,v0.6,0.3,87,0.9106174009430683,0.9447770693708036
True,1352.0,0.9890637895753772,0.8290287592308739,0.9183102701242828,0.49960958704471853,8.92025400495425,4.999999999999996,0,0,79.34885455494589,48.13966763128334,0.2025129342202513,0.0,False,85.0,0.9186991869918699,14,v0.6,0.3,88,0.8473616993107778,0.835662848112039
True,1312.0,0.9838492348537253,0.8794912100470473,0.9498477723376009,0.5008824098726328,8.418546437948967,4.999999999999987,0,0,42.45794090069324,32.68548063046003,0.0,0.0,False,99.0,0.9116527037319117,13,v0.6,0.3,89,0.9006147122745272,0.9520319204568177
True,1306.0,0.9748412461772671,0.8828814799194278,0.9634774857811217,0.49370672361837403,8.629775180775162,4.999999999999987,0,0,43.02479822847199,33.13942897918453,0.0,0.0,False,119.0,0.8745218056618209,12,v0.6,0.3,90,0.9146365763144387,0.9385781839846414
True,1642.0,0.9948977841406755,0.8602565590473679,0.8523325590522507,0.5152435925981137,8.954982673825123,4.999999999999993,0,0,56.46272181940094,39.057646691793316,0.0,0.0,False,53.0,0.4309190505173463,12,v0.6,0.3,91,0.8057399192171298,0.9020923992058204
True,1431.0,0.9822303696007798,0.8489198788693114,0.9082580977120948,0.4987122208841756,8.562482633647312,4.9999999999999964,0,0,49.75989924873679,33.971413623502315,0.0,0.0,False,59.0,0.9504189944134078,12,v0.6,0.3,92,0.8560231148397389,0.9475485221483918
True,1541.0,0.9874077888919927,0.8023807052645187,0.8565925796625354,0.5453210032224612,8.976718591388778,4.999999999999958,0,0,69.29675582972078,40.05541218600812,0.2911802853437095,0.0,False,140.0,0.8929961089494164,13,v0.6,0.3,93,0.8217733815478877,0.8967284665380529
True,1277.0,0.9760494910651902,0.8943218766177249,0.957050516643334,0.5080342880199047,8.316383998595176,4.999999913560481,0,0,42.815825866607675,32.82335473022955,0.0,0.0,False,96.0,0.8779342723004695,11,v0.6,0.3,94,0.9105032620137997,0.9490618591188148
True,1166.0,0.9849944571992169,0.7993285747793817,0.9372736777641111,0.5656588884968428,9.678143944967767,4.999999999998326,0,0,124.92996491443718,70.20766550293014,0.508140531276778,0.0,False,47.0,0.6083976006855184,11,v0.6,0.3,95,0.8958292949992928,0.8764783960239347
True,1624.0,0.9769814061672228,0.8138461209243041,0.9229285713208173,0.4136245148087278,9.250304266754675,4.999999999997952,0,0,74.3750483998941,43.09972957777997,0.23692307692307693,0.0,False,98.0,0.9212307692307692,13,v0.6,0.3,96,0.903466433511517,0.8840128106196675
True,1342.0,0.9950981305501282,0.9118643157403322,0.9582776176035273,0.5009190513334152,8.345123496891947,4.999999999999989,0,0,42.546472183675874,31.914199913613647,0.0,0.0,False,86.0,0.9113924050632911,12,v0.6,0.3,97,0.9172955319986537,0.8821550140171357
True,1408.0,0.9880141049423244,0.8323628246354853,0.8907780259713269,0.5246268175114852,8.926283993774103,4.9999999999974385,0,0,54.04594381451747,36.468657522856425,0.0,0.0,False,138.0,0.8878637331440739,16,v0.6,0.3,98,0.75653757272138,0.8570272887216557
True,1217.0,0.9852467714365956,0.8280427495111065,0.9230521963538715,0.5470848181576453,9.58849251142077,4.99999999999934,0,0,69.9384807623543,47.49674090140856,0.0,0.0,False,130.0,0.8891625615763546,11,v0.6,0.3,99,0.8569607637092954,0.8998384683413873
